{"type":"FeatureCollection","features":[{"type":"Feature","geometry":{"type":"Point","coordinates":[77.05882,11.7973]},"properties":{"cell_id":13163,"case_count":1,"gi_zscore":-0.1025,"gi_pvalue":0.094,"significance":"cold_90"}},{"type":"Feature","geometry":{"type":"Point","coordinates":[76.69412,11.80631]},"properties":{"cell_id":13523,"case_count":2,"gi_zscore":-0.101,"gi_pvalue":0.094,"significance":"cold_90"}},{"type":"Feature","geometry":{"type":"Point","coordinates":[76.62353,11.81532]},"properties":{"cell_id":13908,"case_count":2,"gi_zscore":-0.101,"gi_pvalue":0.094,"significance":"cold_90"}},{"type":"Feature","geometry":{"type":"Point","coordinates":[76.68235,11.81532]},"properties":{"cell_id":13913,"case_count":2,"gi_zscore":-0.101,"gi_pvalue":0.094,"significance":"cold_90"}},{"type":"Feature","geometry":{"type":"Point","coordinates":[76.69412,11.81532]},"properties":{"cell_id":13914,"case_count":1,"gi_zscore":-0.101,"gi_pvalue":0.187,"significance":"not_sig"}},{"type":"Feature","geometry":{"type":"Point","coordinates":[76.69412,11.82432]},"properties":{"cell_id":14305,"case_count":1,"gi_zscore":-0.101,"gi_pvalue":0.187,"significance":"not_sig"}},{"type":"Feature","geometry":{"type":"Point","coordinates":[76.8,11.82432]},"properties":{"cell_id":14314,"case_count":1,"gi_zscore":-0.101,"gi_pvalue":0.187,"significance":"not_sig"}},{"type":"Feature","geometry":{"type":"Point","coordinates":[76.68235,11.83333]},"properties":{"cell_id":14695,"case_count":1,"gi_zscore":-0.101,"gi_pvalue":0.187,"significance":"not_sig"}},{"type":"Feature","geometry":{"type":"Point","coordinates":[76.67059,11.85135]},"properties":{"cell_id":15476,"case_count":1,"gi_zscore":-0.101,"gi_pvalue":0.187,"significance":"not_sig"}},{"type":"Feature","geometry":{"type":"Point","coordinates":[76.92941,11.92342]},"properties":{"cell_id":18626,"case_count":1,"gi_zscore":-0.1025,"gi_pvalue":0.094,"significance":"cold_90"}},{"type":"Feature","geometry":{"type":"Point","coordinates":[76.94118,11.92342]},"properties":{"cell_id":18627,"case_count":2,"gi_zscore":-0.1025,"gi_pvalue":0.028,"significance":"cold_95"}},{"type":"Feature","geometry":{"type":"Point","coordinates":[76.94118,11.93243]},"properties":{"cell_id":19018,"case_count":1,"gi_zscore":-0.1025,"gi_pvalue":0.094,"significance":"cold_90"}},{"type":"Feature","geometry":{"type":"Point","coordinates":[76.95294,11.93243]},"properties":{"cell_id":19019,"case_count":1,"gi_zscore":-0.1025,"gi_pvalue":0.094,"significance":"cold_90"}},{"type":"Feature","geometry":{"type":"Point","coordinates":[76.96471,11.93243]},"properties":{"cell_id":19020,"case_count":1,"gi_zscore":-0.1025,"gi_pvalue":0.094,"significance":"cold_90"}},{"type":"Feature","geometry":{"type":"Point","coordinates":[76.67059,11.94144]},"properties":{"cell_id":19386,"case_count":1,"gi_zscore":-0.1025,"gi_pvalue":0.171,"significance":"not_sig"}},{"type":"Feature","geometry":{"type":"Point","coordinates":[76.98824,11.96847]},"properties":{"cell_id":20586,"case_count":2,"gi_zscore":-0.1039,"gi_pvalue":0.028,"significance":"cold_95"}},{"type":"Feature","geometry":{"type":"Point","coordinates":[77.03529,11.97748]},"properties":{"cell_id":20981,"case_count":1,"gi_zscore":-0.1025,"gi_pvalue":0.094,"significance":"cold_90"}},{"type":"Feature","geometry":{"type":"Point","coordinates":[76.54118,11.98649]},"properties":{"cell_id":21330,"case_count":1,"gi_zscore":-0.101,"gi_pvalue":0.188,"significance":"not_sig"}},{"type":"Feature","geometry":{"type":"Point","coordinates":[77.04706,11.98649]},"properties":{"cell_id":21373,"case_count":1,"gi_zscore":-0.1025,"gi_pvalue":0.094,"significance":"cold_90"}},{"type":"Feature","geometry":{"type":"Point","coordinates":[74.0,11.9955]},"properties":{"cell_id":21505,"case_count":3,"gi_zscore":-0.0789,"gi_pvalue":0.252,"significance":"not_sig"}},{"type":"Feature","geometry":{"type":"Point","coordinates":[76.96471,11.9955]},"properties":{"cell_id":21757,"case_count":1,"gi_zscore":-0.1025,"gi_pvalue":0.094,"significance":"cold_90"}},{"type":"Feature","geometry":{"type":"Point","coordinates":[77.0,11.9955]},"properties":{"cell_id":21760,"case_count":1,"gi_zscore":-0.1025,"gi_pvalue":0.094,"significance":"cold_90"}},{"type":"Feature","geometry":{"type":"Point","coordinates":[77.04706,11.9955]},"properties":{"cell_id":21764,"case_count":2,"gi_zscore":-0.1025,"gi_pvalue":0.028,"significance":"cold_95"}},{"type":"Feature","geometry":{"type":"Point","coordinates":[76.4,12.0045]},"properties":{"cell_id":22100,"case_count":3,"gi_zscore":-0.101,"gi_pvalue":0.095,"significance":"cold_90"}},{"type":"Feature","geometry":{"type":"Point","coordinates":[77.25882,12.0045]},"properties":{"cell_id":22173,"case_count":2,"gi_zscore":-0.1039,"gi_pvalue":0.028,"significance":"cold_95"}},{"type":"Feature","geometry":{"type":"Point","coordinates":[77.4,12.0045]},"properties":{"cell_id":22185,"case_count":1,"gi_zscore":-0.1039,"gi_pvalue":0.095,"significance":"cold_90"}},{"type":"Feature","geometry":{"type":"Point","coordinates":[77.41176,12.0045]},"properties":{"cell_id":22186,"case_count":1,"gi_zscore":-0.1039,"gi_pvalue":0.095,"significance":"cold_90"}},{"type":"Feature","geometry":{"type":"Point","coordinates":[76.04706,12.01351]},"properties":{"cell_id":22461,"case_count":1,"gi_zscore":-0.098,"gi_pvalue":0.352,"significance":"not_sig"}},{"type":"Feature","geometry":{"type":"Point","coordinates":[76.29412,12.01351]},"properties":{"cell_id":22482,"case_count":1,"gi_zscore":-0.0966,"gi_pvalue":0.47,"significance":"not_sig"}},{"type":"Feature","geometry":{"type":"Point","coordinates":[76.55294,12.01351]},"properties":{"cell_id":22504,"case_count":1,"gi_zscore":-0.1039,"gi_pvalue":0.028,"significance":"cold_95"}},{"type":"Feature","geometry":{"type":"Point","coordinates":[76.98824,12.01351]},"properties":{"cell_id":22541,"case_count":1,"gi_zscore":-0.101,"gi_pvalue":0.187,"significance":"not_sig"}},{"type":"Feature","geometry":{"type":"Point","coordinates":[75.98824,12.02252]},"properties":{"cell_id":22847,"case_count":1,"gi_zscore":-0.1025,"gi_pvalue":0.095,"significance":"cold_90"}},{"type":"Feature","geometry":{"type":"Point","coordinates":[77.25882,12.02252]},"properties":{"cell_id":22955,"case_count":1,"gi_zscore":-0.1039,"gi_pvalue":0.095,"significance":"cold_90"}},{"type":"Feature","geometry":{"type":"Point","coordinates":[76.8,12.03153]},"properties":{"cell_id":23307,"case_count":1,"gi_zscore":-0.101,"gi_pvalue":0.187,"significance":"not_sig"}},{"type":"Feature","geometry":{"type":"Point","coordinates":[77.58824,12.03153]},"properties":{"cell_id":23374,"case_count":3,"gi_zscore":-0.0833,"gi_pvalue":0.297,"significance":"not_sig"}},{"type":"Feature","geometry":{"type":"Point","coordinates":[75.97647,12.04054]},"properties":{"cell_id":23628,"case_count":1,"gi_zscore":-0.1039,"gi_pvalue":0.028,"significance":"cold_95"}},{"type":"Feature","geometry":{"type":"Point","coordinates":[76.58824,12.04054]},"properties":{"cell_id":23680,"case_count":1,"gi_zscore":-0.1025,"gi_pvalue":0.095,"significance":"cold_90"}},{"type":"Feature","geometry":{"type":"Point","coordinates":[76.92941,12.04054]},"properties":{"cell_id":23709,"case_count":2,"gi_zscore":-0.1025,"gi_pvalue":0.028,"significance":"cold_95"}},{"type":"Feature","geometry":{"type":"Point","coordinates":[76.97647,12.04054]},"properties":{"cell_id":23713,"case_count":1,"gi_zscore":-0.1025,"gi_pvalue":0.095,"significance":"cold_90"}},{"type":"Feature","geometry":{"type":"Point","coordinates":[75.95294,12.05856]},"properties":{"cell_id":24408,"case_count":1,"gi_zscore":-0.1039,"gi_pvalue":0.028,"significance":"cold_95"}},{"type":"Feature","geometry":{"type":"Point","coordinates":[76.90588,12.05856]},"properties":{"cell_id":24489,"case_count":1,"gi_zscore":-0.1039,"gi_pvalue":0.095,"significance":"cold_90"}},{"type":"Feature","geometry":{"type":"Point","coordinates":[77.04706,12.05856]},"properties":{"cell_id":24501,"case_count":1,"gi_zscore":-0.1025,"gi_pvalue":0.095,"significance":"cold_90"}},{"type":"Feature","geometry":{"type":"Point","coordinates":[76.51765,12.06757]},"properties":{"cell_id":24847,"case_count":1,"gi_zscore":-0.101,"gi_pvalue":0.185,"significance":"not_sig"}},{"type":"Feature","geometry":{"type":"Point","coordinates":[77.44706,12.06757]},"properties":{"cell_id":24926,"case_count":1,"gi_zscore":-0.1039,"gi_pvalue":0.028,"significance":"cold_95"}},{"type":"Feature","geometry":{"type":"Point","coordinates":[77.55294,12.06757]},"properties":{"cell_id":24935,"case_count":1,"gi_zscore":-0.0833,"gi_pvalue":0.253,"significance":"not_sig"}},{"type":"Feature","geometry":{"type":"Point","coordinates":[77.07059,12.07658]},"properties":{"cell_id":25285,"case_count":2,"gi_zscore":-0.1025,"gi_pvalue":0.029,"significance":"cold_95"}},{"type":"Feature","geometry":{"type":"Point","coordinates":[76.55294,12.08559]},"properties":{"cell_id":25632,"case_count":1,"gi_zscore":-0.1025,"gi_pvalue":0.095,"significance":"cold_90"}},{"type":"Feature","geometry":{"type":"Point","coordinates":[77.68235,12.08559]},"properties":{"cell_id":25728,"case_count":1,"gi_zscore":-0.0833,"gi_pvalue":0.253,"significance":"not_sig"}},{"type":"Feature","geometry":{"type":"Point","coordinates":[76.32941,12.09459]},"properties":{"cell_id":26004,"case_count":2,"gi_zscore":-0.101,"gi_pvalue":0.095,"significance":"cold_90"}},{"type":"Feature","geometry":{"type":"Point","coordinates":[77.0,12.09459]},"properties":{"cell_id":26061,"case_count":1,"gi_zscore":-0.1039,"gi_pvalue":0.094,"significance":"cold_90"}},{"type":"Feature","geometry":{"type":"Point","coordinates":[77.05882,12.09459]},"properties":{"cell_id":26066,"case_count":1,"gi_zscore":-0.1025,"gi_pvalue":0.094,"significance":"cold_90"}},{"type":"Feature","geometry":{"type":"Point","coordinates":[77.47059,12.09459]},"properties":{"cell_id":26101,"case_count":1,"gi_zscore":-0.1039,"gi_pvalue":0.029,"significance":"cold_95"}},{"type":"Feature","geometry":{"type":"Point","coordinates":[77.55294,12.09459]},"properties":{"cell_id":26108,"case_count":1,"gi_zscore":-0.0833,"gi_pvalue":0.253,"significance":"not_sig"}},{"type":"Feature","geometry":{"type":"Point","coordinates":[77.56471,12.09459]},"properties":{"cell_id":26109,"case_count":2,"gi_zscore":-0.0833,"gi_pvalue":0.282,"significance":"not_sig"}},{"type":"Feature","geometry":{"type":"Point","coordinates":[77.6,12.09459]},"properties":{"cell_id":26112,"case_count":13,"gi_zscore":-0.0833,"gi_pvalue":0.184,"significance":"not_sig"}},{"type":"Feature","geometry":{"type":"Point","coordinates":[75.97647,12.1036]},"properties":{"cell_id":26365,"case_count":2,"gi_zscore":-0.1039,"gi_pvalue":0.029,"significance":"cold_95"}},{"type":"Feature","geometry":{"type":"Point","coordinates":[76.6,12.1036]},"properties":{"cell_id":26418,"case_count":1,"gi_zscore":-0.1025,"gi_pvalue":0.094,"significance":"cold_90"}},{"type":"Feature","geometry":{"type":"Point","coordinates":[76.67059,12.1036]},"properties":{"cell_id":26424,"case_count":2,"gi_zscore":-0.1025,"gi_pvalue":0.029,"significance":"cold_95"}},{"type":"Feature","geometry":{"type":"Point","coordinates":[77.49412,12.1036]},"properties":{"cell_id":26494,"case_count":1,"gi_zscore":-0.0863,"gi_pvalue":0.299,"significance":"not_sig"}},{"type":"Feature","geometry":{"type":"Point","coordinates":[75.48235,12.11261]},"properties":{"cell_id":26714,"case_count":1,"gi_zscore":-0.1039,"gi_pvalue":0.094,"significance":"cold_90"}},{"type":"Feature","geometry":{"type":"Point","coordinates":[76.05882,12.11261]},"properties":{"cell_id":26763,"case_count":1,"gi_zscore":-0.0966,"gi_pvalue":0.471,"significance":"not_sig"}},{"type":"Feature","geometry":{"type":"Point","coordinates":[76.44706,12.11261]},"properties":{"cell_id":26796,"case_count":1,"gi_zscore":-0.0995,"gi_pvalue":0.313,"significance":"not_sig"}},{"type":"Feature","geometry":{"type":"Point","coordinates":[76.67059,12.11261]},"properties":{"cell_id":26815,"case_count":1,"gi_zscore":-0.1025,"gi_pvalue":0.094,"significance":"cold_90"}},{"type":"Feature","geometry":{"type":"Point","coordinates":[77.08235,12.11261]},"properties":{"cell_id":26850,"case_count":1,"gi_zscore":-0.0907,"gi_pvalue":0.401,"significance":"not_sig"}},{"type":"Feature","geometry":{"type":"Point","coordinates":[75.11765,12.12162]},"properties":{"cell_id":27074,"case_count":14,"gi_zscore":-0.0863,"gi_pvalue":0.029,"significance":"cold_95"}},{"type":"Feature","geometry":{"type":"Point","coordinates":[76.01176,12.12162]},"properties":{"cell_id":27150,"case_count":1,"gi_zscore":-0.101,"gi_pvalue":0.184,"significance":"not_sig"}},{"type":"Feature","geometry":{"type":"Point","coordinates":[76.05882,12.12162]},"properties":{"cell_id":27154,"case_count":2,"gi_zscore":-0.0966,"gi_pvalue":0.399,"significance":"not_sig"}},{"type":"Feature","geometry":{"type":"Point","coordinates":[76.11765,12.12162]},"properties":{"cell_id":27159,"case_count":4,"gi_zscore":-0.0966,"gi_pvalue":0.253,"significance":"not_sig"}},{"type":"Feature","geometry":{"type":"Point","coordinates":[76.16471,12.12162]},"properties":{"cell_id":27163,"case_count":1,"gi_zscore":-0.0966,"gi_pvalue":0.472,"significance":"not_sig"}},{"type":"Feature","geometry":{"type":"Point","coordinates":[76.58824,12.12162]},"properties":{"cell_id":27199,"case_count":2,"gi_zscore":-0.1025,"gi_pvalue":0.029,"significance":"cold_95"}},{"type":"Feature","geometry":{"type":"Point","coordinates":[76.68235,12.12162]},"properties":{"cell_id":27207,"case_count":1,"gi_zscore":-0.1025,"gi_pvalue":0.093,"significance":"cold_90"}},{"type":"Feature","geometry":{"type":"Point","coordinates":[76.98824,12.12162]},"properties":{"cell_id":27233,"case_count":1,"gi_zscore":-0.1054,"gi_pvalue":0.029,"significance":"cold_95"}},{"type":"Feature","geometry":{"type":"Point","coordinates":[77.0,12.12162]},"properties":{"cell_id":27234,"case_count":1,"gi_zscore":-0.1054,"gi_pvalue":0.029,"significance":"cold_95"}},{"type":"Feature","geometry":{"type":"Point","coordinates":[77.11765,12.12162]},"properties":{"cell_id":27244,"case_count":1,"gi_zscore":-0.0922,"gi_pvalue":0.441,"significance":"not_sig"}},{"type":"Feature","geometry":{"type":"Point","coordinates":[77.23529,12.12162]},"properties":{"cell_id":27254,"case_count":1,"gi_zscore":-0.1054,"gi_pvalue":0.029,"significance":"cold_95"}},{"type":"Feature","geometry":{"type":"Point","coordinates":[77.45882,12.12162]},"properties":{"cell_id":27273,"case_count":1,"gi_zscore":-0.1039,"gi_pvalue":0.029,"significance":"cold_95"}},{"type":"Feature","geometry":{"type":"Point","coordinates":[76.95294,12.13063]},"properties":{"cell_id":27621,"case_count":1,"gi_zscore":-0.101,"gi_pvalue":0.183,"significance":"not_sig"}},{"type":"Feature","geometry":{"type":"Point","coordinates":[77.22353,12.13063]},"properties":{"cell_id":27644,"case_count":1,"gi_zscore":-0.1054,"gi_pvalue":0.029,"significance":"cold_95"}},{"type":"Feature","geometry":{"type":"Point","coordinates":[77.23529,12.13063]},"properties":{"cell_id":27645,"case_count":1,"gi_zscore":-0.1054,"gi_pvalue":0.029,"significance":"cold_95"}},{"type":"Feature","geometry":{"type":"Point","coordinates":[75.91765,12.13964]},"properties":{"cell_id":27924,"case_count":1,"gi_zscore":-0.0995,"gi_pvalue":0.312,"significance":"not_sig"}},{"type":"Feature","geometry":{"type":"Point","coordinates":[77.22353,12.13964]},"properties":{"cell_id":28035,"case_count":1,"gi_zscore":-0.1054,"gi_pvalue":0.029,"significance":"cold_95"}},{"type":"Feature","geometry":{"type":"Point","coordinates":[75.97647,12.14865]},"properties":{"cell_id":28320,"case_count":1,"gi_zscore":-0.098,"gi_pvalue":0.352,"significance":"not_sig"}},{"type":"Feature","geometry":{"type":"Point","coordinates":[77.0,12.14865]},"properties":{"cell_id":28407,"case_count":1,"gi_zscore":-0.1054,"gi_pvalue":0.029,"significance":"cold_95"}},{"type":"Feature","geometry":{"type":"Point","coordinates":[77.07059,12.14865]},"properties":{"cell_id":28413,"case_count":1,"gi_zscore":-0.0907,"gi_pvalue":0.399,"significance":"not_sig"}},{"type":"Feature","geometry":{"type":"Point","coordinates":[77.09412,12.14865]},"properties":{"cell_id":28415,"case_count":2,"gi_zscore":-0.0907,"gi_pvalue":0.441,"significance":"not_sig"}},{"type":"Feature","geometry":{"type":"Point","coordinates":[77.11765,12.14865]},"properties":{"cell_id":28417,"case_count":1,"gi_zscore":-0.0922,"gi_pvalue":0.441,"significance":"not_sig"}},{"type":"Feature","geometry":{"type":"Point","coordinates":[77.12941,12.14865]},"properties":{"cell_id":28418,"case_count":1,"gi_zscore":-0.0936,"gi_pvalue":0.45,"significance":"not_sig"}},{"type":"Feature","geometry":{"type":"Point","coordinates":[77.16471,12.14865]},"properties":{"cell_id":28421,"case_count":1,"gi_zscore":-0.1054,"gi_pvalue":0.029,"significance":"cold_95"}},{"type":"Feature","geometry":{"type":"Point","coordinates":[77.21176,12.14865]},"properties":{"cell_id":28425,"case_count":1,"gi_zscore":-0.1054,"gi_pvalue":0.029,"significance":"cold_95"}},{"type":"Feature","geometry":{"type":"Point","coordinates":[77.54118,12.14865]},"properties":{"cell_id":28453,"case_count":1,"gi_zscore":-0.0863,"gi_pvalue":0.298,"significance":"not_sig"}},{"type":"Feature","geometry":{"type":"Point","coordinates":[75.94118,12.15766]},"properties":{"cell_id":28708,"case_count":1,"gi_zscore":-0.0995,"gi_pvalue":0.312,"significance":"not_sig"}},{"type":"Feature","geometry":{"type":"Point","coordinates":[76.01176,12.15766]},"properties":{"cell_id":28714,"case_count":1,"gi_zscore":-0.101,"gi_pvalue":0.183,"significance":"not_sig"}},{"type":"Feature","geometry":{"type":"Point","coordinates":[76.65882,12.15766]},"properties":{"cell_id":28769,"case_count":1,"gi_zscore":-0.1025,"gi_pvalue":0.093,"significance":"cold_90"}},{"type":"Feature","geometry":{"type":"Point","coordinates":[77.07059,12.15766]},"properties":{"cell_id":28804,"case_count":1,"gi_zscore":-0.0907,"gi_pvalue":0.399,"significance":"not_sig"}},{"type":"Feature","geometry":{"type":"Point","coordinates":[77.10588,12.15766]},"properties":{"cell_id":28807,"case_count":9,"gi_zscore":-0.0907,"gi_pvalue":0.093,"significance":"cold_90"}},{"type":"Feature","geometry":{"type":"Point","coordinates":[77.14118,12.15766]},"properties":{"cell_id":28810,"case_count":1,"gi_zscore":-0.0936,"gi_pvalue":0.448,"significance":"not_sig"}},{"type":"Feature","geometry":{"type":"Point","coordinates":[77.15294,12.15766]},"properties":{"cell_id":28811,"case_count":1,"gi_zscore":-0.0936,"gi_pvalue":0.448,"significance":"not_sig"}},{"type":"Feature","geometry":{"type":"Point","coordinates":[75.78824,12.16667]},"properties":{"cell_id":29086,"case_count":1,"gi_zscore":-0.0966,"gi_pvalue":0.472,"significance":"not_sig"}},{"type":"Feature","geometry":{"type":"Point","coordinates":[75.92941,12.16667]},"properties":{"cell_id":29098,"case_count":1,"gi_zscore":-0.0995,"gi_pvalue":0.312,"significance":"not_sig"}},{"type":"Feature","geometry":{"type":"Point","coordinates":[76.68235,12.16667]},"properties":{"cell_id":29162,"case_count":1,"gi_zscore":-0.1039,"gi_pvalue":0.093,"significance":"cold_90"}},{"type":"Feature","geometry":{"type":"Point","coordinates":[76.74118,12.16667]},"properties":{"cell_id":29167,"case_count":1,"gi_zscore":-0.1039,"gi_pvalue":0.093,"significance":"cold_90"}},{"type":"Feature","geometry":{"type":"Point","coordinates":[76.85882,12.16667]},"properties":{"cell_id":29177,"case_count":2,"gi_zscore":-0.0995,"gi_pvalue":0.183,"significance":"not_sig"}},{"type":"Feature","geometry":{"type":"Point","coordinates":[77.10588,12.16667]},"properties":{"cell_id":29198,"case_count":1,"gi_zscore":-0.0907,"gi_pvalue":0.398,"significance":"not_sig"}},{"type":"Feature","geometry":{"type":"Point","coordinates":[77.18824,12.16667]},"properties":{"cell_id":29205,"case_count":1,"gi_zscore":-0.1054,"gi_pvalue":0.029,"significance":"cold_95"}},{"type":"Feature","geometry":{"type":"Point","coordinates":[77.21176,12.16667]},"properties":{"cell_id":29207,"case_count":1,"gi_zscore":-0.1054,"gi_pvalue":0.029,"significance":"cold_95"}},{"type":"Feature","geometry":{"type":"Point","coordinates":[75.77647,12.17568]},"properties":{"cell_id":29476,"case_count":1,"gi_zscore":-0.0966,"gi_pvalue":0.472,"significance":"not_sig"}},{"type":"Feature","geometry":{"type":"Point","coordinates":[75.87059,12.17568]},"properties":{"cell_id":29484,"case_count":1,"gi_zscore":-0.0995,"gi_pvalue":0.311,"significance":"not_sig"}},{"type":"Feature","geometry":{"type":"Point","coordinates":[76.03529,12.17568]},"properties":{"cell_id":29498,"case_count":2,"gi_zscore":-0.0966,"gi_pvalue":0.398,"significance":"not_sig"}},{"type":"Feature","geometry":{"type":"Point","coordinates":[77.12941,12.17568]},"properties":{"cell_id":29591,"case_count":1,"gi_zscore":-0.0922,"gi_pvalue":0.405,"significance":"not_sig"}},{"type":"Feature","geometry":{"type":"Point","coordinates":[75.8,12.18468]},"properties":{"cell_id":29869,"case_count":1,"gi_zscore":-0.0966,"gi_pvalue":0.472,"significance":"not_sig"}},{"type":"Feature","geometry":{"type":"Point","coordinates":[75.81176,12.18468]},"properties":{"cell_id":29870,"case_count":1,"gi_zscore":-0.0966,"gi_pvalue":0.472,"significance":"not_sig"}},{"type":"Feature","geometry":{"type":"Point","coordinates":[75.91765,12.18468]},"properties":{"cell_id":29879,"case_count":1,"gi_zscore":-0.0995,"gi_pvalue":0.312,"significance":"not_sig"}},{"type":"Feature","geometry":{"type":"Point","coordinates":[75.92941,12.18468]},"properties":{"cell_id":29880,"case_count":4,"gi_zscore":-0.101,"gi_pvalue":0.03,"significance":"cold_95"}},{"type":"Feature","geometry":{"type":"Point","coordinates":[76.37647,12.18468]},"properties":{"cell_id":29918,"case_count":1,"gi_zscore":-0.1025,"gi_pvalue":0.093,"significance":"cold_90"}},{"type":"Feature","geometry":{"type":"Point","coordinates":[76.67059,12.18468]},"properties":{"cell_id":29943,"case_count":1,"gi_zscore":-0.1039,"gi_pvalue":0.093,"significance":"cold_90"}},{"type":"Feature","geometry":{"type":"Point","coordinates":[77.10588,12.18468]},"properties":{"cell_id":29980,"case_count":2,"gi_zscore":-0.0907,"gi_pvalue":0.438,"significance":"not_sig"}},{"type":"Feature","geometry":{"type":"Point","coordinates":[77.15294,12.18468]},"properties":{"cell_id":29984,"case_count":1,"gi_zscore":-0.1039,"gi_pvalue":0.03,"significance":"cold_95"}},{"type":"Feature","geometry":{"type":"Point","coordinates":[75.76471,12.19369]},"properties":{"cell_id":30257,"case_count":2,"gi_zscore":-0.0966,"gi_pvalue":0.397,"significance":"not_sig"}},{"type":"Feature","geometry":{"type":"Point","coordinates":[75.8,12.19369]},"properties":{"cell_id":30260,"case_count":6,"gi_zscore":-0.0966,"gi_pvalue":0.095,"significance":"cold_90"}},{"type":"Feature","geometry":{"type":"Point","coordinates":[76.43529,12.19369]},"properties":{"cell_id":30314,"case_count":1,"gi_zscore":-0.0995,"gi_pvalue":0.254,"significance":"not_sig"}},{"type":"Feature","geometry":{"type":"Point","coordinates":[75.8,12.2027]},"properties":{"cell_id":30651,"case_count":1,"gi_zscore":-0.0966,"gi_pvalue":0.471,"significance":"not_sig"}},{"type":"Feature","geometry":{"type":"Point","coordinates":[77.11765,12.2027]},"properties":{"cell_id":30763,"case_count":1,"gi_zscore":-0.0922,"gi_pvalue":0.404,"significance":"not_sig"}},{"type":"Feature","geometry":{"type":"Point","coordinates":[76.81176,12.21171]},"properties":{"cell_id":31128,"case_count":1,"gi_zscore":-0.0995,"gi_pvalue":0.254,"significance":"not_sig"}},{"type":"Feature","geometry":{"type":"Point","coordinates":[76.89412,12.21171]},"properties":{"cell_id":31135,"case_count":3,"gi_zscore":-0.098,"gi_pvalue":0.254,"significance":"not_sig"}},{"type":"Feature","geometry":{"type":"Point","coordinates":[76.90588,12.22072]},"properties":{"cell_id":31527,"case_count":1,"gi_zscore":-0.098,"gi_pvalue":0.395,"significance":"not_sig"}},{"type":"Feature","geometry":{"type":"Point","coordinates":[75.69412,12.22973]},"properties":{"cell_id":31815,"case_count":1,"gi_zscore":-0.1039,"gi_pvalue":0.094,"significance":"cold_90"}},{"type":"Feature","geometry":{"type":"Point","coordinates":[75.74118,12.22973]},"properties":{"cell_id":31819,"case_count":1,"gi_zscore":-0.0966,"gi_pvalue":0.47,"significance":"not_sig"}},{"type":"Feature","geometry":{"type":"Point","coordinates":[75.75294,12.22973]},"properties":{"cell_id":31820,"case_count":1,"gi_zscore":-0.0966,"gi_pvalue":0.47,"significance":"not_sig"}},{"type":"Feature","geometry":{"type":"Point","coordinates":[76.56471,12.22973]},"properties":{"cell_id":31889,"case_count":1,"gi_zscore":-0.1025,"gi_pvalue":0.094,"significance":"cold_90"}},{"type":"Feature","geometry":{"type":"Point","coordinates":[75.77647,12.23874]},"properties":{"cell_id":32213,"case_count":1,"gi_zscore":-0.0966,"gi_pvalue":0.47,"significance":"not_sig"}},{"type":"Feature","geometry":{"type":"Point","coordinates":[75.85882,12.23874]},"properties":{"cell_id":32220,"case_count":2,"gi_zscore":-0.0966,"gi_pvalue":0.395,"significance":"not_sig"}},{"type":"Feature","geometry":{"type":"Point","coordinates":[75.91765,12.23874]},"properties":{"cell_id":32225,"case_count":1,"gi_zscore":-0.0995,"gi_pvalue":0.31,"significance":"not_sig"}},{"type":"Feature","geometry":{"type":"Point","coordinates":[76.34118,12.23874]},"properties":{"cell_id":32261,"case_count":1,"gi_zscore":-0.1039,"gi_pvalue":0.029,"significance":"cold_95"}},{"type":"Feature","geometry":{"type":"Point","coordinates":[76.89412,12.23874]},"properties":{"cell_id":32308,"case_count":2,"gi_zscore":-0.098,"gi_pvalue":0.253,"significance":"not_sig"}},{"type":"Feature","geometry":{"type":"Point","coordinates":[77.14118,12.23874]},"properties":{"cell_id":32329,"case_count":1,"gi_zscore":-0.1039,"gi_pvalue":0.029,"significance":"cold_95"}},{"type":"Feature","geometry":{"type":"Point","coordinates":[77.15294,12.23874]},"properties":{"cell_id":32330,"case_count":1,"gi_zscore":-0.1039,"gi_pvalue":0.029,"significance":"cold_95"}},{"type":"Feature","geometry":{"type":"Point","coordinates":[77.23529,12.23874]},"properties":{"cell_id":32337,"case_count":1,"gi_zscore":-0.1039,"gi_pvalue":0.029,"significance":"cold_95"}},{"type":"Feature","geometry":{"type":"Point","coordinates":[77.36471,12.23874]},"properties":{"cell_id":32348,"case_count":1,"gi_zscore":-0.1039,"gi_pvalue":0.029,"significance":"cold_95"}},{"type":"Feature","geometry":{"type":"Point","coordinates":[76.89412,12.24775]},"properties":{"cell_id":32699,"case_count":1,"gi_zscore":-0.098,"gi_pvalue":0.332,"significance":"not_sig"}},{"type":"Feature","geometry":{"type":"Point","coordinates":[77.12941,12.24775]},"properties":{"cell_id":32719,"case_count":1,"gi_zscore":-0.1025,"gi_pvalue":0.092,"significance":"cold_90"}},{"type":"Feature","geometry":{"type":"Point","coordinates":[77.16471,12.24775]},"properties":{"cell_id":32722,"case_count":1,"gi_zscore":-0.1039,"gi_pvalue":0.029,"significance":"cold_95"}},{"type":"Feature","geometry":{"type":"Point","coordinates":[74.25882,12.25676]},"properties":{"cell_id":32866,"case_count":1,"gi_zscore":-0.098,"gi_pvalue":0.394,"significance":"not_sig"}},{"type":"Feature","geometry":{"type":"Point","coordinates":[75.75294,12.25676]},"properties":{"cell_id":32993,"case_count":1,"gi_zscore":-0.1039,"gi_pvalue":0.092,"significance":"cold_90"}},{"type":"Feature","geometry":{"type":"Point","coordinates":[76.27059,12.25676]},"properties":{"cell_id":33037,"case_count":1,"gi_zscore":-0.1039,"gi_pvalue":0.029,"significance":"cold_95"}},{"type":"Feature","geometry":{"type":"Point","coordinates":[76.63529,12.25676]},"properties":{"cell_id":33068,"case_count":1,"gi_zscore":-0.0966,"gi_pvalue":0.471,"significance":"not_sig"}},{"type":"Feature","geometry":{"type":"Point","coordinates":[76.67059,12.25676]},"properties":{"cell_id":33071,"case_count":1,"gi_zscore":-0.1039,"gi_pvalue":0.092,"significance":"cold_90"}},{"type":"Feature","geometry":{"type":"Point","coordinates":[76.87059,12.25676]},"properties":{"cell_id":33088,"case_count":1,"gi_zscore":-0.098,"gi_pvalue":0.332,"significance":"not_sig"}},{"type":"Feature","geometry":{"type":"Point","coordinates":[77.18824,12.25676]},"properties":{"cell_id":33115,"case_count":1,"gi_zscore":-0.1039,"gi_pvalue":0.029,"significance":"cold_95"}},{"type":"Feature","geometry":{"type":"Point","coordinates":[77.2,12.25676]},"properties":{"cell_id":33116,"case_count":1,"gi_zscore":-0.1039,"gi_pvalue":0.029,"significance":"cold_95"}},{"type":"Feature","geometry":{"type":"Point","coordinates":[75.82353,12.26577]},"properties":{"cell_id":33390,"case_count":1,"gi_zscore":-0.0966,"gi_pvalue":0.471,"significance":"not_sig"}},{"type":"Feature","geometry":{"type":"Point","coordinates":[75.92941,12.26577]},"properties":{"cell_id":33399,"case_count":1,"gi_zscore":-0.0995,"gi_pvalue":0.31,"significance":"not_sig"}},{"type":"Feature","geometry":{"type":"Point","coordinates":[75.94118,12.26577]},"properties":{"cell_id":33400,"case_count":1,"gi_zscore":-0.0995,"gi_pvalue":0.31,"significance":"not_sig"}},{"type":"Feature","geometry":{"type":"Point","coordinates":[76.63529,12.26577]},"properties":{"cell_id":33459,"case_count":2,"gi_zscore":-0.0951,"gi_pvalue":0.396,"significance":"not_sig"}},{"type":"Feature","geometry":{"type":"Point","coordinates":[76.74118,12.26577]},"properties":{"cell_id":33468,"case_count":1,"gi_zscore":-0.0966,"gi_pvalue":0.396,"significance":"not_sig"}},{"type":"Feature","geometry":{"type":"Point","coordinates":[76.76471,12.26577]},"properties":{"cell_id":33470,"case_count":1,"gi_zscore":-0.0966,"gi_pvalue":0.396,"significance":"not_sig"}},{"type":"Feature","geometry":{"type":"Point","coordinates":[77.16471,12.26577]},"properties":{"cell_id":33504,"case_count":2,"gi_zscore":-0.1039,"gi_pvalue":0.001,"significance":"cold_99"}},{"type":"Feature","geometry":{"type":"Point","coordinates":[75.57647,12.27477]},"properties":{"cell_id":33760,"case_count":1,"gi_zscore":-0.1054,"gi_pvalue":0.029,"significance":"cold_95"}},{"type":"Feature","geometry":{"type":"Point","coordinates":[76.62353,12.27477]},"properties":{"cell_id":33849,"case_count":1,"gi_zscore":-0.0936,"gi_pvalue":0.487,"significance":"not_sig"}},{"type":"Feature","geometry":{"type":"Point","coordinates":[76.64706,12.27477]},"properties":{"cell_id":33851,"case_count":1,"gi_zscore":-0.0951,"gi_pvalue":0.472,"significance":"not_sig"}},{"type":"Feature","geometry":{"type":"Point","coordinates":[76.72941,12.27477]},"properties":{"cell_id":33858,"case_count":1,"gi_zscore":-0.0966,"gi_pvalue":0.397,"significance":"not_sig"}},{"type":"Feature","geometry":{"type":"Point","coordinates":[76.6,12.28378]},"properties":{"cell_id":34238,"case_count":1,"gi_zscore":-0.0966,"gi_pvalue":0.397,"significance":"not_sig"}},{"type":"Feature","geometry":{"type":"Point","coordinates":[76.61176,12.28378]},"properties":{"cell_id":34239,"case_count":2,"gi_zscore":-0.0936,"gi_pvalue":0.472,"significance":"not_sig"}},{"type":"Feature","geometry":{"type":"Point","coordinates":[76.62353,12.28378]},"properties":{"cell_id":34240,"case_count":3,"gi_zscore":-0.0936,"gi_pvalue":0.447,"significance":"not_sig"}},{"type":"Feature","geometry":{"type":"Point","coordinates":[76.63529,12.28378]},"properties":{"cell_id":34241,"case_count":3,"gi_zscore":-0.0951,"gi_pvalue":0.349,"significance":"not_sig"}},{"type":"Feature","geometry":{"type":"Point","coordinates":[76.64706,12.28378]},"properties":{"cell_id":34242,"case_count":1,"gi_zscore":-0.0907,"gi_pvalue":0.405,"significance":"not_sig"}},{"type":"Feature","geometry":{"type":"Point","coordinates":[76.68235,12.28378]},"properties":{"cell_id":34245,"case_count":1,"gi_zscore":-0.0907,"gi_pvalue":0.405,"significance":"not_sig"}},{"type":"Feature","geometry":{"type":"Point","coordinates":[76.72941,12.28378]},"properties":{"cell_id":34249,"case_count":1,"gi_zscore":-0.0966,"gi_pvalue":0.397,"significance":"not_sig"}},{"type":"Feature","geometry":{"type":"Point","coordinates":[76.25882,12.29279]},"properties":{"cell_id":34600,"case_count":1,"gi_zscore":-0.1039,"gi_pvalue":0.029,"significance":"cold_95"}},{"type":"Feature","geometry":{"type":"Point","coordinates":[76.58824,12.29279]},"properties":{"cell_id":34628,"case_count":1,"gi_zscore":-0.0995,"gi_pvalue":0.309,"significance":"not_sig"}},{"type":"Feature","geometry":{"type":"Point","coordinates":[76.6,12.29279]},"properties":{"cell_id":34629,"case_count":1,"gi_zscore":-0.098,"gi_pvalue":0.394,"significance":"not_sig"}},{"type":"Feature","geometry":{"type":"Point","coordinates":[76.63529,12.29279]},"properties":{"cell_id":34632,"case_count":3,"gi_zscore":-0.0936,"gi_pvalue":0.447,"significance":"not_sig"}},{"type":"Feature","geometry":{"type":"Point","coordinates":[76.64706,12.29279]},"properties":{"cell_id":34633,"case_count":1,"gi_zscore":-0.0863,"gi_pvalue":0.296,"significance":"not_sig"}},{"type":"Feature","geometry":{"type":"Point","coordinates":[76.68235,12.29279]},"properties":{"cell_id":34636,"case_count":1,"gi_zscore":-0.0833,"gi_pvalue":0.253,"significance":"not_sig"}},{"type":"Feature","geometry":{"type":"Point","coordinates":[76.69412,12.29279]},"properties":{"cell_id":34637,"case_count":1,"gi_zscore":-0.0922,"gi_pvalue":0.437,"significance":"not_sig"}},{"type":"Feature","geometry":{"type":"Point","coordinates":[76.70588,12.29279]},"properties":{"cell_id":34638,"case_count":3,"gi_zscore":-0.0892,"gi_pvalue":0.436,"significance":"not_sig"}},{"type":"Feature","geometry":{"type":"Point","coordinates":[76.71765,12.29279]},"properties":{"cell_id":34639,"case_count":4,"gi_zscore":-0.0892,"gi_pvalue":0.486,"significance":"not_sig"}},{"type":"Feature","geometry":{"type":"Point","coordinates":[75.67059,12.3018]},"properties":{"cell_id":34941,"case_count":1,"gi_zscore":-0.1054,"gi_pvalue":0.029,"significance":"cold_95"}},{"type":"Feature","geometry":{"type":"Point","coordinates":[76.56471,12.3018]},"properties":{"cell_id":35017,"case_count":1,"gi_zscore":-0.101,"gi_pvalue":0.184,"significance":"not_sig"}},{"type":"Feature","geometry":{"type":"Point","coordinates":[76.6,12.3018]},"properties":{"cell_id":35020,"case_count":2,"gi_zscore":-0.101,"gi_pvalue":0.091,"significance":"cold_90"}},{"type":"Feature","geometry":{"type":"Point","coordinates":[76.63529,12.3018]},"properties":{"cell_id":35023,"case_count":1,"gi_zscore":-0.0863,"gi_pvalue":0.296,"significance":"not_sig"}},{"type":"Feature","geometry":{"type":"Point","coordinates":[76.64706,12.3018]},"properties":{"cell_id":35024,"case_count":3,"gi_zscore":-0.0686,"gi_pvalue":0.166,"significance":"not_sig"}},{"type":"Feature","geometry":{"type":"Point","coordinates":[76.65882,12.3018]},"properties":{"cell_id":35025,"case_count":4,"gi_zscore":-0.0671,"gi_pvalue":0.166,"significance":"not_sig"}},{"type":"Feature","geometry":{"type":"Point","coordinates":[76.68235,12.3018]},"properties":{"cell_id":35027,"case_count":2,"gi_zscore":-0.0863,"gi_pvalue":0.346,"significance":"not_sig"}},{"type":"Feature","geometry":{"type":"Point","coordinates":[76.69412,12.3018]},"properties":{"cell_id":35028,"case_count":3,"gi_zscore":-0.0892,"gi_pvalue":0.433,"significance":"not_sig"}},{"type":"Feature","geometry":{"type":"Point","coordinates":[76.70588,12.3018]},"properties":{"cell_id":35029,"case_count":1,"gi_zscore":-0.0833,"gi_pvalue":0.255,"significance":"not_sig"}},{"type":"Feature","geometry":{"type":"Point","coordinates":[76.87059,12.3018]},"properties":{"cell_id":35043,"case_count":2,"gi_zscore":-0.1025,"gi_pvalue":0.028,"significance":"cold_95"}},{"type":"Feature","geometry":{"type":"Point","coordinates":[75.87059,12.31081]},"properties":{"cell_id":35349,"case_count":1,"gi_zscore":-0.1039,"gi_pvalue":0.092,"significance":"cold_90"}},{"type":"Feature","geometry":{"type":"Point","coordinates":[76.29412,12.31081]},"properties":{"cell_id":35385,"case_count":1,"gi_zscore":-0.1039,"gi_pvalue":0.028,"significance":"cold_95"}},{"type":"Feature","geometry":{"type":"Point","coordinates":[76.31765,12.31081]},"properties":{"cell_id":35387,"case_count":1,"gi_zscore":-0.1039,"gi_pvalue":0.028,"significance":"cold_95"}},{"type":"Feature","geometry":{"type":"Point","coordinates":[76.61176,12.31081]},"properties":{"cell_id":35412,"case_count":1,"gi_zscore":-0.0995,"gi_pvalue":0.307,"significance":"not_sig"}},{"type":"Feature","geometry":{"type":"Point","coordinates":[76.63529,12.31081]},"properties":{"cell_id":35414,"case_count":1,"gi_zscore":-0.0774,"gi_pvalue":0.218,"significance":"not_sig"}},{"type":"Feature","geometry":{"type":"Point","coordinates":[76.64706,12.31081]},"properties":{"cell_id":35415,"case_count":5,"gi_zscore":-0.0612,"gi_pvalue":0.142,"significance":"not_sig"}},{"type":"Feature","geometry":{"type":"Point","coordinates":[76.65882,12.31081]},"properties":{"cell_id":35416,"case_count":8,"gi_zscore":-0.0568,"gi_pvalue":0.147,"significance":"not_sig"}},{"type":"Feature","geometry":{"type":"Point","coordinates":[76.67059,12.31081]},"properties":{"cell_id":35417,"case_count":6,"gi_zscore":-0.0657,"gi_pvalue":0.171,"significance":"not_sig"}},{"type":"Feature","geometry":{"type":"Point","coordinates":[76.68235,12.31081]},"properties":{"cell_id":35418,"case_count":3,"gi_zscore":-0.0715,"gi_pvalue":0.192,"significance":"not_sig"}},{"type":"Feature","geometry":{"type":"Point","coordinates":[76.69412,12.31081]},"properties":{"cell_id":35419,"case_count":4,"gi_zscore":-0.0848,"gi_pvalue":0.349,"significance":"not_sig"}},{"type":"Feature","geometry":{"type":"Point","coordinates":[76.70588,12.31081]},"properties":{"cell_id":35420,"case_count":2,"gi_zscore":-0.0818,"gi_pvalue":0.255,"significance":"not_sig"}},{"type":"Feature","geometry":{"type":"Point","coordinates":[76.83529,12.31081]},"properties":{"cell_id":35431,"case_count":1,"gi_zscore":-0.1025,"gi_pvalue":0.092,"significance":"cold_90"}},{"type":"Feature","geometry":{"type":"Point","coordinates":[76.34118,12.31982]},"properties":{"cell_id":35780,"case_count":1,"gi_zscore":-0.1039,"gi_pvalue":0.028,"significance":"cold_95"}},{"type":"Feature","geometry":{"type":"Point","coordinates":[76.35294,12.31982]},"properties":{"cell_id":35781,"case_count":2,"gi_zscore":-0.101,"gi_pvalue":0.092,"significance":"cold_90"}},{"type":"Feature","geometry":{"type":"Point","coordinates":[76.57647,12.31982]},"properties":{"cell_id":35800,"case_count":2,"gi_zscore":-0.0995,"gi_pvalue":0.182,"significance":"not_sig"}},{"type":"Feature","geometry":{"type":"Point","coordinates":[76.6,12.31982]},"properties":{"cell_id":35802,"case_count":2,"gi_zscore":-0.0995,"gi_pvalue":0.182,"significance":"not_sig"}},{"type":"Feature","geometry":{"type":"Point","coordinates":[76.61176,12.31982]},"properties":{"cell_id":35803,"case_count":1,"gi_zscore":-0.098,"gi_pvalue":0.393,"significance":"not_sig"}},{"type":"Feature","geometry":{"type":"Point","coordinates":[76.62353,12.31982]},"properties":{"cell_id":35804,"case_count":2,"gi_zscore":-0.0951,"gi_pvalue":0.469,"significance":"not_sig"}},{"type":"Feature","geometry":{"type":"Point","coordinates":[76.63529,12.31982]},"properties":{"cell_id":35805,"case_count":4,"gi_zscore":-0.0804,"gi_pvalue":0.28,"significance":"not_sig"}},{"type":"Feature","geometry":{"type":"Point","coordinates":[76.64706,12.31982]},"properties":{"cell_id":35806,"case_count":8,"gi_zscore":-0.0671,"gi_pvalue":0.206,"significance":"not_sig"}},{"type":"Feature","geometry":{"type":"Point","coordinates":[76.65882,12.31982]},"properties":{"cell_id":35807,"case_count":5,"gi_zscore":-0.0568,"gi_pvalue":0.136,"significance":"not_sig"}},{"type":"Feature","geometry":{"type":"Point","coordinates":[76.67059,12.31982]},"properties":{"cell_id":35808,"case_count":2,"gi_zscore":-0.0627,"gi_pvalue":0.139,"significance":"not_sig"}},{"type":"Feature","geometry":{"type":"Point","coordinates":[76.68235,12.31982]},"properties":{"cell_id":35809,"case_count":1,"gi_zscore":-0.0671,"gi_pvalue":0.146,"significance":"not_sig"}},{"type":"Feature","geometry":{"type":"Point","coordinates":[76.69412,12.31982]},"properties":{"cell_id":35810,"case_count":4,"gi_zscore":-0.076,"gi_pvalue":0.241,"significance":"not_sig"}},{"type":"Feature","geometry":{"type":"Point","coordinates":[75.76471,12.32883]},"properties":{"cell_id":36122,"case_count":1,"gi_zscore":-0.1054,"gi_pvalue":0.028,"significance":"cold_95"}},{"type":"Feature","geometry":{"type":"Point","coordinates":[76.6,12.32883]},"properties":{"cell_id":36193,"case_count":1,"gi_zscore":-0.0936,"gi_pvalue":0.487,"significance":"not_sig"}},{"type":"Feature","geometry":{"type":"Point","coordinates":[76.62353,12.32883]},"properties":{"cell_id":36195,"case_count":2,"gi_zscore":-0.0863,"gi_pvalue":0.348,"significance":"not_sig"}},{"type":"Feature","geometry":{"type":"Point","coordinates":[76.63529,12.32883]},"properties":{"cell_id":36196,"case_count":1,"gi_zscore":-0.0818,"gi_pvalue":0.245,"significance":"not_sig"}},{"type":"Feature","geometry":{"type":"Point","coordinates":[76.64706,12.32883]},"properties":{"cell_id":36197,"case_count":2,"gi_zscore":-0.0804,"gi_pvalue":0.245,"significance":"not_sig"}},{"type":"Feature","geometry":{"type":"Point","coordinates":[76.65882,12.32883]},"properties":{"cell_id":36198,"case_count":1,"gi_zscore":-0.0774,"gi_pvalue":0.217,"significance":"not_sig"}},{"type":"Feature","geometry":{"type":"Point","coordinates":[76.67059,12.32883]},"properties":{"cell_id":36199,"case_count":5,"gi_zscore":-0.073,"gi_pvalue":0.225,"significance":"not_sig"}},{"type":"Feature","geometry":{"type":"Point","coordinates":[76.68235,12.32883]},"properties":{"cell_id":36200,"case_count":7,"gi_zscore":-0.0701,"gi_pvalue":0.221,"significance":"not_sig"}},{"type":"Feature","geometry":{"type":"Point","coordinates":[76.69412,12.32883]},"properties":{"cell_id":36201,"case_count":3,"gi_zscore":-0.073,"gi_pvalue":0.206,"significance":"not_sig"}},{"type":"Feature","geometry":{"type":"Point","coordinates":[76.94118,12.32883]},"properties":{"cell_id":36222,"case_count":1,"gi_zscore":-0.1025,"gi_pvalue":0.091,"significance":"cold_90"}},{"type":"Feature","geometry":{"type":"Point","coordinates":[76.08235,12.33784]},"properties":{"cell_id":36540,"case_count":1,"gi_zscore":-0.1054,"gi_pvalue":0.027,"significance":"cold_95"}},{"type":"Feature","geometry":{"type":"Point","coordinates":[76.09412,12.33784]},"properties":{"cell_id":36541,"case_count":1,"gi_zscore":-0.1054,"gi_pvalue":0.027,"significance":"cold_95"}},{"type":"Feature","geometry":{"type":"Point","coordinates":[76.10588,12.33784]},"properties":{"cell_id":36542,"case_count":1,"gi_zscore":-0.1054,"gi_pvalue":0.027,"significance":"cold_95"}},{"type":"Feature","geometry":{"type":"Point","coordinates":[76.16471,12.33784]},"properties":{"cell_id":36547,"case_count":1,"gi_zscore":-0.1054,"gi_pvalue":0.027,"significance":"cold_95"}},{"type":"Feature","geometry":{"type":"Point","coordinates":[76.44706,12.33784]},"properties":{"cell_id":36571,"case_count":3,"gi_zscore":-0.0951,"gi_pvalue":0.35,"significance":"not_sig"}},{"type":"Feature","geometry":{"type":"Point","coordinates":[76.58824,12.33784]},"properties":{"cell_id":36583,"case_count":1,"gi_zscore":-0.0922,"gi_pvalue":0.436,"significance":"not_sig"}},{"type":"Feature","geometry":{"type":"Point","coordinates":[76.6,12.33784]},"properties":{"cell_id":36584,"case_count":2,"gi_zscore":-0.0936,"gi_pvalue":0.471,"significance":"not_sig"}},{"type":"Feature","geometry":{"type":"Point","coordinates":[76.61176,12.33784]},"properties":{"cell_id":36585,"case_count":1,"gi_zscore":-0.0833,"gi_pvalue":0.269,"significance":"not_sig"}},{"type":"Feature","geometry":{"type":"Point","coordinates":[76.62353,12.33784]},"properties":{"cell_id":36586,"case_count":3,"gi_zscore":-0.0818,"gi_pvalue":0.279,"significance":"not_sig"}},{"type":"Feature","geometry":{"type":"Point","coordinates":[76.63529,12.33784]},"properties":{"cell_id":36587,"case_count":2,"gi_zscore":-0.0833,"gi_pvalue":0.291,"significance":"not_sig"}},{"type":"Feature","geometry":{"type":"Point","coordinates":[76.64706,12.33784]},"properties":{"cell_id":36588,"case_count":1,"gi_zscore":-0.0892,"gi_pvalue":0.345,"significance":"not_sig"}},{"type":"Feature","geometry":{"type":"Point","coordinates":[76.65882,12.33784]},"properties":{"cell_id":36589,"case_count":2,"gi_zscore":-0.0936,"gi_pvalue":0.489,"significance":"not_sig"}},{"type":"Feature","geometry":{"type":"Point","coordinates":[76.67059,12.33784]},"properties":{"cell_id":36590,"case_count":2,"gi_zscore":-0.0833,"gi_pvalue":0.279,"significance":"not_sig"}},{"type":"Feature","geometry":{"type":"Point","coordinates":[76.6,12.34685]},"properties":{"cell_id":36975,"case_count":3,"gi_zscore":-0.0951,"gi_pvalue":0.397,"significance":"not_sig"}},{"type":"Feature","geometry":{"type":"Point","coordinates":[76.61176,12.34685]},"properties":{"cell_id":36976,"case_count":5,"gi_zscore":-0.0818,"gi_pvalue":0.318,"significance":"not_sig"}},{"type":"Feature","geometry":{"type":"Point","coordinates":[76.62353,12.34685]},"properties":{"cell_id":36977,"case_count":6,"gi_zscore":-0.0833,"gi_pvalue":0.378,"significance":"not_sig"}},{"type":"Feature","geometry":{"type":"Point","coordinates":[76.65882,12.34685]},"properties":{"cell_id":36980,"case_count":2,"gi_zscore":-0.0995,"gi_pvalue":0.182,"significance":"not_sig"}},{"type":"Feature","geometry":{"type":"Point","coordinates":[76.67059,12.34685]},"properties":{"cell_id":36981,"case_count":1,"gi_zscore":-0.0936,"gi_pvalue":0.439,"significance":"not_sig"}},{"type":"Feature","geometry":{"type":"Point","coordinates":[75.88235,12.35586]},"properties":{"cell_id":37305,"case_count":1,"gi_zscore":-0.1054,"gi_pvalue":0.027,"significance":"cold_95"}},{"type":"Feature","geometry":{"type":"Point","coordinates":[76.54118,12.35586]},"properties":{"cell_id":37361,"case_count":2,"gi_zscore":-0.0966,"gi_pvalue":0.331,"significance":"not_sig"}},{"type":"Feature","geometry":{"type":"Point","coordinates":[76.57647,12.35586]},"properties":{"cell_id":37364,"case_count":1,"gi_zscore":-0.098,"gi_pvalue":0.398,"significance":"not_sig"}},{"type":"Feature","geometry":{"type":"Point","coordinates":[76.61176,12.35586]},"properties":{"cell_id":37367,"case_count":1,"gi_zscore":-0.0833,"gi_pvalue":0.256,"significance":"not_sig"}},{"type":"Feature","geometry":{"type":"Point","coordinates":[76.62353,12.35586]},"properties":{"cell_id":37368,"case_count":3,"gi_zscore":-0.0848,"gi_pvalue":0.343,"significance":"not_sig"}},{"type":"Feature","geometry":{"type":"Point","coordinates":[76.65882,12.35586]},"properties":{"cell_id":37371,"case_count":1,"gi_zscore":-0.0995,"gi_pvalue":0.31,"significance":"not_sig"}},{"type":"Feature","geometry":{"type":"Point","coordinates":[76.67059,12.35586]},"properties":{"cell_id":37372,"case_count":2,"gi_zscore":-0.0848,"gi_pvalue":0.294,"significance":"not_sig"}},{"type":"Feature","geometry":{"type":"Point","coordinates":[76.94118,12.35586]},"properties":{"cell_id":37395,"case_count":1,"gi_zscore":-0.1025,"gi_pvalue":0.092,"significance":"cold_90"}},{"type":"Feature","geometry":{"type":"Point","coordinates":[77.23529,12.35586]},"properties":{"cell_id":37420,"case_count":1,"gi_zscore":-0.1025,"gi_pvalue":0.092,"significance":"cold_90"}},{"type":"Feature","geometry":{"type":"Point","coordinates":[77.25882,12.35586]},"properties":{"cell_id":37422,"case_count":1,"gi_zscore":-0.101,"gi_pvalue":0.182,"significance":"not_sig"}},{"type":"Feature","geometry":{"type":"Point","coordinates":[77.65882,12.35586]},"properties":{"cell_id":37456,"case_count":1,"gi_zscore":-0.1054,"gi_pvalue":0.027,"significance":"cold_95"}},{"type":"Feature","geometry":{"type":"Point","coordinates":[76.50588,12.36486]},"properties":{"cell_id":37749,"case_count":1,"gi_zscore":-0.0966,"gi_pvalue":0.401,"significance":"not_sig"}},{"type":"Feature","geometry":{"type":"Point","coordinates":[76.6,12.36486]},"properties":{"cell_id":37757,"case_count":1,"gi_zscore":-0.0922,"gi_pvalue":0.438,"significance":"not_sig"}},{"type":"Feature","geometry":{"type":"Point","coordinates":[76.61176,12.36486]},"properties":{"cell_id":37758,"case_count":1,"gi_zscore":-0.0863,"gi_pvalue":0.294,"significance":"not_sig"}},{"type":"Feature","geometry":{"type":"Point","coordinates":[76.65882,12.36486]},"properties":{"cell_id":37762,"case_count":1,"gi_zscore":-0.0995,"gi_pvalue":0.31,"significance":"not_sig"}},{"type":"Feature","geometry":{"type":"Point","coordinates":[77.25882,12.36486]},"properties":{"cell_id":37813,"case_count":2,"gi_zscore":-0.101,"gi_pvalue":0.092,"significance":"cold_90"}},{"type":"Feature","geometry":{"type":"Point","coordinates":[77.65882,12.36486]},"properties":{"cell_id":37847,"case_count":1,"gi_zscore":-0.1054,"gi_pvalue":0.027,"significance":"cold_95"}},{"type":"Feature","geometry":{"type":"Point","coordinates":[76.63529,12.37387]},"properties":{"cell_id":38151,"case_count":1,"gi_zscore":-0.0877,"gi_pvalue":0.343,"significance":"not_sig"}},{"type":"Feature","geometry":{"type":"Point","coordinates":[76.82353,12.37387]},"properties":{"cell_id":38167,"case_count":1,"gi_zscore":-0.0995,"gi_pvalue":0.247,"significance":"not_sig"}},{"type":"Feature","geometry":{"type":"Point","coordinates":[75.52941,12.38288]},"properties":{"cell_id":38448,"case_count":1,"gi_zscore":-0.1039,"gi_pvalue":0.027,"significance":"cold_95"}},{"type":"Feature","geometry":{"type":"Point","coordinates":[77.05882,12.38288]},"properties":{"cell_id":38578,"case_count":1,"gi_zscore":-0.101,"gi_pvalue":0.182,"significance":"not_sig"}},{"type":"Feature","geometry":{"type":"Point","coordinates":[75.90588,12.39189]},"properties":{"cell_id":38871,"case_count":1,"gi_zscore":-0.1054,"gi_pvalue":0.027,"significance":"cold_95"}},{"type":"Feature","geometry":{"type":"Point","coordinates":[76.34118,12.39189]},"properties":{"cell_id":38908,"case_count":1,"gi_zscore":-0.0995,"gi_pvalue":0.31,"significance":"not_sig"}},{"type":"Feature","geometry":{"type":"Point","coordinates":[77.24706,12.39189]},"properties":{"cell_id":38985,"case_count":1,"gi_zscore":-0.0995,"gi_pvalue":0.31,"significance":"not_sig"}},{"type":"Feature","geometry":{"type":"Point","coordinates":[75.75294,12.4009]},"properties":{"cell_id":39249,"case_count":1,"gi_zscore":-0.1039,"gi_pvalue":0.027,"significance":"cold_95"}},{"type":"Feature","geometry":{"type":"Point","coordinates":[76.4,12.4009]},"properties":{"cell_id":39304,"case_count":1,"gi_zscore":-0.098,"gi_pvalue":0.397,"significance":"not_sig"}},{"type":"Feature","geometry":{"type":"Point","coordinates":[76.57647,12.4009]},"properties":{"cell_id":39319,"case_count":3,"gi_zscore":-0.0922,"gi_pvalue":0.49,"significance":"not_sig"}},{"type":"Feature","geometry":{"type":"Point","coordinates":[75.75294,12.40991]},"properties":{"cell_id":39640,"case_count":1,"gi_zscore":-0.1025,"gi_pvalue":0.091,"significance":"cold_90"}},{"type":"Feature","geometry":{"type":"Point","coordinates":[75.98824,12.40991]},"properties":{"cell_id":39660,"case_count":1,"gi_zscore":-0.1039,"gi_pvalue":0.026,"significance":"cold_95"}},{"type":"Feature","geometry":{"type":"Point","coordinates":[75.74118,12.41892]},"properties":{"cell_id":40030,"case_count":1,"gi_zscore":-0.1025,"gi_pvalue":0.091,"significance":"cold_90"}},{"type":"Feature","geometry":{"type":"Point","coordinates":[75.74118,12.42793]},"properties":{"cell_id":40421,"case_count":2,"gi_zscore":-0.1025,"gi_pvalue":0.026,"significance":"cold_95"}},{"type":"Feature","geometry":{"type":"Point","coordinates":[76.02353,12.42793]},"properties":{"cell_id":40445,"case_count":1,"gi_zscore":-0.1039,"gi_pvalue":0.026,"significance":"cold_95"}},{"type":"Feature","geometry":{"type":"Point","coordinates":[77.22353,12.42793]},"properties":{"cell_id":40547,"case_count":2,"gi_zscore":-0.0995,"gi_pvalue":0.182,"significance":"not_sig"}},{"type":"Feature","geometry":{"type":"Point","coordinates":[76.37647,12.43694]},"properties":{"cell_id":40866,"case_count":4,"gi_zscore":-0.0995,"gi_pvalue":0.093,"significance":"cold_90"}},{"type":"Feature","geometry":{"type":"Point","coordinates":[76.69412,12.43694]},"properties":{"cell_id":40893,"case_count":2,"gi_zscore":-0.101,"gi_pvalue":0.093,"significance":"cold_90"}},{"type":"Feature","geometry":{"type":"Point","coordinates":[75.91765,12.44595]},"properties":{"cell_id":41218,"case_count":1,"gi_zscore":-0.1025,"gi_pvalue":0.093,"significance":"cold_90"}},{"type":"Feature","geometry":{"type":"Point","coordinates":[75.97647,12.44595]},"properties":{"cell_id":41223,"case_count":1,"gi_zscore":-0.1025,"gi_pvalue":0.093,"significance":"cold_90"}},{"type":"Feature","geometry":{"type":"Point","coordinates":[76.24706,12.44595]},"properties":{"cell_id":41246,"case_count":1,"gi_zscore":-0.1039,"gi_pvalue":0.026,"significance":"cold_95"}},{"type":"Feature","geometry":{"type":"Point","coordinates":[75.95294,12.45495]},"properties":{"cell_id":41612,"case_count":1,"gi_zscore":-0.101,"gi_pvalue":0.182,"significance":"not_sig"}},{"type":"Feature","geometry":{"type":"Point","coordinates":[75.96471,12.45495]},"properties":{"cell_id":41613,"case_count":1,"gi_zscore":-0.101,"gi_pvalue":0.182,"significance":"not_sig"}},{"type":"Feature","geometry":{"type":"Point","coordinates":[76.32941,12.45495]},"properties":{"cell_id":41644,"case_count":1,"gi_zscore":-0.098,"gi_pvalue":0.398,"significance":"not_sig"}},{"type":"Feature","geometry":{"type":"Point","coordinates":[76.34118,12.45495]},"properties":{"cell_id":41645,"case_count":1,"gi_zscore":-0.0995,"gi_pvalue":0.308,"significance":"not_sig"}},{"type":"Feature","geometry":{"type":"Point","coordinates":[76.68235,12.45495]},"properties":{"cell_id":41674,"case_count":1,"gi_zscore":-0.101,"gi_pvalue":0.182,"significance":"not_sig"}},{"type":"Feature","geometry":{"type":"Point","coordinates":[77.16471,12.45495]},"properties":{"cell_id":41715,"case_count":2,"gi_zscore":-0.101,"gi_pvalue":0.093,"significance":"cold_90"}},{"type":"Feature","geometry":{"type":"Point","coordinates":[77.21176,12.45495]},"properties":{"cell_id":41719,"case_count":1,"gi_zscore":-0.101,"gi_pvalue":0.181,"significance":"not_sig"}},{"type":"Feature","geometry":{"type":"Point","coordinates":[77.23529,12.45495]},"properties":{"cell_id":41721,"case_count":1,"gi_zscore":-0.0995,"gi_pvalue":0.307,"significance":"not_sig"}},{"type":"Feature","geometry":{"type":"Point","coordinates":[77.31765,12.45495]},"properties":{"cell_id":41728,"case_count":2,"gi_zscore":-0.0907,"gi_pvalue":0.437,"significance":"not_sig"}},{"type":"Feature","geometry":{"type":"Point","coordinates":[77.45882,12.45495]},"properties":{"cell_id":41740,"case_count":2,"gi_zscore":-0.0966,"gi_pvalue":0.398,"significance":"not_sig"}},{"type":"Feature","geometry":{"type":"Point","coordinates":[77.57647,12.45495]},"properties":{"cell_id":41750,"case_count":1,"gi_zscore":-0.1025,"gi_pvalue":0.092,"significance":"cold_90"}},{"type":"Feature","geometry":{"type":"Point","coordinates":[77.58824,12.45495]},"properties":{"cell_id":41751,"case_count":1,"gi_zscore":-0.1039,"gi_pvalue":0.026,"significance":"cold_95"}},{"type":"Feature","geometry":{"type":"Point","coordinates":[75.94118,12.46396]},"properties":{"cell_id":42002,"case_count":1,"gi_zscore":-0.101,"gi_pvalue":0.181,"significance":"not_sig"}},{"type":"Feature","geometry":{"type":"Point","coordinates":[75.96471,12.46396]},"properties":{"cell_id":42004,"case_count":2,"gi_zscore":-0.101,"gi_pvalue":0.092,"significance":"cold_90"}},{"type":"Feature","geometry":{"type":"Point","coordinates":[76.10588,12.46396]},"properties":{"cell_id":42016,"case_count":1,"gi_zscore":-0.1054,"gi_pvalue":0.026,"significance":"cold_95"}},{"type":"Feature","geometry":{"type":"Point","coordinates":[76.38824,12.46396]},"properties":{"cell_id":42040,"case_count":1,"gi_zscore":-0.0995,"gi_pvalue":0.308,"significance":"not_sig"}},{"type":"Feature","geometry":{"type":"Point","coordinates":[76.68235,12.46396]},"properties":{"cell_id":42065,"case_count":1,"gi_zscore":-0.101,"gi_pvalue":0.181,"significance":"not_sig"}},{"type":"Feature","geometry":{"type":"Point","coordinates":[77.61176,12.46396]},"properties":{"cell_id":42144,"case_count":1,"gi_zscore":-0.1039,"gi_pvalue":0.026,"significance":"cold_95"}},{"type":"Feature","geometry":{"type":"Point","coordinates":[75.89412,12.47297]},"properties":{"cell_id":42389,"case_count":1,"gi_zscore":-0.1025,"gi_pvalue":0.092,"significance":"cold_90"}},{"type":"Feature","geometry":{"type":"Point","coordinates":[76.10588,12.47297]},"properties":{"cell_id":42407,"case_count":1,"gi_zscore":-0.1054,"gi_pvalue":0.026,"significance":"cold_95"}},{"type":"Feature","geometry":{"type":"Point","coordinates":[75.94118,12.48198]},"properties":{"cell_id":42784,"case_count":2,"gi_zscore":-0.101,"gi_pvalue":0.092,"significance":"cold_90"}},{"type":"Feature","geometry":{"type":"Point","coordinates":[75.96471,12.48198]},"properties":{"cell_id":42786,"case_count":1,"gi_zscore":-0.101,"gi_pvalue":0.181,"significance":"not_sig"}},{"type":"Feature","geometry":{"type":"Point","coordinates":[76.4,12.48198]},"properties":{"cell_id":42823,"case_count":1,"gi_zscore":-0.0995,"gi_pvalue":0.308,"significance":"not_sig"}},{"type":"Feature","geometry":{"type":"Point","coordinates":[77.65882,12.48198]},"properties":{"cell_id":42930,"case_count":1,"gi_zscore":-0.1039,"gi_pvalue":0.026,"significance":"cold_95"}},{"type":"Feature","geometry":{"type":"Point","coordinates":[75.56471,12.49099]},"properties":{"cell_id":43143,"case_count":1,"gi_zscore":-0.1039,"gi_pvalue":0.092,"significance":"cold_90"}},{"type":"Feature","geometry":{"type":"Point","coordinates":[75.94118,12.49099]},"properties":{"cell_id":43175,"case_count":1,"gi_zscore":-0.101,"gi_pvalue":0.181,"significance":"not_sig"}},{"type":"Feature","geometry":{"type":"Point","coordinates":[75.95294,12.49099]},"properties":{"cell_id":43176,"case_count":2,"gi_zscore":-0.101,"gi_pvalue":0.093,"significance":"cold_90"}},{"type":"Feature","geometry":{"type":"Point","coordinates":[76.25882,12.49099]},"properties":{"cell_id":43202,"case_count":2,"gi_zscore":-0.1025,"gi_pvalue":0.027,"significance":"cold_95"}},{"type":"Feature","geometry":{"type":"Point","coordinates":[76.42353,12.49099]},"properties":{"cell_id":43216,"case_count":1,"gi_zscore":-0.0995,"gi_pvalue":0.308,"significance":"not_sig"}},{"type":"Feature","geometry":{"type":"Point","coordinates":[75.81176,12.5]},"properties":{"cell_id":43555,"case_count":1,"gi_zscore":-0.101,"gi_pvalue":0.181,"significance":"not_sig"}},{"type":"Feature","geometry":{"type":"Point","coordinates":[75.95294,12.5]},"properties":{"cell_id":43567,"case_count":1,"gi_zscore":-0.101,"gi_pvalue":0.181,"significance":"not_sig"}},{"type":"Feature","geometry":{"type":"Point","coordinates":[76.04706,12.5]},"properties":{"cell_id":43575,"case_count":1,"gi_zscore":-0.1054,"gi_pvalue":0.027,"significance":"cold_95"}},{"type":"Feature","geometry":{"type":"Point","coordinates":[76.25882,12.5]},"properties":{"cell_id":43593,"case_count":1,"gi_zscore":-0.1025,"gi_pvalue":0.093,"significance":"cold_90"}},{"type":"Feature","geometry":{"type":"Point","coordinates":[76.27059,12.5]},"properties":{"cell_id":43594,"case_count":1,"gi_zscore":-0.1025,"gi_pvalue":0.093,"significance":"cold_90"}},{"type":"Feature","geometry":{"type":"Point","coordinates":[76.67059,12.5]},"properties":{"cell_id":43628,"case_count":2,"gi_zscore":-0.098,"gi_pvalue":0.249,"significance":"not_sig"}},{"type":"Feature","geometry":{"type":"Point","coordinates":[76.68235,12.5]},"properties":{"cell_id":43629,"case_count":1,"gi_zscore":-0.098,"gi_pvalue":0.326,"significance":"not_sig"}},{"type":"Feature","geometry":{"type":"Point","coordinates":[77.34118,12.5]},"properties":{"cell_id":43685,"case_count":1,"gi_zscore":-0.0863,"gi_pvalue":0.318,"significance":"not_sig"}},{"type":"Feature","geometry":{"type":"Point","coordinates":[77.35294,12.5]},"properties":{"cell_id":43686,"case_count":4,"gi_zscore":-0.0848,"gi_pvalue":0.379,"significance":"not_sig"}},{"type":"Feature","geometry":{"type":"Point","coordinates":[77.38824,12.5]},"properties":{"cell_id":43689,"case_count":2,"gi_zscore":-0.0951,"gi_pvalue":0.469,"significance":"not_sig"}},{"type":"Feature","geometry":{"type":"Point","coordinates":[77.4,12.5]},"properties":{"cell_id":43690,"case_count":2,"gi_zscore":-0.0951,"gi_pvalue":0.469,"significance":"not_sig"}},{"type":"Feature","geometry":{"type":"Point","coordinates":[75.96471,12.50901]},"properties":{"cell_id":43959,"case_count":1,"gi_zscore":-0.101,"gi_pvalue":0.182,"significance":"not_sig"}},{"type":"Feature","geometry":{"type":"Point","coordinates":[76.05882,12.50901]},"properties":{"cell_id":43967,"case_count":1,"gi_zscore":-0.1054,"gi_pvalue":0.027,"significance":"cold_95"}},{"type":"Feature","geometry":{"type":"Point","coordinates":[77.35294,12.50901]},"properties":{"cell_id":44077,"case_count":1,"gi_zscore":-0.0848,"gi_pvalue":0.29,"significance":"not_sig"}},{"type":"Feature","geometry":{"type":"Point","coordinates":[77.36471,12.50901]},"properties":{"cell_id":44078,"case_count":1,"gi_zscore":-0.0833,"gi_pvalue":0.257,"significance":"not_sig"}},{"type":"Feature","geometry":{"type":"Point","coordinates":[77.38824,12.50901]},"properties":{"cell_id":44080,"case_count":1,"gi_zscore":-0.0951,"gi_pvalue":0.489,"significance":"not_sig"}},{"type":"Feature","geometry":{"type":"Point","coordinates":[76.88235,12.51802]},"properties":{"cell_id":44428,"case_count":4,"gi_zscore":-0.0877,"gi_pvalue":0.412,"significance":"not_sig"}},{"type":"Feature","geometry":{"type":"Point","coordinates":[76.89412,12.51802]},"properties":{"cell_id":44429,"case_count":1,"gi_zscore":-0.0877,"gi_pvalue":0.342,"significance":"not_sig"}},{"type":"Feature","geometry":{"type":"Point","coordinates":[76.90588,12.51802]},"properties":{"cell_id":44430,"case_count":1,"gi_zscore":-0.0877,"gi_pvalue":0.342,"significance":"not_sig"}},{"type":"Feature","geometry":{"type":"Point","coordinates":[77.35294,12.51802]},"properties":{"cell_id":44468,"case_count":2,"gi_zscore":-0.0863,"gi_pvalue":0.341,"significance":"not_sig"}},{"type":"Feature","geometry":{"type":"Point","coordinates":[77.36471,12.51802]},"properties":{"cell_id":44469,"case_count":4,"gi_zscore":-0.0877,"gi_pvalue":0.412,"significance":"not_sig"}},{"type":"Feature","geometry":{"type":"Point","coordinates":[77.37647,12.51802]},"properties":{"cell_id":44470,"case_count":2,"gi_zscore":-0.0907,"gi_pvalue":0.436,"significance":"not_sig"}},{"type":"Feature","geometry":{"type":"Point","coordinates":[77.38824,12.51802]},"properties":{"cell_id":44471,"case_count":1,"gi_zscore":-0.0936,"gi_pvalue":0.437,"significance":"not_sig"}},{"type":"Feature","geometry":{"type":"Point","coordinates":[75.83529,12.52703]},"properties":{"cell_id":44730,"case_count":2,"gi_zscore":-0.101,"gi_pvalue":0.095,"significance":"cold_90"}},{"type":"Feature","geometry":{"type":"Point","coordinates":[76.04706,12.52703]},"properties":{"cell_id":44748,"case_count":1,"gi_zscore":-0.1054,"gi_pvalue":0.027,"significance":"cold_95"}},{"type":"Feature","geometry":{"type":"Point","coordinates":[76.89412,12.52703]},"properties":{"cell_id":44820,"case_count":5,"gi_zscore":-0.0877,"gi_pvalue":0.445,"significance":"not_sig"}},{"type":"Feature","geometry":{"type":"Point","coordinates":[76.90588,12.52703]},"properties":{"cell_id":44821,"case_count":6,"gi_zscore":-0.0877,"gi_pvalue":0.494,"significance":"not_sig"}},{"type":"Feature","geometry":{"type":"Point","coordinates":[77.28235,12.52703]},"properties":{"cell_id":44853,"case_count":1,"gi_zscore":-0.0863,"gi_pvalue":0.294,"significance":"not_sig"}},{"type":"Feature","geometry":{"type":"Point","coordinates":[77.35294,12.52703]},"properties":{"cell_id":44859,"case_count":3,"gi_zscore":-0.0892,"gi_pvalue":0.436,"significance":"not_sig"}},{"type":"Feature","geometry":{"type":"Point","coordinates":[77.36471,12.52703]},"properties":{"cell_id":44860,"case_count":5,"gi_zscore":-0.0863,"gi_pvalue":0.436,"significance":"not_sig"}},{"type":"Feature","geometry":{"type":"Point","coordinates":[77.37647,12.52703]},"properties":{"cell_id":44861,"case_count":2,"gi_zscore":-0.0907,"gi_pvalue":0.436,"significance":"not_sig"}},{"type":"Feature","geometry":{"type":"Point","coordinates":[77.38824,12.52703]},"properties":{"cell_id":44862,"case_count":1,"gi_zscore":-0.0907,"gi_pvalue":0.399,"significance":"not_sig"}},{"type":"Feature","geometry":{"type":"Point","coordinates":[77.52941,12.52703]},"properties":{"cell_id":44874,"case_count":1,"gi_zscore":-0.1039,"gi_pvalue":0.027,"significance":"cold_95"}},{"type":"Feature","geometry":{"type":"Point","coordinates":[75.97647,12.53604]},"properties":{"cell_id":45133,"case_count":1,"gi_zscore":-0.1039,"gi_pvalue":0.095,"significance":"cold_90"}},{"type":"Feature","geometry":{"type":"Point","coordinates":[76.25882,12.53604]},"properties":{"cell_id":45157,"case_count":1,"gi_zscore":-0.1025,"gi_pvalue":0.095,"significance":"cold_90"}},{"type":"Feature","geometry":{"type":"Point","coordinates":[76.31765,12.53604]},"properties":{"cell_id":45162,"case_count":1,"gi_zscore":-0.1025,"gi_pvalue":0.095,"significance":"cold_90"}},{"type":"Feature","geometry":{"type":"Point","coordinates":[76.32941,12.53604]},"properties":{"cell_id":45163,"case_count":2,"gi_zscore":-0.1039,"gi_pvalue":0.001,"significance":"cold_99"}},{"type":"Feature","geometry":{"type":"Point","coordinates":[76.91765,12.53604]},"properties":{"cell_id":45213,"case_count":1,"gi_zscore":-0.0877,"gi_pvalue":0.339,"significance":"not_sig"}},{"type":"Feature","geometry":{"type":"Point","coordinates":[77.35294,12.53604]},"properties":{"cell_id":45250,"case_count":1,"gi_zscore":-0.0877,"gi_pvalue":0.339,"significance":"not_sig"}},{"type":"Feature","geometry":{"type":"Point","coordinates":[77.36471,12.53604]},"properties":{"cell_id":45251,"case_count":1,"gi_zscore":-0.0877,"gi_pvalue":0.339,"significance":"not_sig"}},{"type":"Feature","geometry":{"type":"Point","coordinates":[77.37647,12.53604]},"properties":{"cell_id":45252,"case_count":2,"gi_zscore":-0.0907,"gi_pvalue":0.436,"significance":"not_sig"}},{"type":"Feature","geometry":{"type":"Point","coordinates":[77.42353,12.53604]},"properties":{"cell_id":45256,"case_count":2,"gi_zscore":-0.0995,"gi_pvalue":0.185,"significance":"not_sig"}},{"type":"Feature","geometry":{"type":"Point","coordinates":[77.94118,12.53604]},"properties":{"cell_id":45300,"case_count":1,"gi_zscore":-0.0804,"gi_pvalue":0.241,"significance":"not_sig"}},{"type":"Feature","geometry":{"type":"Point","coordinates":[76.88235,12.54505]},"properties":{"cell_id":45601,"case_count":1,"gi_zscore":-0.0877,"gi_pvalue":0.339,"significance":"not_sig"}},{"type":"Feature","geometry":{"type":"Point","coordinates":[77.25882,12.54505]},"properties":{"cell_id":45633,"case_count":1,"gi_zscore":-0.0863,"gi_pvalue":0.318,"significance":"not_sig"}},{"type":"Feature","geometry":{"type":"Point","coordinates":[77.41176,12.54505]},"properties":{"cell_id":45646,"case_count":1,"gi_zscore":-0.098,"gi_pvalue":0.399,"significance":"not_sig"}},{"type":"Feature","geometry":{"type":"Point","coordinates":[77.42353,12.54505]},"properties":{"cell_id":45647,"case_count":3,"gi_zscore":-0.098,"gi_pvalue":0.251,"significance":"not_sig"}},{"type":"Feature","geometry":{"type":"Point","coordinates":[77.6,12.54505]},"properties":{"cell_id":45662,"case_count":1,"gi_zscore":-0.1039,"gi_pvalue":0.027,"significance":"cold_95"}},{"type":"Feature","geometry":{"type":"Point","coordinates":[77.92941,12.54505]},"properties":{"cell_id":45690,"case_count":1,"gi_zscore":-0.0804,"gi_pvalue":0.241,"significance":"not_sig"}},{"type":"Feature","geometry":{"type":"Point","coordinates":[75.4,12.55405]},"properties":{"cell_id":45866,"case_count":1,"gi_zscore":-0.1039,"gi_pvalue":0.027,"significance":"cold_95"}},{"type":"Feature","geometry":{"type":"Point","coordinates":[76.88235,12.55405]},"properties":{"cell_id":45992,"case_count":1,"gi_zscore":-0.0877,"gi_pvalue":0.339,"significance":"not_sig"}},{"type":"Feature","geometry":{"type":"Point","coordinates":[76.89412,12.55405]},"properties":{"cell_id":45993,"case_count":1,"gi_zscore":-0.0877,"gi_pvalue":0.339,"significance":"not_sig"}},{"type":"Feature","geometry":{"type":"Point","coordinates":[77.32941,12.55405]},"properties":{"cell_id":46030,"case_count":1,"gi_zscore":-0.0406,"gi_pvalue":0.109,"significance":"not_sig"}},{"type":"Feature","geometry":{"type":"Point","coordinates":[77.34118,12.55405]},"properties":{"cell_id":46031,"case_count":2,"gi_zscore":-0.048,"gi_pvalue":0.115,"significance":"not_sig"}},{"type":"Feature","geometry":{"type":"Point","coordinates":[77.35294,12.55405]},"properties":{"cell_id":46032,"case_count":1,"gi_zscore":-0.0892,"gi_pvalue":0.366,"significance":"not_sig"}},{"type":"Feature","geometry":{"type":"Point","coordinates":[77.42353,12.55405]},"properties":{"cell_id":46038,"case_count":1,"gi_zscore":-0.098,"gi_pvalue":0.329,"significance":"not_sig"}},{"type":"Feature","geometry":{"type":"Point","coordinates":[75.98824,12.56306]},"properties":{"cell_id":46307,"case_count":1,"gi_zscore":-0.1039,"gi_pvalue":0.094,"significance":"cold_90"}},{"type":"Feature","geometry":{"type":"Point","coordinates":[76.0,12.56306]},"properties":{"cell_id":46308,"case_count":1,"gi_zscore":-0.1054,"gi_pvalue":0.027,"significance":"cold_95"}},{"type":"Feature","geometry":{"type":"Point","coordinates":[77.31765,12.56306]},"properties":{"cell_id":46420,"case_count":3,"gi_zscore":-0.048,"gi_pvalue":0.116,"significance":"not_sig"}},{"type":"Feature","geometry":{"type":"Point","coordinates":[77.34118,12.56306]},"properties":{"cell_id":46422,"case_count":2,"gi_zscore":-0.0495,"gi_pvalue":0.116,"significance":"not_sig"}},{"type":"Feature","geometry":{"type":"Point","coordinates":[77.4,12.56306]},"properties":{"cell_id":46427,"case_count":2,"gi_zscore":-0.0966,"gi_pvalue":0.4,"significance":"not_sig"}},{"type":"Feature","geometry":{"type":"Point","coordinates":[77.44706,12.56306]},"properties":{"cell_id":46431,"case_count":1,"gi_zscore":-0.0995,"gi_pvalue":0.251,"significance":"not_sig"}},{"type":"Feature","geometry":{"type":"Point","coordinates":[77.52941,12.56306]},"properties":{"cell_id":46438,"case_count":1,"gi_zscore":-0.1039,"gi_pvalue":0.027,"significance":"cold_95"}},{"type":"Feature","geometry":{"type":"Point","coordinates":[76.0,12.57207]},"properties":{"cell_id":46699,"case_count":1,"gi_zscore":-0.1054,"gi_pvalue":0.027,"significance":"cold_95"}},{"type":"Feature","geometry":{"type":"Point","coordinates":[77.25882,12.57207]},"properties":{"cell_id":46806,"case_count":2,"gi_zscore":-0.0863,"gi_pvalue":0.34,"significance":"not_sig"}},{"type":"Feature","geometry":{"type":"Point","coordinates":[77.30588,12.57207]},"properties":{"cell_id":46810,"case_count":2,"gi_zscore":-0.0465,"gi_pvalue":0.114,"significance":"not_sig"}},{"type":"Feature","geometry":{"type":"Point","coordinates":[77.31765,12.57207]},"properties":{"cell_id":46811,"case_count":6,"gi_zscore":-0.0377,"gi_pvalue":0.111,"significance":"not_sig"}},{"type":"Feature","geometry":{"type":"Point","coordinates":[77.32941,12.57207]},"properties":{"cell_id":46812,"case_count":27,"gi_zscore":-0.0377,"gi_pvalue":0.205,"significance":"not_sig"}},{"type":"Feature","geometry":{"type":"Point","coordinates":[77.34118,12.57207]},"properties":{"cell_id":46813,"case_count":9,"gi_zscore":-0.0495,"gi_pvalue":0.131,"significance":"not_sig"}},{"type":"Feature","geometry":{"type":"Point","coordinates":[77.35294,12.57207]},"properties":{"cell_id":46814,"case_count":2,"gi_zscore":-0.0745,"gi_pvalue":0.194,"significance":"not_sig"}},{"type":"Feature","geometry":{"type":"Point","coordinates":[77.36471,12.57207]},"properties":{"cell_id":46815,"case_count":1,"gi_zscore":-0.0745,"gi_pvalue":0.18,"significance":"not_sig"}},{"type":"Feature","geometry":{"type":"Point","coordinates":[77.38824,12.57207]},"properties":{"cell_id":46817,"case_count":2,"gi_zscore":-0.0995,"gi_pvalue":0.184,"significance":"not_sig"}},{"type":"Feature","geometry":{"type":"Point","coordinates":[77.42353,12.57207]},"properties":{"cell_id":46820,"case_count":1,"gi_zscore":-0.098,"gi_pvalue":0.331,"significance":"not_sig"}},{"type":"Feature","geometry":{"type":"Point","coordinates":[77.52941,12.57207]},"properties":{"cell_id":46829,"case_count":1,"gi_zscore":-0.1039,"gi_pvalue":0.026,"significance":"cold_95"}},{"type":"Feature","geometry":{"type":"Point","coordinates":[77.57647,12.57207]},"properties":{"cell_id":46833,"case_count":2,"gi_zscore":-0.1039,"gi_pvalue":0.001,"significance":"cold_99"}},{"type":"Feature","geometry":{"type":"Point","coordinates":[77.61176,12.57207]},"properties":{"cell_id":46836,"case_count":1,"gi_zscore":-0.1039,"gi_pvalue":0.093,"significance":"cold_90"}},{"type":"Feature","geometry":{"type":"Point","coordinates":[74.52941,12.58108]},"properties":{"cell_id":46965,"case_count":1,"gi_zscore":-0.0966,"gi_pvalue":0.475,"significance":"not_sig"}},{"type":"Feature","geometry":{"type":"Point","coordinates":[76.25882,12.58108]},"properties":{"cell_id":47112,"case_count":1,"gi_zscore":-0.1039,"gi_pvalue":0.026,"significance":"cold_95"}},{"type":"Feature","geometry":{"type":"Point","coordinates":[76.31765,12.58108]},"properties":{"cell_id":47117,"case_count":1,"gi_zscore":-0.1039,"gi_pvalue":0.093,"significance":"cold_90"}},{"type":"Feature","geometry":{"type":"Point","coordinates":[77.31765,12.58108]},"properties":{"cell_id":47202,"case_count":3,"gi_zscore":-0.0495,"gi_pvalue":0.116,"significance":"not_sig"}},{"type":"Feature","geometry":{"type":"Point","coordinates":[77.32941,12.58108]},"properties":{"cell_id":47203,"case_count":2,"gi_zscore":-0.0392,"gi_pvalue":0.109,"significance":"not_sig"}},{"type":"Feature","geometry":{"type":"Point","coordinates":[77.34118,12.58108]},"properties":{"cell_id":47204,"case_count":1,"gi_zscore":-0.0348,"gi_pvalue":0.106,"significance":"not_sig"}},{"type":"Feature","geometry":{"type":"Point","coordinates":[77.52941,12.58108]},"properties":{"cell_id":47220,"case_count":1,"gi_zscore":-0.1039,"gi_pvalue":0.025,"significance":"cold_95"}},{"type":"Feature","geometry":{"type":"Point","coordinates":[75.84706,12.59009]},"properties":{"cell_id":47468,"case_count":1,"gi_zscore":-0.0995,"gi_pvalue":0.252,"significance":"not_sig"}},{"type":"Feature","geometry":{"type":"Point","coordinates":[76.82353,12.59009]},"properties":{"cell_id":47551,"case_count":1,"gi_zscore":-0.0863,"gi_pvalue":0.294,"significance":"not_sig"}},{"type":"Feature","geometry":{"type":"Point","coordinates":[77.29412,12.59009]},"properties":{"cell_id":47591,"case_count":3,"gi_zscore":-0.0465,"gi_pvalue":0.115,"significance":"not_sig"}},{"type":"Feature","geometry":{"type":"Point","coordinates":[77.32941,12.59009]},"properties":{"cell_id":47594,"case_count":2,"gi_zscore":-0.0274,"gi_pvalue":0.105,"significance":"not_sig"}},{"type":"Feature","geometry":{"type":"Point","coordinates":[77.34118,12.59009]},"properties":{"cell_id":47595,"case_count":1,"gi_zscore":-0.0362,"gi_pvalue":0.107,"significance":"not_sig"}},{"type":"Feature","geometry":{"type":"Point","coordinates":[77.35294,12.59009]},"properties":{"cell_id":47596,"case_count":11,"gi_zscore":-0.0774,"gi_pvalue":0.408,"significance":"not_sig"}},{"type":"Feature","geometry":{"type":"Point","coordinates":[77.36471,12.59009]},"properties":{"cell_id":47597,"case_count":1,"gi_zscore":-0.0774,"gi_pvalue":0.215,"significance":"not_sig"}},{"type":"Feature","geometry":{"type":"Point","coordinates":[77.43529,12.59009]},"properties":{"cell_id":47603,"case_count":1,"gi_zscore":-0.0995,"gi_pvalue":0.314,"significance":"not_sig"}},{"type":"Feature","geometry":{"type":"Point","coordinates":[77.45882,12.59009]},"properties":{"cell_id":47605,"case_count":1,"gi_zscore":-0.0995,"gi_pvalue":0.314,"significance":"not_sig"}},{"type":"Feature","geometry":{"type":"Point","coordinates":[77.56471,12.59009]},"properties":{"cell_id":47614,"case_count":1,"gi_zscore":-0.1039,"gi_pvalue":0.025,"significance":"cold_95"}},{"type":"Feature","geometry":{"type":"Point","coordinates":[75.84706,12.5991]},"properties":{"cell_id":47859,"case_count":2,"gi_zscore":-0.0995,"gi_pvalue":0.185,"significance":"not_sig"}},{"type":"Feature","geometry":{"type":"Point","coordinates":[75.92941,12.5991]},"properties":{"cell_id":47866,"case_count":1,"gi_zscore":-0.101,"gi_pvalue":0.17,"significance":"not_sig"}},{"type":"Feature","geometry":{"type":"Point","coordinates":[76.34118,12.5991]},"properties":{"cell_id":47901,"case_count":1,"gi_zscore":-0.1039,"gi_pvalue":0.093,"significance":"cold_90"}},{"type":"Feature","geometry":{"type":"Point","coordinates":[77.04706,12.5991]},"properties":{"cell_id":47961,"case_count":1,"gi_zscore":-0.1039,"gi_pvalue":0.025,"significance":"cold_95"}},{"type":"Feature","geometry":{"type":"Point","coordinates":[77.25882,12.5991]},"properties":{"cell_id":47979,"case_count":1,"gi_zscore":-0.0863,"gi_pvalue":0.316,"significance":"not_sig"}},{"type":"Feature","geometry":{"type":"Point","coordinates":[77.35294,12.5991]},"properties":{"cell_id":47987,"case_count":1,"gi_zscore":-0.0877,"gi_pvalue":0.338,"significance":"not_sig"}},{"type":"Feature","geometry":{"type":"Point","coordinates":[77.36471,12.5991]},"properties":{"cell_id":47988,"case_count":1,"gi_zscore":-0.0774,"gi_pvalue":0.215,"significance":"not_sig"}},{"type":"Feature","geometry":{"type":"Point","coordinates":[76.34118,12.60811]},"properties":{"cell_id":48292,"case_count":1,"gi_zscore":-0.1039,"gi_pvalue":0.093,"significance":"cold_90"}},{"type":"Feature","geometry":{"type":"Point","coordinates":[76.37647,12.60811]},"properties":{"cell_id":48295,"case_count":1,"gi_zscore":-0.1039,"gi_pvalue":0.093,"significance":"cold_90"}},{"type":"Feature","geometry":{"type":"Point","coordinates":[77.04706,12.60811]},"properties":{"cell_id":48352,"case_count":1,"gi_zscore":-0.1039,"gi_pvalue":0.025,"significance":"cold_95"}},{"type":"Feature","geometry":{"type":"Point","coordinates":[77.07059,12.61712]},"properties":{"cell_id":48745,"case_count":1,"gi_zscore":-0.1054,"gi_pvalue":0.025,"significance":"cold_95"}},{"type":"Feature","geometry":{"type":"Point","coordinates":[77.09412,12.61712]},"properties":{"cell_id":48747,"case_count":1,"gi_zscore":-0.1054,"gi_pvalue":0.025,"significance":"cold_95"}},{"type":"Feature","geometry":{"type":"Point","coordinates":[76.04706,12.62613]},"properties":{"cell_id":49049,"case_count":1,"gi_zscore":-0.1054,"gi_pvalue":0.025,"significance":"cold_95"}},{"type":"Feature","geometry":{"type":"Point","coordinates":[76.05882,12.62613]},"properties":{"cell_id":49050,"case_count":1,"gi_zscore":-0.1054,"gi_pvalue":0.025,"significance":"cold_95"}},{"type":"Feature","geometry":{"type":"Point","coordinates":[75.52941,12.63514]},"properties":{"cell_id":49396,"case_count":1,"gi_zscore":-0.1039,"gi_pvalue":0.025,"significance":"cold_95"}},{"type":"Feature","geometry":{"type":"Point","coordinates":[75.92941,12.63514]},"properties":{"cell_id":49430,"case_count":1,"gi_zscore":-0.098,"gi_pvalue":0.351,"significance":"not_sig"}},{"type":"Feature","geometry":{"type":"Point","coordinates":[76.91765,12.63514]},"properties":{"cell_id":49514,"case_count":2,"gi_zscore":-0.0907,"gi_pvalue":0.406,"significance":"not_sig"}},{"type":"Feature","geometry":{"type":"Point","coordinates":[77.12941,12.63514]},"properties":{"cell_id":49532,"case_count":1,"gi_zscore":-0.1039,"gi_pvalue":0.025,"significance":"cold_95"}},{"type":"Feature","geometry":{"type":"Point","coordinates":[77.16471,12.64414]},"properties":{"cell_id":49926,"case_count":1,"gi_zscore":-0.1039,"gi_pvalue":0.025,"significance":"cold_95"}},{"type":"Feature","geometry":{"type":"Point","coordinates":[77.2,12.64414]},"properties":{"cell_id":49929,"case_count":1,"gi_zscore":-0.1025,"gi_pvalue":0.093,"significance":"cold_90"}},{"type":"Feature","geometry":{"type":"Point","coordinates":[77.43529,12.64414]},"properties":{"cell_id":49949,"case_count":1,"gi_zscore":-0.098,"gi_pvalue":0.402,"significance":"not_sig"}},{"type":"Feature","geometry":{"type":"Point","coordinates":[75.92941,12.65315]},"properties":{"cell_id":50212,"case_count":3,"gi_zscore":-0.0966,"gi_pvalue":0.254,"significance":"not_sig"}},{"type":"Feature","geometry":{"type":"Point","coordinates":[77.21176,12.65315]},"properties":{"cell_id":50321,"case_count":1,"gi_zscore":-0.1025,"gi_pvalue":0.093,"significance":"cold_90"}},{"type":"Feature","geometry":{"type":"Point","coordinates":[77.23529,12.65315]},"properties":{"cell_id":50323,"case_count":1,"gi_zscore":-0.101,"gi_pvalue":0.184,"significance":"not_sig"}},{"type":"Feature","geometry":{"type":"Point","coordinates":[77.64706,12.65315]},"properties":{"cell_id":50358,"case_count":1,"gi_zscore":-0.1039,"gi_pvalue":0.025,"significance":"cold_95"}},{"type":"Feature","geometry":{"type":"Point","coordinates":[77.65882,12.65315]},"properties":{"cell_id":50359,"case_count":1,"gi_zscore":-0.1039,"gi_pvalue":0.025,"significance":"cold_95"}},{"type":"Feature","geometry":{"type":"Point","coordinates":[75.61176,12.66216]},"properties":{"cell_id":50576,"case_count":1,"gi_zscore":-0.1039,"gi_pvalue":0.093,"significance":"cold_90"}},{"type":"Feature","geometry":{"type":"Point","coordinates":[75.77647,12.66216]},"properties":{"cell_id":50590,"case_count":1,"gi_zscore":-0.0951,"gi_pvalue":0.475,"significance":"not_sig"}},{"type":"Feature","geometry":{"type":"Point","coordinates":[76.49412,12.66216]},"properties":{"cell_id":50651,"case_count":3,"gi_zscore":-0.101,"gi_pvalue":0.025,"significance":"cold_95"}},{"type":"Feature","geometry":{"type":"Point","coordinates":[77.21176,12.66216]},"properties":{"cell_id":50712,"case_count":2,"gi_zscore":-0.1025,"gi_pvalue":0.025,"significance":"cold_95"}},{"type":"Feature","geometry":{"type":"Point","coordinates":[77.44706,12.66216]},"properties":{"cell_id":50732,"case_count":1,"gi_zscore":-0.0966,"gi_pvalue":0.475,"significance":"not_sig"}},{"type":"Feature","geometry":{"type":"Point","coordinates":[75.61176,12.67117]},"properties":{"cell_id":50967,"case_count":1,"gi_zscore":-0.1039,"gi_pvalue":0.093,"significance":"cold_90"}},{"type":"Feature","geometry":{"type":"Point","coordinates":[77.57647,12.67117]},"properties":{"cell_id":51134,"case_count":1,"gi_zscore":-0.1039,"gi_pvalue":0.025,"significance":"cold_95"}},{"type":"Feature","geometry":{"type":"Point","coordinates":[76.58824,12.68018]},"properties":{"cell_id":51441,"case_count":2,"gi_zscore":-0.0995,"gi_pvalue":0.184,"significance":"not_sig"}},{"type":"Feature","geometry":{"type":"Point","coordinates":[77.47059,12.68018]},"properties":{"cell_id":51516,"case_count":5,"gi_zscore":-0.0966,"gi_pvalue":0.171,"significance":"not_sig"}},{"type":"Feature","geometry":{"type":"Point","coordinates":[77.09412,12.68919]},"properties":{"cell_id":51875,"case_count":1,"gi_zscore":-0.1054,"gi_pvalue":0.026,"significance":"cold_95"}},{"type":"Feature","geometry":{"type":"Point","coordinates":[77.63529,12.68919]},"properties":{"cell_id":51921,"case_count":1,"gi_zscore":-0.1039,"gi_pvalue":0.026,"significance":"cold_95"}},{"type":"Feature","geometry":{"type":"Point","coordinates":[75.10588,12.70721]},"properties":{"cell_id":52488,"case_count":1,"gi_zscore":-0.098,"gi_pvalue":0.404,"significance":"not_sig"}},{"type":"Feature","geometry":{"type":"Point","coordinates":[76.29412,12.70721]},"properties":{"cell_id":52589,"case_count":1,"gi_zscore":-0.1054,"gi_pvalue":0.026,"significance":"cold_95"}},{"type":"Feature","geometry":{"type":"Point","coordinates":[77.27059,12.70721]},"properties":{"cell_id":52672,"case_count":1,"gi_zscore":-0.0995,"gi_pvalue":0.317,"significance":"not_sig"}},{"type":"Feature","geometry":{"type":"Point","coordinates":[77.64706,12.70721]},"properties":{"cell_id":52704,"case_count":1,"gi_zscore":-0.098,"gi_pvalue":0.404,"significance":"not_sig"}},{"type":"Feature","geometry":{"type":"Point","coordinates":[77.67059,12.70721]},"properties":{"cell_id":52706,"case_count":1,"gi_zscore":-0.098,"gi_pvalue":0.404,"significance":"not_sig"}},{"type":"Feature","geometry":{"type":"Point","coordinates":[77.68235,12.70721]},"properties":{"cell_id":52707,"case_count":1,"gi_zscore":-0.0966,"gi_pvalue":0.476,"significance":"not_sig"}},{"type":"Feature","geometry":{"type":"Point","coordinates":[75.16471,12.71622]},"properties":{"cell_id":52884,"case_count":1,"gi_zscore":-0.0966,"gi_pvalue":0.476,"significance":"not_sig"}},{"type":"Feature","geometry":{"type":"Point","coordinates":[75.90588,12.71622]},"properties":{"cell_id":52947,"case_count":1,"gi_zscore":-0.098,"gi_pvalue":0.404,"significance":"not_sig"}},{"type":"Feature","geometry":{"type":"Point","coordinates":[77.68235,12.71622]},"properties":{"cell_id":53098,"case_count":1,"gi_zscore":-0.0966,"gi_pvalue":0.476,"significance":"not_sig"}},{"type":"Feature","geometry":{"type":"Point","coordinates":[77.69412,12.71622]},"properties":{"cell_id":53099,"case_count":1,"gi_zscore":-0.0966,"gi_pvalue":0.476,"significance":"not_sig"}},{"type":"Feature","geometry":{"type":"Point","coordinates":[77.70588,12.71622]},"properties":{"cell_id":53100,"case_count":1,"gi_zscore":-0.0966,"gi_pvalue":0.476,"significance":"not_sig"}},{"type":"Feature","geometry":{"type":"Point","coordinates":[75.2,12.72523]},"properties":{"cell_id":53278,"case_count":1,"gi_zscore":-0.0966,"gi_pvalue":0.476,"significance":"not_sig"}},{"type":"Feature","geometry":{"type":"Point","coordinates":[75.89412,12.72523]},"properties":{"cell_id":53337,"case_count":3,"gi_zscore":-0.098,"gi_pvalue":0.256,"significance":"not_sig"}},{"type":"Feature","geometry":{"type":"Point","coordinates":[76.08235,12.72523]},"properties":{"cell_id":53353,"case_count":1,"gi_zscore":-0.1025,"gi_pvalue":0.093,"significance":"cold_90"}},{"type":"Feature","geometry":{"type":"Point","coordinates":[77.27059,12.72523]},"properties":{"cell_id":53454,"case_count":2,"gi_zscore":-0.0995,"gi_pvalue":0.187,"significance":"not_sig"}},{"type":"Feature","geometry":{"type":"Point","coordinates":[77.28235,12.72523]},"properties":{"cell_id":53455,"case_count":2,"gi_zscore":-0.0995,"gi_pvalue":0.187,"significance":"not_sig"}},{"type":"Feature","geometry":{"type":"Point","coordinates":[77.65882,12.72523]},"properties":{"cell_id":53487,"case_count":2,"gi_zscore":-0.098,"gi_pvalue":0.317,"significance":"not_sig"}},{"type":"Feature","geometry":{"type":"Point","coordinates":[77.68235,12.72523]},"properties":{"cell_id":53489,"case_count":5,"gi_zscore":-0.0966,"gi_pvalue":0.172,"significance":"not_sig"}},{"type":"Feature","geometry":{"type":"Point","coordinates":[77.70588,12.72523]},"properties":{"cell_id":53491,"case_count":2,"gi_zscore":-0.0907,"gi_pvalue":0.407,"significance":"not_sig"}},{"type":"Feature","geometry":{"type":"Point","coordinates":[75.31765,12.73423]},"properties":{"cell_id":53679,"case_count":2,"gi_zscore":-0.0966,"gi_pvalue":0.404,"significance":"not_sig"}},{"type":"Feature","geometry":{"type":"Point","coordinates":[75.89412,12.73423]},"properties":{"cell_id":53728,"case_count":2,"gi_zscore":-0.098,"gi_pvalue":0.316,"significance":"not_sig"}},{"type":"Feature","geometry":{"type":"Point","coordinates":[77.49412,12.73423]},"properties":{"cell_id":53864,"case_count":2,"gi_zscore":-0.0966,"gi_pvalue":0.404,"significance":"not_sig"}},{"type":"Feature","geometry":{"type":"Point","coordinates":[77.63529,12.73423]},"properties":{"cell_id":53876,"case_count":1,"gi_zscore":-0.101,"gi_pvalue":0.187,"significance":"not_sig"}},{"type":"Feature","geometry":{"type":"Point","coordinates":[77.67059,12.73423]},"properties":{"cell_id":53879,"case_count":1,"gi_zscore":-0.098,"gi_pvalue":0.404,"significance":"not_sig"}},{"type":"Feature","geometry":{"type":"Point","coordinates":[75.2,12.74324]},"properties":{"cell_id":54060,"case_count":1,"gi_zscore":-0.0966,"gi_pvalue":0.476,"significance":"not_sig"}},{"type":"Feature","geometry":{"type":"Point","coordinates":[75.22353,12.74324]},"properties":{"cell_id":54062,"case_count":1,"gi_zscore":-0.0966,"gi_pvalue":0.476,"significance":"not_sig"}},{"type":"Feature","geometry":{"type":"Point","coordinates":[75.88235,12.74324]},"properties":{"cell_id":54118,"case_count":1,"gi_zscore":-0.098,"gi_pvalue":0.404,"significance":"not_sig"}},{"type":"Feature","geometry":{"type":"Point","coordinates":[77.48235,12.74324]},"properties":{"cell_id":54254,"case_count":2,"gi_zscore":-0.0951,"gi_pvalue":0.476,"significance":"not_sig"}},{"type":"Feature","geometry":{"type":"Point","coordinates":[77.72941,12.74324]},"properties":{"cell_id":54275,"case_count":2,"gi_zscore":-0.0936,"gi_pvalue":0.483,"significance":"not_sig"}},{"type":"Feature","geometry":{"type":"Point","coordinates":[75.03529,12.75225]},"properties":{"cell_id":54437,"case_count":1,"gi_zscore":-0.1054,"gi_pvalue":0.025,"significance":"cold_95"}},{"type":"Feature","geometry":{"type":"Point","coordinates":[75.21176,12.75225]},"properties":{"cell_id":54452,"case_count":2,"gi_zscore":-0.0966,"gi_pvalue":0.404,"significance":"not_sig"}},{"type":"Feature","geometry":{"type":"Point","coordinates":[75.45882,12.75225]},"properties":{"cell_id":54473,"case_count":1,"gi_zscore":-0.1039,"gi_pvalue":0.092,"significance":"cold_90"}},{"type":"Feature","geometry":{"type":"Point","coordinates":[76.27059,12.75225]},"properties":{"cell_id":54542,"case_count":1,"gi_zscore":-0.1054,"gi_pvalue":0.025,"significance":"cold_95"}},{"type":"Feature","geometry":{"type":"Point","coordinates":[77.63529,12.75225]},"properties":{"cell_id":54658,"case_count":1,"gi_zscore":-0.101,"gi_pvalue":0.189,"significance":"not_sig"}},{"type":"Feature","geometry":{"type":"Point","coordinates":[77.72941,12.75225]},"properties":{"cell_id":54666,"case_count":5,"gi_zscore":-0.0892,"gi_pvalue":0.477,"significance":"not_sig"}},{"type":"Feature","geometry":{"type":"Point","coordinates":[77.78824,12.75225]},"properties":{"cell_id":54671,"case_count":1,"gi_zscore":-0.0715,"gi_pvalue":0.168,"significance":"not_sig"}},{"type":"Feature","geometry":{"type":"Point","coordinates":[74.87059,12.76126]},"properties":{"cell_id":54814,"case_count":2,"gi_zscore":-0.0966,"gi_pvalue":0.406,"significance":"not_sig"}},{"type":"Feature","geometry":{"type":"Point","coordinates":[75.10588,12.76126]},"properties":{"cell_id":54834,"case_count":1,"gi_zscore":-0.098,"gi_pvalue":0.406,"significance":"not_sig"}},{"type":"Feature","geometry":{"type":"Point","coordinates":[75.2,12.76126]},"properties":{"cell_id":54842,"case_count":5,"gi_zscore":-0.0966,"gi_pvalue":0.174,"significance":"not_sig"}},{"type":"Feature","geometry":{"type":"Point","coordinates":[76.0,12.76126]},"properties":{"cell_id":54910,"case_count":1,"gi_zscore":-0.101,"gi_pvalue":0.19,"significance":"not_sig"}},{"type":"Feature","geometry":{"type":"Point","coordinates":[76.04706,12.76126]},"properties":{"cell_id":54914,"case_count":1,"gi_zscore":-0.1039,"gi_pvalue":0.026,"significance":"cold_95"}},{"type":"Feature","geometry":{"type":"Point","coordinates":[77.32941,12.76126]},"properties":{"cell_id":55023,"case_count":1,"gi_zscore":-0.101,"gi_pvalue":0.19,"significance":"not_sig"}},{"type":"Feature","geometry":{"type":"Point","coordinates":[77.61176,12.76126]},"properties":{"cell_id":55047,"case_count":1,"gi_zscore":-0.0951,"gi_pvalue":0.477,"significance":"not_sig"}},{"type":"Feature","geometry":{"type":"Point","coordinates":[77.62353,12.76126]},"properties":{"cell_id":55048,"case_count":1,"gi_zscore":-0.101,"gi_pvalue":0.19,"significance":"not_sig"}},{"type":"Feature","geometry":{"type":"Point","coordinates":[77.63529,12.76126]},"properties":{"cell_id":55049,"case_count":1,"gi_zscore":-0.0966,"gi_pvalue":0.477,"significance":"not_sig"}},{"type":"Feature","geometry":{"type":"Point","coordinates":[77.64706,12.76126]},"properties":{"cell_id":55050,"case_count":3,"gi_zscore":-0.0966,"gi_pvalue":0.34,"significance":"not_sig"}},{"type":"Feature","geometry":{"type":"Point","coordinates":[77.65882,12.76126]},"properties":{"cell_id":55051,"case_count":1,"gi_zscore":-0.0966,"gi_pvalue":0.41,"significance":"not_sig"}},{"type":"Feature","geometry":{"type":"Point","coordinates":[77.71765,12.76126]},"properties":{"cell_id":55056,"case_count":1,"gi_zscore":-0.0848,"gi_pvalue":0.29,"significance":"not_sig"}},{"type":"Feature","geometry":{"type":"Point","coordinates":[77.76471,12.76126]},"properties":{"cell_id":55060,"case_count":1,"gi_zscore":-0.0715,"gi_pvalue":0.168,"significance":"not_sig"}},{"type":"Feature","geometry":{"type":"Point","coordinates":[75.18824,12.77027]},"properties":{"cell_id":55232,"case_count":2,"gi_zscore":-0.0966,"gi_pvalue":0.405,"significance":"not_sig"}},{"type":"Feature","geometry":{"type":"Point","coordinates":[76.42353,12.77027]},"properties":{"cell_id":55337,"case_count":1,"gi_zscore":-0.0995,"gi_pvalue":0.317,"significance":"not_sig"}},{"type":"Feature","geometry":{"type":"Point","coordinates":[77.41176,12.77027]},"properties":{"cell_id":55421,"case_count":1,"gi_zscore":-0.1025,"gi_pvalue":0.173,"significance":"not_sig"}},{"type":"Feature","geometry":{"type":"Point","coordinates":[77.61176,12.77027]},"properties":{"cell_id":55438,"case_count":1,"gi_zscore":-0.0936,"gi_pvalue":0.444,"significance":"not_sig"}},{"type":"Feature","geometry":{"type":"Point","coordinates":[77.62353,12.77027]},"properties":{"cell_id":55439,"case_count":1,"gi_zscore":-0.0936,"gi_pvalue":0.483,"significance":"not_sig"}},{"type":"Feature","geometry":{"type":"Point","coordinates":[77.64706,12.77027]},"properties":{"cell_id":55441,"case_count":2,"gi_zscore":-0.0892,"gi_pvalue":0.397,"significance":"not_sig"}},{"type":"Feature","geometry":{"type":"Point","coordinates":[77.65882,12.77027]},"properties":{"cell_id":55442,"case_count":1,"gi_zscore":-0.0966,"gi_pvalue":0.476,"significance":"not_sig"}},{"type":"Feature","geometry":{"type":"Point","coordinates":[77.70588,12.77027]},"properties":{"cell_id":55446,"case_count":3,"gi_zscore":-0.0715,"gi_pvalue":0.191,"significance":"not_sig"}},{"type":"Feature","geometry":{"type":"Point","coordinates":[74.89412,12.77928]},"properties":{"cell_id":55598,"case_count":1,"gi_zscore":-0.0995,"gi_pvalue":0.317,"significance":"not_sig"}},{"type":"Feature","geometry":{"type":"Point","coordinates":[75.18824,12.77928]},"properties":{"cell_id":55623,"case_count":1,"gi_zscore":-0.0966,"gi_pvalue":0.476,"significance":"not_sig"}},{"type":"Feature","geometry":{"type":"Point","coordinates":[75.21176,12.77928]},"properties":{"cell_id":55625,"case_count":1,"gi_zscore":-0.0936,"gi_pvalue":0.444,"significance":"not_sig"}},{"type":"Feature","geometry":{"type":"Point","coordinates":[76.04706,12.77928]},"properties":{"cell_id":55696,"case_count":1,"gi_zscore":-0.1039,"gi_pvalue":0.026,"significance":"cold_95"}},{"type":"Feature","geometry":{"type":"Point","coordinates":[76.24706,12.77928]},"properties":{"cell_id":55713,"case_count":1,"gi_zscore":-0.1039,"gi_pvalue":0.026,"significance":"cold_95"}},{"type":"Feature","geometry":{"type":"Point","coordinates":[77.09412,12.77928]},"properties":{"cell_id":55785,"case_count":1,"gi_zscore":-0.0995,"gi_pvalue":0.317,"significance":"not_sig"}},{"type":"Feature","geometry":{"type":"Point","coordinates":[77.64706,12.77928]},"properties":{"cell_id":55832,"case_count":4,"gi_zscore":-0.0877,"gi_pvalue":0.411,"significance":"not_sig"}},{"type":"Feature","geometry":{"type":"Point","coordinates":[77.68235,12.77928]},"properties":{"cell_id":55835,"case_count":1,"gi_zscore":-0.0863,"gi_pvalue":0.293,"significance":"not_sig"}},{"type":"Feature","geometry":{"type":"Point","coordinates":[77.69412,12.77928]},"properties":{"cell_id":55836,"case_count":1,"gi_zscore":-0.0627,"gi_pvalue":0.133,"significance":"not_sig"}},{"type":"Feature","geometry":{"type":"Point","coordinates":[77.70588,12.77928]},"properties":{"cell_id":55837,"case_count":1,"gi_zscore":-0.0657,"gi_pvalue":0.139,"significance":"not_sig"}},{"type":"Feature","geometry":{"type":"Point","coordinates":[77.74118,12.77928]},"properties":{"cell_id":55840,"case_count":1,"gi_zscore":-0.0715,"gi_pvalue":0.165,"significance":"not_sig"}},{"type":"Feature","geometry":{"type":"Point","coordinates":[77.76471,12.77928]},"properties":{"cell_id":55842,"case_count":9,"gi_zscore":-0.0715,"gi_pvalue":0.256,"significance":"not_sig"}},{"type":"Feature","geometry":{"type":"Point","coordinates":[77.77647,12.77928]},"properties":{"cell_id":55843,"case_count":9,"gi_zscore":-0.0715,"gi_pvalue":0.268,"significance":"not_sig"}},{"type":"Feature","geometry":{"type":"Point","coordinates":[75.90588,12.78829]},"properties":{"cell_id":56075,"case_count":1,"gi_zscore":-0.098,"gi_pvalue":0.356,"significance":"not_sig"}},{"type":"Feature","geometry":{"type":"Point","coordinates":[76.24706,12.78829]},"properties":{"cell_id":56104,"case_count":1,"gi_zscore":-0.1039,"gi_pvalue":0.026,"significance":"cold_95"}},{"type":"Feature","geometry":{"type":"Point","coordinates":[76.51765,12.78829]},"properties":{"cell_id":56127,"case_count":1,"gi_zscore":-0.101,"gi_pvalue":0.255,"significance":"not_sig"}},{"type":"Feature","geometry":{"type":"Point","coordinates":[77.25882,12.78829]},"properties":{"cell_id":56190,"case_count":2,"gi_zscore":-0.0995,"gi_pvalue":0.192,"significance":"not_sig"}},{"type":"Feature","geometry":{"type":"Point","coordinates":[77.37647,12.78829]},"properties":{"cell_id":56200,"case_count":1,"gi_zscore":-0.1039,"gi_pvalue":0.093,"significance":"cold_90"}},{"type":"Feature","geometry":{"type":"Point","coordinates":[77.56471,12.78829]},"properties":{"cell_id":56216,"case_count":1,"gi_zscore":-0.0951,"gi_pvalue":0.475,"significance":"not_sig"}},{"type":"Feature","geometry":{"type":"Point","coordinates":[77.63529,12.78829]},"properties":{"cell_id":56222,"case_count":6,"gi_zscore":-0.0833,"gi_pvalue":0.407,"significance":"not_sig"}},{"type":"Feature","geometry":{"type":"Point","coordinates":[77.67059,12.78829]},"properties":{"cell_id":56225,"case_count":1,"gi_zscore":-0.0966,"gi_pvalue":0.409,"significance":"not_sig"}},{"type":"Feature","geometry":{"type":"Point","coordinates":[77.69412,12.78829]},"properties":{"cell_id":56227,"case_count":4,"gi_zscore":-0.0612,"gi_pvalue":0.144,"significance":"not_sig"}},{"type":"Feature","geometry":{"type":"Point","coordinates":[77.70588,12.78829]},"properties":{"cell_id":56228,"case_count":5,"gi_zscore":-0.0642,"gi_pvalue":0.159,"significance":"not_sig"}},{"type":"Feature","geometry":{"type":"Point","coordinates":[77.71765,12.78829]},"properties":{"cell_id":56229,"case_count":1,"gi_zscore":-0.0612,"gi_pvalue":0.128,"significance":"not_sig"}},{"type":"Feature","geometry":{"type":"Point","coordinates":[77.72941,12.78829]},"properties":{"cell_id":56230,"case_count":4,"gi_zscore":-0.0774,"gi_pvalue":0.245,"significance":"not_sig"}},{"type":"Feature","geometry":{"type":"Point","coordinates":[77.74118,12.78829]},"properties":{"cell_id":56231,"case_count":5,"gi_zscore":-0.0877,"gi_pvalue":0.436,"significance":"not_sig"}},{"type":"Feature","geometry":{"type":"Point","coordinates":[77.75294,12.78829]},"properties":{"cell_id":56232,"case_count":2,"gi_zscore":-0.0671,"gi_pvalue":0.151,"significance":"not_sig"}},{"type":"Feature","geometry":{"type":"Point","coordinates":[77.77647,12.78829]},"properties":{"cell_id":56234,"case_count":3,"gi_zscore":-0.0657,"gi_pvalue":0.147,"significance":"not_sig"}},{"type":"Feature","geometry":{"type":"Point","coordinates":[74.90588,12.7973]},"properties":{"cell_id":56381,"case_count":1,"gi_zscore":-0.101,"gi_pvalue":0.191,"significance":"not_sig"}},{"type":"Feature","geometry":{"type":"Point","coordinates":[74.94118,12.7973]},"properties":{"cell_id":56384,"case_count":1,"gi_zscore":-0.1025,"gi_pvalue":0.093,"significance":"cold_90"}},{"type":"Feature","geometry":{"type":"Point","coordinates":[77.58824,12.7973]},"properties":{"cell_id":56609,"case_count":1,"gi_zscore":-0.098,"gi_pvalue":0.339,"significance":"not_sig"}},{"type":"Feature","geometry":{"type":"Point","coordinates":[77.6,12.7973]},"properties":{"cell_id":56610,"case_count":1,"gi_zscore":-0.0922,"gi_pvalue":0.438,"significance":"not_sig"}},{"type":"Feature","geometry":{"type":"Point","coordinates":[77.61176,12.7973]},"properties":{"cell_id":56611,"case_count":1,"gi_zscore":-0.0907,"gi_pvalue":0.396,"significance":"not_sig"}},{"type":"Feature","geometry":{"type":"Point","coordinates":[77.62353,12.7973]},"properties":{"cell_id":56612,"case_count":4,"gi_zscore":-0.0892,"gi_pvalue":0.484,"significance":"not_sig"}},{"type":"Feature","geometry":{"type":"Point","coordinates":[77.64706,12.7973]},"properties":{"cell_id":56614,"case_count":2,"gi_zscore":-0.0863,"gi_pvalue":0.334,"significance":"not_sig"}},{"type":"Feature","geometry":{"type":"Point","coordinates":[77.65882,12.7973]},"properties":{"cell_id":56615,"case_count":1,"gi_zscore":-0.0907,"gi_pvalue":0.396,"significance":"not_sig"}},{"type":"Feature","geometry":{"type":"Point","coordinates":[77.67059,12.7973]},"properties":{"cell_id":56616,"case_count":1,"gi_zscore":-0.0922,"gi_pvalue":0.438,"significance":"not_sig"}},{"type":"Feature","geometry":{"type":"Point","coordinates":[77.68235,12.7973]},"properties":{"cell_id":56617,"case_count":3,"gi_zscore":-0.0833,"gi_pvalue":0.315,"significance":"not_sig"}},{"type":"Feature","geometry":{"type":"Point","coordinates":[77.69412,12.7973]},"properties":{"cell_id":56618,"case_count":5,"gi_zscore":-0.0495,"gi_pvalue":0.121,"significance":"not_sig"}},{"type":"Feature","geometry":{"type":"Point","coordinates":[77.70588,12.7973]},"properties":{"cell_id":56619,"case_count":15,"gi_zscore":-0.0539,"gi_pvalue":0.188,"significance":"not_sig"}},{"type":"Feature","geometry":{"type":"Point","coordinates":[77.71765,12.7973]},"properties":{"cell_id":56620,"case_count":2,"gi_zscore":-0.0568,"gi_pvalue":0.124,"significance":"not_sig"}},{"type":"Feature","geometry":{"type":"Point","coordinates":[77.72941,12.7973]},"properties":{"cell_id":56621,"case_count":4,"gi_zscore":-0.0642,"gi_pvalue":0.151,"significance":"not_sig"}},{"type":"Feature","geometry":{"type":"Point","coordinates":[77.76471,12.7973]},"properties":{"cell_id":56624,"case_count":1,"gi_zscore":-0.0657,"gi_pvalue":0.137,"significance":"not_sig"}},{"type":"Feature","geometry":{"type":"Point","coordinates":[74.84706,12.80631]},"properties":{"cell_id":56767,"case_count":2,"gi_zscore":-0.098,"gi_pvalue":0.32,"significance":"not_sig"}},{"type":"Feature","geometry":{"type":"Point","coordinates":[74.85882,12.80631]},"properties":{"cell_id":56768,"case_count":2,"gi_zscore":-0.098,"gi_pvalue":0.32,"significance":"not_sig"}},{"type":"Feature","geometry":{"type":"Point","coordinates":[74.87059,12.80631]},"properties":{"cell_id":56769,"case_count":1,"gi_zscore":-0.0951,"gi_pvalue":0.483,"significance":"not_sig"}},{"type":"Feature","geometry":{"type":"Point","coordinates":[74.88235,12.80631]},"properties":{"cell_id":56770,"case_count":2,"gi_zscore":-0.098,"gi_pvalue":0.32,"significance":"not_sig"}},{"type":"Feature","geometry":{"type":"Point","coordinates":[74.89412,12.80631]},"properties":{"cell_id":56771,"case_count":3,"gi_zscore":-0.101,"gi_pvalue":0.092,"significance":"cold_90"}},{"type":"Feature","geometry":{"type":"Point","coordinates":[74.90588,12.80631]},"properties":{"cell_id":56772,"case_count":1,"gi_zscore":-0.101,"gi_pvalue":0.19,"significance":"not_sig"}},{"type":"Feature","geometry":{"type":"Point","coordinates":[74.91765,12.80631]},"properties":{"cell_id":56773,"case_count":1,"gi_zscore":-0.101,"gi_pvalue":0.19,"significance":"not_sig"}},{"type":"Feature","geometry":{"type":"Point","coordinates":[74.92941,12.80631]},"properties":{"cell_id":56774,"case_count":1,"gi_zscore":-0.1025,"gi_pvalue":0.092,"significance":"cold_90"}},{"type":"Feature","geometry":{"type":"Point","coordinates":[77.0,12.80631]},"properties":{"cell_id":56950,"case_count":1,"gi_zscore":-0.0995,"gi_pvalue":0.32,"significance":"not_sig"}},{"type":"Feature","geometry":{"type":"Point","coordinates":[77.42353,12.80631]},"properties":{"cell_id":56986,"case_count":1,"gi_zscore":-0.1025,"gi_pvalue":0.092,"significance":"cold_90"}},{"type":"Feature","geometry":{"type":"Point","coordinates":[77.56471,12.80631]},"properties":{"cell_id":56998,"case_count":1,"gi_zscore":-0.0951,"gi_pvalue":0.493,"significance":"not_sig"}},{"type":"Feature","geometry":{"type":"Point","coordinates":[77.57647,12.80631]},"properties":{"cell_id":56999,"case_count":2,"gi_zscore":-0.0951,"gi_pvalue":0.476,"significance":"not_sig"}},{"type":"Feature","geometry":{"type":"Point","coordinates":[77.58824,12.80631]},"properties":{"cell_id":57000,"case_count":1,"gi_zscore":-0.0966,"gi_pvalue":0.476,"significance":"not_sig"}},{"type":"Feature","geometry":{"type":"Point","coordinates":[77.62353,12.80631]},"properties":{"cell_id":57003,"case_count":3,"gi_zscore":-0.0892,"gi_pvalue":0.438,"significance":"not_sig"}},{"type":"Feature","geometry":{"type":"Point","coordinates":[77.65882,12.80631]},"properties":{"cell_id":57006,"case_count":2,"gi_zscore":-0.0922,"gi_pvalue":0.484,"significance":"not_sig"}},{"type":"Feature","geometry":{"type":"Point","coordinates":[77.67059,12.80631]},"properties":{"cell_id":57007,"case_count":3,"gi_zscore":-0.0922,"gi_pvalue":0.493,"significance":"not_sig"}},{"type":"Feature","geometry":{"type":"Point","coordinates":[77.68235,12.80631]},"properties":{"cell_id":57008,"case_count":2,"gi_zscore":-0.0774,"gi_pvalue":0.227,"significance":"not_sig"}},{"type":"Feature","geometry":{"type":"Point","coordinates":[77.69412,12.80631]},"properties":{"cell_id":57009,"case_count":4,"gi_zscore":-0.0568,"gi_pvalue":0.128,"significance":"not_sig"}},{"type":"Feature","geometry":{"type":"Point","coordinates":[77.70588,12.80631]},"properties":{"cell_id":57010,"case_count":4,"gi_zscore":-0.0495,"gi_pvalue":0.12,"significance":"not_sig"}},{"type":"Feature","geometry":{"type":"Point","coordinates":[77.71765,12.80631]},"properties":{"cell_id":57011,"case_count":4,"gi_zscore":-0.0627,"gi_pvalue":0.144,"significance":"not_sig"}},{"type":"Feature","geometry":{"type":"Point","coordinates":[77.75294,12.80631]},"properties":{"cell_id":57014,"case_count":1,"gi_zscore":-0.0774,"gi_pvalue":0.215,"significance":"not_sig"}},{"type":"Feature","geometry":{"type":"Point","coordinates":[77.78824,12.80631]},"properties":{"cell_id":57017,"case_count":5,"gi_zscore":-0.0715,"gi_pvalue":0.203,"significance":"not_sig"}},{"type":"Feature","geometry":{"type":"Point","coordinates":[74.85882,12.81532]},"properties":{"cell_id":57159,"case_count":2,"gi_zscore":-0.098,"gi_pvalue":0.32,"significance":"not_sig"}},{"type":"Feature","geometry":{"type":"Point","coordinates":[74.87059,12.81532]},"properties":{"cell_id":57160,"case_count":1,"gi_zscore":-0.098,"gi_pvalue":0.408,"significance":"not_sig"}},{"type":"Feature","geometry":{"type":"Point","coordinates":[74.88235,12.81532]},"properties":{"cell_id":57161,"case_count":1,"gi_zscore":-0.0995,"gi_pvalue":0.255,"significance":"not_sig"}},{"type":"Feature","geometry":{"type":"Point","coordinates":[77.57647,12.81532]},"properties":{"cell_id":57390,"case_count":2,"gi_zscore":-0.0951,"gi_pvalue":0.476,"significance":"not_sig"}},{"type":"Feature","geometry":{"type":"Point","coordinates":[77.58824,12.81532]},"properties":{"cell_id":57391,"case_count":4,"gi_zscore":-0.0966,"gi_pvalue":0.256,"significance":"not_sig"}},{"type":"Feature","geometry":{"type":"Point","coordinates":[77.6,12.81532]},"properties":{"cell_id":57392,"case_count":1,"gi_zscore":-0.0951,"gi_pvalue":0.491,"significance":"not_sig"}},{"type":"Feature","geometry":{"type":"Point","coordinates":[77.63529,12.81532]},"properties":{"cell_id":57395,"case_count":1,"gi_zscore":-0.0951,"gi_pvalue":0.482,"significance":"not_sig"}},{"type":"Feature","geometry":{"type":"Point","coordinates":[77.64706,12.81532]},"properties":{"cell_id":57396,"case_count":1,"gi_zscore":-0.098,"gi_pvalue":0.409,"significance":"not_sig"}},{"type":"Feature","geometry":{"type":"Point","coordinates":[77.65882,12.81532]},"properties":{"cell_id":57397,"case_count":1,"gi_zscore":-0.0848,"gi_pvalue":0.292,"significance":"not_sig"}},{"type":"Feature","geometry":{"type":"Point","coordinates":[77.67059,12.81532]},"properties":{"cell_id":57398,"case_count":4,"gi_zscore":-0.0686,"gi_pvalue":0.179,"significance":"not_sig"}},{"type":"Feature","geometry":{"type":"Point","coordinates":[77.68235,12.81532]},"properties":{"cell_id":57399,"case_count":1,"gi_zscore":-0.0612,"gi_pvalue":0.129,"significance":"not_sig"}},{"type":"Feature","geometry":{"type":"Point","coordinates":[77.69412,12.81532]},"properties":{"cell_id":57400,"case_count":5,"gi_zscore":-0.0642,"gi_pvalue":0.151,"significance":"not_sig"}},{"type":"Feature","geometry":{"type":"Point","coordinates":[77.70588,12.81532]},"properties":{"cell_id":57401,"case_count":3,"gi_zscore":-0.0612,"gi_pvalue":0.135,"significance":"not_sig"}},{"type":"Feature","geometry":{"type":"Point","coordinates":[77.74118,12.81532]},"properties":{"cell_id":57404,"case_count":1,"gi_zscore":-0.0848,"gi_pvalue":0.282,"significance":"not_sig"}},{"type":"Feature","geometry":{"type":"Point","coordinates":[74.83529,12.82432]},"properties":{"cell_id":57548,"case_count":1,"gi_zscore":-0.0966,"gi_pvalue":0.413,"significance":"not_sig"}},{"type":"Feature","geometry":{"type":"Point","coordinates":[74.85882,12.82432]},"properties":{"cell_id":57550,"case_count":2,"gi_zscore":-0.0995,"gi_pvalue":0.19,"significance":"not_sig"}},{"type":"Feature","geometry":{"type":"Point","coordinates":[74.89412,12.82432]},"properties":{"cell_id":57553,"case_count":1,"gi_zscore":-0.101,"gi_pvalue":0.19,"significance":"not_sig"}},{"type":"Feature","geometry":{"type":"Point","coordinates":[75.57647,12.82432]},"properties":{"cell_id":57611,"case_count":1,"gi_zscore":-0.1054,"gi_pvalue":0.027,"significance":"cold_95"}},{"type":"Feature","geometry":{"type":"Point","coordinates":[77.02353,12.82432]},"properties":{"cell_id":57734,"case_count":3,"gi_zscore":-0.098,"gi_pvalue":0.257,"significance":"not_sig"}},{"type":"Feature","geometry":{"type":"Point","coordinates":[77.03529,12.82432]},"properties":{"cell_id":57735,"case_count":3,"gi_zscore":-0.0995,"gi_pvalue":0.175,"significance":"not_sig"}},{"type":"Feature","geometry":{"type":"Point","coordinates":[77.14118,12.82432]},"properties":{"cell_id":57744,"case_count":1,"gi_zscore":-0.0995,"gi_pvalue":0.323,"significance":"not_sig"}},{"type":"Feature","geometry":{"type":"Point","coordinates":[77.56471,12.82432]},"properties":{"cell_id":57780,"case_count":3,"gi_zscore":-0.0907,"gi_pvalue":0.483,"significance":"not_sig"}},{"type":"Feature","geometry":{"type":"Point","coordinates":[77.6,12.82432]},"properties":{"cell_id":57783,"case_count":2,"gi_zscore":-0.0863,"gi_pvalue":0.336,"significance":"not_sig"}},{"type":"Feature","geometry":{"type":"Point","coordinates":[77.63529,12.82432]},"properties":{"cell_id":57786,"case_count":1,"gi_zscore":-0.0966,"gi_pvalue":0.474,"significance":"not_sig"}},{"type":"Feature","geometry":{"type":"Point","coordinates":[77.64706,12.82432]},"properties":{"cell_id":57787,"case_count":1,"gi_zscore":-0.101,"gi_pvalue":0.19,"significance":"not_sig"}},{"type":"Feature","geometry":{"type":"Point","coordinates":[77.65882,12.82432]},"properties":{"cell_id":57788,"case_count":3,"gi_zscore":-0.0833,"gi_pvalue":0.313,"significance":"not_sig"}},{"type":"Feature","geometry":{"type":"Point","coordinates":[77.67059,12.82432]},"properties":{"cell_id":57789,"case_count":7,"gi_zscore":-0.0598,"gi_pvalue":0.151,"significance":"not_sig"}},{"type":"Feature","geometry":{"type":"Point","coordinates":[77.68235,12.82432]},"properties":{"cell_id":57790,"case_count":11,"gi_zscore":-0.0554,"gi_pvalue":0.158,"significance":"not_sig"}},{"type":"Feature","geometry":{"type":"Point","coordinates":[77.69412,12.82432]},"properties":{"cell_id":57791,"case_count":2,"gi_zscore":-0.0701,"gi_pvalue":0.162,"significance":"not_sig"}},{"type":"Feature","geometry":{"type":"Point","coordinates":[77.71765,12.82432]},"properties":{"cell_id":57793,"case_count":1,"gi_zscore":-0.0922,"gi_pvalue":0.44,"significance":"not_sig"}},{"type":"Feature","geometry":{"type":"Point","coordinates":[77.78824,12.82432]},"properties":{"cell_id":57799,"case_count":2,"gi_zscore":-0.0892,"gi_pvalue":0.398,"significance":"not_sig"}},{"type":"Feature","geometry":{"type":"Point","coordinates":[74.83529,12.83333]},"properties":{"cell_id":57939,"case_count":1,"gi_zscore":-0.073,"gi_pvalue":0.179,"significance":"not_sig"}},{"type":"Feature","geometry":{"type":"Point","coordinates":[74.89412,12.83333]},"properties":{"cell_id":57944,"case_count":1,"gi_zscore":-0.0995,"gi_pvalue":0.322,"significance":"not_sig"}},{"type":"Feature","geometry":{"type":"Point","coordinates":[75.11765,12.83333]},"properties":{"cell_id":57963,"case_count":1,"gi_zscore":-0.0951,"gi_pvalue":0.494,"significance":"not_sig"}},{"type":"Feature","geometry":{"type":"Point","coordinates":[75.27059,12.83333]},"properties":{"cell_id":57976,"case_count":1,"gi_zscore":-0.0951,"gi_pvalue":0.494,"significance":"not_sig"}},{"type":"Feature","geometry":{"type":"Point","coordinates":[77.41176,12.83333]},"properties":{"cell_id":58158,"case_count":1,"gi_zscore":-0.1054,"gi_pvalue":0.027,"significance":"cold_95"}},{"type":"Feature","geometry":{"type":"Point","coordinates":[77.52941,12.83333]},"properties":{"cell_id":58168,"case_count":1,"gi_zscore":-0.0936,"gi_pvalue":0.484,"significance":"not_sig"}},{"type":"Feature","geometry":{"type":"Point","coordinates":[77.54118,12.83333]},"properties":{"cell_id":58169,"case_count":2,"gi_zscore":-0.0936,"gi_pvalue":0.473,"significance":"not_sig"}},{"type":"Feature","geometry":{"type":"Point","coordinates":[77.57647,12.83333]},"properties":{"cell_id":58172,"case_count":1,"gi_zscore":-0.0848,"gi_pvalue":0.281,"significance":"not_sig"}},{"type":"Feature","geometry":{"type":"Point","coordinates":[77.58824,12.83333]},"properties":{"cell_id":58173,"case_count":1,"gi_zscore":-0.0892,"gi_pvalue":0.361,"significance":"not_sig"}},{"type":"Feature","geometry":{"type":"Point","coordinates":[77.61176,12.83333]},"properties":{"cell_id":58175,"case_count":4,"gi_zscore":-0.0966,"gi_pvalue":0.256,"significance":"not_sig"}},{"type":"Feature","geometry":{"type":"Point","coordinates":[77.63529,12.83333]},"properties":{"cell_id":58177,"case_count":1,"gi_zscore":-0.098,"gi_pvalue":0.408,"significance":"not_sig"}},{"type":"Feature","geometry":{"type":"Point","coordinates":[77.64706,12.83333]},"properties":{"cell_id":58178,"case_count":2,"gi_zscore":-0.0818,"gi_pvalue":0.269,"significance":"not_sig"}},{"type":"Feature","geometry":{"type":"Point","coordinates":[77.65882,12.83333]},"properties":{"cell_id":58179,"case_count":1,"gi_zscore":-0.0715,"gi_pvalue":0.165,"significance":"not_sig"}},{"type":"Feature","geometry":{"type":"Point","coordinates":[77.67059,12.83333]},"properties":{"cell_id":58180,"case_count":4,"gi_zscore":-0.0436,"gi_pvalue":0.114,"significance":"not_sig"}},{"type":"Feature","geometry":{"type":"Point","coordinates":[77.68235,12.83333]},"properties":{"cell_id":58181,"case_count":8,"gi_zscore":-0.0642,"gi_pvalue":0.19,"significance":"not_sig"}},{"type":"Feature","geometry":{"type":"Point","coordinates":[77.69412,12.83333]},"properties":{"cell_id":58182,"case_count":1,"gi_zscore":-0.0701,"gi_pvalue":0.151,"significance":"not_sig"}},{"type":"Feature","geometry":{"type":"Point","coordinates":[77.70588,12.83333]},"properties":{"cell_id":58183,"case_count":1,"gi_zscore":-0.0848,"gi_pvalue":0.282,"significance":"not_sig"}},{"type":"Feature","geometry":{"type":"Point","coordinates":[77.72941,12.83333]},"properties":{"cell_id":58185,"case_count":1,"gi_zscore":-0.0966,"gi_pvalue":0.469,"significance":"not_sig"}},{"type":"Feature","geometry":{"type":"Point","coordinates":[77.77647,12.83333]},"properties":{"cell_id":58189,"case_count":1,"gi_zscore":-0.0863,"gi_pvalue":0.293,"significance":"not_sig"}},{"type":"Feature","geometry":{"type":"Point","coordinates":[77.78824,12.83333]},"properties":{"cell_id":58190,"case_count":1,"gi_zscore":-0.0863,"gi_pvalue":0.293,"significance":"not_sig"}},{"type":"Feature","geometry":{"type":"Point","coordinates":[74.84706,12.84234]},"properties":{"cell_id":58331,"case_count":1,"gi_zscore":-0.0686,"gi_pvalue":0.151,"significance":"not_sig"}},{"type":"Feature","geometry":{"type":"Point","coordinates":[74.85882,12.84234]},"properties":{"cell_id":58332,"case_count":1,"gi_zscore":-0.0877,"gi_pvalue":0.342,"significance":"not_sig"}},{"type":"Feature","geometry":{"type":"Point","coordinates":[74.97647,12.84234]},"properties":{"cell_id":58342,"case_count":1,"gi_zscore":-0.1054,"gi_pvalue":0.027,"significance":"cold_95"}},{"type":"Feature","geometry":{"type":"Point","coordinates":[75.04706,12.84234]},"properties":{"cell_id":58348,"case_count":1,"gi_zscore":-0.0966,"gi_pvalue":0.469,"significance":"not_sig"}},{"type":"Feature","geometry":{"type":"Point","coordinates":[75.07059,12.84234]},"properties":{"cell_id":58350,"case_count":1,"gi_zscore":-0.0966,"gi_pvalue":0.469,"significance":"not_sig"}},{"type":"Feature","geometry":{"type":"Point","coordinates":[75.24706,12.84234]},"properties":{"cell_id":58365,"case_count":3,"gi_zscore":-0.0936,"gi_pvalue":0.47,"significance":"not_sig"}},{"type":"Feature","geometry":{"type":"Point","coordinates":[76.47059,12.84234]},"properties":{"cell_id":58469,"case_count":1,"gi_zscore":-0.1025,"gi_pvalue":0.097,"significance":"cold_90"}},{"type":"Feature","geometry":{"type":"Point","coordinates":[76.92941,12.84234]},"properties":{"cell_id":58508,"case_count":1,"gi_zscore":-0.0995,"gi_pvalue":0.322,"significance":"not_sig"}},{"type":"Feature","geometry":{"type":"Point","coordinates":[77.50588,12.84234]},"properties":{"cell_id":58557,"case_count":2,"gi_zscore":-0.098,"gi_pvalue":0.322,"significance":"not_sig"}},{"type":"Feature","geometry":{"type":"Point","coordinates":[77.54118,12.84234]},"properties":{"cell_id":58560,"case_count":1,"gi_zscore":-0.0966,"gi_pvalue":0.469,"significance":"not_sig"}},{"type":"Feature","geometry":{"type":"Point","coordinates":[77.55294,12.84234]},"properties":{"cell_id":58561,"case_count":2,"gi_zscore":-0.0951,"gi_pvalue":0.469,"significance":"not_sig"}},{"type":"Feature","geometry":{"type":"Point","coordinates":[77.57647,12.84234]},"properties":{"cell_id":58563,"case_count":2,"gi_zscore":-0.0877,"gi_pvalue":0.366,"significance":"not_sig"}},{"type":"Feature","geometry":{"type":"Point","coordinates":[77.58824,12.84234]},"properties":{"cell_id":58564,"case_count":6,"gi_zscore":-0.0892,"gi_pvalue":0.449,"significance":"not_sig"}},{"type":"Feature","geometry":{"type":"Point","coordinates":[77.6,12.84234]},"properties":{"cell_id":58565,"case_count":2,"gi_zscore":-0.0907,"gi_pvalue":0.445,"significance":"not_sig"}},{"type":"Feature","geometry":{"type":"Point","coordinates":[77.61176,12.84234]},"properties":{"cell_id":58566,"case_count":1,"gi_zscore":-0.0892,"gi_pvalue":0.366,"significance":"not_sig"}},{"type":"Feature","geometry":{"type":"Point","coordinates":[77.63529,12.84234]},"properties":{"cell_id":58568,"case_count":4,"gi_zscore":-0.0966,"gi_pvalue":0.261,"significance":"not_sig"}},{"type":"Feature","geometry":{"type":"Point","coordinates":[77.64706,12.84234]},"properties":{"cell_id":58569,"case_count":1,"gi_zscore":-0.0818,"gi_pvalue":0.254,"significance":"not_sig"}},{"type":"Feature","geometry":{"type":"Point","coordinates":[77.65882,12.84234]},"properties":{"cell_id":58570,"case_count":11,"gi_zscore":-0.076,"gi_pvalue":0.403,"significance":"not_sig"}},{"type":"Feature","geometry":{"type":"Point","coordinates":[77.67059,12.84234]},"properties":{"cell_id":58571,"case_count":2,"gi_zscore":-0.0583,"gi_pvalue":0.124,"significance":"not_sig"}},{"type":"Feature","geometry":{"type":"Point","coordinates":[77.69412,12.84234]},"properties":{"cell_id":58573,"case_count":1,"gi_zscore":-0.076,"gi_pvalue":0.201,"significance":"not_sig"}},{"type":"Feature","geometry":{"type":"Point","coordinates":[77.78824,12.84234]},"properties":{"cell_id":58581,"case_count":1,"gi_zscore":-0.0922,"gi_pvalue":0.445,"significance":"not_sig"}},{"type":"Feature","geometry":{"type":"Point","coordinates":[74.82353,12.85135]},"properties":{"cell_id":58720,"case_count":1,"gi_zscore":-0.0627,"gi_pvalue":0.131,"significance":"not_sig"}},{"type":"Feature","geometry":{"type":"Point","coordinates":[74.83529,12.85135]},"properties":{"cell_id":58721,"case_count":3,"gi_zscore":-0.0509,"gi_pvalue":0.119,"significance":"not_sig"}},{"type":"Feature","geometry":{"type":"Point","coordinates":[74.87059,12.85135]},"properties":{"cell_id":58724,"case_count":1,"gi_zscore":-0.0818,"gi_pvalue":0.255,"significance":"not_sig"}},{"type":"Feature","geometry":{"type":"Point","coordinates":[75.02353,12.85135]},"properties":{"cell_id":58737,"case_count":1,"gi_zscore":-0.0966,"gi_pvalue":0.469,"significance":"not_sig"}},{"type":"Feature","geometry":{"type":"Point","coordinates":[76.36471,12.85135]},"properties":{"cell_id":58851,"case_count":1,"gi_zscore":-0.1025,"gi_pvalue":0.094,"significance":"cold_90"}},{"type":"Feature","geometry":{"type":"Point","coordinates":[76.49412,12.85135]},"properties":{"cell_id":58862,"case_count":1,"gi_zscore":-0.1025,"gi_pvalue":0.094,"significance":"cold_90"}},{"type":"Feature","geometry":{"type":"Point","coordinates":[77.0,12.85135]},"properties":{"cell_id":58905,"case_count":1,"gi_zscore":-0.098,"gi_pvalue":0.407,"significance":"not_sig"}},{"type":"Feature","geometry":{"type":"Point","coordinates":[77.03529,12.85135]},"properties":{"cell_id":58908,"case_count":1,"gi_zscore":-0.098,"gi_pvalue":0.407,"significance":"not_sig"}},{"type":"Feature","geometry":{"type":"Point","coordinates":[77.42353,12.85135]},"properties":{"cell_id":58941,"case_count":1,"gi_zscore":-0.1039,"gi_pvalue":0.026,"significance":"cold_95"}},{"type":"Feature","geometry":{"type":"Point","coordinates":[77.45882,12.85135]},"properties":{"cell_id":58944,"case_count":1,"gi_zscore":-0.1025,"gi_pvalue":0.094,"significance":"cold_90"}},{"type":"Feature","geometry":{"type":"Point","coordinates":[77.57647,12.85135]},"properties":{"cell_id":58954,"case_count":3,"gi_zscore":-0.0804,"gi_pvalue":0.27,"significance":"not_sig"}},{"type":"Feature","geometry":{"type":"Point","coordinates":[77.58824,12.85135]},"properties":{"cell_id":58955,"case_count":1,"gi_zscore":-0.0877,"gi_pvalue":0.337,"significance":"not_sig"}},{"type":"Feature","geometry":{"type":"Point","coordinates":[77.6,12.85135]},"properties":{"cell_id":58956,"case_count":1,"gi_zscore":-0.0877,"gi_pvalue":0.337,"significance":"not_sig"}},{"type":"Feature","geometry":{"type":"Point","coordinates":[77.62353,12.85135]},"properties":{"cell_id":58958,"case_count":2,"gi_zscore":-0.0936,"gi_pvalue":0.489,"significance":"not_sig"}},{"type":"Feature","geometry":{"type":"Point","coordinates":[77.64706,12.85135]},"properties":{"cell_id":58960,"case_count":2,"gi_zscore":-0.0818,"gi_pvalue":0.258,"significance":"not_sig"}},{"type":"Feature","geometry":{"type":"Point","coordinates":[77.65882,12.85135]},"properties":{"cell_id":58961,"case_count":2,"gi_zscore":-0.076,"gi_pvalue":0.215,"significance":"not_sig"}},{"type":"Feature","geometry":{"type":"Point","coordinates":[77.67059,12.85135]},"properties":{"cell_id":58962,"case_count":4,"gi_zscore":-0.0774,"gi_pvalue":0.244,"significance":"not_sig"}},{"type":"Feature","geometry":{"type":"Point","coordinates":[77.68235,12.85135]},"properties":{"cell_id":58963,"case_count":2,"gi_zscore":-0.0833,"gi_pvalue":0.282,"significance":"not_sig"}},{"type":"Feature","geometry":{"type":"Point","coordinates":[77.72941,12.85135]},"properties":{"cell_id":58967,"case_count":2,"gi_zscore":-0.0951,"gi_pvalue":0.469,"significance":"not_sig"}},{"type":"Feature","geometry":{"type":"Point","coordinates":[78.16471,12.85135]},"properties":{"cell_id":59004,"case_count":2,"gi_zscore":-0.1025,"gi_pvalue":0.094,"significance":"cold_90"}},{"type":"Feature","geometry":{"type":"Point","coordinates":[78.2,12.85135]},"properties":{"cell_id":59007,"case_count":1,"gi_zscore":-0.1025,"gi_pvalue":0.174,"significance":"not_sig"}},{"type":"Feature","geometry":{"type":"Point","coordinates":[74.83529,12.86036]},"properties":{"cell_id":59112,"case_count":15,"gi_zscore":-0.0436,"gi_pvalue":0.135,"significance":"not_sig"}},{"type":"Feature","geometry":{"type":"Point","coordinates":[74.84706,12.86036]},"properties":{"cell_id":59113,"case_count":6,"gi_zscore":-0.0348,"gi_pvalue":0.11,"significance":"not_sig"}},{"type":"Feature","geometry":{"type":"Point","coordinates":[74.85882,12.86036]},"properties":{"cell_id":59114,"case_count":4,"gi_zscore":-0.0686,"gi_pvalue":0.184,"significance":"not_sig"}},{"type":"Feature","geometry":{"type":"Point","coordinates":[74.87059,12.86036]},"properties":{"cell_id":59115,"case_count":2,"gi_zscore":-0.0804,"gi_pvalue":0.256,"significance":"not_sig"}},{"type":"Feature","geometry":{"type":"Point","coordinates":[75.29412,12.86036]},"properties":{"cell_id":59151,"case_count":1,"gi_zscore":-0.0995,"gi_pvalue":0.325,"significance":"not_sig"}},{"type":"Feature","geometry":{"type":"Point","coordinates":[75.41176,12.86036]},"properties":{"cell_id":59161,"case_count":1,"gi_zscore":-0.101,"gi_pvalue":0.189,"significance":"not_sig"}},{"type":"Feature","geometry":{"type":"Point","coordinates":[77.04706,12.86036]},"properties":{"cell_id":59300,"case_count":1,"gi_zscore":-0.098,"gi_pvalue":0.409,"significance":"not_sig"}},{"type":"Feature","geometry":{"type":"Point","coordinates":[77.09412,12.86036]},"properties":{"cell_id":59304,"case_count":1,"gi_zscore":-0.098,"gi_pvalue":0.409,"significance":"not_sig"}},{"type":"Feature","geometry":{"type":"Point","coordinates":[77.52941,12.86036]},"properties":{"cell_id":59341,"case_count":3,"gi_zscore":-0.098,"gi_pvalue":0.174,"significance":"not_sig"}},{"type":"Feature","geometry":{"type":"Point","coordinates":[77.55294,12.86036]},"properties":{"cell_id":59343,"case_count":2,"gi_zscore":-0.0951,"gi_pvalue":0.469,"significance":"not_sig"}},{"type":"Feature","geometry":{"type":"Point","coordinates":[77.56471,12.86036]},"properties":{"cell_id":59344,"case_count":2,"gi_zscore":-0.0848,"gi_pvalue":0.292,"significance":"not_sig"}},{"type":"Feature","geometry":{"type":"Point","coordinates":[77.57647,12.86036]},"properties":{"cell_id":59345,"case_count":2,"gi_zscore":-0.0848,"gi_pvalue":0.292,"significance":"not_sig"}},{"type":"Feature","geometry":{"type":"Point","coordinates":[77.58824,12.86036]},"properties":{"cell_id":59346,"case_count":3,"gi_zscore":-0.0848,"gi_pvalue":0.34,"significance":"not_sig"}},{"type":"Feature","geometry":{"type":"Point","coordinates":[77.6,12.86036]},"properties":{"cell_id":59347,"case_count":1,"gi_zscore":-0.0892,"gi_pvalue":0.365,"significance":"not_sig"}},{"type":"Feature","geometry":{"type":"Point","coordinates":[77.61176,12.86036]},"properties":{"cell_id":59348,"case_count":1,"gi_zscore":-0.0892,"gi_pvalue":0.365,"significance":"not_sig"}},{"type":"Feature","geometry":{"type":"Point","coordinates":[77.65882,12.86036]},"properties":{"cell_id":59352,"case_count":1,"gi_zscore":-0.076,"gi_pvalue":0.203,"significance":"not_sig"}},{"type":"Feature","geometry":{"type":"Point","coordinates":[77.69412,12.86036]},"properties":{"cell_id":59355,"case_count":1,"gi_zscore":-0.0892,"gi_pvalue":0.365,"significance":"not_sig"}},{"type":"Feature","geometry":{"type":"Point","coordinates":[77.74118,12.86036]},"properties":{"cell_id":59359,"case_count":1,"gi_zscore":-0.0892,"gi_pvalue":0.365,"significance":"not_sig"}},{"type":"Feature","geometry":{"type":"Point","coordinates":[77.76471,12.86036]},"properties":{"cell_id":59361,"case_count":5,"gi_zscore":-0.0877,"gi_pvalue":0.49,"significance":"not_sig"}},{"type":"Feature","geometry":{"type":"Point","coordinates":[77.77647,12.86036]},"properties":{"cell_id":59362,"case_count":3,"gi_zscore":-0.0907,"gi_pvalue":0.491,"significance":"not_sig"}},{"type":"Feature","geometry":{"type":"Point","coordinates":[77.78824,12.86036]},"properties":{"cell_id":59363,"case_count":3,"gi_zscore":-0.0922,"gi_pvalue":0.5,"significance":"not_sig"}},{"type":"Feature","geometry":{"type":"Point","coordinates":[77.81176,12.86036]},"properties":{"cell_id":59365,"case_count":1,"gi_zscore":-0.098,"gi_pvalue":0.408,"significance":"not_sig"}},{"type":"Feature","geometry":{"type":"Point","coordinates":[74.83529,12.86937]},"properties":{"cell_id":59503,"case_count":7,"gi_zscore":-0.0421,"gi_pvalue":0.116,"significance":"not_sig"}},{"type":"Feature","geometry":{"type":"Point","coordinates":[74.84706,12.86937]},"properties":{"cell_id":59504,"case_count":11,"gi_zscore":-0.0333,"gi_pvalue":0.114,"significance":"not_sig"}},{"type":"Feature","geometry":{"type":"Point","coordinates":[74.85882,12.86937]},"properties":{"cell_id":59505,"case_count":6,"gi_zscore":-0.0583,"gi_pvalue":0.141,"significance":"not_sig"}},{"type":"Feature","geometry":{"type":"Point","coordinates":[74.88235,12.86937]},"properties":{"cell_id":59507,"case_count":1,"gi_zscore":-0.0863,"gi_pvalue":0.294,"significance":"not_sig"}},{"type":"Feature","geometry":{"type":"Point","coordinates":[74.90588,12.86937]},"properties":{"cell_id":59509,"case_count":2,"gi_zscore":-0.0995,"gi_pvalue":0.189,"significance":"not_sig"}},{"type":"Feature","geometry":{"type":"Point","coordinates":[74.91765,12.86937]},"properties":{"cell_id":59510,"case_count":1,"gi_zscore":-0.1025,"gi_pvalue":0.094,"significance":"cold_90"}},{"type":"Feature","geometry":{"type":"Point","coordinates":[74.94118,12.86937]},"properties":{"cell_id":59512,"case_count":1,"gi_zscore":-0.1025,"gi_pvalue":0.094,"significance":"cold_90"}},{"type":"Feature","geometry":{"type":"Point","coordinates":[74.95294,12.86937]},"properties":{"cell_id":59513,"case_count":1,"gi_zscore":-0.1025,"gi_pvalue":0.094,"significance":"cold_90"}},{"type":"Feature","geometry":{"type":"Point","coordinates":[75.03529,12.86937]},"properties":{"cell_id":59520,"case_count":1,"gi_zscore":-0.0966,"gi_pvalue":0.47,"significance":"not_sig"}},{"type":"Feature","geometry":{"type":"Point","coordinates":[76.54118,12.86937]},"properties":{"cell_id":59648,"case_count":1,"gi_zscore":-0.1054,"gi_pvalue":0.027,"significance":"cold_95"}},{"type":"Feature","geometry":{"type":"Point","coordinates":[77.0,12.86937]},"properties":{"cell_id":59687,"case_count":1,"gi_zscore":-0.098,"gi_pvalue":0.412,"significance":"not_sig"}},{"type":"Feature","geometry":{"type":"Point","coordinates":[77.03529,12.86937]},"properties":{"cell_id":59690,"case_count":1,"gi_zscore":-0.098,"gi_pvalue":0.412,"significance":"not_sig"}},{"type":"Feature","geometry":{"type":"Point","coordinates":[77.52941,12.86937]},"properties":{"cell_id":59732,"case_count":1,"gi_zscore":-0.0995,"gi_pvalue":0.325,"significance":"not_sig"}},{"type":"Feature","geometry":{"type":"Point","coordinates":[77.55294,12.86937]},"properties":{"cell_id":59734,"case_count":1,"gi_zscore":-0.0863,"gi_pvalue":0.294,"significance":"not_sig"}},{"type":"Feature","geometry":{"type":"Point","coordinates":[77.57647,12.86937]},"properties":{"cell_id":59736,"case_count":6,"gi_zscore":-0.073,"gi_pvalue":0.239,"significance":"not_sig"}},{"type":"Feature","geometry":{"type":"Point","coordinates":[77.58824,12.86937]},"properties":{"cell_id":59737,"case_count":1,"gi_zscore":-0.0745,"gi_pvalue":0.193,"significance":"not_sig"}},{"type":"Feature","geometry":{"type":"Point","coordinates":[77.6,12.86937]},"properties":{"cell_id":59738,"case_count":5,"gi_zscore":-0.0789,"gi_pvalue":0.293,"significance":"not_sig"}},{"type":"Feature","geometry":{"type":"Point","coordinates":[77.65882,12.86937]},"properties":{"cell_id":59743,"case_count":5,"gi_zscore":-0.0936,"gi_pvalue":0.326,"significance":"not_sig"}},{"type":"Feature","geometry":{"type":"Point","coordinates":[77.67059,12.86937]},"properties":{"cell_id":59744,"case_count":1,"gi_zscore":-0.0936,"gi_pvalue":0.455,"significance":"not_sig"}},{"type":"Feature","geometry":{"type":"Point","coordinates":[77.70588,12.86937]},"properties":{"cell_id":59747,"case_count":1,"gi_zscore":-0.0951,"gi_pvalue":0.498,"significance":"not_sig"}},{"type":"Feature","geometry":{"type":"Point","coordinates":[77.76471,12.86937]},"properties":{"cell_id":59752,"case_count":2,"gi_zscore":-0.0863,"gi_pvalue":0.336,"significance":"not_sig"}},{"type":"Feature","geometry":{"type":"Point","coordinates":[77.78824,12.86937]},"properties":{"cell_id":59754,"case_count":1,"gi_zscore":-0.0907,"gi_pvalue":0.405,"significance":"not_sig"}},{"type":"Feature","geometry":{"type":"Point","coordinates":[78.0,12.86937]},"properties":{"cell_id":59772,"case_count":2,"gi_zscore":-0.101,"gi_pvalue":0.094,"significance":"cold_90"}},{"type":"Feature","geometry":{"type":"Point","coordinates":[78.31765,12.86937]},"properties":{"cell_id":59799,"case_count":1,"gi_zscore":-0.0877,"gi_pvalue":0.337,"significance":"not_sig"}},{"type":"Feature","geometry":{"type":"Point","coordinates":[74.83529,12.87838]},"properties":{"cell_id":59894,"case_count":3,"gi_zscore":-0.0406,"gi_pvalue":0.111,"significance":"not_sig"}},{"type":"Feature","geometry":{"type":"Point","coordinates":[74.84706,12.87838]},"properties":{"cell_id":59895,"case_count":4,"gi_zscore":-0.0568,"gi_pvalue":0.128,"significance":"not_sig"}},{"type":"Feature","geometry":{"type":"Point","coordinates":[74.85882,12.87838]},"properties":{"cell_id":59896,"case_count":2,"gi_zscore":-0.0612,"gi_pvalue":0.132,"significance":"not_sig"}},{"type":"Feature","geometry":{"type":"Point","coordinates":[74.87059,12.87838]},"properties":{"cell_id":59897,"case_count":3,"gi_zscore":-0.0833,"gi_pvalue":0.314,"significance":"not_sig"}},{"type":"Feature","geometry":{"type":"Point","coordinates":[74.92941,12.87838]},"properties":{"cell_id":59902,"case_count":1,"gi_zscore":-0.1025,"gi_pvalue":0.094,"significance":"cold_90"}},{"type":"Feature","geometry":{"type":"Point","coordinates":[74.94118,12.87838]},"properties":{"cell_id":59903,"case_count":1,"gi_zscore":-0.1025,"gi_pvalue":0.094,"significance":"cold_90"}},{"type":"Feature","geometry":{"type":"Point","coordinates":[75.01176,12.87838]},"properties":{"cell_id":59909,"case_count":1,"gi_zscore":-0.0966,"gi_pvalue":0.471,"significance":"not_sig"}},{"type":"Feature","geometry":{"type":"Point","coordinates":[75.03529,12.87838]},"properties":{"cell_id":59911,"case_count":7,"gi_zscore":-0.0966,"gi_pvalue":0.027,"significance":"cold_95"}},{"type":"Feature","geometry":{"type":"Point","coordinates":[76.92941,12.87838]},"properties":{"cell_id":60072,"case_count":1,"gi_zscore":-0.1025,"gi_pvalue":0.173,"significance":"not_sig"}},{"type":"Feature","geometry":{"type":"Point","coordinates":[77.37647,12.87838]},"properties":{"cell_id":60110,"case_count":1,"gi_zscore":-0.1039,"gi_pvalue":0.027,"significance":"cold_95"}},{"type":"Feature","geometry":{"type":"Point","coordinates":[77.54118,12.87838]},"properties":{"cell_id":60124,"case_count":2,"gi_zscore":-0.0936,"gi_pvalue":0.468,"significance":"not_sig"}},{"type":"Feature","geometry":{"type":"Point","coordinates":[77.55294,12.87838]},"properties":{"cell_id":60125,"case_count":1,"gi_zscore":-0.0848,"gi_pvalue":0.282,"significance":"not_sig"}},{"type":"Feature","geometry":{"type":"Point","coordinates":[77.56471,12.87838]},"properties":{"cell_id":60126,"case_count":2,"gi_zscore":-0.0686,"gi_pvalue":0.162,"significance":"not_sig"}},{"type":"Feature","geometry":{"type":"Point","coordinates":[77.57647,12.87838]},"properties":{"cell_id":60127,"case_count":3,"gi_zscore":-0.0642,"gi_pvalue":0.146,"significance":"not_sig"}},{"type":"Feature","geometry":{"type":"Point","coordinates":[77.58824,12.87838]},"properties":{"cell_id":60128,"case_count":4,"gi_zscore":-0.0612,"gi_pvalue":0.141,"significance":"not_sig"}},{"type":"Feature","geometry":{"type":"Point","coordinates":[77.6,12.87838]},"properties":{"cell_id":60129,"case_count":5,"gi_zscore":-0.0818,"gi_pvalue":0.313,"significance":"not_sig"}},{"type":"Feature","geometry":{"type":"Point","coordinates":[77.62353,12.87838]},"properties":{"cell_id":60131,"case_count":2,"gi_zscore":-0.0657,"gi_pvalue":0.145,"significance":"not_sig"}},{"type":"Feature","geometry":{"type":"Point","coordinates":[77.64706,12.87838]},"properties":{"cell_id":60133,"case_count":1,"gi_zscore":-0.076,"gi_pvalue":0.203,"significance":"not_sig"}},{"type":"Feature","geometry":{"type":"Point","coordinates":[77.65882,12.87838]},"properties":{"cell_id":60134,"case_count":1,"gi_zscore":-0.0951,"gi_pvalue":0.488,"significance":"not_sig"}},{"type":"Feature","geometry":{"type":"Point","coordinates":[77.67059,12.87838]},"properties":{"cell_id":60135,"case_count":1,"gi_zscore":-0.0907,"gi_pvalue":0.374,"significance":"not_sig"}},{"type":"Feature","geometry":{"type":"Point","coordinates":[77.71765,12.87838]},"properties":{"cell_id":60139,"case_count":1,"gi_zscore":-0.0951,"gi_pvalue":0.465,"significance":"not_sig"}},{"type":"Feature","geometry":{"type":"Point","coordinates":[77.75294,12.87838]},"properties":{"cell_id":60142,"case_count":3,"gi_zscore":-0.0877,"gi_pvalue":0.403,"significance":"not_sig"}},{"type":"Feature","geometry":{"type":"Point","coordinates":[77.76471,12.87838]},"properties":{"cell_id":60143,"case_count":2,"gi_zscore":-0.0892,"gi_pvalue":0.403,"significance":"not_sig"}},{"type":"Feature","geometry":{"type":"Point","coordinates":[77.77647,12.87838]},"properties":{"cell_id":60144,"case_count":1,"gi_zscore":-0.0907,"gi_pvalue":0.403,"significance":"not_sig"}},{"type":"Feature","geometry":{"type":"Point","coordinates":[77.81176,12.87838]},"properties":{"cell_id":60147,"case_count":1,"gi_zscore":-0.101,"gi_pvalue":0.185,"significance":"not_sig"}},{"type":"Feature","geometry":{"type":"Point","coordinates":[77.84706,12.87838]},"properties":{"cell_id":60150,"case_count":1,"gi_zscore":-0.101,"gi_pvalue":0.185,"significance":"not_sig"}},{"type":"Feature","geometry":{"type":"Point","coordinates":[78.2,12.87838]},"properties":{"cell_id":60180,"case_count":2,"gi_zscore":-0.1025,"gi_pvalue":0.093,"significance":"cold_90"}},{"type":"Feature","geometry":{"type":"Point","coordinates":[74.82353,12.88739]},"properties":{"cell_id":60284,"case_count":5,"gi_zscore":-0.0833,"gi_pvalue":0.361,"significance":"not_sig"}},{"type":"Feature","geometry":{"type":"Point","coordinates":[74.83529,12.88739]},"properties":{"cell_id":60285,"case_count":2,"gi_zscore":-0.0671,"gi_pvalue":0.153,"significance":"not_sig"}},{"type":"Feature","geometry":{"type":"Point","coordinates":[74.84706,12.88739]},"properties":{"cell_id":60286,"case_count":4,"gi_zscore":-0.0774,"gi_pvalue":0.257,"significance":"not_sig"}},{"type":"Feature","geometry":{"type":"Point","coordinates":[74.85882,12.88739]},"properties":{"cell_id":60287,"case_count":3,"gi_zscore":-0.0715,"gi_pvalue":0.191,"significance":"not_sig"}},{"type":"Feature","geometry":{"type":"Point","coordinates":[74.87059,12.88739]},"properties":{"cell_id":60288,"case_count":2,"gi_zscore":-0.0848,"gi_pvalue":0.294,"significance":"not_sig"}},{"type":"Feature","geometry":{"type":"Point","coordinates":[74.88235,12.88739]},"properties":{"cell_id":60289,"case_count":1,"gi_zscore":-0.0907,"gi_pvalue":0.373,"significance":"not_sig"}},{"type":"Feature","geometry":{"type":"Point","coordinates":[75.02353,12.88739]},"properties":{"cell_id":60301,"case_count":1,"gi_zscore":-0.0966,"gi_pvalue":0.464,"significance":"not_sig"}},{"type":"Feature","geometry":{"type":"Point","coordinates":[75.21176,12.88739]},"properties":{"cell_id":60317,"case_count":1,"gi_zscore":-0.101,"gi_pvalue":0.184,"significance":"not_sig"}},{"type":"Feature","geometry":{"type":"Point","coordinates":[77.50588,12.88739]},"properties":{"cell_id":60512,"case_count":1,"gi_zscore":-0.098,"gi_pvalue":0.346,"significance":"not_sig"}},{"type":"Feature","geometry":{"type":"Point","coordinates":[77.51765,12.88739]},"properties":{"cell_id":60513,"case_count":1,"gi_zscore":-0.0995,"gi_pvalue":0.254,"significance":"not_sig"}},{"type":"Feature","geometry":{"type":"Point","coordinates":[77.54118,12.88739]},"properties":{"cell_id":60515,"case_count":1,"gi_zscore":-0.0892,"gi_pvalue":0.361,"significance":"not_sig"}},{"type":"Feature","geometry":{"type":"Point","coordinates":[77.55294,12.88739]},"properties":{"cell_id":60516,"case_count":3,"gi_zscore":-0.0833,"gi_pvalue":0.294,"significance":"not_sig"}},{"type":"Feature","geometry":{"type":"Point","coordinates":[77.56471,12.88739]},"properties":{"cell_id":60517,"case_count":8,"gi_zscore":-0.0686,"gi_pvalue":0.225,"significance":"not_sig"}},{"type":"Feature","geometry":{"type":"Point","coordinates":[77.57647,12.88739]},"properties":{"cell_id":60518,"case_count":8,"gi_zscore":-0.0701,"gi_pvalue":0.238,"significance":"not_sig"}},{"type":"Feature","geometry":{"type":"Point","coordinates":[77.58824,12.88739]},"properties":{"cell_id":60519,"case_count":1,"gi_zscore":-0.0701,"gi_pvalue":0.154,"significance":"not_sig"}},{"type":"Feature","geometry":{"type":"Point","coordinates":[77.6,12.88739]},"properties":{"cell_id":60520,"case_count":6,"gi_zscore":-0.0789,"gi_pvalue":0.292,"significance":"not_sig"}},{"type":"Feature","geometry":{"type":"Point","coordinates":[77.61176,12.88739]},"properties":{"cell_id":60521,"case_count":1,"gi_zscore":-0.0627,"gi_pvalue":0.128,"significance":"not_sig"}},{"type":"Feature","geometry":{"type":"Point","coordinates":[77.62353,12.88739]},"properties":{"cell_id":60522,"case_count":2,"gi_zscore":-0.0539,"gi_pvalue":0.119,"significance":"not_sig"}},{"type":"Feature","geometry":{"type":"Point","coordinates":[77.63529,12.88739]},"properties":{"cell_id":60523,"case_count":5,"gi_zscore":-0.0657,"gi_pvalue":0.171,"significance":"not_sig"}},{"type":"Feature","geometry":{"type":"Point","coordinates":[77.64706,12.88739]},"properties":{"cell_id":60524,"case_count":1,"gi_zscore":-0.0789,"gi_pvalue":0.221,"significance":"not_sig"}},{"type":"Feature","geometry":{"type":"Point","coordinates":[77.65882,12.88739]},"properties":{"cell_id":60525,"case_count":1,"gi_zscore":-0.0936,"gi_pvalue":0.487,"significance":"not_sig"}},{"type":"Feature","geometry":{"type":"Point","coordinates":[77.67059,12.88739]},"properties":{"cell_id":60526,"case_count":1,"gi_zscore":-0.0922,"gi_pvalue":0.446,"significance":"not_sig"}},{"type":"Feature","geometry":{"type":"Point","coordinates":[77.69412,12.88739]},"properties":{"cell_id":60528,"case_count":1,"gi_zscore":-0.0936,"gi_pvalue":0.453,"significance":"not_sig"}},{"type":"Feature","geometry":{"type":"Point","coordinates":[77.70588,12.88739]},"properties":{"cell_id":60529,"case_count":2,"gi_zscore":-0.0907,"gi_pvalue":0.441,"significance":"not_sig"}},{"type":"Feature","geometry":{"type":"Point","coordinates":[77.71765,12.88739]},"properties":{"cell_id":60530,"case_count":2,"gi_zscore":-0.0951,"gi_pvalue":0.41,"significance":"not_sig"}},{"type":"Feature","geometry":{"type":"Point","coordinates":[77.74118,12.88739]},"properties":{"cell_id":60532,"case_count":1,"gi_zscore":-0.0877,"gi_pvalue":0.338,"significance":"not_sig"}},{"type":"Feature","geometry":{"type":"Point","coordinates":[77.75294,12.88739]},"properties":{"cell_id":60533,"case_count":4,"gi_zscore":-0.0922,"gi_pvalue":0.441,"significance":"not_sig"}},{"type":"Feature","geometry":{"type":"Point","coordinates":[78.12941,12.88739]},"properties":{"cell_id":60565,"case_count":1,"gi_zscore":-0.1025,"gi_pvalue":0.175,"significance":"not_sig"}},{"type":"Feature","geometry":{"type":"Point","coordinates":[74.81176,12.8964]},"properties":{"cell_id":60674,"case_count":1,"gi_zscore":-0.0922,"gi_pvalue":0.414,"significance":"not_sig"}},{"type":"Feature","geometry":{"type":"Point","coordinates":[74.82353,12.8964]},"properties":{"cell_id":60675,"case_count":1,"gi_zscore":-0.0922,"gi_pvalue":0.414,"significance":"not_sig"}},{"type":"Feature","geometry":{"type":"Point","coordinates":[74.83529,12.8964]},"properties":{"cell_id":60676,"case_count":2,"gi_zscore":-0.0804,"gi_pvalue":0.243,"significance":"not_sig"}},{"type":"Feature","geometry":{"type":"Point","coordinates":[74.84706,12.8964]},"properties":{"cell_id":60677,"case_count":7,"gi_zscore":-0.0789,"gi_pvalue":0.339,"significance":"not_sig"}},{"type":"Feature","geometry":{"type":"Point","coordinates":[74.85882,12.8964]},"properties":{"cell_id":60678,"case_count":1,"gi_zscore":-0.0789,"gi_pvalue":0.224,"significance":"not_sig"}},{"type":"Feature","geometry":{"type":"Point","coordinates":[74.90588,12.8964]},"properties":{"cell_id":60682,"case_count":1,"gi_zscore":-0.0966,"gi_pvalue":0.462,"significance":"not_sig"}},{"type":"Feature","geometry":{"type":"Point","coordinates":[75.03529,12.8964]},"properties":{"cell_id":60693,"case_count":1,"gi_zscore":-0.0966,"gi_pvalue":0.462,"significance":"not_sig"}},{"type":"Feature","geometry":{"type":"Point","coordinates":[76.17647,12.8964]},"properties":{"cell_id":60790,"case_count":1,"gi_zscore":-0.1025,"gi_pvalue":0.092,"significance":"cold_90"}},{"type":"Feature","geometry":{"type":"Point","coordinates":[76.38824,12.8964]},"properties":{"cell_id":60808,"case_count":1,"gi_zscore":-0.1025,"gi_pvalue":0.092,"significance":"cold_90"}},{"type":"Feature","geometry":{"type":"Point","coordinates":[76.76471,12.8964]},"properties":{"cell_id":60840,"case_count":1,"gi_zscore":-0.101,"gi_pvalue":0.187,"significance":"not_sig"}},{"type":"Feature","geometry":{"type":"Point","coordinates":[77.04706,12.8964]},"properties":{"cell_id":60864,"case_count":2,"gi_zscore":-0.1039,"gi_pvalue":0.001,"significance":"cold_99"}},{"type":"Feature","geometry":{"type":"Point","coordinates":[77.47059,12.8964]},"properties":{"cell_id":60900,"case_count":1,"gi_zscore":-0.073,"gi_pvalue":0.181,"significance":"not_sig"}},{"type":"Feature","geometry":{"type":"Point","coordinates":[77.48235,12.8964]},"properties":{"cell_id":60901,"case_count":2,"gi_zscore":-0.076,"gi_pvalue":0.219,"significance":"not_sig"}},{"type":"Feature","geometry":{"type":"Point","coordinates":[77.49412,12.8964]},"properties":{"cell_id":60902,"case_count":1,"gi_zscore":-0.076,"gi_pvalue":0.207,"significance":"not_sig"}},{"type":"Feature","geometry":{"type":"Point","coordinates":[77.51765,12.8964]},"properties":{"cell_id":60904,"case_count":2,"gi_zscore":-0.0936,"gi_pvalue":0.462,"significance":"not_sig"}},{"type":"Feature","geometry":{"type":"Point","coordinates":[77.52941,12.8964]},"properties":{"cell_id":60905,"case_count":1,"gi_zscore":-0.0922,"gi_pvalue":0.441,"significance":"not_sig"}},{"type":"Feature","geometry":{"type":"Point","coordinates":[77.54118,12.8964]},"properties":{"cell_id":60906,"case_count":2,"gi_zscore":-0.0848,"gi_pvalue":0.314,"significance":"not_sig"}},{"type":"Feature","geometry":{"type":"Point","coordinates":[77.55294,12.8964]},"properties":{"cell_id":60907,"case_count":3,"gi_zscore":-0.0598,"gi_pvalue":0.131,"significance":"not_sig"}},{"type":"Feature","geometry":{"type":"Point","coordinates":[77.56471,12.8964]},"properties":{"cell_id":60908,"case_count":2,"gi_zscore":-0.0465,"gi_pvalue":0.112,"significance":"not_sig"}},{"type":"Feature","geometry":{"type":"Point","coordinates":[77.57647,12.8964]},"properties":{"cell_id":60909,"case_count":4,"gi_zscore":-0.0554,"gi_pvalue":0.126,"significance":"not_sig"}},{"type":"Feature","geometry":{"type":"Point","coordinates":[77.58824,12.8964]},"properties":{"cell_id":60910,"case_count":1,"gi_zscore":-0.0671,"gi_pvalue":0.146,"significance":"not_sig"}},{"type":"Feature","geometry":{"type":"Point","coordinates":[77.6,12.8964]},"properties":{"cell_id":60911,"case_count":1,"gi_zscore":-0.0745,"gi_pvalue":0.192,"significance":"not_sig"}},{"type":"Feature","geometry":{"type":"Point","coordinates":[77.61176,12.8964]},"properties":{"cell_id":60912,"case_count":3,"gi_zscore":-0.0568,"gi_pvalue":0.126,"significance":"not_sig"}},{"type":"Feature","geometry":{"type":"Point","coordinates":[77.62353,12.8964]},"properties":{"cell_id":60913,"case_count":9,"gi_zscore":-0.0495,"gi_pvalue":0.127,"significance":"not_sig"}},{"type":"Feature","geometry":{"type":"Point","coordinates":[77.63529,12.8964]},"properties":{"cell_id":60914,"case_count":8,"gi_zscore":-0.0583,"gi_pvalue":0.155,"significance":"not_sig"}},{"type":"Feature","geometry":{"type":"Point","coordinates":[77.64706,12.8964]},"properties":{"cell_id":60915,"case_count":3,"gi_zscore":-0.0715,"gi_pvalue":0.191,"significance":"not_sig"}},{"type":"Feature","geometry":{"type":"Point","coordinates":[77.65882,12.8964]},"properties":{"cell_id":60916,"case_count":4,"gi_zscore":-0.0863,"gi_pvalue":0.405,"significance":"not_sig"}},{"type":"Feature","geometry":{"type":"Point","coordinates":[77.67059,12.8964]},"properties":{"cell_id":60917,"case_count":4,"gi_zscore":-0.0922,"gi_pvalue":0.406,"significance":"not_sig"}},{"type":"Feature","geometry":{"type":"Point","coordinates":[77.71765,12.8964]},"properties":{"cell_id":60921,"case_count":5,"gi_zscore":-0.0922,"gi_pvalue":0.407,"significance":"not_sig"}},{"type":"Feature","geometry":{"type":"Point","coordinates":[77.74118,12.8964]},"properties":{"cell_id":60923,"case_count":2,"gi_zscore":-0.0877,"gi_pvalue":0.365,"significance":"not_sig"}},{"type":"Feature","geometry":{"type":"Point","coordinates":[77.75294,12.8964]},"properties":{"cell_id":60924,"case_count":1,"gi_zscore":-0.0936,"gi_pvalue":0.443,"significance":"not_sig"}},{"type":"Feature","geometry":{"type":"Point","coordinates":[77.76471,12.8964]},"properties":{"cell_id":60925,"case_count":1,"gi_zscore":-0.0936,"gi_pvalue":0.443,"significance":"not_sig"}},{"type":"Feature","geometry":{"type":"Point","coordinates":[77.77647,12.8964]},"properties":{"cell_id":60926,"case_count":1,"gi_zscore":-0.0966,"gi_pvalue":0.459,"significance":"not_sig"}},{"type":"Feature","geometry":{"type":"Point","coordinates":[77.82353,12.8964]},"properties":{"cell_id":60930,"case_count":2,"gi_zscore":-0.1039,"gi_pvalue":0.001,"significance":"cold_99"}},{"type":"Feature","geometry":{"type":"Point","coordinates":[77.84706,12.8964]},"properties":{"cell_id":60932,"case_count":1,"gi_zscore":-0.1039,"gi_pvalue":0.025,"significance":"cold_95"}},{"type":"Feature","geometry":{"type":"Point","coordinates":[77.89412,12.8964]},"properties":{"cell_id":60936,"case_count":1,"gi_zscore":-0.1039,"gi_pvalue":0.092,"significance":"cold_90"}},{"type":"Feature","geometry":{"type":"Point","coordinates":[78.18824,12.8964]},"properties":{"cell_id":60961,"case_count":1,"gi_zscore":-0.1025,"gi_pvalue":0.172,"significance":"not_sig"}},{"type":"Feature","geometry":{"type":"Point","coordinates":[74.81176,12.90541]},"properties":{"cell_id":61065,"case_count":1,"gi_zscore":-0.0936,"gi_pvalue":0.443,"significance":"not_sig"}},{"type":"Feature","geometry":{"type":"Point","coordinates":[74.82353,12.90541]},"properties":{"cell_id":61066,"case_count":1,"gi_zscore":-0.0951,"gi_pvalue":0.484,"significance":"not_sig"}},{"type":"Feature","geometry":{"type":"Point","coordinates":[74.83529,12.90541]},"properties":{"cell_id":61067,"case_count":2,"gi_zscore":-0.0892,"gi_pvalue":0.405,"significance":"not_sig"}},{"type":"Feature","geometry":{"type":"Point","coordinates":[74.84706,12.90541]},"properties":{"cell_id":61068,"case_count":2,"gi_zscore":-0.0863,"gi_pvalue":0.342,"significance":"not_sig"}},{"type":"Feature","geometry":{"type":"Point","coordinates":[74.91765,12.90541]},"properties":{"cell_id":61074,"case_count":2,"gi_zscore":-0.1039,"gi_pvalue":0.001,"significance":"cold_99"}},{"type":"Feature","geometry":{"type":"Point","coordinates":[74.95294,12.90541]},"properties":{"cell_id":61077,"case_count":1,"gi_zscore":-0.1039,"gi_pvalue":0.026,"significance":"cold_95"}},{"type":"Feature","geometry":{"type":"Point","coordinates":[75.04706,12.90541]},"properties":{"cell_id":61085,"case_count":1,"gi_zscore":-0.0966,"gi_pvalue":0.46,"significance":"not_sig"}},{"type":"Feature","geometry":{"type":"Point","coordinates":[75.07059,12.90541]},"properties":{"cell_id":61087,"case_count":1,"gi_zscore":-0.0966,"gi_pvalue":0.46,"significance":"not_sig"}},{"type":"Feature","geometry":{"type":"Point","coordinates":[76.38824,12.90541]},"properties":{"cell_id":61199,"case_count":3,"gi_zscore":-0.1025,"gi_pvalue":0.026,"significance":"cold_95"}},{"type":"Feature","geometry":{"type":"Point","coordinates":[76.42353,12.90541]},"properties":{"cell_id":61202,"case_count":1,"gi_zscore":-0.1025,"gi_pvalue":0.092,"significance":"cold_90"}},{"type":"Feature","geometry":{"type":"Point","coordinates":[77.08235,12.90541]},"properties":{"cell_id":61258,"case_count":1,"gi_zscore":-0.1039,"gi_pvalue":0.026,"significance":"cold_95"}},{"type":"Feature","geometry":{"type":"Point","coordinates":[77.47059,12.90541]},"properties":{"cell_id":61291,"case_count":1,"gi_zscore":-0.0774,"gi_pvalue":0.22,"significance":"not_sig"}},{"type":"Feature","geometry":{"type":"Point","coordinates":[77.48235,12.90541]},"properties":{"cell_id":61292,"case_count":4,"gi_zscore":-0.073,"gi_pvalue":0.22,"significance":"not_sig"}},{"type":"Feature","geometry":{"type":"Point","coordinates":[77.50588,12.90541]},"properties":{"cell_id":61294,"case_count":3,"gi_zscore":-0.0936,"gi_pvalue":0.44,"significance":"not_sig"}},{"type":"Feature","geometry":{"type":"Point","coordinates":[77.51765,12.90541]},"properties":{"cell_id":61295,"case_count":2,"gi_zscore":-0.0936,"gi_pvalue":0.461,"significance":"not_sig"}},{"type":"Feature","geometry":{"type":"Point","coordinates":[77.52941,12.90541]},"properties":{"cell_id":61296,"case_count":1,"gi_zscore":-0.0863,"gi_pvalue":0.315,"significance":"not_sig"}},{"type":"Feature","geometry":{"type":"Point","coordinates":[77.54118,12.90541]},"properties":{"cell_id":61297,"case_count":6,"gi_zscore":-0.0833,"gi_pvalue":0.414,"significance":"not_sig"}},{"type":"Feature","geometry":{"type":"Point","coordinates":[77.55294,12.90541]},"properties":{"cell_id":61298,"case_count":4,"gi_zscore":-0.0627,"gi_pvalue":0.146,"significance":"not_sig"}},{"type":"Feature","geometry":{"type":"Point","coordinates":[77.56471,12.90541]},"properties":{"cell_id":61299,"case_count":11,"gi_zscore":-0.0451,"gi_pvalue":0.126,"significance":"not_sig"}},{"type":"Feature","geometry":{"type":"Point","coordinates":[77.57647,12.90541]},"properties":{"cell_id":61300,"case_count":6,"gi_zscore":-0.0436,"gi_pvalue":0.115,"significance":"not_sig"}},{"type":"Feature","geometry":{"type":"Point","coordinates":[77.58824,12.90541]},"properties":{"cell_id":61301,"case_count":2,"gi_zscore":-0.0451,"gi_pvalue":0.111,"significance":"not_sig"}},{"type":"Feature","geometry":{"type":"Point","coordinates":[77.6,12.90541]},"properties":{"cell_id":61302,"case_count":6,"gi_zscore":-0.0451,"gi_pvalue":0.116,"significance":"not_sig"}},{"type":"Feature","geometry":{"type":"Point","coordinates":[77.61176,12.90541]},"properties":{"cell_id":61303,"case_count":9,"gi_zscore":-0.0348,"gi_pvalue":0.111,"significance":"not_sig"}},{"type":"Feature","geometry":{"type":"Point","coordinates":[77.62353,12.90541]},"properties":{"cell_id":61304,"case_count":5,"gi_zscore":-0.0333,"gi_pvalue":0.106,"significance":"not_sig"}},{"type":"Feature","geometry":{"type":"Point","coordinates":[77.63529,12.90541]},"properties":{"cell_id":61305,"case_count":5,"gi_zscore":-0.0465,"gi_pvalue":0.116,"significance":"not_sig"}},{"type":"Feature","geometry":{"type":"Point","coordinates":[77.64706,12.90541]},"properties":{"cell_id":61306,"case_count":3,"gi_zscore":-0.0627,"gi_pvalue":0.138,"significance":"not_sig"}},{"type":"Feature","geometry":{"type":"Point","coordinates":[77.65882,12.90541]},"properties":{"cell_id":61307,"case_count":2,"gi_zscore":-0.0774,"gi_pvalue":0.224,"significance":"not_sig"}},{"type":"Feature","geometry":{"type":"Point","coordinates":[77.67059,12.90541]},"properties":{"cell_id":61308,"case_count":3,"gi_zscore":-0.0715,"gi_pvalue":0.192,"significance":"not_sig"}},{"type":"Feature","geometry":{"type":"Point","coordinates":[77.68235,12.90541]},"properties":{"cell_id":61309,"case_count":1,"gi_zscore":-0.0907,"gi_pvalue":0.405,"significance":"not_sig"}},{"type":"Feature","geometry":{"type":"Point","coordinates":[77.69412,12.90541]},"properties":{"cell_id":61310,"case_count":4,"gi_zscore":-0.0936,"gi_pvalue":0.366,"significance":"not_sig"}},{"type":"Feature","geometry":{"type":"Point","coordinates":[77.70588,12.90541]},"properties":{"cell_id":61311,"case_count":1,"gi_zscore":-0.0877,"gi_pvalue":0.341,"significance":"not_sig"}},{"type":"Feature","geometry":{"type":"Point","coordinates":[77.71765,12.90541]},"properties":{"cell_id":61312,"case_count":2,"gi_zscore":-0.0877,"gi_pvalue":0.365,"significance":"not_sig"}},{"type":"Feature","geometry":{"type":"Point","coordinates":[77.72941,12.90541]},"properties":{"cell_id":61313,"case_count":1,"gi_zscore":-0.0922,"gi_pvalue":0.416,"significance":"not_sig"}},{"type":"Feature","geometry":{"type":"Point","coordinates":[77.75294,12.90541]},"properties":{"cell_id":61315,"case_count":2,"gi_zscore":-0.0966,"gi_pvalue":0.405,"significance":"not_sig"}},{"type":"Feature","geometry":{"type":"Point","coordinates":[78.12941,12.90541]},"properties":{"cell_id":61347,"case_count":1,"gi_zscore":-0.1025,"gi_pvalue":0.17,"significance":"not_sig"}},{"type":"Feature","geometry":{"type":"Point","coordinates":[74.84706,12.91441]},"properties":{"cell_id":61459,"case_count":2,"gi_zscore":-0.0863,"gi_pvalue":0.346,"significance":"not_sig"}},{"type":"Feature","geometry":{"type":"Point","coordinates":[74.88235,12.91441]},"properties":{"cell_id":61462,"case_count":5,"gi_zscore":-0.0922,"gi_pvalue":0.37,"significance":"not_sig"}},{"type":"Feature","geometry":{"type":"Point","coordinates":[74.90588,12.91441]},"properties":{"cell_id":61464,"case_count":1,"gi_zscore":-0.098,"gi_pvalue":0.405,"significance":"not_sig"}},{"type":"Feature","geometry":{"type":"Point","coordinates":[76.16471,12.91441]},"properties":{"cell_id":61571,"case_count":2,"gi_zscore":-0.1025,"gi_pvalue":0.025,"significance":"cold_95"}},{"type":"Feature","geometry":{"type":"Point","coordinates":[76.38824,12.91441]},"properties":{"cell_id":61590,"case_count":1,"gi_zscore":-0.1025,"gi_pvalue":0.089,"significance":"cold_90"}},{"type":"Feature","geometry":{"type":"Point","coordinates":[77.48235,12.91441]},"properties":{"cell_id":61683,"case_count":14,"gi_zscore":-0.0686,"gi_pvalue":0.339,"significance":"not_sig"}},{"type":"Feature","geometry":{"type":"Point","coordinates":[77.49412,12.91441]},"properties":{"cell_id":61684,"case_count":2,"gi_zscore":-0.0715,"gi_pvalue":0.181,"significance":"not_sig"}},{"type":"Feature","geometry":{"type":"Point","coordinates":[77.50588,12.91441]},"properties":{"cell_id":61685,"case_count":1,"gi_zscore":-0.0833,"gi_pvalue":0.272,"significance":"not_sig"}},{"type":"Feature","geometry":{"type":"Point","coordinates":[77.51765,12.91441]},"properties":{"cell_id":61686,"case_count":4,"gi_zscore":-0.0877,"gi_pvalue":0.417,"significance":"not_sig"}},{"type":"Feature","geometry":{"type":"Point","coordinates":[77.52941,12.91441]},"properties":{"cell_id":61687,"case_count":2,"gi_zscore":-0.0686,"gi_pvalue":0.163,"significance":"not_sig"}},{"type":"Feature","geometry":{"type":"Point","coordinates":[77.54118,12.91441]},"properties":{"cell_id":61688,"case_count":2,"gi_zscore":-0.0657,"gi_pvalue":0.147,"significance":"not_sig"}},{"type":"Feature","geometry":{"type":"Point","coordinates":[77.55294,12.91441]},"properties":{"cell_id":61689,"case_count":3,"gi_zscore":-0.0421,"gi_pvalue":0.11,"significance":"not_sig"}},{"type":"Feature","geometry":{"type":"Point","coordinates":[77.56471,12.91441]},"properties":{"cell_id":61690,"case_count":5,"gi_zscore":-0.0289,"gi_pvalue":0.105,"significance":"not_sig"}},{"type":"Feature","geometry":{"type":"Point","coordinates":[77.57647,12.91441]},"properties":{"cell_id":61691,"case_count":12,"gi_zscore":-0.0141,"gi_pvalue":0.104,"significance":"not_sig"}},{"type":"Feature","geometry":{"type":"Point","coordinates":[77.58824,12.91441]},"properties":{"cell_id":61692,"case_count":8,"gi_zscore":-0.0097,"gi_pvalue":0.103,"significance":"not_sig"}},{"type":"Feature","geometry":{"type":"Point","coordinates":[77.6,12.91441]},"properties":{"cell_id":61693,"case_count":10,"gi_zscore":0.002,"gi_pvalue":0.102,"significance":"not_sig"}},{"type":"Feature","geometry":{"type":"Point","coordinates":[77.61176,12.91441]},"properties":{"cell_id":61694,"case_count":10,"gi_zscore":-0.0141,"gi_pvalue":0.104,"significance":"not_sig"}},{"type":"Feature","geometry":{"type":"Point","coordinates":[77.62353,12.91441]},"properties":{"cell_id":61695,"case_count":4,"gi_zscore":-0.0333,"gi_pvalue":0.106,"significance":"not_sig"}},{"type":"Feature","geometry":{"type":"Point","coordinates":[77.63529,12.91441]},"properties":{"cell_id":61696,"case_count":5,"gi_zscore":-0.0539,"gi_pvalue":0.124,"significance":"not_sig"}},{"type":"Feature","geometry":{"type":"Point","coordinates":[77.64706,12.91441]},"properties":{"cell_id":61697,"case_count":7,"gi_zscore":-0.0554,"gi_pvalue":0.135,"significance":"not_sig"}},{"type":"Feature","geometry":{"type":"Point","coordinates":[77.67059,12.91441]},"properties":{"cell_id":61699,"case_count":1,"gi_zscore":-0.0701,"gi_pvalue":0.162,"significance":"not_sig"}},{"type":"Feature","geometry":{"type":"Point","coordinates":[77.68235,12.91441]},"properties":{"cell_id":61700,"case_count":2,"gi_zscore":-0.076,"gi_pvalue":0.218,"significance":"not_sig"}},{"type":"Feature","geometry":{"type":"Point","coordinates":[77.69412,12.91441]},"properties":{"cell_id":61701,"case_count":2,"gi_zscore":-0.0966,"gi_pvalue":0.404,"significance":"not_sig"}},{"type":"Feature","geometry":{"type":"Point","coordinates":[77.71765,12.91441]},"properties":{"cell_id":61703,"case_count":2,"gi_zscore":-0.0892,"gi_pvalue":0.376,"significance":"not_sig"}},{"type":"Feature","geometry":{"type":"Point","coordinates":[77.72941,12.91441]},"properties":{"cell_id":61704,"case_count":2,"gi_zscore":-0.0922,"gi_pvalue":0.444,"significance":"not_sig"}},{"type":"Feature","geometry":{"type":"Point","coordinates":[77.8,12.91441]},"properties":{"cell_id":61710,"case_count":1,"gi_zscore":-0.1039,"gi_pvalue":0.024,"significance":"cold_95"}},{"type":"Feature","geometry":{"type":"Point","coordinates":[78.44706,12.91441]},"properties":{"cell_id":61765,"case_count":1,"gi_zscore":-0.1039,"gi_pvalue":0.024,"significance":"cold_95"}},{"type":"Feature","geometry":{"type":"Point","coordinates":[74.83529,12.92342]},"properties":{"cell_id":61849,"case_count":1,"gi_zscore":-0.0951,"gi_pvalue":0.458,"significance":"not_sig"}},{"type":"Feature","geometry":{"type":"Point","coordinates":[74.84706,12.92342]},"properties":{"cell_id":61850,"case_count":1,"gi_zscore":-0.0936,"gi_pvalue":0.49,"significance":"not_sig"}},{"type":"Feature","geometry":{"type":"Point","coordinates":[74.85882,12.92342]},"properties":{"cell_id":61851,"case_count":4,"gi_zscore":-0.0907,"gi_pvalue":0.493,"significance":"not_sig"}},{"type":"Feature","geometry":{"type":"Point","coordinates":[74.91765,12.92342]},"properties":{"cell_id":61856,"case_count":1,"gi_zscore":-0.098,"gi_pvalue":0.403,"significance":"not_sig"}},{"type":"Feature","geometry":{"type":"Point","coordinates":[77.48235,12.92342]},"properties":{"cell_id":62074,"case_count":2,"gi_zscore":-0.0612,"gi_pvalue":0.131,"significance":"not_sig"}},{"type":"Feature","geometry":{"type":"Point","coordinates":[77.49412,12.92342]},"properties":{"cell_id":62075,"case_count":4,"gi_zscore":-0.0686,"gi_pvalue":0.186,"significance":"not_sig"}},{"type":"Feature","geometry":{"type":"Point","coordinates":[77.50588,12.92342]},"properties":{"cell_id":62076,"case_count":1,"gi_zscore":-0.0833,"gi_pvalue":0.259,"significance":"not_sig"}},{"type":"Feature","geometry":{"type":"Point","coordinates":[77.51765,12.92342]},"properties":{"cell_id":62077,"case_count":4,"gi_zscore":-0.0774,"gi_pvalue":0.259,"significance":"not_sig"}},{"type":"Feature","geometry":{"type":"Point","coordinates":[77.52941,12.92342]},"properties":{"cell_id":62078,"case_count":3,"gi_zscore":-0.0451,"gi_pvalue":0.113,"significance":"not_sig"}},{"type":"Feature","geometry":{"type":"Point","coordinates":[77.54118,12.92342]},"properties":{"cell_id":62079,"case_count":10,"gi_zscore":-0.0348,"gi_pvalue":0.113,"significance":"not_sig"}},{"type":"Feature","geometry":{"type":"Point","coordinates":[77.55294,12.92342]},"properties":{"cell_id":62080,"case_count":5,"gi_zscore":-0.0289,"gi_pvalue":0.105,"significance":"not_sig"}},{"type":"Feature","geometry":{"type":"Point","coordinates":[77.56471,12.92342]},"properties":{"cell_id":62081,"case_count":6,"gi_zscore":-0.0171,"gi_pvalue":0.104,"significance":"not_sig"}},{"type":"Feature","geometry":{"type":"Point","coordinates":[77.57647,12.92342]},"properties":{"cell_id":62082,"case_count":9,"gi_zscore":0.0094,"gi_pvalue":0.102,"significance":"not_sig"}},{"type":"Feature","geometry":{"type":"Point","coordinates":[77.58824,12.92342]},"properties":{"cell_id":62083,"case_count":12,"gi_zscore":0.0168,"gi_pvalue":0.102,"significance":"not_sig"}},{"type":"Feature","geometry":{"type":"Point","coordinates":[77.6,12.92342]},"properties":{"cell_id":62084,"case_count":9,"gi_zscore":0.0241,"gi_pvalue":0.101,"significance":"not_sig"}},{"type":"Feature","geometry":{"type":"Point","coordinates":[77.61176,12.92342]},"properties":{"cell_id":62085,"case_count":16,"gi_zscore":-0.0156,"gi_pvalue":0.106,"significance":"not_sig"}},{"type":"Feature","geometry":{"type":"Point","coordinates":[77.62353,12.92342]},"properties":{"cell_id":62086,"case_count":2,"gi_zscore":-0.0333,"gi_pvalue":0.105,"significance":"not_sig"}},{"type":"Feature","geometry":{"type":"Point","coordinates":[77.63529,12.92342]},"properties":{"cell_id":62087,"case_count":2,"gi_zscore":-0.0583,"gi_pvalue":0.128,"significance":"not_sig"}},{"type":"Feature","geometry":{"type":"Point","coordinates":[77.64706,12.92342]},"properties":{"cell_id":62088,"case_count":11,"gi_zscore":-0.0583,"gi_pvalue":0.186,"significance":"not_sig"}},{"type":"Feature","geometry":{"type":"Point","coordinates":[77.65882,12.92342]},"properties":{"cell_id":62089,"case_count":5,"gi_zscore":-0.048,"gi_pvalue":0.12,"significance":"not_sig"}},{"type":"Feature","geometry":{"type":"Point","coordinates":[77.67059,12.92342]},"properties":{"cell_id":62090,"case_count":14,"gi_zscore":-0.0715,"gi_pvalue":0.377,"significance":"not_sig"}},{"type":"Feature","geometry":{"type":"Point","coordinates":[77.68235,12.92342]},"properties":{"cell_id":62091,"case_count":1,"gi_zscore":-0.0774,"gi_pvalue":0.219,"significance":"not_sig"}},{"type":"Feature","geometry":{"type":"Point","coordinates":[78.27059,12.92342]},"properties":{"cell_id":62141,"case_count":1,"gi_zscore":-0.0789,"gi_pvalue":0.226,"significance":"not_sig"}},{"type":"Feature","geometry":{"type":"Point","coordinates":[74.82353,12.93243]},"properties":{"cell_id":62239,"case_count":2,"gi_zscore":-0.101,"gi_pvalue":0.088,"significance":"cold_90"}},{"type":"Feature","geometry":{"type":"Point","coordinates":[74.84706,12.93243]},"properties":{"cell_id":62241,"case_count":1,"gi_zscore":-0.0936,"gi_pvalue":0.49,"significance":"not_sig"}},{"type":"Feature","geometry":{"type":"Point","coordinates":[74.89412,12.93243]},"properties":{"cell_id":62245,"case_count":1,"gi_zscore":-0.0922,"gi_pvalue":0.442,"significance":"not_sig"}},{"type":"Feature","geometry":{"type":"Point","coordinates":[74.95294,12.93243]},"properties":{"cell_id":62250,"case_count":1,"gi_zscore":-0.1039,"gi_pvalue":0.088,"significance":"cold_90"}},{"type":"Feature","geometry":{"type":"Point","coordinates":[75.11765,12.93243]},"properties":{"cell_id":62264,"case_count":1,"gi_zscore":-0.0951,"gi_pvalue":0.49,"significance":"not_sig"}},{"type":"Feature","geometry":{"type":"Point","coordinates":[75.81176,12.93243]},"properties":{"cell_id":62323,"case_count":1,"gi_zscore":-0.1025,"gi_pvalue":0.088,"significance":"cold_90"}},{"type":"Feature","geometry":{"type":"Point","coordinates":[76.36471,12.93243]},"properties":{"cell_id":62370,"case_count":1,"gi_zscore":-0.1025,"gi_pvalue":0.168,"significance":"not_sig"}},{"type":"Feature","geometry":{"type":"Point","coordinates":[76.92941,12.93243]},"properties":{"cell_id":62418,"case_count":1,"gi_zscore":-0.1025,"gi_pvalue":0.088,"significance":"cold_90"}},{"type":"Feature","geometry":{"type":"Point","coordinates":[77.03529,12.93243]},"properties":{"cell_id":62427,"case_count":1,"gi_zscore":-0.0995,"gi_pvalue":0.318,"significance":"not_sig"}},{"type":"Feature","geometry":{"type":"Point","coordinates":[77.47059,12.93243]},"properties":{"cell_id":62464,"case_count":1,"gi_zscore":-0.0642,"gi_pvalue":0.132,"significance":"not_sig"}},{"type":"Feature","geometry":{"type":"Point","coordinates":[77.48235,12.93243]},"properties":{"cell_id":62465,"case_count":4,"gi_zscore":-0.0598,"gi_pvalue":0.136,"significance":"not_sig"}},{"type":"Feature","geometry":{"type":"Point","coordinates":[77.49412,12.93243]},"properties":{"cell_id":62466,"case_count":3,"gi_zscore":-0.076,"gi_pvalue":0.226,"significance":"not_sig"}},{"type":"Feature","geometry":{"type":"Point","coordinates":[77.50588,12.93243]},"properties":{"cell_id":62467,"case_count":3,"gi_zscore":-0.0774,"gi_pvalue":0.239,"significance":"not_sig"}},{"type":"Feature","geometry":{"type":"Point","coordinates":[77.51765,12.93243]},"properties":{"cell_id":62468,"case_count":2,"gi_zscore":-0.0554,"gi_pvalue":0.123,"significance":"not_sig"}},{"type":"Feature","geometry":{"type":"Point","coordinates":[77.52941,12.93243]},"properties":{"cell_id":62469,"case_count":8,"gi_zscore":-0.0097,"gi_pvalue":0.103,"significance":"not_sig"}},{"type":"Feature","geometry":{"type":"Point","coordinates":[77.54118,12.93243]},"properties":{"cell_id":62470,"case_count":15,"gi_zscore":0.0138,"gi_pvalue":0.102,"significance":"not_sig"}},{"type":"Feature","geometry":{"type":"Point","coordinates":[77.55294,12.93243]},"properties":{"cell_id":62471,"case_count":9,"gi_zscore":0.0153,"gi_pvalue":0.102,"significance":"not_sig"}},{"type":"Feature","geometry":{"type":"Point","coordinates":[77.56471,12.93243]},"properties":{"cell_id":62472,"case_count":6,"gi_zscore":-0.0038,"gi_pvalue":0.102,"significance":"not_sig"}},{"type":"Feature","geometry":{"type":"Point","coordinates":[77.57647,12.93243]},"properties":{"cell_id":62473,"case_count":14,"gi_zscore":-0.0009,"gi_pvalue":0.103,"significance":"not_sig"}},{"type":"Feature","geometry":{"type":"Point","coordinates":[77.58824,12.93243]},"properties":{"cell_id":62474,"case_count":15,"gi_zscore":0.0094,"gi_pvalue":0.102,"significance":"not_sig"}},{"type":"Feature","geometry":{"type":"Point","coordinates":[77.6,12.93243]},"properties":{"cell_id":62475,"case_count":3,"gi_zscore":0.0359,"gi_pvalue":0.096,"significance":"hot_90"}},{"type":"Feature","geometry":{"type":"Point","coordinates":[77.61176,12.93243]},"properties":{"cell_id":62476,"case_count":14,"gi_zscore":0.0094,"gi_pvalue":0.102,"significance":"not_sig"}},{"type":"Feature","geometry":{"type":"Point","coordinates":[77.62353,12.93243]},"properties":{"cell_id":62477,"case_count":2,"gi_zscore":-0.02,"gi_pvalue":0.103,"significance":"not_sig"}},{"type":"Feature","geometry":{"type":"Point","coordinates":[77.63529,12.93243]},"properties":{"cell_id":62478,"case_count":3,"gi_zscore":-0.0642,"gi_pvalue":0.148,"significance":"not_sig"}},{"type":"Feature","geometry":{"type":"Point","coordinates":[77.67059,12.93243]},"properties":{"cell_id":62481,"case_count":4,"gi_zscore":-0.0745,"gi_pvalue":0.221,"significance":"not_sig"}},{"type":"Feature","geometry":{"type":"Point","coordinates":[77.68235,12.93243]},"properties":{"cell_id":62482,"case_count":1,"gi_zscore":-0.0774,"gi_pvalue":0.218,"significance":"not_sig"}},{"type":"Feature","geometry":{"type":"Point","coordinates":[77.69412,12.93243]},"properties":{"cell_id":62483,"case_count":2,"gi_zscore":-0.0922,"gi_pvalue":0.492,"significance":"not_sig"}},{"type":"Feature","geometry":{"type":"Point","coordinates":[77.70588,12.93243]},"properties":{"cell_id":62484,"case_count":1,"gi_zscore":-0.0833,"gi_pvalue":0.276,"significance":"not_sig"}},{"type":"Feature","geometry":{"type":"Point","coordinates":[77.75294,12.93243]},"properties":{"cell_id":62488,"case_count":3,"gi_zscore":-0.0833,"gi_pvalue":0.3,"significance":"not_sig"}},{"type":"Feature","geometry":{"type":"Point","coordinates":[78.25882,12.93243]},"properties":{"cell_id":62531,"case_count":1,"gi_zscore":-0.0789,"gi_pvalue":0.228,"significance":"not_sig"}},{"type":"Feature","geometry":{"type":"Point","coordinates":[78.27059,12.93243]},"properties":{"cell_id":62532,"case_count":2,"gi_zscore":-0.0789,"gi_pvalue":0.24,"significance":"not_sig"}},{"type":"Feature","geometry":{"type":"Point","coordinates":[78.28235,12.93243]},"properties":{"cell_id":62533,"case_count":1,"gi_zscore":-0.0789,"gi_pvalue":0.228,"significance":"not_sig"}},{"type":"Feature","geometry":{"type":"Point","coordinates":[74.81176,12.94144]},"properties":{"cell_id":62629,"case_count":1,"gi_zscore":-0.1025,"gi_pvalue":0.087,"significance":"cold_90"}},{"type":"Feature","geometry":{"type":"Point","coordinates":[74.85882,12.94144]},"properties":{"cell_id":62633,"case_count":2,"gi_zscore":-0.0922,"gi_pvalue":0.491,"significance":"not_sig"}},{"type":"Feature","geometry":{"type":"Point","coordinates":[76.28235,12.94144]},"properties":{"cell_id":62754,"case_count":1,"gi_zscore":-0.1039,"gi_pvalue":0.024,"significance":"cold_95"}},{"type":"Feature","geometry":{"type":"Point","coordinates":[77.44706,12.94144]},"properties":{"cell_id":62853,"case_count":1,"gi_zscore":-0.0877,"gi_pvalue":0.32,"significance":"not_sig"}},{"type":"Feature","geometry":{"type":"Point","coordinates":[77.47059,12.94144]},"properties":{"cell_id":62855,"case_count":2,"gi_zscore":-0.0804,"gi_pvalue":0.246,"significance":"not_sig"}},{"type":"Feature","geometry":{"type":"Point","coordinates":[77.48235,12.94144]},"properties":{"cell_id":62856,"case_count":5,"gi_zscore":-0.0804,"gi_pvalue":0.299,"significance":"not_sig"}},{"type":"Feature","geometry":{"type":"Point","coordinates":[77.49412,12.94144]},"properties":{"cell_id":62857,"case_count":5,"gi_zscore":-0.076,"gi_pvalue":0.259,"significance":"not_sig"}},{"type":"Feature","geometry":{"type":"Point","coordinates":[77.51765,12.94144]},"properties":{"cell_id":62859,"case_count":5,"gi_zscore":-0.0186,"gi_pvalue":0.103,"significance":"not_sig"}},{"type":"Feature","geometry":{"type":"Point","coordinates":[77.52941,12.94144]},"properties":{"cell_id":62860,"case_count":10,"gi_zscore":0.0388,"gi_pvalue":0.095,"significance":"hot_90"}},{"type":"Feature","geometry":{"type":"Point","coordinates":[77.54118,12.94144]},"properties":{"cell_id":62861,"case_count":17,"gi_zscore":0.0727,"gi_pvalue":0.091,"significance":"hot_90"}},{"type":"Feature","geometry":{"type":"Point","coordinates":[77.55294,12.94144]},"properties":{"cell_id":62862,"case_count":13,"gi_zscore":0.0521,"gi_pvalue":0.095,"significance":"hot_90"}},{"type":"Feature","geometry":{"type":"Point","coordinates":[77.56471,12.94144]},"properties":{"cell_id":62863,"case_count":10,"gi_zscore":0.0226,"gi_pvalue":0.101,"significance":"not_sig"}},{"type":"Feature","geometry":{"type":"Point","coordinates":[77.57647,12.94144]},"properties":{"cell_id":62864,"case_count":6,"gi_zscore":0.002,"gi_pvalue":0.102,"significance":"not_sig"}},{"type":"Feature","geometry":{"type":"Point","coordinates":[77.58824,12.94144]},"properties":{"cell_id":62865,"case_count":2,"gi_zscore":0.0094,"gi_pvalue":0.101,"significance":"not_sig"}},{"type":"Feature","geometry":{"type":"Point","coordinates":[77.6,12.94144]},"properties":{"cell_id":62866,"case_count":17,"gi_zscore":0.0197,"gi_pvalue":0.102,"significance":"not_sig"}},{"type":"Feature","geometry":{"type":"Point","coordinates":[77.61176,12.94144]},"properties":{"cell_id":62867,"case_count":17,"gi_zscore":0.0285,"gi_pvalue":0.102,"significance":"not_sig"}},{"type":"Feature","geometry":{"type":"Point","coordinates":[77.62353,12.94144]},"properties":{"cell_id":62868,"case_count":7,"gi_zscore":0.005,"gi_pvalue":0.102,"significance":"not_sig"}},{"type":"Feature","geometry":{"type":"Point","coordinates":[77.63529,12.94144]},"properties":{"cell_id":62869,"case_count":4,"gi_zscore":-0.0524,"gi_pvalue":0.121,"significance":"not_sig"}},{"type":"Feature","geometry":{"type":"Point","coordinates":[77.64706,12.94144]},"properties":{"cell_id":62870,"case_count":1,"gi_zscore":-0.0715,"gi_pvalue":0.171,"significance":"not_sig"}},{"type":"Feature","geometry":{"type":"Point","coordinates":[77.70588,12.94144]},"properties":{"cell_id":62875,"case_count":2,"gi_zscore":-0.076,"gi_pvalue":0.216,"significance":"not_sig"}},{"type":"Feature","geometry":{"type":"Point","coordinates":[77.71765,12.94144]},"properties":{"cell_id":62876,"case_count":2,"gi_zscore":-0.073,"gi_pvalue":0.191,"significance":"not_sig"}},{"type":"Feature","geometry":{"type":"Point","coordinates":[77.74118,12.94144]},"properties":{"cell_id":62878,"case_count":5,"gi_zscore":-0.0774,"gi_pvalue":0.263,"significance":"not_sig"}},{"type":"Feature","geometry":{"type":"Point","coordinates":[77.75294,12.94144]},"properties":{"cell_id":62879,"case_count":5,"gi_zscore":-0.0804,"gi_pvalue":0.3,"significance":"not_sig"}},{"type":"Feature","geometry":{"type":"Point","coordinates":[77.76471,12.94144]},"properties":{"cell_id":62880,"case_count":1,"gi_zscore":-0.0804,"gi_pvalue":0.231,"significance":"not_sig"}},{"type":"Feature","geometry":{"type":"Point","coordinates":[77.78824,12.94144]},"properties":{"cell_id":62882,"case_count":1,"gi_zscore":-0.0907,"gi_pvalue":0.404,"significance":"not_sig"}},{"type":"Feature","geometry":{"type":"Point","coordinates":[77.95294,12.94144]},"properties":{"cell_id":62896,"case_count":1,"gi_zscore":-0.098,"gi_pvalue":0.356,"significance":"not_sig"}},{"type":"Feature","geometry":{"type":"Point","coordinates":[78.27059,12.94144]},"properties":{"cell_id":62923,"case_count":6,"gi_zscore":-0.0789,"gi_pvalue":0.299,"significance":"not_sig"}},{"type":"Feature","geometry":{"type":"Point","coordinates":[78.35294,12.94144]},"properties":{"cell_id":62930,"case_count":1,"gi_zscore":-0.0936,"gi_pvalue":0.493,"significance":"not_sig"}},{"type":"Feature","geometry":{"type":"Point","coordinates":[74.8,12.95045]},"properties":{"cell_id":63019,"case_count":1,"gi_zscore":-0.1025,"gi_pvalue":0.086,"significance":"cold_90"}},{"type":"Feature","geometry":{"type":"Point","coordinates":[74.81176,12.95045]},"properties":{"cell_id":63020,"case_count":2,"gi_zscore":-0.1025,"gi_pvalue":0.024,"significance":"cold_95"}},{"type":"Feature","geometry":{"type":"Point","coordinates":[74.88235,12.95045]},"properties":{"cell_id":63026,"case_count":1,"gi_zscore":-0.0922,"gi_pvalue":0.411,"significance":"not_sig"}},{"type":"Feature","geometry":{"type":"Point","coordinates":[75.09412,12.95045]},"properties":{"cell_id":63044,"case_count":1,"gi_zscore":-0.0951,"gi_pvalue":0.493,"significance":"not_sig"}},{"type":"Feature","geometry":{"type":"Point","coordinates":[75.16471,12.95045]},"properties":{"cell_id":63050,"case_count":2,"gi_zscore":-0.1025,"gi_pvalue":0.024,"significance":"cold_95"}},{"type":"Feature","geometry":{"type":"Point","coordinates":[75.38824,12.95045]},"properties":{"cell_id":63069,"case_count":1,"gi_zscore":-0.1039,"gi_pvalue":0.024,"significance":"cold_95"}},{"type":"Feature","geometry":{"type":"Point","coordinates":[75.8,12.95045]},"properties":{"cell_id":63104,"case_count":1,"gi_zscore":-0.1025,"gi_pvalue":0.085,"significance":"cold_90"}},{"type":"Feature","geometry":{"type":"Point","coordinates":[76.15294,12.95045]},"properties":{"cell_id":63134,"case_count":1,"gi_zscore":-0.1025,"gi_pvalue":0.085,"significance":"cold_90"}},{"type":"Feature","geometry":{"type":"Point","coordinates":[76.2,12.95045]},"properties":{"cell_id":63138,"case_count":1,"gi_zscore":-0.1025,"gi_pvalue":0.085,"significance":"cold_90"}},{"type":"Feature","geometry":{"type":"Point","coordinates":[76.57647,12.95045]},"properties":{"cell_id":63170,"case_count":1,"gi_zscore":-0.1054,"gi_pvalue":0.024,"significance":"cold_95"}},{"type":"Feature","geometry":{"type":"Point","coordinates":[77.22353,12.95045]},"properties":{"cell_id":63225,"case_count":3,"gi_zscore":-0.0936,"gi_pvalue":0.453,"significance":"not_sig"}},{"type":"Feature","geometry":{"type":"Point","coordinates":[77.48235,12.95045]},"properties":{"cell_id":63247,"case_count":2,"gi_zscore":-0.0804,"gi_pvalue":0.245,"significance":"not_sig"}},{"type":"Feature","geometry":{"type":"Point","coordinates":[77.49412,12.95045]},"properties":{"cell_id":63248,"case_count":2,"gi_zscore":-0.0774,"gi_pvalue":0.23,"significance":"not_sig"}},{"type":"Feature","geometry":{"type":"Point","coordinates":[77.51765,12.95045]},"properties":{"cell_id":63250,"case_count":7,"gi_zscore":0.0153,"gi_pvalue":0.102,"significance":"not_sig"}},{"type":"Feature","geometry":{"type":"Point","coordinates":[77.52941,12.95045]},"properties":{"cell_id":63251,"case_count":18,"gi_zscore":0.083,"gi_pvalue":0.086,"significance":"hot_90"}},{"type":"Feature","geometry":{"type":"Point","coordinates":[77.54118,12.95045]},"properties":{"cell_id":63252,"case_count":25,"gi_zscore":0.108,"gi_pvalue":0.085,"significance":"hot_90"}},{"type":"Feature","geometry":{"type":"Point","coordinates":[77.55294,12.95045]},"properties":{"cell_id":63253,"case_count":15,"gi_zscore":0.0845,"gi_pvalue":0.086,"significance":"hot_90"}},{"type":"Feature","geometry":{"type":"Point","coordinates":[77.56471,12.95045]},"properties":{"cell_id":63254,"case_count":6,"gi_zscore":0.0889,"gi_pvalue":0.083,"significance":"hot_90"}},{"type":"Feature","geometry":{"type":"Point","coordinates":[77.57647,12.95045]},"properties":{"cell_id":63255,"case_count":17,"gi_zscore":0.0786,"gi_pvalue":0.087,"significance":"hot_90"}},{"type":"Feature","geometry":{"type":"Point","coordinates":[77.58824,12.95045]},"properties":{"cell_id":63256,"case_count":6,"gi_zscore":0.0742,"gi_pvalue":0.086,"significance":"hot_90"}},{"type":"Feature","geometry":{"type":"Point","coordinates":[77.6,12.95045]},"properties":{"cell_id":63257,"case_count":7,"gi_zscore":0.0374,"gi_pvalue":0.095,"significance":"hot_90"}},{"type":"Feature","geometry":{"type":"Point","coordinates":[77.61176,12.95045]},"properties":{"cell_id":63258,"case_count":13,"gi_zscore":0.0315,"gi_pvalue":0.101,"significance":"not_sig"}},{"type":"Feature","geometry":{"type":"Point","coordinates":[77.62353,12.95045]},"properties":{"cell_id":63259,"case_count":20,"gi_zscore":0.005,"gi_pvalue":0.103,"significance":"not_sig"}},{"type":"Feature","geometry":{"type":"Point","coordinates":[77.63529,12.95045]},"properties":{"cell_id":63260,"case_count":4,"gi_zscore":-0.0524,"gi_pvalue":0.122,"significance":"not_sig"}},{"type":"Feature","geometry":{"type":"Point","coordinates":[77.64706,12.95045]},"properties":{"cell_id":63261,"case_count":2,"gi_zscore":-0.0715,"gi_pvalue":0.179,"significance":"not_sig"}},{"type":"Feature","geometry":{"type":"Point","coordinates":[77.65882,12.95045]},"properties":{"cell_id":63262,"case_count":1,"gi_zscore":-0.076,"gi_pvalue":0.202,"significance":"not_sig"}},{"type":"Feature","geometry":{"type":"Point","coordinates":[77.67059,12.95045]},"properties":{"cell_id":63263,"case_count":1,"gi_zscore":-0.0671,"gi_pvalue":0.144,"significance":"not_sig"}},{"type":"Feature","geometry":{"type":"Point","coordinates":[77.69412,12.95045]},"properties":{"cell_id":63265,"case_count":2,"gi_zscore":-0.076,"gi_pvalue":0.216,"significance":"not_sig"}},{"type":"Feature","geometry":{"type":"Point","coordinates":[77.70588,12.95045]},"properties":{"cell_id":63266,"case_count":5,"gi_zscore":-0.0701,"gi_pvalue":0.202,"significance":"not_sig"}},{"type":"Feature","geometry":{"type":"Point","coordinates":[77.71765,12.95045]},"properties":{"cell_id":63267,"case_count":6,"gi_zscore":-0.0774,"gi_pvalue":0.288,"significance":"not_sig"}},{"type":"Feature","geometry":{"type":"Point","coordinates":[77.72941,12.95045]},"properties":{"cell_id":63268,"case_count":1,"gi_zscore":-0.076,"gi_pvalue":0.197,"significance":"not_sig"}},{"type":"Feature","geometry":{"type":"Point","coordinates":[77.75294,12.95045]},"properties":{"cell_id":63270,"case_count":1,"gi_zscore":-0.0804,"gi_pvalue":0.231,"significance":"not_sig"}},{"type":"Feature","geometry":{"type":"Point","coordinates":[78.2,12.95045]},"properties":{"cell_id":63308,"case_count":1,"gi_zscore":-0.101,"gi_pvalue":0.176,"significance":"not_sig"}},{"type":"Feature","geometry":{"type":"Point","coordinates":[78.25882,12.95045]},"properties":{"cell_id":63313,"case_count":2,"gi_zscore":-0.0804,"gi_pvalue":0.247,"significance":"not_sig"}},{"type":"Feature","geometry":{"type":"Point","coordinates":[78.27059,12.95045]},"properties":{"cell_id":63314,"case_count":5,"gi_zscore":-0.0774,"gi_pvalue":0.265,"significance":"not_sig"}},{"type":"Feature","geometry":{"type":"Point","coordinates":[74.81176,12.95946]},"properties":{"cell_id":63411,"case_count":1,"gi_zscore":-0.1025,"gi_pvalue":0.084,"significance":"cold_90"}},{"type":"Feature","geometry":{"type":"Point","coordinates":[76.08235,12.95946]},"properties":{"cell_id":63519,"case_count":1,"gi_zscore":-0.101,"gi_pvalue":0.175,"significance":"not_sig"}},{"type":"Feature","geometry":{"type":"Point","coordinates":[77.22353,12.95946]},"properties":{"cell_id":63616,"case_count":2,"gi_zscore":-0.0936,"gi_pvalue":0.495,"significance":"not_sig"}},{"type":"Feature","geometry":{"type":"Point","coordinates":[77.23529,12.95946]},"properties":{"cell_id":63617,"case_count":1,"gi_zscore":-0.0936,"gi_pvalue":0.453,"significance":"not_sig"}},{"type":"Feature","geometry":{"type":"Point","coordinates":[77.24706,12.95946]},"properties":{"cell_id":63618,"case_count":1,"gi_zscore":-0.0936,"gi_pvalue":0.453,"significance":"not_sig"}},{"type":"Feature","geometry":{"type":"Point","coordinates":[77.48235,12.95946]},"properties":{"cell_id":63638,"case_count":4,"gi_zscore":-0.0833,"gi_pvalue":0.344,"significance":"not_sig"}},{"type":"Feature","geometry":{"type":"Point","coordinates":[77.49412,12.95946]},"properties":{"cell_id":63639,"case_count":1,"gi_zscore":-0.0789,"gi_pvalue":0.227,"significance":"not_sig"}},{"type":"Feature","geometry":{"type":"Point","coordinates":[77.50588,12.95946]},"properties":{"cell_id":63640,"case_count":4,"gi_zscore":-0.0421,"gi_pvalue":0.113,"significance":"not_sig"}},{"type":"Feature","geometry":{"type":"Point","coordinates":[77.51765,12.95946]},"properties":{"cell_id":63641,"case_count":11,"gi_zscore":0.0315,"gi_pvalue":0.101,"significance":"not_sig"}},{"type":"Feature","geometry":{"type":"Point","coordinates":[77.52941,12.95946]},"properties":{"cell_id":63642,"case_count":21,"gi_zscore":0.0962,"gi_pvalue":0.086,"significance":"hot_90"}},{"type":"Feature","geometry":{"type":"Point","coordinates":[77.54118,12.95946]},"properties":{"cell_id":63643,"case_count":23,"gi_zscore":0.1154,"gi_pvalue":0.083,"significance":"hot_90"}},{"type":"Feature","geometry":{"type":"Point","coordinates":[77.55294,12.95946]},"properties":{"cell_id":63644,"case_count":12,"gi_zscore":0.083,"gi_pvalue":0.086,"significance":"hot_90"}},{"type":"Feature","geometry":{"type":"Point","coordinates":[77.56471,12.95946]},"properties":{"cell_id":63645,"case_count":17,"gi_zscore":0.186,"gi_pvalue":0.076,"significance":"hot_90"}},{"type":"Feature","geometry":{"type":"Point","coordinates":[77.57647,12.95946]},"properties":{"cell_id":63646,"case_count":45,"gi_zscore":0.1978,"gi_pvalue":0.079,"significance":"hot_90"}},{"type":"Feature","geometry":{"type":"Point","coordinates":[77.58824,12.95946]},"properties":{"cell_id":63647,"case_count":25,"gi_zscore":0.4259,"gi_pvalue":0.062,"significance":"hot_90"}},{"type":"Feature","geometry":{"type":"Point","coordinates":[77.6,12.95946]},"properties":{"cell_id":63648,"case_count":6,"gi_zscore":0.292,"gi_pvalue":0.064,"significance":"hot_90"}},{"type":"Feature","geometry":{"type":"Point","coordinates":[77.61176,12.95946]},"properties":{"cell_id":63649,"case_count":13,"gi_zscore":0.2581,"gi_pvalue":0.068,"significance":"hot_90"}},{"type":"Feature","geometry":{"type":"Point","coordinates":[77.62353,12.95946]},"properties":{"cell_id":63650,"case_count":2,"gi_zscore":0.0065,"gi_pvalue":0.102,"significance":"not_sig"}},{"type":"Feature","geometry":{"type":"Point","coordinates":[77.63529,12.95946]},"properties":{"cell_id":63651,"case_count":4,"gi_zscore":-0.0303,"gi_pvalue":0.104,"significance":"not_sig"}},{"type":"Feature","geometry":{"type":"Point","coordinates":[77.64706,12.95946]},"properties":{"cell_id":63652,"case_count":1,"gi_zscore":-0.0524,"gi_pvalue":0.117,"significance":"not_sig"}},{"type":"Feature","geometry":{"type":"Point","coordinates":[77.65882,12.95946]},"properties":{"cell_id":63653,"case_count":5,"gi_zscore":-0.0627,"gi_pvalue":0.151,"significance":"not_sig"}},{"type":"Feature","geometry":{"type":"Point","coordinates":[77.67059,12.95946]},"properties":{"cell_id":63654,"case_count":3,"gi_zscore":-0.0657,"gi_pvalue":0.151,"significance":"not_sig"}},{"type":"Feature","geometry":{"type":"Point","coordinates":[77.68235,12.95946]},"properties":{"cell_id":63655,"case_count":3,"gi_zscore":-0.0789,"gi_pvalue":0.259,"significance":"not_sig"}},{"type":"Feature","geometry":{"type":"Point","coordinates":[77.69412,12.95946]},"properties":{"cell_id":63656,"case_count":3,"gi_zscore":-0.0745,"gi_pvalue":0.217,"significance":"not_sig"}},{"type":"Feature","geometry":{"type":"Point","coordinates":[77.70588,12.95946]},"properties":{"cell_id":63657,"case_count":6,"gi_zscore":-0.0701,"gi_pvalue":0.204,"significance":"not_sig"}},{"type":"Feature","geometry":{"type":"Point","coordinates":[77.71765,12.95946]},"properties":{"cell_id":63658,"case_count":3,"gi_zscore":-0.0745,"gi_pvalue":0.204,"significance":"not_sig"}},{"type":"Feature","geometry":{"type":"Point","coordinates":[77.74118,12.95946]},"properties":{"cell_id":63660,"case_count":4,"gi_zscore":-0.0863,"gi_pvalue":0.399,"significance":"not_sig"}},{"type":"Feature","geometry":{"type":"Point","coordinates":[77.81176,12.95946]},"properties":{"cell_id":63666,"case_count":1,"gi_zscore":-0.0966,"gi_pvalue":0.455,"significance":"not_sig"}},{"type":"Feature","geometry":{"type":"Point","coordinates":[77.84706,12.95946]},"properties":{"cell_id":63669,"case_count":1,"gi_zscore":-0.0966,"gi_pvalue":0.403,"significance":"not_sig"}},{"type":"Feature","geometry":{"type":"Point","coordinates":[78.17647,12.95946]},"properties":{"cell_id":63697,"case_count":1,"gi_zscore":-0.0951,"gi_pvalue":0.488,"significance":"not_sig"}},{"type":"Feature","geometry":{"type":"Point","coordinates":[78.27059,12.95946]},"properties":{"cell_id":63705,"case_count":6,"gi_zscore":-0.0774,"gi_pvalue":0.275,"significance":"not_sig"}},{"type":"Feature","geometry":{"type":"Point","coordinates":[78.28235,12.95946]},"properties":{"cell_id":63706,"case_count":3,"gi_zscore":-0.0789,"gi_pvalue":0.259,"significance":"not_sig"}},{"type":"Feature","geometry":{"type":"Point","coordinates":[78.38824,12.95946]},"properties":{"cell_id":63715,"case_count":1,"gi_zscore":-0.101,"gi_pvalue":0.176,"significance":"not_sig"}},{"type":"Feature","geometry":{"type":"Point","coordinates":[74.94118,12.96847]},"properties":{"cell_id":63813,"case_count":1,"gi_zscore":-0.1039,"gi_pvalue":0.023,"significance":"cold_95"}},{"type":"Feature","geometry":{"type":"Point","coordinates":[76.08235,12.96847]},"properties":{"cell_id":63910,"case_count":1,"gi_zscore":-0.101,"gi_pvalue":0.176,"significance":"not_sig"}},{"type":"Feature","geometry":{"type":"Point","coordinates":[76.85882,12.96847]},"properties":{"cell_id":63976,"case_count":1,"gi_zscore":-0.101,"gi_pvalue":0.176,"significance":"not_sig"}},{"type":"Feature","geometry":{"type":"Point","coordinates":[77.4,12.96847]},"properties":{"cell_id":64022,"case_count":2,"gi_zscore":-0.0995,"gi_pvalue":0.176,"significance":"not_sig"}},{"type":"Feature","geometry":{"type":"Point","coordinates":[77.48235,12.96847]},"properties":{"cell_id":64029,"case_count":1,"gi_zscore":-0.0922,"gi_pvalue":0.434,"significance":"not_sig"}},{"type":"Feature","geometry":{"type":"Point","coordinates":[77.49412,12.96847]},"properties":{"cell_id":64030,"case_count":2,"gi_zscore":-0.076,"gi_pvalue":0.216,"significance":"not_sig"}},{"type":"Feature","geometry":{"type":"Point","coordinates":[77.50588,12.96847]},"properties":{"cell_id":64031,"case_count":6,"gi_zscore":-0.0436,"gi_pvalue":0.117,"significance":"not_sig"}},{"type":"Feature","geometry":{"type":"Point","coordinates":[77.51765,12.96847]},"properties":{"cell_id":64032,"case_count":13,"gi_zscore":0.0212,"gi_pvalue":0.102,"significance":"not_sig"}},{"type":"Feature","geometry":{"type":"Point","coordinates":[77.52941,12.96847]},"properties":{"cell_id":64033,"case_count":17,"gi_zscore":0.058,"gi_pvalue":0.095,"significance":"hot_90"}},{"type":"Feature","geometry":{"type":"Point","coordinates":[77.54118,12.96847]},"properties":{"cell_id":64034,"case_count":11,"gi_zscore":0.0697,"gi_pvalue":0.086,"significance":"hot_90"}},{"type":"Feature","geometry":{"type":"Point","coordinates":[77.55294,12.96847]},"properties":{"cell_id":64035,"case_count":17,"gi_zscore":0.058,"gi_pvalue":0.095,"significance":"hot_90"}},{"type":"Feature","geometry":{"type":"Point","coordinates":[77.56471,12.96847]},"properties":{"cell_id":64036,"case_count":11,"gi_zscore":0.1801,"gi_pvalue":0.075,"significance":"hot_90"}},{"type":"Feature","geometry":{"type":"Point","coordinates":[77.57647,12.96847]},"properties":{"cell_id":64037,"case_count":67,"gi_zscore":0.1934,"gi_pvalue":0.083,"significance":"hot_90"}},{"type":"Feature","geometry":{"type":"Point","coordinates":[77.58824,12.96847]},"properties":{"cell_id":64038,"case_count":21,"gi_zscore":1.9875,"gi_pvalue":0.002,"significance":"hot_99"}},{"type":"Feature","geometry":{"type":"Point","coordinates":[77.6,12.96847]},"properties":{"cell_id":64039,"case_count":176,"gi_zscore":1.8565,"gi_pvalue":0.005,"significance":"hot_99"}},{"type":"Feature","geometry":{"type":"Point","coordinates":[77.61176,12.96847]},"properties":{"cell_id":64040,"case_count":12,"gi_zscore":1.8359,"gi_pvalue":0.002,"significance":"hot_99"}},{"type":"Feature","geometry":{"type":"Point","coordinates":[77.62353,12.96847]},"properties":{"cell_id":64041,"case_count":7,"gi_zscore":0.0212,"gi_pvalue":0.1,"significance":"hot_90"}},{"type":"Feature","geometry":{"type":"Point","coordinates":[77.63529,12.96847]},"properties":{"cell_id":64042,"case_count":10,"gi_zscore":-0.0127,"gi_pvalue":0.102,"significance":"not_sig"}},{"type":"Feature","geometry":{"type":"Point","coordinates":[77.64706,12.96847]},"properties":{"cell_id":64043,"case_count":10,"gi_zscore":-0.0421,"gi_pvalue":0.119,"significance":"not_sig"}},{"type":"Feature","geometry":{"type":"Point","coordinates":[77.65882,12.96847]},"properties":{"cell_id":64044,"case_count":8,"gi_zscore":-0.0583,"gi_pvalue":0.15,"significance":"not_sig"}},{"type":"Feature","geometry":{"type":"Point","coordinates":[77.67059,12.96847]},"properties":{"cell_id":64045,"case_count":7,"gi_zscore":-0.0627,"gi_pvalue":0.167,"significance":"not_sig"}},{"type":"Feature","geometry":{"type":"Point","coordinates":[77.68235,12.96847]},"properties":{"cell_id":64046,"case_count":3,"gi_zscore":-0.0715,"gi_pvalue":0.184,"significance":"not_sig"}},{"type":"Feature","geometry":{"type":"Point","coordinates":[77.69412,12.96847]},"properties":{"cell_id":64047,"case_count":2,"gi_zscore":-0.076,"gi_pvalue":0.221,"significance":"not_sig"}},{"type":"Feature","geometry":{"type":"Point","coordinates":[77.70588,12.96847]},"properties":{"cell_id":64048,"case_count":4,"gi_zscore":-0.0715,"gi_pvalue":0.199,"significance":"not_sig"}},{"type":"Feature","geometry":{"type":"Point","coordinates":[77.72941,12.96847]},"properties":{"cell_id":64050,"case_count":2,"gi_zscore":-0.0951,"gi_pvalue":0.462,"significance":"not_sig"}},{"type":"Feature","geometry":{"type":"Point","coordinates":[77.74118,12.96847]},"properties":{"cell_id":64051,"case_count":1,"gi_zscore":-0.0833,"gi_pvalue":0.262,"significance":"not_sig"}},{"type":"Feature","geometry":{"type":"Point","coordinates":[77.75294,12.96847]},"properties":{"cell_id":64052,"case_count":2,"gi_zscore":-0.0833,"gi_pvalue":0.296,"significance":"not_sig"}},{"type":"Feature","geometry":{"type":"Point","coordinates":[77.76471,12.96847]},"properties":{"cell_id":64053,"case_count":4,"gi_zscore":-0.0789,"gi_pvalue":0.275,"significance":"not_sig"}},{"type":"Feature","geometry":{"type":"Point","coordinates":[77.83529,12.96847]},"properties":{"cell_id":64059,"case_count":1,"gi_zscore":-0.0966,"gi_pvalue":0.41,"significance":"not_sig"}},{"type":"Feature","geometry":{"type":"Point","coordinates":[78.17647,12.96847]},"properties":{"cell_id":64088,"case_count":1,"gi_zscore":-0.0951,"gi_pvalue":0.49,"significance":"not_sig"}},{"type":"Feature","geometry":{"type":"Point","coordinates":[78.18824,12.96847]},"properties":{"cell_id":64089,"case_count":1,"gi_zscore":-0.0951,"gi_pvalue":0.49,"significance":"not_sig"}},{"type":"Feature","geometry":{"type":"Point","coordinates":[78.24706,12.96847]},"properties":{"cell_id":64094,"case_count":1,"gi_zscore":-0.0804,"gi_pvalue":0.234,"significance":"not_sig"}},{"type":"Feature","geometry":{"type":"Point","coordinates":[78.25882,12.96847]},"properties":{"cell_id":64095,"case_count":1,"gi_zscore":-0.0848,"gi_pvalue":0.286,"significance":"not_sig"}},{"type":"Feature","geometry":{"type":"Point","coordinates":[78.27059,12.96847]},"properties":{"cell_id":64096,"case_count":2,"gi_zscore":-0.0848,"gi_pvalue":0.301,"significance":"not_sig"}},{"type":"Feature","geometry":{"type":"Point","coordinates":[74.88235,12.97748]},"properties":{"cell_id":64199,"case_count":2,"gi_zscore":-0.098,"gi_pvalue":0.318,"significance":"not_sig"}},{"type":"Feature","geometry":{"type":"Point","coordinates":[76.10588,12.97748]},"properties":{"cell_id":64303,"case_count":1,"gi_zscore":-0.101,"gi_pvalue":0.176,"significance":"not_sig"}},{"type":"Feature","geometry":{"type":"Point","coordinates":[76.23529,12.97748]},"properties":{"cell_id":64314,"case_count":1,"gi_zscore":-0.1039,"gi_pvalue":0.023,"significance":"cold_95"}},{"type":"Feature","geometry":{"type":"Point","coordinates":[76.24706,12.97748]},"properties":{"cell_id":64315,"case_count":1,"gi_zscore":-0.1039,"gi_pvalue":0.023,"significance":"cold_95"}},{"type":"Feature","geometry":{"type":"Point","coordinates":[76.74118,12.97748]},"properties":{"cell_id":64357,"case_count":2,"gi_zscore":-0.0995,"gi_pvalue":0.176,"significance":"not_sig"}},{"type":"Feature","geometry":{"type":"Point","coordinates":[76.85882,12.97748]},"properties":{"cell_id":64367,"case_count":2,"gi_zscore":-0.101,"gi_pvalue":0.083,"significance":"cold_90"}},{"type":"Feature","geometry":{"type":"Point","coordinates":[77.02353,12.97748]},"properties":{"cell_id":64381,"case_count":1,"gi_zscore":-0.0863,"gi_pvalue":0.301,"significance":"not_sig"}},{"type":"Feature","geometry":{"type":"Point","coordinates":[77.44706,12.97748]},"properties":{"cell_id":64417,"case_count":1,"gi_zscore":-0.101,"gi_pvalue":0.175,"significance":"not_sig"}},{"type":"Feature","geometry":{"type":"Point","coordinates":[77.45882,12.97748]},"properties":{"cell_id":64418,"case_count":1,"gi_zscore":-0.101,"gi_pvalue":0.175,"significance":"not_sig"}},{"type":"Feature","geometry":{"type":"Point","coordinates":[77.49412,12.97748]},"properties":{"cell_id":64421,"case_count":1,"gi_zscore":-0.0715,"gi_pvalue":0.167,"significance":"not_sig"}},{"type":"Feature","geometry":{"type":"Point","coordinates":[77.50588,12.97748]},"properties":{"cell_id":64422,"case_count":6,"gi_zscore":-0.0495,"gi_pvalue":0.12,"significance":"not_sig"}},{"type":"Feature","geometry":{"type":"Point","coordinates":[77.51765,12.97748]},"properties":{"cell_id":64423,"case_count":7,"gi_zscore":-0.0038,"gi_pvalue":0.1,"significance":"cold_90"}},{"type":"Feature","geometry":{"type":"Point","coordinates":[77.52941,12.97748]},"properties":{"cell_id":64424,"case_count":10,"gi_zscore":0.03,"gi_pvalue":0.1,"significance":"hot_90"}},{"type":"Feature","geometry":{"type":"Point","coordinates":[77.54118,12.97748]},"properties":{"cell_id":64425,"case_count":7,"gi_zscore":0.0889,"gi_pvalue":0.084,"significance":"hot_90"}},{"type":"Feature","geometry":{"type":"Point","coordinates":[77.55294,12.97748]},"properties":{"cell_id":64426,"case_count":10,"gi_zscore":0.0845,"gi_pvalue":0.086,"significance":"hot_90"}},{"type":"Feature","geometry":{"type":"Point","coordinates":[77.56471,12.97748]},"properties":{"cell_id":64427,"case_count":12,"gi_zscore":0.161,"gi_pvalue":0.077,"significance":"hot_90"}},{"type":"Feature","geometry":{"type":"Point","coordinates":[77.57647,12.97748]},"properties":{"cell_id":64428,"case_count":12,"gi_zscore":0.1051,"gi_pvalue":0.084,"significance":"hot_90"}},{"type":"Feature","geometry":{"type":"Point","coordinates":[77.58824,12.97748]},"properties":{"cell_id":64429,"case_count":2,"gi_zscore":2.1111,"gi_pvalue":0.002,"significance":"hot_99"}},{"type":"Feature","geometry":{"type":"Point","coordinates":[77.6,12.97748]},"properties":{"cell_id":64430,"case_count":1077,"gi_zscore":3.5506,"gi_pvalue":0.002,"significance":"hot_99"}},{"type":"Feature","geometry":{"type":"Point","coordinates":[77.61176,12.97748]},"properties":{"cell_id":64431,"case_count":10,"gi_zscore":3.5682,"gi_pvalue":0.001,"significance":"hot_99"}},{"type":"Feature","geometry":{"type":"Point","coordinates":[77.62353,12.97748]},"properties":{"cell_id":64432,"case_count":25,"gi_zscore":1.5548,"gi_pvalue":0.016,"significance":"hot_95"}},{"type":"Feature","geometry":{"type":"Point","coordinates":[77.63529,12.97748]},"properties":{"cell_id":64433,"case_count":12,"gi_zscore":0.002,"gi_pvalue":0.103,"significance":"not_sig"}},{"type":"Feature","geometry":{"type":"Point","coordinates":[77.64706,12.97748]},"properties":{"cell_id":64434,"case_count":1,"gi_zscore":-0.0377,"gi_pvalue":0.108,"significance":"not_sig"}},{"type":"Feature","geometry":{"type":"Point","coordinates":[77.65882,12.97748]},"properties":{"cell_id":64435,"case_count":1,"gi_zscore":-0.0612,"gi_pvalue":0.133,"significance":"not_sig"}},{"type":"Feature","geometry":{"type":"Point","coordinates":[77.67059,12.97748]},"properties":{"cell_id":64436,"case_count":5,"gi_zscore":-0.0671,"gi_pvalue":0.179,"significance":"not_sig"}},{"type":"Feature","geometry":{"type":"Point","coordinates":[77.68235,12.97748]},"properties":{"cell_id":64437,"case_count":3,"gi_zscore":-0.073,"gi_pvalue":0.205,"significance":"not_sig"}},{"type":"Feature","geometry":{"type":"Point","coordinates":[77.71765,12.97748]},"properties":{"cell_id":64440,"case_count":1,"gi_zscore":-0.0922,"gi_pvalue":0.438,"significance":"not_sig"}},{"type":"Feature","geometry":{"type":"Point","coordinates":[77.72941,12.97748]},"properties":{"cell_id":64441,"case_count":2,"gi_zscore":-0.0951,"gi_pvalue":0.409,"significance":"not_sig"}},{"type":"Feature","geometry":{"type":"Point","coordinates":[77.74118,12.97748]},"properties":{"cell_id":64442,"case_count":1,"gi_zscore":-0.0877,"gi_pvalue":0.34,"significance":"not_sig"}},{"type":"Feature","geometry":{"type":"Point","coordinates":[77.75294,12.97748]},"properties":{"cell_id":64443,"case_count":6,"gi_zscore":-0.0774,"gi_pvalue":0.299,"significance":"not_sig"}},{"type":"Feature","geometry":{"type":"Point","coordinates":[77.76471,12.97748]},"properties":{"cell_id":64444,"case_count":4,"gi_zscore":-0.076,"gi_pvalue":0.237,"significance":"not_sig"}},{"type":"Feature","geometry":{"type":"Point","coordinates":[77.77647,12.97748]},"properties":{"cell_id":64445,"case_count":1,"gi_zscore":-0.0818,"gi_pvalue":0.252,"significance":"not_sig"}},{"type":"Feature","geometry":{"type":"Point","coordinates":[77.78824,12.97748]},"properties":{"cell_id":64446,"case_count":2,"gi_zscore":-0.0863,"gi_pvalue":0.339,"significance":"not_sig"}},{"type":"Feature","geometry":{"type":"Point","coordinates":[77.82353,12.97748]},"properties":{"cell_id":64449,"case_count":4,"gi_zscore":-0.0966,"gi_pvalue":0.163,"significance":"not_sig"}},{"type":"Feature","geometry":{"type":"Point","coordinates":[77.83529,12.97748]},"properties":{"cell_id":64450,"case_count":1,"gi_zscore":-0.0966,"gi_pvalue":0.407,"significance":"not_sig"}},{"type":"Feature","geometry":{"type":"Point","coordinates":[77.98824,12.97748]},"properties":{"cell_id":64463,"case_count":1,"gi_zscore":-0.0892,"gi_pvalue":0.373,"significance":"not_sig"}},{"type":"Feature","geometry":{"type":"Point","coordinates":[78.14118,12.97748]},"properties":{"cell_id":64476,"case_count":1,"gi_zscore":-0.0951,"gi_pvalue":0.484,"significance":"not_sig"}},{"type":"Feature","geometry":{"type":"Point","coordinates":[78.18824,12.97748]},"properties":{"cell_id":64480,"case_count":1,"gi_zscore":-0.0951,"gi_pvalue":0.484,"significance":"not_sig"}},{"type":"Feature","geometry":{"type":"Point","coordinates":[78.23529,12.97748]},"properties":{"cell_id":64484,"case_count":1,"gi_zscore":-0.0995,"gi_pvalue":0.256,"significance":"not_sig"}},{"type":"Feature","geometry":{"type":"Point","coordinates":[78.25882,12.97748]},"properties":{"cell_id":64486,"case_count":2,"gi_zscore":-0.0936,"gi_pvalue":0.492,"significance":"not_sig"}},{"type":"Feature","geometry":{"type":"Point","coordinates":[78.41176,12.97748]},"properties":{"cell_id":64499,"case_count":1,"gi_zscore":-0.101,"gi_pvalue":0.175,"significance":"not_sig"}},{"type":"Feature","geometry":{"type":"Point","coordinates":[74.83529,12.98649]},"properties":{"cell_id":64586,"case_count":1,"gi_zscore":-0.1039,"gi_pvalue":0.084,"significance":"cold_90"}},{"type":"Feature","geometry":{"type":"Point","coordinates":[75.25882,12.98649]},"properties":{"cell_id":64622,"case_count":1,"gi_zscore":-0.1025,"gi_pvalue":0.084,"significance":"cold_90"}},{"type":"Feature","geometry":{"type":"Point","coordinates":[75.28235,12.98649]},"properties":{"cell_id":64624,"case_count":2,"gi_zscore":-0.1025,"gi_pvalue":0.024,"significance":"cold_95"}},{"type":"Feature","geometry":{"type":"Point","coordinates":[75.36471,12.98649]},"properties":{"cell_id":64631,"case_count":1,"gi_zscore":-0.1039,"gi_pvalue":0.024,"significance":"cold_95"}},{"type":"Feature","geometry":{"type":"Point","coordinates":[76.2,12.98649]},"properties":{"cell_id":64702,"case_count":1,"gi_zscore":-0.1039,"gi_pvalue":0.024,"significance":"cold_95"}},{"type":"Feature","geometry":{"type":"Point","coordinates":[76.21176,12.98649]},"properties":{"cell_id":64703,"case_count":2,"gi_zscore":-0.1039,"gi_pvalue":0.001,"significance":"cold_99"}},{"type":"Feature","geometry":{"type":"Point","coordinates":[76.23529,12.98649]},"properties":{"cell_id":64705,"case_count":1,"gi_zscore":-0.1039,"gi_pvalue":0.024,"significance":"cold_95"}},{"type":"Feature","geometry":{"type":"Point","coordinates":[76.85882,12.98649]},"properties":{"cell_id":64758,"case_count":2,"gi_zscore":-0.101,"gi_pvalue":0.084,"significance":"cold_90"}},{"type":"Feature","geometry":{"type":"Point","coordinates":[77.0,12.98649]},"properties":{"cell_id":64770,"case_count":1,"gi_zscore":-0.0995,"gi_pvalue":0.257,"significance":"not_sig"}},{"type":"Feature","geometry":{"type":"Point","coordinates":[77.14118,12.98649]},"properties":{"cell_id":64782,"case_count":1,"gi_zscore":-0.0966,"gi_pvalue":0.453,"significance":"not_sig"}},{"type":"Feature","geometry":{"type":"Point","coordinates":[77.44706,12.98649]},"properties":{"cell_id":64808,"case_count":2,"gi_zscore":-0.101,"gi_pvalue":0.085,"significance":"cold_90"}},{"type":"Feature","geometry":{"type":"Point","coordinates":[77.47059,12.98649]},"properties":{"cell_id":64810,"case_count":1,"gi_zscore":-0.0966,"gi_pvalue":0.453,"significance":"not_sig"}},{"type":"Feature","geometry":{"type":"Point","coordinates":[77.49412,12.98649]},"properties":{"cell_id":64812,"case_count":4,"gi_zscore":-0.0657,"gi_pvalue":0.166,"significance":"not_sig"}},{"type":"Feature","geometry":{"type":"Point","coordinates":[77.50588,12.98649]},"properties":{"cell_id":64813,"case_count":3,"gi_zscore":-0.0495,"gi_pvalue":0.12,"significance":"not_sig"}},{"type":"Feature","geometry":{"type":"Point","coordinates":[77.51765,12.98649]},"properties":{"cell_id":64814,"case_count":5,"gi_zscore":-0.0068,"gi_pvalue":0.103,"significance":"not_sig"}},{"type":"Feature","geometry":{"type":"Point","coordinates":[77.52941,12.98649]},"properties":{"cell_id":64815,"case_count":11,"gi_zscore":0.0241,"gi_pvalue":0.103,"significance":"not_sig"}},{"type":"Feature","geometry":{"type":"Point","coordinates":[77.54118,12.98649]},"properties":{"cell_id":64816,"case_count":20,"gi_zscore":0.0859,"gi_pvalue":0.09,"significance":"hot_90"}},{"type":"Feature","geometry":{"type":"Point","coordinates":[77.55294,12.98649]},"properties":{"cell_id":64817,"case_count":38,"gi_zscore":0.0918,"gi_pvalue":0.098,"significance":"hot_90"}},{"type":"Feature","geometry":{"type":"Point","coordinates":[77.56471,12.98649]},"properties":{"cell_id":64818,"case_count":12,"gi_zscore":0.1124,"gi_pvalue":0.088,"significance":"hot_90"}},{"type":"Feature","geometry":{"type":"Point","coordinates":[77.57647,12.98649]},"properties":{"cell_id":64819,"case_count":11,"gi_zscore":0.0388,"gi_pvalue":0.102,"significance":"not_sig"}},{"type":"Feature","geometry":{"type":"Point","coordinates":[77.58824,12.98649]},"properties":{"cell_id":64820,"case_count":4,"gi_zscore":1.7814,"gi_pvalue":0.002,"significance":"hot_99"}},{"type":"Feature","geometry":{"type":"Point","coordinates":[77.6,12.98649]},"properties":{"cell_id":64821,"case_count":145,"gi_zscore":3.9156,"gi_pvalue":0.001,"significance":"hot_99"}},{"type":"Feature","geometry":{"type":"Point","coordinates":[77.61176,12.98649]},"properties":{"cell_id":64822,"case_count":1046,"gi_zscore":4.9443,"gi_pvalue":0.001,"significance":"hot_99"}},{"type":"Feature","geometry":{"type":"Point","coordinates":[77.62353,12.98649]},"properties":{"cell_id":64823,"case_count":7,"gi_zscore":3.1679,"gi_pvalue":0.001,"significance":"hot_99"}},{"type":"Feature","geometry":{"type":"Point","coordinates":[77.63529,12.98649]},"properties":{"cell_id":64824,"case_count":8,"gi_zscore":0.9631,"gi_pvalue":0.047,"significance":"hot_95"}},{"type":"Feature","geometry":{"type":"Point","coordinates":[77.64706,12.98649]},"properties":{"cell_id":64825,"case_count":2,"gi_zscore":-0.0701,"gi_pvalue":0.173,"significance":"not_sig"}},{"type":"Feature","geometry":{"type":"Point","coordinates":[77.65882,12.98649]},"properties":{"cell_id":64826,"case_count":3,"gi_zscore":-0.0789,"gi_pvalue":0.261,"significance":"not_sig"}},{"type":"Feature","geometry":{"type":"Point","coordinates":[77.67059,12.98649]},"properties":{"cell_id":64827,"case_count":2,"gi_zscore":-0.073,"gi_pvalue":0.188,"significance":"not_sig"}},{"type":"Feature","geometry":{"type":"Point","coordinates":[77.68235,12.98649]},"properties":{"cell_id":64828,"case_count":3,"gi_zscore":-0.048,"gi_pvalue":0.121,"significance":"not_sig"}},{"type":"Feature","geometry":{"type":"Point","coordinates":[77.71765,12.98649]},"properties":{"cell_id":64831,"case_count":2,"gi_zscore":-0.0966,"gi_pvalue":0.399,"significance":"not_sig"}},{"type":"Feature","geometry":{"type":"Point","coordinates":[77.72941,12.98649]},"properties":{"cell_id":64832,"case_count":1,"gi_zscore":-0.0936,"gi_pvalue":0.493,"significance":"not_sig"}},{"type":"Feature","geometry":{"type":"Point","coordinates":[77.74118,12.98649]},"properties":{"cell_id":64833,"case_count":5,"gi_zscore":-0.0892,"gi_pvalue":0.457,"significance":"not_sig"}},{"type":"Feature","geometry":{"type":"Point","coordinates":[77.75294,12.98649]},"properties":{"cell_id":64834,"case_count":1,"gi_zscore":-0.0789,"gi_pvalue":0.237,"significance":"not_sig"}},{"type":"Feature","geometry":{"type":"Point","coordinates":[77.76471,12.98649]},"properties":{"cell_id":64835,"case_count":4,"gi_zscore":-0.0774,"gi_pvalue":0.255,"significance":"not_sig"}},{"type":"Feature","geometry":{"type":"Point","coordinates":[77.77647,12.98649]},"properties":{"cell_id":64836,"case_count":4,"gi_zscore":-0.0818,"gi_pvalue":0.301,"significance":"not_sig"}},{"type":"Feature","geometry":{"type":"Point","coordinates":[77.78824,12.98649]},"properties":{"cell_id":64837,"case_count":1,"gi_zscore":-0.0907,"gi_pvalue":0.402,"significance":"not_sig"}},{"type":"Feature","geometry":{"type":"Point","coordinates":[77.81176,12.98649]},"properties":{"cell_id":64839,"case_count":3,"gi_zscore":-0.0951,"gi_pvalue":0.357,"significance":"not_sig"}},{"type":"Feature","geometry":{"type":"Point","coordinates":[77.82353,12.98649]},"properties":{"cell_id":64840,"case_count":1,"gi_zscore":-0.0966,"gi_pvalue":0.405,"significance":"not_sig"}},{"type":"Feature","geometry":{"type":"Point","coordinates":[78.17647,12.98649]},"properties":{"cell_id":64870,"case_count":4,"gi_zscore":-0.0951,"gi_pvalue":0.315,"significance":"not_sig"}},{"type":"Feature","geometry":{"type":"Point","coordinates":[78.18824,12.98649]},"properties":{"cell_id":64871,"case_count":1,"gi_zscore":-0.0951,"gi_pvalue":0.487,"significance":"not_sig"}},{"type":"Feature","geometry":{"type":"Point","coordinates":[78.28235,12.98649]},"properties":{"cell_id":64879,"case_count":1,"gi_zscore":-0.0863,"gi_pvalue":0.306,"significance":"not_sig"}},{"type":"Feature","geometry":{"type":"Point","coordinates":[74.81176,12.9955]},"properties":{"cell_id":64975,"case_count":1,"gi_zscore":-0.1039,"gi_pvalue":0.023,"significance":"cold_95"}},{"type":"Feature","geometry":{"type":"Point","coordinates":[74.82353,12.9955]},"properties":{"cell_id":64976,"case_count":1,"gi_zscore":-0.1039,"gi_pvalue":0.023,"significance":"cold_95"}},{"type":"Feature","geometry":{"type":"Point","coordinates":[74.83529,12.9955]},"properties":{"cell_id":64977,"case_count":1,"gi_zscore":-0.1054,"gi_pvalue":0.023,"significance":"cold_95"}},{"type":"Feature","geometry":{"type":"Point","coordinates":[75.0,12.9955]},"properties":{"cell_id":64991,"case_count":1,"gi_zscore":-0.0995,"gi_pvalue":0.314,"significance":"not_sig"}},{"type":"Feature","geometry":{"type":"Point","coordinates":[75.05882,12.9955]},"properties":{"cell_id":64996,"case_count":1,"gi_zscore":-0.0995,"gi_pvalue":0.314,"significance":"not_sig"}},{"type":"Feature","geometry":{"type":"Point","coordinates":[75.31765,12.9955]},"properties":{"cell_id":65018,"case_count":1,"gi_zscore":-0.1039,"gi_pvalue":0.085,"significance":"cold_90"}},{"type":"Feature","geometry":{"type":"Point","coordinates":[76.0,12.9955]},"properties":{"cell_id":65076,"case_count":1,"gi_zscore":-0.0995,"gi_pvalue":0.314,"significance":"not_sig"}},{"type":"Feature","geometry":{"type":"Point","coordinates":[76.07059,12.9955]},"properties":{"cell_id":65082,"case_count":2,"gi_zscore":-0.101,"gi_pvalue":0.085,"significance":"cold_90"}},{"type":"Feature","geometry":{"type":"Point","coordinates":[76.92941,12.9955]},"properties":{"cell_id":65155,"case_count":1,"gi_zscore":-0.0995,"gi_pvalue":0.313,"significance":"not_sig"}},{"type":"Feature","geometry":{"type":"Point","coordinates":[76.94118,12.9955]},"properties":{"cell_id":65156,"case_count":1,"gi_zscore":-0.0995,"gi_pvalue":0.313,"significance":"not_sig"}},{"type":"Feature","geometry":{"type":"Point","coordinates":[77.0,12.9955]},"properties":{"cell_id":65161,"case_count":4,"gi_zscore":-0.0995,"gi_pvalue":0.085,"significance":"cold_90"}},{"type":"Feature","geometry":{"type":"Point","coordinates":[77.27059,12.9955]},"properties":{"cell_id":65184,"case_count":2,"gi_zscore":-0.098,"gi_pvalue":0.312,"significance":"not_sig"}},{"type":"Feature","geometry":{"type":"Point","coordinates":[77.36471,12.9955]},"properties":{"cell_id":65192,"case_count":2,"gi_zscore":-0.0966,"gi_pvalue":0.398,"significance":"not_sig"}},{"type":"Feature","geometry":{"type":"Point","coordinates":[77.43529,12.9955]},"properties":{"cell_id":65198,"case_count":1,"gi_zscore":-0.101,"gi_pvalue":0.171,"significance":"not_sig"}},{"type":"Feature","geometry":{"type":"Point","coordinates":[77.44706,12.9955]},"properties":{"cell_id":65199,"case_count":2,"gi_zscore":-0.101,"gi_pvalue":0.085,"significance":"cold_90"}},{"type":"Feature","geometry":{"type":"Point","coordinates":[77.45882,12.9955]},"properties":{"cell_id":65200,"case_count":1,"gi_zscore":-0.101,"gi_pvalue":0.169,"significance":"not_sig"}},{"type":"Feature","geometry":{"type":"Point","coordinates":[77.50588,12.9955]},"properties":{"cell_id":65204,"case_count":8,"gi_zscore":-0.0509,"gi_pvalue":0.134,"significance":"not_sig"}},{"type":"Feature","geometry":{"type":"Point","coordinates":[77.51765,12.9955]},"properties":{"cell_id":65205,"case_count":7,"gi_zscore":0.0197,"gi_pvalue":0.103,"significance":"not_sig"}},{"type":"Feature","geometry":{"type":"Point","coordinates":[77.52941,12.9955]},"properties":{"cell_id":65206,"case_count":19,"gi_zscore":0.0374,"gi_pvalue":0.103,"significance":"not_sig"}},{"type":"Feature","geometry":{"type":"Point","coordinates":[77.54118,12.9955]},"properties":{"cell_id":65207,"case_count":11,"gi_zscore":0.1095,"gi_pvalue":0.088,"significance":"hot_90"}},{"type":"Feature","geometry":{"type":"Point","coordinates":[77.55294,12.9955]},"properties":{"cell_id":65208,"case_count":13,"gi_zscore":0.0962,"gi_pvalue":0.088,"significance":"hot_90"}},{"type":"Feature","geometry":{"type":"Point","coordinates":[77.56471,12.9955]},"properties":{"cell_id":65209,"case_count":20,"gi_zscore":0.1286,"gi_pvalue":0.088,"significance":"hot_90"}},{"type":"Feature","geometry":{"type":"Point","coordinates":[77.57647,12.9955]},"properties":{"cell_id":65210,"case_count":29,"gi_zscore":0.0594,"gi_pvalue":0.103,"significance":"not_sig"}},{"type":"Feature","geometry":{"type":"Point","coordinates":[77.58824,12.9955]},"properties":{"cell_id":65211,"case_count":5,"gi_zscore":0.2199,"gi_pvalue":0.073,"significance":"hot_90"}},{"type":"Feature","geometry":{"type":"Point","coordinates":[77.6,12.9955]},"properties":{"cell_id":65212,"case_count":6,"gi_zscore":2.3407,"gi_pvalue":0.001,"significance":"hot_99"}},{"type":"Feature","geometry":{"type":"Point","coordinates":[77.61176,12.9955]},"properties":{"cell_id":65213,"case_count":446,"gi_zscore":4.5278,"gi_pvalue":0.001,"significance":"hot_99"}},{"type":"Feature","geometry":{"type":"Point","coordinates":[77.62353,12.9955]},"properties":{"cell_id":65214,"case_count":678,"gi_zscore":4.8237,"gi_pvalue":0.001,"significance":"hot_99"}},{"type":"Feature","geometry":{"type":"Point","coordinates":[77.63529,12.9955]},"properties":{"cell_id":65215,"case_count":1,"gi_zscore":2.6248,"gi_pvalue":0.001,"significance":"hot_99"}},{"type":"Feature","geometry":{"type":"Point","coordinates":[77.64706,12.9955]},"properties":{"cell_id":65216,"case_count":1,"gi_zscore":0.4274,"gi_pvalue":0.065,"significance":"hot_90"}},{"type":"Feature","geometry":{"type":"Point","coordinates":[77.65882,12.9955]},"properties":{"cell_id":65217,"case_count":4,"gi_zscore":-0.0922,"gi_pvalue":0.433,"significance":"not_sig"}},{"type":"Feature","geometry":{"type":"Point","coordinates":[77.69412,12.9955]},"properties":{"cell_id":65220,"case_count":13,"gi_zscore":-0.0377,"gi_pvalue":0.125,"significance":"not_sig"}},{"type":"Feature","geometry":{"type":"Point","coordinates":[77.70588,12.9955]},"properties":{"cell_id":65221,"case_count":3,"gi_zscore":-0.0421,"gi_pvalue":0.114,"significance":"not_sig"}},{"type":"Feature","geometry":{"type":"Point","coordinates":[77.71765,12.9955]},"properties":{"cell_id":65222,"case_count":2,"gi_zscore":-0.0951,"gi_pvalue":0.404,"significance":"not_sig"}},{"type":"Feature","geometry":{"type":"Point","coordinates":[77.72941,12.9955]},"properties":{"cell_id":65223,"case_count":1,"gi_zscore":-0.0922,"gi_pvalue":0.409,"significance":"not_sig"}},{"type":"Feature","geometry":{"type":"Point","coordinates":[77.74118,12.9955]},"properties":{"cell_id":65224,"case_count":2,"gi_zscore":-0.0936,"gi_pvalue":0.489,"significance":"not_sig"}},{"type":"Feature","geometry":{"type":"Point","coordinates":[77.75294,12.9955]},"properties":{"cell_id":65225,"case_count":1,"gi_zscore":-0.0789,"gi_pvalue":0.23,"significance":"not_sig"}},{"type":"Feature","geometry":{"type":"Point","coordinates":[77.76471,12.9955]},"properties":{"cell_id":65226,"case_count":3,"gi_zscore":-0.0745,"gi_pvalue":0.213,"significance":"not_sig"}},{"type":"Feature","geometry":{"type":"Point","coordinates":[77.78824,12.9955]},"properties":{"cell_id":65228,"case_count":2,"gi_zscore":-0.0936,"gi_pvalue":0.456,"significance":"not_sig"}},{"type":"Feature","geometry":{"type":"Point","coordinates":[77.8,12.9955]},"properties":{"cell_id":65229,"case_count":1,"gi_zscore":-0.0936,"gi_pvalue":0.489,"significance":"not_sig"}},{"type":"Feature","geometry":{"type":"Point","coordinates":[77.81176,12.9955]},"properties":{"cell_id":65230,"case_count":2,"gi_zscore":-0.0951,"gi_pvalue":0.456,"significance":"not_sig"}},{"type":"Feature","geometry":{"type":"Point","coordinates":[77.95294,12.9955]},"properties":{"cell_id":65242,"case_count":1,"gi_zscore":-0.0907,"gi_pvalue":0.398,"significance":"not_sig"}},{"type":"Feature","geometry":{"type":"Point","coordinates":[78.17647,12.9955]},"properties":{"cell_id":65261,"case_count":5,"gi_zscore":-0.0951,"gi_pvalue":0.168,"significance":"not_sig"}},{"type":"Feature","geometry":{"type":"Point","coordinates":[78.2,12.9955]},"properties":{"cell_id":65263,"case_count":1,"gi_zscore":-0.0936,"gi_pvalue":0.489,"significance":"not_sig"}},{"type":"Feature","geometry":{"type":"Point","coordinates":[78.27059,12.9955]},"properties":{"cell_id":65269,"case_count":1,"gi_zscore":-0.0922,"gi_pvalue":0.407,"significance":"not_sig"}},{"type":"Feature","geometry":{"type":"Point","coordinates":[74.0,13.0045]},"properties":{"cell_id":65297,"case_count":1,"gi_zscore":-0.0995,"gi_pvalue":0.312,"significance":"not_sig"}},{"type":"Feature","geometry":{"type":"Point","coordinates":[74.78824,13.0045]},"properties":{"cell_id":65364,"case_count":2,"gi_zscore":-0.1025,"gi_pvalue":0.024,"significance":"cold_95"}},{"type":"Feature","geometry":{"type":"Point","coordinates":[74.8,13.0045]},"properties":{"cell_id":65365,"case_count":1,"gi_zscore":-0.1025,"gi_pvalue":0.085,"significance":"cold_90"}},{"type":"Feature","geometry":{"type":"Point","coordinates":[74.82353,13.0045]},"properties":{"cell_id":65367,"case_count":1,"gi_zscore":-0.1039,"gi_pvalue":0.024,"significance":"cold_95"}},{"type":"Feature","geometry":{"type":"Point","coordinates":[74.88235,13.0045]},"properties":{"cell_id":65372,"case_count":1,"gi_zscore":-0.1039,"gi_pvalue":0.085,"significance":"cold_90"}},{"type":"Feature","geometry":{"type":"Point","coordinates":[75.87059,13.0045]},"properties":{"cell_id":65456,"case_count":1,"gi_zscore":-0.101,"gi_pvalue":0.167,"significance":"not_sig"}},{"type":"Feature","geometry":{"type":"Point","coordinates":[76.07059,13.0045]},"properties":{"cell_id":65473,"case_count":1,"gi_zscore":-0.101,"gi_pvalue":0.167,"significance":"not_sig"}},{"type":"Feature","geometry":{"type":"Point","coordinates":[76.09412,13.0045]},"properties":{"cell_id":65475,"case_count":2,"gi_zscore":-0.101,"gi_pvalue":0.085,"significance":"cold_90"}},{"type":"Feature","geometry":{"type":"Point","coordinates":[76.10588,13.0045]},"properties":{"cell_id":65476,"case_count":2,"gi_zscore":-0.101,"gi_pvalue":0.085,"significance":"cold_90"}},{"type":"Feature","geometry":{"type":"Point","coordinates":[76.11765,13.0045]},"properties":{"cell_id":65477,"case_count":1,"gi_zscore":-0.101,"gi_pvalue":0.167,"significance":"not_sig"}},{"type":"Feature","geometry":{"type":"Point","coordinates":[76.47059,13.0045]},"properties":{"cell_id":65507,"case_count":1,"gi_zscore":-0.1025,"gi_pvalue":0.156,"significance":"not_sig"}},{"type":"Feature","geometry":{"type":"Point","coordinates":[76.94118,13.0045]},"properties":{"cell_id":65547,"case_count":1,"gi_zscore":-0.0995,"gi_pvalue":0.311,"significance":"not_sig"}},{"type":"Feature","geometry":{"type":"Point","coordinates":[76.97647,13.0045]},"properties":{"cell_id":65550,"case_count":1,"gi_zscore":-0.0995,"gi_pvalue":0.311,"significance":"not_sig"}},{"type":"Feature","geometry":{"type":"Point","coordinates":[77.0,13.0045]},"properties":{"cell_id":65552,"case_count":2,"gi_zscore":-0.0995,"gi_pvalue":0.167,"significance":"not_sig"}},{"type":"Feature","geometry":{"type":"Point","coordinates":[77.02353,13.0045]},"properties":{"cell_id":65554,"case_count":1,"gi_zscore":-0.0848,"gi_pvalue":0.285,"significance":"not_sig"}},{"type":"Feature","geometry":{"type":"Point","coordinates":[77.08235,13.0045]},"properties":{"cell_id":65559,"case_count":1,"gi_zscore":-0.101,"gi_pvalue":0.167,"significance":"not_sig"}},{"type":"Feature","geometry":{"type":"Point","coordinates":[77.12941,13.0045]},"properties":{"cell_id":65563,"case_count":2,"gi_zscore":-0.101,"gi_pvalue":0.086,"significance":"cold_90"}},{"type":"Feature","geometry":{"type":"Point","coordinates":[77.27059,13.0045]},"properties":{"cell_id":65575,"case_count":1,"gi_zscore":-0.098,"gi_pvalue":0.397,"significance":"not_sig"}},{"type":"Feature","geometry":{"type":"Point","coordinates":[77.29412,13.0045]},"properties":{"cell_id":65577,"case_count":1,"gi_zscore":-0.0966,"gi_pvalue":0.456,"significance":"not_sig"}},{"type":"Feature","geometry":{"type":"Point","coordinates":[77.30588,13.0045]},"properties":{"cell_id":65578,"case_count":5,"gi_zscore":-0.0966,"gi_pvalue":0.157,"significance":"not_sig"}},{"type":"Feature","geometry":{"type":"Point","coordinates":[77.31765,13.0045]},"properties":{"cell_id":65579,"case_count":1,"gi_zscore":-0.0922,"gi_pvalue":0.439,"significance":"not_sig"}},{"type":"Feature","geometry":{"type":"Point","coordinates":[77.34118,13.0045]},"properties":{"cell_id":65581,"case_count":2,"gi_zscore":-0.0922,"gi_pvalue":0.489,"significance":"not_sig"}},{"type":"Feature","geometry":{"type":"Point","coordinates":[77.35294,13.0045]},"properties":{"cell_id":65582,"case_count":4,"gi_zscore":-0.098,"gi_pvalue":0.157,"significance":"not_sig"}},{"type":"Feature","geometry":{"type":"Point","coordinates":[77.44706,13.0045]},"properties":{"cell_id":65590,"case_count":2,"gi_zscore":-0.101,"gi_pvalue":0.085,"significance":"cold_90"}},{"type":"Feature","geometry":{"type":"Point","coordinates":[77.47059,13.0045]},"properties":{"cell_id":65592,"case_count":1,"gi_zscore":-0.0951,"gi_pvalue":0.489,"significance":"not_sig"}},{"type":"Feature","geometry":{"type":"Point","coordinates":[77.48235,13.0045]},"properties":{"cell_id":65593,"case_count":2,"gi_zscore":-0.0922,"gi_pvalue":0.489,"significance":"not_sig"}},{"type":"Feature","geometry":{"type":"Point","coordinates":[77.49412,13.0045]},"properties":{"cell_id":65594,"case_count":4,"gi_zscore":-0.0642,"gi_pvalue":0.159,"significance":"not_sig"}},{"type":"Feature","geometry":{"type":"Point","coordinates":[77.50588,13.0045]},"properties":{"cell_id":65595,"case_count":12,"gi_zscore":-0.048,"gi_pvalue":0.139,"significance":"not_sig"}},{"type":"Feature","geometry":{"type":"Point","coordinates":[77.51765,13.0045]},"properties":{"cell_id":65596,"case_count":1,"gi_zscore":0.0624,"gi_pvalue":0.091,"significance":"hot_90"}},{"type":"Feature","geometry":{"type":"Point","coordinates":[77.52941,13.0045]},"properties":{"cell_id":65597,"case_count":28,"gi_zscore":0.0845,"gi_pvalue":0.096,"significance":"hot_90"}},{"type":"Feature","geometry":{"type":"Point","coordinates":[77.54118,13.0045]},"properties":{"cell_id":65598,"case_count":4,"gi_zscore":0.1183,"gi_pvalue":0.088,"significance":"hot_90"}},{"type":"Feature","geometry":{"type":"Point","coordinates":[77.55294,13.0045]},"properties":{"cell_id":65599,"case_count":11,"gi_zscore":0.0609,"gi_pvalue":0.096,"significance":"hot_90"}},{"type":"Feature","geometry":{"type":"Point","coordinates":[77.56471,13.0045]},"properties":{"cell_id":65600,"case_count":17,"gi_zscore":0.083,"gi_pvalue":0.091,"significance":"hot_90"}},{"type":"Feature","geometry":{"type":"Point","coordinates":[77.57647,13.0045]},"properties":{"cell_id":65601,"case_count":17,"gi_zscore":0.0506,"gi_pvalue":0.1,"significance":"hot_90"}},{"type":"Feature","geometry":{"type":"Point","coordinates":[77.58824,13.0045]},"properties":{"cell_id":65602,"case_count":6,"gi_zscore":0.0168,"gi_pvalue":0.104,"significance":"not_sig"}},{"type":"Feature","geometry":{"type":"Point","coordinates":[77.6,13.0045]},"properties":{"cell_id":65603,"case_count":7,"gi_zscore":0.6217,"gi_pvalue":0.061,"significance":"hot_90"}},{"type":"Feature","geometry":{"type":"Point","coordinates":[77.61176,13.0045]},"properties":{"cell_id":65604,"case_count":6,"gi_zscore":2.7999,"gi_pvalue":0.001,"significance":"hot_99"}},{"type":"Feature","geometry":{"type":"Point","coordinates":[77.62353,13.0045]},"properties":{"cell_id":65605,"case_count":816,"gi_zscore":4.9208,"gi_pvalue":0.001,"significance":"hot_99"}},{"type":"Feature","geometry":{"type":"Point","coordinates":[77.63529,13.0045]},"properties":{"cell_id":65606,"case_count":350,"gi_zscore":4.2438,"gi_pvalue":0.001,"significance":"hot_99"}},{"type":"Feature","geometry":{"type":"Point","coordinates":[77.64706,13.0045]},"properties":{"cell_id":65607,"case_count":1,"gi_zscore":2.0464,"gi_pvalue":0.001,"significance":"hot_99"}},{"type":"Feature","geometry":{"type":"Point","coordinates":[77.65882,13.0045]},"properties":{"cell_id":65608,"case_count":1,"gi_zscore":-0.0951,"gi_pvalue":0.489,"significance":"not_sig"}},{"type":"Feature","geometry":{"type":"Point","coordinates":[77.67059,13.0045]},"properties":{"cell_id":65609,"case_count":3,"gi_zscore":-0.0686,"gi_pvalue":0.175,"significance":"not_sig"}},{"type":"Feature","geometry":{"type":"Point","coordinates":[77.68235,13.0045]},"properties":{"cell_id":65610,"case_count":3,"gi_zscore":-0.0495,"gi_pvalue":0.121,"significance":"not_sig"}},{"type":"Feature","geometry":{"type":"Point","coordinates":[77.69412,13.0045]},"properties":{"cell_id":65611,"case_count":9,"gi_zscore":-0.0318,"gi_pvalue":0.113,"significance":"not_sig"}},{"type":"Feature","geometry":{"type":"Point","coordinates":[77.70588,13.0045]},"properties":{"cell_id":65612,"case_count":3,"gi_zscore":-0.0406,"gi_pvalue":0.113,"significance":"not_sig"}},{"type":"Feature","geometry":{"type":"Point","coordinates":[77.71765,13.0045]},"properties":{"cell_id":65613,"case_count":2,"gi_zscore":-0.076,"gi_pvalue":0.222,"significance":"not_sig"}},{"type":"Feature","geometry":{"type":"Point","coordinates":[77.72941,13.0045]},"properties":{"cell_id":65614,"case_count":1,"gi_zscore":-0.0951,"gi_pvalue":0.49,"significance":"not_sig"}},{"type":"Feature","geometry":{"type":"Point","coordinates":[77.74118,13.0045]},"properties":{"cell_id":65615,"case_count":2,"gi_zscore":-0.0936,"gi_pvalue":0.488,"significance":"not_sig"}},{"type":"Feature","geometry":{"type":"Point","coordinates":[77.75294,13.0045]},"properties":{"cell_id":65616,"case_count":3,"gi_zscore":-0.0818,"gi_pvalue":0.298,"significance":"not_sig"}},{"type":"Feature","geometry":{"type":"Point","coordinates":[77.8,13.0045]},"properties":{"cell_id":65620,"case_count":1,"gi_zscore":-0.0936,"gi_pvalue":0.487,"significance":"not_sig"}},{"type":"Feature","geometry":{"type":"Point","coordinates":[77.94118,13.0045]},"properties":{"cell_id":65632,"case_count":3,"gi_zscore":-0.0907,"gi_pvalue":0.487,"significance":"not_sig"}},{"type":"Feature","geometry":{"type":"Point","coordinates":[78.32941,13.0045]},"properties":{"cell_id":65665,"case_count":2,"gi_zscore":-0.0995,"gi_pvalue":0.166,"significance":"not_sig"}},{"type":"Feature","geometry":{"type":"Point","coordinates":[78.34118,13.0045]},"properties":{"cell_id":65666,"case_count":1,"gi_zscore":-0.101,"gi_pvalue":0.166,"significance":"not_sig"}},{"type":"Feature","geometry":{"type":"Point","coordinates":[78.41176,13.0045]},"properties":{"cell_id":65672,"case_count":1,"gi_zscore":-0.1039,"gi_pvalue":0.025,"significance":"cold_95"}},{"type":"Feature","geometry":{"type":"Point","coordinates":[74.78824,13.01351]},"properties":{"cell_id":65755,"case_count":1,"gi_zscore":-0.1025,"gi_pvalue":0.084,"significance":"cold_90"}},{"type":"Feature","geometry":{"type":"Point","coordinates":[74.8,13.01351]},"properties":{"cell_id":65756,"case_count":1,"gi_zscore":-0.1025,"gi_pvalue":0.084,"significance":"cold_90"}},{"type":"Feature","geometry":{"type":"Point","coordinates":[76.0,13.01351]},"properties":{"cell_id":65858,"case_count":2,"gi_zscore":-0.0995,"gi_pvalue":0.166,"significance":"not_sig"}},{"type":"Feature","geometry":{"type":"Point","coordinates":[76.11765,13.01351]},"properties":{"cell_id":65868,"case_count":1,"gi_zscore":-0.101,"gi_pvalue":0.166,"significance":"not_sig"}},{"type":"Feature","geometry":{"type":"Point","coordinates":[76.50588,13.01351]},"properties":{"cell_id":65901,"case_count":1,"gi_zscore":-0.1054,"gi_pvalue":0.025,"significance":"cold_95"}},{"type":"Feature","geometry":{"type":"Point","coordinates":[76.97647,13.01351]},"properties":{"cell_id":65941,"case_count":1,"gi_zscore":-0.0995,"gi_pvalue":0.31,"significance":"not_sig"}},{"type":"Feature","geometry":{"type":"Point","coordinates":[76.98824,13.01351]},"properties":{"cell_id":65942,"case_count":1,"gi_zscore":-0.0995,"gi_pvalue":0.31,"significance":"not_sig"}},{"type":"Feature","geometry":{"type":"Point","coordinates":[77.01176,13.01351]},"properties":{"cell_id":65944,"case_count":1,"gi_zscore":-0.0848,"gi_pvalue":0.287,"significance":"not_sig"}},{"type":"Feature","geometry":{"type":"Point","coordinates":[77.10588,13.01351]},"properties":{"cell_id":65952,"case_count":1,"gi_zscore":-0.101,"gi_pvalue":0.166,"significance":"not_sig"}},{"type":"Feature","geometry":{"type":"Point","coordinates":[77.12941,13.01351]},"properties":{"cell_id":65954,"case_count":2,"gi_zscore":-0.0995,"gi_pvalue":0.166,"significance":"not_sig"}},{"type":"Feature","geometry":{"type":"Point","coordinates":[77.30588,13.01351]},"properties":{"cell_id":65969,"case_count":1,"gi_zscore":-0.0966,"gi_pvalue":0.453,"significance":"not_sig"}},{"type":"Feature","geometry":{"type":"Point","coordinates":[77.36471,13.01351]},"properties":{"cell_id":65974,"case_count":1,"gi_zscore":-0.098,"gi_pvalue":0.397,"significance":"not_sig"}},{"type":"Feature","geometry":{"type":"Point","coordinates":[77.37647,13.01351]},"properties":{"cell_id":65975,"case_count":1,"gi_zscore":-0.098,"gi_pvalue":0.397,"significance":"not_sig"}},{"type":"Feature","geometry":{"type":"Point","coordinates":[77.44706,13.01351]},"properties":{"cell_id":65981,"case_count":1,"gi_zscore":-0.101,"gi_pvalue":0.166,"significance":"not_sig"}},{"type":"Feature","geometry":{"type":"Point","coordinates":[77.49412,13.01351]},"properties":{"cell_id":65985,"case_count":1,"gi_zscore":-0.0715,"gi_pvalue":0.169,"significance":"not_sig"}},{"type":"Feature","geometry":{"type":"Point","coordinates":[77.50588,13.01351]},"properties":{"cell_id":65986,"case_count":2,"gi_zscore":-0.0627,"gi_pvalue":0.137,"significance":"not_sig"}},{"type":"Feature","geometry":{"type":"Point","coordinates":[77.51765,13.01351]},"properties":{"cell_id":65987,"case_count":10,"gi_zscore":0.0344,"gi_pvalue":0.103,"significance":"not_sig"}},{"type":"Feature","geometry":{"type":"Point","coordinates":[77.52941,13.01351]},"properties":{"cell_id":65988,"case_count":36,"gi_zscore":0.0683,"gi_pvalue":0.104,"significance":"not_sig"}},{"type":"Feature","geometry":{"type":"Point","coordinates":[77.54118,13.01351]},"properties":{"cell_id":65989,"case_count":22,"gi_zscore":0.1433,"gi_pvalue":0.088,"significance":"hot_90"}},{"type":"Feature","geometry":{"type":"Point","coordinates":[77.55294,13.01351]},"properties":{"cell_id":65990,"case_count":17,"gi_zscore":0.0771,"gi_pvalue":0.093,"significance":"hot_90"}},{"type":"Feature","geometry":{"type":"Point","coordinates":[77.56471,13.01351]},"properties":{"cell_id":65991,"case_count":7,"gi_zscore":0.0639,"gi_pvalue":0.091,"significance":"hot_90"}},{"type":"Feature","geometry":{"type":"Point","coordinates":[77.57647,13.01351]},"properties":{"cell_id":65992,"case_count":6,"gi_zscore":0.0153,"gi_pvalue":0.104,"significance":"not_sig"}},{"type":"Feature","geometry":{"type":"Point","coordinates":[77.58824,13.01351]},"properties":{"cell_id":65993,"case_count":8,"gi_zscore":0.0241,"gi_pvalue":0.104,"significance":"not_sig"}},{"type":"Feature","geometry":{"type":"Point","coordinates":[77.6,13.01351]},"properties":{"cell_id":65994,"case_count":8,"gi_zscore":0.0182,"gi_pvalue":0.104,"significance":"not_sig"}},{"type":"Feature","geometry":{"type":"Point","coordinates":[77.61176,13.01351]},"properties":{"cell_id":65995,"case_count":11,"gi_zscore":1.1824,"gi_pvalue":0.032,"significance":"hot_95"}},{"type":"Feature","geometry":{"type":"Point","coordinates":[77.62353,13.01351]},"properties":{"cell_id":65996,"case_count":5,"gi_zscore":3.2871,"gi_pvalue":0.001,"significance":"hot_99"}},{"type":"Feature","geometry":{"type":"Point","coordinates":[77.63529,13.01351]},"properties":{"cell_id":65997,"case_count":1111,"gi_zscore":5.0209,"gi_pvalue":0.001,"significance":"hot_99"}},{"type":"Feature","geometry":{"type":"Point","coordinates":[77.64706,13.01351]},"properties":{"cell_id":65998,"case_count":1,"gi_zscore":3.8169,"gi_pvalue":0.001,"significance":"hot_99"}},{"type":"Feature","geometry":{"type":"Point","coordinates":[77.65882,13.01351]},"properties":{"cell_id":65999,"case_count":1,"gi_zscore":1.6873,"gi_pvalue":0.001,"significance":"hot_99"}},{"type":"Feature","geometry":{"type":"Point","coordinates":[77.67059,13.01351]},"properties":{"cell_id":66000,"case_count":1,"gi_zscore":-0.0524,"gi_pvalue":0.12,"significance":"not_sig"}},{"type":"Feature","geometry":{"type":"Point","coordinates":[77.69412,13.01351]},"properties":{"cell_id":66002,"case_count":6,"gi_zscore":-0.0392,"gi_pvalue":0.115,"significance":"not_sig"}},{"type":"Feature","geometry":{"type":"Point","coordinates":[77.70588,13.01351]},"properties":{"cell_id":66003,"case_count":12,"gi_zscore":-0.0451,"gi_pvalue":0.134,"significance":"not_sig"}},{"type":"Feature","geometry":{"type":"Point","coordinates":[77.71765,13.01351]},"properties":{"cell_id":66004,"case_count":3,"gi_zscore":-0.0715,"gi_pvalue":0.187,"significance":"not_sig"}},{"type":"Feature","geometry":{"type":"Point","coordinates":[77.76471,13.01351]},"properties":{"cell_id":66008,"case_count":4,"gi_zscore":-0.0833,"gi_pvalue":0.337,"significance":"not_sig"}},{"type":"Feature","geometry":{"type":"Point","coordinates":[77.81176,13.01351]},"properties":{"cell_id":66012,"case_count":1,"gi_zscore":-0.0995,"gi_pvalue":0.31,"significance":"not_sig"}},{"type":"Feature","geometry":{"type":"Point","coordinates":[78.22353,13.01351]},"properties":{"cell_id":66047,"case_count":2,"gi_zscore":-0.0966,"gi_pvalue":0.397,"significance":"not_sig"}},{"type":"Feature","geometry":{"type":"Point","coordinates":[74.78824,13.02252]},"properties":{"cell_id":66146,"case_count":2,"gi_zscore":-0.1025,"gi_pvalue":0.026,"significance":"cold_95"}},{"type":"Feature","geometry":{"type":"Point","coordinates":[75.03529,13.02252]},"properties":{"cell_id":66167,"case_count":1,"gi_zscore":-0.0995,"gi_pvalue":0.31,"significance":"not_sig"}},{"type":"Feature","geometry":{"type":"Point","coordinates":[76.08235,13.02252]},"properties":{"cell_id":66256,"case_count":1,"gi_zscore":-0.101,"gi_pvalue":0.166,"significance":"not_sig"}},{"type":"Feature","geometry":{"type":"Point","coordinates":[77.01176,13.02252]},"properties":{"cell_id":66335,"case_count":1,"gi_zscore":-0.0848,"gi_pvalue":0.288,"significance":"not_sig"}},{"type":"Feature","geometry":{"type":"Point","coordinates":[77.02353,13.02252]},"properties":{"cell_id":66336,"case_count":10,"gi_zscore":-0.0848,"gi_pvalue":0.399,"significance":"not_sig"}},{"type":"Feature","geometry":{"type":"Point","coordinates":[77.03529,13.02252]},"properties":{"cell_id":66337,"case_count":1,"gi_zscore":-0.0907,"gi_pvalue":0.399,"significance":"not_sig"}},{"type":"Feature","geometry":{"type":"Point","coordinates":[77.32941,13.02252]},"properties":{"cell_id":66362,"case_count":1,"gi_zscore":-0.0922,"gi_pvalue":0.405,"significance":"not_sig"}},{"type":"Feature","geometry":{"type":"Point","coordinates":[77.36471,13.02252]},"properties":{"cell_id":66365,"case_count":1,"gi_zscore":-0.098,"gi_pvalue":0.399,"significance":"not_sig"}},{"type":"Feature","geometry":{"type":"Point","coordinates":[77.37647,13.02252]},"properties":{"cell_id":66366,"case_count":1,"gi_zscore":-0.098,"gi_pvalue":0.399,"significance":"not_sig"}},{"type":"Feature","geometry":{"type":"Point","coordinates":[77.38824,13.02252]},"properties":{"cell_id":66367,"case_count":1,"gi_zscore":-0.0995,"gi_pvalue":0.311,"significance":"not_sig"}},{"type":"Feature","geometry":{"type":"Point","coordinates":[77.45882,13.02252]},"properties":{"cell_id":66373,"case_count":1,"gi_zscore":-0.098,"gi_pvalue":0.36,"significance":"not_sig"}},{"type":"Feature","geometry":{"type":"Point","coordinates":[77.47059,13.02252]},"properties":{"cell_id":66374,"case_count":1,"gi_zscore":-0.0951,"gi_pvalue":0.456,"significance":"not_sig"}},{"type":"Feature","geometry":{"type":"Point","coordinates":[77.48235,13.02252]},"properties":{"cell_id":66375,"case_count":3,"gi_zscore":-0.0907,"gi_pvalue":0.488,"significance":"not_sig"}},{"type":"Feature","geometry":{"type":"Point","coordinates":[77.49412,13.02252]},"properties":{"cell_id":66376,"case_count":1,"gi_zscore":-0.0818,"gi_pvalue":0.258,"significance":"not_sig"}},{"type":"Feature","geometry":{"type":"Point","coordinates":[77.50588,13.02252]},"properties":{"cell_id":66377,"case_count":3,"gi_zscore":-0.0627,"gi_pvalue":0.143,"significance":"not_sig"}},{"type":"Feature","geometry":{"type":"Point","coordinates":[77.51765,13.02252]},"properties":{"cell_id":66378,"case_count":4,"gi_zscore":0.002,"gi_pvalue":0.103,"significance":"not_sig"}},{"type":"Feature","geometry":{"type":"Point","coordinates":[77.52941,13.02252]},"properties":{"cell_id":66379,"case_count":8,"gi_zscore":0.058,"gi_pvalue":0.095,"significance":"hot_90"}},{"type":"Feature","geometry":{"type":"Point","coordinates":[77.54118,13.02252]},"properties":{"cell_id":66380,"case_count":14,"gi_zscore":0.1183,"gi_pvalue":0.088,"significance":"hot_90"}},{"type":"Feature","geometry":{"type":"Point","coordinates":[77.55294,13.02252]},"properties":{"cell_id":66381,"case_count":38,"gi_zscore":0.08,"gi_pvalue":0.099,"significance":"hot_90"}},{"type":"Feature","geometry":{"type":"Point","coordinates":[77.56471,13.02252]},"properties":{"cell_id":66382,"case_count":3,"gi_zscore":0.0565,"gi_pvalue":0.093,"significance":"hot_90"}},{"type":"Feature","geometry":{"type":"Point","coordinates":[77.57647,13.02252]},"properties":{"cell_id":66383,"case_count":8,"gi_zscore":0.0094,"gi_pvalue":0.103,"significance":"not_sig"}},{"type":"Feature","geometry":{"type":"Point","coordinates":[77.58824,13.02252]},"properties":{"cell_id":66384,"case_count":19,"gi_zscore":0.0403,"gi_pvalue":0.103,"significance":"not_sig"}},{"type":"Feature","geometry":{"type":"Point","coordinates":[77.6,13.02252]},"properties":{"cell_id":66385,"case_count":18,"gi_zscore":0.0462,"gi_pvalue":0.103,"significance":"not_sig"}},{"type":"Feature","geometry":{"type":"Point","coordinates":[77.61176,13.02252]},"properties":{"cell_id":66386,"case_count":10,"gi_zscore":0.0182,"gi_pvalue":0.103,"significance":"not_sig"}},{"type":"Feature","geometry":{"type":"Point","coordinates":[77.62353,13.02252]},"properties":{"cell_id":66387,"case_count":3,"gi_zscore":1.5975,"gi_pvalue":0.004,"significance":"hot_99"}},{"type":"Feature","geometry":{"type":"Point","coordinates":[77.63529,13.02252]},"properties":{"cell_id":66388,"case_count":2,"gi_zscore":3.8979,"gi_pvalue":0.001,"significance":"hot_99"}},{"type":"Feature","geometry":{"type":"Point","coordinates":[77.64706,13.02252]},"properties":{"cell_id":66389,"case_count":1203,"gi_zscore":5.0724,"gi_pvalue":0.001,"significance":"hot_99"}},{"type":"Feature","geometry":{"type":"Point","coordinates":[77.65882,13.02252]},"properties":{"cell_id":66390,"case_count":4,"gi_zscore":3.4652,"gi_pvalue":0.001,"significance":"hot_99"}},{"type":"Feature","geometry":{"type":"Point","coordinates":[77.67059,13.02252]},"properties":{"cell_id":66391,"case_count":12,"gi_zscore":1.1368,"gi_pvalue":0.038,"significance":"hot_95"}},{"type":"Feature","geometry":{"type":"Point","coordinates":[77.68235,13.02252]},"properties":{"cell_id":66392,"case_count":7,"gi_zscore":-0.0289,"gi_pvalue":0.107,"significance":"not_sig"}},{"type":"Feature","geometry":{"type":"Point","coordinates":[77.69412,13.02252]},"properties":{"cell_id":66393,"case_count":7,"gi_zscore":-0.0348,"gi_pvalue":0.113,"significance":"not_sig"}},{"type":"Feature","geometry":{"type":"Point","coordinates":[77.70588,13.02252]},"properties":{"cell_id":66394,"case_count":5,"gi_zscore":-0.0598,"gi_pvalue":0.143,"significance":"not_sig"}},{"type":"Feature","geometry":{"type":"Point","coordinates":[77.71765,13.02252]},"properties":{"cell_id":66395,"case_count":3,"gi_zscore":-0.0671,"gi_pvalue":0.158,"significance":"not_sig"}},{"type":"Feature","geometry":{"type":"Point","coordinates":[77.76471,13.02252]},"properties":{"cell_id":66399,"case_count":2,"gi_zscore":-0.0833,"gi_pvalue":0.286,"significance":"not_sig"}},{"type":"Feature","geometry":{"type":"Point","coordinates":[77.88235,13.02252]},"properties":{"cell_id":66409,"case_count":3,"gi_zscore":-0.0907,"gi_pvalue":0.489,"significance":"not_sig"}},{"type":"Feature","geometry":{"type":"Point","coordinates":[77.92941,13.02252]},"properties":{"cell_id":66413,"case_count":1,"gi_zscore":-0.0907,"gi_pvalue":0.399,"significance":"not_sig"}},{"type":"Feature","geometry":{"type":"Point","coordinates":[74.78824,13.03153]},"properties":{"cell_id":66537,"case_count":1,"gi_zscore":-0.1025,"gi_pvalue":0.086,"significance":"cold_90"}},{"type":"Feature","geometry":{"type":"Point","coordinates":[74.84706,13.03153]},"properties":{"cell_id":66542,"case_count":1,"gi_zscore":-0.1025,"gi_pvalue":0.086,"significance":"cold_90"}},{"type":"Feature","geometry":{"type":"Point","coordinates":[77.02353,13.03153]},"properties":{"cell_id":66727,"case_count":2,"gi_zscore":-0.0892,"gi_pvalue":0.399,"significance":"not_sig"}},{"type":"Feature","geometry":{"type":"Point","coordinates":[77.04706,13.03153]},"properties":{"cell_id":66729,"case_count":1,"gi_zscore":-0.0892,"gi_pvalue":0.342,"significance":"not_sig"}},{"type":"Feature","geometry":{"type":"Point","coordinates":[77.07059,13.03153]},"properties":{"cell_id":66731,"case_count":1,"gi_zscore":-0.0892,"gi_pvalue":0.342,"significance":"not_sig"}},{"type":"Feature","geometry":{"type":"Point","coordinates":[77.08235,13.03153]},"properties":{"cell_id":66732,"case_count":2,"gi_zscore":-0.101,"gi_pvalue":0.086,"significance":"cold_90"}},{"type":"Feature","geometry":{"type":"Point","coordinates":[77.47059,13.03153]},"properties":{"cell_id":66765,"case_count":1,"gi_zscore":-0.0863,"gi_pvalue":0.301,"significance":"not_sig"}},{"type":"Feature","geometry":{"type":"Point","coordinates":[77.48235,13.03153]},"properties":{"cell_id":66766,"case_count":3,"gi_zscore":-0.0907,"gi_pvalue":0.488,"significance":"not_sig"}},{"type":"Feature","geometry":{"type":"Point","coordinates":[77.49412,13.03153]},"properties":{"cell_id":66767,"case_count":4,"gi_zscore":-0.0671,"gi_pvalue":0.174,"significance":"not_sig"}},{"type":"Feature","geometry":{"type":"Point","coordinates":[77.50588,13.03153]},"properties":{"cell_id":66768,"case_count":6,"gi_zscore":-0.0289,"gi_pvalue":0.107,"significance":"not_sig"}},{"type":"Feature","geometry":{"type":"Point","coordinates":[77.51765,13.03153]},"properties":{"cell_id":66769,"case_count":7,"gi_zscore":-0.0038,"gi_pvalue":0.104,"significance":"not_sig"}},{"type":"Feature","geometry":{"type":"Point","coordinates":[77.52941,13.03153]},"properties":{"cell_id":66770,"case_count":6,"gi_zscore":0.0536,"gi_pvalue":0.096,"significance":"hot_90"}},{"type":"Feature","geometry":{"type":"Point","coordinates":[77.54118,13.03153]},"properties":{"cell_id":66771,"case_count":13,"gi_zscore":0.0727,"gi_pvalue":0.091,"significance":"hot_90"}},{"type":"Feature","geometry":{"type":"Point","coordinates":[77.55294,13.03153]},"properties":{"cell_id":66772,"case_count":7,"gi_zscore":0.0668,"gi_pvalue":0.09,"significance":"hot_90"}},{"type":"Feature","geometry":{"type":"Point","coordinates":[77.56471,13.03153]},"properties":{"cell_id":66773,"case_count":14,"gi_zscore":0.0904,"gi_pvalue":0.09,"significance":"hot_90"}},{"type":"Feature","geometry":{"type":"Point","coordinates":[77.57647,13.03153]},"properties":{"cell_id":66774,"case_count":19,"gi_zscore":0.0521,"gi_pvalue":0.103,"significance":"not_sig"}},{"type":"Feature","geometry":{"type":"Point","coordinates":[77.58824,13.03153]},"properties":{"cell_id":66775,"case_count":3,"gi_zscore":0.0653,"gi_pvalue":0.09,"significance":"hot_90"}},{"type":"Feature","geometry":{"type":"Point","coordinates":[77.6,13.03153]},"properties":{"cell_id":66776,"case_count":19,"gi_zscore":0.0433,"gi_pvalue":0.104,"significance":"not_sig"}},{"type":"Feature","geometry":{"type":"Point","coordinates":[77.61176,13.03153]},"properties":{"cell_id":66777,"case_count":16,"gi_zscore":0.0079,"gi_pvalue":0.104,"significance":"not_sig"}},{"type":"Feature","geometry":{"type":"Point","coordinates":[77.62353,13.03153]},"properties":{"cell_id":66778,"case_count":3,"gi_zscore":-0.0392,"gi_pvalue":0.111,"significance":"not_sig"}},{"type":"Feature","geometry":{"type":"Point","coordinates":[77.63529,13.03153]},"properties":{"cell_id":66779,"case_count":5,"gi_zscore":2.2671,"gi_pvalue":0.001,"significance":"hot_99"}},{"type":"Feature","geometry":{"type":"Point","coordinates":[77.64706,13.03153]},"properties":{"cell_id":66780,"case_count":396,"gi_zscore":4.4807,"gi_pvalue":0.001,"significance":"hot_99"}},{"type":"Feature","geometry":{"type":"Point","coordinates":[77.65882,13.03153]},"properties":{"cell_id":66781,"case_count":804,"gi_zscore":5.1165,"gi_pvalue":0.001,"significance":"hot_99"}},{"type":"Feature","geometry":{"type":"Point","coordinates":[77.67059,13.03153]},"properties":{"cell_id":66782,"case_count":13,"gi_zscore":2.7911,"gi_pvalue":0.001,"significance":"hot_99"}},{"type":"Feature","geometry":{"type":"Point","coordinates":[77.68235,13.03153]},"properties":{"cell_id":66783,"case_count":8,"gi_zscore":0.6894,"gi_pvalue":0.058,"significance":"hot_90"}},{"type":"Feature","geometry":{"type":"Point","coordinates":[77.69412,13.03153]},"properties":{"cell_id":66784,"case_count":2,"gi_zscore":-0.0554,"gi_pvalue":0.122,"significance":"not_sig"}},{"type":"Feature","geometry":{"type":"Point","coordinates":[77.70588,13.03153]},"properties":{"cell_id":66785,"case_count":1,"gi_zscore":-0.0627,"gi_pvalue":0.132,"significance":"not_sig"}},{"type":"Feature","geometry":{"type":"Point","coordinates":[77.71765,13.03153]},"properties":{"cell_id":66786,"case_count":1,"gi_zscore":-0.0686,"gi_pvalue":0.148,"significance":"not_sig"}},{"type":"Feature","geometry":{"type":"Point","coordinates":[77.74118,13.03153]},"properties":{"cell_id":66788,"case_count":5,"gi_zscore":-0.0774,"gi_pvalue":0.253,"significance":"not_sig"}},{"type":"Feature","geometry":{"type":"Point","coordinates":[77.76471,13.03153]},"properties":{"cell_id":66790,"case_count":1,"gi_zscore":-0.076,"gi_pvalue":0.201,"significance":"not_sig"}},{"type":"Feature","geometry":{"type":"Point","coordinates":[77.82353,13.03153]},"properties":{"cell_id":66795,"case_count":1,"gi_zscore":-0.0995,"gi_pvalue":0.246,"significance":"not_sig"}},{"type":"Feature","geometry":{"type":"Point","coordinates":[77.88235,13.03153]},"properties":{"cell_id":66800,"case_count":7,"gi_zscore":-0.0907,"gi_pvalue":0.309,"significance":"not_sig"}},{"type":"Feature","geometry":{"type":"Point","coordinates":[75.8,13.04054]},"properties":{"cell_id":67014,"case_count":1,"gi_zscore":-0.1025,"gi_pvalue":0.086,"significance":"cold_90"}},{"type":"Feature","geometry":{"type":"Point","coordinates":[77.05882,13.04054]},"properties":{"cell_id":67121,"case_count":1,"gi_zscore":-0.0892,"gi_pvalue":0.336,"significance":"not_sig"}},{"type":"Feature","geometry":{"type":"Point","coordinates":[77.4,13.04054]},"properties":{"cell_id":67150,"case_count":1,"gi_zscore":-0.1054,"gi_pvalue":0.024,"significance":"cold_95"}},{"type":"Feature","geometry":{"type":"Point","coordinates":[77.47059,13.04054]},"properties":{"cell_id":67156,"case_count":1,"gi_zscore":-0.0804,"gi_pvalue":0.229,"significance":"not_sig"}},{"type":"Feature","geometry":{"type":"Point","coordinates":[77.48235,13.04054]},"properties":{"cell_id":67157,"case_count":3,"gi_zscore":-0.0818,"gi_pvalue":0.297,"significance":"not_sig"}},{"type":"Feature","geometry":{"type":"Point","coordinates":[77.49412,13.04054]},"properties":{"cell_id":67158,"case_count":2,"gi_zscore":-0.0465,"gi_pvalue":0.114,"significance":"not_sig"}},{"type":"Feature","geometry":{"type":"Point","coordinates":[77.50588,13.04054]},"properties":{"cell_id":67159,"case_count":10,"gi_zscore":-0.0156,"gi_pvalue":0.102,"significance":"not_sig"}},{"type":"Feature","geometry":{"type":"Point","coordinates":[77.51765,13.04054]},"properties":{"cell_id":67160,"case_count":24,"gi_zscore":-0.0097,"gi_pvalue":0.111,"significance":"not_sig"}},{"type":"Feature","geometry":{"type":"Point","coordinates":[77.54118,13.04054]},"properties":{"cell_id":67162,"case_count":5,"gi_zscore":-0.0009,"gi_pvalue":0.102,"significance":"not_sig"}},{"type":"Feature","geometry":{"type":"Point","coordinates":[77.55294,13.04054]},"properties":{"cell_id":67163,"case_count":17,"gi_zscore":0.0153,"gi_pvalue":0.102,"significance":"not_sig"}},{"type":"Feature","geometry":{"type":"Point","coordinates":[77.56471,13.04054]},"properties":{"cell_id":67164,"case_count":15,"gi_zscore":0.0447,"gi_pvalue":0.101,"significance":"not_sig"}},{"type":"Feature","geometry":{"type":"Point","coordinates":[77.57647,13.04054]},"properties":{"cell_id":67165,"case_count":21,"gi_zscore":0.0344,"gi_pvalue":0.102,"significance":"not_sig"}},{"type":"Feature","geometry":{"type":"Point","coordinates":[77.58824,13.04054]},"properties":{"cell_id":67166,"case_count":14,"gi_zscore":0.0388,"gi_pvalue":0.102,"significance":"not_sig"}},{"type":"Feature","geometry":{"type":"Point","coordinates":[77.6,13.04054]},"properties":{"cell_id":67167,"case_count":4,"gi_zscore":0.005,"gi_pvalue":0.102,"significance":"not_sig"}},{"type":"Feature","geometry":{"type":"Point","coordinates":[77.61176,13.04054]},"properties":{"cell_id":67168,"case_count":7,"gi_zscore":-0.0156,"gi_pvalue":0.102,"significance":"not_sig"}},{"type":"Feature","geometry":{"type":"Point","coordinates":[77.62353,13.04054]},"properties":{"cell_id":67169,"case_count":6,"gi_zscore":-0.0495,"gi_pvalue":0.124,"significance":"not_sig"}},{"type":"Feature","geometry":{"type":"Point","coordinates":[77.63529,13.04054]},"properties":{"cell_id":67170,"case_count":2,"gi_zscore":0.498,"gi_pvalue":0.06,"significance":"hot_90"}},{"type":"Feature","geometry":{"type":"Point","coordinates":[77.64706,13.04054]},"properties":{"cell_id":67171,"case_count":1,"gi_zscore":2.7087,"gi_pvalue":0.001,"significance":"hot_99"}},{"type":"Feature","geometry":{"type":"Point","coordinates":[77.65882,13.04054]},"properties":{"cell_id":67172,"case_count":708,"gi_zscore":4.8325,"gi_pvalue":0.001,"significance":"hot_99"}},{"type":"Feature","geometry":{"type":"Point","coordinates":[77.67059,13.04054]},"properties":{"cell_id":67173,"case_count":416,"gi_zscore":4.3939,"gi_pvalue":0.001,"significance":"hot_99"}},{"type":"Feature","geometry":{"type":"Point","coordinates":[77.68235,13.04054]},"properties":{"cell_id":67174,"case_count":5,"gi_zscore":3.8714,"gi_pvalue":0.001,"significance":"hot_99"}},{"type":"Feature","geometry":{"type":"Point","coordinates":[77.70588,13.04054]},"properties":{"cell_id":67176,"case_count":2,"gi_zscore":-0.0745,"gi_pvalue":0.197,"significance":"not_sig"}},{"type":"Feature","geometry":{"type":"Point","coordinates":[77.71765,13.04054]},"properties":{"cell_id":67177,"case_count":5,"gi_zscore":-0.0715,"gi_pvalue":0.217,"significance":"not_sig"}},{"type":"Feature","geometry":{"type":"Point","coordinates":[77.74118,13.04054]},"properties":{"cell_id":67179,"case_count":6,"gi_zscore":-0.0774,"gi_pvalue":0.283,"significance":"not_sig"}},{"type":"Feature","geometry":{"type":"Point","coordinates":[78.27059,13.04054]},"properties":{"cell_id":67224,"case_count":1,"gi_zscore":-0.0995,"gi_pvalue":0.307,"significance":"not_sig"}},{"type":"Feature","geometry":{"type":"Point","coordinates":[78.29412,13.04054]},"properties":{"cell_id":67226,"case_count":1,"gi_zscore":-0.0995,"gi_pvalue":0.307,"significance":"not_sig"}},{"type":"Feature","geometry":{"type":"Point","coordinates":[74.8,13.04955]},"properties":{"cell_id":67320,"case_count":1,"gi_zscore":-0.101,"gi_pvalue":0.17,"significance":"not_sig"}},{"type":"Feature","geometry":{"type":"Point","coordinates":[74.82353,13.04955]},"properties":{"cell_id":67322,"case_count":2,"gi_zscore":-0.101,"gi_pvalue":0.086,"significance":"cold_90"}},{"type":"Feature","geometry":{"type":"Point","coordinates":[74.87059,13.04955]},"properties":{"cell_id":67326,"case_count":1,"gi_zscore":-0.1025,"gi_pvalue":0.086,"significance":"cold_90"}},{"type":"Feature","geometry":{"type":"Point","coordinates":[74.97647,13.04955]},"properties":{"cell_id":67335,"case_count":1,"gi_zscore":-0.0995,"gi_pvalue":0.307,"significance":"not_sig"}},{"type":"Feature","geometry":{"type":"Point","coordinates":[75.8,13.04955]},"properties":{"cell_id":67405,"case_count":2,"gi_zscore":-0.1025,"gi_pvalue":0.025,"significance":"cold_95"}},{"type":"Feature","geometry":{"type":"Point","coordinates":[76.17647,13.04955]},"properties":{"cell_id":67437,"case_count":1,"gi_zscore":-0.1039,"gi_pvalue":0.087,"significance":"cold_90"}},{"type":"Feature","geometry":{"type":"Point","coordinates":[76.47059,13.04955]},"properties":{"cell_id":67462,"case_count":1,"gi_zscore":-0.1054,"gi_pvalue":0.025,"significance":"cold_95"}},{"type":"Feature","geometry":{"type":"Point","coordinates":[77.29412,13.04955]},"properties":{"cell_id":67532,"case_count":1,"gi_zscore":-0.098,"gi_pvalue":0.394,"significance":"not_sig"}},{"type":"Feature","geometry":{"type":"Point","coordinates":[77.34118,13.04955]},"properties":{"cell_id":67536,"case_count":2,"gi_zscore":-0.1039,"gi_pvalue":0.001,"significance":"cold_99"}},{"type":"Feature","geometry":{"type":"Point","coordinates":[77.42353,13.04955]},"properties":{"cell_id":67543,"case_count":1,"gi_zscore":-0.098,"gi_pvalue":0.393,"significance":"not_sig"}},{"type":"Feature","geometry":{"type":"Point","coordinates":[77.44706,13.04955]},"properties":{"cell_id":67545,"case_count":1,"gi_zscore":-0.0892,"gi_pvalue":0.349,"significance":"not_sig"}},{"type":"Feature","geometry":{"type":"Point","coordinates":[77.45882,13.04955]},"properties":{"cell_id":67546,"case_count":4,"gi_zscore":-0.0863,"gi_pvalue":0.394,"significance":"not_sig"}},{"type":"Feature","geometry":{"type":"Point","coordinates":[77.47059,13.04955]},"properties":{"cell_id":67547,"case_count":4,"gi_zscore":-0.073,"gi_pvalue":0.211,"significance":"not_sig"}},{"type":"Feature","geometry":{"type":"Point","coordinates":[77.48235,13.04955]},"properties":{"cell_id":67548,"case_count":5,"gi_zscore":-0.076,"gi_pvalue":0.252,"significance":"not_sig"}},{"type":"Feature","geometry":{"type":"Point","coordinates":[77.49412,13.04955]},"properties":{"cell_id":67549,"case_count":2,"gi_zscore":-0.0495,"gi_pvalue":0.116,"significance":"not_sig"}},{"type":"Feature","geometry":{"type":"Point","coordinates":[77.50588,13.04955]},"properties":{"cell_id":67550,"case_count":14,"gi_zscore":-0.023,"gi_pvalue":0.108,"significance":"not_sig"}},{"type":"Feature","geometry":{"type":"Point","coordinates":[77.51765,13.04955]},"properties":{"cell_id":67551,"case_count":1,"gi_zscore":-0.0186,"gi_pvalue":0.102,"significance":"not_sig"}},{"type":"Feature","geometry":{"type":"Point","coordinates":[77.52941,13.04955]},"properties":{"cell_id":67552,"case_count":2,"gi_zscore":-0.0348,"gi_pvalue":0.105,"significance":"not_sig"}},{"type":"Feature","geometry":{"type":"Point","coordinates":[77.54118,13.04955]},"properties":{"cell_id":67553,"case_count":8,"gi_zscore":-0.0274,"gi_pvalue":0.105,"significance":"not_sig"}},{"type":"Feature","geometry":{"type":"Point","coordinates":[77.55294,13.04955]},"properties":{"cell_id":67554,"case_count":8,"gi_zscore":-0.0186,"gi_pvalue":0.102,"significance":"not_sig"}},{"type":"Feature","geometry":{"type":"Point","coordinates":[77.56471,13.04955]},"properties":{"cell_id":67555,"case_count":4,"gi_zscore":0.0197,"gi_pvalue":0.102,"significance":"not_sig"}},{"type":"Feature","geometry":{"type":"Point","coordinates":[77.57647,13.04955]},"properties":{"cell_id":67556,"case_count":6,"gi_zscore":0.0123,"gi_pvalue":0.102,"significance":"not_sig"}},{"type":"Feature","geometry":{"type":"Point","coordinates":[77.6,13.04955]},"properties":{"cell_id":67558,"case_count":2,"gi_zscore":-0.0362,"gi_pvalue":0.105,"significance":"not_sig"}},{"type":"Feature","geometry":{"type":"Point","coordinates":[77.62353,13.04955]},"properties":{"cell_id":67560,"case_count":3,"gi_zscore":-0.0627,"gi_pvalue":0.141,"significance":"not_sig"}},{"type":"Feature","geometry":{"type":"Point","coordinates":[77.63529,13.04955]},"properties":{"cell_id":67561,"case_count":2,"gi_zscore":-0.0804,"gi_pvalue":0.253,"significance":"not_sig"}},{"type":"Feature","geometry":{"type":"Point","coordinates":[77.64706,13.04955]},"properties":{"cell_id":67562,"case_count":1,"gi_zscore":1.5268,"gi_pvalue":0.016,"significance":"hot_95"}},{"type":"Feature","geometry":{"type":"Point","coordinates":[77.67059,13.04955]},"properties":{"cell_id":67564,"case_count":1021,"gi_zscore":4.9017,"gi_pvalue":0.001,"significance":"hot_99"}},{"type":"Feature","geometry":{"type":"Point","coordinates":[77.68235,13.04955]},"properties":{"cell_id":67565,"case_count":79,"gi_zscore":4.2555,"gi_pvalue":0.001,"significance":"hot_99"}},{"type":"Feature","geometry":{"type":"Point","coordinates":[77.75294,13.04955]},"properties":{"cell_id":67571,"case_count":3,"gi_zscore":-0.0774,"gi_pvalue":0.24,"significance":"not_sig"}},{"type":"Feature","geometry":{"type":"Point","coordinates":[77.85882,13.04955]},"properties":{"cell_id":67580,"case_count":1,"gi_zscore":-0.0922,"gi_pvalue":0.436,"significance":"not_sig"}},{"type":"Feature","geometry":{"type":"Point","coordinates":[78.11765,13.04955]},"properties":{"cell_id":67602,"case_count":1,"gi_zscore":-0.0951,"gi_pvalue":0.483,"significance":"not_sig"}},{"type":"Feature","geometry":{"type":"Point","coordinates":[74.81176,13.05856]},"properties":{"cell_id":67712,"case_count":1,"gi_zscore":-0.0995,"gi_pvalue":0.248,"significance":"not_sig"}},{"type":"Feature","geometry":{"type":"Point","coordinates":[74.83529,13.05856]},"properties":{"cell_id":67714,"case_count":2,"gi_zscore":-0.101,"gi_pvalue":0.087,"significance":"cold_90"}},{"type":"Feature","geometry":{"type":"Point","coordinates":[74.97647,13.05856]},"properties":{"cell_id":67726,"case_count":1,"gi_zscore":-0.0995,"gi_pvalue":0.312,"significance":"not_sig"}},{"type":"Feature","geometry":{"type":"Point","coordinates":[75.21176,13.05856]},"properties":{"cell_id":67746,"case_count":1,"gi_zscore":-0.1025,"gi_pvalue":0.087,"significance":"cold_90"}},{"type":"Feature","geometry":{"type":"Point","coordinates":[75.32941,13.05856]},"properties":{"cell_id":67756,"case_count":1,"gi_zscore":-0.1039,"gi_pvalue":0.087,"significance":"cold_90"}},{"type":"Feature","geometry":{"type":"Point","coordinates":[75.42353,13.05856]},"properties":{"cell_id":67764,"case_count":1,"gi_zscore":-0.1025,"gi_pvalue":0.087,"significance":"cold_90"}},{"type":"Feature","geometry":{"type":"Point","coordinates":[76.22353,13.05856]},"properties":{"cell_id":67832,"case_count":1,"gi_zscore":-0.1039,"gi_pvalue":0.087,"significance":"cold_90"}},{"type":"Feature","geometry":{"type":"Point","coordinates":[76.61176,13.05856]},"properties":{"cell_id":67865,"case_count":1,"gi_zscore":-0.1039,"gi_pvalue":0.026,"significance":"cold_95"}},{"type":"Feature","geometry":{"type":"Point","coordinates":[76.62353,13.05856]},"properties":{"cell_id":67866,"case_count":1,"gi_zscore":-0.1025,"gi_pvalue":0.087,"significance":"cold_90"}},{"type":"Feature","geometry":{"type":"Point","coordinates":[77.02353,13.05856]},"properties":{"cell_id":67900,"case_count":1,"gi_zscore":-0.0907,"gi_pvalue":0.392,"significance":"not_sig"}},{"type":"Feature","geometry":{"type":"Point","coordinates":[77.25882,13.05856]},"properties":{"cell_id":67920,"case_count":1,"gi_zscore":-0.098,"gi_pvalue":0.396,"significance":"not_sig"}},{"type":"Feature","geometry":{"type":"Point","coordinates":[77.34118,13.05856]},"properties":{"cell_id":67927,"case_count":1,"gi_zscore":-0.1039,"gi_pvalue":0.026,"significance":"cold_95"}},{"type":"Feature","geometry":{"type":"Point","coordinates":[77.42353,13.05856]},"properties":{"cell_id":67934,"case_count":1,"gi_zscore":-0.0966,"gi_pvalue":0.455,"significance":"not_sig"}},{"type":"Feature","geometry":{"type":"Point","coordinates":[77.44706,13.05856]},"properties":{"cell_id":67936,"case_count":1,"gi_zscore":-0.0936,"gi_pvalue":0.439,"significance":"not_sig"}},{"type":"Feature","geometry":{"type":"Point","coordinates":[77.45882,13.05856]},"properties":{"cell_id":67937,"case_count":4,"gi_zscore":-0.0848,"gi_pvalue":0.336,"significance":"not_sig"}},{"type":"Feature","geometry":{"type":"Point","coordinates":[77.47059,13.05856]},"properties":{"cell_id":67938,"case_count":4,"gi_zscore":-0.073,"gi_pvalue":0.214,"significance":"not_sig"}},{"type":"Feature","geometry":{"type":"Point","coordinates":[77.48235,13.05856]},"properties":{"cell_id":67939,"case_count":5,"gi_zscore":-0.0804,"gi_pvalue":0.303,"significance":"not_sig"}},{"type":"Feature","geometry":{"type":"Point","coordinates":[77.50588,13.05856]},"properties":{"cell_id":67941,"case_count":2,"gi_zscore":-0.0612,"gi_pvalue":0.135,"significance":"not_sig"}},{"type":"Feature","geometry":{"type":"Point","coordinates":[77.54118,13.05856]},"properties":{"cell_id":67944,"case_count":2,"gi_zscore":-0.0657,"gi_pvalue":0.153,"significance":"not_sig"}},{"type":"Feature","geometry":{"type":"Point","coordinates":[77.55294,13.05856]},"properties":{"cell_id":67945,"case_count":6,"gi_zscore":-0.0583,"gi_pvalue":0.145,"significance":"not_sig"}},{"type":"Feature","geometry":{"type":"Point","coordinates":[77.56471,13.05856]},"properties":{"cell_id":67946,"case_count":3,"gi_zscore":-0.0421,"gi_pvalue":0.112,"significance":"not_sig"}},{"type":"Feature","geometry":{"type":"Point","coordinates":[77.58824,13.05856]},"properties":{"cell_id":67948,"case_count":6,"gi_zscore":-0.0686,"gi_pvalue":0.202,"significance":"not_sig"}},{"type":"Feature","geometry":{"type":"Point","coordinates":[77.6,13.05856]},"properties":{"cell_id":67949,"case_count":1,"gi_zscore":-0.0715,"gi_pvalue":0.176,"significance":"not_sig"}},{"type":"Feature","geometry":{"type":"Point","coordinates":[77.62353,13.05856]},"properties":{"cell_id":67951,"case_count":4,"gi_zscore":-0.0657,"gi_pvalue":0.172,"significance":"not_sig"}},{"type":"Feature","geometry":{"type":"Point","coordinates":[77.63529,13.05856]},"properties":{"cell_id":67952,"case_count":5,"gi_zscore":-0.0818,"gi_pvalue":0.334,"significance":"not_sig"}},{"type":"Feature","geometry":{"type":"Point","coordinates":[77.64706,13.05856]},"properties":{"cell_id":67953,"case_count":2,"gi_zscore":-0.0966,"gi_pvalue":0.396,"significance":"not_sig"}},{"type":"Feature","geometry":{"type":"Point","coordinates":[77.68235,13.05856]},"properties":{"cell_id":67956,"case_count":1160,"gi_zscore":4.8487,"gi_pvalue":0.001,"significance":"hot_99"}},{"type":"Feature","geometry":{"type":"Point","coordinates":[77.71765,13.05856]},"properties":{"cell_id":67959,"case_count":4,"gi_zscore":3.5064,"gi_pvalue":0.001,"significance":"hot_99"}},{"type":"Feature","geometry":{"type":"Point","coordinates":[77.74118,13.05856]},"properties":{"cell_id":67961,"case_count":1,"gi_zscore":-0.0686,"gi_pvalue":0.162,"significance":"not_sig"}},{"type":"Feature","geometry":{"type":"Point","coordinates":[77.76471,13.05856]},"properties":{"cell_id":67963,"case_count":2,"gi_zscore":-0.0789,"gi_pvalue":0.243,"significance":"not_sig"}},{"type":"Feature","geometry":{"type":"Point","coordinates":[77.77647,13.05856]},"properties":{"cell_id":67964,"case_count":3,"gi_zscore":-0.073,"gi_pvalue":0.205,"significance":"not_sig"}},{"type":"Feature","geometry":{"type":"Point","coordinates":[77.81176,13.05856]},"properties":{"cell_id":67967,"case_count":2,"gi_zscore":-0.073,"gi_pvalue":0.199,"significance":"not_sig"}},{"type":"Feature","geometry":{"type":"Point","coordinates":[74.77647,13.06757]},"properties":{"cell_id":68100,"case_count":1,"gi_zscore":-0.0995,"gi_pvalue":0.313,"significance":"not_sig"}},{"type":"Feature","geometry":{"type":"Point","coordinates":[74.95294,13.06757]},"properties":{"cell_id":68115,"case_count":1,"gi_zscore":-0.0995,"gi_pvalue":0.313,"significance":"not_sig"}},{"type":"Feature","geometry":{"type":"Point","coordinates":[74.98824,13.06757]},"properties":{"cell_id":68118,"case_count":1,"gi_zscore":-0.0995,"gi_pvalue":0.313,"significance":"not_sig"}},{"type":"Feature","geometry":{"type":"Point","coordinates":[75.0,13.06757]},"properties":{"cell_id":68119,"case_count":5,"gi_zscore":-0.0995,"gi_pvalue":0.026,"significance":"cold_95"}},{"type":"Feature","geometry":{"type":"Point","coordinates":[75.02353,13.06757]},"properties":{"cell_id":68121,"case_count":1,"gi_zscore":-0.0995,"gi_pvalue":0.313,"significance":"not_sig"}},{"type":"Feature","geometry":{"type":"Point","coordinates":[77.24706,13.06757]},"properties":{"cell_id":68310,"case_count":1,"gi_zscore":-0.098,"gi_pvalue":0.394,"significance":"not_sig"}},{"type":"Feature","geometry":{"type":"Point","coordinates":[77.31765,13.06757]},"properties":{"cell_id":68316,"case_count":1,"gi_zscore":-0.1039,"gi_pvalue":0.086,"significance":"cold_90"}},{"type":"Feature","geometry":{"type":"Point","coordinates":[77.42353,13.06757]},"properties":{"cell_id":68325,"case_count":1,"gi_zscore":-0.0951,"gi_pvalue":0.452,"significance":"not_sig"}},{"type":"Feature","geometry":{"type":"Point","coordinates":[77.43529,13.06757]},"properties":{"cell_id":68326,"case_count":1,"gi_zscore":-0.0966,"gi_pvalue":0.452,"significance":"not_sig"}},{"type":"Feature","geometry":{"type":"Point","coordinates":[77.44706,13.06757]},"properties":{"cell_id":68327,"case_count":2,"gi_zscore":-0.098,"gi_pvalue":0.313,"significance":"not_sig"}},{"type":"Feature","geometry":{"type":"Point","coordinates":[77.45882,13.06757]},"properties":{"cell_id":68328,"case_count":2,"gi_zscore":-0.0936,"gi_pvalue":0.485,"significance":"not_sig"}},{"type":"Feature","geometry":{"type":"Point","coordinates":[77.47059,13.06757]},"properties":{"cell_id":68329,"case_count":1,"gi_zscore":-0.0877,"gi_pvalue":0.334,"significance":"not_sig"}},{"type":"Feature","geometry":{"type":"Point","coordinates":[77.48235,13.06757]},"properties":{"cell_id":68330,"case_count":2,"gi_zscore":-0.0848,"gi_pvalue":0.303,"significance":"not_sig"}},{"type":"Feature","geometry":{"type":"Point","coordinates":[77.49412,13.06757]},"properties":{"cell_id":68331,"case_count":2,"gi_zscore":-0.0863,"gi_pvalue":0.334,"significance":"not_sig"}},{"type":"Feature","geometry":{"type":"Point","coordinates":[77.50588,13.06757]},"properties":{"cell_id":68332,"case_count":4,"gi_zscore":-0.0627,"gi_pvalue":0.155,"significance":"not_sig"}},{"type":"Feature","geometry":{"type":"Point","coordinates":[77.51765,13.06757]},"properties":{"cell_id":68333,"case_count":2,"gi_zscore":-0.0892,"gi_pvalue":0.403,"significance":"not_sig"}},{"type":"Feature","geometry":{"type":"Point","coordinates":[77.52941,13.06757]},"properties":{"cell_id":68334,"case_count":2,"gi_zscore":-0.0907,"gi_pvalue":0.443,"significance":"not_sig"}},{"type":"Feature","geometry":{"type":"Point","coordinates":[77.54118,13.06757]},"properties":{"cell_id":68335,"case_count":1,"gi_zscore":-0.0774,"gi_pvalue":0.216,"significance":"not_sig"}},{"type":"Feature","geometry":{"type":"Point","coordinates":[77.55294,13.06757]},"properties":{"cell_id":68336,"case_count":4,"gi_zscore":-0.0774,"gi_pvalue":0.249,"significance":"not_sig"}},{"type":"Feature","geometry":{"type":"Point","coordinates":[77.56471,13.06757]},"properties":{"cell_id":68337,"case_count":5,"gi_zscore":-0.073,"gi_pvalue":0.225,"significance":"not_sig"}},{"type":"Feature","geometry":{"type":"Point","coordinates":[77.57647,13.06757]},"properties":{"cell_id":68338,"case_count":1,"gi_zscore":-0.0745,"gi_pvalue":0.194,"significance":"not_sig"}},{"type":"Feature","geometry":{"type":"Point","coordinates":[77.58824,13.06757]},"properties":{"cell_id":68339,"case_count":1,"gi_zscore":-0.0863,"gi_pvalue":0.303,"significance":"not_sig"}},{"type":"Feature","geometry":{"type":"Point","coordinates":[77.6,13.06757]},"properties":{"cell_id":68340,"case_count":2,"gi_zscore":-0.0863,"gi_pvalue":0.333,"significance":"not_sig"}},{"type":"Feature","geometry":{"type":"Point","coordinates":[77.62353,13.06757]},"properties":{"cell_id":68342,"case_count":6,"gi_zscore":-0.0745,"gi_pvalue":0.242,"significance":"not_sig"}},{"type":"Feature","geometry":{"type":"Point","coordinates":[77.63529,13.06757]},"properties":{"cell_id":68343,"case_count":1,"gi_zscore":-0.0789,"gi_pvalue":0.22,"significance":"not_sig"}},{"type":"Feature","geometry":{"type":"Point","coordinates":[77.64706,13.06757]},"properties":{"cell_id":68344,"case_count":1,"gi_zscore":-0.0907,"gi_pvalue":0.398,"significance":"not_sig"}},{"type":"Feature","geometry":{"type":"Point","coordinates":[77.65882,13.06757]},"properties":{"cell_id":68345,"case_count":1,"gi_zscore":1.4017,"gi_pvalue":0.027,"significance":"hot_95"}},{"type":"Feature","geometry":{"type":"Point","coordinates":[77.67059,13.06757]},"properties":{"cell_id":68346,"case_count":1,"gi_zscore":3.6183,"gi_pvalue":0.001,"significance":"hot_99"}},{"type":"Feature","geometry":{"type":"Point","coordinates":[77.68235,13.06757]},"properties":{"cell_id":68347,"case_count":269,"gi_zscore":4.2055,"gi_pvalue":0.001,"significance":"hot_99"}},{"type":"Feature","geometry":{"type":"Point","coordinates":[77.69412,13.06757]},"properties":{"cell_id":68348,"case_count":835,"gi_zscore":6.3396,"gi_pvalue":0.001,"significance":"hot_99"}},{"type":"Feature","geometry":{"type":"Point","coordinates":[77.77647,13.06757]},"properties":{"cell_id":68355,"case_count":3,"gi_zscore":-0.0715,"gi_pvalue":0.199,"significance":"not_sig"}},{"type":"Feature","geometry":{"type":"Point","coordinates":[77.78824,13.06757]},"properties":{"cell_id":68356,"case_count":7,"gi_zscore":-0.073,"gi_pvalue":0.249,"significance":"not_sig"}},{"type":"Feature","geometry":{"type":"Point","coordinates":[77.8,13.06757]},"properties":{"cell_id":68357,"case_count":3,"gi_zscore":-0.073,"gi_pvalue":0.206,"significance":"not_sig"}},{"type":"Feature","geometry":{"type":"Point","coordinates":[77.91765,13.06757]},"properties":{"cell_id":68367,"case_count":1,"gi_zscore":-0.0907,"gi_pvalue":0.399,"significance":"not_sig"}},{"type":"Feature","geometry":{"type":"Point","coordinates":[74.8,13.07658]},"properties":{"cell_id":68493,"case_count":1,"gi_zscore":-0.0995,"gi_pvalue":0.318,"significance":"not_sig"}},{"type":"Feature","geometry":{"type":"Point","coordinates":[75.0,13.07658]},"properties":{"cell_id":68510,"case_count":1,"gi_zscore":-0.0995,"gi_pvalue":0.318,"significance":"not_sig"}},{"type":"Feature","geometry":{"type":"Point","coordinates":[76.09412,13.07658]},"properties":{"cell_id":68603,"case_count":1,"gi_zscore":-0.101,"gi_pvalue":0.175,"significance":"not_sig"}},{"type":"Feature","geometry":{"type":"Point","coordinates":[76.21176,13.07658]},"properties":{"cell_id":68613,"case_count":1,"gi_zscore":-0.1039,"gi_pvalue":0.086,"significance":"cold_90"}},{"type":"Feature","geometry":{"type":"Point","coordinates":[77.34118,13.07658]},"properties":{"cell_id":68709,"case_count":1,"gi_zscore":-0.0951,"gi_pvalue":0.491,"significance":"not_sig"}},{"type":"Feature","geometry":{"type":"Point","coordinates":[77.4,13.07658]},"properties":{"cell_id":68714,"case_count":1,"gi_zscore":-0.0774,"gi_pvalue":0.217,"significance":"not_sig"}},{"type":"Feature","geometry":{"type":"Point","coordinates":[77.42353,13.07658]},"properties":{"cell_id":68716,"case_count":6,"gi_zscore":-0.0966,"gi_pvalue":0.087,"significance":"cold_90"}},{"type":"Feature","geometry":{"type":"Point","coordinates":[77.43529,13.07658]},"properties":{"cell_id":68717,"case_count":1,"gi_zscore":-0.0966,"gi_pvalue":0.456,"significance":"not_sig"}},{"type":"Feature","geometry":{"type":"Point","coordinates":[77.44706,13.07658]},"properties":{"cell_id":68718,"case_count":1,"gi_zscore":-0.098,"gi_pvalue":0.4,"significance":"not_sig"}},{"type":"Feature","geometry":{"type":"Point","coordinates":[77.45882,13.07658]},"properties":{"cell_id":68719,"case_count":1,"gi_zscore":-0.0966,"gi_pvalue":0.456,"significance":"not_sig"}},{"type":"Feature","geometry":{"type":"Point","coordinates":[77.47059,13.07658]},"properties":{"cell_id":68720,"case_count":1,"gi_zscore":-0.0951,"gi_pvalue":0.456,"significance":"not_sig"}},{"type":"Feature","geometry":{"type":"Point","coordinates":[77.48235,13.07658]},"properties":{"cell_id":68721,"case_count":1,"gi_zscore":-0.0922,"gi_pvalue":0.405,"significance":"not_sig"}},{"type":"Feature","geometry":{"type":"Point","coordinates":[77.50588,13.07658]},"properties":{"cell_id":68723,"case_count":2,"gi_zscore":-0.0818,"gi_pvalue":0.256,"significance":"not_sig"}},{"type":"Feature","geometry":{"type":"Point","coordinates":[77.51765,13.07658]},"properties":{"cell_id":68724,"case_count":5,"gi_zscore":-0.0848,"gi_pvalue":0.369,"significance":"not_sig"}},{"type":"Feature","geometry":{"type":"Point","coordinates":[77.52941,13.07658]},"properties":{"cell_id":68725,"case_count":1,"gi_zscore":-0.0863,"gi_pvalue":0.303,"significance":"not_sig"}},{"type":"Feature","geometry":{"type":"Point","coordinates":[77.54118,13.07658]},"properties":{"cell_id":68726,"case_count":3,"gi_zscore":-0.0907,"gi_pvalue":0.487,"significance":"not_sig"}},{"type":"Feature","geometry":{"type":"Point","coordinates":[77.55294,13.07658]},"properties":{"cell_id":68727,"case_count":1,"gi_zscore":-0.0789,"gi_pvalue":0.225,"significance":"not_sig"}},{"type":"Feature","geometry":{"type":"Point","coordinates":[77.56471,13.07658]},"properties":{"cell_id":68728,"case_count":3,"gi_zscore":-0.0848,"gi_pvalue":0.333,"significance":"not_sig"}},{"type":"Feature","geometry":{"type":"Point","coordinates":[77.58824,13.07658]},"properties":{"cell_id":68730,"case_count":1,"gi_zscore":-0.0818,"gi_pvalue":0.253,"significance":"not_sig"}},{"type":"Feature","geometry":{"type":"Point","coordinates":[77.61176,13.07658]},"properties":{"cell_id":68732,"case_count":1,"gi_zscore":-0.0789,"gi_pvalue":0.225,"significance":"not_sig"}},{"type":"Feature","geometry":{"type":"Point","coordinates":[77.62353,13.07658]},"properties":{"cell_id":68733,"case_count":2,"gi_zscore":-0.076,"gi_pvalue":0.206,"significance":"not_sig"}},{"type":"Feature","geometry":{"type":"Point","coordinates":[77.63529,13.07658]},"properties":{"cell_id":68734,"case_count":5,"gi_zscore":-0.0833,"gi_pvalue":0.354,"significance":"not_sig"}},{"type":"Feature","geometry":{"type":"Point","coordinates":[77.64706,13.07658]},"properties":{"cell_id":68735,"case_count":1,"gi_zscore":-0.0936,"gi_pvalue":0.488,"significance":"not_sig"}},{"type":"Feature","geometry":{"type":"Point","coordinates":[77.67059,13.07658]},"properties":{"cell_id":68737,"case_count":3,"gi_zscore":2.0037,"gi_pvalue":0.001,"significance":"hot_99"}},{"type":"Feature","geometry":{"type":"Point","coordinates":[77.68235,13.07658]},"properties":{"cell_id":68738,"case_count":2,"gi_zscore":4.0907,"gi_pvalue":0.001,"significance":"hot_99"}},{"type":"Feature","geometry":{"type":"Point","coordinates":[77.69412,13.07658]},"properties":{"cell_id":68739,"case_count":586,"gi_zscore":6.2278,"gi_pvalue":0.001,"significance":"hot_99"}},{"type":"Feature","geometry":{"type":"Point","coordinates":[77.70588,13.07658]},"properties":{"cell_id":68740,"case_count":507,"gi_zscore":6.0438,"gi_pvalue":0.001,"significance":"hot_99"}},{"type":"Feature","geometry":{"type":"Point","coordinates":[77.74118,13.07658]},"properties":{"cell_id":68743,"case_count":5,"gi_zscore":3.2577,"gi_pvalue":0.001,"significance":"hot_99"}},{"type":"Feature","geometry":{"type":"Point","coordinates":[77.77647,13.07658]},"properties":{"cell_id":68746,"case_count":1,"gi_zscore":-0.0686,"gi_pvalue":0.166,"significance":"not_sig"}},{"type":"Feature","geometry":{"type":"Point","coordinates":[77.78824,13.07658]},"properties":{"cell_id":68747,"case_count":8,"gi_zscore":-0.073,"gi_pvalue":0.277,"significance":"not_sig"}},{"type":"Feature","geometry":{"type":"Point","coordinates":[77.8,13.07658]},"properties":{"cell_id":68748,"case_count":2,"gi_zscore":-0.073,"gi_pvalue":0.202,"significance":"not_sig"}},{"type":"Feature","geometry":{"type":"Point","coordinates":[74.8,13.08559]},"properties":{"cell_id":68884,"case_count":2,"gi_zscore":-0.0995,"gi_pvalue":0.178,"significance":"not_sig"}},{"type":"Feature","geometry":{"type":"Point","coordinates":[74.97647,13.08559]},"properties":{"cell_id":68899,"case_count":1,"gi_zscore":-0.0995,"gi_pvalue":0.315,"significance":"not_sig"}},{"type":"Feature","geometry":{"type":"Point","coordinates":[75.0,13.08559]},"properties":{"cell_id":68901,"case_count":1,"gi_zscore":-0.0995,"gi_pvalue":0.315,"significance":"not_sig"}},{"type":"Feature","geometry":{"type":"Point","coordinates":[76.18824,13.08559]},"properties":{"cell_id":69002,"case_count":1,"gi_zscore":-0.1054,"gi_pvalue":0.028,"significance":"cold_95"}},{"type":"Feature","geometry":{"type":"Point","coordinates":[76.21176,13.08559]},"properties":{"cell_id":69004,"case_count":1,"gi_zscore":-0.1039,"gi_pvalue":0.088,"significance":"cold_90"}},{"type":"Feature","geometry":{"type":"Point","coordinates":[76.64706,13.08559]},"properties":{"cell_id":69041,"case_count":2,"gi_zscore":-0.1025,"gi_pvalue":0.028,"significance":"cold_95"}},{"type":"Feature","geometry":{"type":"Point","coordinates":[76.75294,13.08559]},"properties":{"cell_id":69050,"case_count":1,"gi_zscore":-0.101,"gi_pvalue":0.178,"significance":"not_sig"}},{"type":"Feature","geometry":{"type":"Point","coordinates":[77.4,13.08559]},"properties":{"cell_id":69105,"case_count":2,"gi_zscore":-0.0774,"gi_pvalue":0.23,"significance":"not_sig"}},{"type":"Feature","geometry":{"type":"Point","coordinates":[77.41176,13.08559]},"properties":{"cell_id":69106,"case_count":2,"gi_zscore":-0.0863,"gi_pvalue":0.342,"significance":"not_sig"}},{"type":"Feature","geometry":{"type":"Point","coordinates":[77.42353,13.08559]},"properties":{"cell_id":69107,"case_count":1,"gi_zscore":-0.0966,"gi_pvalue":0.449,"significance":"not_sig"}},{"type":"Feature","geometry":{"type":"Point","coordinates":[77.47059,13.08559]},"properties":{"cell_id":69111,"case_count":2,"gi_zscore":-0.0995,"gi_pvalue":0.178,"significance":"not_sig"}},{"type":"Feature","geometry":{"type":"Point","coordinates":[77.48235,13.08559]},"properties":{"cell_id":69112,"case_count":2,"gi_zscore":-0.098,"gi_pvalue":0.316,"significance":"not_sig"}},{"type":"Feature","geometry":{"type":"Point","coordinates":[77.49412,13.08559]},"properties":{"cell_id":69113,"case_count":2,"gi_zscore":-0.0877,"gi_pvalue":0.36,"significance":"not_sig"}},{"type":"Feature","geometry":{"type":"Point","coordinates":[77.50588,13.08559]},"properties":{"cell_id":69114,"case_count":5,"gi_zscore":-0.0833,"gi_pvalue":0.36,"significance":"not_sig"}},{"type":"Feature","geometry":{"type":"Point","coordinates":[77.52941,13.08559]},"properties":{"cell_id":69116,"case_count":1,"gi_zscore":-0.0892,"gi_pvalue":0.36,"significance":"not_sig"}},{"type":"Feature","geometry":{"type":"Point","coordinates":[77.54118,13.08559]},"properties":{"cell_id":69117,"case_count":5,"gi_zscore":-0.0936,"gi_pvalue":0.317,"significance":"not_sig"}},{"type":"Feature","geometry":{"type":"Point","coordinates":[77.55294,13.08559]},"properties":{"cell_id":69118,"case_count":1,"gi_zscore":-0.0863,"gi_pvalue":0.307,"significance":"not_sig"}},{"type":"Feature","geometry":{"type":"Point","coordinates":[77.56471,13.08559]},"properties":{"cell_id":69119,"case_count":4,"gi_zscore":-0.0804,"gi_pvalue":0.287,"significance":"not_sig"}},{"type":"Feature","geometry":{"type":"Point","coordinates":[77.58824,13.08559]},"properties":{"cell_id":69121,"case_count":2,"gi_zscore":-0.0833,"gi_pvalue":0.287,"significance":"not_sig"}},{"type":"Feature","geometry":{"type":"Point","coordinates":[77.62353,13.08559]},"properties":{"cell_id":69124,"case_count":3,"gi_zscore":-0.076,"gi_pvalue":0.23,"significance":"not_sig"}},{"type":"Feature","geometry":{"type":"Point","coordinates":[77.63529,13.08559]},"properties":{"cell_id":69125,"case_count":3,"gi_zscore":-0.0863,"gi_pvalue":0.375,"significance":"not_sig"}},{"type":"Feature","geometry":{"type":"Point","coordinates":[77.64706,13.08559]},"properties":{"cell_id":69126,"case_count":2,"gi_zscore":-0.0936,"gi_pvalue":0.45,"significance":"not_sig"}},{"type":"Feature","geometry":{"type":"Point","coordinates":[77.65882,13.08559]},"properties":{"cell_id":69127,"case_count":1,"gi_zscore":-0.0966,"gi_pvalue":0.406,"significance":"not_sig"}},{"type":"Feature","geometry":{"type":"Point","coordinates":[77.67059,13.08559]},"properties":{"cell_id":69128,"case_count":3,"gi_zscore":0.2979,"gi_pvalue":0.072,"significance":"hot_90"}},{"type":"Feature","geometry":{"type":"Point","coordinates":[77.69412,13.08559]},"properties":{"cell_id":69130,"case_count":1,"gi_zscore":4.7545,"gi_pvalue":0.001,"significance":"hot_99"}},{"type":"Feature","geometry":{"type":"Point","coordinates":[77.70588,13.08559]},"properties":{"cell_id":69131,"case_count":949,"gi_zscore":6.3058,"gi_pvalue":0.001,"significance":"hot_99"}},{"type":"Feature","geometry":{"type":"Point","coordinates":[77.71765,13.08559]},"properties":{"cell_id":69132,"case_count":159,"gi_zscore":6.5162,"gi_pvalue":0.001,"significance":"hot_99"}},{"type":"Feature","geometry":{"type":"Point","coordinates":[77.81176,13.08559]},"properties":{"cell_id":69140,"case_count":2,"gi_zscore":-0.0789,"gi_pvalue":0.244,"significance":"not_sig"}},{"type":"Feature","geometry":{"type":"Point","coordinates":[74.78824,13.09459]},"properties":{"cell_id":69274,"case_count":2,"gi_zscore":-0.0995,"gi_pvalue":0.177,"significance":"not_sig"}},{"type":"Feature","geometry":{"type":"Point","coordinates":[75.0,13.09459]},"properties":{"cell_id":69292,"case_count":1,"gi_zscore":-0.0995,"gi_pvalue":0.319,"significance":"not_sig"}},{"type":"Feature","geometry":{"type":"Point","coordinates":[75.67059,13.09459]},"properties":{"cell_id":69349,"case_count":1,"gi_zscore":-0.0936,"gi_pvalue":0.458,"significance":"not_sig"}},{"type":"Feature","geometry":{"type":"Point","coordinates":[77.11765,13.09459]},"properties":{"cell_id":69472,"case_count":2,"gi_zscore":-0.0995,"gi_pvalue":0.177,"significance":"not_sig"}},{"type":"Feature","geometry":{"type":"Point","coordinates":[77.34118,13.09459]},"properties":{"cell_id":69491,"case_count":1,"gi_zscore":-0.101,"gi_pvalue":0.177,"significance":"not_sig"}},{"type":"Feature","geometry":{"type":"Point","coordinates":[77.38824,13.09459]},"properties":{"cell_id":69495,"case_count":7,"gi_zscore":-0.0745,"gi_pvalue":0.277,"significance":"not_sig"}},{"type":"Feature","geometry":{"type":"Point","coordinates":[77.4,13.09459]},"properties":{"cell_id":69496,"case_count":7,"gi_zscore":-0.0774,"gi_pvalue":0.306,"significance":"not_sig"}},{"type":"Feature","geometry":{"type":"Point","coordinates":[77.41176,13.09459]},"properties":{"cell_id":69497,"case_count":1,"gi_zscore":-0.0892,"gi_pvalue":0.36,"significance":"not_sig"}},{"type":"Feature","geometry":{"type":"Point","coordinates":[77.42353,13.09459]},"properties":{"cell_id":69498,"case_count":1,"gi_zscore":-0.0877,"gi_pvalue":0.343,"significance":"not_sig"}},{"type":"Feature","geometry":{"type":"Point","coordinates":[77.44706,13.09459]},"properties":{"cell_id":69500,"case_count":1,"gi_zscore":-0.1025,"gi_pvalue":0.088,"significance":"cold_90"}},{"type":"Feature","geometry":{"type":"Point","coordinates":[77.51765,13.09459]},"properties":{"cell_id":69506,"case_count":1,"gi_zscore":-0.0907,"gi_pvalue":0.401,"significance":"not_sig"}},{"type":"Feature","geometry":{"type":"Point","coordinates":[77.54118,13.09459]},"properties":{"cell_id":69508,"case_count":1,"gi_zscore":-0.0936,"gi_pvalue":0.458,"significance":"not_sig"}},{"type":"Feature","geometry":{"type":"Point","coordinates":[77.55294,13.09459]},"properties":{"cell_id":69509,"case_count":3,"gi_zscore":-0.0863,"gi_pvalue":0.36,"significance":"not_sig"}},{"type":"Feature","geometry":{"type":"Point","coordinates":[77.56471,13.09459]},"properties":{"cell_id":69510,"case_count":1,"gi_zscore":-0.0848,"gi_pvalue":0.286,"significance":"not_sig"}},{"type":"Feature","geometry":{"type":"Point","coordinates":[77.57647,13.09459]},"properties":{"cell_id":69511,"case_count":5,"gi_zscore":-0.0774,"gi_pvalue":0.277,"significance":"not_sig"}},{"type":"Feature","geometry":{"type":"Point","coordinates":[77.58824,13.09459]},"properties":{"cell_id":69512,"case_count":3,"gi_zscore":-0.0818,"gi_pvalue":0.285,"significance":"not_sig"}},{"type":"Feature","geometry":{"type":"Point","coordinates":[77.6,13.09459]},"properties":{"cell_id":69513,"case_count":4,"gi_zscore":-0.0892,"gi_pvalue":0.492,"significance":"not_sig"}},{"type":"Feature","geometry":{"type":"Point","coordinates":[77.62353,13.09459]},"properties":{"cell_id":69515,"case_count":4,"gi_zscore":-0.0892,"gi_pvalue":0.492,"significance":"not_sig"}},{"type":"Feature","geometry":{"type":"Point","coordinates":[77.65882,13.09459]},"properties":{"cell_id":69518,"case_count":2,"gi_zscore":-0.0936,"gi_pvalue":0.45,"significance":"not_sig"}},{"type":"Feature","geometry":{"type":"Point","coordinates":[77.71765,13.09459]},"properties":{"cell_id":69523,"case_count":1144,"gi_zscore":7.3404,"gi_pvalue":0.001,"significance":"hot_99"}},{"type":"Feature","geometry":{"type":"Point","coordinates":[77.84706,13.09459]},"properties":{"cell_id":69534,"case_count":1,"gi_zscore":-0.1025,"gi_pvalue":0.166,"significance":"not_sig"}},{"type":"Feature","geometry":{"type":"Point","coordinates":[77.85882,13.09459]},"properties":{"cell_id":69535,"case_count":1,"gi_zscore":-0.1025,"gi_pvalue":0.089,"significance":"cold_90"}},{"type":"Feature","geometry":{"type":"Point","coordinates":[76.24706,13.1036]},"properties":{"cell_id":69789,"case_count":1,"gi_zscore":-0.1054,"gi_pvalue":0.028,"significance":"cold_95"}},{"type":"Feature","geometry":{"type":"Point","coordinates":[76.27059,13.1036]},"properties":{"cell_id":69791,"case_count":1,"gi_zscore":-0.1054,"gi_pvalue":0.028,"significance":"cold_95"}},{"type":"Feature","geometry":{"type":"Point","coordinates":[76.91765,13.1036]},"properties":{"cell_id":69846,"case_count":1,"gi_zscore":-0.1054,"gi_pvalue":0.028,"significance":"cold_95"}},{"type":"Feature","geometry":{"type":"Point","coordinates":[77.36471,13.1036]},"properties":{"cell_id":69884,"case_count":1,"gi_zscore":-0.0818,"gi_pvalue":0.249,"significance":"not_sig"}},{"type":"Feature","geometry":{"type":"Point","coordinates":[77.38824,13.1036]},"properties":{"cell_id":69886,"case_count":3,"gi_zscore":-0.0715,"gi_pvalue":0.198,"significance":"not_sig"}},{"type":"Feature","geometry":{"type":"Point","coordinates":[77.4,13.1036]},"properties":{"cell_id":69887,"case_count":4,"gi_zscore":-0.073,"gi_pvalue":0.221,"significance":"not_sig"}},{"type":"Feature","geometry":{"type":"Point","coordinates":[77.41176,13.1036]},"properties":{"cell_id":69888,"case_count":1,"gi_zscore":-0.0863,"gi_pvalue":0.315,"significance":"not_sig"}},{"type":"Feature","geometry":{"type":"Point","coordinates":[77.48235,13.1036]},"properties":{"cell_id":69894,"case_count":1,"gi_zscore":-0.101,"gi_pvalue":0.18,"significance":"not_sig"}},{"type":"Feature","geometry":{"type":"Point","coordinates":[77.49412,13.1036]},"properties":{"cell_id":69895,"case_count":1,"gi_zscore":-0.0951,"gi_pvalue":0.49,"significance":"not_sig"}},{"type":"Feature","geometry":{"type":"Point","coordinates":[77.56471,13.1036]},"properties":{"cell_id":69901,"case_count":3,"gi_zscore":-0.0818,"gi_pvalue":0.283,"significance":"not_sig"}},{"type":"Feature","geometry":{"type":"Point","coordinates":[77.58824,13.1036]},"properties":{"cell_id":69903,"case_count":5,"gi_zscore":-0.0789,"gi_pvalue":0.275,"significance":"not_sig"}},{"type":"Feature","geometry":{"type":"Point","coordinates":[77.6,13.1036]},"properties":{"cell_id":69904,"case_count":2,"gi_zscore":-0.0848,"gi_pvalue":0.314,"significance":"not_sig"}},{"type":"Feature","geometry":{"type":"Point","coordinates":[77.61176,13.1036]},"properties":{"cell_id":69905,"case_count":1,"gi_zscore":-0.0877,"gi_pvalue":0.338,"significance":"not_sig"}},{"type":"Feature","geometry":{"type":"Point","coordinates":[77.62353,13.1036]},"properties":{"cell_id":69906,"case_count":4,"gi_zscore":-0.0907,"gi_pvalue":0.486,"significance":"not_sig"}},{"type":"Feature","geometry":{"type":"Point","coordinates":[77.63529,13.1036]},"properties":{"cell_id":69907,"case_count":1,"gi_zscore":-0.0863,"gi_pvalue":0.303,"significance":"not_sig"}},{"type":"Feature","geometry":{"type":"Point","coordinates":[77.65882,13.1036]},"properties":{"cell_id":69909,"case_count":1,"gi_zscore":-0.0995,"gi_pvalue":0.255,"significance":"not_sig"}},{"type":"Feature","geometry":{"type":"Point","coordinates":[77.71765,13.1036]},"properties":{"cell_id":69914,"case_count":182,"gi_zscore":7.3404,"gi_pvalue":0.001,"significance":"hot_99"}},{"type":"Feature","geometry":{"type":"Point","coordinates":[77.72941,13.1036]},"properties":{"cell_id":69915,"case_count":975,"gi_zscore":6.9048,"gi_pvalue":0.001,"significance":"hot_99"}},{"type":"Feature","geometry":{"type":"Point","coordinates":[77.88235,13.1036]},"properties":{"cell_id":69928,"case_count":1,"gi_zscore":-0.1039,"gi_pvalue":0.028,"significance":"cold_95"}},{"type":"Feature","geometry":{"type":"Point","coordinates":[78.18824,13.1036]},"properties":{"cell_id":69954,"case_count":1,"gi_zscore":-0.1039,"gi_pvalue":0.028,"significance":"cold_95"}},{"type":"Feature","geometry":{"type":"Point","coordinates":[76.56471,13.11261]},"properties":{"cell_id":70207,"case_count":1,"gi_zscore":-0.1039,"gi_pvalue":0.091,"significance":"cold_90"}},{"type":"Feature","geometry":{"type":"Point","coordinates":[77.37647,13.11261]},"properties":{"cell_id":70276,"case_count":1,"gi_zscore":-0.0818,"gi_pvalue":0.248,"significance":"not_sig"}},{"type":"Feature","geometry":{"type":"Point","coordinates":[77.38824,13.11261]},"properties":{"cell_id":70277,"case_count":4,"gi_zscore":-0.073,"gi_pvalue":0.216,"significance":"not_sig"}},{"type":"Feature","geometry":{"type":"Point","coordinates":[77.45882,13.11261]},"properties":{"cell_id":70283,"case_count":1,"gi_zscore":-0.101,"gi_pvalue":0.181,"significance":"not_sig"}},{"type":"Feature","geometry":{"type":"Point","coordinates":[77.47059,13.11261]},"properties":{"cell_id":70284,"case_count":1,"gi_zscore":-0.101,"gi_pvalue":0.181,"significance":"not_sig"}},{"type":"Feature","geometry":{"type":"Point","coordinates":[77.52941,13.11261]},"properties":{"cell_id":70289,"case_count":1,"gi_zscore":-0.0907,"gi_pvalue":0.396,"significance":"not_sig"}},{"type":"Feature","geometry":{"type":"Point","coordinates":[77.57647,13.11261]},"properties":{"cell_id":70293,"case_count":2,"gi_zscore":-0.0863,"gi_pvalue":0.335,"significance":"not_sig"}},{"type":"Feature","geometry":{"type":"Point","coordinates":[77.6,13.11261]},"properties":{"cell_id":70295,"case_count":1,"gi_zscore":-0.0892,"gi_pvalue":0.355,"significance":"not_sig"}},{"type":"Feature","geometry":{"type":"Point","coordinates":[77.62353,13.11261]},"properties":{"cell_id":70297,"case_count":1,"gi_zscore":-0.0936,"gi_pvalue":0.454,"significance":"not_sig"}},{"type":"Feature","geometry":{"type":"Point","coordinates":[77.63529,13.11261]},"properties":{"cell_id":70298,"case_count":1,"gi_zscore":-0.0936,"gi_pvalue":0.454,"significance":"not_sig"}},{"type":"Feature","geometry":{"type":"Point","coordinates":[77.72941,13.11261]},"properties":{"cell_id":70306,"case_count":565,"gi_zscore":8.5709,"gi_pvalue":0.001,"significance":"hot_99"}},{"type":"Feature","geometry":{"type":"Point","coordinates":[77.74118,13.11261]},"properties":{"cell_id":70307,"case_count":586,"gi_zscore":8.4929,"gi_pvalue":0.001,"significance":"hot_99"}},{"type":"Feature","geometry":{"type":"Point","coordinates":[77.83529,13.11261]},"properties":{"cell_id":70315,"case_count":1,"gi_zscore":-0.1025,"gi_pvalue":0.167,"significance":"not_sig"}},{"type":"Feature","geometry":{"type":"Point","coordinates":[78.10588,13.11261]},"properties":{"cell_id":70338,"case_count":1,"gi_zscore":-0.101,"gi_pvalue":0.18,"significance":"not_sig"}},{"type":"Feature","geometry":{"type":"Point","coordinates":[76.11765,13.12162]},"properties":{"cell_id":70560,"case_count":1,"gi_zscore":-0.1054,"gi_pvalue":0.028,"significance":"cold_95"}},{"type":"Feature","geometry":{"type":"Point","coordinates":[76.54118,13.12162]},"properties":{"cell_id":70596,"case_count":1,"gi_zscore":-0.1054,"gi_pvalue":0.028,"significance":"cold_95"}},{"type":"Feature","geometry":{"type":"Point","coordinates":[77.12941,13.12162]},"properties":{"cell_id":70646,"case_count":2,"gi_zscore":-0.0966,"gi_pvalue":0.348,"significance":"not_sig"}},{"type":"Feature","geometry":{"type":"Point","coordinates":[77.34118,13.12162]},"properties":{"cell_id":70664,"case_count":1,"gi_zscore":-0.098,"gi_pvalue":0.399,"significance":"not_sig"}},{"type":"Feature","geometry":{"type":"Point","coordinates":[77.36471,13.12162]},"properties":{"cell_id":70666,"case_count":3,"gi_zscore":-0.0966,"gi_pvalue":0.348,"significance":"not_sig"}},{"type":"Feature","geometry":{"type":"Point","coordinates":[77.37647,13.12162]},"properties":{"cell_id":70667,"case_count":3,"gi_zscore":-0.0892,"gi_pvalue":0.445,"significance":"not_sig"}},{"type":"Feature","geometry":{"type":"Point","coordinates":[77.38824,13.12162]},"properties":{"cell_id":70668,"case_count":1,"gi_zscore":-0.0774,"gi_pvalue":0.215,"significance":"not_sig"}},{"type":"Feature","geometry":{"type":"Point","coordinates":[77.47059,13.12162]},"properties":{"cell_id":70675,"case_count":1,"gi_zscore":-0.1025,"gi_pvalue":0.089,"significance":"cold_90"}},{"type":"Feature","geometry":{"type":"Point","coordinates":[77.56471,13.12162]},"properties":{"cell_id":70683,"case_count":1,"gi_zscore":-0.101,"gi_pvalue":0.179,"significance":"not_sig"}},{"type":"Feature","geometry":{"type":"Point","coordinates":[77.61176,13.12162]},"properties":{"cell_id":70687,"case_count":1,"gi_zscore":-0.0966,"gi_pvalue":0.448,"significance":"not_sig"}},{"type":"Feature","geometry":{"type":"Point","coordinates":[77.62353,13.12162]},"properties":{"cell_id":70688,"case_count":3,"gi_zscore":-0.098,"gi_pvalue":0.256,"significance":"not_sig"}},{"type":"Feature","geometry":{"type":"Point","coordinates":[77.67059,13.12162]},"properties":{"cell_id":70692,"case_count":1,"gi_zscore":-0.0966,"gi_pvalue":0.448,"significance":"not_sig"}},{"type":"Feature","geometry":{"type":"Point","coordinates":[77.68235,13.12162]},"properties":{"cell_id":70693,"case_count":1,"gi_zscore":-0.0951,"gi_pvalue":0.448,"significance":"not_sig"}},{"type":"Feature","geometry":{"type":"Point","coordinates":[77.74118,13.12162]},"properties":{"cell_id":70698,"case_count":915,"gi_zscore":8.4075,"gi_pvalue":0.001,"significance":"hot_99"}},{"type":"Feature","geometry":{"type":"Point","coordinates":[77.75294,13.12162]},"properties":{"cell_id":70699,"case_count":241,"gi_zscore":8.7725,"gi_pvalue":0.001,"significance":"hot_99"}},{"type":"Feature","geometry":{"type":"Point","coordinates":[77.85882,13.12162]},"properties":{"cell_id":70708,"case_count":1,"gi_zscore":-0.1039,"gi_pvalue":0.028,"significance":"cold_95"}},{"type":"Feature","geometry":{"type":"Point","coordinates":[77.90588,13.12162]},"properties":{"cell_id":70712,"case_count":1,"gi_zscore":-0.1039,"gi_pvalue":0.028,"significance":"cold_95"}},{"type":"Feature","geometry":{"type":"Point","coordinates":[78.11765,13.12162]},"properties":{"cell_id":70730,"case_count":1,"gi_zscore":-0.101,"gi_pvalue":0.179,"significance":"not_sig"}},{"type":"Feature","geometry":{"type":"Point","coordinates":[78.12941,13.12162]},"properties":{"cell_id":70731,"case_count":1,"gi_zscore":-0.101,"gi_pvalue":0.179,"significance":"not_sig"}},{"type":"Feature","geometry":{"type":"Point","coordinates":[75.58824,13.13063]},"properties":{"cell_id":70906,"case_count":1,"gi_zscore":-0.0922,"gi_pvalue":0.448,"significance":"not_sig"}},{"type":"Feature","geometry":{"type":"Point","coordinates":[75.63529,13.13063]},"properties":{"cell_id":70910,"case_count":2,"gi_zscore":-0.0936,"gi_pvalue":0.446,"significance":"not_sig"}},{"type":"Feature","geometry":{"type":"Point","coordinates":[75.64706,13.13063]},"properties":{"cell_id":70911,"case_count":2,"gi_zscore":-0.0936,"gi_pvalue":0.494,"significance":"not_sig"}},{"type":"Feature","geometry":{"type":"Point","coordinates":[75.65882,13.13063]},"properties":{"cell_id":70912,"case_count":2,"gi_zscore":-0.0936,"gi_pvalue":0.494,"significance":"not_sig"}},{"type":"Feature","geometry":{"type":"Point","coordinates":[76.30588,13.13063]},"properties":{"cell_id":70967,"case_count":1,"gi_zscore":-0.1054,"gi_pvalue":0.028,"significance":"cold_95"}},{"type":"Feature","geometry":{"type":"Point","coordinates":[76.70588,13.13063]},"properties":{"cell_id":71001,"case_count":1,"gi_zscore":-0.1025,"gi_pvalue":0.089,"significance":"cold_90"}},{"type":"Feature","geometry":{"type":"Point","coordinates":[77.03529,13.13063]},"properties":{"cell_id":71029,"case_count":1,"gi_zscore":-0.1025,"gi_pvalue":0.089,"significance":"cold_90"}},{"type":"Feature","geometry":{"type":"Point","coordinates":[77.32941,13.13063]},"properties":{"cell_id":71054,"case_count":1,"gi_zscore":-0.101,"gi_pvalue":0.179,"significance":"not_sig"}},{"type":"Feature","geometry":{"type":"Point","coordinates":[77.35294,13.13063]},"properties":{"cell_id":71056,"case_count":2,"gi_zscore":-0.0951,"gi_pvalue":0.446,"significance":"not_sig"}},{"type":"Feature","geometry":{"type":"Point","coordinates":[77.36471,13.13063]},"properties":{"cell_id":71057,"case_count":2,"gi_zscore":-0.0966,"gi_pvalue":0.396,"significance":"not_sig"}},{"type":"Feature","geometry":{"type":"Point","coordinates":[77.56471,13.13063]},"properties":{"cell_id":71074,"case_count":1,"gi_zscore":-0.1039,"gi_pvalue":0.089,"significance":"cold_90"}},{"type":"Feature","geometry":{"type":"Point","coordinates":[77.57647,13.13063]},"properties":{"cell_id":71075,"case_count":1,"gi_zscore":-0.0951,"gi_pvalue":0.495,"significance":"not_sig"}},{"type":"Feature","geometry":{"type":"Point","coordinates":[77.67059,13.13063]},"properties":{"cell_id":71083,"case_count":4,"gi_zscore":-0.098,"gi_pvalue":0.166,"significance":"not_sig"}},{"type":"Feature","geometry":{"type":"Point","coordinates":[77.75294,13.13063]},"properties":{"cell_id":71090,"case_count":1137,"gi_zscore":8.4045,"gi_pvalue":0.001,"significance":"hot_99"}},{"type":"Feature","geometry":{"type":"Point","coordinates":[77.84706,13.13063]},"properties":{"cell_id":71098,"case_count":1,"gi_zscore":-0.1025,"gi_pvalue":0.089,"significance":"cold_90"}},{"type":"Feature","geometry":{"type":"Point","coordinates":[78.07059,13.13063]},"properties":{"cell_id":71117,"case_count":2,"gi_zscore":-0.101,"gi_pvalue":0.089,"significance":"cold_90"}},{"type":"Feature","geometry":{"type":"Point","coordinates":[78.12941,13.13063]},"properties":{"cell_id":71122,"case_count":1,"gi_zscore":-0.101,"gi_pvalue":0.179,"significance":"not_sig"}},{"type":"Feature","geometry":{"type":"Point","coordinates":[78.17647,13.13063]},"properties":{"cell_id":71126,"case_count":1,"gi_zscore":-0.1025,"gi_pvalue":0.089,"significance":"cold_90"}},{"type":"Feature","geometry":{"type":"Point","coordinates":[75.55294,13.13964]},"properties":{"cell_id":71294,"case_count":2,"gi_zscore":-0.0966,"gi_pvalue":0.396,"significance":"not_sig"}},{"type":"Feature","geometry":{"type":"Point","coordinates":[75.63529,13.13964]},"properties":{"cell_id":71301,"case_count":4,"gi_zscore":-0.0936,"gi_pvalue":0.359,"significance":"not_sig"}},{"type":"Feature","geometry":{"type":"Point","coordinates":[75.64706,13.13964]},"properties":{"cell_id":71302,"case_count":1,"gi_zscore":-0.0936,"gi_pvalue":0.456,"significance":"not_sig"}},{"type":"Feature","geometry":{"type":"Point","coordinates":[76.55294,13.13964]},"properties":{"cell_id":71379,"case_count":1,"gi_zscore":-0.1054,"gi_pvalue":0.029,"significance":"cold_95"}},{"type":"Feature","geometry":{"type":"Point","coordinates":[77.07059,13.13964]},"properties":{"cell_id":71423,"case_count":1,"gi_zscore":-0.0995,"gi_pvalue":0.321,"significance":"not_sig"}},{"type":"Feature","geometry":{"type":"Point","coordinates":[77.31765,13.13964]},"properties":{"cell_id":71444,"case_count":1,"gi_zscore":-0.1025,"gi_pvalue":0.09,"significance":"cold_90"}},{"type":"Feature","geometry":{"type":"Point","coordinates":[77.34118,13.13964]},"properties":{"cell_id":71446,"case_count":1,"gi_zscore":-0.101,"gi_pvalue":0.181,"significance":"not_sig"}},{"type":"Feature","geometry":{"type":"Point","coordinates":[77.35294,13.13964]},"properties":{"cell_id":71447,"case_count":1,"gi_zscore":-0.098,"gi_pvalue":0.396,"significance":"not_sig"}},{"type":"Feature","geometry":{"type":"Point","coordinates":[77.44706,13.13964]},"properties":{"cell_id":71455,"case_count":2,"gi_zscore":-0.1039,"gi_pvalue":0.001,"significance":"cold_99"}},{"type":"Feature","geometry":{"type":"Point","coordinates":[77.54118,13.13964]},"properties":{"cell_id":71463,"case_count":1,"gi_zscore":-0.1054,"gi_pvalue":0.029,"significance":"cold_95"}},{"type":"Feature","geometry":{"type":"Point","coordinates":[77.56471,13.13964]},"properties":{"cell_id":71465,"case_count":1,"gi_zscore":-0.1039,"gi_pvalue":0.029,"significance":"cold_95"}},{"type":"Feature","geometry":{"type":"Point","coordinates":[77.62353,13.13964]},"properties":{"cell_id":71470,"case_count":1,"gi_zscore":-0.0995,"gi_pvalue":0.322,"significance":"not_sig"}},{"type":"Feature","geometry":{"type":"Point","coordinates":[77.63529,13.13964]},"properties":{"cell_id":71471,"case_count":1,"gi_zscore":-0.0995,"gi_pvalue":0.322,"significance":"not_sig"}},{"type":"Feature","geometry":{"type":"Point","coordinates":[77.70588,13.13964]},"properties":{"cell_id":71477,"case_count":2,"gi_zscore":0.997,"gi_pvalue":0.042,"significance":"hot_95"}},{"type":"Feature","geometry":{"type":"Point","coordinates":[77.75294,13.13964]},"properties":{"cell_id":71481,"case_count":106,"gi_zscore":8.8005,"gi_pvalue":0.001,"significance":"hot_99"}},{"type":"Feature","geometry":{"type":"Point","coordinates":[77.76471,13.13964]},"properties":{"cell_id":71482,"case_count":1086,"gi_zscore":8.4575,"gi_pvalue":0.001,"significance":"hot_99"}},{"type":"Feature","geometry":{"type":"Point","coordinates":[77.88235,13.13964]},"properties":{"cell_id":71492,"case_count":2,"gi_zscore":-0.1039,"gi_pvalue":0.001,"significance":"cold_99"}},{"type":"Feature","geometry":{"type":"Point","coordinates":[78.11765,13.13964]},"properties":{"cell_id":71512,"case_count":1,"gi_zscore":-0.101,"gi_pvalue":0.181,"significance":"not_sig"}},{"type":"Feature","geometry":{"type":"Point","coordinates":[78.12941,13.13964]},"properties":{"cell_id":71513,"case_count":2,"gi_zscore":-0.101,"gi_pvalue":0.09,"significance":"cold_90"}},{"type":"Feature","geometry":{"type":"Point","coordinates":[74.8,13.14865]},"properties":{"cell_id":71621,"case_count":1,"gi_zscore":-0.098,"gi_pvalue":0.347,"significance":"not_sig"}},{"type":"Feature","geometry":{"type":"Point","coordinates":[75.15294,13.14865]},"properties":{"cell_id":71651,"case_count":1,"gi_zscore":-0.1039,"gi_pvalue":0.029,"significance":"cold_95"}},{"type":"Feature","geometry":{"type":"Point","coordinates":[75.50588,13.14865]},"properties":{"cell_id":71681,"case_count":1,"gi_zscore":-0.0995,"gi_pvalue":0.322,"significance":"not_sig"}},{"type":"Feature","geometry":{"type":"Point","coordinates":[75.64706,13.14865]},"properties":{"cell_id":71693,"case_count":3,"gi_zscore":-0.0936,"gi_pvalue":0.446,"significance":"not_sig"}},{"type":"Feature","geometry":{"type":"Point","coordinates":[75.69412,13.14865]},"properties":{"cell_id":71697,"case_count":1,"gi_zscore":-0.0936,"gi_pvalue":0.455,"significance":"not_sig"}},{"type":"Feature","geometry":{"type":"Point","coordinates":[76.22353,13.14865]},"properties":{"cell_id":71742,"case_count":1,"gi_zscore":-0.1054,"gi_pvalue":0.029,"significance":"cold_95"}},{"type":"Feature","geometry":{"type":"Point","coordinates":[76.84706,13.14865]},"properties":{"cell_id":71795,"case_count":1,"gi_zscore":-0.1039,"gi_pvalue":0.09,"significance":"cold_90"}},{"type":"Feature","geometry":{"type":"Point","coordinates":[76.88235,13.14865]},"properties":{"cell_id":71798,"case_count":1,"gi_zscore":-0.1054,"gi_pvalue":0.029,"significance":"cold_95"}},{"type":"Feature","geometry":{"type":"Point","coordinates":[77.03529,13.14865]},"properties":{"cell_id":71811,"case_count":3,"gi_zscore":-0.1025,"gi_pvalue":0.029,"significance":"cold_95"}},{"type":"Feature","geometry":{"type":"Point","coordinates":[77.08235,13.14865]},"properties":{"cell_id":71815,"case_count":1,"gi_zscore":-0.0995,"gi_pvalue":0.32,"significance":"not_sig"}},{"type":"Feature","geometry":{"type":"Point","coordinates":[77.32941,13.14865]},"properties":{"cell_id":71836,"case_count":2,"gi_zscore":-0.1025,"gi_pvalue":0.029,"significance":"cold_95"}},{"type":"Feature","geometry":{"type":"Point","coordinates":[77.34118,13.14865]},"properties":{"cell_id":71837,"case_count":2,"gi_zscore":-0.101,"gi_pvalue":0.091,"significance":"cold_90"}},{"type":"Feature","geometry":{"type":"Point","coordinates":[77.42353,13.14865]},"properties":{"cell_id":71844,"case_count":1,"gi_zscore":-0.0951,"gi_pvalue":0.494,"significance":"not_sig"}},{"type":"Feature","geometry":{"type":"Point","coordinates":[77.44706,13.14865]},"properties":{"cell_id":71846,"case_count":1,"gi_zscore":-0.1039,"gi_pvalue":0.029,"significance":"cold_95"}},{"type":"Feature","geometry":{"type":"Point","coordinates":[77.55294,13.14865]},"properties":{"cell_id":71855,"case_count":1,"gi_zscore":-0.1039,"gi_pvalue":0.029,"significance":"cold_95"}},{"type":"Feature","geometry":{"type":"Point","coordinates":[77.56471,13.14865]},"properties":{"cell_id":71856,"case_count":1,"gi_zscore":-0.1039,"gi_pvalue":0.029,"significance":"cold_95"}},{"type":"Feature","geometry":{"type":"Point","coordinates":[77.62353,13.14865]},"properties":{"cell_id":71861,"case_count":2,"gi_zscore":-0.0995,"gi_pvalue":0.185,"significance":"not_sig"}},{"type":"Feature","geometry":{"type":"Point","coordinates":[77.70588,13.14865]},"properties":{"cell_id":71868,"case_count":1,"gi_zscore":2.0758,"gi_pvalue":0.001,"significance":"hot_99"}},{"type":"Feature","geometry":{"type":"Point","coordinates":[77.76471,13.14865]},"properties":{"cell_id":71873,"case_count":430,"gi_zscore":8.746,"gi_pvalue":0.001,"significance":"hot_99"}},{"type":"Feature","geometry":{"type":"Point","coordinates":[77.77647,13.14865]},"properties":{"cell_id":71874,"case_count":725,"gi_zscore":6.7208,"gi_pvalue":0.001,"significance":"hot_99"}},{"type":"Feature","geometry":{"type":"Point","coordinates":[77.8,13.14865]},"properties":{"cell_id":71876,"case_count":1,"gi_zscore":6.6237,"gi_pvalue":0.001,"significance":"hot_99"}},{"type":"Feature","geometry":{"type":"Point","coordinates":[77.90588,13.14865]},"properties":{"cell_id":71885,"case_count":1,"gi_zscore":-0.1039,"gi_pvalue":0.09,"significance":"cold_90"}},{"type":"Feature","geometry":{"type":"Point","coordinates":[77.92941,13.14865]},"properties":{"cell_id":71887,"case_count":1,"gi_zscore":-0.1039,"gi_pvalue":0.029,"significance":"cold_95"}},{"type":"Feature","geometry":{"type":"Point","coordinates":[75.56471,13.15766]},"properties":{"cell_id":72077,"case_count":1,"gi_zscore":-0.0936,"gi_pvalue":0.495,"significance":"not_sig"}},{"type":"Feature","geometry":{"type":"Point","coordinates":[75.68235,13.15766]},"properties":{"cell_id":72087,"case_count":1,"gi_zscore":-0.0936,"gi_pvalue":0.455,"significance":"not_sig"}},{"type":"Feature","geometry":{"type":"Point","coordinates":[76.42353,13.15766]},"properties":{"cell_id":72150,"case_count":1,"gi_zscore":-0.101,"gi_pvalue":0.185,"significance":"not_sig"}},{"type":"Feature","geometry":{"type":"Point","coordinates":[76.67059,13.15766]},"properties":{"cell_id":72171,"case_count":1,"gi_zscore":-0.1039,"gi_pvalue":0.09,"significance":"cold_90"}},{"type":"Feature","geometry":{"type":"Point","coordinates":[77.01176,13.15766]},"properties":{"cell_id":72200,"case_count":1,"gi_zscore":-0.1025,"gi_pvalue":0.172,"significance":"not_sig"}},{"type":"Feature","geometry":{"type":"Point","coordinates":[77.03529,13.15766]},"properties":{"cell_id":72202,"case_count":1,"gi_zscore":-0.1025,"gi_pvalue":0.172,"significance":"not_sig"}},{"type":"Feature","geometry":{"type":"Point","coordinates":[77.30588,13.15766]},"properties":{"cell_id":72225,"case_count":1,"gi_zscore":-0.1025,"gi_pvalue":0.09,"significance":"cold_90"}},{"type":"Feature","geometry":{"type":"Point","coordinates":[77.32941,13.15766]},"properties":{"cell_id":72227,"case_count":1,"gi_zscore":-0.101,"gi_pvalue":0.185,"significance":"not_sig"}},{"type":"Feature","geometry":{"type":"Point","coordinates":[77.34118,13.15766]},"properties":{"cell_id":72228,"case_count":1,"gi_zscore":-0.101,"gi_pvalue":0.185,"significance":"not_sig"}},{"type":"Feature","geometry":{"type":"Point","coordinates":[77.54118,13.15766]},"properties":{"cell_id":72245,"case_count":1,"gi_zscore":-0.101,"gi_pvalue":0.172,"significance":"not_sig"}},{"type":"Feature","geometry":{"type":"Point","coordinates":[77.56471,13.15766]},"properties":{"cell_id":72247,"case_count":1,"gi_zscore":-0.101,"gi_pvalue":0.172,"significance":"not_sig"}},{"type":"Feature","geometry":{"type":"Point","coordinates":[77.61176,13.15766]},"properties":{"cell_id":72251,"case_count":1,"gi_zscore":-0.1025,"gi_pvalue":0.09,"significance":"cold_90"}},{"type":"Feature","geometry":{"type":"Point","coordinates":[77.77647,13.15766]},"properties":{"cell_id":72265,"case_count":834,"gi_zscore":6.5663,"gi_pvalue":0.001,"significance":"hot_99"}},{"type":"Feature","geometry":{"type":"Point","coordinates":[77.78824,13.15766]},"properties":{"cell_id":72266,"case_count":353,"gi_zscore":6.6237,"gi_pvalue":0.001,"significance":"hot_99"}},{"type":"Feature","geometry":{"type":"Point","coordinates":[77.94118,13.15766]},"properties":{"cell_id":72279,"case_count":1,"gi_zscore":-0.1039,"gi_pvalue":0.029,"significance":"cold_95"}},{"type":"Feature","geometry":{"type":"Point","coordinates":[78.11765,13.15766]},"properties":{"cell_id":72294,"case_count":2,"gi_zscore":-0.101,"gi_pvalue":0.09,"significance":"cold_90"}},{"type":"Feature","geometry":{"type":"Point","coordinates":[78.38824,13.15766]},"properties":{"cell_id":72317,"case_count":1,"gi_zscore":-0.1039,"gi_pvalue":0.09,"significance":"cold_90"}},{"type":"Feature","geometry":{"type":"Point","coordinates":[75.48235,13.16667]},"properties":{"cell_id":72461,"case_count":2,"gi_zscore":-0.0995,"gi_pvalue":0.188,"significance":"not_sig"}},{"type":"Feature","geometry":{"type":"Point","coordinates":[76.56471,13.16667]},"properties":{"cell_id":72553,"case_count":1,"gi_zscore":-0.1054,"gi_pvalue":0.029,"significance":"cold_95"}},{"type":"Feature","geometry":{"type":"Point","coordinates":[76.67059,13.16667]},"properties":{"cell_id":72562,"case_count":2,"gi_zscore":-0.1039,"gi_pvalue":0.029,"significance":"cold_95"}},{"type":"Feature","geometry":{"type":"Point","coordinates":[76.85882,13.16667]},"properties":{"cell_id":72578,"case_count":1,"gi_zscore":-0.1054,"gi_pvalue":0.029,"significance":"cold_95"}},{"type":"Feature","geometry":{"type":"Point","coordinates":[77.03529,13.16667]},"properties":{"cell_id":72593,"case_count":1,"gi_zscore":-0.1025,"gi_pvalue":0.176,"significance":"not_sig"}},{"type":"Feature","geometry":{"type":"Point","coordinates":[77.54118,13.16667]},"properties":{"cell_id":72636,"case_count":1,"gi_zscore":-0.098,"gi_pvalue":0.343,"significance":"not_sig"}},{"type":"Feature","geometry":{"type":"Point","coordinates":[77.56471,13.16667]},"properties":{"cell_id":72638,"case_count":2,"gi_zscore":-0.098,"gi_pvalue":0.319,"significance":"not_sig"}},{"type":"Feature","geometry":{"type":"Point","coordinates":[77.6,13.16667]},"properties":{"cell_id":72641,"case_count":1,"gi_zscore":-0.101,"gi_pvalue":0.176,"significance":"not_sig"}},{"type":"Feature","geometry":{"type":"Point","coordinates":[77.63529,13.16667]},"properties":{"cell_id":72644,"case_count":2,"gi_zscore":-0.101,"gi_pvalue":0.09,"significance":"cold_90"}},{"type":"Feature","geometry":{"type":"Point","coordinates":[77.68235,13.16667]},"properties":{"cell_id":72648,"case_count":1,"gi_zscore":-0.098,"gi_pvalue":0.396,"significance":"not_sig"}},{"type":"Feature","geometry":{"type":"Point","coordinates":[77.71765,13.16667]},"properties":{"cell_id":72651,"case_count":1,"gi_zscore":0.0506,"gi_pvalue":0.09,"significance":"hot_90"}},{"type":"Feature","geometry":{"type":"Point","coordinates":[77.78824,13.16667]},"properties":{"cell_id":72657,"case_count":1111,"gi_zscore":5.0268,"gi_pvalue":0.001,"significance":"hot_99"}},{"type":"Feature","geometry":{"type":"Point","coordinates":[77.92941,13.16667]},"properties":{"cell_id":72669,"case_count":1,"gi_zscore":-0.0922,"gi_pvalue":0.447,"significance":"not_sig"}},{"type":"Feature","geometry":{"type":"Point","coordinates":[74.89412,13.17568]},"properties":{"cell_id":72802,"case_count":1,"gi_zscore":-0.1039,"gi_pvalue":0.029,"significance":"cold_95"}},{"type":"Feature","geometry":{"type":"Point","coordinates":[76.67059,13.17568]},"properties":{"cell_id":72953,"case_count":1,"gi_zscore":-0.1039,"gi_pvalue":0.09,"significance":"cold_90"}},{"type":"Feature","geometry":{"type":"Point","coordinates":[76.68235,13.17568]},"properties":{"cell_id":72954,"case_count":1,"gi_zscore":-0.1039,"gi_pvalue":0.09,"significance":"cold_90"}},{"type":"Feature","geometry":{"type":"Point","coordinates":[77.28235,13.17568]},"properties":{"cell_id":73005,"case_count":1,"gi_zscore":-0.101,"gi_pvalue":0.188,"significance":"not_sig"}},{"type":"Feature","geometry":{"type":"Point","coordinates":[77.30588,13.17568]},"properties":{"cell_id":73007,"case_count":2,"gi_zscore":-0.101,"gi_pvalue":0.091,"significance":"cold_90"}},{"type":"Feature","geometry":{"type":"Point","coordinates":[77.51765,13.17568]},"properties":{"cell_id":73025,"case_count":1,"gi_zscore":-0.098,"gi_pvalue":0.339,"significance":"not_sig"}},{"type":"Feature","geometry":{"type":"Point","coordinates":[77.52941,13.17568]},"properties":{"cell_id":73026,"case_count":1,"gi_zscore":-0.098,"gi_pvalue":0.339,"significance":"not_sig"}},{"type":"Feature","geometry":{"type":"Point","coordinates":[77.56471,13.17568]},"properties":{"cell_id":73029,"case_count":3,"gi_zscore":-0.098,"gi_pvalue":0.188,"significance":"not_sig"}},{"type":"Feature","geometry":{"type":"Point","coordinates":[77.58824,13.17568]},"properties":{"cell_id":73031,"case_count":1,"gi_zscore":-0.101,"gi_pvalue":0.188,"significance":"not_sig"}},{"type":"Feature","geometry":{"type":"Point","coordinates":[77.63529,13.17568]},"properties":{"cell_id":73035,"case_count":1,"gi_zscore":-0.101,"gi_pvalue":0.188,"significance":"not_sig"}},{"type":"Feature","geometry":{"type":"Point","coordinates":[77.78824,13.17568]},"properties":{"cell_id":73048,"case_count":1,"gi_zscore":5.0268,"gi_pvalue":0.001,"significance":"hot_99"}},{"type":"Feature","geometry":{"type":"Point","coordinates":[77.8,13.17568]},"properties":{"cell_id":73049,"case_count":40,"gi_zscore":5.0268,"gi_pvalue":0.001,"significance":"hot_99"}},{"type":"Feature","geometry":{"type":"Point","coordinates":[77.91765,13.17568]},"properties":{"cell_id":73059,"case_count":1,"gi_zscore":-0.0922,"gi_pvalue":0.446,"significance":"not_sig"}},{"type":"Feature","geometry":{"type":"Point","coordinates":[77.92941,13.17568]},"properties":{"cell_id":73060,"case_count":1,"gi_zscore":-0.0922,"gi_pvalue":0.446,"significance":"not_sig"}},{"type":"Feature","geometry":{"type":"Point","coordinates":[74.94118,13.18468]},"properties":{"cell_id":73197,"case_count":1,"gi_zscore":-0.1039,"gi_pvalue":0.031,"significance":"cold_95"}},{"type":"Feature","geometry":{"type":"Point","coordinates":[75.47059,13.18468]},"properties":{"cell_id":73242,"case_count":1,"gi_zscore":-0.0995,"gi_pvalue":0.315,"significance":"not_sig"}},{"type":"Feature","geometry":{"type":"Point","coordinates":[75.49412,13.18468]},"properties":{"cell_id":73244,"case_count":1,"gi_zscore":-0.0995,"gi_pvalue":0.315,"significance":"not_sig"}},{"type":"Feature","geometry":{"type":"Point","coordinates":[76.50588,13.18468]},"properties":{"cell_id":73330,"case_count":1,"gi_zscore":-0.1054,"gi_pvalue":0.031,"significance":"cold_95"}},{"type":"Feature","geometry":{"type":"Point","coordinates":[76.85882,13.18468]},"properties":{"cell_id":73360,"case_count":1,"gi_zscore":-0.1054,"gi_pvalue":0.031,"significance":"cold_95"}},{"type":"Feature","geometry":{"type":"Point","coordinates":[77.23529,13.18468]},"properties":{"cell_id":73392,"case_count":1,"gi_zscore":-0.0922,"gi_pvalue":0.446,"significance":"not_sig"}},{"type":"Feature","geometry":{"type":"Point","coordinates":[77.29412,13.18468]},"properties":{"cell_id":73397,"case_count":1,"gi_zscore":-0.101,"gi_pvalue":0.189,"significance":"not_sig"}},{"type":"Feature","geometry":{"type":"Point","coordinates":[77.55294,13.18468]},"properties":{"cell_id":73419,"case_count":3,"gi_zscore":-0.098,"gi_pvalue":0.19,"significance":"not_sig"}},{"type":"Feature","geometry":{"type":"Point","coordinates":[77.75294,13.18468]},"properties":{"cell_id":73436,"case_count":1,"gi_zscore":1.752,"gi_pvalue":0.002,"significance":"hot_99"}},{"type":"Feature","geometry":{"type":"Point","coordinates":[77.76471,13.18468]},"properties":{"cell_id":73437,"case_count":1,"gi_zscore":3.9038,"gi_pvalue":0.001,"significance":"hot_99"}},{"type":"Feature","geometry":{"type":"Point","coordinates":[77.95294,13.18468]},"properties":{"cell_id":73453,"case_count":2,"gi_zscore":-0.0922,"gi_pvalue":0.494,"significance":"not_sig"}},{"type":"Feature","geometry":{"type":"Point","coordinates":[74.75294,13.19369]},"properties":{"cell_id":73572,"case_count":2,"gi_zscore":-0.0995,"gi_pvalue":0.19,"significance":"not_sig"}},{"type":"Feature","geometry":{"type":"Point","coordinates":[75.0,13.19369]},"properties":{"cell_id":73593,"case_count":2,"gi_zscore":-0.1039,"gi_pvalue":0.031,"significance":"cold_95"}},{"type":"Feature","geometry":{"type":"Point","coordinates":[75.08235,13.19369]},"properties":{"cell_id":73600,"case_count":1,"gi_zscore":-0.1039,"gi_pvalue":0.092,"significance":"cold_90"}},{"type":"Feature","geometry":{"type":"Point","coordinates":[75.45882,13.19369]},"properties":{"cell_id":73632,"case_count":2,"gi_zscore":-0.098,"gi_pvalue":0.317,"significance":"not_sig"}},{"type":"Feature","geometry":{"type":"Point","coordinates":[76.67059,13.19369]},"properties":{"cell_id":73735,"case_count":1,"gi_zscore":-0.1039,"gi_pvalue":0.092,"significance":"cold_90"}},{"type":"Feature","geometry":{"type":"Point","coordinates":[76.76471,13.19369]},"properties":{"cell_id":73743,"case_count":1,"gi_zscore":-0.1054,"gi_pvalue":0.031,"significance":"cold_95"}},{"type":"Feature","geometry":{"type":"Point","coordinates":[77.34118,13.19369]},"properties":{"cell_id":73792,"case_count":1,"gi_zscore":-0.101,"gi_pvalue":0.189,"significance":"not_sig"}},{"type":"Feature","geometry":{"type":"Point","coordinates":[77.36471,13.19369]},"properties":{"cell_id":73794,"case_count":1,"gi_zscore":-0.1025,"gi_pvalue":0.176,"significance":"not_sig"}},{"type":"Feature","geometry":{"type":"Point","coordinates":[77.42353,13.19369]},"properties":{"cell_id":73799,"case_count":1,"gi_zscore":-0.1039,"gi_pvalue":0.092,"significance":"cold_90"}},{"type":"Feature","geometry":{"type":"Point","coordinates":[77.57647,13.19369]},"properties":{"cell_id":73812,"case_count":1,"gi_zscore":-0.0966,"gi_pvalue":0.4,"significance":"not_sig"}},{"type":"Feature","geometry":{"type":"Point","coordinates":[77.6,13.19369]},"properties":{"cell_id":73814,"case_count":1,"gi_zscore":-0.0995,"gi_pvalue":0.317,"significance":"not_sig"}},{"type":"Feature","geometry":{"type":"Point","coordinates":[77.64706,13.19369]},"properties":{"cell_id":73818,"case_count":2,"gi_zscore":-0.0995,"gi_pvalue":0.189,"significance":"not_sig"}},{"type":"Feature","geometry":{"type":"Point","coordinates":[77.70588,13.19369]},"properties":{"cell_id":73823,"case_count":1,"gi_zscore":-0.1025,"gi_pvalue":0.092,"significance":"cold_90"}},{"type":"Feature","geometry":{"type":"Point","coordinates":[77.75294,13.19369]},"properties":{"cell_id":73827,"case_count":1,"gi_zscore":2.7543,"gi_pvalue":0.001,"significance":"hot_99"}},{"type":"Feature","geometry":{"type":"Point","coordinates":[77.91765,13.19369]},"properties":{"cell_id":73841,"case_count":1,"gi_zscore":-0.0922,"gi_pvalue":0.446,"significance":"not_sig"}},{"type":"Feature","geometry":{"type":"Point","coordinates":[78.01176,13.19369]},"properties":{"cell_id":73849,"case_count":1,"gi_zscore":-0.1025,"gi_pvalue":0.092,"significance":"cold_90"}},{"type":"Feature","geometry":{"type":"Point","coordinates":[78.02353,13.19369]},"properties":{"cell_id":73850,"case_count":1,"gi_zscore":-0.101,"gi_pvalue":0.188,"significance":"not_sig"}},{"type":"Feature","geometry":{"type":"Point","coordinates":[74.75294,13.2027]},"properties":{"cell_id":73963,"case_count":2,"gi_zscore":-0.0995,"gi_pvalue":0.188,"significance":"not_sig"}},{"type":"Feature","geometry":{"type":"Point","coordinates":[75.07059,13.2027]},"properties":{"cell_id":73990,"case_count":1,"gi_zscore":-0.1039,"gi_pvalue":0.092,"significance":"cold_90"}},{"type":"Feature","geometry":{"type":"Point","coordinates":[75.41176,13.2027]},"properties":{"cell_id":74019,"case_count":1,"gi_zscore":-0.098,"gi_pvalue":0.341,"significance":"not_sig"}},{"type":"Feature","geometry":{"type":"Point","coordinates":[76.52941,13.2027]},"properties":{"cell_id":74114,"case_count":1,"gi_zscore":-0.0995,"gi_pvalue":0.317,"significance":"not_sig"}},{"type":"Feature","geometry":{"type":"Point","coordinates":[77.23529,13.2027]},"properties":{"cell_id":74174,"case_count":1,"gi_zscore":-0.0922,"gi_pvalue":0.447,"significance":"not_sig"}},{"type":"Feature","geometry":{"type":"Point","coordinates":[77.32941,13.2027]},"properties":{"cell_id":74182,"case_count":1,"gi_zscore":-0.1025,"gi_pvalue":0.092,"significance":"cold_90"}},{"type":"Feature","geometry":{"type":"Point","coordinates":[77.61176,13.2027]},"properties":{"cell_id":74206,"case_count":1,"gi_zscore":-0.101,"gi_pvalue":0.175,"significance":"not_sig"}},{"type":"Feature","geometry":{"type":"Point","coordinates":[77.65882,13.2027]},"properties":{"cell_id":74210,"case_count":1,"gi_zscore":-0.0995,"gi_pvalue":0.258,"significance":"not_sig"}},{"type":"Feature","geometry":{"type":"Point","coordinates":[77.70588,13.2027]},"properties":{"cell_id":74214,"case_count":1,"gi_zscore":-0.0951,"gi_pvalue":0.441,"significance":"not_sig"}},{"type":"Feature","geometry":{"type":"Point","coordinates":[77.90588,13.2027]},"properties":{"cell_id":74231,"case_count":9,"gi_zscore":-0.0922,"gi_pvalue":0.031,"significance":"cold_95"}},{"type":"Feature","geometry":{"type":"Point","coordinates":[74.47059,13.21171]},"properties":{"cell_id":74330,"case_count":2,"gi_zscore":-0.0995,"gi_pvalue":0.187,"significance":"not_sig"}},{"type":"Feature","geometry":{"type":"Point","coordinates":[74.77647,13.21171]},"properties":{"cell_id":74356,"case_count":1,"gi_zscore":-0.0995,"gi_pvalue":0.316,"significance":"not_sig"}},{"type":"Feature","geometry":{"type":"Point","coordinates":[75.0,13.21171]},"properties":{"cell_id":74375,"case_count":1,"gi_zscore":-0.1039,"gi_pvalue":0.091,"significance":"cold_90"}},{"type":"Feature","geometry":{"type":"Point","coordinates":[75.98824,13.21171]},"properties":{"cell_id":74459,"case_count":2,"gi_zscore":-0.101,"gi_pvalue":0.091,"significance":"cold_90"}},{"type":"Feature","geometry":{"type":"Point","coordinates":[76.65882,13.21171]},"properties":{"cell_id":74516,"case_count":1,"gi_zscore":-0.1039,"gi_pvalue":0.091,"significance":"cold_90"}},{"type":"Feature","geometry":{"type":"Point","coordinates":[77.0,13.21171]},"properties":{"cell_id":74545,"case_count":1,"gi_zscore":-0.1054,"gi_pvalue":0.032,"significance":"cold_95"}},{"type":"Feature","geometry":{"type":"Point","coordinates":[77.03529,13.21171]},"properties":{"cell_id":74548,"case_count":1,"gi_zscore":-0.1054,"gi_pvalue":0.032,"significance":"cold_95"}},{"type":"Feature","geometry":{"type":"Point","coordinates":[77.25882,13.21171]},"properties":{"cell_id":74567,"case_count":2,"gi_zscore":-0.0907,"gi_pvalue":0.448,"significance":"not_sig"}},{"type":"Feature","geometry":{"type":"Point","coordinates":[77.30588,13.21171]},"properties":{"cell_id":74571,"case_count":2,"gi_zscore":-0.1025,"gi_pvalue":0.032,"significance":"cold_95"}},{"type":"Feature","geometry":{"type":"Point","coordinates":[77.55294,13.21171]},"properties":{"cell_id":74592,"case_count":1,"gi_zscore":-0.0907,"gi_pvalue":0.399,"significance":"not_sig"}},{"type":"Feature","geometry":{"type":"Point","coordinates":[77.75294,13.21171]},"properties":{"cell_id":74609,"case_count":1,"gi_zscore":-0.1054,"gi_pvalue":0.032,"significance":"cold_95"}},{"type":"Feature","geometry":{"type":"Point","coordinates":[77.87059,13.21171]},"properties":{"cell_id":74619,"case_count":1,"gi_zscore":-0.0936,"gi_pvalue":0.456,"significance":"not_sig"}},{"type":"Feature","geometry":{"type":"Point","coordinates":[74.76471,13.22072]},"properties":{"cell_id":74746,"case_count":2,"gi_zscore":-0.0995,"gi_pvalue":0.188,"significance":"not_sig"}},{"type":"Feature","geometry":{"type":"Point","coordinates":[74.97647,13.22072]},"properties":{"cell_id":74764,"case_count":1,"gi_zscore":-0.1039,"gi_pvalue":0.091,"significance":"cold_90"}},{"type":"Feature","geometry":{"type":"Point","coordinates":[74.98824,13.22072]},"properties":{"cell_id":74765,"case_count":1,"gi_zscore":-0.1039,"gi_pvalue":0.091,"significance":"cold_90"}},{"type":"Feature","geometry":{"type":"Point","coordinates":[75.37647,13.22072]},"properties":{"cell_id":74798,"case_count":2,"gi_zscore":-0.098,"gi_pvalue":0.258,"significance":"not_sig"}},{"type":"Feature","geometry":{"type":"Point","coordinates":[75.43529,13.22072]},"properties":{"cell_id":74803,"case_count":2,"gi_zscore":-0.0995,"gi_pvalue":0.187,"significance":"not_sig"}},{"type":"Feature","geometry":{"type":"Point","coordinates":[75.98824,13.22072]},"properties":{"cell_id":74850,"case_count":1,"gi_zscore":-0.101,"gi_pvalue":0.187,"significance":"not_sig"}},{"type":"Feature","geometry":{"type":"Point","coordinates":[76.35294,13.22072]},"properties":{"cell_id":74881,"case_count":1,"gi_zscore":-0.098,"gi_pvalue":0.352,"significance":"not_sig"}},{"type":"Feature","geometry":{"type":"Point","coordinates":[76.48235,13.22072]},"properties":{"cell_id":74892,"case_count":1,"gi_zscore":-0.0922,"gi_pvalue":0.448,"significance":"not_sig"}},{"type":"Feature","geometry":{"type":"Point","coordinates":[76.63529,13.22072]},"properties":{"cell_id":74905,"case_count":1,"gi_zscore":-0.1039,"gi_pvalue":0.091,"significance":"cold_90"}},{"type":"Feature","geometry":{"type":"Point","coordinates":[77.01176,13.22072]},"properties":{"cell_id":74937,"case_count":1,"gi_zscore":-0.1054,"gi_pvalue":0.033,"significance":"cold_95"}},{"type":"Feature","geometry":{"type":"Point","coordinates":[77.05882,13.22072]},"properties":{"cell_id":74941,"case_count":1,"gi_zscore":-0.1039,"gi_pvalue":0.033,"significance":"cold_95"}},{"type":"Feature","geometry":{"type":"Point","coordinates":[77.07059,13.22072]},"properties":{"cell_id":74942,"case_count":1,"gi_zscore":-0.1025,"gi_pvalue":0.091,"significance":"cold_90"}},{"type":"Feature","geometry":{"type":"Point","coordinates":[77.12941,13.22072]},"properties":{"cell_id":74947,"case_count":2,"gi_zscore":-0.101,"gi_pvalue":0.091,"significance":"cold_90"}},{"type":"Feature","geometry":{"type":"Point","coordinates":[77.2,13.22072]},"properties":{"cell_id":74953,"case_count":1,"gi_zscore":-0.0936,"gi_pvalue":0.496,"significance":"not_sig"}},{"type":"Feature","geometry":{"type":"Point","coordinates":[77.24706,13.22072]},"properties":{"cell_id":74957,"case_count":3,"gi_zscore":-0.0907,"gi_pvalue":0.495,"significance":"not_sig"}},{"type":"Feature","geometry":{"type":"Point","coordinates":[77.34118,13.22072]},"properties":{"cell_id":74965,"case_count":1,"gi_zscore":-0.1025,"gi_pvalue":0.091,"significance":"cold_90"}},{"type":"Feature","geometry":{"type":"Point","coordinates":[77.56471,13.22072]},"properties":{"cell_id":74984,"case_count":2,"gi_zscore":-0.0936,"gi_pvalue":0.441,"significance":"not_sig"}},{"type":"Feature","geometry":{"type":"Point","coordinates":[77.61176,13.22072]},"properties":{"cell_id":74988,"case_count":3,"gi_zscore":-0.101,"gi_pvalue":0.091,"significance":"cold_90"}},{"type":"Feature","geometry":{"type":"Point","coordinates":[77.75294,13.22072]},"properties":{"cell_id":75000,"case_count":1,"gi_zscore":-0.1054,"gi_pvalue":0.032,"significance":"cold_95"}},{"type":"Feature","geometry":{"type":"Point","coordinates":[77.78824,13.22072]},"properties":{"cell_id":75003,"case_count":1,"gi_zscore":-0.048,"gi_pvalue":0.119,"significance":"not_sig"}},{"type":"Feature","geometry":{"type":"Point","coordinates":[77.94118,13.22072]},"properties":{"cell_id":75016,"case_count":1,"gi_zscore":-0.0922,"gi_pvalue":0.448,"significance":"not_sig"}},{"type":"Feature","geometry":{"type":"Point","coordinates":[74.75294,13.22973]},"properties":{"cell_id":75136,"case_count":1,"gi_zscore":-0.0995,"gi_pvalue":0.315,"significance":"not_sig"}},{"type":"Feature","geometry":{"type":"Point","coordinates":[74.76471,13.22973]},"properties":{"cell_id":75137,"case_count":1,"gi_zscore":-0.0995,"gi_pvalue":0.315,"significance":"not_sig"}},{"type":"Feature","geometry":{"type":"Point","coordinates":[76.50588,13.22973]},"properties":{"cell_id":75285,"case_count":1,"gi_zscore":-0.0922,"gi_pvalue":0.448,"significance":"not_sig"}},{"type":"Feature","geometry":{"type":"Point","coordinates":[76.55294,13.22973]},"properties":{"cell_id":75289,"case_count":1,"gi_zscore":-0.1054,"gi_pvalue":0.032,"significance":"cold_95"}},{"type":"Feature","geometry":{"type":"Point","coordinates":[76.68235,13.22973]},"properties":{"cell_id":75300,"case_count":1,"gi_zscore":-0.1039,"gi_pvalue":0.091,"significance":"cold_90"}},{"type":"Feature","geometry":{"type":"Point","coordinates":[77.05882,13.22973]},"properties":{"cell_id":75332,"case_count":1,"gi_zscore":-0.1039,"gi_pvalue":0.032,"significance":"cold_95"}},{"type":"Feature","geometry":{"type":"Point","coordinates":[77.12941,13.22973]},"properties":{"cell_id":75338,"case_count":1,"gi_zscore":-0.101,"gi_pvalue":0.186,"significance":"not_sig"}},{"type":"Feature","geometry":{"type":"Point","coordinates":[77.23529,13.22973]},"properties":{"cell_id":75347,"case_count":1,"gi_zscore":-0.0922,"gi_pvalue":0.448,"significance":"not_sig"}},{"type":"Feature","geometry":{"type":"Point","coordinates":[77.24706,13.22973]},"properties":{"cell_id":75348,"case_count":4,"gi_zscore":-0.0907,"gi_pvalue":0.479,"significance":"not_sig"}},{"type":"Feature","geometry":{"type":"Point","coordinates":[77.27059,13.22973]},"properties":{"cell_id":75350,"case_count":1,"gi_zscore":-0.0907,"gi_pvalue":0.399,"significance":"not_sig"}},{"type":"Feature","geometry":{"type":"Point","coordinates":[77.44706,13.22973]},"properties":{"cell_id":75365,"case_count":1,"gi_zscore":-0.1054,"gi_pvalue":0.033,"significance":"cold_95"}},{"type":"Feature","geometry":{"type":"Point","coordinates":[77.61176,13.22973]},"properties":{"cell_id":75379,"case_count":1,"gi_zscore":-0.101,"gi_pvalue":0.186,"significance":"not_sig"}},{"type":"Feature","geometry":{"type":"Point","coordinates":[77.71765,13.22973]},"properties":{"cell_id":75388,"case_count":1,"gi_zscore":-0.0907,"gi_pvalue":0.405,"significance":"not_sig"}},{"type":"Feature","geometry":{"type":"Point","coordinates":[78.23529,13.22973]},"properties":{"cell_id":75432,"case_count":1,"gi_zscore":-0.1025,"gi_pvalue":0.09,"significance":"cold_90"}},{"type":"Feature","geometry":{"type":"Point","coordinates":[78.32941,13.22973]},"properties":{"cell_id":75440,"case_count":1,"gi_zscore":-0.1054,"gi_pvalue":0.033,"significance":"cold_95"}},{"type":"Feature","geometry":{"type":"Point","coordinates":[75.35294,13.23874]},"properties":{"cell_id":75578,"case_count":1,"gi_zscore":-0.098,"gi_pvalue":0.339,"significance":"not_sig"}},{"type":"Feature","geometry":{"type":"Point","coordinates":[77.23529,13.23874]},"properties":{"cell_id":75738,"case_count":4,"gi_zscore":-0.0907,"gi_pvalue":0.48,"significance":"not_sig"}},{"type":"Feature","geometry":{"type":"Point","coordinates":[77.27059,13.23874]},"properties":{"cell_id":75741,"case_count":2,"gi_zscore":-0.0907,"gi_pvalue":0.448,"significance":"not_sig"}},{"type":"Feature","geometry":{"type":"Point","coordinates":[77.51765,13.23874]},"properties":{"cell_id":75762,"case_count":1,"gi_zscore":-0.0966,"gi_pvalue":0.442,"significance":"not_sig"}},{"type":"Feature","geometry":{"type":"Point","coordinates":[77.70588,13.23874]},"properties":{"cell_id":75778,"case_count":3,"gi_zscore":-0.0907,"gi_pvalue":0.452,"significance":"not_sig"}},{"type":"Feature","geometry":{"type":"Point","coordinates":[77.71765,13.23874]},"properties":{"cell_id":75779,"case_count":1,"gi_zscore":-0.0907,"gi_pvalue":0.405,"significance":"not_sig"}},{"type":"Feature","geometry":{"type":"Point","coordinates":[77.82353,13.23874]},"properties":{"cell_id":75788,"case_count":1,"gi_zscore":-0.098,"gi_pvalue":0.393,"significance":"not_sig"}},{"type":"Feature","geometry":{"type":"Point","coordinates":[77.92941,13.23874]},"properties":{"cell_id":75797,"case_count":1,"gi_zscore":-0.0922,"gi_pvalue":0.449,"significance":"not_sig"}},{"type":"Feature","geometry":{"type":"Point","coordinates":[76.43529,13.24775]},"properties":{"cell_id":76061,"case_count":1,"gi_zscore":-0.0892,"gi_pvalue":0.359,"significance":"not_sig"}},{"type":"Feature","geometry":{"type":"Point","coordinates":[77.14118,13.24775]},"properties":{"cell_id":76121,"case_count":1,"gi_zscore":-0.101,"gi_pvalue":0.185,"significance":"not_sig"}},{"type":"Feature","geometry":{"type":"Point","coordinates":[77.29412,13.24775]},"properties":{"cell_id":76134,"case_count":1,"gi_zscore":-0.0951,"gi_pvalue":0.496,"significance":"not_sig"}},{"type":"Feature","geometry":{"type":"Point","coordinates":[77.30588,13.24775]},"properties":{"cell_id":76135,"case_count":1,"gi_zscore":-0.101,"gi_pvalue":0.185,"significance":"not_sig"}},{"type":"Feature","geometry":{"type":"Point","coordinates":[77.55294,13.24775]},"properties":{"cell_id":76156,"case_count":1,"gi_zscore":-0.0951,"gi_pvalue":0.496,"significance":"not_sig"}},{"type":"Feature","geometry":{"type":"Point","coordinates":[77.6,13.24775]},"properties":{"cell_id":76160,"case_count":1,"gi_zscore":-0.101,"gi_pvalue":0.185,"significance":"not_sig"}},{"type":"Feature","geometry":{"type":"Point","coordinates":[77.71765,13.24775]},"properties":{"cell_id":76170,"case_count":6,"gi_zscore":-0.0907,"gi_pvalue":0.356,"significance":"not_sig"}},{"type":"Feature","geometry":{"type":"Point","coordinates":[77.78824,13.24775]},"properties":{"cell_id":76176,"case_count":1,"gi_zscore":-0.098,"gi_pvalue":0.395,"significance":"not_sig"}},{"type":"Feature","geometry":{"type":"Point","coordinates":[75.74118,13.25676]},"properties":{"cell_id":76393,"case_count":1,"gi_zscore":-0.0863,"gi_pvalue":0.319,"significance":"not_sig"}},{"type":"Feature","geometry":{"type":"Point","coordinates":[76.44706,13.25676]},"properties":{"cell_id":76453,"case_count":1,"gi_zscore":-0.0892,"gi_pvalue":0.36,"significance":"not_sig"}},{"type":"Feature","geometry":{"type":"Point","coordinates":[76.47059,13.25676]},"properties":{"cell_id":76455,"case_count":4,"gi_zscore":-0.0892,"gi_pvalue":0.494,"significance":"not_sig"}},{"type":"Feature","geometry":{"type":"Point","coordinates":[76.48235,13.25676]},"properties":{"cell_id":76456,"case_count":5,"gi_zscore":-0.0892,"gi_pvalue":0.444,"significance":"not_sig"}},{"type":"Feature","geometry":{"type":"Point","coordinates":[76.50588,13.25676]},"properties":{"cell_id":76458,"case_count":1,"gi_zscore":-0.0892,"gi_pvalue":0.362,"significance":"not_sig"}},{"type":"Feature","geometry":{"type":"Point","coordinates":[76.69412,13.25676]},"properties":{"cell_id":76474,"case_count":1,"gi_zscore":-0.1054,"gi_pvalue":0.033,"significance":"cold_95"}},{"type":"Feature","geometry":{"type":"Point","coordinates":[77.10588,13.25676]},"properties":{"cell_id":76509,"case_count":1,"gi_zscore":-0.0995,"gi_pvalue":0.257,"significance":"not_sig"}},{"type":"Feature","geometry":{"type":"Point","coordinates":[77.12941,13.25676]},"properties":{"cell_id":76511,"case_count":1,"gi_zscore":-0.098,"gi_pvalue":0.357,"significance":"not_sig"}},{"type":"Feature","geometry":{"type":"Point","coordinates":[77.2,13.25676]},"properties":{"cell_id":76517,"case_count":1,"gi_zscore":-0.0966,"gi_pvalue":0.405,"significance":"not_sig"}},{"type":"Feature","geometry":{"type":"Point","coordinates":[77.23529,13.25676]},"properties":{"cell_id":76520,"case_count":1,"gi_zscore":-0.0892,"gi_pvalue":0.362,"significance":"not_sig"}},{"type":"Feature","geometry":{"type":"Point","coordinates":[77.32941,13.25676]},"properties":{"cell_id":76528,"case_count":1,"gi_zscore":-0.101,"gi_pvalue":0.185,"significance":"not_sig"}},{"type":"Feature","geometry":{"type":"Point","coordinates":[77.55294,13.25676]},"properties":{"cell_id":76547,"case_count":6,"gi_zscore":-0.0936,"gi_pvalue":0.257,"significance":"not_sig"}},{"type":"Feature","geometry":{"type":"Point","coordinates":[77.56471,13.25676]},"properties":{"cell_id":76548,"case_count":1,"gi_zscore":-0.0951,"gi_pvalue":0.495,"significance":"not_sig"}},{"type":"Feature","geometry":{"type":"Point","coordinates":[77.6,13.25676]},"properties":{"cell_id":76551,"case_count":1,"gi_zscore":-0.101,"gi_pvalue":0.183,"significance":"not_sig"}},{"type":"Feature","geometry":{"type":"Point","coordinates":[77.62353,13.25676]},"properties":{"cell_id":76553,"case_count":1,"gi_zscore":-0.101,"gi_pvalue":0.183,"significance":"not_sig"}},{"type":"Feature","geometry":{"type":"Point","coordinates":[77.63529,13.25676]},"properties":{"cell_id":76554,"case_count":1,"gi_zscore":-0.101,"gi_pvalue":0.183,"significance":"not_sig"}},{"type":"Feature","geometry":{"type":"Point","coordinates":[77.65882,13.25676]},"properties":{"cell_id":76556,"case_count":1,"gi_zscore":-0.101,"gi_pvalue":0.183,"significance":"not_sig"}},{"type":"Feature","geometry":{"type":"Point","coordinates":[77.67059,13.25676]},"properties":{"cell_id":76557,"case_count":1,"gi_zscore":-0.0907,"gi_pvalue":0.402,"significance":"not_sig"}},{"type":"Feature","geometry":{"type":"Point","coordinates":[77.72941,13.25676]},"properties":{"cell_id":76562,"case_count":1,"gi_zscore":-0.0907,"gi_pvalue":0.402,"significance":"not_sig"}},{"type":"Feature","geometry":{"type":"Point","coordinates":[77.88235,13.25676]},"properties":{"cell_id":76575,"case_count":1,"gi_zscore":-0.0922,"gi_pvalue":0.407,"significance":"not_sig"}},{"type":"Feature","geometry":{"type":"Point","coordinates":[78.17647,13.25676]},"properties":{"cell_id":76600,"case_count":1,"gi_zscore":-0.1025,"gi_pvalue":0.089,"significance":"cold_90"}},{"type":"Feature","geometry":{"type":"Point","coordinates":[74.8,13.26577]},"properties":{"cell_id":76704,"case_count":1,"gi_zscore":-0.1025,"gi_pvalue":0.089,"significance":"cold_90"}},{"type":"Feature","geometry":{"type":"Point","coordinates":[76.38824,13.26577]},"properties":{"cell_id":76839,"case_count":1,"gi_zscore":-0.0951,"gi_pvalue":0.444,"significance":"not_sig"}},{"type":"Feature","geometry":{"type":"Point","coordinates":[76.41176,13.26577]},"properties":{"cell_id":76841,"case_count":1,"gi_zscore":-0.0951,"gi_pvalue":0.444,"significance":"not_sig"}},{"type":"Feature","geometry":{"type":"Point","coordinates":[76.45882,13.26577]},"properties":{"cell_id":76845,"case_count":3,"gi_zscore":-0.0892,"gi_pvalue":0.447,"significance":"not_sig"}},{"type":"Feature","geometry":{"type":"Point","coordinates":[76.47059,13.26577]},"properties":{"cell_id":76846,"case_count":3,"gi_zscore":-0.0892,"gi_pvalue":0.447,"significance":"not_sig"}},{"type":"Feature","geometry":{"type":"Point","coordinates":[76.57647,13.26577]},"properties":{"cell_id":76855,"case_count":1,"gi_zscore":-0.1054,"gi_pvalue":0.033,"significance":"cold_95"}},{"type":"Feature","geometry":{"type":"Point","coordinates":[76.65882,13.26577]},"properties":{"cell_id":76862,"case_count":1,"gi_zscore":-0.1054,"gi_pvalue":0.033,"significance":"cold_95"}},{"type":"Feature","geometry":{"type":"Point","coordinates":[77.10588,13.26577]},"properties":{"cell_id":76900,"case_count":2,"gi_zscore":-0.098,"gi_pvalue":0.316,"significance":"not_sig"}},{"type":"Feature","geometry":{"type":"Point","coordinates":[77.2,13.26577]},"properties":{"cell_id":76908,"case_count":1,"gi_zscore":-0.0951,"gi_pvalue":0.495,"significance":"not_sig"}},{"type":"Feature","geometry":{"type":"Point","coordinates":[77.55294,13.26577]},"properties":{"cell_id":76938,"case_count":1,"gi_zscore":-0.0877,"gi_pvalue":0.343,"significance":"not_sig"}},{"type":"Feature","geometry":{"type":"Point","coordinates":[77.69412,13.26577]},"properties":{"cell_id":76950,"case_count":1,"gi_zscore":-0.0907,"gi_pvalue":0.402,"significance":"not_sig"}},{"type":"Feature","geometry":{"type":"Point","coordinates":[77.71765,13.26577]},"properties":{"cell_id":76952,"case_count":4,"gi_zscore":-0.0907,"gi_pvalue":0.48,"significance":"not_sig"}},{"type":"Feature","geometry":{"type":"Point","coordinates":[77.76471,13.26577]},"properties":{"cell_id":76956,"case_count":1,"gi_zscore":-0.0936,"gi_pvalue":0.496,"significance":"not_sig"}},{"type":"Feature","geometry":{"type":"Point","coordinates":[74.75294,13.27477]},"properties":{"cell_id":77091,"case_count":1,"gi_zscore":-0.1039,"gi_pvalue":0.091,"significance":"cold_90"}},{"type":"Feature","geometry":{"type":"Point","coordinates":[74.76471,13.27477]},"properties":{"cell_id":77092,"case_count":2,"gi_zscore":-0.1039,"gi_pvalue":0.034,"significance":"cold_95"}},{"type":"Feature","geometry":{"type":"Point","coordinates":[75.34118,13.27477]},"properties":{"cell_id":77141,"case_count":2,"gi_zscore":-0.0936,"gi_pvalue":0.443,"significance":"not_sig"}},{"type":"Feature","geometry":{"type":"Point","coordinates":[75.8,13.27477]},"properties":{"cell_id":77180,"case_count":1,"gi_zscore":-0.0877,"gi_pvalue":0.344,"significance":"not_sig"}},{"type":"Feature","geometry":{"type":"Point","coordinates":[75.96471,13.27477]},"properties":{"cell_id":77194,"case_count":1,"gi_zscore":-0.101,"gi_pvalue":0.185,"significance":"not_sig"}},{"type":"Feature","geometry":{"type":"Point","coordinates":[76.47059,13.27477]},"properties":{"cell_id":77237,"case_count":1,"gi_zscore":-0.0892,"gi_pvalue":0.362,"significance":"not_sig"}},{"type":"Feature","geometry":{"type":"Point","coordinates":[76.52941,13.27477]},"properties":{"cell_id":77242,"case_count":1,"gi_zscore":-0.0966,"gi_pvalue":0.443,"significance":"not_sig"}},{"type":"Feature","geometry":{"type":"Point","coordinates":[76.95294,13.27477]},"properties":{"cell_id":77278,"case_count":1,"gi_zscore":-0.0922,"gi_pvalue":0.447,"significance":"not_sig"}},{"type":"Feature","geometry":{"type":"Point","coordinates":[77.24706,13.27477]},"properties":{"cell_id":77303,"case_count":3,"gi_zscore":-0.0922,"gi_pvalue":0.496,"significance":"not_sig"}},{"type":"Feature","geometry":{"type":"Point","coordinates":[77.51765,13.27477]},"properties":{"cell_id":77326,"case_count":1,"gi_zscore":-0.0922,"gi_pvalue":0.447,"significance":"not_sig"}},{"type":"Feature","geometry":{"type":"Point","coordinates":[77.55294,13.27477]},"properties":{"cell_id":77329,"case_count":1,"gi_zscore":-0.0789,"gi_pvalue":0.227,"significance":"not_sig"}},{"type":"Feature","geometry":{"type":"Point","coordinates":[77.58824,13.27477]},"properties":{"cell_id":77332,"case_count":1,"gi_zscore":-0.101,"gi_pvalue":0.185,"significance":"not_sig"}},{"type":"Feature","geometry":{"type":"Point","coordinates":[77.84706,13.27477]},"properties":{"cell_id":77354,"case_count":1,"gi_zscore":-0.0966,"gi_pvalue":0.443,"significance":"not_sig"}},{"type":"Feature","geometry":{"type":"Point","coordinates":[74.75294,13.28378]},"properties":{"cell_id":77482,"case_count":1,"gi_zscore":-0.1039,"gi_pvalue":0.091,"significance":"cold_90"}},{"type":"Feature","geometry":{"type":"Point","coordinates":[74.91765,13.28378]},"properties":{"cell_id":77496,"case_count":1,"gi_zscore":-0.1039,"gi_pvalue":0.091,"significance":"cold_90"}},{"type":"Feature","geometry":{"type":"Point","coordinates":[75.75294,13.28378]},"properties":{"cell_id":77567,"case_count":1,"gi_zscore":-0.0863,"gi_pvalue":0.319,"significance":"not_sig"}},{"type":"Feature","geometry":{"type":"Point","coordinates":[76.0,13.28378]},"properties":{"cell_id":77588,"case_count":1,"gi_zscore":-0.098,"gi_pvalue":0.356,"significance":"not_sig"}},{"type":"Feature","geometry":{"type":"Point","coordinates":[76.94118,13.28378]},"properties":{"cell_id":77668,"case_count":1,"gi_zscore":-0.0922,"gi_pvalue":0.447,"significance":"not_sig"}},{"type":"Feature","geometry":{"type":"Point","coordinates":[77.15294,13.28378]},"properties":{"cell_id":77686,"case_count":2,"gi_zscore":-0.0995,"gi_pvalue":0.185,"significance":"not_sig"}},{"type":"Feature","geometry":{"type":"Point","coordinates":[77.42353,13.28378]},"properties":{"cell_id":77709,"case_count":1,"gi_zscore":-0.1039,"gi_pvalue":0.034,"significance":"cold_95"}},{"type":"Feature","geometry":{"type":"Point","coordinates":[77.48235,13.28378]},"properties":{"cell_id":77714,"case_count":1,"gi_zscore":-0.1025,"gi_pvalue":0.091,"significance":"cold_90"}},{"type":"Feature","geometry":{"type":"Point","coordinates":[77.54118,13.28378]},"properties":{"cell_id":77719,"case_count":2,"gi_zscore":-0.0848,"gi_pvalue":0.319,"significance":"not_sig"}},{"type":"Feature","geometry":{"type":"Point","coordinates":[77.55294,13.28378]},"properties":{"cell_id":77720,"case_count":2,"gi_zscore":-0.0789,"gi_pvalue":0.245,"significance":"not_sig"}},{"type":"Feature","geometry":{"type":"Point","coordinates":[77.62353,13.28378]},"properties":{"cell_id":77726,"case_count":2,"gi_zscore":-0.1025,"gi_pvalue":0.034,"significance":"cold_95"}},{"type":"Feature","geometry":{"type":"Point","coordinates":[77.71765,13.28378]},"properties":{"cell_id":77734,"case_count":1,"gi_zscore":-0.0936,"gi_pvalue":0.456,"significance":"not_sig"}},{"type":"Feature","geometry":{"type":"Point","coordinates":[77.82353,13.28378]},"properties":{"cell_id":77743,"case_count":1,"gi_zscore":-0.098,"gi_pvalue":0.395,"significance":"not_sig"}},{"type":"Feature","geometry":{"type":"Point","coordinates":[74.72941,13.29279]},"properties":{"cell_id":77871,"case_count":1,"gi_zscore":-0.1039,"gi_pvalue":0.091,"significance":"cold_90"}},{"type":"Feature","geometry":{"type":"Point","coordinates":[76.57647,13.29279]},"properties":{"cell_id":78028,"case_count":1,"gi_zscore":-0.1054,"gi_pvalue":0.034,"significance":"cold_95"}},{"type":"Feature","geometry":{"type":"Point","coordinates":[76.75294,13.29279]},"properties":{"cell_id":78043,"case_count":1,"gi_zscore":-0.1039,"gi_pvalue":0.034,"significance":"cold_95"}},{"type":"Feature","geometry":{"type":"Point","coordinates":[76.97647,13.29279]},"properties":{"cell_id":78062,"case_count":1,"gi_zscore":-0.0922,"gi_pvalue":0.447,"significance":"not_sig"}},{"type":"Feature","geometry":{"type":"Point","coordinates":[77.09412,13.29279]},"properties":{"cell_id":78072,"case_count":3,"gi_zscore":-0.0804,"gi_pvalue":0.26,"significance":"not_sig"}},{"type":"Feature","geometry":{"type":"Point","coordinates":[77.14118,13.29279]},"properties":{"cell_id":78076,"case_count":1,"gi_zscore":-0.0951,"gi_pvalue":0.444,"significance":"not_sig"}},{"type":"Feature","geometry":{"type":"Point","coordinates":[77.17647,13.29279]},"properties":{"cell_id":78079,"case_count":1,"gi_zscore":-0.0995,"gi_pvalue":0.314,"significance":"not_sig"}},{"type":"Feature","geometry":{"type":"Point","coordinates":[77.45882,13.29279]},"properties":{"cell_id":78103,"case_count":1,"gi_zscore":-0.1025,"gi_pvalue":0.091,"significance":"cold_90"}},{"type":"Feature","geometry":{"type":"Point","coordinates":[77.54118,13.29279]},"properties":{"cell_id":78110,"case_count":6,"gi_zscore":-0.0804,"gi_pvalue":0.319,"significance":"not_sig"}},{"type":"Feature","geometry":{"type":"Point","coordinates":[77.55294,13.29279]},"properties":{"cell_id":78111,"case_count":1,"gi_zscore":-0.0818,"gi_pvalue":0.257,"significance":"not_sig"}},{"type":"Feature","geometry":{"type":"Point","coordinates":[77.75294,13.29279]},"properties":{"cell_id":78128,"case_count":1,"gi_zscore":-0.0922,"gi_pvalue":0.408,"significance":"not_sig"}},{"type":"Feature","geometry":{"type":"Point","coordinates":[77.8,13.29279]},"properties":{"cell_id":78132,"case_count":6,"gi_zscore":-0.098,"gi_pvalue":0.034,"significance":"cold_95"}},{"type":"Feature","geometry":{"type":"Point","coordinates":[74.74118,13.3018]},"properties":{"cell_id":78263,"case_count":1,"gi_zscore":-0.1039,"gi_pvalue":0.091,"significance":"cold_90"}},{"type":"Feature","geometry":{"type":"Point","coordinates":[75.76471,13.3018]},"properties":{"cell_id":78350,"case_count":1,"gi_zscore":-0.0804,"gi_pvalue":0.245,"significance":"not_sig"}},{"type":"Feature","geometry":{"type":"Point","coordinates":[75.8,13.3018]},"properties":{"cell_id":78353,"case_count":1,"gi_zscore":-0.0848,"gi_pvalue":0.285,"significance":"not_sig"}},{"type":"Feature","geometry":{"type":"Point","coordinates":[76.02353,13.3018]},"properties":{"cell_id":78372,"case_count":1,"gi_zscore":-0.098,"gi_pvalue":0.356,"significance":"not_sig"}},{"type":"Feature","geometry":{"type":"Point","coordinates":[76.05882,13.3018]},"properties":{"cell_id":78375,"case_count":3,"gi_zscore":-0.098,"gi_pvalue":0.185,"significance":"not_sig"}},{"type":"Feature","geometry":{"type":"Point","coordinates":[76.45882,13.3018]},"properties":{"cell_id":78409,"case_count":1,"gi_zscore":-0.0877,"gi_pvalue":0.342,"significance":"not_sig"}},{"type":"Feature","geometry":{"type":"Point","coordinates":[77.16471,13.3018]},"properties":{"cell_id":78469,"case_count":2,"gi_zscore":-0.0936,"gi_pvalue":0.447,"significance":"not_sig"}},{"type":"Feature","geometry":{"type":"Point","coordinates":[77.29412,13.3018]},"properties":{"cell_id":78480,"case_count":2,"gi_zscore":-0.0995,"gi_pvalue":0.184,"significance":"not_sig"}},{"type":"Feature","geometry":{"type":"Point","coordinates":[77.51765,13.3018]},"properties":{"cell_id":78499,"case_count":2,"gi_zscore":-0.0907,"gi_pvalue":0.446,"significance":"not_sig"}},{"type":"Feature","geometry":{"type":"Point","coordinates":[77.52941,13.3018]},"properties":{"cell_id":78500,"case_count":2,"gi_zscore":-0.0789,"gi_pvalue":0.233,"significance":"not_sig"}},{"type":"Feature","geometry":{"type":"Point","coordinates":[77.55294,13.3018]},"properties":{"cell_id":78502,"case_count":7,"gi_zscore":-0.0789,"gi_pvalue":0.319,"significance":"not_sig"}},{"type":"Feature","geometry":{"type":"Point","coordinates":[77.68235,13.3018]},"properties":{"cell_id":78513,"case_count":1,"gi_zscore":-0.0995,"gi_pvalue":0.314,"significance":"not_sig"}},{"type":"Feature","geometry":{"type":"Point","coordinates":[77.70588,13.3018]},"properties":{"cell_id":78515,"case_count":1,"gi_zscore":-0.098,"gi_pvalue":0.399,"significance":"not_sig"}},{"type":"Feature","geometry":{"type":"Point","coordinates":[77.78824,13.3018]},"properties":{"cell_id":78522,"case_count":1,"gi_zscore":-0.0966,"gi_pvalue":0.448,"significance":"not_sig"}},{"type":"Feature","geometry":{"type":"Point","coordinates":[77.8,13.3018]},"properties":{"cell_id":78523,"case_count":1,"gi_zscore":-0.0966,"gi_pvalue":0.448,"significance":"not_sig"}},{"type":"Feature","geometry":{"type":"Point","coordinates":[77.90588,13.3018]},"properties":{"cell_id":78532,"case_count":2,"gi_zscore":-0.1025,"gi_pvalue":0.035,"significance":"cold_95"}},{"type":"Feature","geometry":{"type":"Point","coordinates":[77.91765,13.3018]},"properties":{"cell_id":78533,"case_count":1,"gi_zscore":-0.1025,"gi_pvalue":0.092,"significance":"cold_90"}},{"type":"Feature","geometry":{"type":"Point","coordinates":[74.74118,13.31081]},"properties":{"cell_id":78654,"case_count":1,"gi_zscore":-0.0966,"gi_pvalue":0.448,"significance":"not_sig"}},{"type":"Feature","geometry":{"type":"Point","coordinates":[75.68235,13.31081]},"properties":{"cell_id":78734,"case_count":2,"gi_zscore":-0.0951,"gi_pvalue":0.405,"significance":"not_sig"}},{"type":"Feature","geometry":{"type":"Point","coordinates":[75.76471,13.31081]},"properties":{"cell_id":78741,"case_count":3,"gi_zscore":-0.0774,"gi_pvalue":0.232,"significance":"not_sig"}},{"type":"Feature","geometry":{"type":"Point","coordinates":[75.77647,13.31081]},"properties":{"cell_id":78742,"case_count":3,"gi_zscore":-0.0804,"gi_pvalue":0.275,"significance":"not_sig"}},{"type":"Feature","geometry":{"type":"Point","coordinates":[76.25882,13.31081]},"properties":{"cell_id":78783,"case_count":3,"gi_zscore":-0.101,"gi_pvalue":0.092,"significance":"cold_90"}},{"type":"Feature","geometry":{"type":"Point","coordinates":[76.67059,13.31081]},"properties":{"cell_id":78818,"case_count":1,"gi_zscore":-0.1054,"gi_pvalue":0.035,"significance":"cold_95"}},{"type":"Feature","geometry":{"type":"Point","coordinates":[76.94118,13.31081]},"properties":{"cell_id":78841,"case_count":6,"gi_zscore":-0.0922,"gi_pvalue":0.251,"significance":"not_sig"}},{"type":"Feature","geometry":{"type":"Point","coordinates":[76.95294,13.31081]},"properties":{"cell_id":78842,"case_count":4,"gi_zscore":-0.0922,"gi_pvalue":0.43,"significance":"not_sig"}},{"type":"Feature","geometry":{"type":"Point","coordinates":[77.05882,13.31081]},"properties":{"cell_id":78851,"case_count":1,"gi_zscore":-0.0877,"gi_pvalue":0.341,"significance":"not_sig"}},{"type":"Feature","geometry":{"type":"Point","coordinates":[77.09412,13.31081]},"properties":{"cell_id":78854,"case_count":2,"gi_zscore":-0.076,"gi_pvalue":0.217,"significance":"not_sig"}},{"type":"Feature","geometry":{"type":"Point","coordinates":[77.11765,13.31081]},"properties":{"cell_id":78856,"case_count":2,"gi_zscore":-0.0715,"gi_pvalue":0.184,"significance":"not_sig"}},{"type":"Feature","geometry":{"type":"Point","coordinates":[77.12941,13.31081]},"properties":{"cell_id":78857,"case_count":1,"gi_zscore":-0.0774,"gi_pvalue":0.217,"significance":"not_sig"}},{"type":"Feature","geometry":{"type":"Point","coordinates":[77.51765,13.31081]},"properties":{"cell_id":78890,"case_count":1,"gi_zscore":-0.0892,"gi_pvalue":0.363,"significance":"not_sig"}},{"type":"Feature","geometry":{"type":"Point","coordinates":[77.54118,13.31081]},"properties":{"cell_id":78892,"case_count":3,"gi_zscore":-0.0818,"gi_pvalue":0.285,"significance":"not_sig"}},{"type":"Feature","geometry":{"type":"Point","coordinates":[77.58824,13.31081]},"properties":{"cell_id":78896,"case_count":2,"gi_zscore":-0.0892,"gi_pvalue":0.401,"significance":"not_sig"}},{"type":"Feature","geometry":{"type":"Point","coordinates":[77.6,13.31081]},"properties":{"cell_id":78897,"case_count":1,"gi_zscore":-0.0936,"gi_pvalue":0.494,"significance":"not_sig"}},{"type":"Feature","geometry":{"type":"Point","coordinates":[74.75294,13.31982]},"properties":{"cell_id":79046,"case_count":1,"gi_zscore":-0.0936,"gi_pvalue":0.494,"significance":"not_sig"}},{"type":"Feature","geometry":{"type":"Point","coordinates":[74.82353,13.31982]},"properties":{"cell_id":79052,"case_count":1,"gi_zscore":-0.0936,"gi_pvalue":0.452,"significance":"not_sig"}},{"type":"Feature","geometry":{"type":"Point","coordinates":[75.77647,13.31982]},"properties":{"cell_id":79133,"case_count":8,"gi_zscore":-0.0774,"gi_pvalue":0.32,"significance":"not_sig"}},{"type":"Feature","geometry":{"type":"Point","coordinates":[75.8,13.31982]},"properties":{"cell_id":79135,"case_count":1,"gi_zscore":-0.0818,"gi_pvalue":0.25,"significance":"not_sig"}},{"type":"Feature","geometry":{"type":"Point","coordinates":[76.70588,13.31982]},"properties":{"cell_id":79212,"case_count":1,"gi_zscore":-0.1054,"gi_pvalue":0.035,"significance":"cold_95"}},{"type":"Feature","geometry":{"type":"Point","coordinates":[76.85882,13.31982]},"properties":{"cell_id":79225,"case_count":1,"gi_zscore":-0.0922,"gi_pvalue":0.446,"significance":"not_sig"}},{"type":"Feature","geometry":{"type":"Point","coordinates":[77.08235,13.31982]},"properties":{"cell_id":79244,"case_count":2,"gi_zscore":-0.0671,"gi_pvalue":0.156,"significance":"not_sig"}},{"type":"Feature","geometry":{"type":"Point","coordinates":[77.09412,13.31982]},"properties":{"cell_id":79245,"case_count":2,"gi_zscore":-0.0598,"gi_pvalue":0.139,"significance":"not_sig"}},{"type":"Feature","geometry":{"type":"Point","coordinates":[77.10588,13.31982]},"properties":{"cell_id":79246,"case_count":6,"gi_zscore":-0.0598,"gi_pvalue":0.152,"significance":"not_sig"}},{"type":"Feature","geometry":{"type":"Point","coordinates":[77.11765,13.31982]},"properties":{"cell_id":79247,"case_count":3,"gi_zscore":-0.0686,"gi_pvalue":0.179,"significance":"not_sig"}},{"type":"Feature","geometry":{"type":"Point","coordinates":[77.12941,13.31982]},"properties":{"cell_id":79248,"case_count":3,"gi_zscore":-0.0789,"gi_pvalue":0.255,"significance":"not_sig"}},{"type":"Feature","geometry":{"type":"Point","coordinates":[77.14118,13.31982]},"properties":{"cell_id":79249,"case_count":2,"gi_zscore":-0.0818,"gi_pvalue":0.259,"significance":"not_sig"}},{"type":"Feature","geometry":{"type":"Point","coordinates":[77.15294,13.31982]},"properties":{"cell_id":79250,"case_count":2,"gi_zscore":-0.0907,"gi_pvalue":0.448,"significance":"not_sig"}},{"type":"Feature","geometry":{"type":"Point","coordinates":[77.44706,13.31982]},"properties":{"cell_id":79275,"case_count":1,"gi_zscore":-0.1039,"gi_pvalue":0.09,"significance":"cold_90"}},{"type":"Feature","geometry":{"type":"Point","coordinates":[77.52941,13.31982]},"properties":{"cell_id":79282,"case_count":1,"gi_zscore":-0.0892,"gi_pvalue":0.365,"significance":"not_sig"}},{"type":"Feature","geometry":{"type":"Point","coordinates":[77.54118,13.31982]},"properties":{"cell_id":79283,"case_count":3,"gi_zscore":-0.0818,"gi_pvalue":0.286,"significance":"not_sig"}},{"type":"Feature","geometry":{"type":"Point","coordinates":[77.91765,13.31982]},"properties":{"cell_id":79315,"case_count":1,"gi_zscore":-0.0951,"gi_pvalue":0.447,"significance":"not_sig"}},{"type":"Feature","geometry":{"type":"Point","coordinates":[74.71765,13.32883]},"properties":{"cell_id":79434,"case_count":1,"gi_zscore":-0.101,"gi_pvalue":0.188,"significance":"not_sig"}},{"type":"Feature","geometry":{"type":"Point","coordinates":[74.75294,13.32883]},"properties":{"cell_id":79437,"case_count":1,"gi_zscore":-0.0936,"gi_pvalue":0.495,"significance":"not_sig"}},{"type":"Feature","geometry":{"type":"Point","coordinates":[74.78824,13.32883]},"properties":{"cell_id":79440,"case_count":1,"gi_zscore":-0.0848,"gi_pvalue":0.297,"significance":"not_sig"}},{"type":"Feature","geometry":{"type":"Point","coordinates":[75.69412,13.32883]},"properties":{"cell_id":79517,"case_count":1,"gi_zscore":-0.0936,"gi_pvalue":0.495,"significance":"not_sig"}},{"type":"Feature","geometry":{"type":"Point","coordinates":[75.76471,13.32883]},"properties":{"cell_id":79523,"case_count":3,"gi_zscore":-0.076,"gi_pvalue":0.226,"significance":"not_sig"}},{"type":"Feature","geometry":{"type":"Point","coordinates":[75.77647,13.32883]},"properties":{"cell_id":79524,"case_count":5,"gi_zscore":-0.0745,"gi_pvalue":0.23,"significance":"not_sig"}},{"type":"Feature","geometry":{"type":"Point","coordinates":[75.78824,13.32883]},"properties":{"cell_id":79525,"case_count":1,"gi_zscore":-0.076,"gi_pvalue":0.198,"significance":"not_sig"}},{"type":"Feature","geometry":{"type":"Point","coordinates":[75.8,13.32883]},"properties":{"cell_id":79526,"case_count":2,"gi_zscore":-0.0818,"gi_pvalue":0.259,"significance":"not_sig"}},{"type":"Feature","geometry":{"type":"Point","coordinates":[76.24706,13.32883]},"properties":{"cell_id":79564,"case_count":1,"gi_zscore":-0.101,"gi_pvalue":0.189,"significance":"not_sig"}},{"type":"Feature","geometry":{"type":"Point","coordinates":[76.68235,13.32883]},"properties":{"cell_id":79601,"case_count":1,"gi_zscore":-0.1054,"gi_pvalue":0.035,"significance":"cold_95"}},{"type":"Feature","geometry":{"type":"Point","coordinates":[77.01176,13.32883]},"properties":{"cell_id":79629,"case_count":1,"gi_zscore":-0.0951,"gi_pvalue":0.496,"significance":"not_sig"}},{"type":"Feature","geometry":{"type":"Point","coordinates":[77.08235,13.32883]},"properties":{"cell_id":79635,"case_count":3,"gi_zscore":-0.0789,"gi_pvalue":0.255,"significance":"not_sig"}},{"type":"Feature","geometry":{"type":"Point","coordinates":[77.09412,13.32883]},"properties":{"cell_id":79636,"case_count":4,"gi_zscore":-0.0568,"gi_pvalue":0.138,"significance":"not_sig"}},{"type":"Feature","geometry":{"type":"Point","coordinates":[77.10588,13.32883]},"properties":{"cell_id":79637,"case_count":5,"gi_zscore":-0.0495,"gi_pvalue":0.126,"significance":"not_sig"}},{"type":"Feature","geometry":{"type":"Point","coordinates":[77.11765,13.32883]},"properties":{"cell_id":79638,"case_count":7,"gi_zscore":-0.0568,"gi_pvalue":0.143,"significance":"not_sig"}},{"type":"Feature","geometry":{"type":"Point","coordinates":[77.12941,13.32883]},"properties":{"cell_id":79639,"case_count":3,"gi_zscore":-0.0789,"gi_pvalue":0.254,"significance":"not_sig"}},{"type":"Feature","geometry":{"type":"Point","coordinates":[77.52941,13.32883]},"properties":{"cell_id":79673,"case_count":1,"gi_zscore":-0.0877,"gi_pvalue":0.342,"significance":"not_sig"}},{"type":"Feature","geometry":{"type":"Point","coordinates":[77.6,13.32883]},"properties":{"cell_id":79679,"case_count":1,"gi_zscore":-0.0936,"gi_pvalue":0.496,"significance":"not_sig"}},{"type":"Feature","geometry":{"type":"Point","coordinates":[77.67059,13.32883]},"properties":{"cell_id":79685,"case_count":2,"gi_zscore":-0.1025,"gi_pvalue":0.035,"significance":"cold_95"}},{"type":"Feature","geometry":{"type":"Point","coordinates":[77.74118,13.32883]},"properties":{"cell_id":79691,"case_count":2,"gi_zscore":-0.1025,"gi_pvalue":0.035,"significance":"cold_95"}},{"type":"Feature","geometry":{"type":"Point","coordinates":[74.70588,13.33784]},"properties":{"cell_id":79824,"case_count":2,"gi_zscore":-0.1039,"gi_pvalue":0.035,"significance":"cold_95"}},{"type":"Feature","geometry":{"type":"Point","coordinates":[74.72941,13.33784]},"properties":{"cell_id":79826,"case_count":1,"gi_zscore":-0.0922,"gi_pvalue":0.446,"significance":"not_sig"}},{"type":"Feature","geometry":{"type":"Point","coordinates":[74.74118,13.33784]},"properties":{"cell_id":79827,"case_count":1,"gi_zscore":-0.0936,"gi_pvalue":0.496,"significance":"not_sig"}},{"type":"Feature","geometry":{"type":"Point","coordinates":[74.75294,13.33784]},"properties":{"cell_id":79828,"case_count":7,"gi_zscore":-0.0936,"gi_pvalue":0.091,"significance":"cold_90"}},{"type":"Feature","geometry":{"type":"Point","coordinates":[74.78824,13.33784]},"properties":{"cell_id":79831,"case_count":2,"gi_zscore":-0.0848,"gi_pvalue":0.302,"significance":"not_sig"}},{"type":"Feature","geometry":{"type":"Point","coordinates":[75.63529,13.33784]},"properties":{"cell_id":79903,"case_count":3,"gi_zscore":-0.0995,"gi_pvalue":0.091,"significance":"cold_90"}},{"type":"Feature","geometry":{"type":"Point","coordinates":[75.77647,13.33784]},"properties":{"cell_id":79915,"case_count":3,"gi_zscore":-0.0745,"gi_pvalue":0.204,"significance":"not_sig"}},{"type":"Feature","geometry":{"type":"Point","coordinates":[75.8,13.33784]},"properties":{"cell_id":79917,"case_count":3,"gi_zscore":-0.0789,"gi_pvalue":0.249,"significance":"not_sig"}},{"type":"Feature","geometry":{"type":"Point","coordinates":[75.81176,13.33784]},"properties":{"cell_id":79918,"case_count":1,"gi_zscore":-0.0818,"gi_pvalue":0.249,"significance":"not_sig"}},{"type":"Feature","geometry":{"type":"Point","coordinates":[77.01176,13.33784]},"properties":{"cell_id":80020,"case_count":2,"gi_zscore":-0.0936,"gi_pvalue":0.445,"significance":"not_sig"}},{"type":"Feature","geometry":{"type":"Point","coordinates":[77.08235,13.33784]},"properties":{"cell_id":80026,"case_count":4,"gi_zscore":-0.0804,"gi_pvalue":0.284,"significance":"not_sig"}},{"type":"Feature","geometry":{"type":"Point","coordinates":[77.09412,13.33784]},"properties":{"cell_id":80027,"case_count":7,"gi_zscore":-0.0539,"gi_pvalue":0.137,"significance":"not_sig"}},{"type":"Feature","geometry":{"type":"Point","coordinates":[77.10588,13.33784]},"properties":{"cell_id":80028,"case_count":9,"gi_zscore":-0.0465,"gi_pvalue":0.133,"significance":"not_sig"}},{"type":"Feature","geometry":{"type":"Point","coordinates":[77.11765,13.33784]},"properties":{"cell_id":80029,"case_count":4,"gi_zscore":-0.0539,"gi_pvalue":0.133,"significance":"not_sig"}},{"type":"Feature","geometry":{"type":"Point","coordinates":[77.12941,13.33784]},"properties":{"cell_id":80030,"case_count":2,"gi_zscore":-0.0671,"gi_pvalue":0.153,"significance":"not_sig"}},{"type":"Feature","geometry":{"type":"Point","coordinates":[77.2,13.33784]},"properties":{"cell_id":80036,"case_count":1,"gi_zscore":-0.0995,"gi_pvalue":0.307,"significance":"not_sig"}},{"type":"Feature","geometry":{"type":"Point","coordinates":[77.22353,13.33784]},"properties":{"cell_id":80038,"case_count":1,"gi_zscore":-0.0995,"gi_pvalue":0.307,"significance":"not_sig"}},{"type":"Feature","geometry":{"type":"Point","coordinates":[77.52941,13.33784]},"properties":{"cell_id":80064,"case_count":1,"gi_zscore":-0.0877,"gi_pvalue":0.342,"significance":"not_sig"}},{"type":"Feature","geometry":{"type":"Point","coordinates":[78.21176,13.33784]},"properties":{"cell_id":80122,"case_count":1,"gi_zscore":-0.1039,"gi_pvalue":0.035,"significance":"cold_95"}},{"type":"Feature","geometry":{"type":"Point","coordinates":[74.70588,13.34685]},"properties":{"cell_id":80215,"case_count":1,"gi_zscore":-0.098,"gi_pvalue":0.394,"significance":"not_sig"}},{"type":"Feature","geometry":{"type":"Point","coordinates":[74.72941,13.34685]},"properties":{"cell_id":80217,"case_count":1,"gi_zscore":-0.1025,"gi_pvalue":0.093,"significance":"cold_90"}},{"type":"Feature","geometry":{"type":"Point","coordinates":[74.74118,13.34685]},"properties":{"cell_id":80218,"case_count":3,"gi_zscore":-0.0936,"gi_pvalue":0.423,"significance":"not_sig"}},{"type":"Feature","geometry":{"type":"Point","coordinates":[74.75294,13.34685]},"properties":{"cell_id":80219,"case_count":1,"gi_zscore":-0.0936,"gi_pvalue":0.497,"significance":"not_sig"}},{"type":"Feature","geometry":{"type":"Point","coordinates":[74.78824,13.34685]},"properties":{"cell_id":80222,"case_count":5,"gi_zscore":-0.0936,"gi_pvalue":0.306,"significance":"not_sig"}},{"type":"Feature","geometry":{"type":"Point","coordinates":[75.45882,13.34685]},"properties":{"cell_id":80279,"case_count":2,"gi_zscore":-0.0951,"gi_pvalue":0.442,"significance":"not_sig"}},{"type":"Feature","geometry":{"type":"Point","coordinates":[75.47059,13.34685]},"properties":{"cell_id":80280,"case_count":3,"gi_zscore":-0.0951,"gi_pvalue":0.397,"significance":"not_sig"}},{"type":"Feature","geometry":{"type":"Point","coordinates":[75.76471,13.34685]},"properties":{"cell_id":80305,"case_count":2,"gi_zscore":-0.073,"gi_pvalue":0.196,"significance":"not_sig"}},{"type":"Feature","geometry":{"type":"Point","coordinates":[75.87059,13.34685]},"properties":{"cell_id":80314,"case_count":1,"gi_zscore":-0.101,"gi_pvalue":0.184,"significance":"not_sig"}},{"type":"Feature","geometry":{"type":"Point","coordinates":[76.48235,13.34685]},"properties":{"cell_id":80366,"case_count":2,"gi_zscore":-0.0966,"gi_pvalue":0.392,"significance":"not_sig"}},{"type":"Feature","geometry":{"type":"Point","coordinates":[77.04706,13.34685]},"properties":{"cell_id":80414,"case_count":2,"gi_zscore":-0.0966,"gi_pvalue":0.392,"significance":"not_sig"}},{"type":"Feature","geometry":{"type":"Point","coordinates":[77.05882,13.34685]},"properties":{"cell_id":80415,"case_count":1,"gi_zscore":-0.0922,"gi_pvalue":0.405,"significance":"not_sig"}},{"type":"Feature","geometry":{"type":"Point","coordinates":[77.08235,13.34685]},"properties":{"cell_id":80417,"case_count":1,"gi_zscore":-0.0818,"gi_pvalue":0.255,"significance":"not_sig"}},{"type":"Feature","geometry":{"type":"Point","coordinates":[77.09412,13.34685]},"properties":{"cell_id":80418,"case_count":2,"gi_zscore":-0.0612,"gi_pvalue":0.139,"significance":"not_sig"}},{"type":"Feature","geometry":{"type":"Point","coordinates":[77.10588,13.34685]},"properties":{"cell_id":80419,"case_count":9,"gi_zscore":-0.0583,"gi_pvalue":0.17,"significance":"not_sig"}},{"type":"Feature","geometry":{"type":"Point","coordinates":[77.11765,13.34685]},"properties":{"cell_id":80420,"case_count":2,"gi_zscore":-0.0554,"gi_pvalue":0.129,"significance":"not_sig"}},{"type":"Feature","geometry":{"type":"Point","coordinates":[77.17647,13.34685]},"properties":{"cell_id":80425,"case_count":1,"gi_zscore":-0.0966,"gi_pvalue":0.444,"significance":"not_sig"}},{"type":"Feature","geometry":{"type":"Point","coordinates":[77.68235,13.34685]},"properties":{"cell_id":80468,"case_count":1,"gi_zscore":-0.101,"gi_pvalue":0.184,"significance":"not_sig"}},{"type":"Feature","geometry":{"type":"Point","coordinates":[77.72941,13.34685]},"properties":{"cell_id":80472,"case_count":1,"gi_zscore":-0.1025,"gi_pvalue":0.092,"significance":"cold_90"}},{"type":"Feature","geometry":{"type":"Point","coordinates":[77.75294,13.34685]},"properties":{"cell_id":80474,"case_count":1,"gi_zscore":-0.1025,"gi_pvalue":0.092,"significance":"cold_90"}},{"type":"Feature","geometry":{"type":"Point","coordinates":[78.21176,13.34685]},"properties":{"cell_id":80513,"case_count":1,"gi_zscore":-0.1039,"gi_pvalue":0.035,"significance":"cold_95"}},{"type":"Feature","geometry":{"type":"Point","coordinates":[74.72941,13.35586]},"properties":{"cell_id":80608,"case_count":1,"gi_zscore":-0.1025,"gi_pvalue":0.092,"significance":"cold_90"}},{"type":"Feature","geometry":{"type":"Point","coordinates":[74.78824,13.35586]},"properties":{"cell_id":80613,"case_count":2,"gi_zscore":-0.0936,"gi_pvalue":0.496,"significance":"not_sig"}},{"type":"Feature","geometry":{"type":"Point","coordinates":[74.8,13.35586]},"properties":{"cell_id":80614,"case_count":3,"gi_zscore":-0.0936,"gi_pvalue":0.445,"significance":"not_sig"}},{"type":"Feature","geometry":{"type":"Point","coordinates":[75.47059,13.35586]},"properties":{"cell_id":80671,"case_count":2,"gi_zscore":-0.0951,"gi_pvalue":0.445,"significance":"not_sig"}},{"type":"Feature","geometry":{"type":"Point","coordinates":[75.49412,13.35586]},"properties":{"cell_id":80673,"case_count":1,"gi_zscore":-0.0936,"gi_pvalue":0.446,"significance":"not_sig"}},{"type":"Feature","geometry":{"type":"Point","coordinates":[75.67059,13.35586]},"properties":{"cell_id":80688,"case_count":1,"gi_zscore":-0.0936,"gi_pvalue":0.497,"significance":"not_sig"}},{"type":"Feature","geometry":{"type":"Point","coordinates":[76.47059,13.35586]},"properties":{"cell_id":80756,"case_count":1,"gi_zscore":-0.0951,"gi_pvalue":0.497,"significance":"not_sig"}},{"type":"Feature","geometry":{"type":"Point","coordinates":[76.82353,13.35586]},"properties":{"cell_id":80786,"case_count":2,"gi_zscore":-0.0922,"gi_pvalue":0.497,"significance":"not_sig"}},{"type":"Feature","geometry":{"type":"Point","coordinates":[77.07059,13.35586]},"properties":{"cell_id":80807,"case_count":1,"gi_zscore":-0.0936,"gi_pvalue":0.497,"significance":"not_sig"}},{"type":"Feature","geometry":{"type":"Point","coordinates":[77.08235,13.35586]},"properties":{"cell_id":80808,"case_count":2,"gi_zscore":-0.0774,"gi_pvalue":0.225,"significance":"not_sig"}},{"type":"Feature","geometry":{"type":"Point","coordinates":[77.09412,13.35586]},"properties":{"cell_id":80809,"case_count":1,"gi_zscore":-0.0642,"gi_pvalue":0.139,"significance":"not_sig"}},{"type":"Feature","geometry":{"type":"Point","coordinates":[77.27059,13.35586]},"properties":{"cell_id":80824,"case_count":1,"gi_zscore":-0.101,"gi_pvalue":0.242,"significance":"not_sig"}},{"type":"Feature","geometry":{"type":"Point","coordinates":[77.28235,13.35586]},"properties":{"cell_id":80825,"case_count":1,"gi_zscore":-0.101,"gi_pvalue":0.242,"significance":"not_sig"}},{"type":"Feature","geometry":{"type":"Point","coordinates":[77.64706,13.35586]},"properties":{"cell_id":80856,"case_count":1,"gi_zscore":-0.1025,"gi_pvalue":0.093,"significance":"cold_90"}},{"type":"Feature","geometry":{"type":"Point","coordinates":[77.72941,13.35586]},"properties":{"cell_id":80863,"case_count":1,"gi_zscore":-0.1025,"gi_pvalue":0.093,"significance":"cold_90"}},{"type":"Feature","geometry":{"type":"Point","coordinates":[74.70588,13.36486]},"properties":{"cell_id":80997,"case_count":1,"gi_zscore":-0.098,"gi_pvalue":0.392,"significance":"not_sig"}},{"type":"Feature","geometry":{"type":"Point","coordinates":[74.71765,13.36486]},"properties":{"cell_id":80998,"case_count":1,"gi_zscore":-0.0995,"gi_pvalue":0.299,"significance":"not_sig"}},{"type":"Feature","geometry":{"type":"Point","coordinates":[74.74118,13.36486]},"properties":{"cell_id":81000,"case_count":1,"gi_zscore":-0.1025,"gi_pvalue":0.093,"significance":"cold_90"}},{"type":"Feature","geometry":{"type":"Point","coordinates":[74.77647,13.36486]},"properties":{"cell_id":81003,"case_count":1,"gi_zscore":-0.0936,"gi_pvalue":0.452,"significance":"not_sig"}},{"type":"Feature","geometry":{"type":"Point","coordinates":[74.78824,13.36486]},"properties":{"cell_id":81004,"case_count":1,"gi_zscore":-0.0936,"gi_pvalue":0.452,"significance":"not_sig"}},{"type":"Feature","geometry":{"type":"Point","coordinates":[74.8,13.36486]},"properties":{"cell_id":81005,"case_count":1,"gi_zscore":-0.0936,"gi_pvalue":0.452,"significance":"not_sig"}},{"type":"Feature","geometry":{"type":"Point","coordinates":[75.45882,13.36486]},"properties":{"cell_id":81061,"case_count":2,"gi_zscore":-0.0951,"gi_pvalue":0.447,"significance":"not_sig"}},{"type":"Feature","geometry":{"type":"Point","coordinates":[75.52941,13.36486]},"properties":{"cell_id":81067,"case_count":1,"gi_zscore":-0.0951,"gi_pvalue":0.498,"significance":"not_sig"}},{"type":"Feature","geometry":{"type":"Point","coordinates":[77.10588,13.36486]},"properties":{"cell_id":81201,"case_count":2,"gi_zscore":-0.0789,"gi_pvalue":0.229,"significance":"not_sig"}},{"type":"Feature","geometry":{"type":"Point","coordinates":[77.11765,13.36486]},"properties":{"cell_id":81202,"case_count":2,"gi_zscore":-0.0818,"gi_pvalue":0.259,"significance":"not_sig"}},{"type":"Feature","geometry":{"type":"Point","coordinates":[77.14118,13.36486]},"properties":{"cell_id":81204,"case_count":1,"gi_zscore":-0.0892,"gi_pvalue":0.366,"significance":"not_sig"}},{"type":"Feature","geometry":{"type":"Point","coordinates":[77.6,13.36486]},"properties":{"cell_id":81243,"case_count":1,"gi_zscore":-0.101,"gi_pvalue":0.184,"significance":"not_sig"}},{"type":"Feature","geometry":{"type":"Point","coordinates":[74.70588,13.37387]},"properties":{"cell_id":81388,"case_count":5,"gi_zscore":-0.0995,"gi_pvalue":0.036,"significance":"cold_95"}},{"type":"Feature","geometry":{"type":"Point","coordinates":[76.48235,13.37387]},"properties":{"cell_id":81539,"case_count":2,"gi_zscore":-0.098,"gi_pvalue":0.297,"significance":"not_sig"}},{"type":"Feature","geometry":{"type":"Point","coordinates":[77.41176,13.37387]},"properties":{"cell_id":81618,"case_count":1,"gi_zscore":-0.1054,"gi_pvalue":0.036,"significance":"cold_95"}},{"type":"Feature","geometry":{"type":"Point","coordinates":[74.71765,13.38288]},"properties":{"cell_id":81780,"case_count":1,"gi_zscore":-0.0995,"gi_pvalue":0.297,"significance":"not_sig"}},{"type":"Feature","geometry":{"type":"Point","coordinates":[74.72941,13.38288]},"properties":{"cell_id":81781,"case_count":1,"gi_zscore":-0.0995,"gi_pvalue":0.297,"significance":"not_sig"}},{"type":"Feature","geometry":{"type":"Point","coordinates":[75.75294,13.38288]},"properties":{"cell_id":81868,"case_count":1,"gi_zscore":-0.0789,"gi_pvalue":0.219,"significance":"not_sig"}},{"type":"Feature","geometry":{"type":"Point","coordinates":[75.88235,13.38288]},"properties":{"cell_id":81879,"case_count":1,"gi_zscore":-0.101,"gi_pvalue":0.184,"significance":"not_sig"}},{"type":"Feature","geometry":{"type":"Point","coordinates":[76.07059,13.38288]},"properties":{"cell_id":81895,"case_count":3,"gi_zscore":-0.0995,"gi_pvalue":0.172,"significance":"not_sig"}},{"type":"Feature","geometry":{"type":"Point","coordinates":[76.55294,13.38288]},"properties":{"cell_id":81936,"case_count":1,"gi_zscore":-0.1025,"gi_pvalue":0.092,"significance":"cold_90"}},{"type":"Feature","geometry":{"type":"Point","coordinates":[77.10588,13.38288]},"properties":{"cell_id":81983,"case_count":3,"gi_zscore":-0.0892,"gi_pvalue":0.445,"significance":"not_sig"}},{"type":"Feature","geometry":{"type":"Point","coordinates":[77.11765,13.38288]},"properties":{"cell_id":81984,"case_count":4,"gi_zscore":-0.0922,"gi_pvalue":0.422,"significance":"not_sig"}},{"type":"Feature","geometry":{"type":"Point","coordinates":[77.14118,13.38288]},"properties":{"cell_id":81986,"case_count":2,"gi_zscore":-0.0907,"gi_pvalue":0.445,"significance":"not_sig"}},{"type":"Feature","geometry":{"type":"Point","coordinates":[77.50588,13.38288]},"properties":{"cell_id":82017,"case_count":1,"gi_zscore":-0.1054,"gi_pvalue":0.036,"significance":"cold_95"}},{"type":"Feature","geometry":{"type":"Point","coordinates":[77.55294,13.38288]},"properties":{"cell_id":82021,"case_count":1,"gi_zscore":-0.1039,"gi_pvalue":0.036,"significance":"cold_95"}},{"type":"Feature","geometry":{"type":"Point","coordinates":[77.72941,13.38288]},"properties":{"cell_id":82036,"case_count":2,"gi_zscore":-0.1039,"gi_pvalue":0.036,"significance":"cold_95"}},{"type":"Feature","geometry":{"type":"Point","coordinates":[77.85882,13.38288]},"properties":{"cell_id":82047,"case_count":3,"gi_zscore":-0.0892,"gi_pvalue":0.445,"significance":"not_sig"}},{"type":"Feature","geometry":{"type":"Point","coordinates":[77.87059,13.38288]},"properties":{"cell_id":82048,"case_count":2,"gi_zscore":-0.0892,"gi_pvalue":0.397,"significance":"not_sig"}},{"type":"Feature","geometry":{"type":"Point","coordinates":[74.72941,13.39189]},"properties":{"cell_id":82172,"case_count":1,"gi_zscore":-0.0995,"gi_pvalue":0.298,"significance":"not_sig"}},{"type":"Feature","geometry":{"type":"Point","coordinates":[77.11765,13.39189]},"properties":{"cell_id":82375,"case_count":1,"gi_zscore":-0.0907,"gi_pvalue":0.397,"significance":"not_sig"}},{"type":"Feature","geometry":{"type":"Point","coordinates":[77.72941,13.39189]},"properties":{"cell_id":82427,"case_count":1,"gi_zscore":-0.1039,"gi_pvalue":0.092,"significance":"cold_90"}},{"type":"Feature","geometry":{"type":"Point","coordinates":[77.85882,13.39189]},"properties":{"cell_id":82438,"case_count":2,"gi_zscore":-0.0892,"gi_pvalue":0.397,"significance":"not_sig"}},{"type":"Feature","geometry":{"type":"Point","coordinates":[77.87059,13.39189]},"properties":{"cell_id":82439,"case_count":6,"gi_zscore":-0.0892,"gi_pvalue":0.422,"significance":"not_sig"}},{"type":"Feature","geometry":{"type":"Point","coordinates":[78.04706,13.39189]},"properties":{"cell_id":82454,"case_count":1,"gi_zscore":-0.1025,"gi_pvalue":0.092,"significance":"cold_90"}},{"type":"Feature","geometry":{"type":"Point","coordinates":[78.05882,13.39189]},"properties":{"cell_id":82455,"case_count":2,"gi_zscore":-0.1025,"gi_pvalue":0.037,"significance":"cold_95"}},{"type":"Feature","geometry":{"type":"Point","coordinates":[74.70588,13.4009]},"properties":{"cell_id":82561,"case_count":1,"gi_zscore":-0.0995,"gi_pvalue":0.299,"significance":"not_sig"}},{"type":"Feature","geometry":{"type":"Point","coordinates":[75.88235,13.4009]},"properties":{"cell_id":82661,"case_count":1,"gi_zscore":-0.101,"gi_pvalue":0.182,"significance":"not_sig"}},{"type":"Feature","geometry":{"type":"Point","coordinates":[76.94118,13.4009]},"properties":{"cell_id":82751,"case_count":1,"gi_zscore":-0.0922,"gi_pvalue":0.445,"significance":"not_sig"}},{"type":"Feature","geometry":{"type":"Point","coordinates":[77.72941,13.4009]},"properties":{"cell_id":82818,"case_count":1,"gi_zscore":-0.101,"gi_pvalue":0.182,"significance":"not_sig"}},{"type":"Feature","geometry":{"type":"Point","coordinates":[77.74118,13.4009]},"properties":{"cell_id":82819,"case_count":1,"gi_zscore":-0.101,"gi_pvalue":0.182,"significance":"not_sig"}},{"type":"Feature","geometry":{"type":"Point","coordinates":[77.85882,13.4009]},"properties":{"cell_id":82829,"case_count":3,"gi_zscore":-0.0892,"gi_pvalue":0.444,"significance":"not_sig"}},{"type":"Feature","geometry":{"type":"Point","coordinates":[77.87059,13.4009]},"properties":{"cell_id":82830,"case_count":1,"gi_zscore":-0.0892,"gi_pvalue":0.367,"significance":"not_sig"}},{"type":"Feature","geometry":{"type":"Point","coordinates":[77.91765,13.4009]},"properties":{"cell_id":82834,"case_count":1,"gi_zscore":-0.0892,"gi_pvalue":0.367,"significance":"not_sig"}},{"type":"Feature","geometry":{"type":"Point","coordinates":[78.04706,13.4009]},"properties":{"cell_id":82845,"case_count":1,"gi_zscore":-0.1025,"gi_pvalue":0.093,"significance":"cold_90"}},{"type":"Feature","geometry":{"type":"Point","coordinates":[78.05882,13.4009]},"properties":{"cell_id":82846,"case_count":1,"gi_zscore":-0.1025,"gi_pvalue":0.093,"significance":"cold_90"}},{"type":"Feature","geometry":{"type":"Point","coordinates":[74.70588,13.40991]},"properties":{"cell_id":82952,"case_count":1,"gi_zscore":-0.0995,"gi_pvalue":0.318,"significance":"not_sig"}},{"type":"Feature","geometry":{"type":"Point","coordinates":[75.92941,13.40991]},"properties":{"cell_id":83056,"case_count":1,"gi_zscore":-0.1039,"gi_pvalue":0.036,"significance":"cold_95"}},{"type":"Feature","geometry":{"type":"Point","coordinates":[76.16471,13.40991]},"properties":{"cell_id":83076,"case_count":1,"gi_zscore":-0.0966,"gi_pvalue":0.447,"significance":"not_sig"}},{"type":"Feature","geometry":{"type":"Point","coordinates":[76.41176,13.40991]},"properties":{"cell_id":83097,"case_count":2,"gi_zscore":-0.0995,"gi_pvalue":0.183,"significance":"not_sig"}},{"type":"Feature","geometry":{"type":"Point","coordinates":[76.61176,13.40991]},"properties":{"cell_id":83114,"case_count":1,"gi_zscore":-0.1054,"gi_pvalue":0.036,"significance":"cold_95"}},{"type":"Feature","geometry":{"type":"Point","coordinates":[76.62353,13.40991]},"properties":{"cell_id":83115,"case_count":1,"gi_zscore":-0.1054,"gi_pvalue":0.036,"significance":"cold_95"}},{"type":"Feature","geometry":{"type":"Point","coordinates":[77.08235,13.40991]},"properties":{"cell_id":83154,"case_count":3,"gi_zscore":-0.0922,"gi_pvalue":0.477,"significance":"not_sig"}},{"type":"Feature","geometry":{"type":"Point","coordinates":[77.38824,13.40991]},"properties":{"cell_id":83180,"case_count":1,"gi_zscore":-0.1054,"gi_pvalue":0.036,"significance":"cold_95"}},{"type":"Feature","geometry":{"type":"Point","coordinates":[77.51765,13.40991]},"properties":{"cell_id":83191,"case_count":1,"gi_zscore":-0.1039,"gi_pvalue":0.036,"significance":"cold_95"}},{"type":"Feature","geometry":{"type":"Point","coordinates":[77.69412,13.40991]},"properties":{"cell_id":83206,"case_count":1,"gi_zscore":-0.101,"gi_pvalue":0.183,"significance":"not_sig"}},{"type":"Feature","geometry":{"type":"Point","coordinates":[77.71765,13.40991]},"properties":{"cell_id":83208,"case_count":1,"gi_zscore":-0.1025,"gi_pvalue":0.092,"significance":"cold_90"}},{"type":"Feature","geometry":{"type":"Point","coordinates":[77.74118,13.40991]},"properties":{"cell_id":83210,"case_count":1,"gi_zscore":-0.101,"gi_pvalue":0.183,"significance":"not_sig"}},{"type":"Feature","geometry":{"type":"Point","coordinates":[77.87059,13.40991]},"properties":{"cell_id":83221,"case_count":1,"gi_zscore":-0.0922,"gi_pvalue":0.444,"significance":"not_sig"}},{"type":"Feature","geometry":{"type":"Point","coordinates":[78.03529,13.40991]},"properties":{"cell_id":83235,"case_count":2,"gi_zscore":-0.1025,"gi_pvalue":0.036,"significance":"cold_95"}},{"type":"Feature","geometry":{"type":"Point","coordinates":[78.04706,13.40991]},"properties":{"cell_id":83236,"case_count":1,"gi_zscore":-0.1025,"gi_pvalue":0.092,"significance":"cold_90"}},{"type":"Feature","geometry":{"type":"Point","coordinates":[74.8,13.41892]},"properties":{"cell_id":83351,"case_count":1,"gi_zscore":-0.101,"gi_pvalue":0.246,"significance":"not_sig"}},{"type":"Feature","geometry":{"type":"Point","coordinates":[75.18824,13.41892]},"properties":{"cell_id":83384,"case_count":1,"gi_zscore":-0.1054,"gi_pvalue":0.036,"significance":"cold_95"}},{"type":"Feature","geometry":{"type":"Point","coordinates":[75.27059,13.41892]},"properties":{"cell_id":83391,"case_count":1,"gi_zscore":-0.1054,"gi_pvalue":0.036,"significance":"cold_95"}},{"type":"Feature","geometry":{"type":"Point","coordinates":[75.54118,13.41892]},"properties":{"cell_id":83414,"case_count":1,"gi_zscore":-0.0951,"gi_pvalue":0.499,"significance":"not_sig"}},{"type":"Feature","geometry":{"type":"Point","coordinates":[75.90588,13.41892]},"properties":{"cell_id":83445,"case_count":1,"gi_zscore":-0.1039,"gi_pvalue":0.036,"significance":"cold_95"}},{"type":"Feature","geometry":{"type":"Point","coordinates":[76.61176,13.41892]},"properties":{"cell_id":83505,"case_count":1,"gi_zscore":-0.1054,"gi_pvalue":0.036,"significance":"cold_95"}},{"type":"Feature","geometry":{"type":"Point","coordinates":[77.01176,13.41892]},"properties":{"cell_id":83539,"case_count":1,"gi_zscore":-0.0995,"gi_pvalue":0.3,"significance":"not_sig"}},{"type":"Feature","geometry":{"type":"Point","coordinates":[77.54118,13.41892]},"properties":{"cell_id":83584,"case_count":1,"gi_zscore":-0.1039,"gi_pvalue":0.036,"significance":"cold_95"}},{"type":"Feature","geometry":{"type":"Point","coordinates":[77.6,13.41892]},"properties":{"cell_id":83589,"case_count":1,"gi_zscore":-0.1025,"gi_pvalue":0.092,"significance":"cold_90"}},{"type":"Feature","geometry":{"type":"Point","coordinates":[77.85882,13.41892]},"properties":{"cell_id":83611,"case_count":1,"gi_zscore":-0.0907,"gi_pvalue":0.397,"significance":"not_sig"}},{"type":"Feature","geometry":{"type":"Point","coordinates":[74.71765,13.42793]},"properties":{"cell_id":83735,"case_count":1,"gi_zscore":-0.1054,"gi_pvalue":0.036,"significance":"cold_95"}},{"type":"Feature","geometry":{"type":"Point","coordinates":[74.74118,13.42793]},"properties":{"cell_id":83737,"case_count":1,"gi_zscore":-0.1054,"gi_pvalue":0.036,"significance":"cold_95"}},{"type":"Feature","geometry":{"type":"Point","coordinates":[74.88235,13.42793]},"properties":{"cell_id":83749,"case_count":1,"gi_zscore":-0.1025,"gi_pvalue":0.171,"significance":"not_sig"}},{"type":"Feature","geometry":{"type":"Point","coordinates":[75.24706,13.42793]},"properties":{"cell_id":83780,"case_count":1,"gi_zscore":-0.1054,"gi_pvalue":0.036,"significance":"cold_95"}},{"type":"Feature","geometry":{"type":"Point","coordinates":[75.27059,13.42793]},"properties":{"cell_id":83782,"case_count":1,"gi_zscore":-0.1054,"gi_pvalue":0.036,"significance":"cold_95"}},{"type":"Feature","geometry":{"type":"Point","coordinates":[75.74118,13.42793]},"properties":{"cell_id":83822,"case_count":1,"gi_zscore":-0.0892,"gi_pvalue":0.367,"significance":"not_sig"}},{"type":"Feature","geometry":{"type":"Point","coordinates":[76.61176,13.42793]},"properties":{"cell_id":83896,"case_count":1,"gi_zscore":-0.1039,"gi_pvalue":0.092,"significance":"cold_90"}},{"type":"Feature","geometry":{"type":"Point","coordinates":[76.96471,13.42793]},"properties":{"cell_id":83926,"case_count":1,"gi_zscore":-0.1039,"gi_pvalue":0.092,"significance":"cold_90"}},{"type":"Feature","geometry":{"type":"Point","coordinates":[77.28235,13.42793]},"properties":{"cell_id":83953,"case_count":1,"gi_zscore":-0.1054,"gi_pvalue":0.036,"significance":"cold_95"}},{"type":"Feature","geometry":{"type":"Point","coordinates":[77.72941,13.42793]},"properties":{"cell_id":83991,"case_count":1,"gi_zscore":-0.1025,"gi_pvalue":0.092,"significance":"cold_90"}},{"type":"Feature","geometry":{"type":"Point","coordinates":[77.85882,13.42793]},"properties":{"cell_id":84002,"case_count":1,"gi_zscore":-0.0907,"gi_pvalue":0.397,"significance":"not_sig"}},{"type":"Feature","geometry":{"type":"Point","coordinates":[74.74118,13.43694]},"properties":{"cell_id":84128,"case_count":1,"gi_zscore":-0.1054,"gi_pvalue":0.036,"significance":"cold_95"}},{"type":"Feature","geometry":{"type":"Point","coordinates":[75.81176,13.43694]},"properties":{"cell_id":84219,"case_count":1,"gi_zscore":-0.101,"gi_pvalue":0.183,"significance":"not_sig"}},{"type":"Feature","geometry":{"type":"Point","coordinates":[75.91765,13.43694]},"properties":{"cell_id":84228,"case_count":2,"gi_zscore":-0.1039,"gi_pvalue":0.001,"significance":"cold_99"}},{"type":"Feature","geometry":{"type":"Point","coordinates":[76.01176,13.43694]},"properties":{"cell_id":84236,"case_count":1,"gi_zscore":-0.101,"gi_pvalue":0.183,"significance":"not_sig"}},{"type":"Feature","geometry":{"type":"Point","coordinates":[76.04706,13.43694]},"properties":{"cell_id":84239,"case_count":1,"gi_zscore":-0.1025,"gi_pvalue":0.171,"significance":"not_sig"}},{"type":"Feature","geometry":{"type":"Point","coordinates":[76.12941,13.43694]},"properties":{"cell_id":84246,"case_count":1,"gi_zscore":-0.1025,"gi_pvalue":0.171,"significance":"not_sig"}},{"type":"Feature","geometry":{"type":"Point","coordinates":[77.05882,13.43694]},"properties":{"cell_id":84325,"case_count":1,"gi_zscore":-0.0995,"gi_pvalue":0.3,"significance":"not_sig"}},{"type":"Feature","geometry":{"type":"Point","coordinates":[77.11765,13.43694]},"properties":{"cell_id":84330,"case_count":1,"gi_zscore":-0.0951,"gi_pvalue":0.477,"significance":"not_sig"}},{"type":"Feature","geometry":{"type":"Point","coordinates":[77.14118,13.43694]},"properties":{"cell_id":84332,"case_count":1,"gi_zscore":-0.0966,"gi_pvalue":0.449,"significance":"not_sig"}},{"type":"Feature","geometry":{"type":"Point","coordinates":[77.16471,13.43694]},"properties":{"cell_id":84334,"case_count":1,"gi_zscore":-0.0995,"gi_pvalue":0.3,"significance":"not_sig"}},{"type":"Feature","geometry":{"type":"Point","coordinates":[77.48235,13.43694]},"properties":{"cell_id":84361,"case_count":1,"gi_zscore":-0.1039,"gi_pvalue":0.035,"significance":"cold_95"}},{"type":"Feature","geometry":{"type":"Point","coordinates":[77.49412,13.43694]},"properties":{"cell_id":84362,"case_count":1,"gi_zscore":-0.1039,"gi_pvalue":0.035,"significance":"cold_95"}},{"type":"Feature","geometry":{"type":"Point","coordinates":[77.57647,13.43694]},"properties":{"cell_id":84369,"case_count":2,"gi_zscore":-0.1025,"gi_pvalue":0.035,"significance":"cold_95"}},{"type":"Feature","geometry":{"type":"Point","coordinates":[77.71765,13.43694]},"properties":{"cell_id":84381,"case_count":1,"gi_zscore":-0.1025,"gi_pvalue":0.093,"significance":"cold_90"}},{"type":"Feature","geometry":{"type":"Point","coordinates":[77.72941,13.43694]},"properties":{"cell_id":84382,"case_count":3,"gi_zscore":-0.1025,"gi_pvalue":0.035,"significance":"cold_95"}},{"type":"Feature","geometry":{"type":"Point","coordinates":[77.85882,13.43694]},"properties":{"cell_id":84393,"case_count":1,"gi_zscore":-0.0907,"gi_pvalue":0.397,"significance":"not_sig"}},{"type":"Feature","geometry":{"type":"Point","coordinates":[78.12941,13.43694]},"properties":{"cell_id":84416,"case_count":1,"gi_zscore":-0.1025,"gi_pvalue":0.093,"significance":"cold_90"}},{"type":"Feature","geometry":{"type":"Point","coordinates":[74.70588,13.44595]},"properties":{"cell_id":84516,"case_count":1,"gi_zscore":-0.1039,"gi_pvalue":0.035,"significance":"cold_95"}},{"type":"Feature","geometry":{"type":"Point","coordinates":[76.0,13.44595]},"properties":{"cell_id":84626,"case_count":1,"gi_zscore":-0.101,"gi_pvalue":0.183,"significance":"not_sig"}},{"type":"Feature","geometry":{"type":"Point","coordinates":[77.23529,13.44595]},"properties":{"cell_id":84731,"case_count":1,"gi_zscore":-0.1025,"gi_pvalue":0.093,"significance":"cold_90"}},{"type":"Feature","geometry":{"type":"Point","coordinates":[77.71765,13.44595]},"properties":{"cell_id":84772,"case_count":1,"gi_zscore":-0.1025,"gi_pvalue":0.093,"significance":"cold_90"}},{"type":"Feature","geometry":{"type":"Point","coordinates":[74.83529,13.45495]},"properties":{"cell_id":84918,"case_count":1,"gi_zscore":-0.1054,"gi_pvalue":0.035,"significance":"cold_95"}},{"type":"Feature","geometry":{"type":"Point","coordinates":[77.04706,13.45495]},"properties":{"cell_id":85106,"case_count":1,"gi_zscore":-0.1025,"gi_pvalue":0.171,"significance":"not_sig"}},{"type":"Feature","geometry":{"type":"Point","coordinates":[77.08235,13.46396]},"properties":{"cell_id":85500,"case_count":1,"gi_zscore":-0.1025,"gi_pvalue":0.171,"significance":"not_sig"}},{"type":"Feature","geometry":{"type":"Point","coordinates":[77.28235,13.46396]},"properties":{"cell_id":85517,"case_count":1,"gi_zscore":-0.1025,"gi_pvalue":0.093,"significance":"cold_90"}},{"type":"Feature","geometry":{"type":"Point","coordinates":[77.42353,13.46396]},"properties":{"cell_id":85529,"case_count":1,"gi_zscore":-0.1054,"gi_pvalue":0.035,"significance":"cold_95"}},{"type":"Feature","geometry":{"type":"Point","coordinates":[74.72941,13.47297]},"properties":{"cell_id":85691,"case_count":1,"gi_zscore":-0.1025,"gi_pvalue":0.093,"significance":"cold_90"}},{"type":"Feature","geometry":{"type":"Point","coordinates":[74.76471,13.47297]},"properties":{"cell_id":85694,"case_count":1,"gi_zscore":-0.1039,"gi_pvalue":0.035,"significance":"cold_95"}},{"type":"Feature","geometry":{"type":"Point","coordinates":[77.28235,13.47297]},"properties":{"cell_id":85908,"case_count":1,"gi_zscore":-0.1025,"gi_pvalue":0.093,"significance":"cold_90"}},{"type":"Feature","geometry":{"type":"Point","coordinates":[74.89412,13.48198]},"properties":{"cell_id":86096,"case_count":1,"gi_zscore":-0.1054,"gi_pvalue":0.035,"significance":"cold_95"}},{"type":"Feature","geometry":{"type":"Point","coordinates":[77.24706,13.48198]},"properties":{"cell_id":86296,"case_count":1,"gi_zscore":-0.1025,"gi_pvalue":0.093,"significance":"cold_90"}},{"type":"Feature","geometry":{"type":"Point","coordinates":[74.81176,13.49099]},"properties":{"cell_id":86480,"case_count":1,"gi_zscore":-0.1039,"gi_pvalue":0.035,"significance":"cold_95"}},{"type":"Feature","geometry":{"type":"Point","coordinates":[76.08235,13.49099]},"properties":{"cell_id":86588,"case_count":1,"gi_zscore":-0.1025,"gi_pvalue":0.093,"significance":"cold_90"}},{"type":"Feature","geometry":{"type":"Point","coordinates":[77.10588,13.49099]},"properties":{"cell_id":86675,"case_count":1,"gi_zscore":-0.1025,"gi_pvalue":0.171,"significance":"not_sig"}},{"type":"Feature","geometry":{"type":"Point","coordinates":[74.70588,13.5]},"properties":{"cell_id":86862,"case_count":2,"gi_zscore":-0.1025,"gi_pvalue":0.035,"significance":"cold_95"}},{"type":"Feature","geometry":{"type":"Point","coordinates":[74.74118,13.5]},"properties":{"cell_id":86865,"case_count":2,"gi_zscore":-0.1025,"gi_pvalue":0.035,"significance":"cold_95"}},{"type":"Feature","geometry":{"type":"Point","coordinates":[74.76471,13.5]},"properties":{"cell_id":86867,"case_count":1,"gi_zscore":-0.1025,"gi_pvalue":0.093,"significance":"cold_90"}},{"type":"Feature","geometry":{"type":"Point","coordinates":[76.44706,13.5]},"properties":{"cell_id":87010,"case_count":2,"gi_zscore":-0.101,"gi_pvalue":0.093,"significance":"cold_90"}},{"type":"Feature","geometry":{"type":"Point","coordinates":[77.05882,13.5]},"properties":{"cell_id":87062,"case_count":1,"gi_zscore":-0.1025,"gi_pvalue":0.17,"significance":"not_sig"}},{"type":"Feature","geometry":{"type":"Point","coordinates":[77.6,13.5]},"properties":{"cell_id":87108,"case_count":2,"gi_zscore":-0.1025,"gi_pvalue":0.035,"significance":"cold_95"}},{"type":"Feature","geometry":{"type":"Point","coordinates":[74.70588,13.50901]},"properties":{"cell_id":87253,"case_count":1,"gi_zscore":-0.1025,"gi_pvalue":0.093,"significance":"cold_90"}},{"type":"Feature","geometry":{"type":"Point","coordinates":[74.88235,13.50901]},"properties":{"cell_id":87268,"case_count":1,"gi_zscore":-0.1054,"gi_pvalue":0.035,"significance":"cold_95"}},{"type":"Feature","geometry":{"type":"Point","coordinates":[76.04706,13.50901]},"properties":{"cell_id":87367,"case_count":1,"gi_zscore":-0.101,"gi_pvalue":0.182,"significance":"not_sig"}},{"type":"Feature","geometry":{"type":"Point","coordinates":[76.08235,13.50901]},"properties":{"cell_id":87370,"case_count":1,"gi_zscore":-0.101,"gi_pvalue":0.182,"significance":"not_sig"}},{"type":"Feature","geometry":{"type":"Point","coordinates":[77.22353,13.50901]},"properties":{"cell_id":87467,"case_count":1,"gi_zscore":-0.1025,"gi_pvalue":0.093,"significance":"cold_90"}},{"type":"Feature","geometry":{"type":"Point","coordinates":[76.96471,13.51802]},"properties":{"cell_id":87836,"case_count":1,"gi_zscore":-0.1054,"gi_pvalue":0.035,"significance":"cold_95"}},{"type":"Feature","geometry":{"type":"Point","coordinates":[77.23529,13.51802]},"properties":{"cell_id":87859,"case_count":3,"gi_zscore":-0.1025,"gi_pvalue":0.035,"significance":"cold_95"}},{"type":"Feature","geometry":{"type":"Point","coordinates":[77.30588,13.51802]},"properties":{"cell_id":87865,"case_count":1,"gi_zscore":-0.1025,"gi_pvalue":0.093,"significance":"cold_90"}},{"type":"Feature","geometry":{"type":"Point","coordinates":[74.68235,13.52703]},"properties":{"cell_id":88033,"case_count":1,"gi_zscore":-0.1025,"gi_pvalue":0.17,"significance":"not_sig"}},{"type":"Feature","geometry":{"type":"Point","coordinates":[76.35294,13.52703]},"properties":{"cell_id":88175,"case_count":1,"gi_zscore":-0.101,"gi_pvalue":0.182,"significance":"not_sig"}},{"type":"Feature","geometry":{"type":"Point","coordinates":[76.44706,13.52703]},"properties":{"cell_id":88183,"case_count":1,"gi_zscore":-0.1025,"gi_pvalue":0.093,"significance":"cold_90"}},{"type":"Feature","geometry":{"type":"Point","coordinates":[77.0,13.52703]},"properties":{"cell_id":88230,"case_count":1,"gi_zscore":-0.1054,"gi_pvalue":0.035,"significance":"cold_95"}},{"type":"Feature","geometry":{"type":"Point","coordinates":[77.24706,13.52703]},"properties":{"cell_id":88251,"case_count":1,"gi_zscore":-0.1025,"gi_pvalue":0.093,"significance":"cold_90"}},{"type":"Feature","geometry":{"type":"Point","coordinates":[75.35294,13.53604]},"properties":{"cell_id":88481,"case_count":1,"gi_zscore":-0.1054,"gi_pvalue":0.035,"significance":"cold_95"}},{"type":"Feature","geometry":{"type":"Point","coordinates":[76.02353,13.53604]},"properties":{"cell_id":88538,"case_count":1,"gi_zscore":-0.0995,"gi_pvalue":0.247,"significance":"not_sig"}},{"type":"Feature","geometry":{"type":"Point","coordinates":[76.47059,13.53604]},"properties":{"cell_id":88576,"case_count":1,"gi_zscore":-0.1025,"gi_pvalue":0.093,"significance":"cold_90"}},{"type":"Feature","geometry":{"type":"Point","coordinates":[77.27059,13.53604]},"properties":{"cell_id":88644,"case_count":1,"gi_zscore":-0.1025,"gi_pvalue":0.17,"significance":"not_sig"}},{"type":"Feature","geometry":{"type":"Point","coordinates":[78.05882,13.53604]},"properties":{"cell_id":88711,"case_count":1,"gi_zscore":-0.1025,"gi_pvalue":0.093,"significance":"cold_90"}},{"type":"Feature","geometry":{"type":"Point","coordinates":[74.78824,13.54505]},"properties":{"cell_id":88824,"case_count":1,"gi_zscore":-0.1039,"gi_pvalue":0.093,"significance":"cold_90"}},{"type":"Feature","geometry":{"type":"Point","coordinates":[75.35294,13.54505]},"properties":{"cell_id":88872,"case_count":1,"gi_zscore":-0.1054,"gi_pvalue":0.035,"significance":"cold_95"}},{"type":"Feature","geometry":{"type":"Point","coordinates":[76.0,13.54505]},"properties":{"cell_id":88927,"case_count":1,"gi_zscore":-0.098,"gi_pvalue":0.394,"significance":"not_sig"}},{"type":"Feature","geometry":{"type":"Point","coordinates":[76.01176,13.54505]},"properties":{"cell_id":88928,"case_count":3,"gi_zscore":-0.098,"gi_pvalue":0.247,"significance":"not_sig"}},{"type":"Feature","geometry":{"type":"Point","coordinates":[77.23529,13.54505]},"properties":{"cell_id":89032,"case_count":1,"gi_zscore":-0.1025,"gi_pvalue":0.17,"significance":"not_sig"}},{"type":"Feature","geometry":{"type":"Point","coordinates":[77.56471,13.54505]},"properties":{"cell_id":89060,"case_count":1,"gi_zscore":-0.098,"gi_pvalue":0.394,"significance":"not_sig"}},{"type":"Feature","geometry":{"type":"Point","coordinates":[78.05882,13.54505]},"properties":{"cell_id":89102,"case_count":1,"gi_zscore":-0.1025,"gi_pvalue":0.093,"significance":"cold_90"}},{"type":"Feature","geometry":{"type":"Point","coordinates":[74.83529,13.55405]},"properties":{"cell_id":89219,"case_count":1,"gi_zscore":-0.1054,"gi_pvalue":0.035,"significance":"cold_95"}},{"type":"Feature","geometry":{"type":"Point","coordinates":[75.24706,13.55405]},"properties":{"cell_id":89254,"case_count":1,"gi_zscore":-0.1054,"gi_pvalue":0.035,"significance":"cold_95"}},{"type":"Feature","geometry":{"type":"Point","coordinates":[75.32941,13.55405]},"properties":{"cell_id":89261,"case_count":1,"gi_zscore":-0.1054,"gi_pvalue":0.035,"significance":"cold_95"}},{"type":"Feature","geometry":{"type":"Point","coordinates":[75.42353,13.55405]},"properties":{"cell_id":89269,"case_count":1,"gi_zscore":-0.1039,"gi_pvalue":0.035,"significance":"cold_95"}},{"type":"Feature","geometry":{"type":"Point","coordinates":[75.82353,13.55405]},"properties":{"cell_id":89303,"case_count":1,"gi_zscore":-0.1025,"gi_pvalue":0.093,"significance":"cold_90"}},{"type":"Feature","geometry":{"type":"Point","coordinates":[76.01176,13.55405]},"properties":{"cell_id":89319,"case_count":2,"gi_zscore":-0.098,"gi_pvalue":0.302,"significance":"not_sig"}},{"type":"Feature","geometry":{"type":"Point","coordinates":[76.02353,13.55405]},"properties":{"cell_id":89320,"case_count":1,"gi_zscore":-0.098,"gi_pvalue":0.393,"significance":"not_sig"}},{"type":"Feature","geometry":{"type":"Point","coordinates":[76.03529,13.55405]},"properties":{"cell_id":89321,"case_count":1,"gi_zscore":-0.0995,"gi_pvalue":0.247,"significance":"not_sig"}},{"type":"Feature","geometry":{"type":"Point","coordinates":[76.42353,13.55405]},"properties":{"cell_id":89354,"case_count":1,"gi_zscore":-0.1025,"gi_pvalue":0.093,"significance":"cold_90"}},{"type":"Feature","geometry":{"type":"Point","coordinates":[76.47059,13.55405]},"properties":{"cell_id":89358,"case_count":1,"gi_zscore":-0.1025,"gi_pvalue":0.093,"significance":"cold_90"}},{"type":"Feature","geometry":{"type":"Point","coordinates":[77.30588,13.55405]},"properties":{"cell_id":89429,"case_count":1,"gi_zscore":-0.1025,"gi_pvalue":0.17,"significance":"not_sig"}},{"type":"Feature","geometry":{"type":"Point","coordinates":[77.90588,13.55405]},"properties":{"cell_id":89480,"case_count":1,"gi_zscore":-0.1054,"gi_pvalue":0.035,"significance":"cold_95"}},{"type":"Feature","geometry":{"type":"Point","coordinates":[78.16471,13.55405]},"properties":{"cell_id":89502,"case_count":1,"gi_zscore":-0.1039,"gi_pvalue":0.093,"significance":"cold_90"}},{"type":"Feature","geometry":{"type":"Point","coordinates":[74.68235,13.56306]},"properties":{"cell_id":89597,"case_count":1,"gi_zscore":-0.1039,"gi_pvalue":0.035,"significance":"cold_95"}},{"type":"Feature","geometry":{"type":"Point","coordinates":[75.32941,13.56306]},"properties":{"cell_id":89652,"case_count":1,"gi_zscore":-0.1054,"gi_pvalue":0.035,"significance":"cold_95"}},{"type":"Feature","geometry":{"type":"Point","coordinates":[76.48235,13.56306]},"properties":{"cell_id":89750,"case_count":2,"gi_zscore":-0.1025,"gi_pvalue":0.035,"significance":"cold_95"}},{"type":"Feature","geometry":{"type":"Point","coordinates":[77.05882,13.56306]},"properties":{"cell_id":89799,"case_count":1,"gi_zscore":-0.1054,"gi_pvalue":0.035,"significance":"cold_95"}},{"type":"Feature","geometry":{"type":"Point","coordinates":[77.30588,13.56306]},"properties":{"cell_id":89820,"case_count":1,"gi_zscore":-0.1025,"gi_pvalue":0.17,"significance":"not_sig"}},{"type":"Feature","geometry":{"type":"Point","coordinates":[77.56471,13.56306]},"properties":{"cell_id":89842,"case_count":1,"gi_zscore":-0.098,"gi_pvalue":0.392,"significance":"not_sig"}},{"type":"Feature","geometry":{"type":"Point","coordinates":[77.81176,13.56306]},"properties":{"cell_id":89863,"case_count":1,"gi_zscore":-0.1054,"gi_pvalue":0.035,"significance":"cold_95"}},{"type":"Feature","geometry":{"type":"Point","coordinates":[74.69412,13.57207]},"properties":{"cell_id":89989,"case_count":1,"gi_zscore":-0.1025,"gi_pvalue":0.093,"significance":"cold_90"}},{"type":"Feature","geometry":{"type":"Point","coordinates":[74.71765,13.57207]},"properties":{"cell_id":89991,"case_count":1,"gi_zscore":-0.1025,"gi_pvalue":0.093,"significance":"cold_90"}},{"type":"Feature","geometry":{"type":"Point","coordinates":[74.75294,13.57207]},"properties":{"cell_id":89994,"case_count":1,"gi_zscore":-0.1039,"gi_pvalue":0.035,"significance":"cold_95"}},{"type":"Feature","geometry":{"type":"Point","coordinates":[75.78824,13.57207]},"properties":{"cell_id":90082,"case_count":2,"gi_zscore":-0.1025,"gi_pvalue":0.035,"significance":"cold_95"}},{"type":"Feature","geometry":{"type":"Point","coordinates":[75.89412,13.57207]},"properties":{"cell_id":90091,"case_count":1,"gi_zscore":-0.101,"gi_pvalue":0.17,"significance":"not_sig"}},{"type":"Feature","geometry":{"type":"Point","coordinates":[76.36471,13.57207]},"properties":{"cell_id":90131,"case_count":1,"gi_zscore":-0.1025,"gi_pvalue":0.093,"significance":"cold_90"}},{"type":"Feature","geometry":{"type":"Point","coordinates":[76.61176,13.57207]},"properties":{"cell_id":90152,"case_count":1,"gi_zscore":-0.0995,"gi_pvalue":0.302,"significance":"not_sig"}},{"type":"Feature","geometry":{"type":"Point","coordinates":[75.77647,13.58108]},"properties":{"cell_id":90472,"case_count":1,"gi_zscore":-0.1025,"gi_pvalue":0.093,"significance":"cold_90"}},{"type":"Feature","geometry":{"type":"Point","coordinates":[76.54118,13.58108]},"properties":{"cell_id":90537,"case_count":2,"gi_zscore":-0.101,"gi_pvalue":0.093,"significance":"cold_90"}},{"type":"Feature","geometry":{"type":"Point","coordinates":[76.55294,13.58108]},"properties":{"cell_id":90538,"case_count":1,"gi_zscore":-0.101,"gi_pvalue":0.18,"significance":"not_sig"}},{"type":"Feature","geometry":{"type":"Point","coordinates":[76.65882,13.58108]},"properties":{"cell_id":90547,"case_count":2,"gi_zscore":-0.101,"gi_pvalue":0.093,"significance":"cold_90"}},{"type":"Feature","geometry":{"type":"Point","coordinates":[74.74118,13.59009]},"properties":{"cell_id":90775,"case_count":1,"gi_zscore":-0.1025,"gi_pvalue":0.092,"significance":"cold_90"}},{"type":"Feature","geometry":{"type":"Point","coordinates":[75.83529,13.59009]},"properties":{"cell_id":90868,"case_count":1,"gi_zscore":-0.1025,"gi_pvalue":0.092,"significance":"cold_90"}},{"type":"Feature","geometry":{"type":"Point","coordinates":[75.96471,13.59009]},"properties":{"cell_id":90879,"case_count":1,"gi_zscore":-0.098,"gi_pvalue":0.392,"significance":"not_sig"}},{"type":"Feature","geometry":{"type":"Point","coordinates":[75.97647,13.59009]},"properties":{"cell_id":90880,"case_count":2,"gi_zscore":-0.098,"gi_pvalue":0.302,"significance":"not_sig"}},{"type":"Feature","geometry":{"type":"Point","coordinates":[77.78824,13.59009]},"properties":{"cell_id":91034,"case_count":1,"gi_zscore":-0.1039,"gi_pvalue":0.034,"significance":"cold_95"}},{"type":"Feature","geometry":{"type":"Point","coordinates":[75.81176,13.5991]},"properties":{"cell_id":91257,"case_count":1,"gi_zscore":-0.1025,"gi_pvalue":0.092,"significance":"cold_90"}},{"type":"Feature","geometry":{"type":"Point","coordinates":[75.83529,13.5991]},"properties":{"cell_id":91259,"case_count":2,"gi_zscore":-0.1025,"gi_pvalue":0.034,"significance":"cold_95"}},{"type":"Feature","geometry":{"type":"Point","coordinates":[75.97647,13.5991]},"properties":{"cell_id":91271,"case_count":2,"gi_zscore":-0.098,"gi_pvalue":0.302,"significance":"not_sig"}},{"type":"Feature","geometry":{"type":"Point","coordinates":[76.47059,13.5991]},"properties":{"cell_id":91313,"case_count":1,"gi_zscore":-0.1025,"gi_pvalue":0.092,"significance":"cold_90"}},{"type":"Feature","geometry":{"type":"Point","coordinates":[76.48235,13.5991]},"properties":{"cell_id":91314,"case_count":1,"gi_zscore":-0.1025,"gi_pvalue":0.092,"significance":"cold_90"}},{"type":"Feature","geometry":{"type":"Point","coordinates":[77.43529,13.5991]},"properties":{"cell_id":91395,"case_count":1,"gi_zscore":-0.0995,"gi_pvalue":0.302,"significance":"not_sig"}},{"type":"Feature","geometry":{"type":"Point","coordinates":[77.50588,13.5991]},"properties":{"cell_id":91401,"case_count":3,"gi_zscore":-0.0995,"gi_pvalue":0.092,"significance":"cold_90"}},{"type":"Feature","geometry":{"type":"Point","coordinates":[77.72941,13.5991]},"properties":{"cell_id":91420,"case_count":1,"gi_zscore":-0.1039,"gi_pvalue":0.034,"significance":"cold_95"}},{"type":"Feature","geometry":{"type":"Point","coordinates":[74.68235,13.60811]},"properties":{"cell_id":91552,"case_count":1,"gi_zscore":-0.101,"gi_pvalue":0.18,"significance":"not_sig"}},{"type":"Feature","geometry":{"type":"Point","coordinates":[74.69412,13.60811]},"properties":{"cell_id":91553,"case_count":2,"gi_zscore":-0.101,"gi_pvalue":0.092,"significance":"cold_90"}},{"type":"Feature","geometry":{"type":"Point","coordinates":[74.94118,13.60811]},"properties":{"cell_id":91574,"case_count":1,"gi_zscore":-0.1054,"gi_pvalue":0.034,"significance":"cold_95"}},{"type":"Feature","geometry":{"type":"Point","coordinates":[75.50588,13.60811]},"properties":{"cell_id":91622,"case_count":2,"gi_zscore":-0.1039,"gi_pvalue":0.035,"significance":"cold_95"}},{"type":"Feature","geometry":{"type":"Point","coordinates":[76.50588,13.60811]},"properties":{"cell_id":91707,"case_count":1,"gi_zscore":-0.101,"gi_pvalue":0.179,"significance":"not_sig"}},{"type":"Feature","geometry":{"type":"Point","coordinates":[76.52941,13.60811]},"properties":{"cell_id":91709,"case_count":1,"gi_zscore":-0.101,"gi_pvalue":0.179,"significance":"not_sig"}},{"type":"Feature","geometry":{"type":"Point","coordinates":[76.56471,13.60811]},"properties":{"cell_id":91712,"case_count":2,"gi_zscore":-0.101,"gi_pvalue":0.092,"significance":"cold_90"}},{"type":"Feature","geometry":{"type":"Point","coordinates":[77.50588,13.60811]},"properties":{"cell_id":91792,"case_count":1,"gi_zscore":-0.0995,"gi_pvalue":0.249,"significance":"not_sig"}},{"type":"Feature","geometry":{"type":"Point","coordinates":[77.51765,13.60811]},"properties":{"cell_id":91793,"case_count":2,"gi_zscore":-0.0995,"gi_pvalue":0.166,"significance":"not_sig"}},{"type":"Feature","geometry":{"type":"Point","coordinates":[77.61176,13.60811]},"properties":{"cell_id":91801,"case_count":1,"gi_zscore":-0.0995,"gi_pvalue":0.301,"significance":"not_sig"}},{"type":"Feature","geometry":{"type":"Point","coordinates":[74.67059,13.61712]},"properties":{"cell_id":91942,"case_count":1,"gi_zscore":-0.101,"gi_pvalue":0.179,"significance":"not_sig"}},{"type":"Feature","geometry":{"type":"Point","coordinates":[75.49412,13.61712]},"properties":{"cell_id":92012,"case_count":1,"gi_zscore":-0.1039,"gi_pvalue":0.036,"significance":"cold_95"}},{"type":"Feature","geometry":{"type":"Point","coordinates":[77.74118,13.61712]},"properties":{"cell_id":92203,"case_count":1,"gi_zscore":-0.1039,"gi_pvalue":0.036,"significance":"cold_95"}},{"type":"Feature","geometry":{"type":"Point","coordinates":[74.68235,13.62613]},"properties":{"cell_id":92334,"case_count":1,"gi_zscore":-0.101,"gi_pvalue":0.179,"significance":"not_sig"}},{"type":"Feature","geometry":{"type":"Point","coordinates":[74.69412,13.62613]},"properties":{"cell_id":92335,"case_count":2,"gi_zscore":-0.101,"gi_pvalue":0.091,"significance":"cold_90"}},{"type":"Feature","geometry":{"type":"Point","coordinates":[76.91765,13.62613]},"properties":{"cell_id":92524,"case_count":1,"gi_zscore":-0.0995,"gi_pvalue":0.248,"significance":"not_sig"}},{"type":"Feature","geometry":{"type":"Point","coordinates":[77.51765,13.62613]},"properties":{"cell_id":92575,"case_count":2,"gi_zscore":-0.0995,"gi_pvalue":0.166,"significance":"not_sig"}},{"type":"Feature","geometry":{"type":"Point","coordinates":[77.78824,13.62613]},"properties":{"cell_id":92598,"case_count":1,"gi_zscore":-0.1039,"gi_pvalue":0.035,"significance":"cold_95"}},{"type":"Feature","geometry":{"type":"Point","coordinates":[77.87059,13.62613]},"properties":{"cell_id":92605,"case_count":1,"gi_zscore":-0.1054,"gi_pvalue":0.035,"significance":"cold_95"}},{"type":"Feature","geometry":{"type":"Point","coordinates":[74.67059,13.63514]},"properties":{"cell_id":92724,"case_count":2,"gi_zscore":-0.101,"gi_pvalue":0.092,"significance":"cold_90"}},{"type":"Feature","geometry":{"type":"Point","coordinates":[74.76471,13.63514]},"properties":{"cell_id":92732,"case_count":1,"gi_zscore":-0.1025,"gi_pvalue":0.092,"significance":"cold_90"}},{"type":"Feature","geometry":{"type":"Point","coordinates":[74.78824,13.63514]},"properties":{"cell_id":92734,"case_count":1,"gi_zscore":-0.1039,"gi_pvalue":0.035,"significance":"cold_95"}},{"type":"Feature","geometry":{"type":"Point","coordinates":[77.51765,13.63514]},"properties":{"cell_id":92966,"case_count":1,"gi_zscore":-0.0995,"gi_pvalue":0.246,"significance":"not_sig"}},{"type":"Feature","geometry":{"type":"Point","coordinates":[74.67059,13.65315]},"properties":{"cell_id":93506,"case_count":1,"gi_zscore":-0.101,"gi_pvalue":0.18,"significance":"not_sig"}},{"type":"Feature","geometry":{"type":"Point","coordinates":[75.17647,13.65315]},"properties":{"cell_id":93549,"case_count":1,"gi_zscore":-0.1054,"gi_pvalue":0.035,"significance":"cold_95"}},{"type":"Feature","geometry":{"type":"Point","coordinates":[75.92941,13.65315]},"properties":{"cell_id":93613,"case_count":1,"gi_zscore":-0.0951,"gi_pvalue":0.481,"significance":"not_sig"}},{"type":"Feature","geometry":{"type":"Point","coordinates":[77.21176,13.65315]},"properties":{"cell_id":93722,"case_count":1,"gi_zscore":-0.0995,"gi_pvalue":0.3,"significance":"not_sig"}},{"type":"Feature","geometry":{"type":"Point","coordinates":[77.65882,13.65315]},"properties":{"cell_id":93760,"case_count":1,"gi_zscore":-0.1039,"gi_pvalue":0.035,"significance":"cold_95"}},{"type":"Feature","geometry":{"type":"Point","coordinates":[77.91765,13.65315]},"properties":{"cell_id":93782,"case_count":1,"gi_zscore":-0.1054,"gi_pvalue":0.035,"significance":"cold_95"}},{"type":"Feature","geometry":{"type":"Point","coordinates":[74.67059,13.66216]},"properties":{"cell_id":93897,"case_count":1,"gi_zscore":-0.101,"gi_pvalue":0.18,"significance":"not_sig"}},{"type":"Feature","geometry":{"type":"Point","coordinates":[76.64706,13.66216]},"properties":{"cell_id":94065,"case_count":1,"gi_zscore":-0.101,"gi_pvalue":0.18,"significance":"not_sig"}},{"type":"Feature","geometry":{"type":"Point","coordinates":[77.2,13.66216]},"properties":{"cell_id":94112,"case_count":3,"gi_zscore":-0.0995,"gi_pvalue":0.167,"significance":"not_sig"}},{"type":"Feature","geometry":{"type":"Point","coordinates":[77.21176,13.66216]},"properties":{"cell_id":94113,"case_count":3,"gi_zscore":-0.0995,"gi_pvalue":0.167,"significance":"not_sig"}},{"type":"Feature","geometry":{"type":"Point","coordinates":[77.22353,13.66216]},"properties":{"cell_id":94114,"case_count":1,"gi_zscore":-0.0995,"gi_pvalue":0.299,"significance":"not_sig"}},{"type":"Feature","geometry":{"type":"Point","coordinates":[77.95294,13.66216]},"properties":{"cell_id":94176,"case_count":1,"gi_zscore":-0.1054,"gi_pvalue":0.035,"significance":"cold_95"}},{"type":"Feature","geometry":{"type":"Point","coordinates":[74.65882,13.67117]},"properties":{"cell_id":94287,"case_count":1,"gi_zscore":-0.1025,"gi_pvalue":0.092,"significance":"cold_90"}},{"type":"Feature","geometry":{"type":"Point","coordinates":[75.67059,13.67117]},"properties":{"cell_id":94373,"case_count":1,"gi_zscore":-0.1039,"gi_pvalue":0.035,"significance":"cold_95"}},{"type":"Feature","geometry":{"type":"Point","coordinates":[75.68235,13.67117]},"properties":{"cell_id":94374,"case_count":1,"gi_zscore":-0.1039,"gi_pvalue":0.035,"significance":"cold_95"}},{"type":"Feature","geometry":{"type":"Point","coordinates":[75.92941,13.67117]},"properties":{"cell_id":94395,"case_count":1,"gi_zscore":-0.0951,"gi_pvalue":0.482,"significance":"not_sig"}},{"type":"Feature","geometry":{"type":"Point","coordinates":[76.91765,13.67117]},"properties":{"cell_id":94479,"case_count":1,"gi_zscore":-0.098,"gi_pvalue":0.339,"significance":"not_sig"}},{"type":"Feature","geometry":{"type":"Point","coordinates":[76.96471,13.67117]},"properties":{"cell_id":94483,"case_count":1,"gi_zscore":-0.0995,"gi_pvalue":0.245,"significance":"not_sig"}},{"type":"Feature","geometry":{"type":"Point","coordinates":[77.70588,13.67117]},"properties":{"cell_id":94546,"case_count":2,"gi_zscore":-0.1039,"gi_pvalue":0.001,"significance":"cold_99"}},{"type":"Feature","geometry":{"type":"Point","coordinates":[77.76471,13.67117]},"properties":{"cell_id":94551,"case_count":1,"gi_zscore":-0.1039,"gi_pvalue":0.035,"significance":"cold_95"}},{"type":"Feature","geometry":{"type":"Point","coordinates":[77.78824,13.67117]},"properties":{"cell_id":94553,"case_count":1,"gi_zscore":-0.1039,"gi_pvalue":0.035,"significance":"cold_95"}},{"type":"Feature","geometry":{"type":"Point","coordinates":[74.68235,13.68018]},"properties":{"cell_id":94680,"case_count":1,"gi_zscore":-0.101,"gi_pvalue":0.18,"significance":"not_sig"}},{"type":"Feature","geometry":{"type":"Point","coordinates":[75.22353,13.68018]},"properties":{"cell_id":94726,"case_count":1,"gi_zscore":-0.1054,"gi_pvalue":0.035,"significance":"cold_95"}},{"type":"Feature","geometry":{"type":"Point","coordinates":[77.05882,13.68018]},"properties":{"cell_id":94882,"case_count":1,"gi_zscore":-0.1039,"gi_pvalue":0.035,"significance":"cold_95"}},{"type":"Feature","geometry":{"type":"Point","coordinates":[77.07059,13.68018]},"properties":{"cell_id":94883,"case_count":1,"gi_zscore":-0.098,"gi_pvalue":0.393,"significance":"not_sig"}},{"type":"Feature","geometry":{"type":"Point","coordinates":[77.09412,13.68018]},"properties":{"cell_id":94885,"case_count":1,"gi_zscore":-0.0995,"gi_pvalue":0.299,"significance":"not_sig"}},{"type":"Feature","geometry":{"type":"Point","coordinates":[77.35294,13.68018]},"properties":{"cell_id":94907,"case_count":1,"gi_zscore":-0.1054,"gi_pvalue":0.035,"significance":"cold_95"}},{"type":"Feature","geometry":{"type":"Point","coordinates":[74.64706,13.68919]},"properties":{"cell_id":95068,"case_count":2,"gi_zscore":-0.1025,"gi_pvalue":0.035,"significance":"cold_95"}},{"type":"Feature","geometry":{"type":"Point","coordinates":[74.92941,13.68919]},"properties":{"cell_id":95092,"case_count":1,"gi_zscore":-0.1054,"gi_pvalue":0.034,"significance":"cold_95"}},{"type":"Feature","geometry":{"type":"Point","coordinates":[75.77647,13.68919]},"properties":{"cell_id":95164,"case_count":1,"gi_zscore":-0.1039,"gi_pvalue":0.092,"significance":"cold_90"}},{"type":"Feature","geometry":{"type":"Point","coordinates":[75.90588,13.68919]},"properties":{"cell_id":95175,"case_count":2,"gi_zscore":-0.098,"gi_pvalue":0.3,"significance":"not_sig"}},{"type":"Feature","geometry":{"type":"Point","coordinates":[76.95294,13.68919]},"properties":{"cell_id":95264,"case_count":2,"gi_zscore":-0.098,"gi_pvalue":0.3,"significance":"not_sig"}},{"type":"Feature","geometry":{"type":"Point","coordinates":[74.96471,13.6982]},"properties":{"cell_id":95486,"case_count":1,"gi_zscore":-0.1054,"gi_pvalue":0.034,"significance":"cold_95"}},{"type":"Feature","geometry":{"type":"Point","coordinates":[75.23529,13.6982]},"properties":{"cell_id":95509,"case_count":1,"gi_zscore":-0.1054,"gi_pvalue":0.034,"significance":"cold_95"}},{"type":"Feature","geometry":{"type":"Point","coordinates":[75.24706,13.6982]},"properties":{"cell_id":95510,"case_count":1,"gi_zscore":-0.1054,"gi_pvalue":0.034,"significance":"cold_95"}},{"type":"Feature","geometry":{"type":"Point","coordinates":[75.64706,13.6982]},"properties":{"cell_id":95544,"case_count":1,"gi_zscore":-0.1039,"gi_pvalue":0.034,"significance":"cold_95"}},{"type":"Feature","geometry":{"type":"Point","coordinates":[75.65882,13.6982]},"properties":{"cell_id":95545,"case_count":1,"gi_zscore":-0.1039,"gi_pvalue":0.034,"significance":"cold_95"}},{"type":"Feature","geometry":{"type":"Point","coordinates":[75.97647,13.6982]},"properties":{"cell_id":95572,"case_count":1,"gi_zscore":-0.098,"gi_pvalue":0.393,"significance":"not_sig"}},{"type":"Feature","geometry":{"type":"Point","coordinates":[74.76471,13.70721]},"properties":{"cell_id":95860,"case_count":1,"gi_zscore":-0.1039,"gi_pvalue":0.092,"significance":"cold_90"}},{"type":"Feature","geometry":{"type":"Point","coordinates":[75.63529,13.70721]},"properties":{"cell_id":95934,"case_count":1,"gi_zscore":-0.1039,"gi_pvalue":0.034,"significance":"cold_95"}},{"type":"Feature","geometry":{"type":"Point","coordinates":[75.69412,13.70721]},"properties":{"cell_id":95939,"case_count":2,"gi_zscore":-0.1039,"gi_pvalue":0.001,"significance":"cold_99"}},{"type":"Feature","geometry":{"type":"Point","coordinates":[75.8,13.70721]},"properties":{"cell_id":95948,"case_count":1,"gi_zscore":-0.1025,"gi_pvalue":0.092,"significance":"cold_90"}},{"type":"Feature","geometry":{"type":"Point","coordinates":[78.09412,13.70721]},"properties":{"cell_id":96143,"case_count":1,"gi_zscore":-0.1039,"gi_pvalue":0.034,"significance":"cold_95"}},{"type":"Feature","geometry":{"type":"Point","coordinates":[74.65882,13.71622]},"properties":{"cell_id":96242,"case_count":1,"gi_zscore":-0.1025,"gi_pvalue":0.092,"significance":"cold_90"}},{"type":"Feature","geometry":{"type":"Point","coordinates":[75.74118,13.71622]},"properties":{"cell_id":96334,"case_count":1,"gi_zscore":-0.1039,"gi_pvalue":0.034,"significance":"cold_95"}},{"type":"Feature","geometry":{"type":"Point","coordinates":[75.81176,13.71622]},"properties":{"cell_id":96340,"case_count":1,"gi_zscore":-0.1025,"gi_pvalue":0.092,"significance":"cold_90"}},{"type":"Feature","geometry":{"type":"Point","coordinates":[77.25882,13.71622]},"properties":{"cell_id":96463,"case_count":1,"gi_zscore":-0.0995,"gi_pvalue":0.3,"significance":"not_sig"}},{"type":"Feature","geometry":{"type":"Point","coordinates":[77.37647,13.71622]},"properties":{"cell_id":96473,"case_count":1,"gi_zscore":-0.1039,"gi_pvalue":0.034,"significance":"cold_95"}},{"type":"Feature","geometry":{"type":"Point","coordinates":[77.82353,13.71622]},"properties":{"cell_id":96511,"case_count":1,"gi_zscore":-0.0995,"gi_pvalue":0.3,"significance":"not_sig"}},{"type":"Feature","geometry":{"type":"Point","coordinates":[75.47059,13.72523]},"properties":{"cell_id":96702,"case_count":1,"gi_zscore":-0.1039,"gi_pvalue":0.092,"significance":"cold_90"}},{"type":"Feature","geometry":{"type":"Point","coordinates":[76.0,13.72523]},"properties":{"cell_id":96747,"case_count":5,"gi_zscore":-0.098,"gi_pvalue":0.092,"significance":"cold_90"}},{"type":"Feature","geometry":{"type":"Point","coordinates":[76.01176,13.72523]},"properties":{"cell_id":96748,"case_count":1,"gi_zscore":-0.0995,"gi_pvalue":0.299,"significance":"not_sig"}},{"type":"Feature","geometry":{"type":"Point","coordinates":[76.11765,13.72523]},"properties":{"cell_id":96757,"case_count":1,"gi_zscore":-0.0995,"gi_pvalue":0.318,"significance":"not_sig"}},{"type":"Feature","geometry":{"type":"Point","coordinates":[76.87059,13.72523]},"properties":{"cell_id":96821,"case_count":1,"gi_zscore":-0.0995,"gi_pvalue":0.299,"significance":"not_sig"}},{"type":"Feature","geometry":{"type":"Point","coordinates":[77.88235,13.72523]},"properties":{"cell_id":96907,"case_count":1,"gi_zscore":-0.1054,"gi_pvalue":0.034,"significance":"cold_95"}},{"type":"Feature","geometry":{"type":"Point","coordinates":[76.05882,13.73423]},"properties":{"cell_id":97143,"case_count":1,"gi_zscore":-0.0995,"gi_pvalue":0.318,"significance":"not_sig"}},{"type":"Feature","geometry":{"type":"Point","coordinates":[76.11765,13.73423]},"properties":{"cell_id":97148,"case_count":1,"gi_zscore":-0.0995,"gi_pvalue":0.318,"significance":"not_sig"}},{"type":"Feature","geometry":{"type":"Point","coordinates":[76.89412,13.73423]},"properties":{"cell_id":97214,"case_count":1,"gi_zscore":-0.0995,"gi_pvalue":0.299,"significance":"not_sig"}},{"type":"Feature","geometry":{"type":"Point","coordinates":[76.91765,13.73423]},"properties":{"cell_id":97216,"case_count":1,"gi_zscore":-0.0995,"gi_pvalue":0.299,"significance":"not_sig"}},{"type":"Feature","geometry":{"type":"Point","coordinates":[75.84706,13.74324]},"properties":{"cell_id":97516,"case_count":1,"gi_zscore":-0.1039,"gi_pvalue":0.092,"significance":"cold_90"}},{"type":"Feature","geometry":{"type":"Point","coordinates":[76.89412,13.74324]},"properties":{"cell_id":97605,"case_count":2,"gi_zscore":-0.0995,"gi_pvalue":0.179,"significance":"not_sig"}},{"type":"Feature","geometry":{"type":"Point","coordinates":[76.90588,13.74324]},"properties":{"cell_id":97606,"case_count":4,"gi_zscore":-0.0995,"gi_pvalue":0.092,"significance":"cold_90"}},{"type":"Feature","geometry":{"type":"Point","coordinates":[76.94118,13.74324]},"properties":{"cell_id":97609,"case_count":1,"gi_zscore":-0.098,"gi_pvalue":0.392,"significance":"not_sig"}},{"type":"Feature","geometry":{"type":"Point","coordinates":[77.45882,13.74324]},"properties":{"cell_id":97653,"case_count":1,"gi_zscore":-0.1025,"gi_pvalue":0.092,"significance":"cold_90"}},{"type":"Feature","geometry":{"type":"Point","coordinates":[76.89412,13.75225]},"properties":{"cell_id":97996,"case_count":1,"gi_zscore":-0.0995,"gi_pvalue":0.299,"significance":"not_sig"}},{"type":"Feature","geometry":{"type":"Point","coordinates":[77.16471,13.75225]},"properties":{"cell_id":98019,"case_count":1,"gi_zscore":-0.0995,"gi_pvalue":0.299,"significance":"not_sig"}},{"type":"Feature","geometry":{"type":"Point","coordinates":[77.78824,13.75225]},"properties":{"cell_id":98072,"case_count":1,"gi_zscore":-0.0966,"gi_pvalue":0.446,"significance":"not_sig"}},{"type":"Feature","geometry":{"type":"Point","coordinates":[74.64706,13.76126]},"properties":{"cell_id":98196,"case_count":1,"gi_zscore":-0.1039,"gi_pvalue":0.092,"significance":"cold_90"}},{"type":"Feature","geometry":{"type":"Point","coordinates":[76.87059,13.76126]},"properties":{"cell_id":98385,"case_count":1,"gi_zscore":-0.0995,"gi_pvalue":0.299,"significance":"not_sig"}},{"type":"Feature","geometry":{"type":"Point","coordinates":[76.90588,13.76126]},"properties":{"cell_id":98388,"case_count":1,"gi_zscore":-0.0995,"gi_pvalue":0.299,"significance":"not_sig"}},{"type":"Feature","geometry":{"type":"Point","coordinates":[75.75294,13.77027]},"properties":{"cell_id":98681,"case_count":1,"gi_zscore":-0.1025,"gi_pvalue":0.092,"significance":"cold_90"}},{"type":"Feature","geometry":{"type":"Point","coordinates":[76.90588,13.77027]},"properties":{"cell_id":98779,"case_count":1,"gi_zscore":-0.0995,"gi_pvalue":0.299,"significance":"not_sig"}},{"type":"Feature","geometry":{"type":"Point","coordinates":[77.78824,13.77928]},"properties":{"cell_id":99245,"case_count":1,"gi_zscore":-0.0966,"gi_pvalue":0.446,"significance":"not_sig"}},{"type":"Feature","geometry":{"type":"Point","coordinates":[77.8,13.77928]},"properties":{"cell_id":99246,"case_count":5,"gi_zscore":-0.0966,"gi_pvalue":0.167,"significance":"not_sig"}},{"type":"Feature","geometry":{"type":"Point","coordinates":[77.81176,13.77928]},"properties":{"cell_id":99247,"case_count":1,"gi_zscore":-0.0966,"gi_pvalue":0.445,"significance":"not_sig"}},{"type":"Feature","geometry":{"type":"Point","coordinates":[74.64706,13.78829]},"properties":{"cell_id":99369,"case_count":1,"gi_zscore":-0.1039,"gi_pvalue":0.09,"significance":"cold_90"}},{"type":"Feature","geometry":{"type":"Point","coordinates":[75.97647,13.78829]},"properties":{"cell_id":99482,"case_count":1,"gi_zscore":-0.098,"gi_pvalue":0.389,"significance":"not_sig"}},{"type":"Feature","geometry":{"type":"Point","coordinates":[75.98824,13.78829]},"properties":{"cell_id":99483,"case_count":1,"gi_zscore":-0.098,"gi_pvalue":0.389,"significance":"not_sig"}},{"type":"Feature","geometry":{"type":"Point","coordinates":[77.77647,13.78829]},"properties":{"cell_id":99635,"case_count":2,"gi_zscore":-0.0966,"gi_pvalue":0.389,"significance":"not_sig"}},{"type":"Feature","geometry":{"type":"Point","coordinates":[77.78824,13.78829]},"properties":{"cell_id":99636,"case_count":2,"gi_zscore":-0.0966,"gi_pvalue":0.389,"significance":"not_sig"}},{"type":"Feature","geometry":{"type":"Point","coordinates":[77.8,13.78829]},"properties":{"cell_id":99637,"case_count":1,"gi_zscore":-0.0966,"gi_pvalue":0.445,"significance":"not_sig"}},{"type":"Feature","geometry":{"type":"Point","coordinates":[77.95294,13.78829]},"properties":{"cell_id":99650,"case_count":1,"gi_zscore":-0.1039,"gi_pvalue":0.033,"significance":"cold_95"}},{"type":"Feature","geometry":{"type":"Point","coordinates":[74.8,13.7973]},"properties":{"cell_id":99773,"case_count":1,"gi_zscore":-0.1054,"gi_pvalue":0.033,"significance":"cold_95"}},{"type":"Feature","geometry":{"type":"Point","coordinates":[75.48235,13.7973]},"properties":{"cell_id":99831,"case_count":1,"gi_zscore":-0.098,"gi_pvalue":0.388,"significance":"not_sig"}},{"type":"Feature","geometry":{"type":"Point","coordinates":[76.04706,13.7973]},"properties":{"cell_id":99879,"case_count":1,"gi_zscore":-0.098,"gi_pvalue":0.388,"significance":"not_sig"}},{"type":"Feature","geometry":{"type":"Point","coordinates":[76.27059,13.7973]},"properties":{"cell_id":99898,"case_count":1,"gi_zscore":-0.1039,"gi_pvalue":0.033,"significance":"cold_95"}},{"type":"Feature","geometry":{"type":"Point","coordinates":[76.28235,13.7973]},"properties":{"cell_id":99899,"case_count":1,"gi_zscore":-0.1039,"gi_pvalue":0.033,"significance":"cold_95"}},{"type":"Feature","geometry":{"type":"Point","coordinates":[76.8,13.7973]},"properties":{"cell_id":99943,"case_count":1,"gi_zscore":-0.1039,"gi_pvalue":0.089,"significance":"cold_90"}},{"type":"Feature","geometry":{"type":"Point","coordinates":[77.44706,13.7973]},"properties":{"cell_id":99998,"case_count":1,"gi_zscore":-0.1025,"gi_pvalue":0.089,"significance":"cold_90"}},{"type":"Feature","geometry":{"type":"Point","coordinates":[77.91765,13.7973]},"properties":{"cell_id":100038,"case_count":1,"gi_zscore":-0.1039,"gi_pvalue":0.033,"significance":"cold_95"}},{"type":"Feature","geometry":{"type":"Point","coordinates":[77.94118,13.7973]},"properties":{"cell_id":100040,"case_count":1,"gi_zscore":-0.1039,"gi_pvalue":0.033,"significance":"cold_95"}},{"type":"Feature","geometry":{"type":"Point","coordinates":[78.02353,13.7973]},"properties":{"cell_id":100047,"case_count":2,"gi_zscore":-0.1039,"gi_pvalue":0.001,"significance":"cold_99"}},{"type":"Feature","geometry":{"type":"Point","coordinates":[74.63529,13.80631]},"properties":{"cell_id":100150,"case_count":1,"gi_zscore":-0.1054,"gi_pvalue":0.032,"significance":"cold_95"}},{"type":"Feature","geometry":{"type":"Point","coordinates":[74.8,13.80631]},"properties":{"cell_id":100164,"case_count":1,"gi_zscore":-0.1054,"gi_pvalue":0.032,"significance":"cold_95"}},{"type":"Feature","geometry":{"type":"Point","coordinates":[77.77647,13.80631]},"properties":{"cell_id":100417,"case_count":1,"gi_zscore":-0.0966,"gi_pvalue":0.445,"significance":"not_sig"}},{"type":"Feature","geometry":{"type":"Point","coordinates":[75.68235,13.81532]},"properties":{"cell_id":100630,"case_count":1,"gi_zscore":-0.098,"gi_pvalue":0.388,"significance":"not_sig"}},{"type":"Feature","geometry":{"type":"Point","coordinates":[77.31765,13.81532]},"properties":{"cell_id":100769,"case_count":1,"gi_zscore":-0.1039,"gi_pvalue":0.032,"significance":"cold_95"}},{"type":"Feature","geometry":{"type":"Point","coordinates":[77.41176,13.81532]},"properties":{"cell_id":100777,"case_count":2,"gi_zscore":-0.1039,"gi_pvalue":0.001,"significance":"cold_99"}},{"type":"Feature","geometry":{"type":"Point","coordinates":[74.75294,13.82432]},"properties":{"cell_id":100942,"case_count":1,"gi_zscore":-0.1054,"gi_pvalue":0.032,"significance":"cold_95"}},{"type":"Feature","geometry":{"type":"Point","coordinates":[75.68235,13.82432]},"properties":{"cell_id":101021,"case_count":1,"gi_zscore":-0.098,"gi_pvalue":0.387,"significance":"not_sig"}},{"type":"Feature","geometry":{"type":"Point","coordinates":[75.69412,13.82432]},"properties":{"cell_id":101022,"case_count":1,"gi_zscore":-0.098,"gi_pvalue":0.387,"significance":"not_sig"}},{"type":"Feature","geometry":{"type":"Point","coordinates":[75.70588,13.82432]},"properties":{"cell_id":101023,"case_count":1,"gi_zscore":-0.0966,"gi_pvalue":0.393,"significance":"not_sig"}},{"type":"Feature","geometry":{"type":"Point","coordinates":[75.94118,13.82432]},"properties":{"cell_id":101043,"case_count":2,"gi_zscore":-0.0966,"gi_pvalue":0.388,"significance":"not_sig"}},{"type":"Feature","geometry":{"type":"Point","coordinates":[76.77647,13.82432]},"properties":{"cell_id":101114,"case_count":1,"gi_zscore":-0.1039,"gi_pvalue":0.088,"significance":"cold_90"}},{"type":"Feature","geometry":{"type":"Point","coordinates":[78.09412,13.82432]},"properties":{"cell_id":101226,"case_count":1,"gi_zscore":-0.1039,"gi_pvalue":0.032,"significance":"cold_95"}},{"type":"Feature","geometry":{"type":"Point","coordinates":[74.72941,13.83333]},"properties":{"cell_id":101331,"case_count":1,"gi_zscore":-0.1054,"gi_pvalue":0.032,"significance":"cold_95"}},{"type":"Feature","geometry":{"type":"Point","coordinates":[74.74118,13.83333]},"properties":{"cell_id":101332,"case_count":1,"gi_zscore":-0.1054,"gi_pvalue":0.032,"significance":"cold_95"}},{"type":"Feature","geometry":{"type":"Point","coordinates":[76.8,13.83333]},"properties":{"cell_id":101507,"case_count":1,"gi_zscore":-0.1054,"gi_pvalue":0.032,"significance":"cold_95"}},{"type":"Feature","geometry":{"type":"Point","coordinates":[77.2,13.83333]},"properties":{"cell_id":101541,"case_count":1,"gi_zscore":-0.0995,"gi_pvalue":0.296,"significance":"not_sig"}},{"type":"Feature","geometry":{"type":"Point","coordinates":[77.81176,13.83333]},"properties":{"cell_id":101593,"case_count":1,"gi_zscore":-0.0951,"gi_pvalue":0.495,"significance":"not_sig"}},{"type":"Feature","geometry":{"type":"Point","coordinates":[75.71765,13.84234]},"properties":{"cell_id":101806,"case_count":2,"gi_zscore":-0.0966,"gi_pvalue":0.389,"significance":"not_sig"}},{"type":"Feature","geometry":{"type":"Point","coordinates":[75.72941,13.84234]},"properties":{"cell_id":101807,"case_count":2,"gi_zscore":-0.0966,"gi_pvalue":0.389,"significance":"not_sig"}},{"type":"Feature","geometry":{"type":"Point","coordinates":[74.64706,13.85135]},"properties":{"cell_id":102106,"case_count":1,"gi_zscore":-0.1054,"gi_pvalue":0.032,"significance":"cold_95"}},{"type":"Feature","geometry":{"type":"Point","coordinates":[75.54118,13.85135]},"properties":{"cell_id":102182,"case_count":1,"gi_zscore":-0.0951,"gi_pvalue":0.48,"significance":"not_sig"}},{"type":"Feature","geometry":{"type":"Point","coordinates":[75.70588,13.85135]},"properties":{"cell_id":102196,"case_count":4,"gi_zscore":-0.0966,"gi_pvalue":0.24,"significance":"not_sig"}},{"type":"Feature","geometry":{"type":"Point","coordinates":[75.71765,13.85135]},"properties":{"cell_id":102197,"case_count":1,"gi_zscore":-0.0966,"gi_pvalue":0.445,"significance":"not_sig"}},{"type":"Feature","geometry":{"type":"Point","coordinates":[75.74118,13.85135]},"properties":{"cell_id":102199,"case_count":1,"gi_zscore":-0.0951,"gi_pvalue":0.494,"significance":"not_sig"}},{"type":"Feature","geometry":{"type":"Point","coordinates":[75.63529,13.86036]},"properties":{"cell_id":102581,"case_count":2,"gi_zscore":-0.1039,"gi_pvalue":0.032,"significance":"cold_95"}},{"type":"Feature","geometry":{"type":"Point","coordinates":[75.68235,13.86036]},"properties":{"cell_id":102585,"case_count":1,"gi_zscore":-0.098,"gi_pvalue":0.389,"significance":"not_sig"}},{"type":"Feature","geometry":{"type":"Point","coordinates":[75.70588,13.86036]},"properties":{"cell_id":102587,"case_count":2,"gi_zscore":-0.0966,"gi_pvalue":0.389,"significance":"not_sig"}},{"type":"Feature","geometry":{"type":"Point","coordinates":[76.92941,13.86036]},"properties":{"cell_id":102691,"case_count":1,"gi_zscore":-0.1054,"gi_pvalue":0.032,"significance":"cold_95"}},{"type":"Feature","geometry":{"type":"Point","coordinates":[77.92941,13.86036]},"properties":{"cell_id":102776,"case_count":1,"gi_zscore":-0.1025,"gi_pvalue":0.09,"significance":"cold_90"}},{"type":"Feature","geometry":{"type":"Point","coordinates":[74.62353,13.86937]},"properties":{"cell_id":102886,"case_count":1,"gi_zscore":-0.1054,"gi_pvalue":0.032,"significance":"cold_95"}},{"type":"Feature","geometry":{"type":"Point","coordinates":[74.63529,13.86937]},"properties":{"cell_id":102887,"case_count":1,"gi_zscore":-0.1054,"gi_pvalue":0.032,"significance":"cold_95"}},{"type":"Feature","geometry":{"type":"Point","coordinates":[76.03529,13.86937]},"properties":{"cell_id":103006,"case_count":1,"gi_zscore":-0.1025,"gi_pvalue":0.09,"significance":"cold_90"}},{"type":"Feature","geometry":{"type":"Point","coordinates":[76.03529,13.87838]},"properties":{"cell_id":103397,"case_count":2,"gi_zscore":-0.1025,"gi_pvalue":0.032,"significance":"cold_95"}},{"type":"Feature","geometry":{"type":"Point","coordinates":[75.65882,13.88739]},"properties":{"cell_id":103756,"case_count":1,"gi_zscore":-0.098,"gi_pvalue":0.336,"significance":"not_sig"}},{"type":"Feature","geometry":{"type":"Point","coordinates":[75.75294,13.88739]},"properties":{"cell_id":103764,"case_count":2,"gi_zscore":-0.0951,"gi_pvalue":0.445,"significance":"not_sig"}},{"type":"Feature","geometry":{"type":"Point","coordinates":[76.91765,13.88739]},"properties":{"cell_id":103863,"case_count":1,"gi_zscore":-0.1054,"gi_pvalue":0.032,"significance":"cold_95"}},{"type":"Feature","geometry":{"type":"Point","coordinates":[77.83529,13.88739]},"properties":{"cell_id":103941,"case_count":2,"gi_zscore":-0.0966,"gi_pvalue":0.388,"significance":"not_sig"}},{"type":"Feature","geometry":{"type":"Point","coordinates":[75.69412,13.8964]},"properties":{"cell_id":104150,"case_count":1,"gi_zscore":-0.0966,"gi_pvalue":0.446,"significance":"not_sig"}},{"type":"Feature","geometry":{"type":"Point","coordinates":[77.0,13.8964]},"properties":{"cell_id":104261,"case_count":1,"gi_zscore":-0.101,"gi_pvalue":0.239,"significance":"not_sig"}},{"type":"Feature","geometry":{"type":"Point","coordinates":[77.24706,13.8964]},"properties":{"cell_id":104282,"case_count":1,"gi_zscore":-0.1025,"gi_pvalue":0.09,"significance":"cold_90"}},{"type":"Feature","geometry":{"type":"Point","coordinates":[74.6,13.90541]},"properties":{"cell_id":104448,"case_count":1,"gi_zscore":-0.1054,"gi_pvalue":0.032,"significance":"cold_95"}},{"type":"Feature","geometry":{"type":"Point","coordinates":[75.56471,13.90541]},"properties":{"cell_id":104530,"case_count":1,"gi_zscore":-0.0892,"gi_pvalue":0.363,"significance":"not_sig"}},{"type":"Feature","geometry":{"type":"Point","coordinates":[75.57647,13.90541]},"properties":{"cell_id":104531,"case_count":1,"gi_zscore":-0.0907,"gi_pvalue":0.395,"significance":"not_sig"}},{"type":"Feature","geometry":{"type":"Point","coordinates":[75.61176,13.90541]},"properties":{"cell_id":104534,"case_count":1,"gi_zscore":-0.1025,"gi_pvalue":0.09,"significance":"cold_90"}},{"type":"Feature","geometry":{"type":"Point","coordinates":[75.07059,13.91441]},"properties":{"cell_id":104879,"case_count":1,"gi_zscore":-0.1054,"gi_pvalue":0.032,"significance":"cold_95"}},{"type":"Feature","geometry":{"type":"Point","coordinates":[75.57647,13.91441]},"properties":{"cell_id":104922,"case_count":2,"gi_zscore":-0.0907,"gi_pvalue":0.444,"significance":"not_sig"}},{"type":"Feature","geometry":{"type":"Point","coordinates":[75.6,13.91441]},"properties":{"cell_id":104924,"case_count":1,"gi_zscore":-0.098,"gi_pvalue":0.338,"significance":"not_sig"}},{"type":"Feature","geometry":{"type":"Point","coordinates":[77.82353,13.91441]},"properties":{"cell_id":105113,"case_count":1,"gi_zscore":-0.101,"gi_pvalue":0.174,"significance":"not_sig"}},{"type":"Feature","geometry":{"type":"Point","coordinates":[75.07059,13.92342]},"properties":{"cell_id":105270,"case_count":1,"gi_zscore":-0.1054,"gi_pvalue":0.031,"significance":"cold_95"}},{"type":"Feature","geometry":{"type":"Point","coordinates":[75.55294,13.92342]},"properties":{"cell_id":105311,"case_count":4,"gi_zscore":-0.0892,"gi_pvalue":0.493,"significance":"not_sig"}},{"type":"Feature","geometry":{"type":"Point","coordinates":[75.58824,13.92342]},"properties":{"cell_id":105314,"case_count":2,"gi_zscore":-0.0863,"gi_pvalue":0.343,"significance":"not_sig"}},{"type":"Feature","geometry":{"type":"Point","coordinates":[75.6,13.92342]},"properties":{"cell_id":105315,"case_count":1,"gi_zscore":-0.098,"gi_pvalue":0.338,"significance":"not_sig"}},{"type":"Feature","geometry":{"type":"Point","coordinates":[75.64706,13.92342]},"properties":{"cell_id":105319,"case_count":1,"gi_zscore":-0.1054,"gi_pvalue":0.031,"significance":"cold_95"}},{"type":"Feature","geometry":{"type":"Point","coordinates":[75.76471,13.92342]},"properties":{"cell_id":105329,"case_count":1,"gi_zscore":-0.101,"gi_pvalue":0.176,"significance":"not_sig"}},{"type":"Feature","geometry":{"type":"Point","coordinates":[75.55294,13.93243]},"properties":{"cell_id":105702,"case_count":1,"gi_zscore":-0.0907,"gi_pvalue":0.396,"significance":"not_sig"}},{"type":"Feature","geometry":{"type":"Point","coordinates":[75.56471,13.93243]},"properties":{"cell_id":105703,"case_count":3,"gi_zscore":-0.0789,"gi_pvalue":0.256,"significance":"not_sig"}},{"type":"Feature","geometry":{"type":"Point","coordinates":[75.57647,13.93243]},"properties":{"cell_id":105704,"case_count":4,"gi_zscore":-0.0818,"gi_pvalue":0.315,"significance":"not_sig"}},{"type":"Feature","geometry":{"type":"Point","coordinates":[75.6,13.93243]},"properties":{"cell_id":105706,"case_count":1,"gi_zscore":-0.0863,"gi_pvalue":0.316,"significance":"not_sig"}},{"type":"Feature","geometry":{"type":"Point","coordinates":[74.6,13.94144]},"properties":{"cell_id":106012,"case_count":1,"gi_zscore":-0.1039,"gi_pvalue":0.031,"significance":"cold_95"}},{"type":"Feature","geometry":{"type":"Point","coordinates":[75.54118,13.94144]},"properties":{"cell_id":106092,"case_count":2,"gi_zscore":-0.0833,"gi_pvalue":0.282,"significance":"not_sig"}},{"type":"Feature","geometry":{"type":"Point","coordinates":[75.55294,13.94144]},"properties":{"cell_id":106093,"case_count":1,"gi_zscore":-0.0833,"gi_pvalue":0.26,"significance":"not_sig"}},{"type":"Feature","geometry":{"type":"Point","coordinates":[75.56471,13.94144]},"properties":{"cell_id":106094,"case_count":2,"gi_zscore":-0.0804,"gi_pvalue":0.256,"significance":"not_sig"}},{"type":"Feature","geometry":{"type":"Point","coordinates":[75.57647,13.94144]},"properties":{"cell_id":106095,"case_count":9,"gi_zscore":-0.0833,"gi_pvalue":0.485,"significance":"not_sig"}},{"type":"Feature","geometry":{"type":"Point","coordinates":[75.58824,13.94144]},"properties":{"cell_id":106096,"case_count":1,"gi_zscore":-0.0863,"gi_pvalue":0.296,"significance":"not_sig"}},{"type":"Feature","geometry":{"type":"Point","coordinates":[76.61176,13.94144]},"properties":{"cell_id":106183,"case_count":2,"gi_zscore":-0.101,"gi_pvalue":0.093,"significance":"cold_90"}},{"type":"Feature","geometry":{"type":"Point","coordinates":[76.62353,13.94144]},"properties":{"cell_id":106184,"case_count":2,"gi_zscore":-0.101,"gi_pvalue":0.093,"significance":"cold_90"}},{"type":"Feature","geometry":{"type":"Point","coordinates":[76.85882,13.94144]},"properties":{"cell_id":106204,"case_count":1,"gi_zscore":-0.1054,"gi_pvalue":0.03,"significance":"cold_95"}},{"type":"Feature","geometry":{"type":"Point","coordinates":[75.54118,13.95045]},"properties":{"cell_id":106483,"case_count":1,"gi_zscore":-0.0833,"gi_pvalue":0.26,"significance":"not_sig"}},{"type":"Feature","geometry":{"type":"Point","coordinates":[75.56471,13.95045]},"properties":{"cell_id":106485,"case_count":1,"gi_zscore":-0.0848,"gi_pvalue":0.28,"significance":"not_sig"}},{"type":"Feature","geometry":{"type":"Point","coordinates":[75.64706,13.95045]},"properties":{"cell_id":106492,"case_count":1,"gi_zscore":-0.1039,"gi_pvalue":0.03,"significance":"cold_95"}},{"type":"Feature","geometry":{"type":"Point","coordinates":[75.65882,13.95045]},"properties":{"cell_id":106493,"case_count":1,"gi_zscore":-0.1039,"gi_pvalue":0.03,"significance":"cold_95"}},{"type":"Feature","geometry":{"type":"Point","coordinates":[75.97647,13.95045]},"properties":{"cell_id":106520,"case_count":1,"gi_zscore":-0.0951,"gi_pvalue":0.484,"significance":"not_sig"}},{"type":"Feature","geometry":{"type":"Point","coordinates":[76.61176,13.95045]},"properties":{"cell_id":106574,"case_count":1,"gi_zscore":-0.101,"gi_pvalue":0.177,"significance":"not_sig"}},{"type":"Feature","geometry":{"type":"Point","coordinates":[75.57647,13.95946]},"properties":{"cell_id":106877,"case_count":1,"gi_zscore":-0.0848,"gi_pvalue":0.28,"significance":"not_sig"}},{"type":"Feature","geometry":{"type":"Point","coordinates":[76.61176,13.95946]},"properties":{"cell_id":106965,"case_count":2,"gi_zscore":-0.101,"gi_pvalue":0.093,"significance":"cold_90"}},{"type":"Feature","geometry":{"type":"Point","coordinates":[74.52941,13.96847]},"properties":{"cell_id":107179,"case_count":1,"gi_zscore":-0.1039,"gi_pvalue":0.03,"significance":"cold_95"}},{"type":"Feature","geometry":{"type":"Point","coordinates":[75.97647,13.96847]},"properties":{"cell_id":107302,"case_count":1,"gi_zscore":-0.0966,"gi_pvalue":0.449,"significance":"not_sig"}},{"type":"Feature","geometry":{"type":"Point","coordinates":[75.25882,13.98649]},"properties":{"cell_id":108023,"case_count":1,"gi_zscore":-0.0995,"gi_pvalue":0.299,"significance":"not_sig"}},{"type":"Feature","geometry":{"type":"Point","coordinates":[75.68235,13.98649]},"properties":{"cell_id":108059,"case_count":2,"gi_zscore":-0.1039,"gi_pvalue":0.03,"significance":"cold_95"}},{"type":"Feature","geometry":{"type":"Point","coordinates":[75.69412,13.98649]},"properties":{"cell_id":108060,"case_count":1,"gi_zscore":-0.1039,"gi_pvalue":0.092,"significance":"cold_90"}},{"type":"Feature","geometry":{"type":"Point","coordinates":[76.0,13.98649]},"properties":{"cell_id":108086,"case_count":1,"gi_zscore":-0.0995,"gi_pvalue":0.3,"significance":"not_sig"}},{"type":"Feature","geometry":{"type":"Point","coordinates":[74.52941,13.9955]},"properties":{"cell_id":108352,"case_count":1,"gi_zscore":-0.1039,"gi_pvalue":0.092,"significance":"cold_90"}},{"type":"Feature","geometry":{"type":"Point","coordinates":[74.54118,13.9955]},"properties":{"cell_id":108353,"case_count":2,"gi_zscore":-0.1039,"gi_pvalue":0.03,"significance":"cold_95"}},{"type":"Feature","geometry":{"type":"Point","coordinates":[74.55294,13.9955]},"properties":{"cell_id":108354,"case_count":1,"gi_zscore":-0.1039,"gi_pvalue":0.03,"significance":"cold_95"}},{"type":"Feature","geometry":{"type":"Point","coordinates":[74.56471,13.9955]},"properties":{"cell_id":108355,"case_count":1,"gi_zscore":-0.1039,"gi_pvalue":0.03,"significance":"cold_95"}},{"type":"Feature","geometry":{"type":"Point","coordinates":[75.0,13.9955]},"properties":{"cell_id":108392,"case_count":1,"gi_zscore":-0.0995,"gi_pvalue":0.3,"significance":"not_sig"}},{"type":"Feature","geometry":{"type":"Point","coordinates":[75.25882,13.9955]},"properties":{"cell_id":108414,"case_count":1,"gi_zscore":-0.0995,"gi_pvalue":0.3,"significance":"not_sig"}},{"type":"Feature","geometry":{"type":"Point","coordinates":[75.74118,13.9955]},"properties":{"cell_id":108455,"case_count":1,"gi_zscore":-0.1039,"gi_pvalue":0.092,"significance":"cold_90"}},{"type":"Feature","geometry":{"type":"Point","coordinates":[75.76471,13.9955]},"properties":{"cell_id":108457,"case_count":1,"gi_zscore":-0.1025,"gi_pvalue":0.166,"significance":"not_sig"}},{"type":"Feature","geometry":{"type":"Point","coordinates":[75.43529,14.0045]},"properties":{"cell_id":108820,"case_count":1,"gi_zscore":-0.1039,"gi_pvalue":0.092,"significance":"cold_90"}},{"type":"Feature","geometry":{"type":"Point","coordinates":[76.05882,14.0045]},"properties":{"cell_id":108873,"case_count":1,"gi_zscore":-0.1054,"gi_pvalue":0.03,"significance":"cold_95"}},{"type":"Feature","geometry":{"type":"Point","coordinates":[77.15294,14.01351]},"properties":{"cell_id":109357,"case_count":1,"gi_zscore":-0.101,"gi_pvalue":0.176,"significance":"not_sig"}},{"type":"Feature","geometry":{"type":"Point","coordinates":[75.87059,14.02252]},"properties":{"cell_id":109639,"case_count":1,"gi_zscore":-0.0936,"gi_pvalue":0.441,"significance":"not_sig"}},{"type":"Feature","geometry":{"type":"Point","coordinates":[75.91765,14.02252]},"properties":{"cell_id":109643,"case_count":3,"gi_zscore":-0.0951,"gi_pvalue":0.395,"significance":"not_sig"}},{"type":"Feature","geometry":{"type":"Point","coordinates":[75.92941,14.02252]},"properties":{"cell_id":109644,"case_count":5,"gi_zscore":-0.0951,"gi_pvalue":0.246,"significance":"not_sig"}},{"type":"Feature","geometry":{"type":"Point","coordinates":[75.95294,14.02252]},"properties":{"cell_id":109646,"case_count":1,"gi_zscore":-0.0966,"gi_pvalue":0.45,"significance":"not_sig"}},{"type":"Feature","geometry":{"type":"Point","coordinates":[76.0,14.02252]},"properties":{"cell_id":109650,"case_count":1,"gi_zscore":-0.0995,"gi_pvalue":0.3,"significance":"not_sig"}},{"type":"Feature","geometry":{"type":"Point","coordinates":[76.02353,14.02252]},"properties":{"cell_id":109652,"case_count":1,"gi_zscore":-0.1054,"gi_pvalue":0.03,"significance":"cold_95"}},{"type":"Feature","geometry":{"type":"Point","coordinates":[75.07059,14.03153]},"properties":{"cell_id":109962,"case_count":1,"gi_zscore":-0.0966,"gi_pvalue":0.45,"significance":"not_sig"}},{"type":"Feature","geometry":{"type":"Point","coordinates":[75.50588,14.03153]},"properties":{"cell_id":109999,"case_count":1,"gi_zscore":-0.1039,"gi_pvalue":0.091,"significance":"cold_90"}},{"type":"Feature","geometry":{"type":"Point","coordinates":[75.75294,14.03153]},"properties":{"cell_id":110020,"case_count":1,"gi_zscore":-0.1039,"gi_pvalue":0.091,"significance":"cold_90"}},{"type":"Feature","geometry":{"type":"Point","coordinates":[75.92941,14.03153]},"properties":{"cell_id":110035,"case_count":1,"gi_zscore":-0.0951,"gi_pvalue":0.49,"significance":"not_sig"}},{"type":"Feature","geometry":{"type":"Point","coordinates":[75.69412,14.04054]},"properties":{"cell_id":110406,"case_count":1,"gi_zscore":-0.1039,"gi_pvalue":0.091,"significance":"cold_90"}},{"type":"Feature","geometry":{"type":"Point","coordinates":[76.17647,14.04054]},"properties":{"cell_id":110447,"case_count":2,"gi_zscore":-0.101,"gi_pvalue":0.092,"significance":"cold_90"}},{"type":"Feature","geometry":{"type":"Point","coordinates":[76.18824,14.04054]},"properties":{"cell_id":110448,"case_count":3,"gi_zscore":-0.101,"gi_pvalue":0.092,"significance":"cold_90"}},{"type":"Feature","geometry":{"type":"Point","coordinates":[75.38824,14.05856]},"properties":{"cell_id":111162,"case_count":1,"gi_zscore":-0.1039,"gi_pvalue":0.03,"significance":"cold_95"}},{"type":"Feature","geometry":{"type":"Point","coordinates":[77.10588,14.05856]},"properties":{"cell_id":111308,"case_count":1,"gi_zscore":-0.1039,"gi_pvalue":0.03,"significance":"cold_95"}},{"type":"Feature","geometry":{"type":"Point","coordinates":[75.12941,14.06757]},"properties":{"cell_id":111531,"case_count":1,"gi_zscore":-0.0907,"gi_pvalue":0.393,"significance":"not_sig"}},{"type":"Feature","geometry":{"type":"Point","coordinates":[75.92941,14.06757]},"properties":{"cell_id":111599,"case_count":1,"gi_zscore":-0.0951,"gi_pvalue":0.489,"significance":"not_sig"}},{"type":"Feature","geometry":{"type":"Point","coordinates":[77.08235,14.06757]},"properties":{"cell_id":111697,"case_count":1,"gi_zscore":-0.1039,"gi_pvalue":0.03,"significance":"cold_95"}},{"type":"Feature","geometry":{"type":"Point","coordinates":[74.49412,14.07658]},"properties":{"cell_id":111868,"case_count":1,"gi_zscore":-0.1039,"gi_pvalue":0.091,"significance":"cold_90"}},{"type":"Feature","geometry":{"type":"Point","coordinates":[74.50588,14.07658]},"properties":{"cell_id":111869,"case_count":1,"gi_zscore":-0.1039,"gi_pvalue":0.091,"significance":"cold_90"}},{"type":"Feature","geometry":{"type":"Point","coordinates":[75.21176,14.07658]},"properties":{"cell_id":111929,"case_count":1,"gi_zscore":-0.098,"gi_pvalue":0.388,"significance":"not_sig"}},{"type":"Feature","geometry":{"type":"Point","coordinates":[76.16471,14.07658]},"properties":{"cell_id":112010,"case_count":1,"gi_zscore":-0.101,"gi_pvalue":0.175,"significance":"not_sig"}},{"type":"Feature","geometry":{"type":"Point","coordinates":[75.88235,14.08559]},"properties":{"cell_id":112377,"case_count":2,"gi_zscore":-0.0995,"gi_pvalue":0.176,"significance":"not_sig"}},{"type":"Feature","geometry":{"type":"Point","coordinates":[76.02353,14.08559]},"properties":{"cell_id":112389,"case_count":1,"gi_zscore":-0.1054,"gi_pvalue":0.03,"significance":"cold_95"}},{"type":"Feature","geometry":{"type":"Point","coordinates":[74.50588,14.09459]},"properties":{"cell_id":112651,"case_count":1,"gi_zscore":-0.1054,"gi_pvalue":0.03,"significance":"cold_95"}},{"type":"Feature","geometry":{"type":"Point","coordinates":[75.49412,14.09459]},"properties":{"cell_id":112735,"case_count":1,"gi_zscore":-0.1054,"gi_pvalue":0.03,"significance":"cold_95"}},{"type":"Feature","geometry":{"type":"Point","coordinates":[75.54118,14.09459]},"properties":{"cell_id":112739,"case_count":1,"gi_zscore":-0.1054,"gi_pvalue":0.03,"significance":"cold_95"}},{"type":"Feature","geometry":{"type":"Point","coordinates":[77.28235,14.09459]},"properties":{"cell_id":112887,"case_count":1,"gi_zscore":-0.101,"gi_pvalue":0.176,"significance":"not_sig"}},{"type":"Feature","geometry":{"type":"Point","coordinates":[77.29412,14.09459]},"properties":{"cell_id":112888,"case_count":2,"gi_zscore":-0.101,"gi_pvalue":0.091,"significance":"cold_90"}},{"type":"Feature","geometry":{"type":"Point","coordinates":[74.50588,14.1036]},"properties":{"cell_id":113042,"case_count":1,"gi_zscore":-0.1054,"gi_pvalue":0.03,"significance":"cold_95"}},{"type":"Feature","geometry":{"type":"Point","coordinates":[75.52941,14.1036]},"properties":{"cell_id":113129,"case_count":1,"gi_zscore":-0.1054,"gi_pvalue":0.03,"significance":"cold_95"}},{"type":"Feature","geometry":{"type":"Point","coordinates":[75.68235,14.1036]},"properties":{"cell_id":113142,"case_count":1,"gi_zscore":-0.1039,"gi_pvalue":0.091,"significance":"cold_90"}},{"type":"Feature","geometry":{"type":"Point","coordinates":[75.94118,14.1036]},"properties":{"cell_id":113164,"case_count":1,"gi_zscore":-0.1025,"gi_pvalue":0.091,"significance":"cold_90"}},{"type":"Feature","geometry":{"type":"Point","coordinates":[75.96471,14.1036]},"properties":{"cell_id":113166,"case_count":1,"gi_zscore":-0.1054,"gi_pvalue":0.03,"significance":"cold_95"}},{"type":"Feature","geometry":{"type":"Point","coordinates":[77.28235,14.1036]},"properties":{"cell_id":113278,"case_count":3,"gi_zscore":-0.101,"gi_pvalue":0.091,"significance":"cold_90"}},{"type":"Feature","geometry":{"type":"Point","coordinates":[74.50588,14.11261]},"properties":{"cell_id":113433,"case_count":1,"gi_zscore":-0.1054,"gi_pvalue":0.03,"significance":"cold_95"}},{"type":"Feature","geometry":{"type":"Point","coordinates":[76.01176,14.11261]},"properties":{"cell_id":113561,"case_count":1,"gi_zscore":-0.1039,"gi_pvalue":0.03,"significance":"cold_95"}},{"type":"Feature","geometry":{"type":"Point","coordinates":[77.25882,14.11261]},"properties":{"cell_id":113667,"case_count":1,"gi_zscore":-0.101,"gi_pvalue":0.176,"significance":"not_sig"}},{"type":"Feature","geometry":{"type":"Point","coordinates":[75.07059,14.12162]},"properties":{"cell_id":113872,"case_count":1,"gi_zscore":-0.0966,"gi_pvalue":0.448,"significance":"not_sig"}},{"type":"Feature","geometry":{"type":"Point","coordinates":[75.63529,14.12162]},"properties":{"cell_id":113920,"case_count":1,"gi_zscore":-0.1054,"gi_pvalue":0.03,"significance":"cold_95"}},{"type":"Feature","geometry":{"type":"Point","coordinates":[75.2,14.13063]},"properties":{"cell_id":114274,"case_count":5,"gi_zscore":-0.098,"gi_pvalue":0.092,"significance":"cold_90"}},{"type":"Feature","geometry":{"type":"Point","coordinates":[75.88235,14.13063]},"properties":{"cell_id":114332,"case_count":2,"gi_zscore":-0.1025,"gi_pvalue":0.031,"significance":"cold_95"}},{"type":"Feature","geometry":{"type":"Point","coordinates":[75.98824,14.13063]},"properties":{"cell_id":114341,"case_count":1,"gi_zscore":-0.1039,"gi_pvalue":0.03,"significance":"cold_95"}},{"type":"Feature","geometry":{"type":"Point","coordinates":[77.03529,14.13063]},"properties":{"cell_id":114430,"case_count":1,"gi_zscore":-0.101,"gi_pvalue":0.165,"significance":"not_sig"}},{"type":"Feature","geometry":{"type":"Point","coordinates":[74.48235,14.13964]},"properties":{"cell_id":114604,"case_count":1,"gi_zscore":-0.1054,"gi_pvalue":0.03,"significance":"cold_95"}},{"type":"Feature","geometry":{"type":"Point","coordinates":[75.03529,14.14865]},"properties":{"cell_id":115042,"case_count":1,"gi_zscore":-0.0966,"gi_pvalue":0.448,"significance":"not_sig"}},{"type":"Feature","geometry":{"type":"Point","coordinates":[75.57647,14.14865]},"properties":{"cell_id":115088,"case_count":1,"gi_zscore":-0.1039,"gi_pvalue":0.03,"significance":"cold_95"}},{"type":"Feature","geometry":{"type":"Point","coordinates":[75.6,14.14865]},"properties":{"cell_id":115090,"case_count":1,"gi_zscore":-0.1039,"gi_pvalue":0.03,"significance":"cold_95"}},{"type":"Feature","geometry":{"type":"Point","coordinates":[75.89412,14.14865]},"properties":{"cell_id":115115,"case_count":1,"gi_zscore":-0.1025,"gi_pvalue":0.165,"significance":"not_sig"}},{"type":"Feature","geometry":{"type":"Point","coordinates":[75.90588,14.14865]},"properties":{"cell_id":115116,"case_count":1,"gi_zscore":-0.1025,"gi_pvalue":0.092,"significance":"cold_90"}},{"type":"Feature","geometry":{"type":"Point","coordinates":[74.49412,14.15766]},"properties":{"cell_id":115387,"case_count":1,"gi_zscore":-0.1054,"gi_pvalue":0.03,"significance":"cold_95"}},{"type":"Feature","geometry":{"type":"Point","coordinates":[76.01176,14.15766]},"properties":{"cell_id":115516,"case_count":1,"gi_zscore":-0.1039,"gi_pvalue":0.03,"significance":"cold_95"}},{"type":"Feature","geometry":{"type":"Point","coordinates":[75.01176,14.16667]},"properties":{"cell_id":115822,"case_count":1,"gi_zscore":-0.0966,"gi_pvalue":0.448,"significance":"not_sig"}},{"type":"Feature","geometry":{"type":"Point","coordinates":[75.02353,14.16667]},"properties":{"cell_id":115823,"case_count":5,"gi_zscore":-0.0966,"gi_pvalue":0.165,"significance":"not_sig"}},{"type":"Feature","geometry":{"type":"Point","coordinates":[75.03529,14.16667]},"properties":{"cell_id":115824,"case_count":3,"gi_zscore":-0.0966,"gi_pvalue":0.322,"significance":"not_sig"}},{"type":"Feature","geometry":{"type":"Point","coordinates":[77.38824,14.16667]},"properties":{"cell_id":116024,"case_count":1,"gi_zscore":-0.101,"gi_pvalue":0.178,"significance":"not_sig"}},{"type":"Feature","geometry":{"type":"Point","coordinates":[75.56471,14.17568]},"properties":{"cell_id":116260,"case_count":1,"gi_zscore":-0.1039,"gi_pvalue":0.029,"significance":"cold_95"}},{"type":"Feature","geometry":{"type":"Point","coordinates":[76.0,14.17568]},"properties":{"cell_id":116297,"case_count":2,"gi_zscore":-0.1039,"gi_pvalue":0.001,"significance":"cold_99"}},{"type":"Feature","geometry":{"type":"Point","coordinates":[77.10588,14.17568]},"properties":{"cell_id":116391,"case_count":2,"gi_zscore":-0.1025,"gi_pvalue":0.029,"significance":"cold_95"}},{"type":"Feature","geometry":{"type":"Point","coordinates":[74.48235,14.18468]},"properties":{"cell_id":116559,"case_count":1,"gi_zscore":-0.1054,"gi_pvalue":0.029,"significance":"cold_95"}},{"type":"Feature","geometry":{"type":"Point","coordinates":[75.02353,14.18468]},"properties":{"cell_id":116605,"case_count":1,"gi_zscore":-0.0966,"gi_pvalue":0.449,"significance":"not_sig"}},{"type":"Feature","geometry":{"type":"Point","coordinates":[75.91765,14.18468]},"properties":{"cell_id":116681,"case_count":1,"gi_zscore":-0.101,"gi_pvalue":0.178,"significance":"not_sig"}},{"type":"Feature","geometry":{"type":"Point","coordinates":[77.04706,14.18468]},"properties":{"cell_id":116777,"case_count":1,"gi_zscore":-0.101,"gi_pvalue":0.178,"significance":"not_sig"}},{"type":"Feature","geometry":{"type":"Point","coordinates":[77.36471,14.18468]},"properties":{"cell_id":116804,"case_count":1,"gi_zscore":-0.101,"gi_pvalue":0.178,"significance":"not_sig"}},{"type":"Feature","geometry":{"type":"Point","coordinates":[74.47059,14.19369]},"properties":{"cell_id":116949,"case_count":1,"gi_zscore":-0.1054,"gi_pvalue":0.029,"significance":"cold_95"}},{"type":"Feature","geometry":{"type":"Point","coordinates":[75.03529,14.19369]},"properties":{"cell_id":116997,"case_count":1,"gi_zscore":-0.0966,"gi_pvalue":0.449,"significance":"not_sig"}},{"type":"Feature","geometry":{"type":"Point","coordinates":[75.95294,14.2027]},"properties":{"cell_id":117466,"case_count":1,"gi_zscore":-0.1025,"gi_pvalue":0.091,"significance":"cold_90"}},{"type":"Feature","geometry":{"type":"Point","coordinates":[76.04706,14.2027]},"properties":{"cell_id":117474,"case_count":1,"gi_zscore":-0.1025,"gi_pvalue":0.091,"significance":"cold_90"}},{"type":"Feature","geometry":{"type":"Point","coordinates":[77.14118,14.2027]},"properties":{"cell_id":117567,"case_count":1,"gi_zscore":-0.1025,"gi_pvalue":0.091,"significance":"cold_90"}},{"type":"Feature","geometry":{"type":"Point","coordinates":[77.32941,14.2027]},"properties":{"cell_id":117583,"case_count":1,"gi_zscore":-0.101,"gi_pvalue":0.178,"significance":"not_sig"}},{"type":"Feature","geometry":{"type":"Point","coordinates":[75.34118,14.21171]},"properties":{"cell_id":117805,"case_count":2,"gi_zscore":-0.1039,"gi_pvalue":0.029,"significance":"cold_95"}},{"type":"Feature","geometry":{"type":"Point","coordinates":[76.38824,14.21171]},"properties":{"cell_id":117894,"case_count":1,"gi_zscore":-0.0995,"gi_pvalue":0.301,"significance":"not_sig"}},{"type":"Feature","geometry":{"type":"Point","coordinates":[75.4,14.22072]},"properties":{"cell_id":118201,"case_count":1,"gi_zscore":-0.1039,"gi_pvalue":0.09,"significance":"cold_90"}},{"type":"Feature","geometry":{"type":"Point","coordinates":[75.88235,14.22072]},"properties":{"cell_id":118242,"case_count":1,"gi_zscore":-0.101,"gi_pvalue":0.178,"significance":"not_sig"}},{"type":"Feature","geometry":{"type":"Point","coordinates":[75.90588,14.22072]},"properties":{"cell_id":118244,"case_count":1,"gi_zscore":-0.1025,"gi_pvalue":0.09,"significance":"cold_90"}},{"type":"Feature","geometry":{"type":"Point","coordinates":[76.25882,14.22072]},"properties":{"cell_id":118274,"case_count":1,"gi_zscore":-0.1039,"gi_pvalue":0.09,"significance":"cold_90"}},{"type":"Feature","geometry":{"type":"Point","coordinates":[76.37647,14.22072]},"properties":{"cell_id":118284,"case_count":1,"gi_zscore":-0.101,"gi_pvalue":0.178,"significance":"not_sig"}},{"type":"Feature","geometry":{"type":"Point","coordinates":[76.38824,14.22072]},"properties":{"cell_id":118285,"case_count":2,"gi_zscore":-0.0995,"gi_pvalue":0.178,"significance":"not_sig"}},{"type":"Feature","geometry":{"type":"Point","coordinates":[76.4,14.22072]},"properties":{"cell_id":118286,"case_count":1,"gi_zscore":-0.0995,"gi_pvalue":0.301,"significance":"not_sig"}},{"type":"Feature","geometry":{"type":"Point","coordinates":[76.41176,14.22072]},"properties":{"cell_id":118287,"case_count":2,"gi_zscore":-0.0995,"gi_pvalue":0.178,"significance":"not_sig"}},{"type":"Feature","geometry":{"type":"Point","coordinates":[76.37647,14.22973]},"properties":{"cell_id":118675,"case_count":1,"gi_zscore":-0.101,"gi_pvalue":0.178,"significance":"not_sig"}},{"type":"Feature","geometry":{"type":"Point","coordinates":[76.4,14.22973]},"properties":{"cell_id":118677,"case_count":2,"gi_zscore":-0.0995,"gi_pvalue":0.178,"significance":"not_sig"}},{"type":"Feature","geometry":{"type":"Point","coordinates":[76.41176,14.22973]},"properties":{"cell_id":118678,"case_count":1,"gi_zscore":-0.0995,"gi_pvalue":0.3,"significance":"not_sig"}},{"type":"Feature","geometry":{"type":"Point","coordinates":[77.27059,14.22973]},"properties":{"cell_id":118751,"case_count":1,"gi_zscore":-0.101,"gi_pvalue":0.178,"significance":"not_sig"}},{"type":"Feature","geometry":{"type":"Point","coordinates":[75.63529,14.23874]},"properties":{"cell_id":119003,"case_count":1,"gi_zscore":-0.1039,"gi_pvalue":0.03,"significance":"cold_95"}},{"type":"Feature","geometry":{"type":"Point","coordinates":[75.64706,14.23874]},"properties":{"cell_id":119004,"case_count":2,"gi_zscore":-0.1039,"gi_pvalue":0.001,"significance":"cold_99"}},{"type":"Feature","geometry":{"type":"Point","coordinates":[75.90588,14.23874]},"properties":{"cell_id":119026,"case_count":2,"gi_zscore":-0.1025,"gi_pvalue":0.03,"significance":"cold_95"}},{"type":"Feature","geometry":{"type":"Point","coordinates":[76.38824,14.23874]},"properties":{"cell_id":119067,"case_count":1,"gi_zscore":-0.101,"gi_pvalue":0.178,"significance":"not_sig"}},{"type":"Feature","geometry":{"type":"Point","coordinates":[76.4,14.23874]},"properties":{"cell_id":119068,"case_count":2,"gi_zscore":-0.0995,"gi_pvalue":0.178,"significance":"not_sig"}},{"type":"Feature","geometry":{"type":"Point","coordinates":[77.43529,14.23874]},"properties":{"cell_id":119156,"case_count":1,"gi_zscore":-0.101,"gi_pvalue":0.178,"significance":"not_sig"}},{"type":"Feature","geometry":{"type":"Point","coordinates":[74.65882,14.24775]},"properties":{"cell_id":119311,"case_count":1,"gi_zscore":-0.1054,"gi_pvalue":0.03,"significance":"cold_95"}},{"type":"Feature","geometry":{"type":"Point","coordinates":[75.88235,14.24775]},"properties":{"cell_id":119415,"case_count":2,"gi_zscore":-0.1025,"gi_pvalue":0.03,"significance":"cold_95"}},{"type":"Feature","geometry":{"type":"Point","coordinates":[76.38824,14.24775]},"properties":{"cell_id":119458,"case_count":1,"gi_zscore":-0.101,"gi_pvalue":0.178,"significance":"not_sig"}},{"type":"Feature","geometry":{"type":"Point","coordinates":[75.35294,14.25676]},"properties":{"cell_id":119761,"case_count":1,"gi_zscore":-0.1039,"gi_pvalue":0.09,"significance":"cold_90"}},{"type":"Feature","geometry":{"type":"Point","coordinates":[76.35294,14.25676]},"properties":{"cell_id":119846,"case_count":1,"gi_zscore":-0.101,"gi_pvalue":0.178,"significance":"not_sig"}},{"type":"Feature","geometry":{"type":"Point","coordinates":[76.88235,14.25676]},"properties":{"cell_id":119891,"case_count":3,"gi_zscore":-0.101,"gi_pvalue":0.09,"significance":"cold_90"}},{"type":"Feature","geometry":{"type":"Point","coordinates":[77.16471,14.25676]},"properties":{"cell_id":119915,"case_count":1,"gi_zscore":-0.1025,"gi_pvalue":0.089,"significance":"cold_90"}},{"type":"Feature","geometry":{"type":"Point","coordinates":[75.96471,14.26577]},"properties":{"cell_id":120204,"case_count":1,"gi_zscore":-0.101,"gi_pvalue":0.177,"significance":"not_sig"}},{"type":"Feature","geometry":{"type":"Point","coordinates":[76.03529,14.26577]},"properties":{"cell_id":120210,"case_count":2,"gi_zscore":-0.1025,"gi_pvalue":0.03,"significance":"cold_95"}},{"type":"Feature","geometry":{"type":"Point","coordinates":[76.85882,14.26577]},"properties":{"cell_id":120280,"case_count":1,"gi_zscore":-0.0995,"gi_pvalue":0.3,"significance":"not_sig"}},{"type":"Feature","geometry":{"type":"Point","coordinates":[74.44706,14.27477]},"properties":{"cell_id":120466,"case_count":1,"gi_zscore":-0.1054,"gi_pvalue":0.029,"significance":"cold_95"}},{"type":"Feature","geometry":{"type":"Point","coordinates":[75.35294,14.27477]},"properties":{"cell_id":120543,"case_count":1,"gi_zscore":-0.1039,"gi_pvalue":0.089,"significance":"cold_90"}},{"type":"Feature","geometry":{"type":"Point","coordinates":[74.44706,14.28378]},"properties":{"cell_id":120857,"case_count":1,"gi_zscore":-0.1054,"gi_pvalue":0.029,"significance":"cold_95"}},{"type":"Feature","geometry":{"type":"Point","coordinates":[74.45882,14.28378]},"properties":{"cell_id":120858,"case_count":1,"gi_zscore":-0.1054,"gi_pvalue":0.029,"significance":"cold_95"}},{"type":"Feature","geometry":{"type":"Point","coordinates":[75.30588,14.28378]},"properties":{"cell_id":120930,"case_count":1,"gi_zscore":-0.1039,"gi_pvalue":0.089,"significance":"cold_90"}},{"type":"Feature","geometry":{"type":"Point","coordinates":[76.16471,14.28378]},"properties":{"cell_id":121003,"case_count":1,"gi_zscore":-0.1025,"gi_pvalue":0.089,"significance":"cold_90"}},{"type":"Feature","geometry":{"type":"Point","coordinates":[77.17647,14.28378]},"properties":{"cell_id":121089,"case_count":1,"gi_zscore":-0.1025,"gi_pvalue":0.089,"significance":"cold_90"}},{"type":"Feature","geometry":{"type":"Point","coordinates":[77.2,14.28378]},"properties":{"cell_id":121091,"case_count":2,"gi_zscore":-0.1025,"gi_pvalue":0.029,"significance":"cold_95"}},{"type":"Feature","geometry":{"type":"Point","coordinates":[74.49412,14.29279]},"properties":{"cell_id":121252,"case_count":1,"gi_zscore":-0.1054,"gi_pvalue":0.029,"significance":"cold_95"}},{"type":"Feature","geometry":{"type":"Point","coordinates":[75.32941,14.29279]},"properties":{"cell_id":121323,"case_count":1,"gi_zscore":-0.1039,"gi_pvalue":0.09,"significance":"cold_90"}},{"type":"Feature","geometry":{"type":"Point","coordinates":[75.32941,14.3018]},"properties":{"cell_id":121714,"case_count":1,"gi_zscore":-0.1039,"gi_pvalue":0.09,"significance":"cold_90"}},{"type":"Feature","geometry":{"type":"Point","coordinates":[76.04706,14.31081]},"properties":{"cell_id":122166,"case_count":1,"gi_zscore":-0.1025,"gi_pvalue":0.09,"significance":"cold_90"}},{"type":"Feature","geometry":{"type":"Point","coordinates":[74.90588,14.31982]},"properties":{"cell_id":122460,"case_count":1,"gi_zscore":-0.1039,"gi_pvalue":0.029,"significance":"cold_95"}},{"type":"Feature","geometry":{"type":"Point","coordinates":[75.76471,14.31982]},"properties":{"cell_id":122533,"case_count":1,"gi_zscore":-0.101,"gi_pvalue":0.178,"significance":"not_sig"}},{"type":"Feature","geometry":{"type":"Point","coordinates":[75.8,14.31982]},"properties":{"cell_id":122536,"case_count":2,"gi_zscore":-0.101,"gi_pvalue":0.09,"significance":"cold_90"}},{"type":"Feature","geometry":{"type":"Point","coordinates":[76.64706,14.31982]},"properties":{"cell_id":122608,"case_count":1,"gi_zscore":-0.0966,"gi_pvalue":0.449,"significance":"not_sig"}},{"type":"Feature","geometry":{"type":"Point","coordinates":[74.49412,14.32883]},"properties":{"cell_id":122816,"case_count":1,"gi_zscore":-0.1039,"gi_pvalue":0.029,"significance":"cold_95"}},{"type":"Feature","geometry":{"type":"Point","coordinates":[74.88235,14.33784]},"properties":{"cell_id":123240,"case_count":1,"gi_zscore":-0.1039,"gi_pvalue":0.09,"significance":"cold_90"}},{"type":"Feature","geometry":{"type":"Point","coordinates":[74.90588,14.33784]},"properties":{"cell_id":123242,"case_count":2,"gi_zscore":-0.1039,"gi_pvalue":0.029,"significance":"cold_95"}},{"type":"Feature","geometry":{"type":"Point","coordinates":[75.36471,14.33784]},"properties":{"cell_id":123281,"case_count":1,"gi_zscore":-0.1054,"gi_pvalue":0.029,"significance":"cold_95"}},{"type":"Feature","geometry":{"type":"Point","coordinates":[74.89412,14.34685]},"properties":{"cell_id":123632,"case_count":1,"gi_zscore":-0.1039,"gi_pvalue":0.09,"significance":"cold_90"}},{"type":"Feature","geometry":{"type":"Point","coordinates":[75.90588,14.34685]},"properties":{"cell_id":123718,"case_count":1,"gi_zscore":-0.1025,"gi_pvalue":0.09,"significance":"cold_90"}},{"type":"Feature","geometry":{"type":"Point","coordinates":[74.75294,14.35586]},"properties":{"cell_id":124011,"case_count":1,"gi_zscore":-0.1039,"gi_pvalue":0.09,"significance":"cold_90"}},{"type":"Feature","geometry":{"type":"Point","coordinates":[74.8,14.35586]},"properties":{"cell_id":124015,"case_count":1,"gi_zscore":-0.1039,"gi_pvalue":0.09,"significance":"cold_90"}},{"type":"Feature","geometry":{"type":"Point","coordinates":[75.72941,14.35586]},"properties":{"cell_id":124094,"case_count":1,"gi_zscore":-0.101,"gi_pvalue":0.178,"significance":"not_sig"}},{"type":"Feature","geometry":{"type":"Point","coordinates":[75.74118,14.35586]},"properties":{"cell_id":124095,"case_count":3,"gi_zscore":-0.101,"gi_pvalue":0.09,"significance":"cold_90"}},{"type":"Feature","geometry":{"type":"Point","coordinates":[75.74118,14.36486]},"properties":{"cell_id":124486,"case_count":1,"gi_zscore":-0.101,"gi_pvalue":0.177,"significance":"not_sig"}},{"type":"Feature","geometry":{"type":"Point","coordinates":[75.77647,14.36486]},"properties":{"cell_id":124489,"case_count":1,"gi_zscore":-0.101,"gi_pvalue":0.177,"significance":"not_sig"}},{"type":"Feature","geometry":{"type":"Point","coordinates":[76.18824,14.36486]},"properties":{"cell_id":124524,"case_count":1,"gi_zscore":-0.1039,"gi_pvalue":0.09,"significance":"cold_90"}},{"type":"Feature","geometry":{"type":"Point","coordinates":[75.09412,14.37387]},"properties":{"cell_id":124822,"case_count":1,"gi_zscore":-0.1039,"gi_pvalue":0.029,"significance":"cold_95"}},{"type":"Feature","geometry":{"type":"Point","coordinates":[75.71765,14.37387]},"properties":{"cell_id":124875,"case_count":1,"gi_zscore":-0.101,"gi_pvalue":0.177,"significance":"not_sig"}},{"type":"Feature","geometry":{"type":"Point","coordinates":[75.75294,14.37387]},"properties":{"cell_id":124878,"case_count":1,"gi_zscore":-0.101,"gi_pvalue":0.177,"significance":"not_sig"}},{"type":"Feature","geometry":{"type":"Point","coordinates":[76.04706,14.37387]},"properties":{"cell_id":124903,"case_count":1,"gi_zscore":-0.1025,"gi_pvalue":0.09,"significance":"cold_90"}},{"type":"Feature","geometry":{"type":"Point","coordinates":[76.12941,14.37387]},"properties":{"cell_id":124910,"case_count":2,"gi_zscore":-0.1039,"gi_pvalue":0.001,"significance":"cold_99"}},{"type":"Feature","geometry":{"type":"Point","coordinates":[76.18824,14.37387]},"properties":{"cell_id":124915,"case_count":1,"gi_zscore":-0.1039,"gi_pvalue":0.09,"significance":"cold_90"}},{"type":"Feature","geometry":{"type":"Point","coordinates":[75.24706,14.38288]},"properties":{"cell_id":125226,"case_count":1,"gi_zscore":-0.1039,"gi_pvalue":0.029,"significance":"cold_95"}},{"type":"Feature","geometry":{"type":"Point","coordinates":[75.41176,14.38288]},"properties":{"cell_id":125240,"case_count":1,"gi_zscore":-0.1039,"gi_pvalue":0.029,"significance":"cold_95"}},{"type":"Feature","geometry":{"type":"Point","coordinates":[75.45882,14.38288]},"properties":{"cell_id":125244,"case_count":1,"gi_zscore":-0.1039,"gi_pvalue":0.029,"significance":"cold_95"}},{"type":"Feature","geometry":{"type":"Point","coordinates":[74.48235,14.39189]},"properties":{"cell_id":125552,"case_count":1,"gi_zscore":-0.1039,"gi_pvalue":0.029,"significance":"cold_95"}},{"type":"Feature","geometry":{"type":"Point","coordinates":[75.44706,14.39189]},"properties":{"cell_id":125634,"case_count":1,"gi_zscore":-0.1039,"gi_pvalue":0.029,"significance":"cold_95"}},{"type":"Feature","geometry":{"type":"Point","coordinates":[75.96471,14.39189]},"properties":{"cell_id":125678,"case_count":1,"gi_zscore":-0.1025,"gi_pvalue":0.09,"significance":"cold_90"}},{"type":"Feature","geometry":{"type":"Point","coordinates":[76.04706,14.39189]},"properties":{"cell_id":125685,"case_count":1,"gi_zscore":-0.1039,"gi_pvalue":0.09,"significance":"cold_90"}},{"type":"Feature","geometry":{"type":"Point","coordinates":[76.05882,14.39189]},"properties":{"cell_id":125686,"case_count":1,"gi_zscore":-0.1039,"gi_pvalue":0.09,"significance":"cold_90"}},{"type":"Feature","geometry":{"type":"Point","coordinates":[75.48235,14.4009]},"properties":{"cell_id":126028,"case_count":1,"gi_zscore":-0.1039,"gi_pvalue":0.029,"significance":"cold_95"}},{"type":"Feature","geometry":{"type":"Point","coordinates":[75.82353,14.4009]},"properties":{"cell_id":126057,"case_count":1,"gi_zscore":-0.1039,"gi_pvalue":0.029,"significance":"cold_95"}},{"type":"Feature","geometry":{"type":"Point","coordinates":[75.83529,14.4009]},"properties":{"cell_id":126058,"case_count":1,"gi_zscore":-0.1039,"gi_pvalue":0.029,"significance":"cold_95"}},{"type":"Feature","geometry":{"type":"Point","coordinates":[76.43529,14.4009]},"properties":{"cell_id":126109,"case_count":2,"gi_zscore":-0.098,"gi_pvalue":0.299,"significance":"not_sig"}},{"type":"Feature","geometry":{"type":"Point","coordinates":[75.50588,14.41892]},"properties":{"cell_id":126812,"case_count":1,"gi_zscore":-0.1054,"gi_pvalue":0.029,"significance":"cold_95"}},{"type":"Feature","geometry":{"type":"Point","coordinates":[75.61176,14.41892]},"properties":{"cell_id":126821,"case_count":1,"gi_zscore":-0.101,"gi_pvalue":0.178,"significance":"not_sig"}},{"type":"Feature","geometry":{"type":"Point","coordinates":[75.85882,14.41892]},"properties":{"cell_id":126842,"case_count":1,"gi_zscore":-0.1025,"gi_pvalue":0.089,"significance":"cold_90"}},{"type":"Feature","geometry":{"type":"Point","coordinates":[75.90588,14.41892]},"properties":{"cell_id":126846,"case_count":1,"gi_zscore":-0.0936,"gi_pvalue":0.485,"significance":"not_sig"}},{"type":"Feature","geometry":{"type":"Point","coordinates":[75.92941,14.41892]},"properties":{"cell_id":126848,"case_count":1,"gi_zscore":-0.0907,"gi_pvalue":0.395,"significance":"not_sig"}},{"type":"Feature","geometry":{"type":"Point","coordinates":[75.94118,14.41892]},"properties":{"cell_id":126849,"case_count":2,"gi_zscore":-0.098,"gi_pvalue":0.299,"significance":"not_sig"}},{"type":"Feature","geometry":{"type":"Point","coordinates":[74.42353,14.42793]},"properties":{"cell_id":127111,"case_count":2,"gi_zscore":-0.1039,"gi_pvalue":0.029,"significance":"cold_95"}},{"type":"Feature","geometry":{"type":"Point","coordinates":[75.50588,14.42793]},"properties":{"cell_id":127203,"case_count":1,"gi_zscore":-0.1054,"gi_pvalue":0.029,"significance":"cold_95"}},{"type":"Feature","geometry":{"type":"Point","coordinates":[75.85882,14.42793]},"properties":{"cell_id":127233,"case_count":1,"gi_zscore":-0.1025,"gi_pvalue":0.089,"significance":"cold_90"}},{"type":"Feature","geometry":{"type":"Point","coordinates":[75.94118,14.42793]},"properties":{"cell_id":127240,"case_count":2,"gi_zscore":-0.0951,"gi_pvalue":0.452,"significance":"not_sig"}},{"type":"Feature","geometry":{"type":"Point","coordinates":[76.09412,14.42793]},"properties":{"cell_id":127253,"case_count":1,"gi_zscore":-0.1039,"gi_pvalue":0.089,"significance":"cold_90"}},{"type":"Feature","geometry":{"type":"Point","coordinates":[74.42353,14.43694]},"properties":{"cell_id":127502,"case_count":1,"gi_zscore":-0.1039,"gi_pvalue":0.089,"significance":"cold_90"}},{"type":"Feature","geometry":{"type":"Point","coordinates":[74.43529,14.43694]},"properties":{"cell_id":127503,"case_count":1,"gi_zscore":-0.1039,"gi_pvalue":0.089,"significance":"cold_90"}},{"type":"Feature","geometry":{"type":"Point","coordinates":[75.76471,14.43694]},"properties":{"cell_id":127616,"case_count":1,"gi_zscore":-0.1054,"gi_pvalue":0.029,"significance":"cold_95"}},{"type":"Feature","geometry":{"type":"Point","coordinates":[75.89412,14.43694]},"properties":{"cell_id":127627,"case_count":1,"gi_zscore":-0.0877,"gi_pvalue":0.347,"significance":"not_sig"}},{"type":"Feature","geometry":{"type":"Point","coordinates":[75.91765,14.43694]},"properties":{"cell_id":127629,"case_count":3,"gi_zscore":-0.0789,"gi_pvalue":0.254,"significance":"not_sig"}},{"type":"Feature","geometry":{"type":"Point","coordinates":[75.92941,14.43694]},"properties":{"cell_id":127630,"case_count":1,"gi_zscore":-0.0863,"gi_pvalue":0.297,"significance":"not_sig"}},{"type":"Feature","geometry":{"type":"Point","coordinates":[75.94118,14.43694]},"properties":{"cell_id":127631,"case_count":1,"gi_zscore":-0.0907,"gi_pvalue":0.396,"significance":"not_sig"}},{"type":"Feature","geometry":{"type":"Point","coordinates":[75.96471,14.43694]},"properties":{"cell_id":127633,"case_count":1,"gi_zscore":-0.0966,"gi_pvalue":0.452,"significance":"not_sig"}},{"type":"Feature","geometry":{"type":"Point","coordinates":[76.83529,14.43694]},"properties":{"cell_id":127707,"case_count":1,"gi_zscore":-0.101,"gi_pvalue":0.178,"significance":"not_sig"}},{"type":"Feature","geometry":{"type":"Point","coordinates":[74.87059,14.44595]},"properties":{"cell_id":127931,"case_count":1,"gi_zscore":-0.1039,"gi_pvalue":0.09,"significance":"cold_90"}},{"type":"Feature","geometry":{"type":"Point","coordinates":[75.64706,14.44595]},"properties":{"cell_id":127997,"case_count":4,"gi_zscore":-0.101,"gi_pvalue":0.03,"significance":"cold_95"}},{"type":"Feature","geometry":{"type":"Point","coordinates":[75.89412,14.44595]},"properties":{"cell_id":128018,"case_count":1,"gi_zscore":-0.0833,"gi_pvalue":0.259,"significance":"not_sig"}},{"type":"Feature","geometry":{"type":"Point","coordinates":[75.90588,14.44595]},"properties":{"cell_id":128019,"case_count":3,"gi_zscore":-0.0701,"gi_pvalue":0.186,"significance":"not_sig"}},{"type":"Feature","geometry":{"type":"Point","coordinates":[75.91765,14.44595]},"properties":{"cell_id":128020,"case_count":4,"gi_zscore":-0.0612,"gi_pvalue":0.145,"significance":"not_sig"}},{"type":"Feature","geometry":{"type":"Point","coordinates":[75.92941,14.44595]},"properties":{"cell_id":128021,"case_count":4,"gi_zscore":-0.0804,"gi_pvalue":0.28,"significance":"not_sig"}},{"type":"Feature","geometry":{"type":"Point","coordinates":[75.94118,14.44595]},"properties":{"cell_id":128022,"case_count":1,"gi_zscore":-0.0877,"gi_pvalue":0.347,"significance":"not_sig"}},{"type":"Feature","geometry":{"type":"Point","coordinates":[75.95294,14.44595]},"properties":{"cell_id":128023,"case_count":1,"gi_zscore":-0.0922,"gi_pvalue":0.44,"significance":"not_sig"}},{"type":"Feature","geometry":{"type":"Point","coordinates":[76.67059,14.44595]},"properties":{"cell_id":128084,"case_count":2,"gi_zscore":-0.0966,"gi_pvalue":0.389,"significance":"not_sig"}},{"type":"Feature","geometry":{"type":"Point","coordinates":[75.38824,14.45495]},"properties":{"cell_id":128366,"case_count":2,"gi_zscore":-0.101,"gi_pvalue":0.091,"significance":"cold_90"}},{"type":"Feature","geometry":{"type":"Point","coordinates":[75.4,14.45495]},"properties":{"cell_id":128367,"case_count":1,"gi_zscore":-0.101,"gi_pvalue":0.167,"significance":"not_sig"}},{"type":"Feature","geometry":{"type":"Point","coordinates":[75.87059,14.45495]},"properties":{"cell_id":128407,"case_count":2,"gi_zscore":-0.0922,"gi_pvalue":0.484,"significance":"not_sig"}},{"type":"Feature","geometry":{"type":"Point","coordinates":[75.89412,14.45495]},"properties":{"cell_id":128409,"case_count":2,"gi_zscore":-0.0892,"gi_pvalue":0.396,"significance":"not_sig"}},{"type":"Feature","geometry":{"type":"Point","coordinates":[75.91765,14.45495]},"properties":{"cell_id":128411,"case_count":5,"gi_zscore":-0.0568,"gi_pvalue":0.137,"significance":"not_sig"}},{"type":"Feature","geometry":{"type":"Point","coordinates":[75.92941,14.45495]},"properties":{"cell_id":128412,"case_count":5,"gi_zscore":-0.0671,"gi_pvalue":0.181,"significance":"not_sig"}},{"type":"Feature","geometry":{"type":"Point","coordinates":[75.94118,14.45495]},"properties":{"cell_id":128413,"case_count":2,"gi_zscore":-0.0833,"gi_pvalue":0.281,"significance":"not_sig"}},{"type":"Feature","geometry":{"type":"Point","coordinates":[75.89412,14.46396]},"properties":{"cell_id":128800,"case_count":1,"gi_zscore":-0.0789,"gi_pvalue":0.224,"significance":"not_sig"}},{"type":"Feature","geometry":{"type":"Point","coordinates":[75.90588,14.46396]},"properties":{"cell_id":128801,"case_count":5,"gi_zscore":-0.0612,"gi_pvalue":0.146,"significance":"not_sig"}},{"type":"Feature","geometry":{"type":"Point","coordinates":[75.91765,14.46396]},"properties":{"cell_id":128802,"case_count":9,"gi_zscore":-0.048,"gi_pvalue":0.135,"significance":"not_sig"}},{"type":"Feature","geometry":{"type":"Point","coordinates":[75.92941,14.46396]},"properties":{"cell_id":128803,"case_count":4,"gi_zscore":-0.048,"gi_pvalue":0.123,"significance":"not_sig"}},{"type":"Feature","geometry":{"type":"Point","coordinates":[75.67059,14.47297]},"properties":{"cell_id":129172,"case_count":1,"gi_zscore":-0.101,"gi_pvalue":0.179,"significance":"not_sig"}},{"type":"Feature","geometry":{"type":"Point","coordinates":[75.89412,14.47297]},"properties":{"cell_id":129191,"case_count":2,"gi_zscore":-0.0701,"gi_pvalue":0.174,"significance":"not_sig"}},{"type":"Feature","geometry":{"type":"Point","coordinates":[75.90588,14.47297]},"properties":{"cell_id":129192,"case_count":3,"gi_zscore":-0.0642,"gi_pvalue":0.15,"significance":"not_sig"}},{"type":"Feature","geometry":{"type":"Point","coordinates":[75.91765,14.47297]},"properties":{"cell_id":129193,"case_count":9,"gi_zscore":-0.0554,"gi_pvalue":0.15,"significance":"not_sig"}},{"type":"Feature","geometry":{"type":"Point","coordinates":[74.42353,14.48198]},"properties":{"cell_id":129457,"case_count":1,"gi_zscore":-0.1039,"gi_pvalue":0.089,"significance":"cold_90"}},{"type":"Feature","geometry":{"type":"Point","coordinates":[75.61176,14.48198]},"properties":{"cell_id":129558,"case_count":1,"gi_zscore":-0.101,"gi_pvalue":0.245,"significance":"not_sig"}},{"type":"Feature","geometry":{"type":"Point","coordinates":[75.67059,14.48198]},"properties":{"cell_id":129563,"case_count":1,"gi_zscore":-0.101,"gi_pvalue":0.245,"significance":"not_sig"}},{"type":"Feature","geometry":{"type":"Point","coordinates":[75.8,14.48198]},"properties":{"cell_id":129574,"case_count":1,"gi_zscore":-0.0951,"gi_pvalue":0.485,"significance":"not_sig"}},{"type":"Feature","geometry":{"type":"Point","coordinates":[75.81176,14.48198]},"properties":{"cell_id":129575,"case_count":1,"gi_zscore":-0.0951,"gi_pvalue":0.485,"significance":"not_sig"}},{"type":"Feature","geometry":{"type":"Point","coordinates":[75.90588,14.48198]},"properties":{"cell_id":129583,"case_count":1,"gi_zscore":-0.0701,"gi_pvalue":0.157,"significance":"not_sig"}},{"type":"Feature","geometry":{"type":"Point","coordinates":[75.92941,14.48198]},"properties":{"cell_id":129585,"case_count":6,"gi_zscore":-0.0657,"gi_pvalue":0.182,"significance":"not_sig"}},{"type":"Feature","geometry":{"type":"Point","coordinates":[75.95294,14.48198]},"properties":{"cell_id":129587,"case_count":1,"gi_zscore":-0.0745,"gi_pvalue":0.188,"significance":"not_sig"}},{"type":"Feature","geometry":{"type":"Point","coordinates":[76.01176,14.48198]},"properties":{"cell_id":129592,"case_count":1,"gi_zscore":-0.0966,"gi_pvalue":0.453,"significance":"not_sig"}},{"type":"Feature","geometry":{"type":"Point","coordinates":[75.91765,14.49099]},"properties":{"cell_id":129975,"case_count":1,"gi_zscore":-0.0657,"gi_pvalue":0.144,"significance":"not_sig"}},{"type":"Feature","geometry":{"type":"Point","coordinates":[76.16471,14.49099]},"properties":{"cell_id":129996,"case_count":1,"gi_zscore":-0.1039,"gi_pvalue":0.089,"significance":"cold_90"}},{"type":"Feature","geometry":{"type":"Point","coordinates":[74.36471,14.5]},"properties":{"cell_id":130234,"case_count":1,"gi_zscore":-0.1039,"gi_pvalue":0.089,"significance":"cold_90"}},{"type":"Feature","geometry":{"type":"Point","coordinates":[75.91765,14.5]},"properties":{"cell_id":130366,"case_count":2,"gi_zscore":-0.0686,"gi_pvalue":0.169,"significance":"not_sig"}},{"type":"Feature","geometry":{"type":"Point","coordinates":[74.4,14.50901]},"properties":{"cell_id":130628,"case_count":1,"gi_zscore":-0.1039,"gi_pvalue":0.088,"significance":"cold_90"}},{"type":"Feature","geometry":{"type":"Point","coordinates":[74.84706,14.50901]},"properties":{"cell_id":130666,"case_count":1,"gi_zscore":-0.101,"gi_pvalue":0.178,"significance":"not_sig"}},{"type":"Feature","geometry":{"type":"Point","coordinates":[75.76471,14.50901]},"properties":{"cell_id":130744,"case_count":1,"gi_zscore":-0.0966,"gi_pvalue":0.453,"significance":"not_sig"}},{"type":"Feature","geometry":{"type":"Point","coordinates":[75.81176,14.50901]},"properties":{"cell_id":130748,"case_count":5,"gi_zscore":-0.0936,"gi_pvalue":0.32,"significance":"not_sig"}},{"type":"Feature","geometry":{"type":"Point","coordinates":[75.91765,14.50901]},"properties":{"cell_id":130757,"case_count":1,"gi_zscore":-0.0789,"gi_pvalue":0.216,"significance":"not_sig"}},{"type":"Feature","geometry":{"type":"Point","coordinates":[76.02353,14.50901]},"properties":{"cell_id":130766,"case_count":1,"gi_zscore":-0.0922,"gi_pvalue":0.439,"significance":"not_sig"}},{"type":"Feature","geometry":{"type":"Point","coordinates":[74.31765,14.51802]},"properties":{"cell_id":131012,"case_count":1,"gi_zscore":-0.1054,"gi_pvalue":0.032,"significance":"cold_95"}},{"type":"Feature","geometry":{"type":"Point","coordinates":[75.55294,14.51802]},"properties":{"cell_id":131117,"case_count":1,"gi_zscore":-0.1054,"gi_pvalue":0.032,"significance":"cold_95"}},{"type":"Feature","geometry":{"type":"Point","coordinates":[75.65882,14.51802]},"properties":{"cell_id":131126,"case_count":1,"gi_zscore":-0.101,"gi_pvalue":0.243,"significance":"not_sig"}},{"type":"Feature","geometry":{"type":"Point","coordinates":[75.78824,14.51802]},"properties":{"cell_id":131137,"case_count":1,"gi_zscore":-0.0951,"gi_pvalue":0.486,"significance":"not_sig"}},{"type":"Feature","geometry":{"type":"Point","coordinates":[75.8,14.51802]},"properties":{"cell_id":131138,"case_count":2,"gi_zscore":-0.0951,"gi_pvalue":0.451,"significance":"not_sig"}},{"type":"Feature","geometry":{"type":"Point","coordinates":[75.81176,14.51802]},"properties":{"cell_id":131139,"case_count":2,"gi_zscore":-0.0951,"gi_pvalue":0.451,"significance":"not_sig"}},{"type":"Feature","geometry":{"type":"Point","coordinates":[76.34118,14.51802]},"properties":{"cell_id":131184,"case_count":3,"gi_zscore":-0.101,"gi_pvalue":0.088,"significance":"cold_90"}},{"type":"Feature","geometry":{"type":"Point","coordinates":[75.87059,14.52703]},"properties":{"cell_id":131535,"case_count":2,"gi_zscore":-0.0922,"gi_pvalue":0.441,"significance":"not_sig"}},{"type":"Feature","geometry":{"type":"Point","coordinates":[76.34118,14.52703]},"properties":{"cell_id":131575,"case_count":1,"gi_zscore":-0.101,"gi_pvalue":0.177,"significance":"not_sig"}},{"type":"Feature","geometry":{"type":"Point","coordinates":[74.31765,14.53604]},"properties":{"cell_id":131794,"case_count":1,"gi_zscore":-0.1054,"gi_pvalue":0.033,"significance":"cold_95"}},{"type":"Feature","geometry":{"type":"Point","coordinates":[74.32941,14.54505]},"properties":{"cell_id":132186,"case_count":1,"gi_zscore":-0.1054,"gi_pvalue":0.033,"significance":"cold_95"}},{"type":"Feature","geometry":{"type":"Point","coordinates":[75.61176,14.54505]},"properties":{"cell_id":132295,"case_count":1,"gi_zscore":-0.1039,"gi_pvalue":0.033,"significance":"cold_95"}},{"type":"Feature","geometry":{"type":"Point","coordinates":[75.91765,14.54505]},"properties":{"cell_id":132321,"case_count":2,"gi_zscore":-0.0818,"gi_pvalue":0.261,"significance":"not_sig"}},{"type":"Feature","geometry":{"type":"Point","coordinates":[74.35294,14.55405]},"properties":{"cell_id":132579,"case_count":1,"gi_zscore":-0.1054,"gi_pvalue":0.033,"significance":"cold_95"}},{"type":"Feature","geometry":{"type":"Point","coordinates":[75.56471,14.55405]},"properties":{"cell_id":132682,"case_count":1,"gi_zscore":-0.101,"gi_pvalue":0.165,"significance":"not_sig"}},{"type":"Feature","geometry":{"type":"Point","coordinates":[75.61176,14.55405]},"properties":{"cell_id":132686,"case_count":1,"gi_zscore":-0.1025,"gi_pvalue":0.088,"significance":"cold_90"}},{"type":"Feature","geometry":{"type":"Point","coordinates":[75.71765,14.56306]},"properties":{"cell_id":133086,"case_count":1,"gi_zscore":-0.101,"gi_pvalue":0.177,"significance":"not_sig"}},{"type":"Feature","geometry":{"type":"Point","coordinates":[75.74118,14.56306]},"properties":{"cell_id":133088,"case_count":1,"gi_zscore":-0.0966,"gi_pvalue":0.451,"significance":"not_sig"}},{"type":"Feature","geometry":{"type":"Point","coordinates":[74.30588,14.57207]},"properties":{"cell_id":133357,"case_count":1,"gi_zscore":-0.1054,"gi_pvalue":0.033,"significance":"cold_95"}},{"type":"Feature","geometry":{"type":"Point","coordinates":[75.04706,14.57207]},"properties":{"cell_id":133420,"case_count":1,"gi_zscore":-0.1054,"gi_pvalue":0.033,"significance":"cold_95"}},{"type":"Feature","geometry":{"type":"Point","coordinates":[75.36471,14.57207]},"properties":{"cell_id":133447,"case_count":3,"gi_zscore":-0.101,"gi_pvalue":0.088,"significance":"cold_90"}},{"type":"Feature","geometry":{"type":"Point","coordinates":[75.58824,14.57207]},"properties":{"cell_id":133466,"case_count":1,"gi_zscore":-0.0995,"gi_pvalue":0.245,"significance":"not_sig"}},{"type":"Feature","geometry":{"type":"Point","coordinates":[75.2,14.59009]},"properties":{"cell_id":134215,"case_count":1,"gi_zscore":-0.1025,"gi_pvalue":0.166,"significance":"not_sig"}},{"type":"Feature","geometry":{"type":"Point","coordinates":[74.82353,14.5991]},"properties":{"cell_id":134574,"case_count":1,"gi_zscore":-0.0995,"gi_pvalue":0.301,"significance":"not_sig"}},{"type":"Feature","geometry":{"type":"Point","coordinates":[75.84706,14.5991]},"properties":{"cell_id":134661,"case_count":1,"gi_zscore":-0.0936,"gi_pvalue":0.442,"significance":"not_sig"}},{"type":"Feature","geometry":{"type":"Point","coordinates":[74.83529,14.60811]},"properties":{"cell_id":134966,"case_count":1,"gi_zscore":-0.0995,"gi_pvalue":0.301,"significance":"not_sig"}},{"type":"Feature","geometry":{"type":"Point","coordinates":[74.84706,14.60811]},"properties":{"cell_id":134967,"case_count":1,"gi_zscore":-0.0995,"gi_pvalue":0.301,"significance":"not_sig"}},{"type":"Feature","geometry":{"type":"Point","coordinates":[75.63529,14.60811]},"properties":{"cell_id":135034,"case_count":2,"gi_zscore":-0.098,"gi_pvalue":0.245,"significance":"not_sig"}},{"type":"Feature","geometry":{"type":"Point","coordinates":[74.83529,14.61712]},"properties":{"cell_id":135357,"case_count":3,"gi_zscore":-0.0995,"gi_pvalue":0.166,"significance":"not_sig"}},{"type":"Feature","geometry":{"type":"Point","coordinates":[74.84706,14.61712]},"properties":{"cell_id":135358,"case_count":2,"gi_zscore":-0.0995,"gi_pvalue":0.178,"significance":"not_sig"}},{"type":"Feature","geometry":{"type":"Point","coordinates":[74.85882,14.61712]},"properties":{"cell_id":135359,"case_count":1,"gi_zscore":-0.0995,"gi_pvalue":0.301,"significance":"not_sig"}},{"type":"Feature","geometry":{"type":"Point","coordinates":[75.10588,14.61712]},"properties":{"cell_id":135380,"case_count":1,"gi_zscore":-0.1054,"gi_pvalue":0.033,"significance":"cold_95"}},{"type":"Feature","geometry":{"type":"Point","coordinates":[75.62353,14.61712]},"properties":{"cell_id":135424,"case_count":1,"gi_zscore":-0.098,"gi_pvalue":0.385,"significance":"not_sig"}},{"type":"Feature","geometry":{"type":"Point","coordinates":[75.63529,14.61712]},"properties":{"cell_id":135425,"case_count":2,"gi_zscore":-0.098,"gi_pvalue":0.301,"significance":"not_sig"}},{"type":"Feature","geometry":{"type":"Point","coordinates":[74.30588,14.62613]},"properties":{"cell_id":135703,"case_count":1,"gi_zscore":-0.1039,"gi_pvalue":0.033,"significance":"cold_95"}},{"type":"Feature","geometry":{"type":"Point","coordinates":[74.82353,14.62613]},"properties":{"cell_id":135747,"case_count":2,"gi_zscore":-0.0995,"gi_pvalue":0.179,"significance":"not_sig"}},{"type":"Feature","geometry":{"type":"Point","coordinates":[74.84706,14.62613]},"properties":{"cell_id":135749,"case_count":1,"gi_zscore":-0.0995,"gi_pvalue":0.301,"significance":"not_sig"}},{"type":"Feature","geometry":{"type":"Point","coordinates":[74.85882,14.62613]},"properties":{"cell_id":135750,"case_count":1,"gi_zscore":-0.0995,"gi_pvalue":0.301,"significance":"not_sig"}},{"type":"Feature","geometry":{"type":"Point","coordinates":[75.02353,14.62613]},"properties":{"cell_id":135764,"case_count":1,"gi_zscore":-0.1054,"gi_pvalue":0.033,"significance":"cold_95"}},{"type":"Feature","geometry":{"type":"Point","coordinates":[75.62353,14.62613]},"properties":{"cell_id":135815,"case_count":3,"gi_zscore":-0.098,"gi_pvalue":0.244,"significance":"not_sig"}},{"type":"Feature","geometry":{"type":"Point","coordinates":[75.63529,14.62613]},"properties":{"cell_id":135816,"case_count":2,"gi_zscore":-0.098,"gi_pvalue":0.301,"significance":"not_sig"}},{"type":"Feature","geometry":{"type":"Point","coordinates":[74.52941,14.63514]},"properties":{"cell_id":136113,"case_count":1,"gi_zscore":-0.1054,"gi_pvalue":0.034,"significance":"cold_95"}},{"type":"Feature","geometry":{"type":"Point","coordinates":[74.85882,14.64414]},"properties":{"cell_id":136532,"case_count":1,"gi_zscore":-0.0995,"gi_pvalue":0.301,"significance":"not_sig"}},{"type":"Feature","geometry":{"type":"Point","coordinates":[74.31765,14.65315]},"properties":{"cell_id":136877,"case_count":1,"gi_zscore":-0.1039,"gi_pvalue":0.034,"significance":"cold_95"}},{"type":"Feature","geometry":{"type":"Point","coordinates":[75.31765,14.65315]},"properties":{"cell_id":136962,"case_count":1,"gi_zscore":-0.101,"gi_pvalue":0.178,"significance":"not_sig"}},{"type":"Feature","geometry":{"type":"Point","coordinates":[74.29412,14.66216]},"properties":{"cell_id":137266,"case_count":1,"gi_zscore":-0.1039,"gi_pvalue":0.034,"significance":"cold_95"}},{"type":"Feature","geometry":{"type":"Point","coordinates":[75.01176,14.66216]},"properties":{"cell_id":137327,"case_count":1,"gi_zscore":-0.1054,"gi_pvalue":0.034,"significance":"cold_95"}},{"type":"Feature","geometry":{"type":"Point","coordinates":[75.32941,14.66216]},"properties":{"cell_id":137354,"case_count":1,"gi_zscore":-0.098,"gi_pvalue":0.345,"significance":"not_sig"}},{"type":"Feature","geometry":{"type":"Point","coordinates":[74.29412,14.67117]},"properties":{"cell_id":137657,"case_count":1,"gi_zscore":-0.1039,"gi_pvalue":0.034,"significance":"cold_95"}},{"type":"Feature","geometry":{"type":"Point","coordinates":[76.07059,14.67117]},"properties":{"cell_id":137808,"case_count":1,"gi_zscore":-0.1039,"gi_pvalue":0.089,"significance":"cold_90"}},{"type":"Feature","geometry":{"type":"Point","coordinates":[76.42353,14.67117]},"properties":{"cell_id":137838,"case_count":1,"gi_zscore":-0.0995,"gi_pvalue":0.301,"significance":"not_sig"}},{"type":"Feature","geometry":{"type":"Point","coordinates":[74.31765,14.68018]},"properties":{"cell_id":138050,"case_count":1,"gi_zscore":-0.1039,"gi_pvalue":0.034,"significance":"cold_95"}},{"type":"Feature","geometry":{"type":"Point","coordinates":[74.30588,14.68919]},"properties":{"cell_id":138440,"case_count":2,"gi_zscore":-0.1039,"gi_pvalue":0.001,"significance":"cold_99"}},{"type":"Feature","geometry":{"type":"Point","coordinates":[75.35294,14.68919]},"properties":{"cell_id":138529,"case_count":1,"gi_zscore":-0.0995,"gi_pvalue":0.244,"significance":"not_sig"}},{"type":"Feature","geometry":{"type":"Point","coordinates":[75.36471,14.68919]},"properties":{"cell_id":138530,"case_count":1,"gi_zscore":-0.0995,"gi_pvalue":0.244,"significance":"not_sig"}},{"type":"Feature","geometry":{"type":"Point","coordinates":[75.02353,14.6982]},"properties":{"cell_id":138892,"case_count":1,"gi_zscore":-0.1054,"gi_pvalue":0.034,"significance":"cold_95"}},{"type":"Feature","geometry":{"type":"Point","coordinates":[75.12941,14.6982]},"properties":{"cell_id":138901,"case_count":1,"gi_zscore":-0.1054,"gi_pvalue":0.034,"significance":"cold_95"}},{"type":"Feature","geometry":{"type":"Point","coordinates":[75.61176,14.6982]},"properties":{"cell_id":138942,"case_count":1,"gi_zscore":-0.098,"gi_pvalue":0.385,"significance":"not_sig"}},{"type":"Feature","geometry":{"type":"Point","coordinates":[75.51765,14.70721]},"properties":{"cell_id":139325,"case_count":1,"gi_zscore":-0.098,"gi_pvalue":0.385,"significance":"not_sig"}},{"type":"Feature","geometry":{"type":"Point","coordinates":[75.77647,14.70721]},"properties":{"cell_id":139347,"case_count":1,"gi_zscore":-0.101,"gi_pvalue":0.178,"significance":"not_sig"}},{"type":"Feature","geometry":{"type":"Point","coordinates":[76.18824,14.70721]},"properties":{"cell_id":139382,"case_count":1,"gi_zscore":-0.1054,"gi_pvalue":0.034,"significance":"cold_95"}},{"type":"Feature","geometry":{"type":"Point","coordinates":[76.74118,14.71622]},"properties":{"cell_id":139820,"case_count":1,"gi_zscore":-0.101,"gi_pvalue":0.178,"significance":"not_sig"}},{"type":"Feature","geometry":{"type":"Point","coordinates":[76.45882,14.72523]},"properties":{"cell_id":140187,"case_count":1,"gi_zscore":-0.0995,"gi_pvalue":0.301,"significance":"not_sig"}},{"type":"Feature","geometry":{"type":"Point","coordinates":[74.25882,14.73423]},"properties":{"cell_id":140391,"case_count":1,"gi_zscore":-0.1039,"gi_pvalue":0.034,"significance":"cold_95"}},{"type":"Feature","geometry":{"type":"Point","coordinates":[75.82353,14.73423]},"properties":{"cell_id":140524,"case_count":1,"gi_zscore":-0.1039,"gi_pvalue":0.089,"significance":"cold_90"}},{"type":"Feature","geometry":{"type":"Point","coordinates":[74.09412,14.75225]},"properties":{"cell_id":141159,"case_count":2,"gi_zscore":-0.0936,"gi_pvalue":0.487,"significance":"not_sig"}},{"type":"Feature","geometry":{"type":"Point","coordinates":[74.23529,14.75225]},"properties":{"cell_id":141171,"case_count":1,"gi_zscore":-0.1025,"gi_pvalue":0.088,"significance":"cold_90"}},{"type":"Feature","geometry":{"type":"Point","coordinates":[74.14118,14.77027]},"properties":{"cell_id":141945,"case_count":1,"gi_zscore":-0.0951,"gi_pvalue":0.487,"significance":"not_sig"}},{"type":"Feature","geometry":{"type":"Point","coordinates":[74.15294,14.77027]},"properties":{"cell_id":141946,"case_count":1,"gi_zscore":-0.0951,"gi_pvalue":0.487,"significance":"not_sig"}},{"type":"Feature","geometry":{"type":"Point","coordinates":[74.17647,14.77027]},"properties":{"cell_id":141948,"case_count":1,"gi_zscore":-0.0966,"gi_pvalue":0.45,"significance":"not_sig"}},{"type":"Feature","geometry":{"type":"Point","coordinates":[75.12941,14.77027]},"properties":{"cell_id":142029,"case_count":1,"gi_zscore":-0.1054,"gi_pvalue":0.034,"significance":"cold_95"}},{"type":"Feature","geometry":{"type":"Point","coordinates":[75.54118,14.77027]},"properties":{"cell_id":142064,"case_count":1,"gi_zscore":-0.0951,"gi_pvalue":0.45,"significance":"not_sig"}},{"type":"Feature","geometry":{"type":"Point","coordinates":[75.30588,14.77928]},"properties":{"cell_id":142435,"case_count":1,"gi_zscore":-0.0966,"gi_pvalue":0.45,"significance":"not_sig"}},{"type":"Feature","geometry":{"type":"Point","coordinates":[75.36471,14.77928]},"properties":{"cell_id":142440,"case_count":2,"gi_zscore":-0.0936,"gi_pvalue":0.45,"significance":"not_sig"}},{"type":"Feature","geometry":{"type":"Point","coordinates":[75.49412,14.77928]},"properties":{"cell_id":142451,"case_count":1,"gi_zscore":-0.0951,"gi_pvalue":0.45,"significance":"not_sig"}},{"type":"Feature","geometry":{"type":"Point","coordinates":[74.72941,14.78829]},"properties":{"cell_id":142777,"case_count":1,"gi_zscore":-0.101,"gi_pvalue":0.246,"significance":"not_sig"}},{"type":"Feature","geometry":{"type":"Point","coordinates":[75.36471,14.78829]},"properties":{"cell_id":142831,"case_count":1,"gi_zscore":-0.0936,"gi_pvalue":0.486,"significance":"not_sig"}},{"type":"Feature","geometry":{"type":"Point","coordinates":[75.4,14.78829]},"properties":{"cell_id":142834,"case_count":3,"gi_zscore":-0.0936,"gi_pvalue":0.417,"significance":"not_sig"}},{"type":"Feature","geometry":{"type":"Point","coordinates":[75.41176,14.78829]},"properties":{"cell_id":142835,"case_count":2,"gi_zscore":-0.0936,"gi_pvalue":0.45,"significance":"not_sig"}},{"type":"Feature","geometry":{"type":"Point","coordinates":[76.07059,14.78829]},"properties":{"cell_id":142891,"case_count":1,"gi_zscore":-0.1054,"gi_pvalue":0.034,"significance":"cold_95"}},{"type":"Feature","geometry":{"type":"Point","coordinates":[75.4,14.7973]},"properties":{"cell_id":143225,"case_count":4,"gi_zscore":-0.0936,"gi_pvalue":0.344,"significance":"not_sig"}},{"type":"Feature","geometry":{"type":"Point","coordinates":[75.41176,14.7973]},"properties":{"cell_id":143226,"case_count":2,"gi_zscore":-0.0936,"gi_pvalue":0.45,"significance":"not_sig"}},{"type":"Feature","geometry":{"type":"Point","coordinates":[75.97647,14.7973]},"properties":{"cell_id":143274,"case_count":1,"gi_zscore":-0.1054,"gi_pvalue":0.034,"significance":"cold_95"}},{"type":"Feature","geometry":{"type":"Point","coordinates":[75.98824,14.7973]},"properties":{"cell_id":143275,"case_count":1,"gi_zscore":-0.1054,"gi_pvalue":0.034,"significance":"cold_95"}},{"type":"Feature","geometry":{"type":"Point","coordinates":[74.12941,14.80631]},"properties":{"cell_id":143508,"case_count":6,"gi_zscore":-0.0936,"gi_pvalue":0.245,"significance":"not_sig"}},{"type":"Feature","geometry":{"type":"Point","coordinates":[75.01176,14.80631]},"properties":{"cell_id":143583,"case_count":1,"gi_zscore":-0.1039,"gi_pvalue":0.034,"significance":"cold_95"}},{"type":"Feature","geometry":{"type":"Point","coordinates":[75.38824,14.80631]},"properties":{"cell_id":143615,"case_count":1,"gi_zscore":-0.0936,"gi_pvalue":0.486,"significance":"not_sig"}},{"type":"Feature","geometry":{"type":"Point","coordinates":[75.41176,14.80631]},"properties":{"cell_id":143617,"case_count":1,"gi_zscore":-0.0936,"gi_pvalue":0.486,"significance":"not_sig"}},{"type":"Feature","geometry":{"type":"Point","coordinates":[74.12941,14.81532]},"properties":{"cell_id":143899,"case_count":2,"gi_zscore":-0.0936,"gi_pvalue":0.486,"significance":"not_sig"}},{"type":"Feature","geometry":{"type":"Point","coordinates":[74.15294,14.81532]},"properties":{"cell_id":143901,"case_count":1,"gi_zscore":-0.0922,"gi_pvalue":0.44,"significance":"not_sig"}},{"type":"Feature","geometry":{"type":"Point","coordinates":[74.16471,14.81532]},"properties":{"cell_id":143902,"case_count":1,"gi_zscore":-0.0922,"gi_pvalue":0.44,"significance":"not_sig"}},{"type":"Feature","geometry":{"type":"Point","coordinates":[74.17647,14.81532]},"properties":{"cell_id":143903,"case_count":1,"gi_zscore":-0.0936,"gi_pvalue":0.443,"significance":"not_sig"}},{"type":"Feature","geometry":{"type":"Point","coordinates":[75.08235,14.81532]},"properties":{"cell_id":143980,"case_count":1,"gi_zscore":-0.1039,"gi_pvalue":0.034,"significance":"cold_95"}},{"type":"Feature","geometry":{"type":"Point","coordinates":[74.18824,14.82432]},"properties":{"cell_id":144295,"case_count":2,"gi_zscore":-0.0922,"gi_pvalue":0.486,"significance":"not_sig"}},{"type":"Feature","geometry":{"type":"Point","coordinates":[76.22353,14.82432]},"properties":{"cell_id":144468,"case_count":1,"gi_zscore":-0.1039,"gi_pvalue":0.034,"significance":"cold_95"}},{"type":"Feature","geometry":{"type":"Point","coordinates":[74.14118,14.83333]},"properties":{"cell_id":144682,"case_count":2,"gi_zscore":-0.0922,"gi_pvalue":0.443,"significance":"not_sig"}},{"type":"Feature","geometry":{"type":"Point","coordinates":[74.12941,14.84234]},"properties":{"cell_id":145072,"case_count":2,"gi_zscore":-0.0936,"gi_pvalue":0.487,"significance":"not_sig"}},{"type":"Feature","geometry":{"type":"Point","coordinates":[74.64706,14.85135]},"properties":{"cell_id":145507,"case_count":1,"gi_zscore":-0.1039,"gi_pvalue":0.087,"significance":"cold_90"}},{"type":"Feature","geometry":{"type":"Point","coordinates":[74.82353,14.86036]},"properties":{"cell_id":145913,"case_count":1,"gi_zscore":-0.1025,"gi_pvalue":0.087,"significance":"cold_90"}},{"type":"Feature","geometry":{"type":"Point","coordinates":[75.32941,14.86036]},"properties":{"cell_id":145956,"case_count":1,"gi_zscore":-0.1039,"gi_pvalue":0.087,"significance":"cold_90"}},{"type":"Feature","geometry":{"type":"Point","coordinates":[75.34118,14.86937]},"properties":{"cell_id":146348,"case_count":1,"gi_zscore":-0.0995,"gi_pvalue":0.299,"significance":"not_sig"}},{"type":"Feature","geometry":{"type":"Point","coordinates":[75.41176,14.86937]},"properties":{"cell_id":146354,"case_count":1,"gi_zscore":-0.0951,"gi_pvalue":0.487,"significance":"not_sig"}},{"type":"Feature","geometry":{"type":"Point","coordinates":[74.14118,14.87838]},"properties":{"cell_id":146637,"case_count":1,"gi_zscore":-0.0995,"gi_pvalue":0.299,"significance":"not_sig"}},{"type":"Feature","geometry":{"type":"Point","coordinates":[75.30588,14.87838]},"properties":{"cell_id":146736,"case_count":1,"gi_zscore":-0.1054,"gi_pvalue":0.033,"significance":"cold_95"}},{"type":"Feature","geometry":{"type":"Point","coordinates":[76.77647,14.87838]},"properties":{"cell_id":146861,"case_count":1,"gi_zscore":-0.101,"gi_pvalue":0.178,"significance":"not_sig"}},{"type":"Feature","geometry":{"type":"Point","coordinates":[74.65882,14.88739]},"properties":{"cell_id":147072,"case_count":1,"gi_zscore":-0.1039,"gi_pvalue":0.087,"significance":"cold_90"}},{"type":"Feature","geometry":{"type":"Point","coordinates":[74.12941,14.8964]},"properties":{"cell_id":147418,"case_count":1,"gi_zscore":-0.0936,"gi_pvalue":0.443,"significance":"not_sig"}},{"type":"Feature","geometry":{"type":"Point","coordinates":[74.32941,14.8964]},"properties":{"cell_id":147435,"case_count":1,"gi_zscore":-0.1039,"gi_pvalue":0.033,"significance":"cold_95"}},{"type":"Feature","geometry":{"type":"Point","coordinates":[74.09412,14.90541]},"properties":{"cell_id":147806,"case_count":1,"gi_zscore":-0.0936,"gi_pvalue":0.443,"significance":"not_sig"}},{"type":"Feature","geometry":{"type":"Point","coordinates":[75.04706,14.90541]},"properties":{"cell_id":147887,"case_count":1,"gi_zscore":-0.1025,"gi_pvalue":0.087,"significance":"cold_90"}},{"type":"Feature","geometry":{"type":"Point","coordinates":[76.38824,14.90541]},"properties":{"cell_id":148001,"case_count":2,"gi_zscore":-0.1039,"gi_pvalue":0.001,"significance":"cold_99"}},{"type":"Feature","geometry":{"type":"Point","coordinates":[74.98824,14.91441]},"properties":{"cell_id":148273,"case_count":2,"gi_zscore":-0.1025,"gi_pvalue":0.033,"significance":"cold_95"}},{"type":"Feature","geometry":{"type":"Point","coordinates":[75.12941,14.91441]},"properties":{"cell_id":148285,"case_count":1,"gi_zscore":-0.1054,"gi_pvalue":0.033,"significance":"cold_95"}},{"type":"Feature","geometry":{"type":"Point","coordinates":[75.83529,14.91441]},"properties":{"cell_id":148345,"case_count":1,"gi_zscore":-0.1054,"gi_pvalue":0.033,"significance":"cold_95"}},{"type":"Feature","geometry":{"type":"Point","coordinates":[75.31765,14.93243]},"properties":{"cell_id":149083,"case_count":1,"gi_zscore":-0.1039,"gi_pvalue":0.033,"significance":"cold_95"}},{"type":"Feature","geometry":{"type":"Point","coordinates":[74.70588,14.95946]},"properties":{"cell_id":150204,"case_count":1,"gi_zscore":-0.1039,"gi_pvalue":0.033,"significance":"cold_95"}},{"type":"Feature","geometry":{"type":"Point","coordinates":[75.12941,14.95946]},"properties":{"cell_id":150240,"case_count":1,"gi_zscore":-0.1025,"gi_pvalue":0.087,"significance":"cold_90"}},{"type":"Feature","geometry":{"type":"Point","coordinates":[75.71765,14.95946]},"properties":{"cell_id":150290,"case_count":1,"gi_zscore":-0.1025,"gi_pvalue":0.087,"significance":"cold_90"}},{"type":"Feature","geometry":{"type":"Point","coordinates":[75.03529,14.96847]},"properties":{"cell_id":150623,"case_count":1,"gi_zscore":-0.1025,"gi_pvalue":0.087,"significance":"cold_90"}},{"type":"Feature","geometry":{"type":"Point","coordinates":[75.32941,14.96847]},"properties":{"cell_id":150648,"case_count":1,"gi_zscore":-0.1039,"gi_pvalue":0.033,"significance":"cold_95"}},{"type":"Feature","geometry":{"type":"Point","coordinates":[75.21176,14.97748]},"properties":{"cell_id":151029,"case_count":1,"gi_zscore":-0.1025,"gi_pvalue":0.087,"significance":"cold_90"}},{"type":"Feature","geometry":{"type":"Point","coordinates":[75.23529,14.97748]},"properties":{"cell_id":151031,"case_count":1,"gi_zscore":-0.101,"gi_pvalue":0.178,"significance":"not_sig"}},{"type":"Feature","geometry":{"type":"Point","coordinates":[75.25882,14.97748]},"properties":{"cell_id":151033,"case_count":1,"gi_zscore":-0.101,"gi_pvalue":0.164,"significance":"not_sig"}},{"type":"Feature","geometry":{"type":"Point","coordinates":[75.34118,14.97748]},"properties":{"cell_id":151040,"case_count":1,"gi_zscore":-0.1039,"gi_pvalue":0.033,"significance":"cold_95"}},{"type":"Feature","geometry":{"type":"Point","coordinates":[75.0,14.98649]},"properties":{"cell_id":151402,"case_count":2,"gi_zscore":-0.1025,"gi_pvalue":0.033,"significance":"cold_95"}},{"type":"Feature","geometry":{"type":"Point","coordinates":[75.01176,14.98649]},"properties":{"cell_id":151403,"case_count":1,"gi_zscore":-0.1025,"gi_pvalue":0.087,"significance":"cold_90"}},{"type":"Feature","geometry":{"type":"Point","coordinates":[75.31765,14.98649]},"properties":{"cell_id":151429,"case_count":2,"gi_zscore":-0.1039,"gi_pvalue":0.001,"significance":"cold_99"}},{"type":"Feature","geometry":{"type":"Point","coordinates":[75.45882,14.98649]},"properties":{"cell_id":151441,"case_count":1,"gi_zscore":-0.1054,"gi_pvalue":0.033,"significance":"cold_95"}},{"type":"Feature","geometry":{"type":"Point","coordinates":[75.54118,14.98649]},"properties":{"cell_id":151448,"case_count":1,"gi_zscore":-0.1025,"gi_pvalue":0.087,"significance":"cold_90"}},{"type":"Feature","geometry":{"type":"Point","coordinates":[75.6,14.98649]},"properties":{"cell_id":151453,"case_count":1,"gi_zscore":-0.1025,"gi_pvalue":0.087,"significance":"cold_90"}},{"type":"Feature","geometry":{"type":"Point","coordinates":[75.21176,14.9955]},"properties":{"cell_id":151811,"case_count":1,"gi_zscore":-0.1025,"gi_pvalue":0.087,"significance":"cold_90"}},{"type":"Feature","geometry":{"type":"Point","coordinates":[75.22353,14.9955]},"properties":{"cell_id":151812,"case_count":3,"gi_zscore":-0.101,"gi_pvalue":0.087,"significance":"cold_90"}},{"type":"Feature","geometry":{"type":"Point","coordinates":[75.25882,14.9955]},"properties":{"cell_id":151815,"case_count":1,"gi_zscore":-0.101,"gi_pvalue":0.177,"significance":"not_sig"}},{"type":"Feature","geometry":{"type":"Point","coordinates":[74.50588,15.0045]},"properties":{"cell_id":152142,"case_count":1,"gi_zscore":-0.1054,"gi_pvalue":0.033,"significance":"cold_95"}},{"type":"Feature","geometry":{"type":"Point","coordinates":[75.05882,15.0045]},"properties":{"cell_id":152189,"case_count":1,"gi_zscore":-0.1025,"gi_pvalue":0.087,"significance":"cold_90"}},{"type":"Feature","geometry":{"type":"Point","coordinates":[75.25882,15.0045]},"properties":{"cell_id":152206,"case_count":1,"gi_zscore":-0.101,"gi_pvalue":0.177,"significance":"not_sig"}},{"type":"Feature","geometry":{"type":"Point","coordinates":[76.0,15.0045]},"properties":{"cell_id":152269,"case_count":1,"gi_zscore":-0.1054,"gi_pvalue":0.033,"significance":"cold_95"}},{"type":"Feature","geometry":{"type":"Point","coordinates":[75.92941,15.01351]},"properties":{"cell_id":152654,"case_count":1,"gi_zscore":-0.1054,"gi_pvalue":0.033,"significance":"cold_95"}},{"type":"Feature","geometry":{"type":"Point","coordinates":[75.4,15.03153]},"properties":{"cell_id":153391,"case_count":1,"gi_zscore":-0.1025,"gi_pvalue":0.087,"significance":"cold_90"}},{"type":"Feature","geometry":{"type":"Point","coordinates":[75.21176,15.04955]},"properties":{"cell_id":154157,"case_count":1,"gi_zscore":-0.101,"gi_pvalue":0.177,"significance":"not_sig"}},{"type":"Feature","geometry":{"type":"Point","coordinates":[75.45882,15.05856]},"properties":{"cell_id":154569,"case_count":1,"gi_zscore":-0.098,"gi_pvalue":0.384,"significance":"not_sig"}},{"type":"Feature","geometry":{"type":"Point","coordinates":[75.78824,15.05856]},"properties":{"cell_id":154597,"case_count":1,"gi_zscore":-0.1025,"gi_pvalue":0.087,"significance":"cold_90"}},{"type":"Feature","geometry":{"type":"Point","coordinates":[75.64706,15.07658]},"properties":{"cell_id":155367,"case_count":1,"gi_zscore":-0.1025,"gi_pvalue":0.087,"significance":"cold_90"}},{"type":"Feature","geometry":{"type":"Point","coordinates":[74.97647,15.08559]},"properties":{"cell_id":155701,"case_count":1,"gi_zscore":-0.1039,"gi_pvalue":0.087,"significance":"cold_90"}},{"type":"Feature","geometry":{"type":"Point","coordinates":[75.28235,15.08559]},"properties":{"cell_id":155727,"case_count":2,"gi_zscore":-0.101,"gi_pvalue":0.087,"significance":"cold_90"}},{"type":"Feature","geometry":{"type":"Point","coordinates":[75.64706,15.08559]},"properties":{"cell_id":155758,"case_count":3,"gi_zscore":-0.1025,"gi_pvalue":0.033,"significance":"cold_95"}},{"type":"Feature","geometry":{"type":"Point","coordinates":[74.07059,15.09459]},"properties":{"cell_id":156015,"case_count":1,"gi_zscore":-0.0936,"gi_pvalue":0.444,"significance":"not_sig"}},{"type":"Feature","geometry":{"type":"Point","coordinates":[75.41176,15.1036]},"properties":{"cell_id":156520,"case_count":1,"gi_zscore":-0.0966,"gi_pvalue":0.45,"significance":"not_sig"}},{"type":"Feature","geometry":{"type":"Point","coordinates":[75.62353,15.1036]},"properties":{"cell_id":156538,"case_count":1,"gi_zscore":-0.098,"gi_pvalue":0.343,"significance":"not_sig"}},{"type":"Feature","geometry":{"type":"Point","coordinates":[75.41176,15.11261]},"properties":{"cell_id":156911,"case_count":1,"gi_zscore":-0.0966,"gi_pvalue":0.45,"significance":"not_sig"}},{"type":"Feature","geometry":{"type":"Point","coordinates":[74.4,15.12162]},"properties":{"cell_id":157216,"case_count":1,"gi_zscore":-0.1054,"gi_pvalue":0.033,"significance":"cold_95"}},{"type":"Feature","geometry":{"type":"Point","coordinates":[75.0,15.12162]},"properties":{"cell_id":157267,"case_count":1,"gi_zscore":-0.1039,"gi_pvalue":0.087,"significance":"cold_90"}},{"type":"Feature","geometry":{"type":"Point","coordinates":[75.36471,15.12162]},"properties":{"cell_id":157298,"case_count":2,"gi_zscore":-0.0951,"gi_pvalue":0.45,"significance":"not_sig"}},{"type":"Feature","geometry":{"type":"Point","coordinates":[75.47059,15.12162]},"properties":{"cell_id":157307,"case_count":6,"gi_zscore":-0.0966,"gi_pvalue":0.088,"significance":"cold_90"}},{"type":"Feature","geometry":{"type":"Point","coordinates":[75.83529,15.12162]},"properties":{"cell_id":157338,"case_count":1,"gi_zscore":-0.1039,"gi_pvalue":0.033,"significance":"cold_95"}},{"type":"Feature","geometry":{"type":"Point","coordinates":[75.85882,15.12162]},"properties":{"cell_id":157340,"case_count":1,"gi_zscore":-0.1039,"gi_pvalue":0.033,"significance":"cold_95"}},{"type":"Feature","geometry":{"type":"Point","coordinates":[75.89412,15.12162]},"properties":{"cell_id":157343,"case_count":1,"gi_zscore":-0.1039,"gi_pvalue":0.033,"significance":"cold_95"}},{"type":"Feature","geometry":{"type":"Point","coordinates":[74.65882,15.13063]},"properties":{"cell_id":157629,"case_count":1,"gi_zscore":-0.1054,"gi_pvalue":0.033,"significance":"cold_95"}},{"type":"Feature","geometry":{"type":"Point","coordinates":[75.17647,15.13063]},"properties":{"cell_id":157673,"case_count":1,"gi_zscore":-0.1039,"gi_pvalue":0.088,"significance":"cold_90"}},{"type":"Feature","geometry":{"type":"Point","coordinates":[75.22353,15.13063]},"properties":{"cell_id":157677,"case_count":1,"gi_zscore":-0.1039,"gi_pvalue":0.088,"significance":"cold_90"}},{"type":"Feature","geometry":{"type":"Point","coordinates":[75.36471,15.13063]},"properties":{"cell_id":157689,"case_count":1,"gi_zscore":-0.0951,"gi_pvalue":0.49,"significance":"not_sig"}},{"type":"Feature","geometry":{"type":"Point","coordinates":[75.45882,15.13063]},"properties":{"cell_id":157697,"case_count":1,"gi_zscore":-0.0966,"gi_pvalue":0.449,"significance":"not_sig"}},{"type":"Feature","geometry":{"type":"Point","coordinates":[75.49412,15.13063]},"properties":{"cell_id":157700,"case_count":1,"gi_zscore":-0.098,"gi_pvalue":0.384,"significance":"not_sig"}},{"type":"Feature","geometry":{"type":"Point","coordinates":[74.92941,15.13964]},"properties":{"cell_id":158043,"case_count":1,"gi_zscore":-0.1054,"gi_pvalue":0.033,"significance":"cold_95"}},{"type":"Feature","geometry":{"type":"Point","coordinates":[76.91765,15.14865]},"properties":{"cell_id":158603,"case_count":2,"gi_zscore":-0.1025,"gi_pvalue":0.033,"significance":"cold_95"}},{"type":"Feature","geometry":{"type":"Point","coordinates":[75.25882,15.15766]},"properties":{"cell_id":158853,"case_count":1,"gi_zscore":-0.1025,"gi_pvalue":0.162,"significance":"not_sig"}},{"type":"Feature","geometry":{"type":"Point","coordinates":[75.83529,15.15766]},"properties":{"cell_id":158902,"case_count":1,"gi_zscore":-0.1039,"gi_pvalue":0.033,"significance":"cold_95"}},{"type":"Feature","geometry":{"type":"Point","coordinates":[76.35294,15.15766]},"properties":{"cell_id":158946,"case_count":1,"gi_zscore":-0.1025,"gi_pvalue":0.088,"significance":"cold_90"}},{"type":"Feature","geometry":{"type":"Point","coordinates":[74.48235,15.16667]},"properties":{"cell_id":159178,"case_count":1,"gi_zscore":-0.1054,"gi_pvalue":0.033,"significance":"cold_95"}},{"type":"Feature","geometry":{"type":"Point","coordinates":[76.04706,15.16667]},"properties":{"cell_id":159311,"case_count":1,"gi_zscore":-0.1025,"gi_pvalue":0.088,"significance":"cold_90"}},{"type":"Feature","geometry":{"type":"Point","coordinates":[75.18824,15.17568]},"properties":{"cell_id":159629,"case_count":1,"gi_zscore":-0.1054,"gi_pvalue":0.033,"significance":"cold_95"}},{"type":"Feature","geometry":{"type":"Point","coordinates":[75.63529,15.17568]},"properties":{"cell_id":159667,"case_count":1,"gi_zscore":-0.0966,"gi_pvalue":0.448,"significance":"not_sig"}},{"type":"Feature","geometry":{"type":"Point","coordinates":[75.95294,15.17568]},"properties":{"cell_id":159694,"case_count":1,"gi_zscore":-0.101,"gi_pvalue":0.176,"significance":"not_sig"}},{"type":"Feature","geometry":{"type":"Point","coordinates":[74.98824,15.18468]},"properties":{"cell_id":160003,"case_count":1,"gi_zscore":-0.1054,"gi_pvalue":0.033,"significance":"cold_95"}},{"type":"Feature","geometry":{"type":"Point","coordinates":[75.49412,15.18468]},"properties":{"cell_id":160046,"case_count":1,"gi_zscore":-0.0951,"gi_pvalue":0.49,"significance":"not_sig"}},{"type":"Feature","geometry":{"type":"Point","coordinates":[75.07059,15.19369]},"properties":{"cell_id":160401,"case_count":1,"gi_zscore":-0.1054,"gi_pvalue":0.033,"significance":"cold_95"}},{"type":"Feature","geometry":{"type":"Point","coordinates":[75.88235,15.19369]},"properties":{"cell_id":160470,"case_count":1,"gi_zscore":-0.1039,"gi_pvalue":0.033,"significance":"cold_95"}},{"type":"Feature","geometry":{"type":"Point","coordinates":[76.01176,15.19369]},"properties":{"cell_id":160481,"case_count":1,"gi_zscore":-0.1025,"gi_pvalue":0.088,"significance":"cold_90"}},{"type":"Feature","geometry":{"type":"Point","coordinates":[74.98824,15.2027]},"properties":{"cell_id":160785,"case_count":1,"gi_zscore":-0.1054,"gi_pvalue":0.033,"significance":"cold_95"}},{"type":"Feature","geometry":{"type":"Point","coordinates":[75.88235,15.2027]},"properties":{"cell_id":160861,"case_count":1,"gi_zscore":-0.1039,"gi_pvalue":0.033,"significance":"cold_95"}},{"type":"Feature","geometry":{"type":"Point","coordinates":[75.14118,15.21171]},"properties":{"cell_id":161189,"case_count":1,"gi_zscore":-0.1025,"gi_pvalue":0.088,"significance":"cold_90"}},{"type":"Feature","geometry":{"type":"Point","coordinates":[75.16471,15.21171]},"properties":{"cell_id":161191,"case_count":1,"gi_zscore":-0.1054,"gi_pvalue":0.033,"significance":"cold_95"}},{"type":"Feature","geometry":{"type":"Point","coordinates":[75.51765,15.21171]},"properties":{"cell_id":161221,"case_count":1,"gi_zscore":-0.098,"gi_pvalue":0.343,"significance":"not_sig"}},{"type":"Feature","geometry":{"type":"Point","coordinates":[75.88235,15.21171]},"properties":{"cell_id":161252,"case_count":2,"gi_zscore":-0.101,"gi_pvalue":0.088,"significance":"cold_90"}},{"type":"Feature","geometry":{"type":"Point","coordinates":[76.04706,15.21171]},"properties":{"cell_id":161266,"case_count":1,"gi_zscore":-0.1025,"gi_pvalue":0.088,"significance":"cold_90"}},{"type":"Feature","geometry":{"type":"Point","coordinates":[74.97647,15.22072]},"properties":{"cell_id":161566,"case_count":1,"gi_zscore":-0.1054,"gi_pvalue":0.033,"significance":"cold_95"}},{"type":"Feature","geometry":{"type":"Point","coordinates":[75.77647,15.22072]},"properties":{"cell_id":161634,"case_count":1,"gi_zscore":0.0344,"gi_pvalue":0.097,"significance":"hot_90"}},{"type":"Feature","geometry":{"type":"Point","coordinates":[75.18824,15.22973]},"properties":{"cell_id":161975,"case_count":1,"gi_zscore":-0.1054,"gi_pvalue":0.033,"significance":"cold_95"}},{"type":"Feature","geometry":{"type":"Point","coordinates":[75.57647,15.22973]},"properties":{"cell_id":162008,"case_count":4,"gi_zscore":-0.0995,"gi_pvalue":0.033,"significance":"cold_95"}},{"type":"Feature","geometry":{"type":"Point","coordinates":[75.97647,15.22973]},"properties":{"cell_id":162042,"case_count":3,"gi_zscore":-0.101,"gi_pvalue":0.033,"significance":"cold_95"}},{"type":"Feature","geometry":{"type":"Point","coordinates":[75.98824,15.22973]},"properties":{"cell_id":162043,"case_count":1,"gi_zscore":-0.101,"gi_pvalue":0.176,"significance":"not_sig"}},{"type":"Feature","geometry":{"type":"Point","coordinates":[76.25882,15.22973]},"properties":{"cell_id":162066,"case_count":1,"gi_zscore":-0.1054,"gi_pvalue":0.033,"significance":"cold_95"}},{"type":"Feature","geometry":{"type":"Point","coordinates":[74.61176,15.23874]},"properties":{"cell_id":162317,"case_count":1,"gi_zscore":-0.1054,"gi_pvalue":0.033,"significance":"cold_95"}},{"type":"Feature","geometry":{"type":"Point","coordinates":[74.8,15.23874]},"properties":{"cell_id":162333,"case_count":1,"gi_zscore":-0.101,"gi_pvalue":0.176,"significance":"not_sig"}},{"type":"Feature","geometry":{"type":"Point","coordinates":[74.87059,15.23874]},"properties":{"cell_id":162339,"case_count":1,"gi_zscore":-0.1054,"gi_pvalue":0.033,"significance":"cold_95"}},{"type":"Feature","geometry":{"type":"Point","coordinates":[75.57647,15.23874]},"properties":{"cell_id":162399,"case_count":1,"gi_zscore":-0.0995,"gi_pvalue":0.296,"significance":"not_sig"}},{"type":"Feature","geometry":{"type":"Point","coordinates":[74.62353,15.24775]},"properties":{"cell_id":162709,"case_count":1,"gi_zscore":-0.1054,"gi_pvalue":0.033,"significance":"cold_95"}},{"type":"Feature","geometry":{"type":"Point","coordinates":[74.63529,15.24775]},"properties":{"cell_id":162710,"case_count":1,"gi_zscore":-0.101,"gi_pvalue":0.176,"significance":"not_sig"}},{"type":"Feature","geometry":{"type":"Point","coordinates":[74.64706,15.24775]},"properties":{"cell_id":162711,"case_count":1,"gi_zscore":-0.101,"gi_pvalue":0.176,"significance":"not_sig"}},{"type":"Feature","geometry":{"type":"Point","coordinates":[74.76471,15.24775]},"properties":{"cell_id":162721,"case_count":1,"gi_zscore":-0.101,"gi_pvalue":0.176,"significance":"not_sig"}},{"type":"Feature","geometry":{"type":"Point","coordinates":[75.48235,15.24775]},"properties":{"cell_id":162782,"case_count":1,"gi_zscore":-0.1025,"gi_pvalue":0.088,"significance":"cold_90"}},{"type":"Feature","geometry":{"type":"Point","coordinates":[75.61176,15.24775]},"properties":{"cell_id":162793,"case_count":2,"gi_zscore":-0.0966,"gi_pvalue":0.384,"significance":"not_sig"}},{"type":"Feature","geometry":{"type":"Point","coordinates":[76.43529,15.24775]},"properties":{"cell_id":162863,"case_count":1,"gi_zscore":-0.098,"gi_pvalue":0.384,"significance":"not_sig"}},{"type":"Feature","geometry":{"type":"Point","coordinates":[74.62353,15.25676]},"properties":{"cell_id":163100,"case_count":1,"gi_zscore":-0.101,"gi_pvalue":0.177,"significance":"not_sig"}},{"type":"Feature","geometry":{"type":"Point","coordinates":[75.48235,15.25676]},"properties":{"cell_id":163173,"case_count":3,"gi_zscore":-0.1025,"gi_pvalue":0.033,"significance":"cold_95"}},{"type":"Feature","geometry":{"type":"Point","coordinates":[75.52941,15.25676]},"properties":{"cell_id":163177,"case_count":1,"gi_zscore":-0.098,"gi_pvalue":0.384,"significance":"not_sig"}},{"type":"Feature","geometry":{"type":"Point","coordinates":[76.38824,15.25676]},"properties":{"cell_id":163250,"case_count":1,"gi_zscore":-0.098,"gi_pvalue":0.318,"significance":"not_sig"}},{"type":"Feature","geometry":{"type":"Point","coordinates":[75.16471,15.26577]},"properties":{"cell_id":163537,"case_count":1,"gi_zscore":-0.101,"gi_pvalue":0.177,"significance":"not_sig"}},{"type":"Feature","geometry":{"type":"Point","coordinates":[76.08235,15.26577]},"properties":{"cell_id":163615,"case_count":1,"gi_zscore":-0.1054,"gi_pvalue":0.033,"significance":"cold_95"}},{"type":"Feature","geometry":{"type":"Point","coordinates":[76.12941,15.26577]},"properties":{"cell_id":163619,"case_count":1,"gi_zscore":-0.1025,"gi_pvalue":0.089,"significance":"cold_90"}},{"type":"Feature","geometry":{"type":"Point","coordinates":[76.38824,15.26577]},"properties":{"cell_id":163641,"case_count":1,"gi_zscore":-0.098,"gi_pvalue":0.318,"significance":"not_sig"}},{"type":"Feature","geometry":{"type":"Point","coordinates":[74.61176,15.27477]},"properties":{"cell_id":163881,"case_count":1,"gi_zscore":-0.101,"gi_pvalue":0.177,"significance":"not_sig"}},{"type":"Feature","geometry":{"type":"Point","coordinates":[75.51765,15.27477]},"properties":{"cell_id":163958,"case_count":1,"gi_zscore":-0.1025,"gi_pvalue":0.089,"significance":"cold_90"}},{"type":"Feature","geometry":{"type":"Point","coordinates":[75.52941,15.27477]},"properties":{"cell_id":163959,"case_count":1,"gi_zscore":-0.1025,"gi_pvalue":0.089,"significance":"cold_90"}},{"type":"Feature","geometry":{"type":"Point","coordinates":[75.83529,15.27477]},"properties":{"cell_id":163985,"case_count":1,"gi_zscore":-0.0951,"gi_pvalue":0.489,"significance":"not_sig"}},{"type":"Feature","geometry":{"type":"Point","coordinates":[76.34118,15.27477]},"properties":{"cell_id":164028,"case_count":1,"gi_zscore":-0.1025,"gi_pvalue":0.089,"significance":"cold_90"}},{"type":"Feature","geometry":{"type":"Point","coordinates":[76.38824,15.27477]},"properties":{"cell_id":164032,"case_count":2,"gi_zscore":-0.098,"gi_pvalue":0.241,"significance":"not_sig"}},{"type":"Feature","geometry":{"type":"Point","coordinates":[75.05882,15.28378]},"properties":{"cell_id":164310,"case_count":1,"gi_zscore":-0.0966,"gi_pvalue":0.446,"significance":"not_sig"}},{"type":"Feature","geometry":{"type":"Point","coordinates":[75.29412,15.28378]},"properties":{"cell_id":164330,"case_count":1,"gi_zscore":-0.1039,"gi_pvalue":0.033,"significance":"cold_95"}},{"type":"Feature","geometry":{"type":"Point","coordinates":[75.52941,15.28378]},"properties":{"cell_id":164350,"case_count":1,"gi_zscore":-0.0995,"gi_pvalue":0.295,"significance":"not_sig"}},{"type":"Feature","geometry":{"type":"Point","coordinates":[76.21176,15.28378]},"properties":{"cell_id":164408,"case_count":1,"gi_zscore":-0.1025,"gi_pvalue":0.089,"significance":"cold_90"}},{"type":"Feature","geometry":{"type":"Point","coordinates":[76.32941,15.28378]},"properties":{"cell_id":164418,"case_count":1,"gi_zscore":-0.1025,"gi_pvalue":0.089,"significance":"cold_90"}},{"type":"Feature","geometry":{"type":"Point","coordinates":[76.38824,15.28378]},"properties":{"cell_id":164423,"case_count":2,"gi_zscore":-0.098,"gi_pvalue":0.241,"significance":"not_sig"}},{"type":"Feature","geometry":{"type":"Point","coordinates":[74.82353,15.29279]},"properties":{"cell_id":164681,"case_count":1,"gi_zscore":-0.0995,"gi_pvalue":0.295,"significance":"not_sig"}},{"type":"Feature","geometry":{"type":"Point","coordinates":[76.09412,15.29279]},"properties":{"cell_id":164789,"case_count":1,"gi_zscore":-0.1025,"gi_pvalue":0.089,"significance":"cold_90"}},{"type":"Feature","geometry":{"type":"Point","coordinates":[76.44706,15.29279]},"properties":{"cell_id":164819,"case_count":4,"gi_zscore":-0.098,"gi_pvalue":0.164,"significance":"not_sig"}},{"type":"Feature","geometry":{"type":"Point","coordinates":[75.71765,15.3018]},"properties":{"cell_id":165148,"case_count":1,"gi_zscore":0.5069,"gi_pvalue":0.065,"significance":"hot_90"}},{"type":"Feature","geometry":{"type":"Point","coordinates":[76.21176,15.3018]},"properties":{"cell_id":165190,"case_count":1,"gi_zscore":-0.1025,"gi_pvalue":0.089,"significance":"cold_90"}},{"type":"Feature","geometry":{"type":"Point","coordinates":[76.44706,15.3018]},"properties":{"cell_id":165210,"case_count":1,"gi_zscore":-0.098,"gi_pvalue":0.384,"significance":"not_sig"}},{"type":"Feature","geometry":{"type":"Point","coordinates":[75.09412,15.31081]},"properties":{"cell_id":165486,"case_count":1,"gi_zscore":-0.0877,"gi_pvalue":0.34,"significance":"not_sig"}},{"type":"Feature","geometry":{"type":"Point","coordinates":[75.14118,15.31081]},"properties":{"cell_id":165490,"case_count":1,"gi_zscore":-0.0598,"gi_pvalue":0.137,"significance":"not_sig"}},{"type":"Feature","geometry":{"type":"Point","coordinates":[75.56471,15.31081]},"properties":{"cell_id":165526,"case_count":1,"gi_zscore":-0.1025,"gi_pvalue":0.089,"significance":"cold_90"}},{"type":"Feature","geometry":{"type":"Point","coordinates":[75.70588,15.31081]},"properties":{"cell_id":165538,"case_count":86,"gi_zscore":0.5069,"gi_pvalue":0.071,"significance":"hot_90"}},{"type":"Feature","geometry":{"type":"Point","coordinates":[75.71765,15.31081]},"properties":{"cell_id":165539,"case_count":90,"gi_zscore":0.5069,"gi_pvalue":0.071,"significance":"hot_90"}},{"type":"Feature","geometry":{"type":"Point","coordinates":[75.72941,15.31081]},"properties":{"cell_id":165540,"case_count":6,"gi_zscore":0.4627,"gi_pvalue":0.069,"significance":"hot_90"}},{"type":"Feature","geometry":{"type":"Point","coordinates":[76.04706,15.31081]},"properties":{"cell_id":165567,"case_count":1,"gi_zscore":-0.1054,"gi_pvalue":0.033,"significance":"cold_95"}},{"type":"Feature","geometry":{"type":"Point","coordinates":[76.24706,15.31081]},"properties":{"cell_id":165584,"case_count":1,"gi_zscore":-0.1025,"gi_pvalue":0.089,"significance":"cold_90"}},{"type":"Feature","geometry":{"type":"Point","coordinates":[76.34118,15.31081]},"properties":{"cell_id":165592,"case_count":1,"gi_zscore":-0.1039,"gi_pvalue":0.089,"significance":"cold_90"}},{"type":"Feature","geometry":{"type":"Point","coordinates":[76.44706,15.31081]},"properties":{"cell_id":165601,"case_count":1,"gi_zscore":-0.098,"gi_pvalue":0.384,"significance":"not_sig"}},{"type":"Feature","geometry":{"type":"Point","coordinates":[76.47059,15.31081]},"properties":{"cell_id":165603,"case_count":1,"gi_zscore":-0.098,"gi_pvalue":0.384,"significance":"not_sig"}},{"type":"Feature","geometry":{"type":"Point","coordinates":[75.10588,15.31982]},"properties":{"cell_id":165878,"case_count":1,"gi_zscore":-0.0833,"gi_pvalue":0.274,"significance":"not_sig"}},{"type":"Feature","geometry":{"type":"Point","coordinates":[75.11765,15.31982]},"properties":{"cell_id":165879,"case_count":4,"gi_zscore":-0.076,"gi_pvalue":0.24,"significance":"not_sig"}},{"type":"Feature","geometry":{"type":"Point","coordinates":[75.12941,15.31982]},"properties":{"cell_id":165880,"case_count":2,"gi_zscore":-0.0598,"gi_pvalue":0.135,"significance":"not_sig"}},{"type":"Feature","geometry":{"type":"Point","coordinates":[75.14118,15.31982]},"properties":{"cell_id":165881,"case_count":3,"gi_zscore":-0.0598,"gi_pvalue":0.135,"significance":"not_sig"}},{"type":"Feature","geometry":{"type":"Point","coordinates":[75.2,15.31982]},"properties":{"cell_id":165886,"case_count":1,"gi_zscore":-0.0804,"gi_pvalue":0.227,"significance":"not_sig"}},{"type":"Feature","geometry":{"type":"Point","coordinates":[75.70588,15.31982]},"properties":{"cell_id":165929,"case_count":64,"gi_zscore":0.5069,"gi_pvalue":0.071,"significance":"hot_90"}},{"type":"Feature","geometry":{"type":"Point","coordinates":[75.71765,15.31982]},"properties":{"cell_id":165930,"case_count":102,"gi_zscore":0.5069,"gi_pvalue":0.071,"significance":"hot_90"}},{"type":"Feature","geometry":{"type":"Point","coordinates":[75.72941,15.31982]},"properties":{"cell_id":165931,"case_count":2,"gi_zscore":0.4627,"gi_pvalue":0.069,"significance":"hot_90"}},{"type":"Feature","geometry":{"type":"Point","coordinates":[75.75294,15.31982]},"properties":{"cell_id":165933,"case_count":1,"gi_zscore":0.4627,"gi_pvalue":0.069,"significance":"hot_90"}},{"type":"Feature","geometry":{"type":"Point","coordinates":[74.76471,15.32883]},"properties":{"cell_id":166240,"case_count":4,"gi_zscore":-0.0995,"gi_pvalue":0.088,"significance":"cold_90"}},{"type":"Feature","geometry":{"type":"Point","coordinates":[75.09412,15.32883]},"properties":{"cell_id":166268,"case_count":1,"gi_zscore":-0.0848,"gi_pvalue":0.292,"significance":"not_sig"}},{"type":"Feature","geometry":{"type":"Point","coordinates":[75.12941,15.32883]},"properties":{"cell_id":166271,"case_count":4,"gi_zscore":-0.0583,"gi_pvalue":0.14,"significance":"not_sig"}},{"type":"Feature","geometry":{"type":"Point","coordinates":[75.14118,15.32883]},"properties":{"cell_id":166272,"case_count":1,"gi_zscore":-0.0421,"gi_pvalue":0.112,"significance":"not_sig"}},{"type":"Feature","geometry":{"type":"Point","coordinates":[75.56471,15.32883]},"properties":{"cell_id":166308,"case_count":3,"gi_zscore":-0.101,"gi_pvalue":0.088,"significance":"cold_90"}},{"type":"Feature","geometry":{"type":"Point","coordinates":[75.70588,15.32883]},"properties":{"cell_id":166320,"case_count":31,"gi_zscore":0.5069,"gi_pvalue":0.069,"significance":"hot_90"}},{"type":"Feature","geometry":{"type":"Point","coordinates":[75.71765,15.32883]},"properties":{"cell_id":166321,"case_count":43,"gi_zscore":0.5069,"gi_pvalue":0.069,"significance":"hot_90"}},{"type":"Feature","geometry":{"type":"Point","coordinates":[76.29412,15.32883]},"properties":{"cell_id":166370,"case_count":1,"gi_zscore":-0.1025,"gi_pvalue":0.088,"significance":"cold_90"}},{"type":"Feature","geometry":{"type":"Point","coordinates":[76.31765,15.32883]},"properties":{"cell_id":166372,"case_count":1,"gi_zscore":-0.1054,"gi_pvalue":0.032,"significance":"cold_95"}},{"type":"Feature","geometry":{"type":"Point","coordinates":[74.77647,15.33784]},"properties":{"cell_id":166632,"case_count":1,"gi_zscore":-0.0995,"gi_pvalue":0.295,"significance":"not_sig"}},{"type":"Feature","geometry":{"type":"Point","coordinates":[75.04706,15.33784]},"properties":{"cell_id":166655,"case_count":1,"gi_zscore":-0.0966,"gi_pvalue":0.387,"significance":"not_sig"}},{"type":"Feature","geometry":{"type":"Point","coordinates":[75.10588,15.33784]},"properties":{"cell_id":166660,"case_count":2,"gi_zscore":-0.0789,"gi_pvalue":0.227,"significance":"not_sig"}},{"type":"Feature","geometry":{"type":"Point","coordinates":[75.11765,15.33784]},"properties":{"cell_id":166661,"case_count":6,"gi_zscore":-0.0686,"gi_pvalue":0.201,"significance":"not_sig"}},{"type":"Feature","geometry":{"type":"Point","coordinates":[75.12941,15.33784]},"properties":{"cell_id":166662,"case_count":6,"gi_zscore":-0.0377,"gi_pvalue":0.115,"significance":"not_sig"}},{"type":"Feature","geometry":{"type":"Point","coordinates":[75.14118,15.33784]},"properties":{"cell_id":166663,"case_count":13,"gi_zscore":-0.0303,"gi_pvalue":0.118,"significance":"not_sig"}},{"type":"Feature","geometry":{"type":"Point","coordinates":[75.15294,15.33784]},"properties":{"cell_id":166664,"case_count":6,"gi_zscore":-0.0348,"gi_pvalue":0.112,"significance":"not_sig"}},{"type":"Feature","geometry":{"type":"Point","coordinates":[75.42353,15.33784]},"properties":{"cell_id":166687,"case_count":1,"gi_zscore":-0.101,"gi_pvalue":0.178,"significance":"not_sig"}},{"type":"Feature","geometry":{"type":"Point","coordinates":[76.15294,15.33784]},"properties":{"cell_id":166749,"case_count":1,"gi_zscore":-0.101,"gi_pvalue":0.178,"significance":"not_sig"}},{"type":"Feature","geometry":{"type":"Point","coordinates":[76.32941,15.33784]},"properties":{"cell_id":166764,"case_count":1,"gi_zscore":-0.1054,"gi_pvalue":0.032,"significance":"cold_95"}},{"type":"Feature","geometry":{"type":"Point","coordinates":[76.45882,15.33784]},"properties":{"cell_id":166775,"case_count":1,"gi_zscore":-0.098,"gi_pvalue":0.383,"significance":"not_sig"}},{"type":"Feature","geometry":{"type":"Point","coordinates":[75.08235,15.34685]},"properties":{"cell_id":167049,"case_count":1,"gi_zscore":-0.0907,"gi_pvalue":0.396,"significance":"not_sig"}},{"type":"Feature","geometry":{"type":"Point","coordinates":[75.10588,15.34685]},"properties":{"cell_id":167051,"case_count":3,"gi_zscore":-0.0745,"gi_pvalue":0.213,"significance":"not_sig"}},{"type":"Feature","geometry":{"type":"Point","coordinates":[75.11765,15.34685]},"properties":{"cell_id":167052,"case_count":5,"gi_zscore":-0.0745,"gi_pvalue":0.225,"significance":"not_sig"}},{"type":"Feature","geometry":{"type":"Point","coordinates":[75.12941,15.34685]},"properties":{"cell_id":167053,"case_count":2,"gi_zscore":-0.0318,"gi_pvalue":0.107,"significance":"not_sig"}},{"type":"Feature","geometry":{"type":"Point","coordinates":[75.14118,15.34685]},"properties":{"cell_id":167054,"case_count":16,"gi_zscore":-0.0274,"gi_pvalue":0.118,"significance":"not_sig"}},{"type":"Feature","geometry":{"type":"Point","coordinates":[75.15294,15.34685]},"properties":{"cell_id":167055,"case_count":6,"gi_zscore":-0.0303,"gi_pvalue":0.108,"significance":"not_sig"}},{"type":"Feature","geometry":{"type":"Point","coordinates":[75.62353,15.34685]},"properties":{"cell_id":167095,"case_count":1,"gi_zscore":-0.0995,"gi_pvalue":0.297,"significance":"not_sig"}},{"type":"Feature","geometry":{"type":"Point","coordinates":[76.15294,15.34685]},"properties":{"cell_id":167140,"case_count":3,"gi_zscore":-0.101,"gi_pvalue":0.09,"significance":"cold_90"}},{"type":"Feature","geometry":{"type":"Point","coordinates":[76.16471,15.34685]},"properties":{"cell_id":167141,"case_count":1,"gi_zscore":-0.101,"gi_pvalue":0.18,"significance":"not_sig"}},{"type":"Feature","geometry":{"type":"Point","coordinates":[76.17647,15.34685]},"properties":{"cell_id":167142,"case_count":1,"gi_zscore":-0.101,"gi_pvalue":0.18,"significance":"not_sig"}},{"type":"Feature","geometry":{"type":"Point","coordinates":[76.22353,15.34685]},"properties":{"cell_id":167146,"case_count":1,"gi_zscore":-0.0995,"gi_pvalue":0.244,"significance":"not_sig"}},{"type":"Feature","geometry":{"type":"Point","coordinates":[76.24706,15.34685]},"properties":{"cell_id":167148,"case_count":3,"gi_zscore":-0.1025,"gi_pvalue":0.032,"significance":"cold_95"}},{"type":"Feature","geometry":{"type":"Point","coordinates":[76.30588,15.34685]},"properties":{"cell_id":167153,"case_count":1,"gi_zscore":-0.1054,"gi_pvalue":0.032,"significance":"cold_95"}},{"type":"Feature","geometry":{"type":"Point","coordinates":[76.32941,15.34685]},"properties":{"cell_id":167155,"case_count":1,"gi_zscore":-0.1054,"gi_pvalue":0.032,"significance":"cold_95"}},{"type":"Feature","geometry":{"type":"Point","coordinates":[76.38824,15.34685]},"properties":{"cell_id":167160,"case_count":1,"gi_zscore":-0.1025,"gi_pvalue":0.167,"significance":"not_sig"}},{"type":"Feature","geometry":{"type":"Point","coordinates":[75.09412,15.35586]},"properties":{"cell_id":167441,"case_count":4,"gi_zscore":-0.0818,"gi_pvalue":0.31,"significance":"not_sig"}},{"type":"Feature","geometry":{"type":"Point","coordinates":[75.10588,15.35586]},"properties":{"cell_id":167442,"case_count":1,"gi_zscore":-0.0745,"gi_pvalue":0.182,"significance":"not_sig"}},{"type":"Feature","geometry":{"type":"Point","coordinates":[75.11765,15.35586]},"properties":{"cell_id":167443,"case_count":2,"gi_zscore":-0.0701,"gi_pvalue":0.171,"significance":"not_sig"}},{"type":"Feature","geometry":{"type":"Point","coordinates":[75.12941,15.35586]},"properties":{"cell_id":167444,"case_count":3,"gi_zscore":-0.0451,"gi_pvalue":0.118,"significance":"not_sig"}},{"type":"Feature","geometry":{"type":"Point","coordinates":[75.14118,15.35586]},"properties":{"cell_id":167445,"case_count":6,"gi_zscore":-0.0421,"gi_pvalue":0.119,"significance":"not_sig"}},{"type":"Feature","geometry":{"type":"Point","coordinates":[75.15294,15.35586]},"properties":{"cell_id":167446,"case_count":4,"gi_zscore":-0.0421,"gi_pvalue":0.118,"significance":"not_sig"}},{"type":"Feature","geometry":{"type":"Point","coordinates":[75.16471,15.35586]},"properties":{"cell_id":167447,"case_count":2,"gi_zscore":-0.048,"gi_pvalue":0.119,"significance":"not_sig"}},{"type":"Feature","geometry":{"type":"Point","coordinates":[75.28235,15.35586]},"properties":{"cell_id":167457,"case_count":1,"gi_zscore":-0.0907,"gi_pvalue":0.399,"significance":"not_sig"}},{"type":"Feature","geometry":{"type":"Point","coordinates":[76.11765,15.35586]},"properties":{"cell_id":167528,"case_count":1,"gi_zscore":-0.101,"gi_pvalue":0.181,"significance":"not_sig"}},{"type":"Feature","geometry":{"type":"Point","coordinates":[76.14118,15.35586]},"properties":{"cell_id":167530,"case_count":1,"gi_zscore":-0.101,"gi_pvalue":0.181,"significance":"not_sig"}},{"type":"Feature","geometry":{"type":"Point","coordinates":[76.15294,15.35586]},"properties":{"cell_id":167531,"case_count":2,"gi_zscore":-0.101,"gi_pvalue":0.091,"significance":"cold_90"}},{"type":"Feature","geometry":{"type":"Point","coordinates":[76.24706,15.35586]},"properties":{"cell_id":167539,"case_count":1,"gi_zscore":-0.1025,"gi_pvalue":0.09,"significance":"cold_90"}},{"type":"Feature","geometry":{"type":"Point","coordinates":[74.76471,15.36486]},"properties":{"cell_id":167804,"case_count":1,"gi_zscore":-0.0995,"gi_pvalue":0.296,"significance":"not_sig"}},{"type":"Feature","geometry":{"type":"Point","coordinates":[75.11765,15.36486]},"properties":{"cell_id":167834,"case_count":6,"gi_zscore":-0.0715,"gi_pvalue":0.213,"significance":"not_sig"}},{"type":"Feature","geometry":{"type":"Point","coordinates":[75.12941,15.36486]},"properties":{"cell_id":167835,"case_count":5,"gi_zscore":-0.0568,"gi_pvalue":0.137,"significance":"not_sig"}},{"type":"Feature","geometry":{"type":"Point","coordinates":[75.14118,15.36486]},"properties":{"cell_id":167836,"case_count":5,"gi_zscore":-0.0612,"gi_pvalue":0.149,"significance":"not_sig"}},{"type":"Feature","geometry":{"type":"Point","coordinates":[75.15294,15.36486]},"properties":{"cell_id":167837,"case_count":5,"gi_zscore":-0.0642,"gi_pvalue":0.167,"significance":"not_sig"}},{"type":"Feature","geometry":{"type":"Point","coordinates":[75.16471,15.36486]},"properties":{"cell_id":167838,"case_count":2,"gi_zscore":-0.0642,"gi_pvalue":0.145,"significance":"not_sig"}},{"type":"Feature","geometry":{"type":"Point","coordinates":[75.25882,15.36486]},"properties":{"cell_id":167846,"case_count":1,"gi_zscore":-0.0966,"gi_pvalue":0.447,"significance":"not_sig"}},{"type":"Feature","geometry":{"type":"Point","coordinates":[75.51765,15.36486]},"properties":{"cell_id":167868,"case_count":1,"gi_zscore":-0.1025,"gi_pvalue":0.168,"significance":"not_sig"}},{"type":"Feature","geometry":{"type":"Point","coordinates":[75.68235,15.36486]},"properties":{"cell_id":167882,"case_count":1,"gi_zscore":0.3671,"gi_pvalue":0.071,"significance":"hot_90"}},{"type":"Feature","geometry":{"type":"Point","coordinates":[76.14118,15.36486]},"properties":{"cell_id":167921,"case_count":1,"gi_zscore":-0.101,"gi_pvalue":0.181,"significance":"not_sig"}},{"type":"Feature","geometry":{"type":"Point","coordinates":[76.15294,15.36486]},"properties":{"cell_id":167922,"case_count":1,"gi_zscore":-0.101,"gi_pvalue":0.181,"significance":"not_sig"}},{"type":"Feature","geometry":{"type":"Point","coordinates":[75.10588,15.37387]},"properties":{"cell_id":168224,"case_count":1,"gi_zscore":-0.076,"gi_pvalue":0.199,"significance":"not_sig"}},{"type":"Feature","geometry":{"type":"Point","coordinates":[75.11765,15.37387]},"properties":{"cell_id":168225,"case_count":5,"gi_zscore":-0.0701,"gi_pvalue":0.199,"significance":"not_sig"}},{"type":"Feature","geometry":{"type":"Point","coordinates":[75.12941,15.37387]},"properties":{"cell_id":168226,"case_count":4,"gi_zscore":-0.0495,"gi_pvalue":0.123,"significance":"not_sig"}},{"type":"Feature","geometry":{"type":"Point","coordinates":[75.14118,15.37387]},"properties":{"cell_id":168227,"case_count":6,"gi_zscore":-0.0612,"gi_pvalue":0.154,"significance":"not_sig"}},{"type":"Feature","geometry":{"type":"Point","coordinates":[75.15294,15.37387]},"properties":{"cell_id":168228,"case_count":1,"gi_zscore":-0.0671,"gi_pvalue":0.145,"significance":"not_sig"}},{"type":"Feature","geometry":{"type":"Point","coordinates":[76.14118,15.37387]},"properties":{"cell_id":168312,"case_count":1,"gi_zscore":-0.101,"gi_pvalue":0.181,"significance":"not_sig"}},{"type":"Feature","geometry":{"type":"Point","coordinates":[76.34118,15.37387]},"properties":{"cell_id":168329,"case_count":1,"gi_zscore":-0.1054,"gi_pvalue":0.032,"significance":"cold_95"}},{"type":"Feature","geometry":{"type":"Point","coordinates":[74.75294,15.38288]},"properties":{"cell_id":168585,"case_count":1,"gi_zscore":-0.0995,"gi_pvalue":0.298,"significance":"not_sig"}},{"type":"Feature","geometry":{"type":"Point","coordinates":[74.90588,15.38288]},"properties":{"cell_id":168598,"case_count":2,"gi_zscore":-0.1025,"gi_pvalue":0.033,"significance":"cold_95"}},{"type":"Feature","geometry":{"type":"Point","coordinates":[74.97647,15.38288]},"properties":{"cell_id":168604,"case_count":1,"gi_zscore":-0.1054,"gi_pvalue":0.032,"significance":"cold_95"}},{"type":"Feature","geometry":{"type":"Point","coordinates":[75.11765,15.38288]},"properties":{"cell_id":168616,"case_count":7,"gi_zscore":-0.0642,"gi_pvalue":0.184,"significance":"not_sig"}},{"type":"Feature","geometry":{"type":"Point","coordinates":[75.6,15.38288]},"properties":{"cell_id":168657,"case_count":1,"gi_zscore":-0.1025,"gi_pvalue":0.089,"significance":"cold_90"}},{"type":"Feature","geometry":{"type":"Point","coordinates":[75.62353,15.38288]},"properties":{"cell_id":168659,"case_count":1,"gi_zscore":-0.0951,"gi_pvalue":0.448,"significance":"not_sig"}},{"type":"Feature","geometry":{"type":"Point","coordinates":[75.88235,15.38288]},"properties":{"cell_id":168681,"case_count":2,"gi_zscore":-0.1039,"gi_pvalue":0.032,"significance":"cold_95"}},{"type":"Feature","geometry":{"type":"Point","coordinates":[76.15294,15.38288]},"properties":{"cell_id":168704,"case_count":1,"gi_zscore":-0.101,"gi_pvalue":0.182,"significance":"not_sig"}},{"type":"Feature","geometry":{"type":"Point","coordinates":[76.30588,15.38288]},"properties":{"cell_id":168717,"case_count":1,"gi_zscore":-0.1054,"gi_pvalue":0.032,"significance":"cold_95"}},{"type":"Feature","geometry":{"type":"Point","coordinates":[74.94118,15.39189]},"properties":{"cell_id":168992,"case_count":1,"gi_zscore":-0.1025,"gi_pvalue":0.089,"significance":"cold_90"}},{"type":"Feature","geometry":{"type":"Point","coordinates":[75.08235,15.39189]},"properties":{"cell_id":169004,"case_count":1,"gi_zscore":-0.0833,"gi_pvalue":0.251,"significance":"not_sig"}},{"type":"Feature","geometry":{"type":"Point","coordinates":[75.09412,15.39189]},"properties":{"cell_id":169005,"case_count":1,"gi_zscore":-0.076,"gi_pvalue":0.199,"significance":"not_sig"}},{"type":"Feature","geometry":{"type":"Point","coordinates":[75.10588,15.39189]},"properties":{"cell_id":169006,"case_count":2,"gi_zscore":-0.076,"gi_pvalue":0.211,"significance":"not_sig"}},{"type":"Feature","geometry":{"type":"Point","coordinates":[75.6,15.39189]},"properties":{"cell_id":169048,"case_count":2,"gi_zscore":-0.0995,"gi_pvalue":0.182,"significance":"not_sig"}},{"type":"Feature","geometry":{"type":"Point","coordinates":[75.71765,15.39189]},"properties":{"cell_id":169058,"case_count":1,"gi_zscore":0.2434,"gi_pvalue":0.077,"significance":"hot_90"}},{"type":"Feature","geometry":{"type":"Point","coordinates":[75.94118,15.39189]},"properties":{"cell_id":169077,"case_count":1,"gi_zscore":-0.1039,"gi_pvalue":0.089,"significance":"cold_90"}},{"type":"Feature","geometry":{"type":"Point","coordinates":[76.03529,15.39189]},"properties":{"cell_id":169085,"case_count":1,"gi_zscore":-0.1054,"gi_pvalue":0.032,"significance":"cold_95"}},{"type":"Feature","geometry":{"type":"Point","coordinates":[76.14118,15.39189]},"properties":{"cell_id":169094,"case_count":1,"gi_zscore":-0.1039,"gi_pvalue":0.089,"significance":"cold_90"}},{"type":"Feature","geometry":{"type":"Point","coordinates":[76.31765,15.39189]},"properties":{"cell_id":169109,"case_count":1,"gi_zscore":-0.1054,"gi_pvalue":0.032,"significance":"cold_95"}},{"type":"Feature","geometry":{"type":"Point","coordinates":[74.32941,15.4009]},"properties":{"cell_id":169331,"case_count":2,"gi_zscore":-0.1025,"gi_pvalue":0.033,"significance":"cold_95"}},{"type":"Feature","geometry":{"type":"Point","coordinates":[75.08235,15.4009]},"properties":{"cell_id":169395,"case_count":2,"gi_zscore":-0.0833,"gi_pvalue":0.283,"significance":"not_sig"}},{"type":"Feature","geometry":{"type":"Point","coordinates":[75.42353,15.40991]},"properties":{"cell_id":169815,"case_count":1,"gi_zscore":-0.1039,"gi_pvalue":0.089,"significance":"cold_90"}},{"type":"Feature","geometry":{"type":"Point","coordinates":[75.58824,15.40991]},"properties":{"cell_id":169829,"case_count":1,"gi_zscore":-0.0995,"gi_pvalue":0.244,"significance":"not_sig"}},{"type":"Feature","geometry":{"type":"Point","coordinates":[75.61176,15.40991]},"properties":{"cell_id":169831,"case_count":2,"gi_zscore":-0.0951,"gi_pvalue":0.448,"significance":"not_sig"}},{"type":"Feature","geometry":{"type":"Point","coordinates":[75.62353,15.40991]},"properties":{"cell_id":169832,"case_count":1,"gi_zscore":-0.0863,"gi_pvalue":0.294,"significance":"not_sig"}},{"type":"Feature","geometry":{"type":"Point","coordinates":[74.74118,15.41892]},"properties":{"cell_id":170148,"case_count":1,"gi_zscore":-0.0995,"gi_pvalue":0.297,"significance":"not_sig"}},{"type":"Feature","geometry":{"type":"Point","coordinates":[75.03529,15.41892]},"properties":{"cell_id":170173,"case_count":1,"gi_zscore":-0.0863,"gi_pvalue":0.294,"significance":"not_sig"}},{"type":"Feature","geometry":{"type":"Point","coordinates":[75.04706,15.41892]},"properties":{"cell_id":170174,"case_count":1,"gi_zscore":-0.0966,"gi_pvalue":0.447,"significance":"not_sig"}},{"type":"Feature","geometry":{"type":"Point","coordinates":[75.43529,15.41892]},"properties":{"cell_id":170207,"case_count":1,"gi_zscore":-0.1039,"gi_pvalue":0.089,"significance":"cold_90"}},{"type":"Feature","geometry":{"type":"Point","coordinates":[75.54118,15.41892]},"properties":{"cell_id":170216,"case_count":1,"gi_zscore":-0.1039,"gi_pvalue":0.089,"significance":"cold_90"}},{"type":"Feature","geometry":{"type":"Point","coordinates":[75.58824,15.41892]},"properties":{"cell_id":170220,"case_count":1,"gi_zscore":-0.0995,"gi_pvalue":0.245,"significance":"not_sig"}},{"type":"Feature","geometry":{"type":"Point","coordinates":[75.61176,15.41892]},"properties":{"cell_id":170222,"case_count":1,"gi_zscore":-0.0863,"gi_pvalue":0.294,"significance":"not_sig"}},{"type":"Feature","geometry":{"type":"Point","coordinates":[75.62353,15.41892]},"properties":{"cell_id":170223,"case_count":3,"gi_zscore":-0.0804,"gi_pvalue":0.273,"significance":"not_sig"}},{"type":"Feature","geometry":{"type":"Point","coordinates":[75.63529,15.41892]},"properties":{"cell_id":170224,"case_count":4,"gi_zscore":-0.0818,"gi_pvalue":0.289,"significance":"not_sig"}},{"type":"Feature","geometry":{"type":"Point","coordinates":[75.64706,15.41892]},"properties":{"cell_id":170225,"case_count":1,"gi_zscore":-0.0818,"gi_pvalue":0.243,"significance":"not_sig"}},{"type":"Feature","geometry":{"type":"Point","coordinates":[76.54118,15.41892]},"properties":{"cell_id":170301,"case_count":1,"gi_zscore":-0.0995,"gi_pvalue":0.246,"significance":"not_sig"}},{"type":"Feature","geometry":{"type":"Point","coordinates":[76.58824,15.41892]},"properties":{"cell_id":170305,"case_count":1,"gi_zscore":-0.1025,"gi_pvalue":0.088,"significance":"cold_90"}},{"type":"Feature","geometry":{"type":"Point","coordinates":[74.74118,15.42793]},"properties":{"cell_id":170539,"case_count":2,"gi_zscore":-0.0995,"gi_pvalue":0.183,"significance":"not_sig"}},{"type":"Feature","geometry":{"type":"Point","coordinates":[75.01176,15.42793]},"properties":{"cell_id":170562,"case_count":1,"gi_zscore":-0.0892,"gi_pvalue":0.367,"significance":"not_sig"}},{"type":"Feature","geometry":{"type":"Point","coordinates":[75.03529,15.42793]},"properties":{"cell_id":170564,"case_count":1,"gi_zscore":-0.0863,"gi_pvalue":0.294,"significance":"not_sig"}},{"type":"Feature","geometry":{"type":"Point","coordinates":[75.43529,15.42793]},"properties":{"cell_id":170598,"case_count":2,"gi_zscore":-0.1039,"gi_pvalue":0.032,"significance":"cold_95"}},{"type":"Feature","geometry":{"type":"Point","coordinates":[75.44706,15.42793]},"properties":{"cell_id":170599,"case_count":1,"gi_zscore":-0.1039,"gi_pvalue":0.088,"significance":"cold_90"}},{"type":"Feature","geometry":{"type":"Point","coordinates":[75.49412,15.42793]},"properties":{"cell_id":170603,"case_count":1,"gi_zscore":-0.1039,"gi_pvalue":0.032,"significance":"cold_95"}},{"type":"Feature","geometry":{"type":"Point","coordinates":[75.50588,15.42793]},"properties":{"cell_id":170604,"case_count":1,"gi_zscore":-0.1039,"gi_pvalue":0.032,"significance":"cold_95"}},{"type":"Feature","geometry":{"type":"Point","coordinates":[75.62353,15.42793]},"properties":{"cell_id":170614,"case_count":1,"gi_zscore":-0.0804,"gi_pvalue":0.232,"significance":"not_sig"}},{"type":"Feature","geometry":{"type":"Point","coordinates":[75.63529,15.42793]},"properties":{"cell_id":170615,"case_count":8,"gi_zscore":-0.0818,"gi_pvalue":0.445,"significance":"not_sig"}},{"type":"Feature","geometry":{"type":"Point","coordinates":[76.51765,15.42793]},"properties":{"cell_id":170690,"case_count":1,"gi_zscore":-0.0995,"gi_pvalue":0.246,"significance":"not_sig"}},{"type":"Feature","geometry":{"type":"Point","coordinates":[76.52941,15.42793]},"properties":{"cell_id":170691,"case_count":1,"gi_zscore":-0.0995,"gi_pvalue":0.246,"significance":"not_sig"}},{"type":"Feature","geometry":{"type":"Point","coordinates":[76.54118,15.42793]},"properties":{"cell_id":170692,"case_count":1,"gi_zscore":-0.0995,"gi_pvalue":0.246,"significance":"not_sig"}},{"type":"Feature","geometry":{"type":"Point","coordinates":[76.55294,15.42793]},"properties":{"cell_id":170693,"case_count":1,"gi_zscore":-0.1025,"gi_pvalue":0.088,"significance":"cold_90"}},{"type":"Feature","geometry":{"type":"Point","coordinates":[74.76471,15.43694]},"properties":{"cell_id":170932,"case_count":1,"gi_zscore":-0.0995,"gi_pvalue":0.297,"significance":"not_sig"}},{"type":"Feature","geometry":{"type":"Point","coordinates":[74.97647,15.43694]},"properties":{"cell_id":170950,"case_count":1,"gi_zscore":-0.1025,"gi_pvalue":0.088,"significance":"cold_90"}},{"type":"Feature","geometry":{"type":"Point","coordinates":[74.98824,15.43694]},"properties":{"cell_id":170951,"case_count":1,"gi_zscore":-0.1039,"gi_pvalue":0.032,"significance":"cold_95"}},{"type":"Feature","geometry":{"type":"Point","coordinates":[75.01176,15.43694]},"properties":{"cell_id":170953,"case_count":1,"gi_zscore":-0.0848,"gi_pvalue":0.283,"significance":"not_sig"}},{"type":"Feature","geometry":{"type":"Point","coordinates":[75.03529,15.43694]},"properties":{"cell_id":170955,"case_count":1,"gi_zscore":-0.098,"gi_pvalue":0.344,"significance":"not_sig"}},{"type":"Feature","geometry":{"type":"Point","coordinates":[75.63529,15.43694]},"properties":{"cell_id":171006,"case_count":5,"gi_zscore":-0.0818,"gi_pvalue":0.309,"significance":"not_sig"}},{"type":"Feature","geometry":{"type":"Point","coordinates":[75.64706,15.43694]},"properties":{"cell_id":171007,"case_count":1,"gi_zscore":-0.0804,"gi_pvalue":0.222,"significance":"not_sig"}},{"type":"Feature","geometry":{"type":"Point","coordinates":[75.65882,15.43694]},"properties":{"cell_id":171008,"case_count":1,"gi_zscore":-0.0804,"gi_pvalue":0.231,"significance":"not_sig"}},{"type":"Feature","geometry":{"type":"Point","coordinates":[76.14118,15.43694]},"properties":{"cell_id":171049,"case_count":1,"gi_zscore":-0.1039,"gi_pvalue":0.088,"significance":"cold_90"}},{"type":"Feature","geometry":{"type":"Point","coordinates":[76.44706,15.43694]},"properties":{"cell_id":171075,"case_count":1,"gi_zscore":-0.101,"gi_pvalue":0.182,"significance":"not_sig"}},{"type":"Feature","geometry":{"type":"Point","coordinates":[76.51765,15.43694]},"properties":{"cell_id":171081,"case_count":1,"gi_zscore":-0.0995,"gi_pvalue":0.246,"significance":"not_sig"}},{"type":"Feature","geometry":{"type":"Point","coordinates":[76.52941,15.43694]},"properties":{"cell_id":171082,"case_count":2,"gi_zscore":-0.0995,"gi_pvalue":0.182,"significance":"not_sig"}},{"type":"Feature","geometry":{"type":"Point","coordinates":[76.54118,15.43694]},"properties":{"cell_id":171083,"case_count":2,"gi_zscore":-0.1025,"gi_pvalue":0.032,"significance":"cold_95"}},{"type":"Feature","geometry":{"type":"Point","coordinates":[74.48235,15.44595]},"properties":{"cell_id":171299,"case_count":1,"gi_zscore":-0.1025,"gi_pvalue":0.088,"significance":"cold_90"}},{"type":"Feature","geometry":{"type":"Point","coordinates":[74.90588,15.44595]},"properties":{"cell_id":171335,"case_count":2,"gi_zscore":-0.101,"gi_pvalue":0.088,"significance":"cold_90"}},{"type":"Feature","geometry":{"type":"Point","coordinates":[74.97647,15.44595]},"properties":{"cell_id":171341,"case_count":1,"gi_zscore":-0.1025,"gi_pvalue":0.088,"significance":"cold_90"}},{"type":"Feature","geometry":{"type":"Point","coordinates":[74.98824,15.44595]},"properties":{"cell_id":171342,"case_count":1,"gi_zscore":-0.1025,"gi_pvalue":0.088,"significance":"cold_90"}},{"type":"Feature","geometry":{"type":"Point","coordinates":[75.0,15.44595]},"properties":{"cell_id":171343,"case_count":1,"gi_zscore":-0.0877,"gi_pvalue":0.339,"significance":"not_sig"}},{"type":"Feature","geometry":{"type":"Point","coordinates":[75.01176,15.44595]},"properties":{"cell_id":171344,"case_count":4,"gi_zscore":-0.0774,"gi_pvalue":0.235,"significance":"not_sig"}},{"type":"Feature","geometry":{"type":"Point","coordinates":[75.21176,15.44595]},"properties":{"cell_id":171361,"case_count":1,"gi_zscore":-0.0892,"gi_pvalue":0.364,"significance":"not_sig"}},{"type":"Feature","geometry":{"type":"Point","coordinates":[75.50588,15.44595]},"properties":{"cell_id":171386,"case_count":1,"gi_zscore":-0.1039,"gi_pvalue":0.088,"significance":"cold_90"}},{"type":"Feature","geometry":{"type":"Point","coordinates":[75.64706,15.44595]},"properties":{"cell_id":171398,"case_count":1,"gi_zscore":-0.0804,"gi_pvalue":0.222,"significance":"not_sig"}},{"type":"Feature","geometry":{"type":"Point","coordinates":[76.50588,15.44595]},"properties":{"cell_id":171471,"case_count":3,"gi_zscore":-0.0995,"gi_pvalue":0.089,"significance":"cold_90"}},{"type":"Feature","geometry":{"type":"Point","coordinates":[76.61176,15.44595]},"properties":{"cell_id":171480,"case_count":2,"gi_zscore":-0.1025,"gi_pvalue":0.033,"significance":"cold_95"}},{"type":"Feature","geometry":{"type":"Point","coordinates":[74.98824,15.45495]},"properties":{"cell_id":171733,"case_count":1,"gi_zscore":-0.1025,"gi_pvalue":0.089,"significance":"cold_90"}},{"type":"Feature","geometry":{"type":"Point","coordinates":[75.0,15.45495]},"properties":{"cell_id":171734,"case_count":2,"gi_zscore":-0.0848,"gi_pvalue":0.293,"significance":"not_sig"}},{"type":"Feature","geometry":{"type":"Point","coordinates":[75.01176,15.45495]},"properties":{"cell_id":171735,"case_count":9,"gi_zscore":-0.076,"gi_pvalue":0.339,"significance":"not_sig"}},{"type":"Feature","geometry":{"type":"Point","coordinates":[75.02353,15.45495]},"properties":{"cell_id":171736,"case_count":3,"gi_zscore":-0.076,"gi_pvalue":0.213,"significance":"not_sig"}},{"type":"Feature","geometry":{"type":"Point","coordinates":[75.65882,15.45495]},"properties":{"cell_id":171790,"case_count":4,"gi_zscore":-0.0804,"gi_pvalue":0.283,"significance":"not_sig"}},{"type":"Feature","geometry":{"type":"Point","coordinates":[76.28235,15.45495]},"properties":{"cell_id":171843,"case_count":1,"gi_zscore":-0.1054,"gi_pvalue":0.033,"significance":"cold_95"}},{"type":"Feature","geometry":{"type":"Point","coordinates":[76.6,15.45495]},"properties":{"cell_id":171870,"case_count":1,"gi_zscore":-0.1025,"gi_pvalue":0.089,"significance":"cold_90"}},{"type":"Feature","geometry":{"type":"Point","coordinates":[74.96471,15.46396]},"properties":{"cell_id":172122,"case_count":1,"gi_zscore":-0.1039,"gi_pvalue":0.033,"significance":"cold_95"}},{"type":"Feature","geometry":{"type":"Point","coordinates":[74.97647,15.46396]},"properties":{"cell_id":172123,"case_count":2,"gi_zscore":-0.1025,"gi_pvalue":0.033,"significance":"cold_95"}},{"type":"Feature","geometry":{"type":"Point","coordinates":[75.0,15.46396]},"properties":{"cell_id":172125,"case_count":1,"gi_zscore":-0.0833,"gi_pvalue":0.252,"significance":"not_sig"}},{"type":"Feature","geometry":{"type":"Point","coordinates":[75.01176,15.46396]},"properties":{"cell_id":172126,"case_count":3,"gi_zscore":-0.0789,"gi_pvalue":0.234,"significance":"not_sig"}},{"type":"Feature","geometry":{"type":"Point","coordinates":[75.02353,15.46396]},"properties":{"cell_id":172127,"case_count":4,"gi_zscore":-0.076,"gi_pvalue":0.22,"significance":"not_sig"}},{"type":"Feature","geometry":{"type":"Point","coordinates":[75.03529,15.46396]},"properties":{"cell_id":172128,"case_count":1,"gi_zscore":-0.076,"gi_pvalue":0.196,"significance":"not_sig"}},{"type":"Feature","geometry":{"type":"Point","coordinates":[75.67059,15.46396]},"properties":{"cell_id":172182,"case_count":1,"gi_zscore":-0.0804,"gi_pvalue":0.23,"significance":"not_sig"}},{"type":"Feature","geometry":{"type":"Point","coordinates":[76.22353,15.46396]},"properties":{"cell_id":172229,"case_count":1,"gi_zscore":-0.1054,"gi_pvalue":0.034,"significance":"cold_95"}},{"type":"Feature","geometry":{"type":"Point","coordinates":[76.44706,15.46396]},"properties":{"cell_id":172248,"case_count":1,"gi_zscore":-0.101,"gi_pvalue":0.184,"significance":"not_sig"}},{"type":"Feature","geometry":{"type":"Point","coordinates":[76.51765,15.46396]},"properties":{"cell_id":172254,"case_count":1,"gi_zscore":-0.0995,"gi_pvalue":0.249,"significance":"not_sig"}},{"type":"Feature","geometry":{"type":"Point","coordinates":[75.0,15.47297]},"properties":{"cell_id":172516,"case_count":1,"gi_zscore":-0.0863,"gi_pvalue":0.294,"significance":"not_sig"}},{"type":"Feature","geometry":{"type":"Point","coordinates":[75.01176,15.47297]},"properties":{"cell_id":172517,"case_count":2,"gi_zscore":-0.0789,"gi_pvalue":0.221,"significance":"not_sig"}},{"type":"Feature","geometry":{"type":"Point","coordinates":[75.02353,15.47297]},"properties":{"cell_id":172518,"case_count":2,"gi_zscore":-0.0804,"gi_pvalue":0.234,"significance":"not_sig"}},{"type":"Feature","geometry":{"type":"Point","coordinates":[76.2,15.47297]},"properties":{"cell_id":172618,"case_count":1,"gi_zscore":-0.1054,"gi_pvalue":0.034,"significance":"cold_95"}},{"type":"Feature","geometry":{"type":"Point","coordinates":[76.57647,15.47297]},"properties":{"cell_id":172650,"case_count":1,"gi_zscore":-0.101,"gi_pvalue":0.184,"significance":"not_sig"}},{"type":"Feature","geometry":{"type":"Point","coordinates":[74.95294,15.48198]},"properties":{"cell_id":172903,"case_count":1,"gi_zscore":-0.101,"gi_pvalue":0.184,"significance":"not_sig"}},{"type":"Feature","geometry":{"type":"Point","coordinates":[75.12941,15.48198]},"properties":{"cell_id":172918,"case_count":1,"gi_zscore":-0.1025,"gi_pvalue":0.17,"significance":"not_sig"}},{"type":"Feature","geometry":{"type":"Point","coordinates":[75.38824,15.48198]},"properties":{"cell_id":172940,"case_count":1,"gi_zscore":-0.101,"gi_pvalue":0.184,"significance":"not_sig"}},{"type":"Feature","geometry":{"type":"Point","coordinates":[76.0,15.48198]},"properties":{"cell_id":172992,"case_count":1,"gi_zscore":-0.1039,"gi_pvalue":0.034,"significance":"cold_95"}},{"type":"Feature","geometry":{"type":"Point","coordinates":[74.97647,15.49099]},"properties":{"cell_id":173296,"case_count":1,"gi_zscore":-0.1025,"gi_pvalue":0.091,"significance":"cold_90"}},{"type":"Feature","geometry":{"type":"Point","coordinates":[74.98824,15.49099]},"properties":{"cell_id":173297,"case_count":1,"gi_zscore":-0.098,"gi_pvalue":0.386,"significance":"not_sig"}},{"type":"Feature","geometry":{"type":"Point","coordinates":[76.0,15.49099]},"properties":{"cell_id":173383,"case_count":1,"gi_zscore":-0.1039,"gi_pvalue":0.034,"significance":"cold_95"}},{"type":"Feature","geometry":{"type":"Point","coordinates":[76.50588,15.49099]},"properties":{"cell_id":173426,"case_count":1,"gi_zscore":-0.0995,"gi_pvalue":0.298,"significance":"not_sig"}},{"type":"Feature","geometry":{"type":"Point","coordinates":[74.90588,15.5]},"properties":{"cell_id":173681,"case_count":1,"gi_zscore":-0.098,"gi_pvalue":0.386,"significance":"not_sig"}},{"type":"Feature","geometry":{"type":"Point","coordinates":[75.07059,15.5]},"properties":{"cell_id":173695,"case_count":1,"gi_zscore":-0.098,"gi_pvalue":0.386,"significance":"not_sig"}},{"type":"Feature","geometry":{"type":"Point","coordinates":[75.98824,15.5]},"properties":{"cell_id":173773,"case_count":1,"gi_zscore":-0.1039,"gi_pvalue":0.034,"significance":"cold_95"}},{"type":"Feature","geometry":{"type":"Point","coordinates":[76.6,15.5]},"properties":{"cell_id":173825,"case_count":1,"gi_zscore":-0.1039,"gi_pvalue":0.091,"significance":"cold_90"}},{"type":"Feature","geometry":{"type":"Point","coordinates":[74.94118,15.50901]},"properties":{"cell_id":174075,"case_count":2,"gi_zscore":-0.101,"gi_pvalue":0.092,"significance":"cold_90"}},{"type":"Feature","geometry":{"type":"Point","coordinates":[74.97647,15.50901]},"properties":{"cell_id":174078,"case_count":2,"gi_zscore":-0.101,"gi_pvalue":0.092,"significance":"cold_90"}},{"type":"Feature","geometry":{"type":"Point","coordinates":[75.10588,15.50901]},"properties":{"cell_id":174089,"case_count":1,"gi_zscore":-0.1025,"gi_pvalue":0.092,"significance":"cold_90"}},{"type":"Feature","geometry":{"type":"Point","coordinates":[75.55294,15.51802]},"properties":{"cell_id":174518,"case_count":1,"gi_zscore":-0.1025,"gi_pvalue":0.092,"significance":"cold_90"}},{"type":"Feature","geometry":{"type":"Point","coordinates":[76.01176,15.51802]},"properties":{"cell_id":174557,"case_count":1,"gi_zscore":-0.1039,"gi_pvalue":0.034,"significance":"cold_95"}},{"type":"Feature","geometry":{"type":"Point","coordinates":[76.2,15.51802]},"properties":{"cell_id":174573,"case_count":1,"gi_zscore":-0.1054,"gi_pvalue":0.034,"significance":"cold_95"}},{"type":"Feature","geometry":{"type":"Point","coordinates":[76.48235,15.51802]},"properties":{"cell_id":174597,"case_count":1,"gi_zscore":-0.1025,"gi_pvalue":0.171,"significance":"not_sig"}},{"type":"Feature","geometry":{"type":"Point","coordinates":[74.90588,15.52703]},"properties":{"cell_id":174854,"case_count":2,"gi_zscore":-0.0995,"gi_pvalue":0.185,"significance":"not_sig"}},{"type":"Feature","geometry":{"type":"Point","coordinates":[74.94118,15.52703]},"properties":{"cell_id":174857,"case_count":1,"gi_zscore":-0.101,"gi_pvalue":0.185,"significance":"not_sig"}},{"type":"Feature","geometry":{"type":"Point","coordinates":[76.29412,15.52703]},"properties":{"cell_id":174972,"case_count":1,"gi_zscore":-0.1054,"gi_pvalue":0.034,"significance":"cold_95"}},{"type":"Feature","geometry":{"type":"Point","coordinates":[76.63529,15.52703]},"properties":{"cell_id":175001,"case_count":1,"gi_zscore":-0.1039,"gi_pvalue":0.034,"significance":"cold_95"}},{"type":"Feature","geometry":{"type":"Point","coordinates":[74.58824,15.53604]},"properties":{"cell_id":175218,"case_count":1,"gi_zscore":-0.1039,"gi_pvalue":0.034,"significance":"cold_95"}},{"type":"Feature","geometry":{"type":"Point","coordinates":[75.05882,15.53604]},"properties":{"cell_id":175258,"case_count":1,"gi_zscore":-0.101,"gi_pvalue":0.185,"significance":"not_sig"}},{"type":"Feature","geometry":{"type":"Point","coordinates":[75.31765,15.53604]},"properties":{"cell_id":175280,"case_count":1,"gi_zscore":-0.0995,"gi_pvalue":0.298,"significance":"not_sig"}},{"type":"Feature","geometry":{"type":"Point","coordinates":[75.77647,15.53604]},"properties":{"cell_id":175319,"case_count":1,"gi_zscore":-0.0995,"gi_pvalue":0.298,"significance":"not_sig"}},{"type":"Feature","geometry":{"type":"Point","coordinates":[76.63529,15.53604]},"properties":{"cell_id":175392,"case_count":1,"gi_zscore":-0.1039,"gi_pvalue":0.034,"significance":"cold_95"}},{"type":"Feature","geometry":{"type":"Point","coordinates":[76.8,15.53604]},"properties":{"cell_id":175406,"case_count":1,"gi_zscore":-0.1039,"gi_pvalue":0.092,"significance":"cold_90"}},{"type":"Feature","geometry":{"type":"Point","coordinates":[74.85882,15.54505]},"properties":{"cell_id":175632,"case_count":2,"gi_zscore":-0.101,"gi_pvalue":0.092,"significance":"cold_90"}},{"type":"Feature","geometry":{"type":"Point","coordinates":[75.05882,15.54505]},"properties":{"cell_id":175649,"case_count":1,"gi_zscore":-0.1025,"gi_pvalue":0.092,"significance":"cold_90"}},{"type":"Feature","geometry":{"type":"Point","coordinates":[75.24706,15.54505]},"properties":{"cell_id":175665,"case_count":1,"gi_zscore":-0.1039,"gi_pvalue":0.034,"significance":"cold_95"}},{"type":"Feature","geometry":{"type":"Point","coordinates":[75.77647,15.54505]},"properties":{"cell_id":175710,"case_count":1,"gi_zscore":-0.0995,"gi_pvalue":0.298,"significance":"not_sig"}},{"type":"Feature","geometry":{"type":"Point","coordinates":[74.97647,15.55405]},"properties":{"cell_id":176033,"case_count":1,"gi_zscore":-0.0966,"gi_pvalue":0.445,"significance":"not_sig"}},{"type":"Feature","geometry":{"type":"Point","coordinates":[74.71765,15.56306]},"properties":{"cell_id":176402,"case_count":1,"gi_zscore":-0.1054,"gi_pvalue":0.034,"significance":"cold_95"}},{"type":"Feature","geometry":{"type":"Point","coordinates":[74.72941,15.56306]},"properties":{"cell_id":176403,"case_count":1,"gi_zscore":-0.1054,"gi_pvalue":0.034,"significance":"cold_95"}},{"type":"Feature","geometry":{"type":"Point","coordinates":[74.85882,15.56306]},"properties":{"cell_id":176414,"case_count":1,"gi_zscore":-0.0966,"gi_pvalue":0.445,"significance":"not_sig"}},{"type":"Feature","geometry":{"type":"Point","coordinates":[75.0,15.56306]},"properties":{"cell_id":176426,"case_count":1,"gi_zscore":-0.1025,"gi_pvalue":0.092,"significance":"cold_90"}},{"type":"Feature","geometry":{"type":"Point","coordinates":[75.03529,15.56306]},"properties":{"cell_id":176429,"case_count":2,"gi_zscore":-0.1039,"gi_pvalue":0.001,"significance":"cold_99"}},{"type":"Feature","geometry":{"type":"Point","coordinates":[74.96471,15.57207]},"properties":{"cell_id":176814,"case_count":1,"gi_zscore":-0.098,"gi_pvalue":0.386,"significance":"not_sig"}},{"type":"Feature","geometry":{"type":"Point","coordinates":[74.98824,15.57207]},"properties":{"cell_id":176816,"case_count":1,"gi_zscore":-0.098,"gi_pvalue":0.349,"significance":"not_sig"}},{"type":"Feature","geometry":{"type":"Point","coordinates":[76.42353,15.57207]},"properties":{"cell_id":176938,"case_count":1,"gi_zscore":-0.1054,"gi_pvalue":0.034,"significance":"cold_95"}},{"type":"Feature","geometry":{"type":"Point","coordinates":[76.6,15.57207]},"properties":{"cell_id":176953,"case_count":1,"gi_zscore":-0.1039,"gi_pvalue":0.034,"significance":"cold_95"}},{"type":"Feature","geometry":{"type":"Point","coordinates":[76.64706,15.57207]},"properties":{"cell_id":176957,"case_count":2,"gi_zscore":-0.1039,"gi_pvalue":0.034,"significance":"cold_95"}},{"type":"Feature","geometry":{"type":"Point","coordinates":[74.56471,15.58108]},"properties":{"cell_id":177171,"case_count":1,"gi_zscore":-0.101,"gi_pvalue":0.185,"significance":"not_sig"}},{"type":"Feature","geometry":{"type":"Point","coordinates":[74.75294,15.58108]},"properties":{"cell_id":177187,"case_count":1,"gi_zscore":-0.1054,"gi_pvalue":0.034,"significance":"cold_95"}},{"type":"Feature","geometry":{"type":"Point","coordinates":[75.47059,15.58108]},"properties":{"cell_id":177248,"case_count":3,"gi_zscore":-0.101,"gi_pvalue":0.034,"significance":"cold_95"}},{"type":"Feature","geometry":{"type":"Point","coordinates":[75.55294,15.58108]},"properties":{"cell_id":177255,"case_count":1,"gi_zscore":-0.101,"gi_pvalue":0.187,"significance":"not_sig"}},{"type":"Feature","geometry":{"type":"Point","coordinates":[74.77647,15.59009]},"properties":{"cell_id":177580,"case_count":1,"gi_zscore":-0.1039,"gi_pvalue":0.094,"significance":"cold_90"}},{"type":"Feature","geometry":{"type":"Point","coordinates":[75.15294,15.59009]},"properties":{"cell_id":177612,"case_count":1,"gi_zscore":-0.1039,"gi_pvalue":0.034,"significance":"cold_95"}},{"type":"Feature","geometry":{"type":"Point","coordinates":[75.75294,15.59009]},"properties":{"cell_id":177663,"case_count":2,"gi_zscore":-0.1039,"gi_pvalue":0.034,"significance":"cold_95"}},{"type":"Feature","geometry":{"type":"Point","coordinates":[76.6,15.59009]},"properties":{"cell_id":177735,"case_count":1,"gi_zscore":-0.1039,"gi_pvalue":0.094,"significance":"cold_90"}},{"type":"Feature","geometry":{"type":"Point","coordinates":[77.24706,15.59009]},"properties":{"cell_id":177790,"case_count":1,"gi_zscore":-0.1039,"gi_pvalue":0.094,"significance":"cold_90"}},{"type":"Feature","geometry":{"type":"Point","coordinates":[74.55294,15.5991]},"properties":{"cell_id":177952,"case_count":1,"gi_zscore":-0.101,"gi_pvalue":0.188,"significance":"not_sig"}},{"type":"Feature","geometry":{"type":"Point","coordinates":[76.27059,15.5991]},"properties":{"cell_id":178098,"case_count":1,"gi_zscore":-0.1054,"gi_pvalue":0.034,"significance":"cold_95"}},{"type":"Feature","geometry":{"type":"Point","coordinates":[76.37647,15.5991]},"properties":{"cell_id":178107,"case_count":1,"gi_zscore":-0.1054,"gi_pvalue":0.034,"significance":"cold_95"}},{"type":"Feature","geometry":{"type":"Point","coordinates":[76.50588,15.5991]},"properties":{"cell_id":178118,"case_count":1,"gi_zscore":-0.1054,"gi_pvalue":0.034,"significance":"cold_95"}},{"type":"Feature","geometry":{"type":"Point","coordinates":[74.95294,15.60811]},"properties":{"cell_id":178377,"case_count":4,"gi_zscore":-0.098,"gi_pvalue":0.094,"significance":"cold_90"}},{"type":"Feature","geometry":{"type":"Point","coordinates":[75.10588,15.60811]},"properties":{"cell_id":178390,"case_count":1,"gi_zscore":-0.1025,"gi_pvalue":0.094,"significance":"cold_90"}},{"type":"Feature","geometry":{"type":"Point","coordinates":[75.21176,15.60811]},"properties":{"cell_id":178399,"case_count":2,"gi_zscore":-0.1039,"gi_pvalue":0.001,"significance":"cold_99"}},{"type":"Feature","geometry":{"type":"Point","coordinates":[76.01176,15.60811]},"properties":{"cell_id":178467,"case_count":2,"gi_zscore":-0.1039,"gi_pvalue":0.035,"significance":"cold_95"}},{"type":"Feature","geometry":{"type":"Point","coordinates":[76.64706,15.60811]},"properties":{"cell_id":178521,"case_count":1,"gi_zscore":-0.1039,"gi_pvalue":0.094,"significance":"cold_90"}},{"type":"Feature","geometry":{"type":"Point","coordinates":[76.65882,15.60811]},"properties":{"cell_id":178522,"case_count":1,"gi_zscore":-0.1039,"gi_pvalue":0.094,"significance":"cold_90"}},{"type":"Feature","geometry":{"type":"Point","coordinates":[74.61176,15.61712]},"properties":{"cell_id":178739,"case_count":1,"gi_zscore":-0.1054,"gi_pvalue":0.034,"significance":"cold_95"}},{"type":"Feature","geometry":{"type":"Point","coordinates":[75.0,15.61712]},"properties":{"cell_id":178772,"case_count":1,"gi_zscore":-0.0995,"gi_pvalue":0.299,"significance":"not_sig"}},{"type":"Feature","geometry":{"type":"Point","coordinates":[75.21176,15.61712]},"properties":{"cell_id":178790,"case_count":1,"gi_zscore":-0.1039,"gi_pvalue":0.034,"significance":"cold_95"}},{"type":"Feature","geometry":{"type":"Point","coordinates":[75.24706,15.61712]},"properties":{"cell_id":178793,"case_count":1,"gi_zscore":-0.1039,"gi_pvalue":0.034,"significance":"cold_95"}},{"type":"Feature","geometry":{"type":"Point","coordinates":[75.88235,15.61712]},"properties":{"cell_id":178847,"case_count":1,"gi_zscore":-0.1025,"gi_pvalue":0.173,"significance":"not_sig"}},{"type":"Feature","geometry":{"type":"Point","coordinates":[76.01176,15.61712]},"properties":{"cell_id":178858,"case_count":1,"gi_zscore":-0.1039,"gi_pvalue":0.094,"significance":"cold_90"}},{"type":"Feature","geometry":{"type":"Point","coordinates":[76.67059,15.61712]},"properties":{"cell_id":178914,"case_count":1,"gi_zscore":-0.1039,"gi_pvalue":0.094,"significance":"cold_90"}},{"type":"Feature","geometry":{"type":"Point","coordinates":[74.50588,15.62613]},"properties":{"cell_id":179121,"case_count":1,"gi_zscore":-0.101,"gi_pvalue":0.173,"significance":"not_sig"}},{"type":"Feature","geometry":{"type":"Point","coordinates":[74.51765,15.62613]},"properties":{"cell_id":179122,"case_count":1,"gi_zscore":-0.101,"gi_pvalue":0.173,"significance":"not_sig"}},{"type":"Feature","geometry":{"type":"Point","coordinates":[74.68235,15.62613]},"properties":{"cell_id":179136,"case_count":1,"gi_zscore":-0.1054,"gi_pvalue":0.034,"significance":"cold_95"}},{"type":"Feature","geometry":{"type":"Point","coordinates":[74.85882,15.62613]},"properties":{"cell_id":179151,"case_count":1,"gi_zscore":-0.098,"gi_pvalue":0.387,"significance":"not_sig"}},{"type":"Feature","geometry":{"type":"Point","coordinates":[75.08235,15.62613]},"properties":{"cell_id":179170,"case_count":1,"gi_zscore":-0.1039,"gi_pvalue":0.094,"significance":"cold_90"}},{"type":"Feature","geometry":{"type":"Point","coordinates":[76.67059,15.62613]},"properties":{"cell_id":179305,"case_count":1,"gi_zscore":-0.1039,"gi_pvalue":0.094,"significance":"cold_90"}},{"type":"Feature","geometry":{"type":"Point","coordinates":[74.50588,15.63514]},"properties":{"cell_id":179512,"case_count":2,"gi_zscore":-0.101,"gi_pvalue":0.094,"significance":"cold_90"}},{"type":"Feature","geometry":{"type":"Point","coordinates":[74.74118,15.63514]},"properties":{"cell_id":179532,"case_count":1,"gi_zscore":-0.1054,"gi_pvalue":0.034,"significance":"cold_95"}},{"type":"Feature","geometry":{"type":"Point","coordinates":[75.82353,15.63514]},"properties":{"cell_id":179624,"case_count":1,"gi_zscore":-0.1039,"gi_pvalue":0.094,"significance":"cold_90"}},{"type":"Feature","geometry":{"type":"Point","coordinates":[75.95294,15.63514]},"properties":{"cell_id":179635,"case_count":1,"gi_zscore":-0.098,"gi_pvalue":0.387,"significance":"not_sig"}},{"type":"Feature","geometry":{"type":"Point","coordinates":[74.49412,15.64414]},"properties":{"cell_id":179902,"case_count":1,"gi_zscore":-0.101,"gi_pvalue":0.173,"significance":"not_sig"}},{"type":"Feature","geometry":{"type":"Point","coordinates":[74.50588,15.64414]},"properties":{"cell_id":179903,"case_count":3,"gi_zscore":-0.101,"gi_pvalue":0.035,"significance":"cold_95"}},{"type":"Feature","geometry":{"type":"Point","coordinates":[74.51765,15.64414]},"properties":{"cell_id":179904,"case_count":1,"gi_zscore":-0.101,"gi_pvalue":0.173,"significance":"not_sig"}},{"type":"Feature","geometry":{"type":"Point","coordinates":[74.78824,15.64414]},"properties":{"cell_id":179927,"case_count":1,"gi_zscore":-0.1054,"gi_pvalue":0.033,"significance":"cold_95"}},{"type":"Feature","geometry":{"type":"Point","coordinates":[75.67059,15.64414]},"properties":{"cell_id":180002,"case_count":1,"gi_zscore":-0.1025,"gi_pvalue":0.093,"significance":"cold_90"}},{"type":"Feature","geometry":{"type":"Point","coordinates":[75.95294,15.64414]},"properties":{"cell_id":180026,"case_count":1,"gi_zscore":-0.098,"gi_pvalue":0.387,"significance":"not_sig"}},{"type":"Feature","geometry":{"type":"Point","coordinates":[74.44706,15.65315]},"properties":{"cell_id":180289,"case_count":1,"gi_zscore":-0.101,"gi_pvalue":0.19,"significance":"not_sig"}},{"type":"Feature","geometry":{"type":"Point","coordinates":[76.38824,15.65315]},"properties":{"cell_id":180454,"case_count":1,"gi_zscore":-0.1039,"gi_pvalue":0.033,"significance":"cold_95"}},{"type":"Feature","geometry":{"type":"Point","coordinates":[76.64706,15.65315]},"properties":{"cell_id":180476,"case_count":1,"gi_zscore":-0.1039,"gi_pvalue":0.093,"significance":"cold_90"}},{"type":"Feature","geometry":{"type":"Point","coordinates":[74.68235,15.66216]},"properties":{"cell_id":180700,"case_count":1,"gi_zscore":-0.1039,"gi_pvalue":0.033,"significance":"cold_95"}},{"type":"Feature","geometry":{"type":"Point","coordinates":[75.87059,15.66216]},"properties":{"cell_id":180801,"case_count":1,"gi_zscore":-0.098,"gi_pvalue":0.387,"significance":"not_sig"}},{"type":"Feature","geometry":{"type":"Point","coordinates":[76.69412,15.66216]},"properties":{"cell_id":180871,"case_count":1,"gi_zscore":-0.1039,"gi_pvalue":0.093,"significance":"cold_90"}},{"type":"Feature","geometry":{"type":"Point","coordinates":[74.69412,15.67117]},"properties":{"cell_id":181092,"case_count":1,"gi_zscore":-0.1039,"gi_pvalue":0.033,"significance":"cold_95"}},{"type":"Feature","geometry":{"type":"Point","coordinates":[75.09412,15.67117]},"properties":{"cell_id":181126,"case_count":1,"gi_zscore":-0.101,"gi_pvalue":0.19,"significance":"not_sig"}},{"type":"Feature","geometry":{"type":"Point","coordinates":[75.56471,15.67117]},"properties":{"cell_id":181166,"case_count":2,"gi_zscore":-0.101,"gi_pvalue":0.093,"significance":"cold_90"}},{"type":"Feature","geometry":{"type":"Point","coordinates":[75.57647,15.67117]},"properties":{"cell_id":181167,"case_count":1,"gi_zscore":-0.101,"gi_pvalue":0.191,"significance":"not_sig"}},{"type":"Feature","geometry":{"type":"Point","coordinates":[74.37647,15.68919]},"properties":{"cell_id":181847,"case_count":1,"gi_zscore":-0.101,"gi_pvalue":0.191,"significance":"not_sig"}},{"type":"Feature","geometry":{"type":"Point","coordinates":[74.62353,15.68919]},"properties":{"cell_id":181868,"case_count":1,"gi_zscore":-0.1039,"gi_pvalue":0.033,"significance":"cold_95"}},{"type":"Feature","geometry":{"type":"Point","coordinates":[74.70588,15.6982]},"properties":{"cell_id":182266,"case_count":1,"gi_zscore":-0.1039,"gi_pvalue":0.033,"significance":"cold_95"}},{"type":"Feature","geometry":{"type":"Point","coordinates":[75.51765,15.6982]},"properties":{"cell_id":182335,"case_count":1,"gi_zscore":-0.098,"gi_pvalue":0.349,"significance":"not_sig"}},{"type":"Feature","geometry":{"type":"Point","coordinates":[75.56471,15.6982]},"properties":{"cell_id":182339,"case_count":1,"gi_zscore":-0.1039,"gi_pvalue":0.093,"significance":"cold_90"}},{"type":"Feature","geometry":{"type":"Point","coordinates":[76.09412,15.6982]},"properties":{"cell_id":182384,"case_count":1,"gi_zscore":-0.098,"gi_pvalue":0.386,"significance":"not_sig"}},{"type":"Feature","geometry":{"type":"Point","coordinates":[74.77647,15.70721]},"properties":{"cell_id":182663,"case_count":1,"gi_zscore":-0.1039,"gi_pvalue":0.033,"significance":"cold_95"}},{"type":"Feature","geometry":{"type":"Point","coordinates":[74.69412,15.71622]},"properties":{"cell_id":183047,"case_count":2,"gi_zscore":-0.1039,"gi_pvalue":0.001,"significance":"cold_99"}},{"type":"Feature","geometry":{"type":"Point","coordinates":[75.38824,15.71622]},"properties":{"cell_id":183106,"case_count":3,"gi_zscore":-0.0966,"gi_pvalue":0.326,"significance":"not_sig"}},{"type":"Feature","geometry":{"type":"Point","coordinates":[76.74118,15.71622]},"properties":{"cell_id":183221,"case_count":1,"gi_zscore":-0.0995,"gi_pvalue":0.254,"significance":"not_sig"}},{"type":"Feature","geometry":{"type":"Point","coordinates":[75.37647,15.72523]},"properties":{"cell_id":183496,"case_count":2,"gi_zscore":-0.0966,"gi_pvalue":0.385,"significance":"not_sig"}},{"type":"Feature","geometry":{"type":"Point","coordinates":[75.97647,15.72523]},"properties":{"cell_id":183547,"case_count":1,"gi_zscore":-0.098,"gi_pvalue":0.384,"significance":"not_sig"}},{"type":"Feature","geometry":{"type":"Point","coordinates":[76.03529,15.72523]},"properties":{"cell_id":183552,"case_count":1,"gi_zscore":-0.098,"gi_pvalue":0.384,"significance":"not_sig"}},{"type":"Feature","geometry":{"type":"Point","coordinates":[75.02353,15.73423]},"properties":{"cell_id":183857,"case_count":2,"gi_zscore":-0.098,"gi_pvalue":0.301,"significance":"not_sig"}},{"type":"Feature","geometry":{"type":"Point","coordinates":[75.03529,15.73423]},"properties":{"cell_id":183858,"case_count":1,"gi_zscore":-0.098,"gi_pvalue":0.349,"significance":"not_sig"}},{"type":"Feature","geometry":{"type":"Point","coordinates":[75.95294,15.73423]},"properties":{"cell_id":183936,"case_count":1,"gi_zscore":-0.098,"gi_pvalue":0.384,"significance":"not_sig"}},{"type":"Feature","geometry":{"type":"Point","coordinates":[75.96471,15.73423]},"properties":{"cell_id":183937,"case_count":5,"gi_zscore":-0.098,"gi_pvalue":0.093,"significance":"cold_90"}},{"type":"Feature","geometry":{"type":"Point","coordinates":[75.97647,15.73423]},"properties":{"cell_id":183938,"case_count":2,"gi_zscore":-0.098,"gi_pvalue":0.302,"significance":"not_sig"}},{"type":"Feature","geometry":{"type":"Point","coordinates":[75.98824,15.73423]},"properties":{"cell_id":183939,"case_count":1,"gi_zscore":-0.098,"gi_pvalue":0.385,"significance":"not_sig"}},{"type":"Feature","geometry":{"type":"Point","coordinates":[76.32941,15.73423]},"properties":{"cell_id":183968,"case_count":1,"gi_zscore":-0.098,"gi_pvalue":0.385,"significance":"not_sig"}},{"type":"Feature","geometry":{"type":"Point","coordinates":[74.36471,15.74324]},"properties":{"cell_id":184192,"case_count":1,"gi_zscore":-0.101,"gi_pvalue":0.193,"significance":"not_sig"}},{"type":"Feature","geometry":{"type":"Point","coordinates":[74.98824,15.74324]},"properties":{"cell_id":184245,"case_count":1,"gi_zscore":-0.1025,"gi_pvalue":0.093,"significance":"cold_90"}},{"type":"Feature","geometry":{"type":"Point","coordinates":[75.02353,15.74324]},"properties":{"cell_id":184248,"case_count":1,"gi_zscore":-0.098,"gi_pvalue":0.35,"significance":"not_sig"}},{"type":"Feature","geometry":{"type":"Point","coordinates":[76.18824,15.74324]},"properties":{"cell_id":184347,"case_count":1,"gi_zscore":-0.098,"gi_pvalue":0.385,"significance":"not_sig"}},{"type":"Feature","geometry":{"type":"Point","coordinates":[75.15294,15.75225]},"properties":{"cell_id":184650,"case_count":2,"gi_zscore":-0.098,"gi_pvalue":0.302,"significance":"not_sig"}},{"type":"Feature","geometry":{"type":"Point","coordinates":[75.17647,15.75225]},"properties":{"cell_id":184652,"case_count":1,"gi_zscore":-0.098,"gi_pvalue":0.35,"significance":"not_sig"}},{"type":"Feature","geometry":{"type":"Point","coordinates":[75.75294,15.75225]},"properties":{"cell_id":184701,"case_count":1,"gi_zscore":-0.1054,"gi_pvalue":0.032,"significance":"cold_95"}},{"type":"Feature","geometry":{"type":"Point","coordinates":[76.08235,15.75225]},"properties":{"cell_id":184729,"case_count":1,"gi_zscore":-0.098,"gi_pvalue":0.385,"significance":"not_sig"}},{"type":"Feature","geometry":{"type":"Point","coordinates":[76.16471,15.75225]},"properties":{"cell_id":184736,"case_count":1,"gi_zscore":-0.098,"gi_pvalue":0.385,"significance":"not_sig"}},{"type":"Feature","geometry":{"type":"Point","coordinates":[76.18824,15.75225]},"properties":{"cell_id":184738,"case_count":5,"gi_zscore":-0.098,"gi_pvalue":0.093,"significance":"cold_90"}},{"type":"Feature","geometry":{"type":"Point","coordinates":[75.10588,15.76126]},"properties":{"cell_id":185037,"case_count":1,"gi_zscore":-0.098,"gi_pvalue":0.385,"significance":"not_sig"}},{"type":"Feature","geometry":{"type":"Point","coordinates":[75.11765,15.76126]},"properties":{"cell_id":185038,"case_count":2,"gi_zscore":-0.098,"gi_pvalue":0.302,"significance":"not_sig"}},{"type":"Feature","geometry":{"type":"Point","coordinates":[75.15294,15.76126]},"properties":{"cell_id":185041,"case_count":1,"gi_zscore":-0.098,"gi_pvalue":0.35,"significance":"not_sig"}},{"type":"Feature","geometry":{"type":"Point","coordinates":[76.18824,15.76126]},"properties":{"cell_id":185129,"case_count":2,"gi_zscore":-0.098,"gi_pvalue":0.302,"significance":"not_sig"}},{"type":"Feature","geometry":{"type":"Point","coordinates":[76.2,15.76126]},"properties":{"cell_id":185130,"case_count":1,"gi_zscore":-0.098,"gi_pvalue":0.385,"significance":"not_sig"}},{"type":"Feature","geometry":{"type":"Point","coordinates":[76.28235,15.76126]},"properties":{"cell_id":185137,"case_count":1,"gi_zscore":-0.0966,"gi_pvalue":0.45,"significance":"not_sig"}},{"type":"Feature","geometry":{"type":"Point","coordinates":[76.4,15.76126]},"properties":{"cell_id":185147,"case_count":1,"gi_zscore":-0.1039,"gi_pvalue":0.032,"significance":"cold_95"}},{"type":"Feature","geometry":{"type":"Point","coordinates":[76.41176,15.76126]},"properties":{"cell_id":185148,"case_count":1,"gi_zscore":-0.1039,"gi_pvalue":0.032,"significance":"cold_95"}},{"type":"Feature","geometry":{"type":"Point","coordinates":[76.50588,15.76126]},"properties":{"cell_id":185156,"case_count":1,"gi_zscore":-0.1039,"gi_pvalue":0.032,"significance":"cold_95"}},{"type":"Feature","geometry":{"type":"Point","coordinates":[76.65882,15.76126]},"properties":{"cell_id":185169,"case_count":1,"gi_zscore":-0.0995,"gi_pvalue":0.253,"significance":"not_sig"}},{"type":"Feature","geometry":{"type":"Point","coordinates":[76.75294,15.76126]},"properties":{"cell_id":185177,"case_count":2,"gi_zscore":-0.0995,"gi_pvalue":0.193,"significance":"not_sig"}},{"type":"Feature","geometry":{"type":"Point","coordinates":[75.10588,15.77027]},"properties":{"cell_id":185428,"case_count":1,"gi_zscore":-0.098,"gi_pvalue":0.385,"significance":"not_sig"}},{"type":"Feature","geometry":{"type":"Point","coordinates":[75.11765,15.77027]},"properties":{"cell_id":185429,"case_count":4,"gi_zscore":-0.098,"gi_pvalue":0.176,"significance":"not_sig"}},{"type":"Feature","geometry":{"type":"Point","coordinates":[75.12941,15.77027]},"properties":{"cell_id":185430,"case_count":1,"gi_zscore":-0.098,"gi_pvalue":0.385,"significance":"not_sig"}},{"type":"Feature","geometry":{"type":"Point","coordinates":[75.14118,15.77027]},"properties":{"cell_id":185431,"case_count":1,"gi_zscore":-0.098,"gi_pvalue":0.352,"significance":"not_sig"}},{"type":"Feature","geometry":{"type":"Point","coordinates":[75.43529,15.77027]},"properties":{"cell_id":185456,"case_count":1,"gi_zscore":-0.0995,"gi_pvalue":0.303,"significance":"not_sig"}},{"type":"Feature","geometry":{"type":"Point","coordinates":[76.08235,15.77027]},"properties":{"cell_id":185511,"case_count":1,"gi_zscore":-0.1039,"gi_pvalue":0.032,"significance":"cold_95"}},{"type":"Feature","geometry":{"type":"Point","coordinates":[76.4,15.77027]},"properties":{"cell_id":185538,"case_count":2,"gi_zscore":-0.1039,"gi_pvalue":0.001,"significance":"cold_99"}},{"type":"Feature","geometry":{"type":"Point","coordinates":[76.71765,15.77027]},"properties":{"cell_id":185565,"case_count":1,"gi_zscore":-0.0995,"gi_pvalue":0.303,"significance":"not_sig"}},{"type":"Feature","geometry":{"type":"Point","coordinates":[76.75294,15.77027]},"properties":{"cell_id":185568,"case_count":4,"gi_zscore":-0.0995,"gi_pvalue":0.095,"significance":"cold_90"}},{"type":"Feature","geometry":{"type":"Point","coordinates":[76.50588,15.78829]},"properties":{"cell_id":186329,"case_count":1,"gi_zscore":-0.1025,"gi_pvalue":0.095,"significance":"cold_90"}},{"type":"Feature","geometry":{"type":"Point","coordinates":[75.76471,15.7973]},"properties":{"cell_id":186657,"case_count":1,"gi_zscore":-0.1054,"gi_pvalue":0.031,"significance":"cold_95"}},{"type":"Feature","geometry":{"type":"Point","coordinates":[75.90588,15.7973]},"properties":{"cell_id":186669,"case_count":1,"gi_zscore":-0.098,"gi_pvalue":0.384,"significance":"not_sig"}},{"type":"Feature","geometry":{"type":"Point","coordinates":[74.49412,15.80631]},"properties":{"cell_id":186940,"case_count":1,"gi_zscore":-0.1025,"gi_pvalue":0.177,"significance":"not_sig"}},{"type":"Feature","geometry":{"type":"Point","coordinates":[75.11765,15.80631]},"properties":{"cell_id":186993,"case_count":1,"gi_zscore":-0.0966,"gi_pvalue":0.449,"significance":"not_sig"}},{"type":"Feature","geometry":{"type":"Point","coordinates":[75.88235,15.80631]},"properties":{"cell_id":187058,"case_count":1,"gi_zscore":-0.098,"gi_pvalue":0.384,"significance":"not_sig"}},{"type":"Feature","geometry":{"type":"Point","coordinates":[76.81176,15.80631]},"properties":{"cell_id":187137,"case_count":1,"gi_zscore":-0.0995,"gi_pvalue":0.304,"significance":"not_sig"}},{"type":"Feature","geometry":{"type":"Point","coordinates":[74.92941,15.81532]},"properties":{"cell_id":187368,"case_count":2,"gi_zscore":-0.1025,"gi_pvalue":0.031,"significance":"cold_95"}},{"type":"Feature","geometry":{"type":"Point","coordinates":[75.58824,15.81532]},"properties":{"cell_id":187424,"case_count":1,"gi_zscore":-0.1025,"gi_pvalue":0.095,"significance":"cold_90"}},{"type":"Feature","geometry":{"type":"Point","coordinates":[75.90588,15.81532]},"properties":{"cell_id":187451,"case_count":1,"gi_zscore":-0.098,"gi_pvalue":0.383,"significance":"not_sig"}},{"type":"Feature","geometry":{"type":"Point","coordinates":[75.62353,15.82432]},"properties":{"cell_id":187818,"case_count":1,"gi_zscore":-0.1039,"gi_pvalue":0.031,"significance":"cold_95"}},{"type":"Feature","geometry":{"type":"Point","coordinates":[75.64706,15.82432]},"properties":{"cell_id":187820,"case_count":1,"gi_zscore":-0.1039,"gi_pvalue":0.031,"significance":"cold_95"}},{"type":"Feature","geometry":{"type":"Point","coordinates":[76.74118,15.82432]},"properties":{"cell_id":187913,"case_count":1,"gi_zscore":-0.0995,"gi_pvalue":0.305,"significance":"not_sig"}},{"type":"Feature","geometry":{"type":"Point","coordinates":[75.02353,15.84234]},"properties":{"cell_id":188549,"case_count":1,"gi_zscore":-0.0995,"gi_pvalue":0.256,"significance":"not_sig"}},{"type":"Feature","geometry":{"type":"Point","coordinates":[75.05882,15.84234]},"properties":{"cell_id":188552,"case_count":1,"gi_zscore":-0.098,"gi_pvalue":0.353,"significance":"not_sig"}},{"type":"Feature","geometry":{"type":"Point","coordinates":[76.01176,15.84234]},"properties":{"cell_id":188633,"case_count":1,"gi_zscore":-0.1025,"gi_pvalue":0.095,"significance":"cold_90"}},{"type":"Feature","geometry":{"type":"Point","coordinates":[76.8,15.84234]},"properties":{"cell_id":188700,"case_count":1,"gi_zscore":-0.0951,"gi_pvalue":0.49,"significance":"not_sig"}},{"type":"Feature","geometry":{"type":"Point","coordinates":[74.50588,15.85135]},"properties":{"cell_id":188896,"case_count":1,"gi_zscore":-0.1025,"gi_pvalue":0.177,"significance":"not_sig"}},{"type":"Feature","geometry":{"type":"Point","coordinates":[75.10588,15.85135]},"properties":{"cell_id":188947,"case_count":1,"gi_zscore":-0.098,"gi_pvalue":0.383,"significance":"not_sig"}},{"type":"Feature","geometry":{"type":"Point","coordinates":[75.11765,15.85135]},"properties":{"cell_id":188948,"case_count":3,"gi_zscore":-0.098,"gi_pvalue":0.256,"significance":"not_sig"}},{"type":"Feature","geometry":{"type":"Point","coordinates":[75.49412,15.85135]},"properties":{"cell_id":188980,"case_count":1,"gi_zscore":-0.1039,"gi_pvalue":0.03,"significance":"cold_95"}},{"type":"Feature","geometry":{"type":"Point","coordinates":[74.54118,15.86036]},"properties":{"cell_id":189290,"case_count":1,"gi_zscore":-0.101,"gi_pvalue":0.194,"significance":"not_sig"}},{"type":"Feature","geometry":{"type":"Point","coordinates":[75.27059,15.86036]},"properties":{"cell_id":189352,"case_count":1,"gi_zscore":-0.1025,"gi_pvalue":0.093,"significance":"cold_90"}},{"type":"Feature","geometry":{"type":"Point","coordinates":[75.48235,15.86036]},"properties":{"cell_id":189370,"case_count":2,"gi_zscore":-0.1039,"gi_pvalue":0.001,"significance":"cold_99"}},{"type":"Feature","geometry":{"type":"Point","coordinates":[76.03529,15.86937]},"properties":{"cell_id":189808,"case_count":1,"gi_zscore":-0.1039,"gi_pvalue":0.03,"significance":"cold_95"}},{"type":"Feature","geometry":{"type":"Point","coordinates":[76.04706,15.86937]},"properties":{"cell_id":189809,"case_count":1,"gi_zscore":-0.1039,"gi_pvalue":0.03,"significance":"cold_95"}},{"type":"Feature","geometry":{"type":"Point","coordinates":[76.25882,15.86937]},"properties":{"cell_id":189827,"case_count":1,"gi_zscore":-0.0966,"gi_pvalue":0.451,"significance":"not_sig"}},{"type":"Feature","geometry":{"type":"Point","coordinates":[76.04706,15.87838]},"properties":{"cell_id":190200,"case_count":1,"gi_zscore":-0.1039,"gi_pvalue":0.03,"significance":"cold_95"}},{"type":"Feature","geometry":{"type":"Point","coordinates":[75.4,15.88739]},"properties":{"cell_id":190536,"case_count":1,"gi_zscore":-0.101,"gi_pvalue":0.194,"significance":"not_sig"}},{"type":"Feature","geometry":{"type":"Point","coordinates":[75.12941,15.8964]},"properties":{"cell_id":190904,"case_count":1,"gi_zscore":-0.101,"gi_pvalue":0.194,"significance":"not_sig"}},{"type":"Feature","geometry":{"type":"Point","coordinates":[76.68235,15.8964]},"properties":{"cell_id":191036,"case_count":1,"gi_zscore":-0.098,"gi_pvalue":0.353,"significance":"not_sig"}},{"type":"Feature","geometry":{"type":"Point","coordinates":[74.81176,15.92342]},"properties":{"cell_id":192050,"case_count":1,"gi_zscore":-0.0951,"gi_pvalue":0.489,"significance":"not_sig"}},{"type":"Feature","geometry":{"type":"Point","coordinates":[75.11765,15.92342]},"properties":{"cell_id":192076,"case_count":1,"gi_zscore":-0.101,"gi_pvalue":0.194,"significance":"not_sig"}},{"type":"Feature","geometry":{"type":"Point","coordinates":[75.12941,15.92342]},"properties":{"cell_id":192077,"case_count":1,"gi_zscore":-0.101,"gi_pvalue":0.194,"significance":"not_sig"}},{"type":"Feature","geometry":{"type":"Point","coordinates":[76.0,15.92342]},"properties":{"cell_id":192151,"case_count":2,"gi_zscore":-0.1039,"gi_pvalue":0.001,"significance":"cold_99"}},{"type":"Feature","geometry":{"type":"Point","coordinates":[75.21176,15.94144]},"properties":{"cell_id":192866,"case_count":1,"gi_zscore":-0.1039,"gi_pvalue":0.03,"significance":"cold_95"}},{"type":"Feature","geometry":{"type":"Point","coordinates":[75.29412,15.94144]},"properties":{"cell_id":192873,"case_count":1,"gi_zscore":-0.1025,"gi_pvalue":0.092,"significance":"cold_90"}},{"type":"Feature","geometry":{"type":"Point","coordinates":[75.17647,15.95045]},"properties":{"cell_id":193254,"case_count":1,"gi_zscore":-0.1039,"gi_pvalue":0.03,"significance":"cold_95"}},{"type":"Feature","geometry":{"type":"Point","coordinates":[75.28235,15.95045]},"properties":{"cell_id":193263,"case_count":1,"gi_zscore":-0.1025,"gi_pvalue":0.092,"significance":"cold_90"}},{"type":"Feature","geometry":{"type":"Point","coordinates":[75.29412,15.95045]},"properties":{"cell_id":193264,"case_count":1,"gi_zscore":-0.1025,"gi_pvalue":0.092,"significance":"cold_90"}},{"type":"Feature","geometry":{"type":"Point","coordinates":[75.30588,15.95045]},"properties":{"cell_id":193265,"case_count":3,"gi_zscore":-0.1025,"gi_pvalue":0.03,"significance":"cold_95"}},{"type":"Feature","geometry":{"type":"Point","coordinates":[76.05882,15.95045]},"properties":{"cell_id":193329,"case_count":1,"gi_zscore":-0.1039,"gi_pvalue":0.03,"significance":"cold_95"}},{"type":"Feature","geometry":{"type":"Point","coordinates":[76.47059,15.95045]},"properties":{"cell_id":193364,"case_count":2,"gi_zscore":-0.098,"gi_pvalue":0.303,"significance":"not_sig"}},{"type":"Feature","geometry":{"type":"Point","coordinates":[76.65882,15.95045]},"properties":{"cell_id":193380,"case_count":2,"gi_zscore":-0.098,"gi_pvalue":0.303,"significance":"not_sig"}},{"type":"Feature","geometry":{"type":"Point","coordinates":[75.03529,15.95946]},"properties":{"cell_id":193633,"case_count":1,"gi_zscore":-0.0966,"gi_pvalue":0.451,"significance":"not_sig"}},{"type":"Feature","geometry":{"type":"Point","coordinates":[76.02353,15.95946]},"properties":{"cell_id":193717,"case_count":1,"gi_zscore":-0.1039,"gi_pvalue":0.03,"significance":"cold_95"}},{"type":"Feature","geometry":{"type":"Point","coordinates":[76.56471,15.95946]},"properties":{"cell_id":193763,"case_count":1,"gi_zscore":-0.0995,"gi_pvalue":0.255,"significance":"not_sig"}},{"type":"Feature","geometry":{"type":"Point","coordinates":[76.65882,15.95946]},"properties":{"cell_id":193771,"case_count":2,"gi_zscore":-0.098,"gi_pvalue":0.303,"significance":"not_sig"}},{"type":"Feature","geometry":{"type":"Point","coordinates":[76.75294,15.95946]},"properties":{"cell_id":193779,"case_count":4,"gi_zscore":-0.098,"gi_pvalue":0.093,"significance":"cold_90"}},{"type":"Feature","geometry":{"type":"Point","coordinates":[74.81176,15.96847]},"properties":{"cell_id":194005,"case_count":1,"gi_zscore":-0.0951,"gi_pvalue":0.488,"significance":"not_sig"}},{"type":"Feature","geometry":{"type":"Point","coordinates":[75.02353,15.96847]},"properties":{"cell_id":194023,"case_count":5,"gi_zscore":-0.0966,"gi_pvalue":0.175,"significance":"not_sig"}},{"type":"Feature","geometry":{"type":"Point","coordinates":[75.38824,15.96847]},"properties":{"cell_id":194054,"case_count":1,"gi_zscore":-0.101,"gi_pvalue":0.193,"significance":"not_sig"}},{"type":"Feature","geometry":{"type":"Point","coordinates":[75.14118,15.98649]},"properties":{"cell_id":194815,"case_count":2,"gi_zscore":-0.1039,"gi_pvalue":0.001,"significance":"cold_99"}},{"type":"Feature","geometry":{"type":"Point","coordinates":[75.24706,15.98649]},"properties":{"cell_id":194824,"case_count":1,"gi_zscore":-0.1025,"gi_pvalue":0.093,"significance":"cold_90"}},{"type":"Feature","geometry":{"type":"Point","coordinates":[74.0,15.9955]},"properties":{"cell_id":195109,"case_count":3,"gi_zscore":-0.101,"gi_pvalue":0.093,"significance":"cold_90"}},{"type":"Feature","geometry":{"type":"Point","coordinates":[74.58824,16.01351]},"properties":{"cell_id":195941,"case_count":1,"gi_zscore":-0.1039,"gi_pvalue":0.093,"significance":"cold_90"}},{"type":"Feature","geometry":{"type":"Point","coordinates":[74.95294,16.01351]},"properties":{"cell_id":195972,"case_count":2,"gi_zscore":-0.0966,"gi_pvalue":0.383,"significance":"not_sig"}},{"type":"Feature","geometry":{"type":"Point","coordinates":[75.2,16.01351]},"properties":{"cell_id":195993,"case_count":1,"gi_zscore":-0.1039,"gi_pvalue":0.031,"significance":"cold_95"}},{"type":"Feature","geometry":{"type":"Point","coordinates":[76.43529,16.01351]},"properties":{"cell_id":196098,"case_count":2,"gi_zscore":-0.101,"gi_pvalue":0.094,"significance":"cold_90"}},{"type":"Feature","geometry":{"type":"Point","coordinates":[75.30588,16.03153]},"properties":{"cell_id":196784,"case_count":1,"gi_zscore":-0.1025,"gi_pvalue":0.094,"significance":"cold_90"}},{"type":"Feature","geometry":{"type":"Point","coordinates":[74.64706,16.05856]},"properties":{"cell_id":197901,"case_count":2,"gi_zscore":-0.1025,"gi_pvalue":0.031,"significance":"cold_95"}},{"type":"Feature","geometry":{"type":"Point","coordinates":[76.07059,16.05856]},"properties":{"cell_id":198022,"case_count":1,"gi_zscore":-0.1025,"gi_pvalue":0.094,"significance":"cold_90"}},{"type":"Feature","geometry":{"type":"Point","coordinates":[76.56471,16.05856]},"properties":{"cell_id":198064,"case_count":1,"gi_zscore":-0.1025,"gi_pvalue":0.094,"significance":"cold_90"}},{"type":"Feature","geometry":{"type":"Point","coordinates":[77.41176,16.06757]},"properties":{"cell_id":198527,"case_count":1,"gi_zscore":-0.1025,"gi_pvalue":0.094,"significance":"cold_90"}},{"type":"Feature","geometry":{"type":"Point","coordinates":[74.48235,16.07658]},"properties":{"cell_id":198669,"case_count":1,"gi_zscore":-0.1025,"gi_pvalue":0.094,"significance":"cold_90"}},{"type":"Feature","geometry":{"type":"Point","coordinates":[74.65882,16.07658]},"properties":{"cell_id":198684,"case_count":1,"gi_zscore":-0.098,"gi_pvalue":0.351,"significance":"not_sig"}},{"type":"Feature","geometry":{"type":"Point","coordinates":[77.41176,16.07658]},"properties":{"cell_id":198918,"case_count":1,"gi_zscore":-0.1025,"gi_pvalue":0.094,"significance":"cold_90"}},{"type":"Feature","geometry":{"type":"Point","coordinates":[74.45882,16.08559]},"properties":{"cell_id":199058,"case_count":1,"gi_zscore":-0.0995,"gi_pvalue":0.256,"significance":"not_sig"}},{"type":"Feature","geometry":{"type":"Point","coordinates":[76.69412,16.08559]},"properties":{"cell_id":199248,"case_count":1,"gi_zscore":-0.0966,"gi_pvalue":0.452,"significance":"not_sig"}},{"type":"Feature","geometry":{"type":"Point","coordinates":[76.90588,16.08559]},"properties":{"cell_id":199266,"case_count":1,"gi_zscore":-0.101,"gi_pvalue":0.256,"significance":"not_sig"}},{"type":"Feature","geometry":{"type":"Point","coordinates":[74.67059,16.09459]},"properties":{"cell_id":199467,"case_count":1,"gi_zscore":-0.098,"gi_pvalue":0.351,"significance":"not_sig"}},{"type":"Feature","geometry":{"type":"Point","coordinates":[76.78824,16.1036]},"properties":{"cell_id":200038,"case_count":1,"gi_zscore":-0.098,"gi_pvalue":0.384,"significance":"not_sig"}},{"type":"Feature","geometry":{"type":"Point","coordinates":[77.4,16.1036]},"properties":{"cell_id":200090,"case_count":1,"gi_zscore":-0.1025,"gi_pvalue":0.094,"significance":"cold_90"}},{"type":"Feature","geometry":{"type":"Point","coordinates":[75.0,16.11261]},"properties":{"cell_id":200277,"case_count":1,"gi_zscore":-0.0936,"gi_pvalue":0.449,"significance":"not_sig"}},{"type":"Feature","geometry":{"type":"Point","coordinates":[77.25882,16.11261]},"properties":{"cell_id":200469,"case_count":1,"gi_zscore":-0.0951,"gi_pvalue":0.489,"significance":"not_sig"}},{"type":"Feature","geometry":{"type":"Point","coordinates":[75.10588,16.12162]},"properties":{"cell_id":200677,"case_count":2,"gi_zscore":-0.0922,"gi_pvalue":0.49,"significance":"not_sig"}},{"type":"Feature","geometry":{"type":"Point","coordinates":[76.89412,16.12162]},"properties":{"cell_id":200829,"case_count":1,"gi_zscore":-0.101,"gi_pvalue":0.257,"significance":"not_sig"}},{"type":"Feature","geometry":{"type":"Point","coordinates":[74.51765,16.13964]},"properties":{"cell_id":201409,"case_count":1,"gi_zscore":-0.101,"gi_pvalue":0.174,"significance":"not_sig"}},{"type":"Feature","geometry":{"type":"Point","coordinates":[77.21176,16.13964]},"properties":{"cell_id":201638,"case_count":1,"gi_zscore":-0.0951,"gi_pvalue":0.452,"significance":"not_sig"}},{"type":"Feature","geometry":{"type":"Point","coordinates":[76.51765,16.14865]},"properties":{"cell_id":201970,"case_count":1,"gi_zscore":-0.1039,"gi_pvalue":0.031,"significance":"cold_95"}},{"type":"Feature","geometry":{"type":"Point","coordinates":[76.52941,16.14865]},"properties":{"cell_id":201971,"case_count":1,"gi_zscore":-0.1039,"gi_pvalue":0.031,"significance":"cold_95"}},{"type":"Feature","geometry":{"type":"Point","coordinates":[75.69412,16.15766]},"properties":{"cell_id":202291,"case_count":1,"gi_zscore":-0.0995,"gi_pvalue":0.302,"significance":"not_sig"}},{"type":"Feature","geometry":{"type":"Point","coordinates":[76.4,16.15766]},"properties":{"cell_id":202351,"case_count":1,"gi_zscore":-0.101,"gi_pvalue":0.193,"significance":"not_sig"}},{"type":"Feature","geometry":{"type":"Point","coordinates":[76.51765,16.15766]},"properties":{"cell_id":202361,"case_count":1,"gi_zscore":-0.1039,"gi_pvalue":0.031,"significance":"cold_95"}},{"type":"Feature","geometry":{"type":"Point","coordinates":[76.52941,16.15766]},"properties":{"cell_id":202362,"case_count":2,"gi_zscore":-0.1039,"gi_pvalue":0.001,"significance":"cold_99"}},{"type":"Feature","geometry":{"type":"Point","coordinates":[77.37647,16.15766]},"properties":{"cell_id":202434,"case_count":2,"gi_zscore":-0.1025,"gi_pvalue":0.031,"significance":"cold_95"}},{"type":"Feature","geometry":{"type":"Point","coordinates":[77.42353,16.15766]},"properties":{"cell_id":202438,"case_count":1,"gi_zscore":-0.1025,"gi_pvalue":0.095,"significance":"cold_90"}},{"type":"Feature","geometry":{"type":"Point","coordinates":[74.51765,16.16667]},"properties":{"cell_id":202582,"case_count":1,"gi_zscore":-0.0966,"gi_pvalue":0.389,"significance":"not_sig"}},{"type":"Feature","geometry":{"type":"Point","coordinates":[75.23529,16.16667]},"properties":{"cell_id":202643,"case_count":1,"gi_zscore":-0.0995,"gi_pvalue":0.257,"significance":"not_sig"}},{"type":"Feature","geometry":{"type":"Point","coordinates":[75.27059,16.16667]},"properties":{"cell_id":202646,"case_count":3,"gi_zscore":-0.098,"gi_pvalue":0.194,"significance":"not_sig"}},{"type":"Feature","geometry":{"type":"Point","coordinates":[76.29412,16.16667]},"properties":{"cell_id":202733,"case_count":2,"gi_zscore":-0.101,"gi_pvalue":0.095,"significance":"cold_90"}},{"type":"Feature","geometry":{"type":"Point","coordinates":[74.95294,16.17568]},"properties":{"cell_id":203010,"case_count":1,"gi_zscore":-0.0995,"gi_pvalue":0.302,"significance":"not_sig"}},{"type":"Feature","geometry":{"type":"Point","coordinates":[76.54118,16.18468]},"properties":{"cell_id":203536,"case_count":1,"gi_zscore":-0.1039,"gi_pvalue":0.031,"significance":"cold_95"}},{"type":"Feature","geometry":{"type":"Point","coordinates":[77.34118,16.18468]},"properties":{"cell_id":203604,"case_count":1,"gi_zscore":-0.0922,"gi_pvalue":0.446,"significance":"not_sig"}},{"type":"Feature","geometry":{"type":"Point","coordinates":[77.36471,16.18468]},"properties":{"cell_id":203606,"case_count":1,"gi_zscore":-0.098,"gi_pvalue":0.328,"significance":"not_sig"}},{"type":"Feature","geometry":{"type":"Point","coordinates":[75.01176,16.19369]},"properties":{"cell_id":203797,"case_count":2,"gi_zscore":-0.0922,"gi_pvalue":0.49,"significance":"not_sig"}},{"type":"Feature","geometry":{"type":"Point","coordinates":[77.32941,16.19369]},"properties":{"cell_id":203994,"case_count":1,"gi_zscore":-0.0922,"gi_pvalue":0.446,"significance":"not_sig"}},{"type":"Feature","geometry":{"type":"Point","coordinates":[77.34118,16.19369]},"properties":{"cell_id":203995,"case_count":4,"gi_zscore":-0.0922,"gi_pvalue":0.416,"significance":"not_sig"}},{"type":"Feature","geometry":{"type":"Point","coordinates":[77.35294,16.19369]},"properties":{"cell_id":203996,"case_count":1,"gi_zscore":-0.0936,"gi_pvalue":0.491,"significance":"not_sig"}},{"type":"Feature","geometry":{"type":"Point","coordinates":[77.36471,16.19369]},"properties":{"cell_id":203997,"case_count":2,"gi_zscore":-0.1025,"gi_pvalue":0.031,"significance":"cold_95"}},{"type":"Feature","geometry":{"type":"Point","coordinates":[77.37647,16.19369]},"properties":{"cell_id":203998,"case_count":1,"gi_zscore":-0.101,"gi_pvalue":0.194,"significance":"not_sig"}},{"type":"Feature","geometry":{"type":"Point","coordinates":[74.74118,16.2027]},"properties":{"cell_id":204165,"case_count":1,"gi_zscore":-0.0966,"gi_pvalue":0.454,"significance":"not_sig"}},{"type":"Feature","geometry":{"type":"Point","coordinates":[76.67059,16.2027]},"properties":{"cell_id":204329,"case_count":1,"gi_zscore":-0.1039,"gi_pvalue":0.096,"significance":"cold_90"}},{"type":"Feature","geometry":{"type":"Point","coordinates":[77.34118,16.2027]},"properties":{"cell_id":204386,"case_count":4,"gi_zscore":-0.0936,"gi_pvalue":0.349,"significance":"not_sig"}},{"type":"Feature","geometry":{"type":"Point","coordinates":[77.35294,16.2027]},"properties":{"cell_id":204387,"case_count":2,"gi_zscore":-0.0922,"gi_pvalue":0.451,"significance":"not_sig"}},{"type":"Feature","geometry":{"type":"Point","coordinates":[77.36471,16.2027]},"properties":{"cell_id":204388,"case_count":1,"gi_zscore":-0.1025,"gi_pvalue":0.096,"significance":"cold_90"}},{"type":"Feature","geometry":{"type":"Point","coordinates":[77.37647,16.2027]},"properties":{"cell_id":204389,"case_count":1,"gi_zscore":-0.101,"gi_pvalue":0.194,"significance":"not_sig"}},{"type":"Feature","geometry":{"type":"Point","coordinates":[74.51765,16.21171]},"properties":{"cell_id":204537,"case_count":1,"gi_zscore":-0.0951,"gi_pvalue":0.455,"significance":"not_sig"}},{"type":"Feature","geometry":{"type":"Point","coordinates":[74.63529,16.21171]},"properties":{"cell_id":204547,"case_count":2,"gi_zscore":-0.0951,"gi_pvalue":0.455,"significance":"not_sig"}},{"type":"Feature","geometry":{"type":"Point","coordinates":[76.30588,16.21171]},"properties":{"cell_id":204689,"case_count":2,"gi_zscore":-0.101,"gi_pvalue":0.096,"significance":"cold_90"}},{"type":"Feature","geometry":{"type":"Point","coordinates":[77.34118,16.21171]},"properties":{"cell_id":204777,"case_count":2,"gi_zscore":-0.0936,"gi_pvalue":0.492,"significance":"not_sig"}},{"type":"Feature","geometry":{"type":"Point","coordinates":[77.35294,16.21171]},"properties":{"cell_id":204778,"case_count":1,"gi_zscore":-0.0922,"gi_pvalue":0.406,"significance":"not_sig"}},{"type":"Feature","geometry":{"type":"Point","coordinates":[77.36471,16.21171]},"properties":{"cell_id":204779,"case_count":1,"gi_zscore":-0.101,"gi_pvalue":0.194,"significance":"not_sig"}},{"type":"Feature","geometry":{"type":"Point","coordinates":[74.55294,16.22072]},"properties":{"cell_id":204931,"case_count":2,"gi_zscore":-0.0966,"gi_pvalue":0.382,"significance":"not_sig"}},{"type":"Feature","geometry":{"type":"Point","coordinates":[74.6,16.22072]},"properties":{"cell_id":204935,"case_count":1,"gi_zscore":-0.0951,"gi_pvalue":0.488,"significance":"not_sig"}},{"type":"Feature","geometry":{"type":"Point","coordinates":[74.92941,16.22072]},"properties":{"cell_id":204963,"case_count":1,"gi_zscore":-0.0936,"gi_pvalue":0.492,"significance":"not_sig"}},{"type":"Feature","geometry":{"type":"Point","coordinates":[77.36471,16.22072]},"properties":{"cell_id":205170,"case_count":2,"gi_zscore":-0.0995,"gi_pvalue":0.194,"significance":"not_sig"}},{"type":"Feature","geometry":{"type":"Point","coordinates":[74.55294,16.22973]},"properties":{"cell_id":205322,"case_count":1,"gi_zscore":-0.0936,"gi_pvalue":0.493,"significance":"not_sig"}},{"type":"Feature","geometry":{"type":"Point","coordinates":[74.6,16.22973]},"properties":{"cell_id":205326,"case_count":4,"gi_zscore":-0.0951,"gi_pvalue":0.301,"significance":"not_sig"}},{"type":"Feature","geometry":{"type":"Point","coordinates":[74.6,16.23874]},"properties":{"cell_id":205717,"case_count":3,"gi_zscore":-0.0951,"gi_pvalue":0.383,"significance":"not_sig"}},{"type":"Feature","geometry":{"type":"Point","coordinates":[77.35294,16.23874]},"properties":{"cell_id":205951,"case_count":1,"gi_zscore":-0.101,"gi_pvalue":0.194,"significance":"not_sig"}},{"type":"Feature","geometry":{"type":"Point","coordinates":[74.21176,16.24775]},"properties":{"cell_id":206075,"case_count":2,"gi_zscore":-0.0966,"gi_pvalue":0.382,"significance":"not_sig"}},{"type":"Feature","geometry":{"type":"Point","coordinates":[74.57647,16.24775]},"properties":{"cell_id":206106,"case_count":1,"gi_zscore":-0.0966,"gi_pvalue":0.455,"significance":"not_sig"}},{"type":"Feature","geometry":{"type":"Point","coordinates":[74.70588,16.24775]},"properties":{"cell_id":206117,"case_count":1,"gi_zscore":-0.0966,"gi_pvalue":0.455,"significance":"not_sig"}},{"type":"Feature","geometry":{"type":"Point","coordinates":[74.91765,16.24775]},"properties":{"cell_id":206135,"case_count":1,"gi_zscore":-0.0936,"gi_pvalue":0.493,"significance":"not_sig"}},{"type":"Feature","geometry":{"type":"Point","coordinates":[76.57647,16.24775]},"properties":{"cell_id":206276,"case_count":1,"gi_zscore":-0.1039,"gi_pvalue":0.097,"significance":"cold_90"}},{"type":"Feature","geometry":{"type":"Point","coordinates":[77.31765,16.24775]},"properties":{"cell_id":206339,"case_count":1,"gi_zscore":-0.098,"gi_pvalue":0.382,"significance":"not_sig"}},{"type":"Feature","geometry":{"type":"Point","coordinates":[77.35294,16.24775]},"properties":{"cell_id":206342,"case_count":1,"gi_zscore":-0.101,"gi_pvalue":0.195,"significance":"not_sig"}},{"type":"Feature","geometry":{"type":"Point","coordinates":[77.48235,16.24775]},"properties":{"cell_id":206353,"case_count":1,"gi_zscore":-0.1025,"gi_pvalue":0.097,"significance":"cold_90"}},{"type":"Feature","geometry":{"type":"Point","coordinates":[74.48235,16.25676]},"properties":{"cell_id":206489,"case_count":4,"gi_zscore":-0.0936,"gi_pvalue":0.347,"significance":"not_sig"}},{"type":"Feature","geometry":{"type":"Point","coordinates":[74.49412,16.25676]},"properties":{"cell_id":206490,"case_count":3,"gi_zscore":-0.0936,"gi_pvalue":0.417,"significance":"not_sig"}},{"type":"Feature","geometry":{"type":"Point","coordinates":[74.96471,16.25676]},"properties":{"cell_id":206530,"case_count":2,"gi_zscore":-0.0936,"gi_pvalue":0.453,"significance":"not_sig"}},{"type":"Feature","geometry":{"type":"Point","coordinates":[76.30588,16.25676]},"properties":{"cell_id":206644,"case_count":1,"gi_zscore":-0.101,"gi_pvalue":0.195,"significance":"not_sig"}},{"type":"Feature","geometry":{"type":"Point","coordinates":[77.36471,16.25676]},"properties":{"cell_id":206734,"case_count":1,"gi_zscore":-0.1025,"gi_pvalue":0.097,"significance":"cold_90"}},{"type":"Feature","geometry":{"type":"Point","coordinates":[74.48235,16.26577]},"properties":{"cell_id":206880,"case_count":2,"gi_zscore":-0.0922,"gi_pvalue":0.451,"significance":"not_sig"}},{"type":"Feature","geometry":{"type":"Point","coordinates":[74.44706,16.27477]},"properties":{"cell_id":207268,"case_count":1,"gi_zscore":-0.0922,"gi_pvalue":0.448,"significance":"not_sig"}},{"type":"Feature","geometry":{"type":"Point","coordinates":[74.57647,16.27477]},"properties":{"cell_id":207279,"case_count":1,"gi_zscore":-0.0966,"gi_pvalue":0.453,"significance":"not_sig"}},{"type":"Feature","geometry":{"type":"Point","coordinates":[76.94118,16.27477]},"properties":{"cell_id":207480,"case_count":1,"gi_zscore":-0.101,"gi_pvalue":0.195,"significance":"not_sig"}},{"type":"Feature","geometry":{"type":"Point","coordinates":[76.95294,16.27477]},"properties":{"cell_id":207481,"case_count":1,"gi_zscore":-0.101,"gi_pvalue":0.195,"significance":"not_sig"}},{"type":"Feature","geometry":{"type":"Point","coordinates":[76.63529,16.28378]},"properties":{"cell_id":207845,"case_count":1,"gi_zscore":-0.1054,"gi_pvalue":0.031,"significance":"cold_95"}},{"type":"Feature","geometry":{"type":"Point","coordinates":[74.51765,16.29279]},"properties":{"cell_id":208056,"case_count":2,"gi_zscore":-0.0951,"gi_pvalue":0.453,"significance":"not_sig"}},{"type":"Feature","geometry":{"type":"Point","coordinates":[74.52941,16.29279]},"properties":{"cell_id":208057,"case_count":1,"gi_zscore":-0.0951,"gi_pvalue":0.493,"significance":"not_sig"}},{"type":"Feature","geometry":{"type":"Point","coordinates":[74.62353,16.29279]},"properties":{"cell_id":208065,"case_count":1,"gi_zscore":-0.0966,"gi_pvalue":0.451,"significance":"not_sig"}},{"type":"Feature","geometry":{"type":"Point","coordinates":[74.71765,16.3018]},"properties":{"cell_id":208464,"case_count":1,"gi_zscore":-0.101,"gi_pvalue":0.195,"significance":"not_sig"}},{"type":"Feature","geometry":{"type":"Point","coordinates":[76.48235,16.3018]},"properties":{"cell_id":208614,"case_count":1,"gi_zscore":-0.1039,"gi_pvalue":0.097,"significance":"cold_90"}},{"type":"Feature","geometry":{"type":"Point","coordinates":[77.15294,16.3018]},"properties":{"cell_id":208671,"case_count":1,"gi_zscore":-0.1039,"gi_pvalue":0.097,"significance":"cold_90"}},{"type":"Feature","geometry":{"type":"Point","coordinates":[74.91765,16.31081]},"properties":{"cell_id":208872,"case_count":2,"gi_zscore":-0.0936,"gi_pvalue":0.493,"significance":"not_sig"}},{"type":"Feature","geometry":{"type":"Point","coordinates":[77.15294,16.31081]},"properties":{"cell_id":209062,"case_count":1,"gi_zscore":-0.0995,"gi_pvalue":0.255,"significance":"not_sig"}},{"type":"Feature","geometry":{"type":"Point","coordinates":[74.42353,16.31982]},"properties":{"cell_id":209221,"case_count":3,"gi_zscore":-0.0966,"gi_pvalue":0.325,"significance":"not_sig"}},{"type":"Feature","geometry":{"type":"Point","coordinates":[74.6,16.31982]},"properties":{"cell_id":209236,"case_count":1,"gi_zscore":-0.0966,"gi_pvalue":0.449,"significance":"not_sig"}},{"type":"Feature","geometry":{"type":"Point","coordinates":[77.55294,16.31982]},"properties":{"cell_id":209487,"case_count":2,"gi_zscore":-0.098,"gi_pvalue":0.302,"significance":"not_sig"}},{"type":"Feature","geometry":{"type":"Point","coordinates":[74.4,16.32883]},"properties":{"cell_id":209610,"case_count":1,"gi_zscore":-0.101,"gi_pvalue":0.196,"significance":"not_sig"}},{"type":"Feature","geometry":{"type":"Point","coordinates":[76.65882,16.32883]},"properties":{"cell_id":209802,"case_count":1,"gi_zscore":-0.1054,"gi_pvalue":0.03,"significance":"cold_95"}},{"type":"Feature","geometry":{"type":"Point","coordinates":[77.09412,16.32883]},"properties":{"cell_id":209839,"case_count":1,"gi_zscore":-0.101,"gi_pvalue":0.196,"significance":"not_sig"}},{"type":"Feature","geometry":{"type":"Point","coordinates":[74.84706,16.33784]},"properties":{"cell_id":210039,"case_count":1,"gi_zscore":-0.0951,"gi_pvalue":0.493,"significance":"not_sig"}},{"type":"Feature","geometry":{"type":"Point","coordinates":[74.94118,16.33784]},"properties":{"cell_id":210047,"case_count":1,"gi_zscore":-0.0922,"gi_pvalue":0.404,"significance":"not_sig"}},{"type":"Feature","geometry":{"type":"Point","coordinates":[74.95294,16.33784]},"properties":{"cell_id":210048,"case_count":1,"gi_zscore":-0.0922,"gi_pvalue":0.404,"significance":"not_sig"}},{"type":"Feature","geometry":{"type":"Point","coordinates":[74.96471,16.33784]},"properties":{"cell_id":210049,"case_count":6,"gi_zscore":-0.0922,"gi_pvalue":0.325,"significance":"not_sig"}},{"type":"Feature","geometry":{"type":"Point","coordinates":[75.90588,16.33784]},"properties":{"cell_id":210129,"case_count":1,"gi_zscore":-0.1025,"gi_pvalue":0.178,"significance":"not_sig"}},{"type":"Feature","geometry":{"type":"Point","coordinates":[76.08235,16.33784]},"properties":{"cell_id":210144,"case_count":1,"gi_zscore":-0.1039,"gi_pvalue":0.098,"significance":"cold_90"}},{"type":"Feature","geometry":{"type":"Point","coordinates":[76.11765,16.33784]},"properties":{"cell_id":210147,"case_count":1,"gi_zscore":-0.1039,"gi_pvalue":0.098,"significance":"cold_90"}},{"type":"Feature","geometry":{"type":"Point","coordinates":[76.12941,16.33784]},"properties":{"cell_id":210148,"case_count":2,"gi_zscore":-0.1039,"gi_pvalue":0.03,"significance":"cold_95"}},{"type":"Feature","geometry":{"type":"Point","coordinates":[74.90588,16.34685]},"properties":{"cell_id":210435,"case_count":2,"gi_zscore":-0.0936,"gi_pvalue":0.492,"significance":"not_sig"}},{"type":"Feature","geometry":{"type":"Point","coordinates":[74.98824,16.34685]},"properties":{"cell_id":210442,"case_count":1,"gi_zscore":-0.0922,"gi_pvalue":0.403,"significance":"not_sig"}},{"type":"Feature","geometry":{"type":"Point","coordinates":[75.90588,16.34685]},"properties":{"cell_id":210520,"case_count":3,"gi_zscore":-0.1025,"gi_pvalue":0.03,"significance":"cold_95"}},{"type":"Feature","geometry":{"type":"Point","coordinates":[76.12941,16.34685]},"properties":{"cell_id":210539,"case_count":1,"gi_zscore":-0.1039,"gi_pvalue":0.098,"significance":"cold_90"}},{"type":"Feature","geometry":{"type":"Point","coordinates":[75.91765,16.35586]},"properties":{"cell_id":210912,"case_count":1,"gi_zscore":-0.1025,"gi_pvalue":0.178,"significance":"not_sig"}},{"type":"Feature","geometry":{"type":"Point","coordinates":[75.94118,16.35586]},"properties":{"cell_id":210914,"case_count":1,"gi_zscore":-0.1025,"gi_pvalue":0.178,"significance":"not_sig"}},{"type":"Feature","geometry":{"type":"Point","coordinates":[76.16471,16.35586]},"properties":{"cell_id":210933,"case_count":1,"gi_zscore":-0.1039,"gi_pvalue":0.098,"significance":"cold_90"}},{"type":"Feature","geometry":{"type":"Point","coordinates":[76.49412,16.35586]},"properties":{"cell_id":210961,"case_count":1,"gi_zscore":-0.1025,"gi_pvalue":0.098,"significance":"cold_90"}},{"type":"Feature","geometry":{"type":"Point","coordinates":[74.8,16.36486]},"properties":{"cell_id":211208,"case_count":1,"gi_zscore":-0.101,"gi_pvalue":0.197,"significance":"not_sig"}},{"type":"Feature","geometry":{"type":"Point","coordinates":[75.0,16.36486]},"properties":{"cell_id":211225,"case_count":2,"gi_zscore":-0.0922,"gi_pvalue":0.45,"significance":"not_sig"}},{"type":"Feature","geometry":{"type":"Point","coordinates":[76.12941,16.36486]},"properties":{"cell_id":211321,"case_count":1,"gi_zscore":-0.1039,"gi_pvalue":0.098,"significance":"cold_90"}},{"type":"Feature","geometry":{"type":"Point","coordinates":[76.70588,16.36486]},"properties":{"cell_id":211370,"case_count":1,"gi_zscore":-0.1054,"gi_pvalue":0.03,"significance":"cold_95"}},{"type":"Feature","geometry":{"type":"Point","coordinates":[76.77647,16.36486]},"properties":{"cell_id":211376,"case_count":1,"gi_zscore":-0.1039,"gi_pvalue":0.03,"significance":"cold_95"}},{"type":"Feature","geometry":{"type":"Point","coordinates":[76.78824,16.36486]},"properties":{"cell_id":211377,"case_count":1,"gi_zscore":-0.1039,"gi_pvalue":0.03,"significance":"cold_95"}},{"type":"Feature","geometry":{"type":"Point","coordinates":[77.35294,16.36486]},"properties":{"cell_id":211425,"case_count":3,"gi_zscore":-0.098,"gi_pvalue":0.201,"significance":"not_sig"}},{"type":"Feature","geometry":{"type":"Point","coordinates":[77.35294,16.37387]},"properties":{"cell_id":211816,"case_count":3,"gi_zscore":-0.098,"gi_pvalue":0.201,"significance":"not_sig"}},{"type":"Feature","geometry":{"type":"Point","coordinates":[77.36471,16.37387]},"properties":{"cell_id":211817,"case_count":1,"gi_zscore":-0.098,"gi_pvalue":0.345,"significance":"not_sig"}},{"type":"Feature","geometry":{"type":"Point","coordinates":[74.49412,16.38288]},"properties":{"cell_id":211964,"case_count":1,"gi_zscore":-0.0995,"gi_pvalue":0.304,"significance":"not_sig"}},{"type":"Feature","geometry":{"type":"Point","coordinates":[75.92941,16.38288]},"properties":{"cell_id":212086,"case_count":1,"gi_zscore":-0.1025,"gi_pvalue":0.181,"significance":"not_sig"}},{"type":"Feature","geometry":{"type":"Point","coordinates":[76.58824,16.38288]},"properties":{"cell_id":212142,"case_count":1,"gi_zscore":-0.1025,"gi_pvalue":0.099,"significance":"cold_90"}},{"type":"Feature","geometry":{"type":"Point","coordinates":[76.65882,16.38288]},"properties":{"cell_id":212148,"case_count":1,"gi_zscore":-0.1054,"gi_pvalue":0.029,"significance":"cold_95"}},{"type":"Feature","geometry":{"type":"Point","coordinates":[74.37647,16.39189]},"properties":{"cell_id":212345,"case_count":1,"gi_zscore":-0.1025,"gi_pvalue":0.181,"significance":"not_sig"}},{"type":"Feature","geometry":{"type":"Point","coordinates":[74.38824,16.39189]},"properties":{"cell_id":212346,"case_count":1,"gi_zscore":-0.1025,"gi_pvalue":0.181,"significance":"not_sig"}},{"type":"Feature","geometry":{"type":"Point","coordinates":[76.72941,16.39189]},"properties":{"cell_id":212545,"case_count":1,"gi_zscore":-0.1039,"gi_pvalue":0.029,"significance":"cold_95"}},{"type":"Feature","geometry":{"type":"Point","coordinates":[74.45882,16.4009]},"properties":{"cell_id":212743,"case_count":1,"gi_zscore":-0.101,"gi_pvalue":0.201,"significance":"not_sig"}},{"type":"Feature","geometry":{"type":"Point","coordinates":[74.36471,16.40991]},"properties":{"cell_id":213126,"case_count":1,"gi_zscore":-0.1025,"gi_pvalue":0.181,"significance":"not_sig"}},{"type":"Feature","geometry":{"type":"Point","coordinates":[74.51765,16.40991]},"properties":{"cell_id":213139,"case_count":2,"gi_zscore":-0.1025,"gi_pvalue":0.029,"significance":"cold_95"}},{"type":"Feature","geometry":{"type":"Point","coordinates":[76.01176,16.40991]},"properties":{"cell_id":213266,"case_count":1,"gi_zscore":-0.1054,"gi_pvalue":0.029,"significance":"cold_95"}},{"type":"Feature","geometry":{"type":"Point","coordinates":[76.92941,16.40991]},"properties":{"cell_id":213344,"case_count":2,"gi_zscore":-0.101,"gi_pvalue":0.1,"significance":"cold_90"}},{"type":"Feature","geometry":{"type":"Point","coordinates":[76.92941,16.41892]},"properties":{"cell_id":213735,"case_count":2,"gi_zscore":-0.101,"gi_pvalue":0.1,"significance":"cold_90"}},{"type":"Feature","geometry":{"type":"Point","coordinates":[74.50588,16.42793]},"properties":{"cell_id":213920,"case_count":1,"gi_zscore":-0.1039,"gi_pvalue":0.1,"significance":"cold_90"}},{"type":"Feature","geometry":{"type":"Point","coordinates":[76.92941,16.42793]},"properties":{"cell_id":214126,"case_count":2,"gi_zscore":-0.101,"gi_pvalue":0.101,"significance":"not_sig"}},{"type":"Feature","geometry":{"type":"Point","coordinates":[74.72941,16.43694]},"properties":{"cell_id":214330,"case_count":3,"gi_zscore":-0.0995,"gi_pvalue":0.182,"significance":"not_sig"}},{"type":"Feature","geometry":{"type":"Point","coordinates":[75.47059,16.43694]},"properties":{"cell_id":214393,"case_count":1,"gi_zscore":-0.101,"gi_pvalue":0.202,"significance":"not_sig"}},{"type":"Feature","geometry":{"type":"Point","coordinates":[75.69412,16.43694]},"properties":{"cell_id":214412,"case_count":1,"gi_zscore":-0.1025,"gi_pvalue":0.102,"significance":"not_sig"}},{"type":"Feature","geometry":{"type":"Point","coordinates":[75.94118,16.43694]},"properties":{"cell_id":214433,"case_count":1,"gi_zscore":-0.1025,"gi_pvalue":0.182,"significance":"not_sig"}},{"type":"Feature","geometry":{"type":"Point","coordinates":[76.72941,16.43694]},"properties":{"cell_id":214500,"case_count":1,"gi_zscore":-0.1039,"gi_pvalue":0.029,"significance":"cold_95"}},{"type":"Feature","geometry":{"type":"Point","coordinates":[74.34118,16.44595]},"properties":{"cell_id":214688,"case_count":1,"gi_zscore":-0.1039,"gi_pvalue":0.029,"significance":"cold_95"}},{"type":"Feature","geometry":{"type":"Point","coordinates":[74.47059,16.44595]},"properties":{"cell_id":214699,"case_count":1,"gi_zscore":-0.1039,"gi_pvalue":0.102,"significance":"not_sig"}},{"type":"Feature","geometry":{"type":"Point","coordinates":[75.69412,16.44595]},"properties":{"cell_id":214803,"case_count":1,"gi_zscore":-0.1025,"gi_pvalue":0.102,"significance":"not_sig"}},{"type":"Feature","geometry":{"type":"Point","coordinates":[74.84706,16.45495]},"properties":{"cell_id":215122,"case_count":1,"gi_zscore":-0.1025,"gi_pvalue":0.102,"significance":"not_sig"}},{"type":"Feature","geometry":{"type":"Point","coordinates":[75.47059,16.45495]},"properties":{"cell_id":215175,"case_count":2,"gi_zscore":-0.101,"gi_pvalue":0.102,"significance":"not_sig"}},{"type":"Feature","geometry":{"type":"Point","coordinates":[76.04706,16.45495]},"properties":{"cell_id":215224,"case_count":1,"gi_zscore":-0.1025,"gi_pvalue":0.102,"significance":"not_sig"}},{"type":"Feature","geometry":{"type":"Point","coordinates":[76.52941,16.45495]},"properties":{"cell_id":215265,"case_count":1,"gi_zscore":-0.101,"gi_pvalue":0.202,"significance":"not_sig"}},{"type":"Feature","geometry":{"type":"Point","coordinates":[74.81176,16.46396]},"properties":{"cell_id":215510,"case_count":1,"gi_zscore":-0.1025,"gi_pvalue":0.102,"significance":"not_sig"}},{"type":"Feature","geometry":{"type":"Point","coordinates":[75.68235,16.46396]},"properties":{"cell_id":215584,"case_count":1,"gi_zscore":-0.1025,"gi_pvalue":0.102,"significance":"not_sig"}},{"type":"Feature","geometry":{"type":"Point","coordinates":[76.45882,16.46396]},"properties":{"cell_id":215650,"case_count":1,"gi_zscore":-0.101,"gi_pvalue":0.202,"significance":"not_sig"}},{"type":"Feature","geometry":{"type":"Point","coordinates":[74.43529,16.47297]},"properties":{"cell_id":215869,"case_count":1,"gi_zscore":-0.1039,"gi_pvalue":0.029,"significance":"cold_95"}},{"type":"Feature","geometry":{"type":"Point","coordinates":[74.51765,16.47297]},"properties":{"cell_id":215876,"case_count":1,"gi_zscore":-0.1039,"gi_pvalue":0.102,"significance":"not_sig"}},{"type":"Feature","geometry":{"type":"Point","coordinates":[75.69412,16.47297]},"properties":{"cell_id":215976,"case_count":3,"gi_zscore":-0.1025,"gi_pvalue":0.029,"significance":"cold_95"}},{"type":"Feature","geometry":{"type":"Point","coordinates":[75.97647,16.47297]},"properties":{"cell_id":216000,"case_count":1,"gi_zscore":-0.1025,"gi_pvalue":0.102,"significance":"not_sig"}},{"type":"Feature","geometry":{"type":"Point","coordinates":[76.03529,16.47297]},"properties":{"cell_id":216005,"case_count":1,"gi_zscore":-0.1025,"gi_pvalue":0.102,"significance":"not_sig"}},{"type":"Feature","geometry":{"type":"Point","coordinates":[76.30588,16.47297]},"properties":{"cell_id":216028,"case_count":2,"gi_zscore":-0.0995,"gi_pvalue":0.203,"significance":"not_sig"}},{"type":"Feature","geometry":{"type":"Point","coordinates":[76.31765,16.47297]},"properties":{"cell_id":216029,"case_count":1,"gi_zscore":-0.0995,"gi_pvalue":0.305,"significance":"not_sig"}},{"type":"Feature","geometry":{"type":"Point","coordinates":[76.55294,16.47297]},"properties":{"cell_id":216049,"case_count":3,"gi_zscore":-0.101,"gi_pvalue":0.103,"significance":"not_sig"}},{"type":"Feature","geometry":{"type":"Point","coordinates":[74.8,16.48198]},"properties":{"cell_id":216291,"case_count":1,"gi_zscore":-0.101,"gi_pvalue":0.202,"significance":"not_sig"}},{"type":"Feature","geometry":{"type":"Point","coordinates":[74.81176,16.48198]},"properties":{"cell_id":216292,"case_count":1,"gi_zscore":-0.1025,"gi_pvalue":0.102,"significance":"not_sig"}},{"type":"Feature","geometry":{"type":"Point","coordinates":[74.84706,16.48198]},"properties":{"cell_id":216295,"case_count":1,"gi_zscore":-0.1039,"gi_pvalue":0.029,"significance":"cold_95"}},{"type":"Feature","geometry":{"type":"Point","coordinates":[76.30588,16.48198]},"properties":{"cell_id":216419,"case_count":2,"gi_zscore":-0.0995,"gi_pvalue":0.202,"significance":"not_sig"}},{"type":"Feature","geometry":{"type":"Point","coordinates":[76.75294,16.48198]},"properties":{"cell_id":216457,"case_count":1,"gi_zscore":-0.101,"gi_pvalue":0.202,"significance":"not_sig"}},{"type":"Feature","geometry":{"type":"Point","coordinates":[74.47059,16.49099]},"properties":{"cell_id":216654,"case_count":1,"gi_zscore":-0.1054,"gi_pvalue":0.029,"significance":"cold_95"}},{"type":"Feature","geometry":{"type":"Point","coordinates":[74.76471,16.49099]},"properties":{"cell_id":216679,"case_count":2,"gi_zscore":-0.098,"gi_pvalue":0.306,"significance":"not_sig"}},{"type":"Feature","geometry":{"type":"Point","coordinates":[74.77647,16.49099]},"properties":{"cell_id":216680,"case_count":1,"gi_zscore":-0.101,"gi_pvalue":0.203,"significance":"not_sig"}},{"type":"Feature","geometry":{"type":"Point","coordinates":[74.84706,16.49099]},"properties":{"cell_id":216686,"case_count":1,"gi_zscore":-0.1039,"gi_pvalue":0.029,"significance":"cold_95"}},{"type":"Feature","geometry":{"type":"Point","coordinates":[75.88235,16.49099]},"properties":{"cell_id":216774,"case_count":1,"gi_zscore":-0.1039,"gi_pvalue":0.029,"significance":"cold_95"}},{"type":"Feature","geometry":{"type":"Point","coordinates":[74.77647,16.5]},"properties":{"cell_id":217071,"case_count":2,"gi_zscore":-0.101,"gi_pvalue":0.103,"significance":"not_sig"}},{"type":"Feature","geometry":{"type":"Point","coordinates":[76.0,16.5]},"properties":{"cell_id":217175,"case_count":1,"gi_zscore":-0.1025,"gi_pvalue":0.103,"significance":"not_sig"}},{"type":"Feature","geometry":{"type":"Point","coordinates":[76.41176,16.50901]},"properties":{"cell_id":217601,"case_count":2,"gi_zscore":-0.0995,"gi_pvalue":0.204,"significance":"not_sig"}},{"type":"Feature","geometry":{"type":"Point","coordinates":[76.62353,16.50901]},"properties":{"cell_id":217619,"case_count":1,"gi_zscore":-0.101,"gi_pvalue":0.185,"significance":"not_sig"}},{"type":"Feature","geometry":{"type":"Point","coordinates":[74.81176,16.51802]},"properties":{"cell_id":217856,"case_count":2,"gi_zscore":-0.101,"gi_pvalue":0.102,"significance":"not_sig"}},{"type":"Feature","geometry":{"type":"Point","coordinates":[75.69412,16.51802]},"properties":{"cell_id":217931,"case_count":1,"gi_zscore":-0.1025,"gi_pvalue":0.102,"significance":"not_sig"}},{"type":"Feature","geometry":{"type":"Point","coordinates":[76.75294,16.51802]},"properties":{"cell_id":218021,"case_count":2,"gi_zscore":-0.101,"gi_pvalue":0.102,"significance":"not_sig"}},{"type":"Feature","geometry":{"type":"Point","coordinates":[74.36471,16.52703]},"properties":{"cell_id":218209,"case_count":2,"gi_zscore":-0.1039,"gi_pvalue":0.001,"significance":"cold_99"}},{"type":"Feature","geometry":{"type":"Point","coordinates":[74.56471,16.52703]},"properties":{"cell_id":218226,"case_count":1,"gi_zscore":-0.1039,"gi_pvalue":0.029,"significance":"cold_95"}},{"type":"Feature","geometry":{"type":"Point","coordinates":[74.68235,16.52703]},"properties":{"cell_id":218236,"case_count":1,"gi_zscore":-0.0995,"gi_pvalue":0.306,"significance":"not_sig"}},{"type":"Feature","geometry":{"type":"Point","coordinates":[74.71765,16.52703]},"properties":{"cell_id":218239,"case_count":1,"gi_zscore":-0.098,"gi_pvalue":0.347,"significance":"not_sig"}},{"type":"Feature","geometry":{"type":"Point","coordinates":[76.24706,16.52703]},"properties":{"cell_id":218369,"case_count":1,"gi_zscore":-0.101,"gi_pvalue":0.205,"significance":"not_sig"}},{"type":"Feature","geometry":{"type":"Point","coordinates":[76.29412,16.52703]},"properties":{"cell_id":218373,"case_count":1,"gi_zscore":-0.0995,"gi_pvalue":0.306,"significance":"not_sig"}},{"type":"Feature","geometry":{"type":"Point","coordinates":[76.75294,16.52703]},"properties":{"cell_id":218412,"case_count":1,"gi_zscore":-0.101,"gi_pvalue":0.205,"significance":"not_sig"}},{"type":"Feature","geometry":{"type":"Point","coordinates":[76.76471,16.52703]},"properties":{"cell_id":218413,"case_count":2,"gi_zscore":-0.101,"gi_pvalue":0.102,"significance":"not_sig"}},{"type":"Feature","geometry":{"type":"Point","coordinates":[76.77647,16.52703]},"properties":{"cell_id":218414,"case_count":2,"gi_zscore":-0.101,"gi_pvalue":0.102,"significance":"not_sig"}},{"type":"Feature","geometry":{"type":"Point","coordinates":[74.49412,16.53604]},"properties":{"cell_id":218611,"case_count":1,"gi_zscore":-0.1039,"gi_pvalue":0.029,"significance":"cold_95"}},{"type":"Feature","geometry":{"type":"Point","coordinates":[74.61176,16.53604]},"properties":{"cell_id":218621,"case_count":1,"gi_zscore":-0.1054,"gi_pvalue":0.029,"significance":"cold_95"}},{"type":"Feature","geometry":{"type":"Point","coordinates":[74.88235,16.53604]},"properties":{"cell_id":218644,"case_count":1,"gi_zscore":-0.0995,"gi_pvalue":0.306,"significance":"not_sig"}},{"type":"Feature","geometry":{"type":"Point","coordinates":[75.49412,16.53604]},"properties":{"cell_id":218696,"case_count":1,"gi_zscore":-0.1025,"gi_pvalue":0.102,"significance":"not_sig"}},{"type":"Feature","geometry":{"type":"Point","coordinates":[76.78824,16.53604]},"properties":{"cell_id":218806,"case_count":1,"gi_zscore":-0.101,"gi_pvalue":0.204,"significance":"not_sig"}},{"type":"Feature","geometry":{"type":"Point","coordinates":[74.49412,16.54505]},"properties":{"cell_id":219002,"case_count":1,"gi_zscore":-0.1039,"gi_pvalue":0.029,"significance":"cold_95"}},{"type":"Feature","geometry":{"type":"Point","coordinates":[75.90588,16.54505]},"properties":{"cell_id":219122,"case_count":1,"gi_zscore":-0.1025,"gi_pvalue":0.102,"significance":"not_sig"}},{"type":"Feature","geometry":{"type":"Point","coordinates":[76.8,16.54505]},"properties":{"cell_id":219198,"case_count":1,"gi_zscore":-0.101,"gi_pvalue":0.204,"significance":"not_sig"}},{"type":"Feature","geometry":{"type":"Point","coordinates":[74.42353,16.55405]},"properties":{"cell_id":219387,"case_count":1,"gi_zscore":-0.1025,"gi_pvalue":0.102,"significance":"not_sig"}},{"type":"Feature","geometry":{"type":"Point","coordinates":[74.52941,16.55405]},"properties":{"cell_id":219396,"case_count":1,"gi_zscore":-0.1039,"gi_pvalue":0.029,"significance":"cold_95"}},{"type":"Feature","geometry":{"type":"Point","coordinates":[74.70588,16.55405]},"properties":{"cell_id":219411,"case_count":1,"gi_zscore":-0.0995,"gi_pvalue":0.306,"significance":"not_sig"}},{"type":"Feature","geometry":{"type":"Point","coordinates":[74.84706,16.55405]},"properties":{"cell_id":219423,"case_count":1,"gi_zscore":-0.0995,"gi_pvalue":0.306,"significance":"not_sig"}},{"type":"Feature","geometry":{"type":"Point","coordinates":[76.07059,16.55405]},"properties":{"cell_id":219527,"case_count":3,"gi_zscore":-0.0995,"gi_pvalue":0.187,"significance":"not_sig"}},{"type":"Feature","geometry":{"type":"Point","coordinates":[77.28235,16.55405]},"properties":{"cell_id":219630,"case_count":1,"gi_zscore":-0.098,"gi_pvalue":0.384,"significance":"not_sig"}},{"type":"Feature","geometry":{"type":"Point","coordinates":[74.41176,16.56306]},"properties":{"cell_id":219777,"case_count":1,"gi_zscore":-0.1025,"gi_pvalue":0.102,"significance":"not_sig"}},{"type":"Feature","geometry":{"type":"Point","coordinates":[74.81176,16.56306]},"properties":{"cell_id":219811,"case_count":2,"gi_zscore":-0.0936,"gi_pvalue":0.495,"significance":"not_sig"}},{"type":"Feature","geometry":{"type":"Point","coordinates":[76.03529,16.56306]},"properties":{"cell_id":219915,"case_count":1,"gi_zscore":-0.0995,"gi_pvalue":0.307,"significance":"not_sig"}},{"type":"Feature","geometry":{"type":"Point","coordinates":[76.07059,16.56306]},"properties":{"cell_id":219918,"case_count":1,"gi_zscore":-0.098,"gi_pvalue":0.384,"significance":"not_sig"}},{"type":"Feature","geometry":{"type":"Point","coordinates":[76.08235,16.56306]},"properties":{"cell_id":219919,"case_count":1,"gi_zscore":-0.0995,"gi_pvalue":0.307,"significance":"not_sig"}},{"type":"Feature","geometry":{"type":"Point","coordinates":[74.88235,16.57207]},"properties":{"cell_id":220208,"case_count":3,"gi_zscore":-0.0951,"gi_pvalue":0.384,"significance":"not_sig"}},{"type":"Feature","geometry":{"type":"Point","coordinates":[75.76471,16.57207]},"properties":{"cell_id":220283,"case_count":1,"gi_zscore":-0.1025,"gi_pvalue":0.186,"significance":"not_sig"}},{"type":"Feature","geometry":{"type":"Point","coordinates":[75.96471,16.57207]},"properties":{"cell_id":220300,"case_count":1,"gi_zscore":-0.1025,"gi_pvalue":0.104,"significance":"not_sig"}},{"type":"Feature","geometry":{"type":"Point","coordinates":[75.97647,16.57207]},"properties":{"cell_id":220301,"case_count":2,"gi_zscore":-0.1025,"gi_pvalue":0.03,"significance":"cold_95"}},{"type":"Feature","geometry":{"type":"Point","coordinates":[75.98824,16.57207]},"properties":{"cell_id":220302,"case_count":2,"gi_zscore":-0.0995,"gi_pvalue":0.203,"significance":"not_sig"}},{"type":"Feature","geometry":{"type":"Point","coordinates":[76.56471,16.57207]},"properties":{"cell_id":220351,"case_count":1,"gi_zscore":-0.1025,"gi_pvalue":0.186,"significance":"not_sig"}},{"type":"Feature","geometry":{"type":"Point","coordinates":[76.71765,16.57207]},"properties":{"cell_id":220364,"case_count":1,"gi_zscore":-0.101,"gi_pvalue":0.203,"significance":"not_sig"}},{"type":"Feature","geometry":{"type":"Point","coordinates":[75.71765,16.59009]},"properties":{"cell_id":221061,"case_count":1,"gi_zscore":-0.1025,"gi_pvalue":0.186,"significance":"not_sig"}},{"type":"Feature","geometry":{"type":"Point","coordinates":[75.74118,16.59009]},"properties":{"cell_id":221063,"case_count":1,"gi_zscore":-0.1054,"gi_pvalue":0.03,"significance":"cold_95"}},{"type":"Feature","geometry":{"type":"Point","coordinates":[77.10588,16.59009]},"properties":{"cell_id":221179,"case_count":1,"gi_zscore":-0.1039,"gi_pvalue":0.03,"significance":"cold_95"}},{"type":"Feature","geometry":{"type":"Point","coordinates":[74.50588,16.5991]},"properties":{"cell_id":221349,"case_count":2,"gi_zscore":-0.1039,"gi_pvalue":0.001,"significance":"cold_99"}},{"type":"Feature","geometry":{"type":"Point","coordinates":[75.63529,16.5991]},"properties":{"cell_id":221445,"case_count":1,"gi_zscore":-0.1039,"gi_pvalue":0.029,"significance":"cold_95"}},{"type":"Feature","geometry":{"type":"Point","coordinates":[75.64706,16.5991]},"properties":{"cell_id":221446,"case_count":1,"gi_zscore":-0.1039,"gi_pvalue":0.029,"significance":"cold_95"}},{"type":"Feature","geometry":{"type":"Point","coordinates":[76.10588,16.5991]},"properties":{"cell_id":221485,"case_count":2,"gi_zscore":-0.098,"gi_pvalue":0.307,"significance":"not_sig"}},{"type":"Feature","geometry":{"type":"Point","coordinates":[76.4,16.5991]},"properties":{"cell_id":221510,"case_count":1,"gi_zscore":-0.1025,"gi_pvalue":0.105,"significance":"not_sig"}},{"type":"Feature","geometry":{"type":"Point","coordinates":[76.88235,16.5991]},"properties":{"cell_id":221551,"case_count":1,"gi_zscore":-0.1025,"gi_pvalue":0.186,"significance":"not_sig"}},{"type":"Feature","geometry":{"type":"Point","coordinates":[74.87059,16.60811]},"properties":{"cell_id":221771,"case_count":1,"gi_zscore":-0.0951,"gi_pvalue":0.45,"significance":"not_sig"}},{"type":"Feature","geometry":{"type":"Point","coordinates":[76.36471,16.60811]},"properties":{"cell_id":221898,"case_count":2,"gi_zscore":-0.101,"gi_pvalue":0.105,"significance":"not_sig"}},{"type":"Feature","geometry":{"type":"Point","coordinates":[76.88235,16.60811]},"properties":{"cell_id":221942,"case_count":1,"gi_zscore":-0.101,"gi_pvalue":0.204,"significance":"not_sig"}},{"type":"Feature","geometry":{"type":"Point","coordinates":[74.85882,16.61712]},"properties":{"cell_id":222161,"case_count":1,"gi_zscore":-0.0951,"gi_pvalue":0.451,"significance":"not_sig"}},{"type":"Feature","geometry":{"type":"Point","coordinates":[75.85882,16.61712]},"properties":{"cell_id":222246,"case_count":1,"gi_zscore":-0.1039,"gi_pvalue":0.105,"significance":"not_sig"}},{"type":"Feature","geometry":{"type":"Point","coordinates":[76.04706,16.61712]},"properties":{"cell_id":222262,"case_count":1,"gi_zscore":-0.098,"gi_pvalue":0.385,"significance":"not_sig"}},{"type":"Feature","geometry":{"type":"Point","coordinates":[76.35294,16.61712]},"properties":{"cell_id":222288,"case_count":1,"gi_zscore":-0.1025,"gi_pvalue":0.105,"significance":"not_sig"}},{"type":"Feature","geometry":{"type":"Point","coordinates":[74.85882,16.62613]},"properties":{"cell_id":222552,"case_count":4,"gi_zscore":-0.0951,"gi_pvalue":0.26,"significance":"not_sig"}},{"type":"Feature","geometry":{"type":"Point","coordinates":[74.82353,16.64414]},"properties":{"cell_id":223331,"case_count":2,"gi_zscore":-0.0951,"gi_pvalue":0.451,"significance":"not_sig"}},{"type":"Feature","geometry":{"type":"Point","coordinates":[76.23529,16.64414]},"properties":{"cell_id":223451,"case_count":1,"gi_zscore":-0.1025,"gi_pvalue":0.102,"significance":"not_sig"}},{"type":"Feature","geometry":{"type":"Point","coordinates":[76.52941,16.64414]},"properties":{"cell_id":223476,"case_count":1,"gi_zscore":-0.1039,"gi_pvalue":0.029,"significance":"cold_95"}},{"type":"Feature","geometry":{"type":"Point","coordinates":[75.57647,16.65315]},"properties":{"cell_id":223786,"case_count":1,"gi_zscore":-0.1039,"gi_pvalue":0.029,"significance":"cold_95"}},{"type":"Feature","geometry":{"type":"Point","coordinates":[75.81176,16.65315]},"properties":{"cell_id":223806,"case_count":1,"gi_zscore":-0.1054,"gi_pvalue":0.029,"significance":"cold_95"}},{"type":"Feature","geometry":{"type":"Point","coordinates":[74.89412,16.66216]},"properties":{"cell_id":224119,"case_count":1,"gi_zscore":-0.0966,"gi_pvalue":0.451,"significance":"not_sig"}},{"type":"Feature","geometry":{"type":"Point","coordinates":[75.96471,16.66216]},"properties":{"cell_id":224210,"case_count":1,"gi_zscore":-0.1025,"gi_pvalue":0.102,"significance":"not_sig"}},{"type":"Feature","geometry":{"type":"Point","coordinates":[76.04706,16.66216]},"properties":{"cell_id":224217,"case_count":1,"gi_zscore":-0.0995,"gi_pvalue":0.306,"significance":"not_sig"}},{"type":"Feature","geometry":{"type":"Point","coordinates":[75.57647,16.67117]},"properties":{"cell_id":224568,"case_count":2,"gi_zscore":-0.1039,"gi_pvalue":0.001,"significance":"cold_99"}},{"type":"Feature","geometry":{"type":"Point","coordinates":[74.83529,16.68018]},"properties":{"cell_id":224896,"case_count":1,"gi_zscore":-0.0995,"gi_pvalue":0.306,"significance":"not_sig"}},{"type":"Feature","geometry":{"type":"Point","coordinates":[75.72941,16.68018]},"properties":{"cell_id":224972,"case_count":1,"gi_zscore":-0.1054,"gi_pvalue":0.03,"significance":"cold_95"}},{"type":"Feature","geometry":{"type":"Point","coordinates":[76.28235,16.68018]},"properties":{"cell_id":225019,"case_count":1,"gi_zscore":-0.1039,"gi_pvalue":0.101,"significance":"not_sig"}},{"type":"Feature","geometry":{"type":"Point","coordinates":[77.36471,16.68018]},"properties":{"cell_id":225111,"case_count":1,"gi_zscore":-0.1054,"gi_pvalue":0.03,"significance":"cold_95"}},{"type":"Feature","geometry":{"type":"Point","coordinates":[76.84706,16.68919]},"properties":{"cell_id":225458,"case_count":1,"gi_zscore":-0.1025,"gi_pvalue":0.101,"significance":"not_sig"}},{"type":"Feature","geometry":{"type":"Point","coordinates":[77.25882,16.68919]},"properties":{"cell_id":225493,"case_count":1,"gi_zscore":-0.1039,"gi_pvalue":0.03,"significance":"cold_95"}},{"type":"Feature","geometry":{"type":"Point","coordinates":[76.36471,16.6982]},"properties":{"cell_id":225808,"case_count":1,"gi_zscore":-0.1025,"gi_pvalue":0.101,"significance":"not_sig"}},{"type":"Feature","geometry":{"type":"Point","coordinates":[76.84706,16.6982]},"properties":{"cell_id":225849,"case_count":1,"gi_zscore":-0.1025,"gi_pvalue":0.101,"significance":"not_sig"}},{"type":"Feature","geometry":{"type":"Point","coordinates":[74.89412,16.70721]},"properties":{"cell_id":226074,"case_count":1,"gi_zscore":-0.0995,"gi_pvalue":0.306,"significance":"not_sig"}},{"type":"Feature","geometry":{"type":"Point","coordinates":[74.91765,16.71622]},"properties":{"cell_id":226467,"case_count":1,"gi_zscore":-0.101,"gi_pvalue":0.203,"significance":"not_sig"}},{"type":"Feature","geometry":{"type":"Point","coordinates":[75.63529,16.71622]},"properties":{"cell_id":226528,"case_count":1,"gi_zscore":-0.1039,"gi_pvalue":0.101,"significance":"not_sig"}},{"type":"Feature","geometry":{"type":"Point","coordinates":[74.82353,16.72523]},"properties":{"cell_id":226850,"case_count":1,"gi_zscore":-0.0995,"gi_pvalue":0.306,"significance":"not_sig"}},{"type":"Feature","geometry":{"type":"Point","coordinates":[75.76471,16.72523]},"properties":{"cell_id":226930,"case_count":1,"gi_zscore":-0.1039,"gi_pvalue":0.03,"significance":"cold_95"}},{"type":"Feature","geometry":{"type":"Point","coordinates":[75.84706,16.72523]},"properties":{"cell_id":226937,"case_count":1,"gi_zscore":-0.1054,"gi_pvalue":0.03,"significance":"cold_95"}},{"type":"Feature","geometry":{"type":"Point","coordinates":[76.58824,16.72523]},"properties":{"cell_id":227000,"case_count":1,"gi_zscore":-0.1039,"gi_pvalue":0.03,"significance":"cold_95"}},{"type":"Feature","geometry":{"type":"Point","coordinates":[76.8,16.72523]},"properties":{"cell_id":227018,"case_count":2,"gi_zscore":-0.1025,"gi_pvalue":0.031,"significance":"cold_95"}},{"type":"Feature","geometry":{"type":"Point","coordinates":[77.07059,16.72523]},"properties":{"cell_id":227041,"case_count":1,"gi_zscore":-0.1039,"gi_pvalue":0.101,"significance":"not_sig"}},{"type":"Feature","geometry":{"type":"Point","coordinates":[76.54118,16.73423]},"properties":{"cell_id":227387,"case_count":1,"gi_zscore":-0.1039,"gi_pvalue":0.031,"significance":"cold_95"}},{"type":"Feature","geometry":{"type":"Point","coordinates":[76.55294,16.73423]},"properties":{"cell_id":227388,"case_count":1,"gi_zscore":-0.1039,"gi_pvalue":0.031,"significance":"cold_95"}},{"type":"Feature","geometry":{"type":"Point","coordinates":[76.6,16.73423]},"properties":{"cell_id":227392,"case_count":1,"gi_zscore":-0.1025,"gi_pvalue":0.101,"significance":"not_sig"}},{"type":"Feature","geometry":{"type":"Point","coordinates":[74.81176,16.74324]},"properties":{"cell_id":227631,"case_count":1,"gi_zscore":-0.0995,"gi_pvalue":0.305,"significance":"not_sig"}},{"type":"Feature","geometry":{"type":"Point","coordinates":[75.83529,16.74324]},"properties":{"cell_id":227718,"case_count":1,"gi_zscore":-0.1054,"gi_pvalue":0.031,"significance":"cold_95"}},{"type":"Feature","geometry":{"type":"Point","coordinates":[76.43529,16.74324]},"properties":{"cell_id":227769,"case_count":2,"gi_zscore":-0.1039,"gi_pvalue":0.001,"significance":"cold_99"}},{"type":"Feature","geometry":{"type":"Point","coordinates":[75.28235,16.75225]},"properties":{"cell_id":228062,"case_count":1,"gi_zscore":-0.1025,"gi_pvalue":0.184,"significance":"not_sig"}},{"type":"Feature","geometry":{"type":"Point","coordinates":[75.72941,16.75225]},"properties":{"cell_id":228100,"case_count":1,"gi_zscore":-0.0951,"gi_pvalue":0.451,"significance":"not_sig"}},{"type":"Feature","geometry":{"type":"Point","coordinates":[77.12941,16.75225]},"properties":{"cell_id":228219,"case_count":1,"gi_zscore":-0.1039,"gi_pvalue":0.101,"significance":"not_sig"}},{"type":"Feature","geometry":{"type":"Point","coordinates":[77.14118,16.75225]},"properties":{"cell_id":228220,"case_count":2,"gi_zscore":-0.1039,"gi_pvalue":0.031,"significance":"cold_95"}},{"type":"Feature","geometry":{"type":"Point","coordinates":[75.67059,16.76126]},"properties":{"cell_id":228486,"case_count":1,"gi_zscore":-0.1025,"gi_pvalue":0.101,"significance":"not_sig"}},{"type":"Feature","geometry":{"type":"Point","coordinates":[75.71765,16.76126]},"properties":{"cell_id":228490,"case_count":1,"gi_zscore":-0.0951,"gi_pvalue":0.451,"significance":"not_sig"}},{"type":"Feature","geometry":{"type":"Point","coordinates":[75.72941,16.76126]},"properties":{"cell_id":228491,"case_count":1,"gi_zscore":-0.0951,"gi_pvalue":0.451,"significance":"not_sig"}},{"type":"Feature","geometry":{"type":"Point","coordinates":[77.12941,16.76126]},"properties":{"cell_id":228610,"case_count":1,"gi_zscore":-0.1039,"gi_pvalue":0.101,"significance":"not_sig"}},{"type":"Feature","geometry":{"type":"Point","coordinates":[77.23529,16.77027]},"properties":{"cell_id":229010,"case_count":1,"gi_zscore":-0.1039,"gi_pvalue":0.101,"significance":"not_sig"}},{"type":"Feature","geometry":{"type":"Point","coordinates":[75.71765,16.78829]},"properties":{"cell_id":229663,"case_count":1,"gi_zscore":-0.0936,"gi_pvalue":0.496,"significance":"not_sig"}},{"type":"Feature","geometry":{"type":"Point","coordinates":[75.72941,16.7973]},"properties":{"cell_id":230055,"case_count":2,"gi_zscore":-0.0922,"gi_pvalue":0.496,"significance":"not_sig"}},{"type":"Feature","geometry":{"type":"Point","coordinates":[75.74118,16.7973]},"properties":{"cell_id":230056,"case_count":1,"gi_zscore":-0.0922,"gi_pvalue":0.447,"significance":"not_sig"}},{"type":"Feature","geometry":{"type":"Point","coordinates":[77.10588,16.7973]},"properties":{"cell_id":230172,"case_count":1,"gi_zscore":-0.1039,"gi_pvalue":0.101,"significance":"not_sig"}},{"type":"Feature","geometry":{"type":"Point","coordinates":[75.42353,16.80631]},"properties":{"cell_id":230420,"case_count":1,"gi_zscore":-0.1025,"gi_pvalue":0.184,"significance":"not_sig"}},{"type":"Feature","geometry":{"type":"Point","coordinates":[75.71765,16.80631]},"properties":{"cell_id":230445,"case_count":2,"gi_zscore":-0.0774,"gi_pvalue":0.215,"significance":"not_sig"}},{"type":"Feature","geometry":{"type":"Point","coordinates":[75.72941,16.80631]},"properties":{"cell_id":230446,"case_count":6,"gi_zscore":-0.0922,"gi_pvalue":0.329,"significance":"not_sig"}},{"type":"Feature","geometry":{"type":"Point","coordinates":[75.68235,16.81532]},"properties":{"cell_id":230833,"case_count":1,"gi_zscore":-0.0833,"gi_pvalue":0.249,"significance":"not_sig"}},{"type":"Feature","geometry":{"type":"Point","coordinates":[75.69412,16.81532]},"properties":{"cell_id":230834,"case_count":1,"gi_zscore":-0.0848,"gi_pvalue":0.282,"significance":"not_sig"}},{"type":"Feature","geometry":{"type":"Point","coordinates":[75.71765,16.81532]},"properties":{"cell_id":230836,"case_count":1,"gi_zscore":-0.0465,"gi_pvalue":0.114,"significance":"not_sig"}},{"type":"Feature","geometry":{"type":"Point","coordinates":[75.72941,16.81532]},"properties":{"cell_id":230837,"case_count":2,"gi_zscore":-0.0789,"gi_pvalue":0.222,"significance":"not_sig"}},{"type":"Feature","geometry":{"type":"Point","coordinates":[75.74118,16.81532]},"properties":{"cell_id":230838,"case_count":1,"gi_zscore":-0.0922,"gi_pvalue":0.397,"significance":"not_sig"}},{"type":"Feature","geometry":{"type":"Point","coordinates":[76.07059,16.81532]},"properties":{"cell_id":230866,"case_count":3,"gi_zscore":-0.1025,"gi_pvalue":0.03,"significance":"cold_95"}},{"type":"Feature","geometry":{"type":"Point","coordinates":[76.34118,16.81532]},"properties":{"cell_id":230889,"case_count":1,"gi_zscore":-0.098,"gi_pvalue":0.349,"significance":"not_sig"}},{"type":"Feature","geometry":{"type":"Point","coordinates":[77.01176,16.81532]},"properties":{"cell_id":230946,"case_count":1,"gi_zscore":-0.1039,"gi_pvalue":0.102,"significance":"not_sig"}},{"type":"Feature","geometry":{"type":"Point","coordinates":[75.68235,16.82432]},"properties":{"cell_id":231224,"case_count":3,"gi_zscore":-0.0833,"gi_pvalue":0.293,"significance":"not_sig"}},{"type":"Feature","geometry":{"type":"Point","coordinates":[75.69412,16.82432]},"properties":{"cell_id":231225,"case_count":2,"gi_zscore":-0.0701,"gi_pvalue":0.173,"significance":"not_sig"}},{"type":"Feature","geometry":{"type":"Point","coordinates":[75.70588,16.82432]},"properties":{"cell_id":231226,"case_count":2,"gi_zscore":-0.0524,"gi_pvalue":0.123,"significance":"not_sig"}},{"type":"Feature","geometry":{"type":"Point","coordinates":[75.71765,16.82432]},"properties":{"cell_id":231227,"case_count":10,"gi_zscore":-0.0539,"gi_pvalue":0.152,"significance":"not_sig"}},{"type":"Feature","geometry":{"type":"Point","coordinates":[75.72941,16.82432]},"properties":{"cell_id":231228,"case_count":2,"gi_zscore":-0.0671,"gi_pvalue":0.155,"significance":"not_sig"}},{"type":"Feature","geometry":{"type":"Point","coordinates":[75.74118,16.82432]},"properties":{"cell_id":231229,"case_count":1,"gi_zscore":-0.0907,"gi_pvalue":0.368,"significance":"not_sig"}},{"type":"Feature","geometry":{"type":"Point","coordinates":[75.75294,16.82432]},"properties":{"cell_id":231230,"case_count":2,"gi_zscore":-0.0995,"gi_pvalue":0.184,"significance":"not_sig"}},{"type":"Feature","geometry":{"type":"Point","coordinates":[75.76471,16.82432]},"properties":{"cell_id":231231,"case_count":1,"gi_zscore":-0.0995,"gi_pvalue":0.256,"significance":"not_sig"}},{"type":"Feature","geometry":{"type":"Point","coordinates":[75.84706,16.82432]},"properties":{"cell_id":231238,"case_count":1,"gi_zscore":-0.1039,"gi_pvalue":0.103,"significance":"not_sig"}},{"type":"Feature","geometry":{"type":"Point","coordinates":[75.89412,16.82432]},"properties":{"cell_id":231242,"case_count":1,"gi_zscore":-0.1039,"gi_pvalue":0.103,"significance":"not_sig"}},{"type":"Feature","geometry":{"type":"Point","coordinates":[76.14118,16.82432]},"properties":{"cell_id":231263,"case_count":1,"gi_zscore":-0.0966,"gi_pvalue":0.451,"significance":"not_sig"}},{"type":"Feature","geometry":{"type":"Point","coordinates":[75.68235,16.83333]},"properties":{"cell_id":231615,"case_count":2,"gi_zscore":-0.0833,"gi_pvalue":0.282,"significance":"not_sig"}},{"type":"Feature","geometry":{"type":"Point","coordinates":[75.70588,16.83333]},"properties":{"cell_id":231617,"case_count":9,"gi_zscore":-0.048,"gi_pvalue":0.138,"significance":"not_sig"}},{"type":"Feature","geometry":{"type":"Point","coordinates":[75.71765,16.83333]},"properties":{"cell_id":231618,"case_count":15,"gi_zscore":-0.0509,"gi_pvalue":0.176,"significance":"not_sig"}},{"type":"Feature","geometry":{"type":"Point","coordinates":[75.72941,16.83333]},"properties":{"cell_id":231619,"case_count":2,"gi_zscore":-0.0657,"gi_pvalue":0.152,"significance":"not_sig"}},{"type":"Feature","geometry":{"type":"Point","coordinates":[75.74118,16.83333]},"properties":{"cell_id":231620,"case_count":1,"gi_zscore":-0.0774,"gi_pvalue":0.212,"significance":"not_sig"}},{"type":"Feature","geometry":{"type":"Point","coordinates":[75.51765,16.84234]},"properties":{"cell_id":231992,"case_count":3,"gi_zscore":-0.101,"gi_pvalue":0.104,"significance":"not_sig"}},{"type":"Feature","geometry":{"type":"Point","coordinates":[75.70588,16.84234]},"properties":{"cell_id":232008,"case_count":3,"gi_zscore":-0.048,"gi_pvalue":0.121,"significance":"not_sig"}},{"type":"Feature","geometry":{"type":"Point","coordinates":[75.71765,16.84234]},"properties":{"cell_id":232009,"case_count":1,"gi_zscore":-0.048,"gi_pvalue":0.118,"significance":"not_sig"}},{"type":"Feature","geometry":{"type":"Point","coordinates":[75.72941,16.84234]},"properties":{"cell_id":232010,"case_count":2,"gi_zscore":-0.0804,"gi_pvalue":0.243,"significance":"not_sig"}},{"type":"Feature","geometry":{"type":"Point","coordinates":[75.69412,16.85135]},"properties":{"cell_id":232398,"case_count":1,"gi_zscore":-0.0804,"gi_pvalue":0.235,"significance":"not_sig"}},{"type":"Feature","geometry":{"type":"Point","coordinates":[75.70588,16.85135]},"properties":{"cell_id":232399,"case_count":5,"gi_zscore":-0.0627,"gi_pvalue":0.157,"significance":"not_sig"}},{"type":"Feature","geometry":{"type":"Point","coordinates":[76.52941,16.85135]},"properties":{"cell_id":232469,"case_count":1,"gi_zscore":-0.1025,"gi_pvalue":0.102,"significance":"not_sig"}},{"type":"Feature","geometry":{"type":"Point","coordinates":[77.08235,16.85135]},"properties":{"cell_id":232516,"case_count":1,"gi_zscore":-0.1039,"gi_pvalue":0.102,"significance":"not_sig"}},{"type":"Feature","geometry":{"type":"Point","coordinates":[75.71765,16.86036]},"properties":{"cell_id":232791,"case_count":1,"gi_zscore":-0.0745,"gi_pvalue":0.182,"significance":"not_sig"}},{"type":"Feature","geometry":{"type":"Point","coordinates":[75.72941,16.86036]},"properties":{"cell_id":232792,"case_count":1,"gi_zscore":-0.076,"gi_pvalue":0.195,"significance":"not_sig"}},{"type":"Feature","geometry":{"type":"Point","coordinates":[77.38824,16.86036]},"properties":{"cell_id":232933,"case_count":1,"gi_zscore":-0.1039,"gi_pvalue":0.03,"significance":"cold_95"}},{"type":"Feature","geometry":{"type":"Point","coordinates":[75.71765,16.86937]},"properties":{"cell_id":233182,"case_count":1,"gi_zscore":-0.0745,"gi_pvalue":0.182,"significance":"not_sig"}},{"type":"Feature","geometry":{"type":"Point","coordinates":[76.05882,16.86937]},"properties":{"cell_id":233211,"case_count":1,"gi_zscore":-0.1025,"gi_pvalue":0.181,"significance":"not_sig"}},{"type":"Feature","geometry":{"type":"Point","coordinates":[77.38824,16.86937]},"properties":{"cell_id":233324,"case_count":1,"gi_zscore":-0.1039,"gi_pvalue":0.03,"significance":"cold_95"}},{"type":"Feature","geometry":{"type":"Point","coordinates":[75.90588,16.87838]},"properties":{"cell_id":233589,"case_count":1,"gi_zscore":-0.1054,"gi_pvalue":0.03,"significance":"cold_95"}},{"type":"Feature","geometry":{"type":"Point","coordinates":[77.34118,16.87838]},"properties":{"cell_id":233711,"case_count":1,"gi_zscore":-0.1039,"gi_pvalue":0.03,"significance":"cold_95"}},{"type":"Feature","geometry":{"type":"Point","coordinates":[77.38824,16.87838]},"properties":{"cell_id":233715,"case_count":1,"gi_zscore":-0.1039,"gi_pvalue":0.03,"significance":"cold_95"}},{"type":"Feature","geometry":{"type":"Point","coordinates":[75.48235,16.88739]},"properties":{"cell_id":233944,"case_count":1,"gi_zscore":-0.1025,"gi_pvalue":0.181,"significance":"not_sig"}},{"type":"Feature","geometry":{"type":"Point","coordinates":[75.55294,16.88739]},"properties":{"cell_id":233950,"case_count":1,"gi_zscore":-0.101,"gi_pvalue":0.253,"significance":"not_sig"}},{"type":"Feature","geometry":{"type":"Point","coordinates":[75.51765,16.8964]},"properties":{"cell_id":234338,"case_count":1,"gi_zscore":-0.1025,"gi_pvalue":0.181,"significance":"not_sig"}},{"type":"Feature","geometry":{"type":"Point","coordinates":[76.22353,16.8964]},"properties":{"cell_id":234398,"case_count":1,"gi_zscore":-0.0995,"gi_pvalue":0.301,"significance":"not_sig"}},{"type":"Feature","geometry":{"type":"Point","coordinates":[77.28235,16.8964]},"properties":{"cell_id":234488,"case_count":1,"gi_zscore":-0.1025,"gi_pvalue":0.102,"significance":"not_sig"}},{"type":"Feature","geometry":{"type":"Point","coordinates":[76.23529,16.90541]},"properties":{"cell_id":234790,"case_count":1,"gi_zscore":-0.0995,"gi_pvalue":0.301,"significance":"not_sig"}},{"type":"Feature","geometry":{"type":"Point","coordinates":[77.07059,16.90541]},"properties":{"cell_id":234861,"case_count":1,"gi_zscore":-0.0995,"gi_pvalue":0.301,"significance":"not_sig"}},{"type":"Feature","geometry":{"type":"Point","coordinates":[75.43529,16.91441]},"properties":{"cell_id":235113,"case_count":1,"gi_zscore":-0.1025,"gi_pvalue":0.181,"significance":"not_sig"}},{"type":"Feature","geometry":{"type":"Point","coordinates":[75.44706,16.91441]},"properties":{"cell_id":235114,"case_count":1,"gi_zscore":-0.1025,"gi_pvalue":0.181,"significance":"not_sig"}},{"type":"Feature","geometry":{"type":"Point","coordinates":[76.23529,16.91441]},"properties":{"cell_id":235181,"case_count":2,"gi_zscore":-0.0995,"gi_pvalue":0.198,"significance":"not_sig"}},{"type":"Feature","geometry":{"type":"Point","coordinates":[75.84706,16.92342]},"properties":{"cell_id":235539,"case_count":1,"gi_zscore":-0.1054,"gi_pvalue":0.03,"significance":"cold_95"}},{"type":"Feature","geometry":{"type":"Point","coordinates":[76.23529,16.92342]},"properties":{"cell_id":235572,"case_count":4,"gi_zscore":-0.0995,"gi_pvalue":0.103,"significance":"not_sig"}},{"type":"Feature","geometry":{"type":"Point","coordinates":[75.37647,16.93243]},"properties":{"cell_id":235890,"case_count":1,"gi_zscore":-0.1025,"gi_pvalue":0.182,"significance":"not_sig"}},{"type":"Feature","geometry":{"type":"Point","coordinates":[75.65882,16.93243]},"properties":{"cell_id":235914,"case_count":1,"gi_zscore":-0.0951,"gi_pvalue":0.494,"significance":"not_sig"}},{"type":"Feature","geometry":{"type":"Point","coordinates":[75.84706,16.93243]},"properties":{"cell_id":235930,"case_count":1,"gi_zscore":-0.1054,"gi_pvalue":0.03,"significance":"cold_95"}},{"type":"Feature","geometry":{"type":"Point","coordinates":[75.52941,16.94144]},"properties":{"cell_id":236294,"case_count":1,"gi_zscore":-0.1025,"gi_pvalue":0.182,"significance":"not_sig"}},{"type":"Feature","geometry":{"type":"Point","coordinates":[75.98824,16.94144]},"properties":{"cell_id":236333,"case_count":1,"gi_zscore":-0.1054,"gi_pvalue":0.03,"significance":"cold_95"}},{"type":"Feature","geometry":{"type":"Point","coordinates":[76.07059,16.94144]},"properties":{"cell_id":236340,"case_count":1,"gi_zscore":-0.1025,"gi_pvalue":0.182,"significance":"not_sig"}},{"type":"Feature","geometry":{"type":"Point","coordinates":[76.02353,16.95946]},"properties":{"cell_id":237118,"case_count":1,"gi_zscore":-0.1054,"gi_pvalue":0.03,"significance":"cold_95"}},{"type":"Feature","geometry":{"type":"Point","coordinates":[76.2,16.96847]},"properties":{"cell_id":237524,"case_count":1,"gi_zscore":-0.0951,"gi_pvalue":0.489,"significance":"not_sig"}},{"type":"Feature","geometry":{"type":"Point","coordinates":[75.87059,16.98649]},"properties":{"cell_id":238278,"case_count":1,"gi_zscore":-0.1039,"gi_pvalue":0.03,"significance":"cold_95"}},{"type":"Feature","geometry":{"type":"Point","coordinates":[75.98824,16.9955]},"properties":{"cell_id":238679,"case_count":1,"gi_zscore":-0.1039,"gi_pvalue":0.03,"significance":"cold_95"}},{"type":"Feature","geometry":{"type":"Point","coordinates":[76.29412,16.9955]},"properties":{"cell_id":238705,"case_count":1,"gi_zscore":-0.0995,"gi_pvalue":0.301,"significance":"not_sig"}},{"type":"Feature","geometry":{"type":"Point","coordinates":[76.0,17.0045]},"properties":{"cell_id":239071,"case_count":1,"gi_zscore":-0.1039,"gi_pvalue":0.03,"significance":"cold_95"}},{"type":"Feature","geometry":{"type":"Point","coordinates":[76.41176,17.0045]},"properties":{"cell_id":239106,"case_count":1,"gi_zscore":-0.1039,"gi_pvalue":0.03,"significance":"cold_95"}},{"type":"Feature","geometry":{"type":"Point","coordinates":[76.77647,17.0045]},"properties":{"cell_id":239137,"case_count":1,"gi_zscore":-0.1054,"gi_pvalue":0.03,"significance":"cold_95"}},{"type":"Feature","geometry":{"type":"Point","coordinates":[75.8,17.02252]},"properties":{"cell_id":239836,"case_count":1,"gi_zscore":-0.1025,"gi_pvalue":0.103,"significance":"not_sig"}},{"type":"Feature","geometry":{"type":"Point","coordinates":[76.14118,17.02252]},"properties":{"cell_id":239865,"case_count":1,"gi_zscore":-0.0966,"gi_pvalue":0.45,"significance":"not_sig"}},{"type":"Feature","geometry":{"type":"Point","coordinates":[76.31765,17.02252]},"properties":{"cell_id":239880,"case_count":1,"gi_zscore":-0.0951,"gi_pvalue":0.489,"significance":"not_sig"}},{"type":"Feature","geometry":{"type":"Point","coordinates":[76.22353,17.03153]},"properties":{"cell_id":240263,"case_count":1,"gi_zscore":-0.0951,"gi_pvalue":0.489,"significance":"not_sig"}},{"type":"Feature","geometry":{"type":"Point","coordinates":[76.49412,17.03153]},"properties":{"cell_id":240286,"case_count":2,"gi_zscore":-0.1025,"gi_pvalue":0.03,"significance":"cold_95"}},{"type":"Feature","geometry":{"type":"Point","coordinates":[76.98824,17.04955]},"properties":{"cell_id":241110,"case_count":3,"gi_zscore":-0.101,"gi_pvalue":0.103,"significance":"not_sig"}},{"type":"Feature","geometry":{"type":"Point","coordinates":[75.85882,17.05856]},"properties":{"cell_id":241405,"case_count":1,"gi_zscore":-0.101,"gi_pvalue":0.182,"significance":"not_sig"}},{"type":"Feature","geometry":{"type":"Point","coordinates":[76.49412,17.05856]},"properties":{"cell_id":241459,"case_count":1,"gi_zscore":-0.1025,"gi_pvalue":0.102,"significance":"not_sig"}},{"type":"Feature","geometry":{"type":"Point","coordinates":[76.98824,17.05856]},"properties":{"cell_id":241501,"case_count":2,"gi_zscore":-0.101,"gi_pvalue":0.102,"significance":"not_sig"}},{"type":"Feature","geometry":{"type":"Point","coordinates":[77.4,17.05856]},"properties":{"cell_id":241536,"case_count":2,"gi_zscore":-0.1039,"gi_pvalue":0.001,"significance":"cold_99"}},{"type":"Feature","geometry":{"type":"Point","coordinates":[75.92941,17.07658]},"properties":{"cell_id":242193,"case_count":2,"gi_zscore":-0.0966,"gi_pvalue":0.325,"significance":"not_sig"}},{"type":"Feature","geometry":{"type":"Point","coordinates":[76.10588,17.07658]},"properties":{"cell_id":242208,"case_count":1,"gi_zscore":-0.101,"gi_pvalue":0.199,"significance":"not_sig"}},{"type":"Feature","geometry":{"type":"Point","coordinates":[76.61176,17.08559]},"properties":{"cell_id":242642,"case_count":1,"gi_zscore":-0.1025,"gi_pvalue":0.101,"significance":"not_sig"}},{"type":"Feature","geometry":{"type":"Point","coordinates":[76.76471,17.08559]},"properties":{"cell_id":242655,"case_count":1,"gi_zscore":-0.1054,"gi_pvalue":0.03,"significance":"cold_95"}},{"type":"Feature","geometry":{"type":"Point","coordinates":[76.22353,17.09459]},"properties":{"cell_id":243000,"case_count":4,"gi_zscore":-0.101,"gi_pvalue":0.03,"significance":"cold_95"}},{"type":"Feature","geometry":{"type":"Point","coordinates":[75.69412,17.11261]},"properties":{"cell_id":243737,"case_count":1,"gi_zscore":-0.1025,"gi_pvalue":0.1,"significance":"cold_90"}},{"type":"Feature","geometry":{"type":"Point","coordinates":[75.74118,17.11261]},"properties":{"cell_id":243741,"case_count":1,"gi_zscore":-0.1025,"gi_pvalue":0.1,"significance":"cold_90"}},{"type":"Feature","geometry":{"type":"Point","coordinates":[75.78824,17.11261]},"properties":{"cell_id":243745,"case_count":3,"gi_zscore":-0.1025,"gi_pvalue":0.03,"significance":"cold_95"}},{"type":"Feature","geometry":{"type":"Point","coordinates":[75.67059,17.12162]},"properties":{"cell_id":244126,"case_count":1,"gi_zscore":-0.0995,"gi_pvalue":0.251,"significance":"not_sig"}},{"type":"Feature","geometry":{"type":"Point","coordinates":[75.8,17.12162]},"properties":{"cell_id":244137,"case_count":1,"gi_zscore":-0.1025,"gi_pvalue":0.1,"significance":"cold_90"}},{"type":"Feature","geometry":{"type":"Point","coordinates":[76.10588,17.12162]},"properties":{"cell_id":244163,"case_count":1,"gi_zscore":-0.101,"gi_pvalue":0.196,"significance":"not_sig"}},{"type":"Feature","geometry":{"type":"Point","coordinates":[76.63529,17.12162]},"properties":{"cell_id":244208,"case_count":1,"gi_zscore":-0.1039,"gi_pvalue":0.03,"significance":"cold_95"}},{"type":"Feature","geometry":{"type":"Point","coordinates":[76.94118,17.12162]},"properties":{"cell_id":244234,"case_count":1,"gi_zscore":-0.101,"gi_pvalue":0.251,"significance":"not_sig"}},{"type":"Feature","geometry":{"type":"Point","coordinates":[77.08235,17.12162]},"properties":{"cell_id":244246,"case_count":1,"gi_zscore":-0.101,"gi_pvalue":0.196,"significance":"not_sig"}},{"type":"Feature","geometry":{"type":"Point","coordinates":[77.09412,17.12162]},"properties":{"cell_id":244247,"case_count":1,"gi_zscore":-0.101,"gi_pvalue":0.196,"significance":"not_sig"}},{"type":"Feature","geometry":{"type":"Point","coordinates":[76.01176,17.13964]},"properties":{"cell_id":244937,"case_count":1,"gi_zscore":-0.098,"gi_pvalue":0.385,"significance":"not_sig"}},{"type":"Feature","geometry":{"type":"Point","coordinates":[76.02353,17.13964]},"properties":{"cell_id":244938,"case_count":1,"gi_zscore":-0.098,"gi_pvalue":0.385,"significance":"not_sig"}},{"type":"Feature","geometry":{"type":"Point","coordinates":[76.37647,17.13964]},"properties":{"cell_id":244968,"case_count":1,"gi_zscore":-0.0966,"gi_pvalue":0.45,"significance":"not_sig"}},{"type":"Feature","geometry":{"type":"Point","coordinates":[75.83529,17.14865]},"properties":{"cell_id":245313,"case_count":1,"gi_zscore":-0.101,"gi_pvalue":0.196,"significance":"not_sig"}},{"type":"Feature","geometry":{"type":"Point","coordinates":[76.84706,17.14865]},"properties":{"cell_id":245399,"case_count":1,"gi_zscore":-0.1039,"gi_pvalue":0.03,"significance":"cold_95"}},{"type":"Feature","geometry":{"type":"Point","coordinates":[76.2,17.15766]},"properties":{"cell_id":245735,"case_count":1,"gi_zscore":-0.0995,"gi_pvalue":0.302,"significance":"not_sig"}},{"type":"Feature","geometry":{"type":"Point","coordinates":[76.94118,17.15766]},"properties":{"cell_id":245798,"case_count":1,"gi_zscore":-0.101,"gi_pvalue":0.251,"significance":"not_sig"}},{"type":"Feature","geometry":{"type":"Point","coordinates":[75.95294,17.16667]},"properties":{"cell_id":246105,"case_count":1,"gi_zscore":-0.098,"gi_pvalue":0.385,"significance":"not_sig"}},{"type":"Feature","geometry":{"type":"Point","coordinates":[76.82353,17.16667]},"properties":{"cell_id":246179,"case_count":1,"gi_zscore":-0.1039,"gi_pvalue":0.03,"significance":"cold_95"}},{"type":"Feature","geometry":{"type":"Point","coordinates":[75.95294,17.17568]},"properties":{"cell_id":246496,"case_count":5,"gi_zscore":-0.098,"gi_pvalue":0.1,"significance":"cold_90"}},{"type":"Feature","geometry":{"type":"Point","coordinates":[76.54118,17.17568]},"properties":{"cell_id":246546,"case_count":1,"gi_zscore":-0.1025,"gi_pvalue":0.099,"significance":"cold_90"}},{"type":"Feature","geometry":{"type":"Point","coordinates":[75.74118,17.18468]},"properties":{"cell_id":246869,"case_count":1,"gi_zscore":-0.098,"gi_pvalue":0.345,"significance":"not_sig"}},{"type":"Feature","geometry":{"type":"Point","coordinates":[75.95294,17.18468]},"properties":{"cell_id":246887,"case_count":2,"gi_zscore":-0.098,"gi_pvalue":0.303,"significance":"not_sig"}},{"type":"Feature","geometry":{"type":"Point","coordinates":[75.96471,17.18468]},"properties":{"cell_id":246888,"case_count":1,"gi_zscore":-0.098,"gi_pvalue":0.386,"significance":"not_sig"}},{"type":"Feature","geometry":{"type":"Point","coordinates":[76.52941,17.18468]},"properties":{"cell_id":246936,"case_count":2,"gi_zscore":-0.1039,"gi_pvalue":0.001,"significance":"cold_99"}},{"type":"Feature","geometry":{"type":"Point","coordinates":[76.54118,17.18468]},"properties":{"cell_id":246937,"case_count":1,"gi_zscore":-0.1039,"gi_pvalue":0.029,"significance":"cold_95"}},{"type":"Feature","geometry":{"type":"Point","coordinates":[76.77647,17.18468]},"properties":{"cell_id":246957,"case_count":1,"gi_zscore":-0.1039,"gi_pvalue":0.029,"significance":"cold_95"}},{"type":"Feature","geometry":{"type":"Point","coordinates":[76.8,17.18468]},"properties":{"cell_id":246959,"case_count":1,"gi_zscore":-0.1025,"gi_pvalue":0.098,"significance":"cold_90"}},{"type":"Feature","geometry":{"type":"Point","coordinates":[77.28235,17.18468]},"properties":{"cell_id":247000,"case_count":1,"gi_zscore":-0.1039,"gi_pvalue":0.098,"significance":"cold_90"}},{"type":"Feature","geometry":{"type":"Point","coordinates":[76.37647,17.19369]},"properties":{"cell_id":247314,"case_count":1,"gi_zscore":-0.1025,"gi_pvalue":0.098,"significance":"cold_90"}},{"type":"Feature","geometry":{"type":"Point","coordinates":[76.35294,17.2027]},"properties":{"cell_id":247703,"case_count":2,"gi_zscore":-0.098,"gi_pvalue":0.303,"significance":"not_sig"}},{"type":"Feature","geometry":{"type":"Point","coordinates":[75.91765,17.21171]},"properties":{"cell_id":248057,"case_count":1,"gi_zscore":-0.098,"gi_pvalue":0.386,"significance":"not_sig"}},{"type":"Feature","geometry":{"type":"Point","coordinates":[75.96471,17.22072]},"properties":{"cell_id":248452,"case_count":1,"gi_zscore":-0.098,"gi_pvalue":0.386,"significance":"not_sig"}},{"type":"Feature","geometry":{"type":"Point","coordinates":[76.68235,17.22973]},"properties":{"cell_id":248904,"case_count":1,"gi_zscore":-0.1039,"gi_pvalue":0.03,"significance":"cold_95"}},{"type":"Feature","geometry":{"type":"Point","coordinates":[75.8,17.23874]},"properties":{"cell_id":249220,"case_count":1,"gi_zscore":-0.098,"gi_pvalue":0.345,"significance":"not_sig"}},{"type":"Feature","geometry":{"type":"Point","coordinates":[76.0,17.23874]},"properties":{"cell_id":249237,"case_count":1,"gi_zscore":-0.098,"gi_pvalue":0.386,"significance":"not_sig"}},{"type":"Feature","geometry":{"type":"Point","coordinates":[75.8,17.25676]},"properties":{"cell_id":250002,"case_count":2,"gi_zscore":-0.0966,"gi_pvalue":0.386,"significance":"not_sig"}},{"type":"Feature","geometry":{"type":"Point","coordinates":[76.25882,17.25676]},"properties":{"cell_id":250041,"case_count":1,"gi_zscore":-0.0995,"gi_pvalue":0.305,"significance":"not_sig"}},{"type":"Feature","geometry":{"type":"Point","coordinates":[76.81176,17.25676]},"properties":{"cell_id":250088,"case_count":2,"gi_zscore":-0.0907,"gi_pvalue":0.446,"significance":"not_sig"}},{"type":"Feature","geometry":{"type":"Point","coordinates":[76.89412,17.25676]},"properties":{"cell_id":250095,"case_count":1,"gi_zscore":-0.0966,"gi_pvalue":0.45,"significance":"not_sig"}},{"type":"Feature","geometry":{"type":"Point","coordinates":[76.8,17.26577]},"properties":{"cell_id":250478,"case_count":1,"gi_zscore":-0.0951,"gi_pvalue":0.487,"significance":"not_sig"}},{"type":"Feature","geometry":{"type":"Point","coordinates":[76.88235,17.26577]},"properties":{"cell_id":250485,"case_count":1,"gi_zscore":-0.0966,"gi_pvalue":0.45,"significance":"not_sig"}},{"type":"Feature","geometry":{"type":"Point","coordinates":[75.72941,17.27477]},"properties":{"cell_id":250778,"case_count":3,"gi_zscore":-0.0907,"gi_pvalue":0.494,"significance":"not_sig"}},{"type":"Feature","geometry":{"type":"Point","coordinates":[75.97647,17.28378]},"properties":{"cell_id":251190,"case_count":1,"gi_zscore":-0.098,"gi_pvalue":0.385,"significance":"not_sig"}},{"type":"Feature","geometry":{"type":"Point","coordinates":[76.64706,17.28378]},"properties":{"cell_id":251247,"case_count":1,"gi_zscore":-0.1039,"gi_pvalue":0.03,"significance":"cold_95"}},{"type":"Feature","geometry":{"type":"Point","coordinates":[77.0,17.28378]},"properties":{"cell_id":251277,"case_count":1,"gi_zscore":-0.101,"gi_pvalue":0.178,"significance":"not_sig"}},{"type":"Feature","geometry":{"type":"Point","coordinates":[76.78824,17.29279]},"properties":{"cell_id":251650,"case_count":1,"gi_zscore":-0.098,"gi_pvalue":0.345,"significance":"not_sig"}},{"type":"Feature","geometry":{"type":"Point","coordinates":[76.82353,17.29279]},"properties":{"cell_id":251653,"case_count":2,"gi_zscore":-0.0804,"gi_pvalue":0.241,"significance":"not_sig"}},{"type":"Feature","geometry":{"type":"Point","coordinates":[76.83529,17.29279]},"properties":{"cell_id":251654,"case_count":2,"gi_zscore":-0.0863,"gi_pvalue":0.326,"significance":"not_sig"}},{"type":"Feature","geometry":{"type":"Point","coordinates":[76.82353,17.3018]},"properties":{"cell_id":252044,"case_count":2,"gi_zscore":-0.0804,"gi_pvalue":0.241,"significance":"not_sig"}},{"type":"Feature","geometry":{"type":"Point","coordinates":[76.83529,17.3018]},"properties":{"cell_id":252045,"case_count":2,"gi_zscore":-0.0863,"gi_pvalue":0.326,"significance":"not_sig"}},{"type":"Feature","geometry":{"type":"Point","coordinates":[75.65882,17.31081]},"properties":{"cell_id":252336,"case_count":5,"gi_zscore":-0.0907,"gi_pvalue":0.418,"significance":"not_sig"}},{"type":"Feature","geometry":{"type":"Point","coordinates":[75.67059,17.31081]},"properties":{"cell_id":252337,"case_count":2,"gi_zscore":-0.0907,"gi_pvalue":0.446,"significance":"not_sig"}},{"type":"Feature","geometry":{"type":"Point","coordinates":[76.05882,17.31081]},"properties":{"cell_id":252370,"case_count":1,"gi_zscore":-0.098,"gi_pvalue":0.384,"significance":"not_sig"}},{"type":"Feature","geometry":{"type":"Point","coordinates":[76.78824,17.31081]},"properties":{"cell_id":252432,"case_count":1,"gi_zscore":-0.0848,"gi_pvalue":0.287,"significance":"not_sig"}},{"type":"Feature","geometry":{"type":"Point","coordinates":[76.8,17.31081]},"properties":{"cell_id":252433,"case_count":2,"gi_zscore":-0.0804,"gi_pvalue":0.235,"significance":"not_sig"}},{"type":"Feature","geometry":{"type":"Point","coordinates":[76.81176,17.31081]},"properties":{"cell_id":252434,"case_count":3,"gi_zscore":-0.0774,"gi_pvalue":0.22,"significance":"not_sig"}},{"type":"Feature","geometry":{"type":"Point","coordinates":[76.82353,17.31081]},"properties":{"cell_id":252435,"case_count":4,"gi_zscore":-0.0774,"gi_pvalue":0.235,"significance":"not_sig"}},{"type":"Feature","geometry":{"type":"Point","coordinates":[76.83529,17.31081]},"properties":{"cell_id":252436,"case_count":1,"gi_zscore":-0.0671,"gi_pvalue":0.152,"significance":"not_sig"}},{"type":"Feature","geometry":{"type":"Point","coordinates":[76.84706,17.31081]},"properties":{"cell_id":252437,"case_count":3,"gi_zscore":-0.0745,"gi_pvalue":0.211,"significance":"not_sig"}},{"type":"Feature","geometry":{"type":"Point","coordinates":[76.90588,17.31081]},"properties":{"cell_id":252442,"case_count":2,"gi_zscore":-0.0951,"gi_pvalue":0.448,"significance":"not_sig"}},{"type":"Feature","geometry":{"type":"Point","coordinates":[75.92941,17.31982]},"properties":{"cell_id":252750,"case_count":1,"gi_zscore":-0.101,"gi_pvalue":0.195,"significance":"not_sig"}},{"type":"Feature","geometry":{"type":"Point","coordinates":[76.8,17.31982]},"properties":{"cell_id":252824,"case_count":1,"gi_zscore":-0.073,"gi_pvalue":0.181,"significance":"not_sig"}},{"type":"Feature","geometry":{"type":"Point","coordinates":[76.81176,17.31982]},"properties":{"cell_id":252825,"case_count":1,"gi_zscore":-0.0715,"gi_pvalue":0.172,"significance":"not_sig"}},{"type":"Feature","geometry":{"type":"Point","coordinates":[76.82353,17.31982]},"properties":{"cell_id":252826,"case_count":9,"gi_zscore":-0.0657,"gi_pvalue":0.21,"significance":"not_sig"}},{"type":"Feature","geometry":{"type":"Point","coordinates":[76.83529,17.31982]},"properties":{"cell_id":252827,"case_count":4,"gi_zscore":-0.0642,"gi_pvalue":0.157,"significance":"not_sig"}},{"type":"Feature","geometry":{"type":"Point","coordinates":[76.84706,17.31982]},"properties":{"cell_id":252828,"case_count":2,"gi_zscore":-0.073,"gi_pvalue":0.18,"significance":"not_sig"}},{"type":"Feature","geometry":{"type":"Point","coordinates":[76.88235,17.31982]},"properties":{"cell_id":252831,"case_count":1,"gi_zscore":-0.0907,"gi_pvalue":0.393,"significance":"not_sig"}},{"type":"Feature","geometry":{"type":"Point","coordinates":[76.81176,17.32883]},"properties":{"cell_id":253216,"case_count":4,"gi_zscore":-0.0671,"gi_pvalue":0.172,"significance":"not_sig"}},{"type":"Feature","geometry":{"type":"Point","coordinates":[76.82353,17.32883]},"properties":{"cell_id":253217,"case_count":2,"gi_zscore":-0.0392,"gi_pvalue":0.11,"significance":"not_sig"}},{"type":"Feature","geometry":{"type":"Point","coordinates":[76.83529,17.32883]},"properties":{"cell_id":253218,"case_count":8,"gi_zscore":-0.0421,"gi_pvalue":0.121,"significance":"not_sig"}},{"type":"Feature","geometry":{"type":"Point","coordinates":[76.84706,17.32883]},"properties":{"cell_id":253219,"case_count":4,"gi_zscore":-0.0539,"gi_pvalue":0.133,"significance":"not_sig"}},{"type":"Feature","geometry":{"type":"Point","coordinates":[76.85882,17.32883]},"properties":{"cell_id":253220,"case_count":4,"gi_zscore":-0.0818,"gi_pvalue":0.308,"significance":"not_sig"}},{"type":"Feature","geometry":{"type":"Point","coordinates":[76.87059,17.32883]},"properties":{"cell_id":253221,"case_count":2,"gi_zscore":-0.0877,"gi_pvalue":0.357,"significance":"not_sig"}},{"type":"Feature","geometry":{"type":"Point","coordinates":[76.88235,17.32883]},"properties":{"cell_id":253222,"case_count":1,"gi_zscore":-0.0877,"gi_pvalue":0.33,"significance":"not_sig"}},{"type":"Feature","geometry":{"type":"Point","coordinates":[76.56471,17.33784]},"properties":{"cell_id":253586,"case_count":1,"gi_zscore":-0.1025,"gi_pvalue":0.098,"significance":"cold_90"}},{"type":"Feature","geometry":{"type":"Point","coordinates":[76.58824,17.33784]},"properties":{"cell_id":253588,"case_count":2,"gi_zscore":-0.0995,"gi_pvalue":0.197,"significance":"not_sig"}},{"type":"Feature","geometry":{"type":"Point","coordinates":[76.81176,17.33784]},"properties":{"cell_id":253607,"case_count":6,"gi_zscore":-0.073,"gi_pvalue":0.22,"significance":"not_sig"}},{"type":"Feature","geometry":{"type":"Point","coordinates":[76.82353,17.33784]},"properties":{"cell_id":253608,"case_count":6,"gi_zscore":-0.0436,"gi_pvalue":0.122,"significance":"not_sig"}},{"type":"Feature","geometry":{"type":"Point","coordinates":[76.83529,17.33784]},"properties":{"cell_id":253609,"case_count":14,"gi_zscore":-0.0465,"gi_pvalue":0.148,"significance":"not_sig"}},{"type":"Feature","geometry":{"type":"Point","coordinates":[76.84706,17.33784]},"properties":{"cell_id":253610,"case_count":3,"gi_zscore":-0.0509,"gi_pvalue":0.124,"significance":"not_sig"}},{"type":"Feature","geometry":{"type":"Point","coordinates":[76.85882,17.33784]},"properties":{"cell_id":253611,"case_count":2,"gi_zscore":-0.0789,"gi_pvalue":0.235,"significance":"not_sig"}},{"type":"Feature","geometry":{"type":"Point","coordinates":[75.67059,17.34685]},"properties":{"cell_id":253901,"case_count":2,"gi_zscore":-0.0877,"gi_pvalue":0.356,"significance":"not_sig"}},{"type":"Feature","geometry":{"type":"Point","coordinates":[76.42353,17.34685]},"properties":{"cell_id":253965,"case_count":1,"gi_zscore":-0.101,"gi_pvalue":0.196,"significance":"not_sig"}},{"type":"Feature","geometry":{"type":"Point","coordinates":[76.77647,17.34685]},"properties":{"cell_id":253995,"case_count":1,"gi_zscore":-0.0907,"gi_pvalue":0.392,"significance":"not_sig"}},{"type":"Feature","geometry":{"type":"Point","coordinates":[76.8,17.34685]},"properties":{"cell_id":253997,"case_count":1,"gi_zscore":-0.0818,"gi_pvalue":0.243,"significance":"not_sig"}},{"type":"Feature","geometry":{"type":"Point","coordinates":[76.81176,17.34685]},"properties":{"cell_id":253998,"case_count":3,"gi_zscore":-0.0686,"gi_pvalue":0.171,"significance":"not_sig"}},{"type":"Feature","geometry":{"type":"Point","coordinates":[76.82353,17.34685]},"properties":{"cell_id":253999,"case_count":4,"gi_zscore":-0.0495,"gi_pvalue":0.124,"significance":"not_sig"}},{"type":"Feature","geometry":{"type":"Point","coordinates":[76.83529,17.34685]},"properties":{"cell_id":254000,"case_count":4,"gi_zscore":-0.0554,"gi_pvalue":0.137,"significance":"not_sig"}},{"type":"Feature","geometry":{"type":"Point","coordinates":[76.84706,17.34685]},"properties":{"cell_id":254001,"case_count":4,"gi_zscore":-0.0657,"gi_pvalue":0.167,"significance":"not_sig"}},{"type":"Feature","geometry":{"type":"Point","coordinates":[76.85882,17.34685]},"properties":{"cell_id":254002,"case_count":3,"gi_zscore":-0.0789,"gi_pvalue":0.243,"significance":"not_sig"}},{"type":"Feature","geometry":{"type":"Point","coordinates":[76.87059,17.34685]},"properties":{"cell_id":254003,"case_count":2,"gi_zscore":-0.0833,"gi_pvalue":0.289,"significance":"not_sig"}},{"type":"Feature","geometry":{"type":"Point","coordinates":[76.71765,17.35586]},"properties":{"cell_id":254381,"case_count":1,"gi_zscore":-0.1025,"gi_pvalue":0.097,"significance":"cold_90"}},{"type":"Feature","geometry":{"type":"Point","coordinates":[76.81176,17.35586]},"properties":{"cell_id":254389,"case_count":4,"gi_zscore":-0.0804,"gi_pvalue":0.283,"significance":"not_sig"}},{"type":"Feature","geometry":{"type":"Point","coordinates":[76.82353,17.35586]},"properties":{"cell_id":254390,"case_count":5,"gi_zscore":-0.0818,"gi_pvalue":0.308,"significance":"not_sig"}},{"type":"Feature","geometry":{"type":"Point","coordinates":[76.83529,17.35586]},"properties":{"cell_id":254391,"case_count":1,"gi_zscore":-0.0642,"gi_pvalue":0.143,"significance":"not_sig"}},{"type":"Feature","geometry":{"type":"Point","coordinates":[76.84706,17.35586]},"properties":{"cell_id":254392,"case_count":2,"gi_zscore":-0.0848,"gi_pvalue":0.296,"significance":"not_sig"}},{"type":"Feature","geometry":{"type":"Point","coordinates":[76.85882,17.35586]},"properties":{"cell_id":254393,"case_count":3,"gi_zscore":-0.0877,"gi_pvalue":0.392,"significance":"not_sig"}},{"type":"Feature","geometry":{"type":"Point","coordinates":[76.77647,17.36486]},"properties":{"cell_id":254777,"case_count":1,"gi_zscore":-0.0907,"gi_pvalue":0.392,"significance":"not_sig"}},{"type":"Feature","geometry":{"type":"Point","coordinates":[76.8,17.36486]},"properties":{"cell_id":254779,"case_count":1,"gi_zscore":-0.0922,"gi_pvalue":0.442,"significance":"not_sig"}},{"type":"Feature","geometry":{"type":"Point","coordinates":[76.81176,17.36486]},"properties":{"cell_id":254780,"case_count":1,"gi_zscore":-0.0877,"gi_pvalue":0.33,"significance":"not_sig"}},{"type":"Feature","geometry":{"type":"Point","coordinates":[76.82353,17.36486]},"properties":{"cell_id":254781,"case_count":1,"gi_zscore":-0.0863,"gi_pvalue":0.296,"significance":"not_sig"}},{"type":"Feature","geometry":{"type":"Point","coordinates":[76.83529,17.36486]},"properties":{"cell_id":254782,"case_count":2,"gi_zscore":-0.0877,"gi_pvalue":0.355,"significance":"not_sig"}},{"type":"Feature","geometry":{"type":"Point","coordinates":[77.49412,17.36486]},"properties":{"cell_id":254838,"case_count":1,"gi_zscore":-0.1025,"gi_pvalue":0.098,"significance":"cold_90"}},{"type":"Feature","geometry":{"type":"Point","coordinates":[76.82353,17.37387]},"properties":{"cell_id":255172,"case_count":1,"gi_zscore":-0.0936,"gi_pvalue":0.446,"significance":"not_sig"}},{"type":"Feature","geometry":{"type":"Point","coordinates":[76.84706,17.37387]},"properties":{"cell_id":255174,"case_count":1,"gi_zscore":-0.0951,"gi_pvalue":0.452,"significance":"not_sig"}},{"type":"Feature","geometry":{"type":"Point","coordinates":[76.85882,17.38288]},"properties":{"cell_id":255566,"case_count":3,"gi_zscore":-0.0922,"gi_pvalue":0.494,"significance":"not_sig"}},{"type":"Feature","geometry":{"type":"Point","coordinates":[75.84706,17.39189]},"properties":{"cell_id":255871,"case_count":3,"gi_zscore":-0.0951,"gi_pvalue":0.342,"significance":"not_sig"}},{"type":"Feature","geometry":{"type":"Point","coordinates":[76.87059,17.39189]},"properties":{"cell_id":255958,"case_count":1,"gi_zscore":-0.0907,"gi_pvalue":0.392,"significance":"not_sig"}},{"type":"Feature","geometry":{"type":"Point","coordinates":[77.34118,17.39189]},"properties":{"cell_id":255998,"case_count":1,"gi_zscore":-0.1039,"gi_pvalue":0.028,"significance":"cold_95"}},{"type":"Feature","geometry":{"type":"Point","coordinates":[75.74118,17.4009]},"properties":{"cell_id":256253,"case_count":2,"gi_zscore":-0.0877,"gi_pvalue":0.335,"significance":"not_sig"}},{"type":"Feature","geometry":{"type":"Point","coordinates":[76.82353,17.4009]},"properties":{"cell_id":256345,"case_count":1,"gi_zscore":-0.0995,"gi_pvalue":0.308,"significance":"not_sig"}},{"type":"Feature","geometry":{"type":"Point","coordinates":[76.84706,17.4009]},"properties":{"cell_id":256347,"case_count":2,"gi_zscore":-0.098,"gi_pvalue":0.309,"significance":"not_sig"}},{"type":"Feature","geometry":{"type":"Point","coordinates":[75.84706,17.40991]},"properties":{"cell_id":256653,"case_count":1,"gi_zscore":-0.0951,"gi_pvalue":0.451,"significance":"not_sig"}},{"type":"Feature","geometry":{"type":"Point","coordinates":[76.71765,17.40991]},"properties":{"cell_id":256727,"case_count":3,"gi_zscore":-0.1025,"gi_pvalue":0.028,"significance":"cold_95"}},{"type":"Feature","geometry":{"type":"Point","coordinates":[76.68235,17.41892]},"properties":{"cell_id":257115,"case_count":1,"gi_zscore":-0.101,"gi_pvalue":0.195,"significance":"not_sig"}},{"type":"Feature","geometry":{"type":"Point","coordinates":[77.15294,17.42793]},"properties":{"cell_id":257546,"case_count":1,"gi_zscore":-0.1025,"gi_pvalue":0.098,"significance":"cold_90"}},{"type":"Feature","geometry":{"type":"Point","coordinates":[76.87059,17.44595]},"properties":{"cell_id":258304,"case_count":1,"gi_zscore":-0.0995,"gi_pvalue":0.308,"significance":"not_sig"}},{"type":"Feature","geometry":{"type":"Point","coordinates":[76.78824,17.45495]},"properties":{"cell_id":258688,"case_count":1,"gi_zscore":-0.101,"gi_pvalue":0.195,"significance":"not_sig"}},{"type":"Feature","geometry":{"type":"Point","coordinates":[77.42353,17.46396]},"properties":{"cell_id":259133,"case_count":2,"gi_zscore":-0.1039,"gi_pvalue":0.028,"significance":"cold_95"}},{"type":"Feature","geometry":{"type":"Point","coordinates":[77.11765,17.48198]},"properties":{"cell_id":259889,"case_count":1,"gi_zscore":-0.1025,"gi_pvalue":0.098,"significance":"cold_90"}},{"type":"Feature","geometry":{"type":"Point","coordinates":[76.94118,17.50901]},"properties":{"cell_id":261047,"case_count":1,"gi_zscore":-0.098,"gi_pvalue":0.34,"significance":"not_sig"}},{"type":"Feature","geometry":{"type":"Point","coordinates":[76.96471,17.54505]},"properties":{"cell_id":262613,"case_count":1,"gi_zscore":-0.101,"gi_pvalue":0.195,"significance":"not_sig"}},{"type":"Feature","geometry":{"type":"Point","coordinates":[77.30588,17.54505]},"properties":{"cell_id":262642,"case_count":1,"gi_zscore":-0.1039,"gi_pvalue":0.098,"significance":"cold_90"}},{"type":"Feature","geometry":{"type":"Point","coordinates":[76.56471,17.56306]},"properties":{"cell_id":263361,"case_count":2,"gi_zscore":-0.0995,"gi_pvalue":0.196,"significance":"not_sig"}},{"type":"Feature","geometry":{"type":"Point","coordinates":[76.97647,17.57207]},"properties":{"cell_id":263787,"case_count":3,"gi_zscore":-0.1025,"gi_pvalue":0.028,"significance":"cold_95"}},{"type":"Feature","geometry":{"type":"Point","coordinates":[77.16471,17.65315]},"properties":{"cell_id":267322,"case_count":1,"gi_zscore":-0.0995,"gi_pvalue":0.309,"significance":"not_sig"}},{"type":"Feature","geometry":{"type":"Point","coordinates":[77.05882,17.66216]},"properties":{"cell_id":267704,"case_count":1,"gi_zscore":-0.0966,"gi_pvalue":0.451,"significance":"not_sig"}},{"type":"Feature","geometry":{"type":"Point","coordinates":[77.07059,17.67117]},"properties":{"cell_id":268096,"case_count":1,"gi_zscore":-0.0966,"gi_pvalue":0.451,"significance":"not_sig"}},{"type":"Feature","geometry":{"type":"Point","coordinates":[77.15294,17.68018]},"properties":{"cell_id":268494,"case_count":1,"gi_zscore":-0.0995,"gi_pvalue":0.309,"significance":"not_sig"}},{"type":"Feature","geometry":{"type":"Point","coordinates":[77.31765,17.68018]},"properties":{"cell_id":268508,"case_count":1,"gi_zscore":-0.1039,"gi_pvalue":0.028,"significance":"cold_95"}},{"type":"Feature","geometry":{"type":"Point","coordinates":[77.21176,17.6982]},"properties":{"cell_id":269281,"case_count":1,"gi_zscore":-0.098,"gi_pvalue":0.383,"significance":"not_sig"}},{"type":"Feature","geometry":{"type":"Point","coordinates":[77.37647,17.70721]},"properties":{"cell_id":269686,"case_count":1,"gi_zscore":-0.1039,"gi_pvalue":0.028,"significance":"cold_95"}},{"type":"Feature","geometry":{"type":"Point","coordinates":[77.09412,17.71622]},"properties":{"cell_id":270053,"case_count":1,"gi_zscore":-0.0995,"gi_pvalue":0.309,"significance":"not_sig"}},{"type":"Feature","geometry":{"type":"Point","coordinates":[77.44706,17.71622]},"properties":{"cell_id":270083,"case_count":1,"gi_zscore":-0.1054,"gi_pvalue":0.028,"significance":"cold_95"}},{"type":"Feature","geometry":{"type":"Point","coordinates":[76.81176,17.72523]},"properties":{"cell_id":270420,"case_count":1,"gi_zscore":-0.1039,"gi_pvalue":0.028,"significance":"cold_95"}},{"type":"Feature","geometry":{"type":"Point","coordinates":[77.35294,17.72523]},"properties":{"cell_id":270466,"case_count":1,"gi_zscore":-0.1039,"gi_pvalue":0.028,"significance":"cold_95"}},{"type":"Feature","geometry":{"type":"Point","coordinates":[77.17647,17.76126]},"properties":{"cell_id":272015,"case_count":1,"gi_zscore":-0.0995,"gi_pvalue":0.309,"significance":"not_sig"}},{"type":"Feature","geometry":{"type":"Point","coordinates":[77.28235,17.76126]},"properties":{"cell_id":272024,"case_count":1,"gi_zscore":-0.1039,"gi_pvalue":0.028,"significance":"cold_95"}},{"type":"Feature","geometry":{"type":"Point","coordinates":[77.50588,17.76126]},"properties":{"cell_id":272043,"case_count":1,"gi_zscore":-0.1054,"gi_pvalue":0.028,"significance":"cold_95"}},{"type":"Feature","geometry":{"type":"Point","coordinates":[77.09412,17.77027]},"properties":{"cell_id":272399,"case_count":1,"gi_zscore":-0.098,"gi_pvalue":0.383,"significance":"not_sig"}},{"type":"Feature","geometry":{"type":"Point","coordinates":[77.12941,17.77027]},"properties":{"cell_id":272402,"case_count":5,"gi_zscore":-0.098,"gi_pvalue":0.099,"significance":"cold_90"}},{"type":"Feature","geometry":{"type":"Point","coordinates":[77.44706,17.78829]},"properties":{"cell_id":273211,"case_count":1,"gi_zscore":-0.1054,"gi_pvalue":0.028,"significance":"cold_95"}},{"type":"Feature","geometry":{"type":"Point","coordinates":[77.04706,17.7973]},"properties":{"cell_id":273568,"case_count":1,"gi_zscore":-0.0951,"gi_pvalue":0.49,"significance":"not_sig"}},{"type":"Feature","geometry":{"type":"Point","coordinates":[77.28235,17.7973]},"properties":{"cell_id":273588,"case_count":2,"gi_zscore":-0.1039,"gi_pvalue":0.001,"significance":"cold_99"}},{"type":"Feature","geometry":{"type":"Point","coordinates":[76.96471,17.81532]},"properties":{"cell_id":274343,"case_count":1,"gi_zscore":-0.1025,"gi_pvalue":0.098,"significance":"cold_90"}},{"type":"Feature","geometry":{"type":"Point","coordinates":[76.84706,17.82432]},"properties":{"cell_id":274724,"case_count":1,"gi_zscore":-0.1039,"gi_pvalue":0.028,"significance":"cold_95"}},{"type":"Feature","geometry":{"type":"Point","coordinates":[76.85882,17.82432]},"properties":{"cell_id":274725,"case_count":1,"gi_zscore":-0.1039,"gi_pvalue":0.028,"significance":"cold_95"}},{"type":"Feature","geometry":{"type":"Point","coordinates":[76.92941,17.82432]},"properties":{"cell_id":274731,"case_count":1,"gi_zscore":-0.1025,"gi_pvalue":0.098,"significance":"cold_90"}},{"type":"Feature","geometry":{"type":"Point","coordinates":[76.94118,17.82432]},"properties":{"cell_id":274732,"case_count":2,"gi_zscore":-0.1025,"gi_pvalue":0.028,"significance":"cold_95"}},{"type":"Feature","geometry":{"type":"Point","coordinates":[77.09412,17.83333]},"properties":{"cell_id":275136,"case_count":1,"gi_zscore":-0.098,"gi_pvalue":0.387,"significance":"not_sig"}},{"type":"Feature","geometry":{"type":"Point","coordinates":[77.16471,17.84234]},"properties":{"cell_id":275533,"case_count":1,"gi_zscore":-0.098,"gi_pvalue":0.387,"significance":"not_sig"}},{"type":"Feature","geometry":{"type":"Point","coordinates":[76.95294,17.86036]},"properties":{"cell_id":276297,"case_count":1,"gi_zscore":-0.1025,"gi_pvalue":0.098,"significance":"cold_90"}},{"type":"Feature","geometry":{"type":"Point","coordinates":[76.97647,17.86036]},"properties":{"cell_id":276299,"case_count":2,"gi_zscore":-0.1025,"gi_pvalue":0.028,"significance":"cold_95"}},{"type":"Feature","geometry":{"type":"Point","coordinates":[77.11765,17.86036]},"properties":{"cell_id":276311,"case_count":2,"gi_zscore":-0.098,"gi_pvalue":0.312,"significance":"not_sig"}},{"type":"Feature","geometry":{"type":"Point","coordinates":[77.18824,17.86036]},"properties":{"cell_id":276317,"case_count":1,"gi_zscore":-0.098,"gi_pvalue":0.387,"significance":"not_sig"}},{"type":"Feature","geometry":{"type":"Point","coordinates":[77.44706,17.86036]},"properties":{"cell_id":276339,"case_count":1,"gi_zscore":-0.1054,"gi_pvalue":0.028,"significance":"cold_95"}},{"type":"Feature","geometry":{"type":"Point","coordinates":[77.51765,17.86036]},"properties":{"cell_id":276345,"case_count":1,"gi_zscore":-0.0966,"gi_pvalue":0.45,"significance":"not_sig"}},{"type":"Feature","geometry":{"type":"Point","coordinates":[76.95294,17.86937]},"properties":{"cell_id":276688,"case_count":1,"gi_zscore":-0.1025,"gi_pvalue":0.097,"significance":"cold_90"}},{"type":"Feature","geometry":{"type":"Point","coordinates":[77.47059,17.86937]},"properties":{"cell_id":276732,"case_count":1,"gi_zscore":-0.1054,"gi_pvalue":0.028,"significance":"cold_95"}},{"type":"Feature","geometry":{"type":"Point","coordinates":[76.95294,17.87838]},"properties":{"cell_id":277079,"case_count":1,"gi_zscore":-0.1025,"gi_pvalue":0.097,"significance":"cold_90"}},{"type":"Feature","geometry":{"type":"Point","coordinates":[76.96471,17.87838]},"properties":{"cell_id":277080,"case_count":1,"gi_zscore":-0.1025,"gi_pvalue":0.097,"significance":"cold_90"}},{"type":"Feature","geometry":{"type":"Point","coordinates":[77.47059,17.87838]},"properties":{"cell_id":277123,"case_count":1,"gi_zscore":-0.1054,"gi_pvalue":0.028,"significance":"cold_95"}},{"type":"Feature","geometry":{"type":"Point","coordinates":[77.29412,17.88739]},"properties":{"cell_id":277499,"case_count":1,"gi_zscore":-0.1039,"gi_pvalue":0.097,"significance":"cold_90"}},{"type":"Feature","geometry":{"type":"Point","coordinates":[77.34118,17.88739]},"properties":{"cell_id":277503,"case_count":1,"gi_zscore":-0.1039,"gi_pvalue":0.097,"significance":"cold_90"}},{"type":"Feature","geometry":{"type":"Point","coordinates":[77.51765,17.88739]},"properties":{"cell_id":277518,"case_count":1,"gi_zscore":-0.0936,"gi_pvalue":0.49,"significance":"not_sig"}},{"type":"Feature","geometry":{"type":"Point","coordinates":[77.52941,17.88739]},"properties":{"cell_id":277519,"case_count":1,"gi_zscore":-0.0936,"gi_pvalue":0.49,"significance":"not_sig"}},{"type":"Feature","geometry":{"type":"Point","coordinates":[77.2,17.8964]},"properties":{"cell_id":277882,"case_count":1,"gi_zscore":-0.1039,"gi_pvalue":0.097,"significance":"cold_90"}},{"type":"Feature","geometry":{"type":"Point","coordinates":[77.51765,17.8964]},"properties":{"cell_id":277909,"case_count":1,"gi_zscore":-0.0936,"gi_pvalue":0.49,"significance":"not_sig"}},{"type":"Feature","geometry":{"type":"Point","coordinates":[77.08235,17.90541]},"properties":{"cell_id":278263,"case_count":1,"gi_zscore":-0.1025,"gi_pvalue":0.097,"significance":"cold_90"}},{"type":"Feature","geometry":{"type":"Point","coordinates":[77.21176,17.90541]},"properties":{"cell_id":278274,"case_count":1,"gi_zscore":-0.1025,"gi_pvalue":0.184,"significance":"not_sig"}},{"type":"Feature","geometry":{"type":"Point","coordinates":[77.45882,17.90541]},"properties":{"cell_id":278295,"case_count":1,"gi_zscore":-0.1054,"gi_pvalue":0.028,"significance":"cold_95"}},{"type":"Feature","geometry":{"type":"Point","coordinates":[77.51765,17.90541]},"properties":{"cell_id":278300,"case_count":1,"gi_zscore":-0.0936,"gi_pvalue":0.49,"significance":"not_sig"}},{"type":"Feature","geometry":{"type":"Point","coordinates":[77.52941,17.90541]},"properties":{"cell_id":278301,"case_count":4,"gi_zscore":-0.0936,"gi_pvalue":0.342,"significance":"not_sig"}},{"type":"Feature","geometry":{"type":"Point","coordinates":[77.42353,17.91441]},"properties":{"cell_id":278683,"case_count":1,"gi_zscore":-0.1054,"gi_pvalue":0.028,"significance":"cold_95"}},{"type":"Feature","geometry":{"type":"Point","coordinates":[77.45882,17.91441]},"properties":{"cell_id":278686,"case_count":1,"gi_zscore":-0.101,"gi_pvalue":0.196,"significance":"not_sig"}},{"type":"Feature","geometry":{"type":"Point","coordinates":[77.51765,17.91441]},"properties":{"cell_id":278691,"case_count":4,"gi_zscore":-0.0936,"gi_pvalue":0.341,"significance":"not_sig"}},{"type":"Feature","geometry":{"type":"Point","coordinates":[77.52941,17.91441]},"properties":{"cell_id":278692,"case_count":3,"gi_zscore":-0.0936,"gi_pvalue":0.417,"significance":"not_sig"}},{"type":"Feature","geometry":{"type":"Point","coordinates":[77.50588,17.92342]},"properties":{"cell_id":279081,"case_count":1,"gi_zscore":-0.0936,"gi_pvalue":0.491,"significance":"not_sig"}},{"type":"Feature","geometry":{"type":"Point","coordinates":[77.54118,17.93243]},"properties":{"cell_id":279475,"case_count":1,"gi_zscore":-0.0936,"gi_pvalue":0.491,"significance":"not_sig"}},{"type":"Feature","geometry":{"type":"Point","coordinates":[77.51765,17.94144]},"properties":{"cell_id":279864,"case_count":1,"gi_zscore":-0.0936,"gi_pvalue":0.452,"significance":"not_sig"}},{"type":"Feature","geometry":{"type":"Point","coordinates":[77.03529,17.95045]},"properties":{"cell_id":280214,"case_count":1,"gi_zscore":-0.1039,"gi_pvalue":0.098,"significance":"cold_90"}},{"type":"Feature","geometry":{"type":"Point","coordinates":[77.38824,17.95045]},"properties":{"cell_id":280244,"case_count":1,"gi_zscore":-0.1054,"gi_pvalue":0.028,"significance":"cold_95"}},{"type":"Feature","geometry":{"type":"Point","coordinates":[77.36471,17.96847]},"properties":{"cell_id":281024,"case_count":1,"gi_zscore":-0.1054,"gi_pvalue":0.028,"significance":"cold_95"}},{"type":"Feature","geometry":{"type":"Point","coordinates":[77.51765,17.98649]},"properties":{"cell_id":281819,"case_count":1,"gi_zscore":-0.0936,"gi_pvalue":0.452,"significance":"not_sig"}},{"type":"Feature","geometry":{"type":"Point","coordinates":[77.04706,17.9955]},"properties":{"cell_id":282170,"case_count":1,"gi_zscore":-0.1039,"gi_pvalue":0.098,"significance":"cold_90"}},{"type":"Feature","geometry":{"type":"Point","coordinates":[77.23529,17.9955]},"properties":{"cell_id":282186,"case_count":1,"gi_zscore":-0.0995,"gi_pvalue":0.311,"significance":"not_sig"}},{"type":"Feature","geometry":{"type":"Point","coordinates":[77.0,18.01351]},"properties":{"cell_id":282948,"case_count":1,"gi_zscore":-0.1039,"gi_pvalue":0.098,"significance":"cold_90"}},{"type":"Feature","geometry":{"type":"Point","coordinates":[77.01176,18.02252]},"properties":{"cell_id":283340,"case_count":1,"gi_zscore":-0.1054,"gi_pvalue":0.028,"significance":"cold_95"}},{"type":"Feature","geometry":{"type":"Point","coordinates":[77.51765,18.02252]},"properties":{"cell_id":283383,"case_count":1,"gi_zscore":-0.098,"gi_pvalue":0.387,"significance":"not_sig"}},{"type":"Feature","geometry":{"type":"Point","coordinates":[77.21176,18.04955]},"properties":{"cell_id":284530,"case_count":2,"gi_zscore":-0.0995,"gi_pvalue":0.197,"significance":"not_sig"}},{"type":"Feature","geometry":{"type":"Point","coordinates":[77.22353,18.04955]},"properties":{"cell_id":284531,"case_count":3,"gi_zscore":-0.0995,"gi_pvalue":0.098,"significance":"cold_90"}},{"type":"Feature","geometry":{"type":"Point","coordinates":[77.21176,18.05856]},"properties":{"cell_id":284921,"case_count":1,"gi_zscore":-0.0995,"gi_pvalue":0.256,"significance":"not_sig"}},{"type":"Feature","geometry":{"type":"Point","coordinates":[77.22353,18.05856]},"properties":{"cell_id":284922,"case_count":2,"gi_zscore":-0.0995,"gi_pvalue":0.197,"significance":"not_sig"}},{"type":"Feature","geometry":{"type":"Point","coordinates":[77.16471,18.06757]},"properties":{"cell_id":285308,"case_count":1,"gi_zscore":-0.0995,"gi_pvalue":0.256,"significance":"not_sig"}},{"type":"Feature","geometry":{"type":"Point","coordinates":[77.34118,18.07658]},"properties":{"cell_id":285714,"case_count":1,"gi_zscore":-0.0995,"gi_pvalue":0.256,"significance":"not_sig"}},{"type":"Feature","geometry":{"type":"Point","coordinates":[77.17647,18.1036]},"properties":{"cell_id":286873,"case_count":1,"gi_zscore":-0.0995,"gi_pvalue":0.256,"significance":"not_sig"}},{"type":"Feature","geometry":{"type":"Point","coordinates":[77.44706,18.1036]},"properties":{"cell_id":286896,"case_count":1,"gi_zscore":-0.1025,"gi_pvalue":0.098,"significance":"cold_90"}},{"type":"Feature","geometry":{"type":"Point","coordinates":[77.22353,18.13063]},"properties":{"cell_id":288050,"case_count":1,"gi_zscore":-0.0995,"gi_pvalue":0.311,"significance":"not_sig"}},{"type":"Feature","geometry":{"type":"Point","coordinates":[77.43529,18.15766]},"properties":{"cell_id":289241,"case_count":1,"gi_zscore":-0.1025,"gi_pvalue":0.098,"significance":"cold_90"}},{"type":"Feature","geometry":{"type":"Point","coordinates":[77.12941,18.17568]},"properties":{"cell_id":289997,"case_count":1,"gi_zscore":-0.0995,"gi_pvalue":0.256,"significance":"not_sig"}},{"type":"Feature","geometry":{"type":"Point","coordinates":[77.31765,18.22072]},"properties":{"cell_id":291968,"case_count":1,"gi_zscore":-0.101,"gi_pvalue":0.197,"significance":"not_sig"}},{"type":"Feature","geometry":{"type":"Point","coordinates":[77.41176,18.24775]},"properties":{"cell_id":293149,"case_count":1,"gi_zscore":-0.1025,"gi_pvalue":0.098,"significance":"cold_90"}},{"type":"Feature","geometry":{"type":"Point","coordinates":[77.42353,18.24775]},"properties":{"cell_id":293150,"case_count":1,"gi_zscore":-0.1025,"gi_pvalue":0.098,"significance":"cold_90"}},{"type":"Feature","geometry":{"type":"Point","coordinates":[77.41176,18.25676]},"properties":{"cell_id":293540,"case_count":3,"gi_zscore":-0.1025,"gi_pvalue":0.029,"significance":"cold_95"}},{"type":"Feature","geometry":{"type":"Point","coordinates":[77.49412,18.25676]},"properties":{"cell_id":293547,"case_count":1,"gi_zscore":-0.1025,"gi_pvalue":0.097,"significance":"cold_90"}},{"type":"Feature","geometry":{"type":"Point","coordinates":[77.36471,18.28378]},"properties":{"cell_id":294709,"case_count":1,"gi_zscore":-0.101,"gi_pvalue":0.195,"significance":"not_sig"}},{"type":"Feature","geometry":{"type":"Point","coordinates":[77.28235,18.37387]},"properties":{"cell_id":298612,"case_count":2,"gi_zscore":-0.101,"gi_pvalue":0.097,"significance":"cold_90"}},{"type":"Feature","geometry":{"type":"Point","coordinates":[77.32941,18.38288]},"properties":{"cell_id":299007,"case_count":1,"gi_zscore":-0.101,"gi_pvalue":0.195,"significance":"not_sig"}},{"type":"Feature","geometry":{"type":"Point","coordinates":[77.34118,18.38288]},"properties":{"cell_id":299008,"case_count":1,"gi_zscore":-0.101,"gi_pvalue":0.195,"significance":"not_sig"}}]}