{"type":"FeatureCollection","features":[{"type":"Feature","geometry":{"type":"Point","coordinates":[77.6,12.96847]},"properties":{"cell_id":64039,"case_count":3,"gi_zscore":1.6772,"gi_pvalue":0.001,"significance":"hot_99","district":"BELAGAVI DIST"}},{"type":"Feature","geometry":{"type":"Point","coordinates":[77.6,12.97748]},"properties":{"cell_id":64430,"case_count":12,"gi_zscore":1.6772,"gi_pvalue":0.005,"significance":"hot_99","district":"BELAGAVI DIST"}},{"type":"Feature","geometry":{"type":"Point","coordinates":[77.61176,12.98649]},"properties":{"cell_id":64822,"case_count":5,"gi_zscore":1.6772,"gi_pvalue":0.001,"significance":"hot_99","district":"BELAGAVI DIST"}},{"type":"Feature","geometry":{"type":"Point","coordinates":[77.61176,12.9955]},"properties":{"cell_id":65213,"case_count":2,"gi_zscore":1.6772,"gi_pvalue":0.001,"significance":"hot_99","district":"BELAGAVI DIST"}},{"type":"Feature","geometry":{"type":"Point","coordinates":[77.62353,12.9955]},"properties":{"cell_id":65214,"case_count":3,"gi_zscore":1.6772,"gi_pvalue":0.001,"significance":"hot_99","district":"BELAGAVI DIST"}},{"type":"Feature","geometry":{"type":"Point","coordinates":[77.62353,13.0045]},"properties":{"cell_id":65605,"case_count":8,"gi_zscore":1.6772,"gi_pvalue":0.002,"significance":"hot_99","district":"BELAGAVI DIST"}},{"type":"Feature","geometry":{"type":"Point","coordinates":[77.63529,13.0045]},"properties":{"cell_id":65606,"case_count":3,"gi_zscore":1.4423,"gi_pvalue":0.001,"significance":"hot_99","district":"BELAGAVI DIST"}},{"type":"Feature","geometry":{"type":"Point","coordinates":[77.63529,13.01351]},"properties":{"cell_id":65997,"case_count":4,"gi_zscore":1.4423,"gi_pvalue":0.001,"significance":"hot_99","district":"BELAGAVI DIST"}},{"type":"Feature","geometry":{"type":"Point","coordinates":[77.64706,13.02252]},"properties":{"cell_id":66389,"case_count":5,"gi_zscore":1.5597,"gi_pvalue":0.001,"significance":"hot_99","district":"BELAGAVI DIST"}},{"type":"Feature","geometry":{"type":"Point","coordinates":[77.65882,13.03153]},"properties":{"cell_id":66781,"case_count":7,"gi_zscore":1.2074,"gi_pvalue":0.013,"significance":"hot_95","district":"BELAGAVI DIST"}},{"type":"Feature","geometry":{"type":"Point","coordinates":[77.65882,13.04054]},"properties":{"cell_id":67172,"case_count":4,"gi_zscore":1.2074,"gi_pvalue":0.005,"significance":"hot_99","district":"BELAGAVI DIST"}},{"type":"Feature","geometry":{"type":"Point","coordinates":[77.67059,13.04054]},"properties":{"cell_id":67173,"case_count":2,"gi_zscore":1.1487,"gi_pvalue":0.005,"significance":"hot_99","district":"BELAGAVI DIST"}},{"type":"Feature","geometry":{"type":"Point","coordinates":[77.67059,13.04955]},"properties":{"cell_id":67564,"case_count":7,"gi_zscore":1.1487,"gi_pvalue":0.015,"significance":"hot_95","district":"BELAGAVI DIST"}},{"type":"Feature","geometry":{"type":"Point","coordinates":[77.68235,13.05856]},"properties":{"cell_id":67956,"case_count":4,"gi_zscore":1.1487,"gi_pvalue":0.006,"significance":"hot_99","district":"BELAGAVI DIST"}},{"type":"Feature","geometry":{"type":"Point","coordinates":[77.68235,13.06757]},"properties":{"cell_id":68347,"case_count":1,"gi_zscore":1.1487,"gi_pvalue":0.005,"significance":"hot_99","district":"BELAGAVI DIST"}},{"type":"Feature","geometry":{"type":"Point","coordinates":[77.69412,13.06757]},"properties":{"cell_id":68348,"case_count":4,"gi_zscore":1.3249,"gi_pvalue":0.005,"significance":"hot_99","district":"BELAGAVI DIST"}},{"type":"Feature","geometry":{"type":"Point","coordinates":[77.69412,13.07658]},"properties":{"cell_id":68739,"case_count":2,"gi_zscore":1.3249,"gi_pvalue":0.004,"significance":"hot_99","district":"BELAGAVI DIST"}},{"type":"Feature","geometry":{"type":"Point","coordinates":[77.70588,13.07658]},"properties":{"cell_id":68740,"case_count":3,"gi_zscore":1.3836,"gi_pvalue":0.003,"significance":"hot_99","district":"BELAGAVI DIST"}},{"type":"Feature","geometry":{"type":"Point","coordinates":[77.70588,13.08559]},"properties":{"cell_id":69131,"case_count":9,"gi_zscore":1.3836,"gi_pvalue":0.008,"significance":"hot_99","district":"BELAGAVI DIST"}},{"type":"Feature","geometry":{"type":"Point","coordinates":[77.71765,13.09459]},"properties":{"cell_id":69523,"case_count":7,"gi_zscore":1.6772,"gi_pvalue":0.002,"significance":"hot_99","district":"BELAGAVI DIST"}},{"type":"Feature","geometry":{"type":"Point","coordinates":[77.71765,13.1036]},"properties":{"cell_id":69914,"case_count":2,"gi_zscore":1.6772,"gi_pvalue":0.002,"significance":"hot_99","district":"BELAGAVI DIST"}},{"type":"Feature","geometry":{"type":"Point","coordinates":[77.72941,13.1036]},"properties":{"cell_id":69915,"case_count":8,"gi_zscore":1.6185,"gi_pvalue":0.003,"significance":"hot_99","district":"BELAGAVI DIST"}},{"type":"Feature","geometry":{"type":"Point","coordinates":[77.72941,13.11261]},"properties":{"cell_id":70306,"case_count":3,"gi_zscore":1.2074,"gi_pvalue":0.003,"significance":"hot_99","district":"BELAGAVI DIST"}},{"type":"Feature","geometry":{"type":"Point","coordinates":[77.74118,13.11261]},"properties":{"cell_id":70307,"case_count":7,"gi_zscore":1.2074,"gi_pvalue":0.014,"significance":"hot_95","district":"BELAGAVI DIST"}},{"type":"Feature","geometry":{"type":"Point","coordinates":[77.74118,13.12162]},"properties":{"cell_id":70698,"case_count":4,"gi_zscore":1.2661,"gi_pvalue":0.003,"significance":"hot_99","district":"BELAGAVI DIST"}},{"type":"Feature","geometry":{"type":"Point","coordinates":[77.75294,13.12162]},"properties":{"cell_id":70699,"case_count":1,"gi_zscore":1.3249,"gi_pvalue":0.002,"significance":"hot_99","district":"BELAGAVI DIST"}},{"type":"Feature","geometry":{"type":"Point","coordinates":[77.75294,13.13063]},"properties":{"cell_id":71090,"case_count":4,"gi_zscore":1.2074,"gi_pvalue":0.004,"significance":"hot_99","district":"BELAGAVI DIST"}},{"type":"Feature","geometry":{"type":"Point","coordinates":[77.75294,13.13964]},"properties":{"cell_id":71481,"case_count":1,"gi_zscore":1.2074,"gi_pvalue":0.003,"significance":"hot_99","district":"BELAGAVI DIST"}},{"type":"Feature","geometry":{"type":"Point","coordinates":[77.76471,13.13964]},"properties":{"cell_id":71482,"case_count":8,"gi_zscore":0.9138,"gi_pvalue":0.06,"significance":"hot_90","district":"BELAGAVI DIST"}},{"type":"Feature","geometry":{"type":"Point","coordinates":[77.76471,13.14865]},"properties":{"cell_id":71873,"case_count":3,"gi_zscore":1.1487,"gi_pvalue":0.003,"significance":"hot_99","district":"BELAGAVI DIST"}},{"type":"Feature","geometry":{"type":"Point","coordinates":[77.77647,13.14865]},"properties":{"cell_id":71874,"case_count":6,"gi_zscore":1.1487,"gi_pvalue":0.009,"significance":"hot_99","district":"BELAGAVI DIST"}},{"type":"Feature","geometry":{"type":"Point","coordinates":[77.77647,13.15766]},"properties":{"cell_id":72265,"case_count":3,"gi_zscore":1.1487,"gi_pvalue":0.003,"significance":"hot_99","district":"BELAGAVI DIST"}},{"type":"Feature","geometry":{"type":"Point","coordinates":[77.78824,13.15766]},"properties":{"cell_id":72266,"case_count":2,"gi_zscore":1.1487,"gi_pvalue":0.002,"significance":"hot_99","district":"BELAGAVI DIST"}},{"type":"Feature","geometry":{"type":"Point","coordinates":[77.78824,13.16667]},"properties":{"cell_id":72657,"case_count":8,"gi_zscore":1.1487,"gi_pvalue":0.014,"significance":"hot_95","district":"BELAGAVI DIST"}},{"type":"Feature","geometry":{"type":"Point","coordinates":[74.23529,14.23874]},"properties":{"cell_id":118884,"case_count":1,"gi_zscore":-0.378,"gi_pvalue":0.1,"significance":"cold_90","district":"BELAGAVI DIST"}},{"type":"Feature","geometry":{"type":"Point","coordinates":[74.09412,14.8964]},"properties":{"cell_id":147415,"case_count":1,"gi_zscore":-0.378,"gi_pvalue":0.1,"significance":"cold_90","district":"BELAGAVI DIST"}},{"type":"Feature","geometry":{"type":"Point","coordinates":[74.67059,15.48198]},"properties":{"cell_id":172879,"case_count":1,"gi_zscore":-0.4367,"gi_pvalue":0.1,"significance":"cold_90","district":"BELAGAVI DIST"}},{"type":"Feature","geometry":{"type":"Point","coordinates":[74.67059,15.51802]},"properties":{"cell_id":174443,"case_count":1,"gi_zscore":-0.4367,"gi_pvalue":0.1,"significance":"cold_90","district":"BELAGAVI DIST"}},{"type":"Feature","geometry":{"type":"Point","coordinates":[74.64706,15.56306]},"properties":{"cell_id":176396,"case_count":1,"gi_zscore":-0.4367,"gi_pvalue":0.1,"significance":"cold_90","district":"BELAGAVI DIST"}},{"type":"Feature","geometry":{"type":"Point","coordinates":[74.65882,15.56306]},"properties":{"cell_id":176397,"case_count":1,"gi_zscore":-0.4367,"gi_pvalue":0.1,"significance":"cold_90","district":"BELAGAVI DIST"}},{"type":"Feature","geometry":{"type":"Point","coordinates":[74.57647,15.58108]},"properties":{"cell_id":177172,"case_count":1,"gi_zscore":-0.378,"gi_pvalue":0.1,"significance":"cold_90","district":"BELAGAVI DIST"}},{"type":"Feature","geometry":{"type":"Point","coordinates":[74.78824,15.5991]},"properties":{"cell_id":177972,"case_count":1,"gi_zscore":-0.4367,"gi_pvalue":0.1,"significance":"cold_90","district":"BELAGAVI DIST"}},{"type":"Feature","geometry":{"type":"Point","coordinates":[74.8,15.5991]},"properties":{"cell_id":177973,"case_count":1,"gi_zscore":-0.4367,"gi_pvalue":0.1,"significance":"cold_90","district":"BELAGAVI DIST"}},{"type":"Feature","geometry":{"type":"Point","coordinates":[74.77647,15.63514]},"properties":{"cell_id":179535,"case_count":1,"gi_zscore":-0.4367,"gi_pvalue":0.1,"significance":"cold_90","district":"BELAGAVI DIST"}},{"type":"Feature","geometry":{"type":"Point","coordinates":[74.50588,15.64414]},"properties":{"cell_id":179903,"case_count":2,"gi_zscore":-0.378,"gi_pvalue":0.109,"significance":"not_sig","district":"BELAGAVI DIST"}},{"type":"Feature","geometry":{"type":"Point","coordinates":[74.51765,15.64414]},"properties":{"cell_id":179904,"case_count":1,"gi_zscore":-0.378,"gi_pvalue":0.179,"significance":"not_sig","district":"BELAGAVI DIST"}},{"type":"Feature","geometry":{"type":"Point","coordinates":[74.82353,15.65315]},"properties":{"cell_id":180321,"case_count":1,"gi_zscore":-0.4367,"gi_pvalue":0.097,"significance":"cold_90","district":"BELAGAVI DIST"}},{"type":"Feature","geometry":{"type":"Point","coordinates":[74.65882,15.66216]},"properties":{"cell_id":180698,"case_count":1,"gi_zscore":-0.4367,"gi_pvalue":0.097,"significance":"cold_90","district":"BELAGAVI DIST"}},{"type":"Feature","geometry":{"type":"Point","coordinates":[74.68235,15.66216]},"properties":{"cell_id":180700,"case_count":1,"gi_zscore":-0.4367,"gi_pvalue":0.097,"significance":"cold_90","district":"BELAGAVI DIST"}},{"type":"Feature","geometry":{"type":"Point","coordinates":[74.75294,15.66216]},"properties":{"cell_id":180706,"case_count":1,"gi_zscore":-0.4367,"gi_pvalue":0.097,"significance":"cold_90","district":"BELAGAVI DIST"}},{"type":"Feature","geometry":{"type":"Point","coordinates":[75.07059,15.66216]},"properties":{"cell_id":180733,"case_count":1,"gi_zscore":-0.4367,"gi_pvalue":0.097,"significance":"cold_90","district":"BELAGAVI DIST"}},{"type":"Feature","geometry":{"type":"Point","coordinates":[74.50588,15.68018]},"properties":{"cell_id":181467,"case_count":1,"gi_zscore":-0.378,"gi_pvalue":0.179,"significance":"not_sig","district":"BELAGAVI DIST"}},{"type":"Feature","geometry":{"type":"Point","coordinates":[74.22353,15.6982]},"properties":{"cell_id":182225,"case_count":1,"gi_zscore":-0.378,"gi_pvalue":0.179,"significance":"not_sig","district":"BELAGAVI DIST"}},{"type":"Feature","geometry":{"type":"Point","coordinates":[74.77647,15.70721]},"properties":{"cell_id":182663,"case_count":1,"gi_zscore":-0.4367,"gi_pvalue":0.097,"significance":"cold_90","district":"BELAGAVI DIST"}},{"type":"Feature","geometry":{"type":"Point","coordinates":[74.31765,15.71622]},"properties":{"cell_id":183015,"case_count":1,"gi_zscore":-0.378,"gi_pvalue":0.179,"significance":"not_sig","district":"BELAGAVI DIST"}},{"type":"Feature","geometry":{"type":"Point","coordinates":[74.48235,15.71622]},"properties":{"cell_id":183029,"case_count":1,"gi_zscore":-0.378,"gi_pvalue":0.179,"significance":"not_sig","district":"BELAGAVI DIST"}},{"type":"Feature","geometry":{"type":"Point","coordinates":[74.69412,15.71622]},"properties":{"cell_id":183047,"case_count":1,"gi_zscore":-0.4367,"gi_pvalue":0.097,"significance":"cold_90","district":"BELAGAVI DIST"}},{"type":"Feature","geometry":{"type":"Point","coordinates":[75.17647,15.71622]},"properties":{"cell_id":183088,"case_count":1,"gi_zscore":-0.4367,"gi_pvalue":0.097,"significance":"cold_90","district":"BELAGAVI DIST"}},{"type":"Feature","geometry":{"type":"Point","coordinates":[74.30588,15.73423]},"properties":{"cell_id":183796,"case_count":1,"gi_zscore":-0.378,"gi_pvalue":0.179,"significance":"not_sig","district":"BELAGAVI DIST"}},{"type":"Feature","geometry":{"type":"Point","coordinates":[74.36471,15.74324]},"properties":{"cell_id":184192,"case_count":1,"gi_zscore":-0.378,"gi_pvalue":0.179,"significance":"not_sig","district":"BELAGAVI DIST"}},{"type":"Feature","geometry":{"type":"Point","coordinates":[75.17647,15.74324]},"properties":{"cell_id":184261,"case_count":1,"gi_zscore":-0.4367,"gi_pvalue":0.097,"significance":"cold_90","district":"BELAGAVI DIST"}},{"type":"Feature","geometry":{"type":"Point","coordinates":[75.16471,15.75225]},"properties":{"cell_id":184651,"case_count":1,"gi_zscore":-0.4367,"gi_pvalue":0.097,"significance":"cold_90","district":"BELAGAVI DIST"}},{"type":"Feature","geometry":{"type":"Point","coordinates":[75.15294,15.76126]},"properties":{"cell_id":185041,"case_count":1,"gi_zscore":-0.4367,"gi_pvalue":0.097,"significance":"cold_90","district":"BELAGAVI DIST"}},{"type":"Feature","geometry":{"type":"Point","coordinates":[75.11765,15.77027]},"properties":{"cell_id":185429,"case_count":1,"gi_zscore":-0.4367,"gi_pvalue":0.097,"significance":"cold_90","district":"BELAGAVI DIST"}},{"type":"Feature","geometry":{"type":"Point","coordinates":[75.11765,15.80631]},"properties":{"cell_id":186993,"case_count":1,"gi_zscore":-0.4367,"gi_pvalue":0.097,"significance":"cold_90","district":"BELAGAVI DIST"}},{"type":"Feature","geometry":{"type":"Point","coordinates":[75.22353,15.80631]},"properties":{"cell_id":187002,"case_count":1,"gi_zscore":-0.378,"gi_pvalue":0.097,"significance":"cold_90","district":"BELAGAVI DIST"}},{"type":"Feature","geometry":{"type":"Point","coordinates":[74.94118,15.85135]},"properties":{"cell_id":188933,"case_count":1,"gi_zscore":-0.3193,"gi_pvalue":0.179,"significance":"not_sig","district":"BELAGAVI DIST"}},{"type":"Feature","geometry":{"type":"Point","coordinates":[74.98824,15.85135]},"properties":{"cell_id":188937,"case_count":1,"gi_zscore":-0.3193,"gi_pvalue":0.179,"significance":"not_sig","district":"BELAGAVI DIST"}},{"type":"Feature","geometry":{"type":"Point","coordinates":[75.14118,15.85135]},"properties":{"cell_id":188950,"case_count":1,"gi_zscore":-0.4367,"gi_pvalue":0.097,"significance":"cold_90","district":"BELAGAVI DIST"}},{"type":"Feature","geometry":{"type":"Point","coordinates":[75.30588,15.85135]},"properties":{"cell_id":188964,"case_count":1,"gi_zscore":-0.0844,"gi_pvalue":0.5,"significance":"not_sig","district":"BELAGAVI DIST"}},{"type":"Feature","geometry":{"type":"Point","coordinates":[74.84706,15.86937]},"properties":{"cell_id":189707,"case_count":2,"gi_zscore":-0.3193,"gi_pvalue":0.102,"significance":"not_sig","district":"BELAGAVI DIST"}},{"type":"Feature","geometry":{"type":"Point","coordinates":[75.08235,15.86937]},"properties":{"cell_id":189727,"case_count":1,"gi_zscore":-0.378,"gi_pvalue":0.092,"significance":"cold_90","district":"BELAGAVI DIST"}},{"type":"Feature","geometry":{"type":"Point","coordinates":[75.25882,15.86937]},"properties":{"cell_id":189742,"case_count":1,"gi_zscore":-0.0844,"gi_pvalue":0.496,"significance":"not_sig","district":"BELAGAVI DIST"}},{"type":"Feature","geometry":{"type":"Point","coordinates":[75.29412,15.86937]},"properties":{"cell_id":189745,"case_count":2,"gi_zscore":-0.0844,"gi_pvalue":0.442,"significance":"not_sig","district":"BELAGAVI DIST"}},{"type":"Feature","geometry":{"type":"Point","coordinates":[75.12941,15.87838]},"properties":{"cell_id":190122,"case_count":1,"gi_zscore":-0.4367,"gi_pvalue":0.091,"significance":"cold_90","district":"BELAGAVI DIST"}},{"type":"Feature","geometry":{"type":"Point","coordinates":[75.38824,15.88739]},"properties":{"cell_id":190535,"case_count":1,"gi_zscore":-0.0844,"gi_pvalue":0.496,"significance":"not_sig","district":"BELAGAVI DIST"}},{"type":"Feature","geometry":{"type":"Point","coordinates":[75.4,15.88739]},"properties":{"cell_id":190536,"case_count":1,"gi_zscore":-0.378,"gi_pvalue":0.172,"significance":"not_sig","district":"BELAGAVI DIST"}},{"type":"Feature","geometry":{"type":"Point","coordinates":[74.92941,15.8964]},"properties":{"cell_id":190887,"case_count":1,"gi_zscore":-0.3193,"gi_pvalue":0.172,"significance":"not_sig","district":"BELAGAVI DIST"}},{"type":"Feature","geometry":{"type":"Point","coordinates":[75.4,15.8964]},"properties":{"cell_id":190927,"case_count":1,"gi_zscore":-0.378,"gi_pvalue":0.172,"significance":"not_sig","district":"BELAGAVI DIST"}},{"type":"Feature","geometry":{"type":"Point","coordinates":[74.77647,15.90541]},"properties":{"cell_id":191265,"case_count":1,"gi_zscore":-0.378,"gi_pvalue":0.091,"significance":"cold_90","district":"BELAGAVI DIST"}},{"type":"Feature","geometry":{"type":"Point","coordinates":[75.16471,15.90541]},"properties":{"cell_id":191298,"case_count":1,"gi_zscore":-0.4367,"gi_pvalue":0.091,"significance":"cold_90","district":"BELAGAVI DIST"}},{"type":"Feature","geometry":{"type":"Point","coordinates":[74.95294,15.91441]},"properties":{"cell_id":191671,"case_count":1,"gi_zscore":-0.3193,"gi_pvalue":0.172,"significance":"not_sig","district":"BELAGAVI DIST"}},{"type":"Feature","geometry":{"type":"Point","coordinates":[74.78824,15.94144]},"properties":{"cell_id":192830,"case_count":1,"gi_zscore":-0.378,"gi_pvalue":0.172,"significance":"not_sig","district":"BELAGAVI DIST"}},{"type":"Feature","geometry":{"type":"Point","coordinates":[75.21176,15.94144]},"properties":{"cell_id":192866,"case_count":1,"gi_zscore":-0.1431,"gi_pvalue":0.441,"significance":"not_sig","district":"BELAGAVI DIST"}},{"type":"Feature","geometry":{"type":"Point","coordinates":[75.30588,15.94144]},"properties":{"cell_id":192874,"case_count":1,"gi_zscore":-0.0844,"gi_pvalue":0.496,"significance":"not_sig","district":"BELAGAVI DIST"}},{"type":"Feature","geometry":{"type":"Point","coordinates":[75.29412,15.95045]},"properties":{"cell_id":193264,"case_count":6,"gi_zscore":-0.0844,"gi_pvalue":0.181,"significance":"not_sig","district":"BELAGAVI DIST"}},{"type":"Feature","geometry":{"type":"Point","coordinates":[75.30588,15.95045]},"properties":{"cell_id":193265,"case_count":1,"gi_zscore":-0.0844,"gi_pvalue":0.492,"significance":"not_sig","district":"BELAGAVI DIST"}},{"type":"Feature","geometry":{"type":"Point","coordinates":[75.4,15.95946]},"properties":{"cell_id":193664,"case_count":1,"gi_zscore":-0.1431,"gi_pvalue":0.447,"significance":"not_sig","district":"BELAGAVI DIST"}},{"type":"Feature","geometry":{"type":"Point","coordinates":[75.02353,15.96847]},"properties":{"cell_id":194023,"case_count":2,"gi_zscore":-0.378,"gi_pvalue":0.001,"significance":"cold_99","district":"BELAGAVI DIST"}},{"type":"Feature","geometry":{"type":"Point","coordinates":[75.14118,15.97748]},"properties":{"cell_id":194424,"case_count":1,"gi_zscore":-0.378,"gi_pvalue":0.173,"significance":"not_sig","district":"BELAGAVI DIST"}},{"type":"Feature","geometry":{"type":"Point","coordinates":[75.24706,15.98649]},"properties":{"cell_id":194824,"case_count":1,"gi_zscore":-0.1431,"gi_pvalue":0.449,"significance":"not_sig","district":"BELAGAVI DIST"}},{"type":"Feature","geometry":{"type":"Point","coordinates":[75.34118,15.9955]},"properties":{"cell_id":195223,"case_count":1,"gi_zscore":-0.1431,"gi_pvalue":0.449,"significance":"not_sig","district":"BELAGAVI DIST"}},{"type":"Feature","geometry":{"type":"Point","coordinates":[75.03529,16.02252]},"properties":{"cell_id":196370,"case_count":1,"gi_zscore":-0.378,"gi_pvalue":0.173,"significance":"not_sig","district":"BELAGAVI DIST"}},{"type":"Feature","geometry":{"type":"Point","coordinates":[74.58824,16.03153]},"properties":{"cell_id":196723,"case_count":1,"gi_zscore":-0.4367,"gi_pvalue":0.095,"significance":"cold_90","district":"BELAGAVI DIST"}},{"type":"Feature","geometry":{"type":"Point","coordinates":[75.04706,16.03153]},"properties":{"cell_id":196762,"case_count":1,"gi_zscore":-0.378,"gi_pvalue":0.173,"significance":"not_sig","district":"BELAGAVI DIST"}},{"type":"Feature","geometry":{"type":"Point","coordinates":[75.30588,16.03153]},"properties":{"cell_id":196784,"case_count":1,"gi_zscore":-0.1431,"gi_pvalue":0.449,"significance":"not_sig","district":"BELAGAVI DIST"}},{"type":"Feature","geometry":{"type":"Point","coordinates":[75.23529,16.04054]},"properties":{"cell_id":197169,"case_count":1,"gi_zscore":-0.1431,"gi_pvalue":0.449,"significance":"not_sig","district":"BELAGAVI DIST"}},{"type":"Feature","geometry":{"type":"Point","coordinates":[75.01176,16.06757]},"properties":{"cell_id":198323,"case_count":1,"gi_zscore":-0.378,"gi_pvalue":0.173,"significance":"not_sig","district":"BELAGAVI DIST"}},{"type":"Feature","geometry":{"type":"Point","coordinates":[75.07059,16.11261]},"properties":{"cell_id":200283,"case_count":1,"gi_zscore":-0.378,"gi_pvalue":0.173,"significance":"not_sig","district":"BELAGAVI DIST"}},{"type":"Feature","geometry":{"type":"Point","coordinates":[74.23529,16.12162]},"properties":{"cell_id":200603,"case_count":1,"gi_zscore":-0.378,"gi_pvalue":0.173,"significance":"not_sig","district":"BELAGAVI DIST"}},{"type":"Feature","geometry":{"type":"Point","coordinates":[74.55294,16.15766]},"properties":{"cell_id":202194,"case_count":1,"gi_zscore":-0.3193,"gi_pvalue":0.173,"significance":"not_sig","district":"BELAGAVI DIST"}},{"type":"Feature","geometry":{"type":"Point","coordinates":[74.64706,16.16667]},"properties":{"cell_id":202593,"case_count":1,"gi_zscore":-0.4367,"gi_pvalue":0.095,"significance":"cold_90","district":"BELAGAVI DIST"}},{"type":"Feature","geometry":{"type":"Point","coordinates":[75.24706,16.16667]},"properties":{"cell_id":202644,"case_count":1,"gi_zscore":-0.378,"gi_pvalue":0.095,"significance":"cold_90","district":"BELAGAVI DIST"}},{"type":"Feature","geometry":{"type":"Point","coordinates":[75.27059,16.16667]},"properties":{"cell_id":202646,"case_count":1,"gi_zscore":-0.378,"gi_pvalue":0.095,"significance":"cold_90","district":"BELAGAVI DIST"}},{"type":"Feature","geometry":{"type":"Point","coordinates":[74.63529,16.18468]},"properties":{"cell_id":203374,"case_count":1,"gi_zscore":-0.4367,"gi_pvalue":0.095,"significance":"cold_90","district":"BELAGAVI DIST"}},{"type":"Feature","geometry":{"type":"Point","coordinates":[74.69412,16.18468]},"properties":{"cell_id":203379,"case_count":1,"gi_zscore":-0.4367,"gi_pvalue":0.095,"significance":"cold_90","district":"BELAGAVI DIST"}},{"type":"Feature","geometry":{"type":"Point","coordinates":[74.55294,16.19369]},"properties":{"cell_id":203758,"case_count":1,"gi_zscore":-0.3193,"gi_pvalue":0.173,"significance":"not_sig","district":"BELAGAVI DIST"}},{"type":"Feature","geometry":{"type":"Point","coordinates":[74.68235,16.19369]},"properties":{"cell_id":203769,"case_count":1,"gi_zscore":-0.4367,"gi_pvalue":0.095,"significance":"cold_90","district":"BELAGAVI DIST"}},{"type":"Feature","geometry":{"type":"Point","coordinates":[75.27059,16.19369]},"properties":{"cell_id":203819,"case_count":1,"gi_zscore":-0.378,"gi_pvalue":0.095,"significance":"cold_90","district":"BELAGAVI DIST"}},{"type":"Feature","geometry":{"type":"Point","coordinates":[75.05882,16.2027]},"properties":{"cell_id":204192,"case_count":1,"gi_zscore":-0.3193,"gi_pvalue":0.173,"significance":"not_sig","district":"BELAGAVI DIST"}},{"type":"Feature","geometry":{"type":"Point","coordinates":[75.09412,16.21171]},"properties":{"cell_id":204586,"case_count":1,"gi_zscore":-0.378,"gi_pvalue":0.095,"significance":"cold_90","district":"BELAGAVI DIST"}},{"type":"Feature","geometry":{"type":"Point","coordinates":[74.6,16.22973]},"properties":{"cell_id":205326,"case_count":1,"gi_zscore":-0.4367,"gi_pvalue":0.095,"significance":"cold_90","district":"BELAGAVI DIST"}},{"type":"Feature","geometry":{"type":"Point","coordinates":[74.65882,16.22973]},"properties":{"cell_id":205331,"case_count":1,"gi_zscore":-0.4367,"gi_pvalue":0.095,"significance":"cold_90","district":"BELAGAVI DIST"}},{"type":"Feature","geometry":{"type":"Point","coordinates":[74.68235,16.23874]},"properties":{"cell_id":205724,"case_count":1,"gi_zscore":-0.4367,"gi_pvalue":0.095,"significance":"cold_90","district":"BELAGAVI DIST"}},{"type":"Feature","geometry":{"type":"Point","coordinates":[75.17647,16.23874]},"properties":{"cell_id":205766,"case_count":2,"gi_zscore":-0.378,"gi_pvalue":0.001,"significance":"cold_99","district":"BELAGAVI DIST"}},{"type":"Feature","geometry":{"type":"Point","coordinates":[74.49412,16.24775]},"properties":{"cell_id":206099,"case_count":1,"gi_zscore":-0.3193,"gi_pvalue":0.172,"significance":"not_sig","district":"BELAGAVI DIST"}},{"type":"Feature","geometry":{"type":"Point","coordinates":[74.94118,16.24775]},"properties":{"cell_id":206137,"case_count":1,"gi_zscore":-0.3193,"gi_pvalue":0.172,"significance":"not_sig","district":"BELAGAVI DIST"}},{"type":"Feature","geometry":{"type":"Point","coordinates":[75.01176,16.24775]},"properties":{"cell_id":206143,"case_count":1,"gi_zscore":-0.3193,"gi_pvalue":0.172,"significance":"not_sig","district":"BELAGAVI DIST"}},{"type":"Feature","geometry":{"type":"Point","coordinates":[74.48235,16.25676]},"properties":{"cell_id":206489,"case_count":2,"gi_zscore":-0.3193,"gi_pvalue":0.094,"significance":"cold_90","district":"BELAGAVI DIST"}},{"type":"Feature","geometry":{"type":"Point","coordinates":[74.55294,16.25676]},"properties":{"cell_id":206495,"case_count":1,"gi_zscore":-0.3193,"gi_pvalue":0.172,"significance":"not_sig","district":"BELAGAVI DIST"}},{"type":"Feature","geometry":{"type":"Point","coordinates":[74.96471,16.25676]},"properties":{"cell_id":206530,"case_count":1,"gi_zscore":-0.3193,"gi_pvalue":0.172,"significance":"not_sig","district":"BELAGAVI DIST"}},{"type":"Feature","geometry":{"type":"Point","coordinates":[74.44706,16.26577]},"properties":{"cell_id":206877,"case_count":1,"gi_zscore":-0.3193,"gi_pvalue":0.172,"significance":"not_sig","district":"BELAGAVI DIST"}},{"type":"Feature","geometry":{"type":"Point","coordinates":[74.51765,16.26577]},"properties":{"cell_id":206883,"case_count":2,"gi_zscore":-0.3193,"gi_pvalue":0.089,"significance":"cold_90","district":"BELAGAVI DIST"}},{"type":"Feature","geometry":{"type":"Point","coordinates":[74.6,16.27477]},"properties":{"cell_id":207281,"case_count":1,"gi_zscore":-0.378,"gi_pvalue":0.083,"significance":"cold_90","district":"BELAGAVI DIST"}},{"type":"Feature","geometry":{"type":"Point","coordinates":[75.12941,16.27477]},"properties":{"cell_id":207326,"case_count":1,"gi_zscore":-0.378,"gi_pvalue":0.083,"significance":"cold_90","district":"BELAGAVI DIST"}},{"type":"Feature","geometry":{"type":"Point","coordinates":[74.34118,16.28378]},"properties":{"cell_id":207650,"case_count":1,"gi_zscore":-0.378,"gi_pvalue":0.17,"significance":"not_sig","district":"BELAGAVI DIST"}},{"type":"Feature","geometry":{"type":"Point","coordinates":[74.94118,16.28378]},"properties":{"cell_id":207701,"case_count":2,"gi_zscore":-0.3193,"gi_pvalue":0.092,"significance":"cold_90","district":"BELAGAVI DIST"}},{"type":"Feature","geometry":{"type":"Point","coordinates":[74.43529,16.29279]},"properties":{"cell_id":208049,"case_count":1,"gi_zscore":-0.3193,"gi_pvalue":0.172,"significance":"not_sig","district":"BELAGAVI DIST"}},{"type":"Feature","geometry":{"type":"Point","coordinates":[74.55294,16.29279]},"properties":{"cell_id":208059,"case_count":1,"gi_zscore":-0.3193,"gi_pvalue":0.172,"significance":"not_sig","district":"BELAGAVI DIST"}},{"type":"Feature","geometry":{"type":"Point","coordinates":[74.74118,16.29279]},"properties":{"cell_id":208075,"case_count":1,"gi_zscore":-0.4367,"gi_pvalue":0.086,"significance":"cold_90","district":"BELAGAVI DIST"}},{"type":"Feature","geometry":{"type":"Point","coordinates":[74.4,16.3018]},"properties":{"cell_id":208437,"case_count":1,"gi_zscore":-0.378,"gi_pvalue":0.172,"significance":"not_sig","district":"BELAGAVI DIST"}},{"type":"Feature","geometry":{"type":"Point","coordinates":[74.90588,16.31081]},"properties":{"cell_id":208871,"case_count":1,"gi_zscore":-0.3193,"gi_pvalue":0.172,"significance":"not_sig","district":"BELAGAVI DIST"}},{"type":"Feature","geometry":{"type":"Point","coordinates":[74.42353,16.31982]},"properties":{"cell_id":209221,"case_count":1,"gi_zscore":-0.378,"gi_pvalue":0.172,"significance":"not_sig","district":"BELAGAVI DIST"}},{"type":"Feature","geometry":{"type":"Point","coordinates":[74.52941,16.31982]},"properties":{"cell_id":209230,"case_count":1,"gi_zscore":-0.3193,"gi_pvalue":0.172,"significance":"not_sig","district":"BELAGAVI DIST"}},{"type":"Feature","geometry":{"type":"Point","coordinates":[74.96471,16.32883]},"properties":{"cell_id":209658,"case_count":1,"gi_zscore":-0.3193,"gi_pvalue":0.172,"significance":"not_sig","district":"BELAGAVI DIST"}},{"type":"Feature","geometry":{"type":"Point","coordinates":[74.84706,16.33784]},"properties":{"cell_id":210039,"case_count":1,"gi_zscore":-0.378,"gi_pvalue":0.172,"significance":"not_sig","district":"BELAGAVI DIST"}},{"type":"Feature","geometry":{"type":"Point","coordinates":[74.96471,16.33784]},"properties":{"cell_id":210049,"case_count":2,"gi_zscore":-0.3193,"gi_pvalue":0.09,"significance":"cold_90","district":"BELAGAVI DIST"}},{"type":"Feature","geometry":{"type":"Point","coordinates":[74.97647,16.33784]},"properties":{"cell_id":210050,"case_count":1,"gi_zscore":-0.3193,"gi_pvalue":0.171,"significance":"not_sig","district":"BELAGAVI DIST"}},{"type":"Feature","geometry":{"type":"Point","coordinates":[74.90588,16.35586]},"properties":{"cell_id":210826,"case_count":1,"gi_zscore":-0.3193,"gi_pvalue":0.171,"significance":"not_sig","district":"BELAGAVI DIST"}},{"type":"Feature","geometry":{"type":"Point","coordinates":[74.87059,16.36486]},"properties":{"cell_id":211214,"case_count":1,"gi_zscore":-0.3193,"gi_pvalue":0.171,"significance":"not_sig","district":"BELAGAVI DIST"}},{"type":"Feature","geometry":{"type":"Point","coordinates":[74.95294,16.37387]},"properties":{"cell_id":211612,"case_count":1,"gi_zscore":-0.3193,"gi_pvalue":0.171,"significance":"not_sig","district":"BELAGAVI DIST"}},{"type":"Feature","geometry":{"type":"Point","coordinates":[74.45882,16.39189]},"properties":{"cell_id":212352,"case_count":1,"gi_zscore":-0.4367,"gi_pvalue":0.087,"significance":"cold_90","district":"BELAGAVI DIST"}},{"type":"Feature","geometry":{"type":"Point","coordinates":[74.38824,16.4009]},"properties":{"cell_id":212737,"case_count":1,"gi_zscore":-0.4367,"gi_pvalue":0.087,"significance":"cold_90","district":"BELAGAVI DIST"}},{"type":"Feature","geometry":{"type":"Point","coordinates":[74.36471,16.40991]},"properties":{"cell_id":213126,"case_count":1,"gi_zscore":-0.4367,"gi_pvalue":0.087,"significance":"cold_90","district":"BELAGAVI DIST"}},{"type":"Feature","geometry":{"type":"Point","coordinates":[74.76471,16.41892]},"properties":{"cell_id":213551,"case_count":1,"gi_zscore":-0.4367,"gi_pvalue":0.087,"significance":"cold_90","district":"BELAGAVI DIST"}},{"type":"Feature","geometry":{"type":"Point","coordinates":[74.83529,16.42793]},"properties":{"cell_id":213948,"case_count":1,"gi_zscore":-0.4367,"gi_pvalue":0.087,"significance":"cold_90","district":"BELAGAVI DIST"}},{"type":"Feature","geometry":{"type":"Point","coordinates":[74.31765,16.46396]},"properties":{"cell_id":215468,"case_count":1,"gi_zscore":-0.4367,"gi_pvalue":0.087,"significance":"cold_90","district":"BELAGAVI DIST"}},{"type":"Feature","geometry":{"type":"Point","coordinates":[74.25882,16.49099]},"properties":{"cell_id":216636,"case_count":1,"gi_zscore":-0.4367,"gi_pvalue":0.087,"significance":"cold_90","district":"BELAGAVI DIST"}},{"type":"Feature","geometry":{"type":"Point","coordinates":[74.76471,16.49099]},"properties":{"cell_id":216679,"case_count":1,"gi_zscore":-0.4367,"gi_pvalue":0.087,"significance":"cold_90","district":"BELAGAVI DIST"}},{"type":"Feature","geometry":{"type":"Point","coordinates":[74.84706,16.49099]},"properties":{"cell_id":216686,"case_count":1,"gi_zscore":-0.4367,"gi_pvalue":0.087,"significance":"cold_90","district":"BELAGAVI DIST"}},{"type":"Feature","geometry":{"type":"Point","coordinates":[74.69412,16.5]},"properties":{"cell_id":217064,"case_count":1,"gi_zscore":-0.4367,"gi_pvalue":0.087,"significance":"cold_90","district":"BELAGAVI DIST"}},{"type":"Feature","geometry":{"type":"Point","coordinates":[74.71765,16.5]},"properties":{"cell_id":217066,"case_count":1,"gi_zscore":-0.4367,"gi_pvalue":0.087,"significance":"cold_90","district":"BELAGAVI DIST"}},{"type":"Feature","geometry":{"type":"Point","coordinates":[74.85882,16.50901]},"properties":{"cell_id":217469,"case_count":1,"gi_zscore":-0.4367,"gi_pvalue":0.087,"significance":"cold_90","district":"BELAGAVI DIST"}},{"type":"Feature","geometry":{"type":"Point","coordinates":[74.6,16.52703]},"properties":{"cell_id":218229,"case_count":1,"gi_zscore":-0.4367,"gi_pvalue":0.087,"significance":"cold_90","district":"BELAGAVI DIST"}},{"type":"Feature","geometry":{"type":"Point","coordinates":[74.68235,16.52703]},"properties":{"cell_id":218236,"case_count":1,"gi_zscore":-0.4367,"gi_pvalue":0.087,"significance":"cold_90","district":"BELAGAVI DIST"}},{"type":"Feature","geometry":{"type":"Point","coordinates":[74.68235,16.53604]},"properties":{"cell_id":218627,"case_count":1,"gi_zscore":-0.4367,"gi_pvalue":0.087,"significance":"cold_90","district":"BELAGAVI DIST"}},{"type":"Feature","geometry":{"type":"Point","coordinates":[74.43529,16.54505]},"properties":{"cell_id":218997,"case_count":1,"gi_zscore":-0.4367,"gi_pvalue":0.087,"significance":"cold_90","district":"BELAGAVI DIST"}},{"type":"Feature","geometry":{"type":"Point","coordinates":[74.88235,16.54505]},"properties":{"cell_id":219035,"case_count":1,"gi_zscore":-0.4367,"gi_pvalue":0.087,"significance":"cold_90","district":"BELAGAVI DIST"}},{"type":"Feature","geometry":{"type":"Point","coordinates":[74.57647,16.55405]},"properties":{"cell_id":219400,"case_count":1,"gi_zscore":-0.4367,"gi_pvalue":0.087,"significance":"cold_90","district":"BELAGAVI DIST"}},{"type":"Feature","geometry":{"type":"Point","coordinates":[74.83529,16.56306]},"properties":{"cell_id":219813,"case_count":1,"gi_zscore":-0.4367,"gi_pvalue":0.087,"significance":"cold_90","district":"BELAGAVI DIST"}},{"type":"Feature","geometry":{"type":"Point","coordinates":[74.74118,16.57207]},"properties":{"cell_id":220196,"case_count":1,"gi_zscore":-0.4367,"gi_pvalue":0.087,"significance":"cold_90","district":"BELAGAVI DIST"}},{"type":"Feature","geometry":{"type":"Point","coordinates":[74.82353,16.57207]},"properties":{"cell_id":220203,"case_count":1,"gi_zscore":-0.4367,"gi_pvalue":0.087,"significance":"cold_90","district":"BELAGAVI DIST"}},{"type":"Feature","geometry":{"type":"Point","coordinates":[74.88235,16.5991]},"properties":{"cell_id":221381,"case_count":1,"gi_zscore":-0.2605,"gi_pvalue":0.255,"significance":"not_sig","district":"BELAGAVI DIST"}},{"type":"Feature","geometry":{"type":"Point","coordinates":[74.71765,16.60811]},"properties":{"cell_id":221758,"case_count":1,"gi_zscore":-0.4367,"gi_pvalue":0.087,"significance":"cold_90","district":"BELAGAVI DIST"}},{"type":"Feature","geometry":{"type":"Point","coordinates":[74.85882,16.62613]},"properties":{"cell_id":222552,"case_count":1,"gi_zscore":-0.2605,"gi_pvalue":0.255,"significance":"not_sig","district":"BELAGAVI DIST"}},{"type":"Feature","geometry":{"type":"Point","coordinates":[74.8,16.64414]},"properties":{"cell_id":223329,"case_count":1,"gi_zscore":-0.2605,"gi_pvalue":0.255,"significance":"not_sig","district":"BELAGAVI DIST"}},{"type":"Feature","geometry":{"type":"Point","coordinates":[74.89412,16.70721]},"properties":{"cell_id":226074,"case_count":4,"gi_zscore":-0.2605,"gi_pvalue":0.092,"significance":"cold_90","district":"BELAGAVI DIST"}},{"type":"Feature","geometry":{"type":"Point","coordinates":[76.67059,11.93243]},"properties":{"cell_id":18995,"case_count":1,"gi_zscore":-0.3115,"gi_pvalue":0.012,"significance":"cold_95","district":"BENGALURU CITY"}},{"type":"Feature","geometry":{"type":"Point","coordinates":[77.0,11.9955]},"properties":{"cell_id":21760,"case_count":2,"gi_zscore":-0.3115,"gi_pvalue":0.002,"significance":"cold_99","district":"BENGALURU CITY"}},{"type":"Feature","geometry":{"type":"Point","coordinates":[77.34118,12.02252]},"properties":{"cell_id":22962,"case_count":1,"gi_zscore":-0.2907,"gi_pvalue":0.111,"significance":"not_sig","district":"BENGALURU CITY"}},{"type":"Feature","geometry":{"type":"Point","coordinates":[77.12941,12.09459]},"properties":{"cell_id":26072,"case_count":1,"gi_zscore":-0.3115,"gi_pvalue":0.013,"significance":"cold_95","district":"BENGALURU CITY"}},{"type":"Feature","geometry":{"type":"Point","coordinates":[77.6,12.09459]},"properties":{"cell_id":26112,"case_count":6,"gi_zscore":-0.2855,"gi_pvalue":0.013,"significance":"cold_95","district":"BENGALURU CITY"}},{"type":"Feature","geometry":{"type":"Point","coordinates":[77.24706,12.14865]},"properties":{"cell_id":28428,"case_count":1,"gi_zscore":-0.3167,"gi_pvalue":0.001,"significance":"cold_99","district":"BENGALURU CITY"}},{"type":"Feature","geometry":{"type":"Point","coordinates":[77.54118,12.14865]},"properties":{"cell_id":28453,"case_count":1,"gi_zscore":-0.2855,"gi_pvalue":0.145,"significance":"not_sig","district":"BENGALURU CITY"}},{"type":"Feature","geometry":{"type":"Point","coordinates":[77.12941,12.15766]},"properties":{"cell_id":28809,"case_count":1,"gi_zscore":-0.3115,"gi_pvalue":0.012,"significance":"cold_95","district":"BENGALURU CITY"}},{"type":"Feature","geometry":{"type":"Point","coordinates":[77.6,12.22072]},"properties":{"cell_id":31586,"case_count":1,"gi_zscore":-0.2855,"gi_pvalue":0.145,"significance":"not_sig","district":"BENGALURU CITY"}},{"type":"Feature","geometry":{"type":"Point","coordinates":[77.12941,12.23874]},"properties":{"cell_id":32328,"case_count":1,"gi_zscore":-0.3167,"gi_pvalue":0.001,"significance":"cold_99","district":"BENGALURU CITY"}},{"type":"Feature","geometry":{"type":"Point","coordinates":[77.23529,12.23874]},"properties":{"cell_id":32337,"case_count":1,"gi_zscore":-0.3167,"gi_pvalue":0.001,"significance":"cold_99","district":"BENGALURU CITY"}},{"type":"Feature","geometry":{"type":"Point","coordinates":[77.44706,12.23874]},"properties":{"cell_id":32355,"case_count":1,"gi_zscore":-0.2907,"gi_pvalue":0.11,"significance":"not_sig","district":"BENGALURU CITY"}},{"type":"Feature","geometry":{"type":"Point","coordinates":[77.12941,12.25676]},"properties":{"cell_id":33110,"case_count":1,"gi_zscore":-0.3167,"gi_pvalue":0.001,"significance":"cold_99","district":"BENGALURU CITY"}},{"type":"Feature","geometry":{"type":"Point","coordinates":[77.25882,12.25676]},"properties":{"cell_id":33121,"case_count":1,"gi_zscore":-0.3167,"gi_pvalue":0.001,"significance":"cold_99","district":"BENGALURU CITY"}},{"type":"Feature","geometry":{"type":"Point","coordinates":[76.63529,12.28378]},"properties":{"cell_id":34241,"case_count":1,"gi_zscore":-0.3115,"gi_pvalue":0.012,"significance":"cold_95","district":"BENGALURU CITY"}},{"type":"Feature","geometry":{"type":"Point","coordinates":[77.25882,12.31982]},"properties":{"cell_id":35858,"case_count":1,"gi_zscore":-0.3167,"gi_pvalue":0.001,"significance":"cold_99","district":"BENGALURU CITY"}},{"type":"Feature","geometry":{"type":"Point","coordinates":[77.25882,12.36486]},"properties":{"cell_id":37813,"case_count":1,"gi_zscore":-0.3167,"gi_pvalue":0.001,"significance":"cold_99","district":"BENGALURU CITY"}},{"type":"Feature","geometry":{"type":"Point","coordinates":[77.95294,12.36486]},"properties":{"cell_id":37872,"case_count":1,"gi_zscore":-0.2855,"gi_pvalue":0.145,"significance":"not_sig","district":"BENGALURU CITY"}},{"type":"Feature","geometry":{"type":"Point","coordinates":[77.14118,12.41892]},"properties":{"cell_id":40149,"case_count":1,"gi_zscore":-0.3167,"gi_pvalue":0.001,"significance":"cold_99","district":"BENGALURU CITY"}},{"type":"Feature","geometry":{"type":"Point","coordinates":[77.45882,12.45495]},"properties":{"cell_id":41740,"case_count":1,"gi_zscore":-0.2959,"gi_pvalue":0.068,"significance":"cold_90","district":"BENGALURU CITY"}},{"type":"Feature","geometry":{"type":"Point","coordinates":[77.54118,12.45495]},"properties":{"cell_id":41747,"case_count":2,"gi_zscore":-0.3115,"gi_pvalue":0.001,"significance":"cold_99","district":"BENGALURU CITY"}},{"type":"Feature","geometry":{"type":"Point","coordinates":[77.56471,12.45495]},"properties":{"cell_id":41749,"case_count":1,"gi_zscore":-0.3115,"gi_pvalue":0.012,"significance":"cold_95","district":"BENGALURU CITY"}},{"type":"Feature","geometry":{"type":"Point","coordinates":[77.85882,12.46396]},"properties":{"cell_id":42165,"case_count":1,"gi_zscore":-0.3115,"gi_pvalue":0.012,"significance":"cold_95","district":"BENGALURU CITY"}},{"type":"Feature","geometry":{"type":"Point","coordinates":[77.35294,12.5]},"properties":{"cell_id":43686,"case_count":1,"gi_zscore":-0.2959,"gi_pvalue":0.05,"significance":"cold_95","district":"BENGALURU CITY"}},{"type":"Feature","geometry":{"type":"Point","coordinates":[77.34118,12.50901]},"properties":{"cell_id":44076,"case_count":1,"gi_zscore":-0.2907,"gi_pvalue":0.089,"significance":"cold_90","district":"BENGALURU CITY"}},{"type":"Feature","geometry":{"type":"Point","coordinates":[77.35294,12.50901]},"properties":{"cell_id":44077,"case_count":1,"gi_zscore":-0.2959,"gi_pvalue":0.05,"significance":"cold_95","district":"BENGALURU CITY"}},{"type":"Feature","geometry":{"type":"Point","coordinates":[77.36471,12.50901]},"properties":{"cell_id":44078,"case_count":1,"gi_zscore":-0.2959,"gi_pvalue":0.05,"significance":"cold_95","district":"BENGALURU CITY"}},{"type":"Feature","geometry":{"type":"Point","coordinates":[77.37647,12.50901]},"properties":{"cell_id":44079,"case_count":1,"gi_zscore":-0.2907,"gi_pvalue":0.089,"significance":"cold_90","district":"BENGALURU CITY"}},{"type":"Feature","geometry":{"type":"Point","coordinates":[77.35294,12.51802]},"properties":{"cell_id":44468,"case_count":2,"gi_zscore":-0.2907,"gi_pvalue":0.067,"significance":"cold_90","district":"BENGALURU CITY"}},{"type":"Feature","geometry":{"type":"Point","coordinates":[77.36471,12.51802]},"properties":{"cell_id":44469,"case_count":1,"gi_zscore":-0.2855,"gi_pvalue":0.146,"significance":"not_sig","district":"BENGALURU CITY"}},{"type":"Feature","geometry":{"type":"Point","coordinates":[77.35294,12.52703]},"properties":{"cell_id":44859,"case_count":1,"gi_zscore":-0.2855,"gi_pvalue":0.146,"significance":"not_sig","district":"BENGALURU CITY"}},{"type":"Feature","geometry":{"type":"Point","coordinates":[77.36471,12.52703]},"properties":{"cell_id":44860,"case_count":4,"gi_zscore":-0.2855,"gi_pvalue":0.053,"significance":"cold_90","district":"BENGALURU CITY"}},{"type":"Feature","geometry":{"type":"Point","coordinates":[77.35294,12.53604]},"properties":{"cell_id":45250,"case_count":2,"gi_zscore":-0.2855,"gi_pvalue":0.107,"significance":"not_sig","district":"BENGALURU CITY"}},{"type":"Feature","geometry":{"type":"Point","coordinates":[77.36471,12.53604]},"properties":{"cell_id":45251,"case_count":2,"gi_zscore":-0.2855,"gi_pvalue":0.107,"significance":"not_sig","district":"BENGALURU CITY"}},{"type":"Feature","geometry":{"type":"Point","coordinates":[77.32941,12.54505]},"properties":{"cell_id":45639,"case_count":1,"gi_zscore":-0.2126,"gi_pvalue":0.471,"significance":"not_sig","district":"BENGALURU CITY"}},{"type":"Feature","geometry":{"type":"Point","coordinates":[77.30588,12.55405]},"properties":{"cell_id":46028,"case_count":1,"gi_zscore":-0.197,"gi_pvalue":0.495,"significance":"not_sig","district":"BENGALURU CITY"}},{"type":"Feature","geometry":{"type":"Point","coordinates":[77.29412,12.56306]},"properties":{"cell_id":46418,"case_count":1,"gi_zscore":-0.2022,"gi_pvalue":0.491,"significance":"not_sig","district":"BENGALURU CITY"}},{"type":"Feature","geometry":{"type":"Point","coordinates":[77.52941,12.56306]},"properties":{"cell_id":46438,"case_count":1,"gi_zscore":-0.3115,"gi_pvalue":0.013,"significance":"cold_95","district":"BENGALURU CITY"}},{"type":"Feature","geometry":{"type":"Point","coordinates":[77.30588,12.57207]},"properties":{"cell_id":46810,"case_count":3,"gi_zscore":-0.2022,"gi_pvalue":0.474,"significance":"not_sig","district":"BENGALURU CITY"}},{"type":"Feature","geometry":{"type":"Point","coordinates":[77.31765,12.57207]},"properties":{"cell_id":46811,"case_count":5,"gi_zscore":-0.2022,"gi_pvalue":0.447,"significance":"not_sig","district":"BENGALURU CITY"}},{"type":"Feature","geometry":{"type":"Point","coordinates":[77.32941,12.57207]},"properties":{"cell_id":46812,"case_count":13,"gi_zscore":-0.2022,"gi_pvalue":0.285,"significance":"not_sig","district":"BENGALURU CITY"}},{"type":"Feature","geometry":{"type":"Point","coordinates":[77.34118,12.57207]},"properties":{"cell_id":46813,"case_count":1,"gi_zscore":-0.197,"gi_pvalue":0.497,"significance":"not_sig","district":"BENGALURU CITY"}},{"type":"Feature","geometry":{"type":"Point","coordinates":[77.38824,12.57207]},"properties":{"cell_id":46817,"case_count":4,"gi_zscore":-0.2595,"gi_pvalue":0.201,"significance":"not_sig","district":"BENGALURU CITY"}},{"type":"Feature","geometry":{"type":"Point","coordinates":[77.4,12.57207]},"properties":{"cell_id":46818,"case_count":1,"gi_zscore":-0.2595,"gi_pvalue":0.304,"significance":"not_sig","district":"BENGALURU CITY"}},{"type":"Feature","geometry":{"type":"Point","coordinates":[77.57647,12.57207]},"properties":{"cell_id":46833,"case_count":1,"gi_zscore":-0.3115,"gi_pvalue":0.014,"significance":"cold_95","district":"BENGALURU CITY"}},{"type":"Feature","geometry":{"type":"Point","coordinates":[77.31765,12.58108]},"properties":{"cell_id":47202,"case_count":5,"gi_zscore":-0.2022,"gi_pvalue":0.451,"significance":"not_sig","district":"BENGALURU CITY"}},{"type":"Feature","geometry":{"type":"Point","coordinates":[77.56471,12.58108]},"properties":{"cell_id":47223,"case_count":1,"gi_zscore":-0.3115,"gi_pvalue":0.014,"significance":"cold_95","district":"BENGALURU CITY"}},{"type":"Feature","geometry":{"type":"Point","coordinates":[77.03529,12.59009]},"properties":{"cell_id":47569,"case_count":1,"gi_zscore":-0.2647,"gi_pvalue":0.241,"significance":"not_sig","district":"BENGALURU CITY"}},{"type":"Feature","geometry":{"type":"Point","coordinates":[77.35294,12.59009]},"properties":{"cell_id":47596,"case_count":3,"gi_zscore":-0.1814,"gi_pvalue":0.489,"significance":"not_sig","district":"BENGALURU CITY"}},{"type":"Feature","geometry":{"type":"Point","coordinates":[77.45882,12.59009]},"properties":{"cell_id":47605,"case_count":1,"gi_zscore":-0.2855,"gi_pvalue":0.14,"significance":"not_sig","district":"BENGALURU CITY"}},{"type":"Feature","geometry":{"type":"Point","coordinates":[77.54118,12.59009]},"properties":{"cell_id":47612,"case_count":1,"gi_zscore":-0.3115,"gi_pvalue":0.014,"significance":"cold_95","district":"BENGALURU CITY"}},{"type":"Feature","geometry":{"type":"Point","coordinates":[77.57647,12.59009]},"properties":{"cell_id":47615,"case_count":1,"gi_zscore":-0.3115,"gi_pvalue":0.014,"significance":"cold_95","district":"BENGALURU CITY"}},{"type":"Feature","geometry":{"type":"Point","coordinates":[77.28235,12.5991]},"properties":{"cell_id":47981,"case_count":1,"gi_zscore":-0.2022,"gi_pvalue":0.491,"significance":"not_sig","district":"BENGALURU CITY"}},{"type":"Feature","geometry":{"type":"Point","coordinates":[77.32941,12.5991]},"properties":{"cell_id":47985,"case_count":1,"gi_zscore":-0.1866,"gi_pvalue":0.486,"significance":"not_sig","district":"BENGALURU CITY"}},{"type":"Feature","geometry":{"type":"Point","coordinates":[77.34118,12.5991]},"properties":{"cell_id":47986,"case_count":1,"gi_zscore":-0.1866,"gi_pvalue":0.486,"significance":"not_sig","district":"BENGALURU CITY"}},{"type":"Feature","geometry":{"type":"Point","coordinates":[77.35294,12.5991]},"properties":{"cell_id":47987,"case_count":2,"gi_zscore":-0.1814,"gi_pvalue":0.486,"significance":"not_sig","district":"BENGALURU CITY"}},{"type":"Feature","geometry":{"type":"Point","coordinates":[77.45882,12.64414]},"properties":{"cell_id":49951,"case_count":1,"gi_zscore":-0.2907,"gi_pvalue":0.103,"significance":"not_sig","district":"BENGALURU CITY"}},{"type":"Feature","geometry":{"type":"Point","coordinates":[77.44706,12.65315]},"properties":{"cell_id":50341,"case_count":1,"gi_zscore":-0.2803,"gi_pvalue":0.163,"significance":"not_sig","district":"BENGALURU CITY"}},{"type":"Feature","geometry":{"type":"Point","coordinates":[77.35294,12.67117]},"properties":{"cell_id":51115,"case_count":2,"gi_zscore":-0.2751,"gi_pvalue":0.163,"significance":"not_sig","district":"BENGALURU CITY"}},{"type":"Feature","geometry":{"type":"Point","coordinates":[77.51765,12.77928]},"properties":{"cell_id":55821,"case_count":1,"gi_zscore":-0.3063,"gi_pvalue":0.014,"significance":"cold_95","district":"BENGALURU CITY"}},{"type":"Feature","geometry":{"type":"Point","coordinates":[77.62353,12.7973]},"properties":{"cell_id":56612,"case_count":1,"gi_zscore":-0.3011,"gi_pvalue":0.05,"significance":"cold_95","district":"BENGALURU CITY"}},{"type":"Feature","geometry":{"type":"Point","coordinates":[77.52941,12.84234]},"properties":{"cell_id":58559,"case_count":1,"gi_zscore":-0.2855,"gi_pvalue":0.103,"significance":"not_sig","district":"BENGALURU CITY"}},{"type":"Feature","geometry":{"type":"Point","coordinates":[77.57647,12.84234]},"properties":{"cell_id":58563,"case_count":3,"gi_zscore":-0.2907,"gi_pvalue":0.05,"significance":"cold_95","district":"BENGALURU CITY"}},{"type":"Feature","geometry":{"type":"Point","coordinates":[77.58824,12.84234]},"properties":{"cell_id":58564,"case_count":1,"gi_zscore":-0.2959,"gi_pvalue":0.066,"significance":"cold_90","district":"BENGALURU CITY"}},{"type":"Feature","geometry":{"type":"Point","coordinates":[77.6,12.84234]},"properties":{"cell_id":58565,"case_count":1,"gi_zscore":-0.2959,"gi_pvalue":0.066,"significance":"cold_90","district":"BENGALURU CITY"}},{"type":"Feature","geometry":{"type":"Point","coordinates":[77.63529,12.84234]},"properties":{"cell_id":58568,"case_count":1,"gi_zscore":-0.3063,"gi_pvalue":0.014,"significance":"cold_95","district":"BENGALURU CITY"}},{"type":"Feature","geometry":{"type":"Point","coordinates":[77.65882,12.84234]},"properties":{"cell_id":58570,"case_count":1,"gi_zscore":-0.3063,"gi_pvalue":0.014,"significance":"cold_95","district":"BENGALURU CITY"}},{"type":"Feature","geometry":{"type":"Point","coordinates":[77.67059,12.84234]},"properties":{"cell_id":58571,"case_count":2,"gi_zscore":-0.3063,"gi_pvalue":0.001,"significance":"cold_99","district":"BENGALURU CITY"}},{"type":"Feature","geometry":{"type":"Point","coordinates":[77.68235,12.84234]},"properties":{"cell_id":58572,"case_count":2,"gi_zscore":-0.3011,"gi_pvalue":0.029,"significance":"cold_95","district":"BENGALURU CITY"}},{"type":"Feature","geometry":{"type":"Point","coordinates":[77.65882,12.85135]},"properties":{"cell_id":58961,"case_count":1,"gi_zscore":-0.3011,"gi_pvalue":0.048,"significance":"cold_95","district":"BENGALURU CITY"}},{"type":"Feature","geometry":{"type":"Point","coordinates":[77.67059,12.85135]},"properties":{"cell_id":58962,"case_count":1,"gi_zscore":-0.3011,"gi_pvalue":0.048,"significance":"cold_95","district":"BENGALURU CITY"}},{"type":"Feature","geometry":{"type":"Point","coordinates":[77.52941,12.86036]},"properties":{"cell_id":59341,"case_count":1,"gi_zscore":-0.2907,"gi_pvalue":0.086,"significance":"cold_90","district":"BENGALURU CITY"}},{"type":"Feature","geometry":{"type":"Point","coordinates":[77.65882,12.86036]},"properties":{"cell_id":59352,"case_count":1,"gi_zscore":-0.3063,"gi_pvalue":0.013,"significance":"cold_95","district":"BENGALURU CITY"}},{"type":"Feature","geometry":{"type":"Point","coordinates":[77.48235,12.86937]},"properties":{"cell_id":59728,"case_count":1,"gi_zscore":-0.3063,"gi_pvalue":0.013,"significance":"cold_95","district":"BENGALURU CITY"}},{"type":"Feature","geometry":{"type":"Point","coordinates":[77.56471,12.86937]},"properties":{"cell_id":59735,"case_count":1,"gi_zscore":-0.2751,"gi_pvalue":0.193,"significance":"not_sig","district":"BENGALURU CITY"}},{"type":"Feature","geometry":{"type":"Point","coordinates":[77.57647,12.86937]},"properties":{"cell_id":59736,"case_count":2,"gi_zscore":-0.2907,"gi_pvalue":0.066,"significance":"cold_90","district":"BENGALURU CITY"}},{"type":"Feature","geometry":{"type":"Point","coordinates":[77.64706,12.86937]},"properties":{"cell_id":59742,"case_count":2,"gi_zscore":-0.3011,"gi_pvalue":0.029,"significance":"cold_95","district":"BENGALURU CITY"}},{"type":"Feature","geometry":{"type":"Point","coordinates":[77.65882,12.86937]},"properties":{"cell_id":59743,"case_count":1,"gi_zscore":-0.3063,"gi_pvalue":0.013,"significance":"cold_95","district":"BENGALURU CITY"}},{"type":"Feature","geometry":{"type":"Point","coordinates":[77.67059,12.86937]},"properties":{"cell_id":59744,"case_count":1,"gi_zscore":-0.3011,"gi_pvalue":0.048,"significance":"cold_95","district":"BENGALURU CITY"}},{"type":"Feature","geometry":{"type":"Point","coordinates":[77.05882,12.87838]},"properties":{"cell_id":60083,"case_count":1,"gi_zscore":-0.3063,"gi_pvalue":0.013,"significance":"cold_95","district":"BENGALURU CITY"}},{"type":"Feature","geometry":{"type":"Point","coordinates":[77.56471,12.87838]},"properties":{"cell_id":60126,"case_count":3,"gi_zscore":-0.2803,"gi_pvalue":0.105,"significance":"not_sig","district":"BENGALURU CITY"}},{"type":"Feature","geometry":{"type":"Point","coordinates":[77.57647,12.87838]},"properties":{"cell_id":60127,"case_count":1,"gi_zscore":-0.2855,"gi_pvalue":0.104,"significance":"not_sig","district":"BENGALURU CITY"}},{"type":"Feature","geometry":{"type":"Point","coordinates":[77.58824,12.87838]},"properties":{"cell_id":60128,"case_count":1,"gi_zscore":-0.2907,"gi_pvalue":0.104,"significance":"not_sig","district":"BENGALURU CITY"}},{"type":"Feature","geometry":{"type":"Point","coordinates":[77.6,12.87838]},"properties":{"cell_id":60129,"case_count":1,"gi_zscore":-0.2647,"gi_pvalue":0.269,"significance":"not_sig","district":"BENGALURU CITY"}},{"type":"Feature","geometry":{"type":"Point","coordinates":[77.61176,12.87838]},"properties":{"cell_id":60130,"case_count":2,"gi_zscore":-0.2595,"gi_pvalue":0.27,"significance":"not_sig","district":"BENGALURU CITY"}},{"type":"Feature","geometry":{"type":"Point","coordinates":[77.63529,12.87838]},"properties":{"cell_id":60132,"case_count":1,"gi_zscore":-0.2855,"gi_pvalue":0.13,"significance":"not_sig","district":"BENGALURU CITY"}},{"type":"Feature","geometry":{"type":"Point","coordinates":[77.64706,12.87838]},"properties":{"cell_id":60133,"case_count":1,"gi_zscore":-0.2907,"gi_pvalue":0.09,"significance":"cold_90","district":"BENGALURU CITY"}},{"type":"Feature","geometry":{"type":"Point","coordinates":[77.67059,12.87838]},"properties":{"cell_id":60135,"case_count":2,"gi_zscore":-0.3011,"gi_pvalue":0.031,"significance":"cold_95","district":"BENGALURU CITY"}},{"type":"Feature","geometry":{"type":"Point","coordinates":[77.49412,12.88739]},"properties":{"cell_id":60511,"case_count":1,"gi_zscore":-0.3115,"gi_pvalue":0.014,"significance":"cold_95","district":"BENGALURU CITY"}},{"type":"Feature","geometry":{"type":"Point","coordinates":[77.55294,12.88739]},"properties":{"cell_id":60516,"case_count":2,"gi_zscore":-0.2595,"gi_pvalue":0.271,"significance":"not_sig","district":"BENGALURU CITY"}},{"type":"Feature","geometry":{"type":"Point","coordinates":[77.56471,12.88739]},"properties":{"cell_id":60517,"case_count":1,"gi_zscore":-0.2699,"gi_pvalue":0.204,"significance":"not_sig","district":"BENGALURU CITY"}},{"type":"Feature","geometry":{"type":"Point","coordinates":[77.57647,12.88739]},"properties":{"cell_id":60518,"case_count":3,"gi_zscore":-0.2855,"gi_pvalue":0.08,"significance":"cold_90","district":"BENGALURU CITY"}},{"type":"Feature","geometry":{"type":"Point","coordinates":[77.58824,12.88739]},"properties":{"cell_id":60519,"case_count":1,"gi_zscore":-0.2959,"gi_pvalue":0.069,"significance":"cold_90","district":"BENGALURU CITY"}},{"type":"Feature","geometry":{"type":"Point","coordinates":[77.6,12.88739]},"properties":{"cell_id":60520,"case_count":1,"gi_zscore":-0.2647,"gi_pvalue":0.246,"significance":"not_sig","district":"BENGALURU CITY"}},{"type":"Feature","geometry":{"type":"Point","coordinates":[77.61176,12.88739]},"properties":{"cell_id":60521,"case_count":5,"gi_zscore":-0.2491,"gi_pvalue":0.207,"significance":"not_sig","district":"BENGALURU CITY"}},{"type":"Feature","geometry":{"type":"Point","coordinates":[77.62353,12.88739]},"properties":{"cell_id":60522,"case_count":1,"gi_zscore":-0.2595,"gi_pvalue":0.301,"significance":"not_sig","district":"BENGALURU CITY"}},{"type":"Feature","geometry":{"type":"Point","coordinates":[77.63529,12.88739]},"properties":{"cell_id":60523,"case_count":2,"gi_zscore":-0.2959,"gi_pvalue":0.033,"significance":"cold_95","district":"BENGALURU CITY"}},{"type":"Feature","geometry":{"type":"Point","coordinates":[77.71765,12.88739]},"properties":{"cell_id":60530,"case_count":1,"gi_zscore":-0.3063,"gi_pvalue":0.012,"significance":"cold_95","district":"BENGALURU CITY"}},{"type":"Feature","geometry":{"type":"Point","coordinates":[77.47059,12.8964]},"properties":{"cell_id":60900,"case_count":1,"gi_zscore":-0.3063,"gi_pvalue":0.012,"significance":"cold_95","district":"BENGALURU CITY"}},{"type":"Feature","geometry":{"type":"Point","coordinates":[77.52941,12.8964]},"properties":{"cell_id":60905,"case_count":1,"gi_zscore":-0.2751,"gi_pvalue":0.196,"significance":"not_sig","district":"BENGALURU CITY"}},{"type":"Feature","geometry":{"type":"Point","coordinates":[77.54118,12.8964]},"properties":{"cell_id":60906,"case_count":3,"gi_zscore":-0.2751,"gi_pvalue":0.111,"significance":"not_sig","district":"BENGALURU CITY"}},{"type":"Feature","geometry":{"type":"Point","coordinates":[77.57647,12.8964]},"properties":{"cell_id":60909,"case_count":2,"gi_zscore":-0.2803,"gi_pvalue":0.146,"significance":"not_sig","district":"BENGALURU CITY"}},{"type":"Feature","geometry":{"type":"Point","coordinates":[77.6,12.8964]},"properties":{"cell_id":60911,"case_count":2,"gi_zscore":-0.2595,"gi_pvalue":0.271,"significance":"not_sig","district":"BENGALURU CITY"}},{"type":"Feature","geometry":{"type":"Point","coordinates":[77.61176,12.8964]},"properties":{"cell_id":60912,"case_count":5,"gi_zscore":-0.2543,"gi_pvalue":0.207,"significance":"not_sig","district":"BENGALURU CITY"}},{"type":"Feature","geometry":{"type":"Point","coordinates":[77.62353,12.8964]},"properties":{"cell_id":60913,"case_count":2,"gi_zscore":-0.2543,"gi_pvalue":0.298,"significance":"not_sig","district":"BENGALURU CITY"}},{"type":"Feature","geometry":{"type":"Point","coordinates":[77.63529,12.8964]},"properties":{"cell_id":60914,"case_count":1,"gi_zscore":-0.2959,"gi_pvalue":0.045,"significance":"cold_95","district":"BENGALURU CITY"}},{"type":"Feature","geometry":{"type":"Point","coordinates":[77.64706,12.8964]},"properties":{"cell_id":60915,"case_count":3,"gi_zscore":-0.2855,"gi_pvalue":0.07,"significance":"cold_90","district":"BENGALURU CITY"}},{"type":"Feature","geometry":{"type":"Point","coordinates":[77.65882,12.8964]},"properties":{"cell_id":60916,"case_count":2,"gi_zscore":-0.2855,"gi_pvalue":0.077,"significance":"cold_90","district":"BENGALURU CITY"}},{"type":"Feature","geometry":{"type":"Point","coordinates":[77.68235,12.8964]},"properties":{"cell_id":60918,"case_count":1,"gi_zscore":-0.2959,"gi_pvalue":0.07,"significance":"cold_90","district":"BENGALURU CITY"}},{"type":"Feature","geometry":{"type":"Point","coordinates":[77.69412,12.8964]},"properties":{"cell_id":60919,"case_count":2,"gi_zscore":-0.3063,"gi_pvalue":0.001,"significance":"cold_99","district":"BENGALURU CITY"}},{"type":"Feature","geometry":{"type":"Point","coordinates":[77.71765,12.8964]},"properties":{"cell_id":60921,"case_count":1,"gi_zscore":-0.3063,"gi_pvalue":0.011,"significance":"cold_95","district":"BENGALURU CITY"}},{"type":"Feature","geometry":{"type":"Point","coordinates":[77.72941,12.8964]},"properties":{"cell_id":60922,"case_count":1,"gi_zscore":-0.3063,"gi_pvalue":0.011,"significance":"cold_95","district":"BENGALURU CITY"}},{"type":"Feature","geometry":{"type":"Point","coordinates":[77.47059,12.90541]},"properties":{"cell_id":61291,"case_count":1,"gi_zscore":-0.2959,"gi_pvalue":0.045,"significance":"cold_95","district":"BENGALURU CITY"}},{"type":"Feature","geometry":{"type":"Point","coordinates":[77.48235,12.90541]},"properties":{"cell_id":61292,"case_count":1,"gi_zscore":-0.2959,"gi_pvalue":0.045,"significance":"cold_95","district":"BENGALURU CITY"}},{"type":"Feature","geometry":{"type":"Point","coordinates":[77.49412,12.90541]},"properties":{"cell_id":61293,"case_count":1,"gi_zscore":-0.3011,"gi_pvalue":0.034,"significance":"cold_95","district":"BENGALURU CITY"}},{"type":"Feature","geometry":{"type":"Point","coordinates":[77.54118,12.90541]},"properties":{"cell_id":61297,"case_count":2,"gi_zscore":-0.2543,"gi_pvalue":0.298,"significance":"not_sig","district":"BENGALURU CITY"}},{"type":"Feature","geometry":{"type":"Point","coordinates":[77.55294,12.90541]},"properties":{"cell_id":61298,"case_count":2,"gi_zscore":-0.2491,"gi_pvalue":0.298,"significance":"not_sig","district":"BENGALURU CITY"}},{"type":"Feature","geometry":{"type":"Point","coordinates":[77.56471,12.90541]},"properties":{"cell_id":61299,"case_count":3,"gi_zscore":-0.2595,"gi_pvalue":0.214,"significance":"not_sig","district":"BENGALURU CITY"}},{"type":"Feature","geometry":{"type":"Point","coordinates":[77.57647,12.90541]},"properties":{"cell_id":61300,"case_count":1,"gi_zscore":-0.2491,"gi_pvalue":0.346,"significance":"not_sig","district":"BENGALURU CITY"}},{"type":"Feature","geometry":{"type":"Point","coordinates":[77.58824,12.90541]},"properties":{"cell_id":61301,"case_count":1,"gi_zscore":-0.2751,"gi_pvalue":0.174,"significance":"not_sig","district":"BENGALURU CITY"}},{"type":"Feature","geometry":{"type":"Point","coordinates":[77.6,12.90541]},"properties":{"cell_id":61302,"case_count":1,"gi_zscore":-0.2178,"gi_pvalue":0.464,"significance":"not_sig","district":"BENGALURU CITY"}},{"type":"Feature","geometry":{"type":"Point","coordinates":[77.61176,12.90541]},"properties":{"cell_id":61303,"case_count":3,"gi_zscore":-0.2178,"gi_pvalue":0.419,"significance":"not_sig","district":"BENGALURU CITY"}},{"type":"Feature","geometry":{"type":"Point","coordinates":[77.62353,12.90541]},"properties":{"cell_id":61304,"case_count":1,"gi_zscore":-0.2335,"gi_pvalue":0.411,"significance":"not_sig","district":"BENGALURU CITY"}},{"type":"Feature","geometry":{"type":"Point","coordinates":[77.63529,12.90541]},"properties":{"cell_id":61305,"case_count":1,"gi_zscore":-0.2751,"gi_pvalue":0.175,"significance":"not_sig","district":"BENGALURU CITY"}},{"type":"Feature","geometry":{"type":"Point","coordinates":[77.64706,12.90541]},"properties":{"cell_id":61306,"case_count":1,"gi_zscore":-0.2647,"gi_pvalue":0.245,"significance":"not_sig","district":"BENGALURU CITY"}},{"type":"Feature","geometry":{"type":"Point","coordinates":[77.67059,12.90541]},"properties":{"cell_id":61308,"case_count":1,"gi_zscore":-0.2907,"gi_pvalue":0.112,"significance":"not_sig","district":"BENGALURU CITY"}},{"type":"Feature","geometry":{"type":"Point","coordinates":[77.69412,12.90541]},"properties":{"cell_id":61310,"case_count":2,"gi_zscore":-0.3063,"gi_pvalue":0.002,"significance":"cold_99","district":"BENGALURU CITY"}},{"type":"Feature","geometry":{"type":"Point","coordinates":[77.72941,12.90541]},"properties":{"cell_id":61313,"case_count":1,"gi_zscore":-0.3115,"gi_pvalue":0.011,"significance":"cold_95","district":"BENGALURU CITY"}},{"type":"Feature","geometry":{"type":"Point","coordinates":[77.47059,12.91441]},"properties":{"cell_id":61682,"case_count":2,"gi_zscore":-0.2959,"gi_pvalue":0.032,"significance":"cold_95","district":"BENGALURU CITY"}},{"type":"Feature","geometry":{"type":"Point","coordinates":[77.48235,12.91441]},"properties":{"cell_id":61683,"case_count":2,"gi_zscore":-0.2959,"gi_pvalue":0.032,"significance":"cold_95","district":"BENGALURU CITY"}},{"type":"Feature","geometry":{"type":"Point","coordinates":[77.49412,12.91441]},"properties":{"cell_id":61684,"case_count":1,"gi_zscore":-0.2907,"gi_pvalue":0.089,"significance":"cold_90","district":"BENGALURU CITY"}},{"type":"Feature","geometry":{"type":"Point","coordinates":[77.51765,12.91441]},"properties":{"cell_id":61686,"case_count":1,"gi_zscore":-0.2803,"gi_pvalue":0.165,"significance":"not_sig","district":"BENGALURU CITY"}},{"type":"Feature","geometry":{"type":"Point","coordinates":[77.52941,12.91441]},"properties":{"cell_id":61687,"case_count":1,"gi_zscore":-0.2543,"gi_pvalue":0.332,"significance":"not_sig","district":"BENGALURU CITY"}},{"type":"Feature","geometry":{"type":"Point","coordinates":[77.54118,12.91441]},"properties":{"cell_id":61688,"case_count":2,"gi_zscore":-0.2231,"gi_pvalue":0.43,"significance":"not_sig","district":"BENGALURU CITY"}},{"type":"Feature","geometry":{"type":"Point","coordinates":[77.55294,12.91441]},"properties":{"cell_id":61689,"case_count":3,"gi_zscore":-0.2387,"gi_pvalue":0.344,"significance":"not_sig","district":"BENGALURU CITY"}},{"type":"Feature","geometry":{"type":"Point","coordinates":[77.56471,12.91441]},"properties":{"cell_id":61690,"case_count":2,"gi_zscore":-0.2231,"gi_pvalue":0.418,"significance":"not_sig","district":"BENGALURU CITY"}},{"type":"Feature","geometry":{"type":"Point","coordinates":[77.57647,12.91441]},"properties":{"cell_id":61691,"case_count":3,"gi_zscore":-0.2335,"gi_pvalue":0.351,"significance":"not_sig","district":"BENGALURU CITY"}},{"type":"Feature","geometry":{"type":"Point","coordinates":[77.58824,12.91441]},"properties":{"cell_id":61692,"case_count":3,"gi_zscore":-0.2387,"gi_pvalue":0.344,"significance":"not_sig","district":"BENGALURU CITY"}},{"type":"Feature","geometry":{"type":"Point","coordinates":[77.6,12.91441]},"properties":{"cell_id":61693,"case_count":3,"gi_zscore":-0.2074,"gi_pvalue":0.453,"significance":"not_sig","district":"BENGALURU CITY"}},{"type":"Feature","geometry":{"type":"Point","coordinates":[77.61176,12.91441]},"properties":{"cell_id":61694,"case_count":7,"gi_zscore":-0.2178,"gi_pvalue":0.346,"significance":"not_sig","district":"BENGALURU CITY"}},{"type":"Feature","geometry":{"type":"Point","coordinates":[77.63529,12.91441]},"properties":{"cell_id":61696,"case_count":3,"gi_zscore":-0.2751,"gi_pvalue":0.118,"significance":"not_sig","district":"BENGALURU CITY"}},{"type":"Feature","geometry":{"type":"Point","coordinates":[77.64706,12.91441]},"properties":{"cell_id":61697,"case_count":3,"gi_zscore":-0.2699,"gi_pvalue":0.166,"significance":"not_sig","district":"BENGALURU CITY"}},{"type":"Feature","geometry":{"type":"Point","coordinates":[77.67059,12.91441]},"properties":{"cell_id":61699,"case_count":1,"gi_zscore":-0.2959,"gi_pvalue":0.071,"significance":"cold_90","district":"BENGALURU CITY"}},{"type":"Feature","geometry":{"type":"Point","coordinates":[77.69412,12.91441]},"properties":{"cell_id":61701,"case_count":1,"gi_zscore":-0.2959,"gi_pvalue":0.071,"significance":"cold_90","district":"BENGALURU CITY"}},{"type":"Feature","geometry":{"type":"Point","coordinates":[77.71765,12.91441]},"properties":{"cell_id":61703,"case_count":1,"gi_zscore":-0.3115,"gi_pvalue":0.011,"significance":"cold_95","district":"BENGALURU CITY"}},{"type":"Feature","geometry":{"type":"Point","coordinates":[77.72941,12.91441]},"properties":{"cell_id":61704,"case_count":1,"gi_zscore":-0.3063,"gi_pvalue":0.011,"significance":"cold_95","district":"BENGALURU CITY"}},{"type":"Feature","geometry":{"type":"Point","coordinates":[77.48235,12.92342]},"properties":{"cell_id":62074,"case_count":1,"gi_zscore":-0.2907,"gi_pvalue":0.089,"significance":"cold_90","district":"BENGALURU CITY"}},{"type":"Feature","geometry":{"type":"Point","coordinates":[77.49412,12.92342]},"properties":{"cell_id":62075,"case_count":3,"gi_zscore":-0.2855,"gi_pvalue":0.042,"significance":"cold_95","district":"BENGALURU CITY"}},{"type":"Feature","geometry":{"type":"Point","coordinates":[77.51765,12.92342]},"properties":{"cell_id":62077,"case_count":3,"gi_zscore":-0.2387,"gi_pvalue":0.345,"significance":"not_sig","district":"BENGALURU CITY"}},{"type":"Feature","geometry":{"type":"Point","coordinates":[77.54118,12.92342]},"properties":{"cell_id":62079,"case_count":5,"gi_zscore":-0.2074,"gi_pvalue":0.419,"significance":"not_sig","district":"BENGALURU CITY"}},{"type":"Feature","geometry":{"type":"Point","coordinates":[77.56471,12.92342]},"properties":{"cell_id":62081,"case_count":3,"gi_zscore":-0.2178,"gi_pvalue":0.419,"significance":"not_sig","district":"BENGALURU CITY"}},{"type":"Feature","geometry":{"type":"Point","coordinates":[77.57647,12.92342]},"properties":{"cell_id":62082,"case_count":4,"gi_zscore":-0.2022,"gi_pvalue":0.466,"significance":"not_sig","district":"BENGALURU CITY"}},{"type":"Feature","geometry":{"type":"Point","coordinates":[77.58824,12.92342]},"properties":{"cell_id":62083,"case_count":5,"gi_zscore":-0.2231,"gi_pvalue":0.38,"significance":"not_sig","district":"BENGALURU CITY"}},{"type":"Feature","geometry":{"type":"Point","coordinates":[77.6,12.92342]},"properties":{"cell_id":62084,"case_count":3,"gi_zscore":-0.1918,"gi_pvalue":0.492,"significance":"not_sig","district":"BENGALURU CITY"}},{"type":"Feature","geometry":{"type":"Point","coordinates":[77.61176,12.92342]},"properties":{"cell_id":62085,"case_count":4,"gi_zscore":-0.2074,"gi_pvalue":0.448,"significance":"not_sig","district":"BENGALURU CITY"}},{"type":"Feature","geometry":{"type":"Point","coordinates":[77.62353,12.92342]},"properties":{"cell_id":62086,"case_count":2,"gi_zscore":-0.2335,"gi_pvalue":0.376,"significance":"not_sig","district":"BENGALURU CITY"}},{"type":"Feature","geometry":{"type":"Point","coordinates":[77.63529,12.92342]},"properties":{"cell_id":62087,"case_count":2,"gi_zscore":-0.2751,"gi_pvalue":0.176,"significance":"not_sig","district":"BENGALURU CITY"}},{"type":"Feature","geometry":{"type":"Point","coordinates":[77.64706,12.92342]},"properties":{"cell_id":62088,"case_count":3,"gi_zscore":-0.2751,"gi_pvalue":0.145,"significance":"not_sig","district":"BENGALURU CITY"}},{"type":"Feature","geometry":{"type":"Point","coordinates":[77.67059,12.92342]},"properties":{"cell_id":62090,"case_count":3,"gi_zscore":-0.2803,"gi_pvalue":0.114,"significance":"not_sig","district":"BENGALURU CITY"}},{"type":"Feature","geometry":{"type":"Point","coordinates":[77.68235,12.92342]},"properties":{"cell_id":62091,"case_count":1,"gi_zscore":-0.2907,"gi_pvalue":0.114,"significance":"not_sig","district":"BENGALURU CITY"}},{"type":"Feature","geometry":{"type":"Point","coordinates":[77.49412,12.93243]},"properties":{"cell_id":62466,"case_count":2,"gi_zscore":-0.2959,"gi_pvalue":0.03,"significance":"cold_95","district":"BENGALURU CITY"}},{"type":"Feature","geometry":{"type":"Point","coordinates":[77.51765,12.93243]},"properties":{"cell_id":62468,"case_count":1,"gi_zscore":-0.2231,"gi_pvalue":0.447,"significance":"not_sig","district":"BENGALURU CITY"}},{"type":"Feature","geometry":{"type":"Point","coordinates":[77.52941,12.93243]},"properties":{"cell_id":62469,"case_count":3,"gi_zscore":-0.197,"gi_pvalue":0.486,"significance":"not_sig","district":"BENGALURU CITY"}},{"type":"Feature","geometry":{"type":"Point","coordinates":[77.54118,12.93243]},"properties":{"cell_id":62470,"case_count":7,"gi_zscore":-0.1606,"gi_pvalue":0.492,"significance":"not_sig","district":"BENGALURU CITY"}},{"type":"Feature","geometry":{"type":"Point","coordinates":[77.55294,12.93243]},"properties":{"cell_id":62471,"case_count":2,"gi_zscore":-0.171,"gi_pvalue":0.479,"significance":"not_sig","district":"BENGALURU CITY"}},{"type":"Feature","geometry":{"type":"Point","coordinates":[77.56471,12.93243]},"properties":{"cell_id":62472,"case_count":6,"gi_zscore":-0.2231,"gi_pvalue":0.357,"significance":"not_sig","district":"BENGALURU CITY"}},{"type":"Feature","geometry":{"type":"Point","coordinates":[77.57647,12.93243]},"properties":{"cell_id":62473,"case_count":2,"gi_zscore":-0.2178,"gi_pvalue":0.447,"significance":"not_sig","district":"BENGALURU CITY"}},{"type":"Feature","geometry":{"type":"Point","coordinates":[77.58824,12.93243]},"properties":{"cell_id":62474,"case_count":3,"gi_zscore":-0.2178,"gi_pvalue":0.414,"significance":"not_sig","district":"BENGALURU CITY"}},{"type":"Feature","geometry":{"type":"Point","coordinates":[77.6,12.93243]},"properties":{"cell_id":62475,"case_count":1,"gi_zscore":-0.2022,"gi_pvalue":0.493,"significance":"not_sig","district":"BENGALURU CITY"}},{"type":"Feature","geometry":{"type":"Point","coordinates":[77.61176,12.93243]},"properties":{"cell_id":62476,"case_count":4,"gi_zscore":-0.197,"gi_pvalue":0.475,"significance":"not_sig","district":"BENGALURU CITY"}},{"type":"Feature","geometry":{"type":"Point","coordinates":[77.63529,12.93243]},"properties":{"cell_id":62478,"case_count":1,"gi_zscore":-0.2751,"gi_pvalue":0.203,"significance":"not_sig","district":"BENGALURU CITY"}},{"type":"Feature","geometry":{"type":"Point","coordinates":[77.67059,12.93243]},"properties":{"cell_id":62481,"case_count":1,"gi_zscore":-0.2855,"gi_pvalue":0.148,"significance":"not_sig","district":"BENGALURU CITY"}},{"type":"Feature","geometry":{"type":"Point","coordinates":[77.68235,12.93243]},"properties":{"cell_id":62482,"case_count":2,"gi_zscore":-0.2959,"gi_pvalue":0.032,"significance":"cold_95","district":"BENGALURU CITY"}},{"type":"Feature","geometry":{"type":"Point","coordinates":[77.69412,12.93243]},"properties":{"cell_id":62483,"case_count":2,"gi_zscore":-0.2907,"gi_pvalue":0.083,"significance":"cold_90","district":"BENGALURU CITY"}},{"type":"Feature","geometry":{"type":"Point","coordinates":[77.49412,12.94144]},"properties":{"cell_id":62857,"case_count":1,"gi_zscore":-0.2751,"gi_pvalue":0.18,"significance":"not_sig","district":"BENGALURU CITY"}},{"type":"Feature","geometry":{"type":"Point","coordinates":[77.51765,12.94144]},"properties":{"cell_id":62859,"case_count":4,"gi_zscore":-0.197,"gi_pvalue":0.472,"significance":"not_sig","district":"BENGALURU CITY"}},{"type":"Feature","geometry":{"type":"Point","coordinates":[77.52941,12.94144]},"properties":{"cell_id":62860,"case_count":3,"gi_zscore":-0.145,"gi_pvalue":0.454,"significance":"not_sig","district":"BENGALURU CITY"}},{"type":"Feature","geometry":{"type":"Point","coordinates":[77.54118,12.94144]},"properties":{"cell_id":62861,"case_count":5,"gi_zscore":-0.1242,"gi_pvalue":0.444,"significance":"not_sig","district":"BENGALURU CITY"}},{"type":"Feature","geometry":{"type":"Point","coordinates":[77.55294,12.94144]},"properties":{"cell_id":62862,"case_count":4,"gi_zscore":-0.1398,"gi_pvalue":0.456,"significance":"not_sig","district":"BENGALURU CITY"}},{"type":"Feature","geometry":{"type":"Point","coordinates":[77.56471,12.94144]},"properties":{"cell_id":62863,"case_count":2,"gi_zscore":-0.197,"gi_pvalue":0.49,"significance":"not_sig","district":"BENGALURU CITY"}},{"type":"Feature","geometry":{"type":"Point","coordinates":[77.57647,12.94144]},"properties":{"cell_id":62864,"case_count":2,"gi_zscore":-0.2126,"gi_pvalue":0.451,"significance":"not_sig","district":"BENGALURU CITY"}},{"type":"Feature","geometry":{"type":"Point","coordinates":[77.58824,12.94144]},"properties":{"cell_id":62865,"case_count":1,"gi_zscore":-0.2283,"gi_pvalue":0.414,"significance":"not_sig","district":"BENGALURU CITY"}},{"type":"Feature","geometry":{"type":"Point","coordinates":[77.6,12.94144]},"properties":{"cell_id":62866,"case_count":7,"gi_zscore":-0.2074,"gi_pvalue":0.397,"significance":"not_sig","district":"BENGALURU CITY"}},{"type":"Feature","geometry":{"type":"Point","coordinates":[77.61176,12.94144]},"properties":{"cell_id":62867,"case_count":3,"gi_zscore":-0.2126,"gi_pvalue":0.429,"significance":"not_sig","district":"BENGALURU CITY"}},{"type":"Feature","geometry":{"type":"Point","coordinates":[77.62353,12.94144]},"properties":{"cell_id":62868,"case_count":1,"gi_zscore":-0.2491,"gi_pvalue":0.342,"significance":"not_sig","district":"BENGALURU CITY"}},{"type":"Feature","geometry":{"type":"Point","coordinates":[77.63529,12.94144]},"properties":{"cell_id":62869,"case_count":1,"gi_zscore":-0.2907,"gi_pvalue":0.116,"significance":"not_sig","district":"BENGALURU CITY"}},{"type":"Feature","geometry":{"type":"Point","coordinates":[77.72941,12.94144]},"properties":{"cell_id":62877,"case_count":1,"gi_zscore":-0.2907,"gi_pvalue":0.116,"significance":"not_sig","district":"BENGALURU CITY"}},{"type":"Feature","geometry":{"type":"Point","coordinates":[77.74118,12.94144]},"properties":{"cell_id":62878,"case_count":3,"gi_zscore":-0.2855,"gi_pvalue":0.085,"significance":"cold_90","district":"BENGALURU CITY"}},{"type":"Feature","geometry":{"type":"Point","coordinates":[77.75294,12.94144]},"properties":{"cell_id":62879,"case_count":3,"gi_zscore":-0.2855,"gi_pvalue":0.085,"significance":"cold_90","district":"BENGALURU CITY"}},{"type":"Feature","geometry":{"type":"Point","coordinates":[77.96471,12.94144]},"properties":{"cell_id":62897,"case_count":1,"gi_zscore":-0.2907,"gi_pvalue":0.117,"significance":"not_sig","district":"BENGALURU CITY"}},{"type":"Feature","geometry":{"type":"Point","coordinates":[77.48235,12.95045]},"properties":{"cell_id":63247,"case_count":1,"gi_zscore":-0.2855,"gi_pvalue":0.139,"significance":"not_sig","district":"BENGALURU CITY"}},{"type":"Feature","geometry":{"type":"Point","coordinates":[77.49412,12.95045]},"properties":{"cell_id":63248,"case_count":1,"gi_zscore":-0.2803,"gi_pvalue":0.172,"significance":"not_sig","district":"BENGALURU CITY"}},{"type":"Feature","geometry":{"type":"Point","coordinates":[77.51765,12.95045]},"properties":{"cell_id":63250,"case_count":1,"gi_zscore":-0.1918,"gi_pvalue":0.487,"significance":"not_sig","district":"BENGALURU CITY"}},{"type":"Feature","geometry":{"type":"Point","coordinates":[77.52941,12.95045]},"properties":{"cell_id":63251,"case_count":10,"gi_zscore":-0.093,"gi_pvalue":0.44,"significance":"not_sig","district":"BENGALURU CITY"}},{"type":"Feature","geometry":{"type":"Point","coordinates":[77.54118,12.95045]},"properties":{"cell_id":63252,"case_count":8,"gi_zscore":-0.1034,"gi_pvalue":0.44,"significance":"not_sig","district":"BENGALURU CITY"}},{"type":"Feature","geometry":{"type":"Point","coordinates":[77.55294,12.95045]},"properties":{"cell_id":63253,"case_count":4,"gi_zscore":-0.1346,"gi_pvalue":0.451,"significance":"not_sig","district":"BENGALURU CITY"}},{"type":"Feature","geometry":{"type":"Point","coordinates":[77.56471,12.95045]},"properties":{"cell_id":63254,"case_count":5,"gi_zscore":-0.1398,"gi_pvalue":0.456,"significance":"not_sig","district":"BENGALURU CITY"}},{"type":"Feature","geometry":{"type":"Point","coordinates":[77.57647,12.95045]},"properties":{"cell_id":63255,"case_count":5,"gi_zscore":-0.1398,"gi_pvalue":0.461,"significance":"not_sig","district":"BENGALURU CITY"}},{"type":"Feature","geometry":{"type":"Point","coordinates":[77.58824,12.95045]},"properties":{"cell_id":63256,"case_count":3,"gi_zscore":-0.1398,"gi_pvalue":0.451,"significance":"not_sig","district":"BENGALURU CITY"}},{"type":"Feature","geometry":{"type":"Point","coordinates":[77.6,12.95045]},"properties":{"cell_id":63257,"case_count":2,"gi_zscore":-0.1658,"gi_pvalue":0.469,"significance":"not_sig","district":"BENGALURU CITY"}},{"type":"Feature","geometry":{"type":"Point","coordinates":[77.61176,12.95045]},"properties":{"cell_id":63258,"case_count":6,"gi_zscore":-0.1866,"gi_pvalue":0.465,"significance":"not_sig","district":"BENGALURU CITY"}},{"type":"Feature","geometry":{"type":"Point","coordinates":[77.62353,12.95045]},"properties":{"cell_id":63259,"case_count":1,"gi_zscore":-0.2074,"gi_pvalue":0.483,"significance":"not_sig","district":"BENGALURU CITY"}},{"type":"Feature","geometry":{"type":"Point","coordinates":[77.68235,12.95045]},"properties":{"cell_id":63264,"case_count":1,"gi_zscore":-0.3011,"gi_pvalue":0.047,"significance":"cold_95","district":"BENGALURU CITY"}},{"type":"Feature","geometry":{"type":"Point","coordinates":[77.69412,12.95045]},"properties":{"cell_id":63265,"case_count":1,"gi_zscore":-0.2959,"gi_pvalue":0.077,"significance":"cold_90","district":"BENGALURU CITY"}},{"type":"Feature","geometry":{"type":"Point","coordinates":[77.70588,12.95045]},"properties":{"cell_id":63266,"case_count":2,"gi_zscore":-0.3011,"gi_pvalue":0.03,"significance":"cold_95","district":"BENGALURU CITY"}},{"type":"Feature","geometry":{"type":"Point","coordinates":[77.72941,12.95045]},"properties":{"cell_id":63268,"case_count":1,"gi_zscore":-0.2855,"gi_pvalue":0.114,"significance":"not_sig","district":"BENGALURU CITY"}},{"type":"Feature","geometry":{"type":"Point","coordinates":[77.15294,12.95946]},"properties":{"cell_id":63610,"case_count":1,"gi_zscore":-0.3063,"gi_pvalue":0.011,"significance":"cold_95","district":"BENGALURU CITY"}},{"type":"Feature","geometry":{"type":"Point","coordinates":[77.25882,12.95946]},"properties":{"cell_id":63619,"case_count":1,"gi_zscore":-0.3115,"gi_pvalue":0.011,"significance":"cold_95","district":"BENGALURU CITY"}},{"type":"Feature","geometry":{"type":"Point","coordinates":[77.47059,12.95946]},"properties":{"cell_id":63637,"case_count":1,"gi_zscore":-0.2803,"gi_pvalue":0.167,"significance":"not_sig","district":"BENGALURU CITY"}},{"type":"Feature","geometry":{"type":"Point","coordinates":[77.49412,12.95946]},"properties":{"cell_id":63639,"case_count":3,"gi_zscore":-0.2803,"gi_pvalue":0.116,"significance":"not_sig","district":"BENGALURU CITY"}},{"type":"Feature","geometry":{"type":"Point","coordinates":[77.50588,12.95946]},"properties":{"cell_id":63640,"case_count":1,"gi_zscore":-0.2491,"gi_pvalue":0.347,"significance":"not_sig","district":"BENGALURU CITY"}},{"type":"Feature","geometry":{"type":"Point","coordinates":[77.51765,12.95946]},"properties":{"cell_id":63641,"case_count":6,"gi_zscore":-0.145,"gi_pvalue":0.463,"significance":"not_sig","district":"BENGALURU CITY"}},{"type":"Feature","geometry":{"type":"Point","coordinates":[77.52941,12.95946]},"properties":{"cell_id":63642,"case_count":5,"gi_zscore":-0.0617,"gi_pvalue":0.393,"significance":"not_sig","district":"BENGALURU CITY"}},{"type":"Feature","geometry":{"type":"Point","coordinates":[77.54118,12.95946]},"properties":{"cell_id":63643,"case_count":10,"gi_zscore":-0.0409,"gi_pvalue":0.396,"significance":"not_sig","district":"BENGALURU CITY"}},{"type":"Feature","geometry":{"type":"Point","coordinates":[77.55294,12.95946]},"properties":{"cell_id":63644,"case_count":1,"gi_zscore":-0.0982,"gi_pvalue":0.405,"significance":"not_sig","district":"BENGALURU CITY"}},{"type":"Feature","geometry":{"type":"Point","coordinates":[77.56471,12.95946]},"properties":{"cell_id":63645,"case_count":5,"gi_zscore":-0.0149,"gi_pvalue":0.375,"significance":"not_sig","district":"BENGALURU CITY"}},{"type":"Feature","geometry":{"type":"Point","coordinates":[77.57647,12.95946]},"properties":{"cell_id":63646,"case_count":15,"gi_zscore":0.0059,"gi_pvalue":0.378,"significance":"not_sig","district":"BENGALURU CITY"}},{"type":"Feature","geometry":{"type":"Point","coordinates":[77.58824,12.95946]},"properties":{"cell_id":63647,"case_count":5,"gi_zscore":0.0632,"gi_pvalue":0.339,"significance":"not_sig","district":"BENGALURU CITY"}},{"type":"Feature","geometry":{"type":"Point","coordinates":[77.6,12.95946]},"properties":{"cell_id":63648,"case_count":3,"gi_zscore":-0.0461,"gi_pvalue":0.377,"significance":"not_sig","district":"BENGALURU CITY"}},{"type":"Feature","geometry":{"type":"Point","coordinates":[77.61176,12.95946]},"properties":{"cell_id":63649,"case_count":8,"gi_zscore":-0.0877,"gi_pvalue":0.423,"significance":"not_sig","district":"BENGALURU CITY"}},{"type":"Feature","geometry":{"type":"Point","coordinates":[77.62353,12.95946]},"properties":{"cell_id":63650,"case_count":3,"gi_zscore":-0.1866,"gi_pvalue":0.499,"significance":"not_sig","district":"BENGALURU CITY"}},{"type":"Feature","geometry":{"type":"Point","coordinates":[77.63529,12.95946]},"properties":{"cell_id":63651,"case_count":2,"gi_zscore":-0.2543,"gi_pvalue":0.304,"significance":"not_sig","district":"BENGALURU CITY"}},{"type":"Feature","geometry":{"type":"Point","coordinates":[77.64706,12.95946]},"properties":{"cell_id":63652,"case_count":1,"gi_zscore":-0.2699,"gi_pvalue":0.203,"significance":"not_sig","district":"BENGALURU CITY"}},{"type":"Feature","geometry":{"type":"Point","coordinates":[77.65882,12.95946]},"properties":{"cell_id":63653,"case_count":1,"gi_zscore":-0.3063,"gi_pvalue":0.011,"significance":"cold_95","district":"BENGALURU CITY"}},{"type":"Feature","geometry":{"type":"Point","coordinates":[77.67059,12.95946]},"properties":{"cell_id":63654,"case_count":1,"gi_zscore":-0.3063,"gi_pvalue":0.011,"significance":"cold_95","district":"BENGALURU CITY"}},{"type":"Feature","geometry":{"type":"Point","coordinates":[77.68235,12.95946]},"properties":{"cell_id":63655,"case_count":1,"gi_zscore":-0.3115,"gi_pvalue":0.011,"significance":"cold_95","district":"BENGALURU CITY"}},{"type":"Feature","geometry":{"type":"Point","coordinates":[77.69412,12.95946]},"properties":{"cell_id":63656,"case_count":2,"gi_zscore":-0.3063,"gi_pvalue":0.003,"significance":"cold_99","district":"BENGALURU CITY"}},{"type":"Feature","geometry":{"type":"Point","coordinates":[77.70588,12.95946]},"properties":{"cell_id":63657,"case_count":1,"gi_zscore":-0.3063,"gi_pvalue":0.011,"significance":"cold_95","district":"BENGALURU CITY"}},{"type":"Feature","geometry":{"type":"Point","coordinates":[77.72941,12.95946]},"properties":{"cell_id":63659,"case_count":1,"gi_zscore":-0.2907,"gi_pvalue":0.114,"significance":"not_sig","district":"BENGALURU CITY"}},{"type":"Feature","geometry":{"type":"Point","coordinates":[77.74118,12.95946]},"properties":{"cell_id":63660,"case_count":1,"gi_zscore":-0.2803,"gi_pvalue":0.18,"significance":"not_sig","district":"BENGALURU CITY"}},{"type":"Feature","geometry":{"type":"Point","coordinates":[77.49412,12.96847]},"properties":{"cell_id":64030,"case_count":4,"gi_zscore":-0.2699,"gi_pvalue":0.151,"significance":"not_sig","district":"BENGALURU CITY"}},{"type":"Feature","geometry":{"type":"Point","coordinates":[77.50588,12.96847]},"properties":{"cell_id":64031,"case_count":2,"gi_zscore":-0.2491,"gi_pvalue":0.308,"significance":"not_sig","district":"BENGALURU CITY"}},{"type":"Feature","geometry":{"type":"Point","coordinates":[77.51765,12.96847]},"properties":{"cell_id":64032,"case_count":2,"gi_zscore":-0.1866,"gi_pvalue":0.492,"significance":"not_sig","district":"BENGALURU CITY"}},{"type":"Feature","geometry":{"type":"Point","coordinates":[77.52941,12.96847]},"properties":{"cell_id":64033,"case_count":11,"gi_zscore":-0.0617,"gi_pvalue":0.418,"significance":"not_sig","district":"BENGALURU CITY"}},{"type":"Feature","geometry":{"type":"Point","coordinates":[77.54118,12.96847]},"properties":{"cell_id":64034,"case_count":5,"gi_zscore":-0.0773,"gi_pvalue":0.4,"significance":"not_sig","district":"BENGALURU CITY"}},{"type":"Feature","geometry":{"type":"Point","coordinates":[77.55294,12.96847]},"properties":{"cell_id":64035,"case_count":8,"gi_zscore":-0.119,"gi_pvalue":0.451,"significance":"not_sig","district":"BENGALURU CITY"}},{"type":"Feature","geometry":{"type":"Point","coordinates":[77.56471,12.96847]},"properties":{"cell_id":64036,"case_count":5,"gi_zscore":-0.0253,"gi_pvalue":0.374,"significance":"not_sig","district":"BENGALURU CITY"}},{"type":"Feature","geometry":{"type":"Point","coordinates":[77.57647,12.96847]},"properties":{"cell_id":64037,"case_count":19,"gi_zscore":0.0111,"gi_pvalue":0.391,"significance":"not_sig","district":"BENGALURU CITY"}},{"type":"Feature","geometry":{"type":"Point","coordinates":[77.58824,12.96847]},"properties":{"cell_id":64038,"case_count":9,"gi_zscore":0.6564,"gi_pvalue":0.047,"significance":"hot_95","district":"BENGALURU CITY"}},{"type":"Feature","geometry":{"type":"Point","coordinates":[77.6,12.96847]},"properties":{"cell_id":64039,"case_count":21,"gi_zscore":0.6356,"gi_pvalue":0.06,"significance":"hot_90","district":"BENGALURU CITY"}},{"type":"Feature","geometry":{"type":"Point","coordinates":[77.61176,12.96847]},"properties":{"cell_id":64040,"case_count":4,"gi_zscore":0.5471,"gi_pvalue":0.06,"significance":"hot_90","district":"BENGALURU CITY"}},{"type":"Feature","geometry":{"type":"Point","coordinates":[77.62353,12.96847]},"properties":{"cell_id":64041,"case_count":5,"gi_zscore":-0.1398,"gi_pvalue":0.463,"significance":"not_sig","district":"BENGALURU CITY"}},{"type":"Feature","geometry":{"type":"Point","coordinates":[77.63529,12.96847]},"properties":{"cell_id":64042,"case_count":4,"gi_zscore":-0.1762,"gi_pvalue":0.496,"significance":"not_sig","district":"BENGALURU CITY"}},{"type":"Feature","geometry":{"type":"Point","coordinates":[77.64706,12.96847]},"properties":{"cell_id":64043,"case_count":1,"gi_zscore":-0.2595,"gi_pvalue":0.295,"significance":"not_sig","district":"BENGALURU CITY"}},{"type":"Feature","geometry":{"type":"Point","coordinates":[77.65882,12.96847]},"properties":{"cell_id":64044,"case_count":2,"gi_zscore":-0.3063,"gi_pvalue":0.003,"significance":"cold_99","district":"BENGALURU CITY"}},{"type":"Feature","geometry":{"type":"Point","coordinates":[77.67059,12.96847]},"properties":{"cell_id":64045,"case_count":1,"gi_zscore":-0.3063,"gi_pvalue":0.01,"significance":"cold_99","district":"BENGALURU CITY"}},{"type":"Feature","geometry":{"type":"Point","coordinates":[77.74118,12.96847]},"properties":{"cell_id":64051,"case_count":2,"gi_zscore":-0.3011,"gi_pvalue":0.03,"significance":"cold_95","district":"BENGALURU CITY"}},{"type":"Feature","geometry":{"type":"Point","coordinates":[77.75294,12.96847]},"properties":{"cell_id":64052,"case_count":2,"gi_zscore":-0.2907,"gi_pvalue":0.084,"significance":"cold_90","district":"BENGALURU CITY"}},{"type":"Feature","geometry":{"type":"Point","coordinates":[77.76471,12.96847]},"properties":{"cell_id":64053,"case_count":1,"gi_zscore":-0.2803,"gi_pvalue":0.182,"significance":"not_sig","district":"BENGALURU CITY"}},{"type":"Feature","geometry":{"type":"Point","coordinates":[77.50588,12.97748]},"properties":{"cell_id":64422,"case_count":2,"gi_zscore":-0.2543,"gi_pvalue":0.296,"significance":"not_sig","district":"BENGALURU CITY"}},{"type":"Feature","geometry":{"type":"Point","coordinates":[77.52941,12.97748]},"properties":{"cell_id":64424,"case_count":4,"gi_zscore":-0.1346,"gi_pvalue":0.452,"significance":"not_sig","district":"BENGALURU CITY"}},{"type":"Feature","geometry":{"type":"Point","coordinates":[77.54118,12.97748]},"properties":{"cell_id":64425,"case_count":5,"gi_zscore":-0.093,"gi_pvalue":0.416,"significance":"not_sig","district":"BENGALURU CITY"}},{"type":"Feature","geometry":{"type":"Point","coordinates":[77.55294,12.97748]},"properties":{"cell_id":64426,"case_count":6,"gi_zscore":-0.1138,"gi_pvalue":0.437,"significance":"not_sig","district":"BENGALURU CITY"}},{"type":"Feature","geometry":{"type":"Point","coordinates":[77.56471,12.97748]},"properties":{"cell_id":64427,"case_count":2,"gi_zscore":-0.0409,"gi_pvalue":0.376,"significance":"not_sig","district":"BENGALURU CITY"}},{"type":"Feature","geometry":{"type":"Point","coordinates":[77.57647,12.97748]},"properties":{"cell_id":64428,"case_count":4,"gi_zscore":0.0111,"gi_pvalue":0.367,"significance":"not_sig","district":"BENGALURU CITY"}},{"type":"Feature","geometry":{"type":"Point","coordinates":[77.6,12.97748]},"properties":{"cell_id":64430,"case_count":117,"gi_zscore":1.2757,"gi_pvalue":0.037,"significance":"hot_95","district":"BENGALURU CITY"}},{"type":"Feature","geometry":{"type":"Point","coordinates":[77.61176,12.97748]},"properties":{"cell_id":64431,"case_count":2,"gi_zscore":1.2913,"gi_pvalue":0.003,"significance":"hot_99","district":"BENGALURU CITY"}},{"type":"Feature","geometry":{"type":"Point","coordinates":[77.62353,12.97748]},"properties":{"cell_id":64432,"case_count":12,"gi_zscore":0.5159,"gi_pvalue":0.077,"significance":"hot_90","district":"BENGALURU CITY"}},{"type":"Feature","geometry":{"type":"Point","coordinates":[77.63529,12.97748]},"properties":{"cell_id":64433,"case_count":3,"gi_zscore":-0.1762,"gi_pvalue":0.485,"significance":"not_sig","district":"BENGALURU CITY"}},{"type":"Feature","geometry":{"type":"Point","coordinates":[77.67059,12.97748]},"properties":{"cell_id":64436,"case_count":1,"gi_zscore":-0.3063,"gi_pvalue":0.008,"significance":"cold_99","district":"BENGALURU CITY"}},{"type":"Feature","geometry":{"type":"Point","coordinates":[77.68235,12.97748]},"properties":{"cell_id":64437,"case_count":1,"gi_zscore":-0.2751,"gi_pvalue":0.18,"significance":"not_sig","district":"BENGALURU CITY"}},{"type":"Feature","geometry":{"type":"Point","coordinates":[77.75294,12.97748]},"properties":{"cell_id":64443,"case_count":2,"gi_zscore":-0.2907,"gi_pvalue":0.08,"significance":"cold_90","district":"BENGALURU CITY"}},{"type":"Feature","geometry":{"type":"Point","coordinates":[77.76471,12.97748]},"properties":{"cell_id":64444,"case_count":1,"gi_zscore":-0.2907,"gi_pvalue":0.114,"significance":"not_sig","district":"BENGALURU CITY"}},{"type":"Feature","geometry":{"type":"Point","coordinates":[77.98824,12.97748]},"properties":{"cell_id":64463,"case_count":1,"gi_zscore":-0.3011,"gi_pvalue":0.049,"significance":"cold_95","district":"BENGALURU CITY"}},{"type":"Feature","geometry":{"type":"Point","coordinates":[77.48235,12.98649]},"properties":{"cell_id":64811,"case_count":1,"gi_zscore":-0.2699,"gi_pvalue":0.205,"significance":"not_sig","district":"BENGALURU CITY"}},{"type":"Feature","geometry":{"type":"Point","coordinates":[77.49412,12.98649]},"properties":{"cell_id":64812,"case_count":3,"gi_zscore":-0.2751,"gi_pvalue":0.138,"significance":"not_sig","district":"BENGALURU CITY"}},{"type":"Feature","geometry":{"type":"Point","coordinates":[77.50588,12.98649]},"properties":{"cell_id":64813,"case_count":1,"gi_zscore":-0.2595,"gi_pvalue":0.3,"significance":"not_sig","district":"BENGALURU CITY"}},{"type":"Feature","geometry":{"type":"Point","coordinates":[77.52941,12.98649]},"properties":{"cell_id":64815,"case_count":1,"gi_zscore":-0.1086,"gi_pvalue":0.402,"significance":"not_sig","district":"BENGALURU CITY"}},{"type":"Feature","geometry":{"type":"Point","coordinates":[77.54118,12.98649]},"properties":{"cell_id":64816,"case_count":7,"gi_zscore":-0.1294,"gi_pvalue":0.458,"significance":"not_sig","district":"BENGALURU CITY"}},{"type":"Feature","geometry":{"type":"Point","coordinates":[77.55294,12.98649]},"properties":{"cell_id":64817,"case_count":5,"gi_zscore":-0.1138,"gi_pvalue":0.43,"significance":"not_sig","district":"BENGALURU CITY"}},{"type":"Feature","geometry":{"type":"Point","coordinates":[77.56471,12.98649]},"properties":{"cell_id":64818,"case_count":5,"gi_zscore":-0.119,"gi_pvalue":0.43,"significance":"not_sig","district":"BENGALURU CITY"}},{"type":"Feature","geometry":{"type":"Point","coordinates":[77.57647,12.98649]},"properties":{"cell_id":64819,"case_count":8,"gi_zscore":-0.0825,"gi_pvalue":0.418,"significance":"not_sig","district":"BENGALURU CITY"}},{"type":"Feature","geometry":{"type":"Point","coordinates":[77.58824,12.98649]},"properties":{"cell_id":64820,"case_count":5,"gi_zscore":0.5367,"gi_pvalue":0.064,"significance":"hot_90","district":"BENGALURU CITY"}},{"type":"Feature","geometry":{"type":"Point","coordinates":[77.6,12.98649]},"properties":{"cell_id":64821,"case_count":23,"gi_zscore":1.5099,"gi_pvalue":0.002,"significance":"hot_99","district":"BENGALURU CITY"}},{"type":"Feature","geometry":{"type":"Point","coordinates":[77.61176,12.98649]},"properties":{"cell_id":64822,"case_count":131,"gi_zscore":1.8741,"gi_pvalue":0.004,"significance":"hot_99","district":"BENGALURU CITY"}},{"type":"Feature","geometry":{"type":"Point","coordinates":[77.62353,12.98649]},"properties":{"cell_id":64823,"case_count":3,"gi_zscore":1.692,"gi_pvalue":0.001,"significance":"hot_99","district":"BENGALURU CITY"}},{"type":"Feature","geometry":{"type":"Point","coordinates":[77.63529,12.98649]},"properties":{"cell_id":64824,"case_count":5,"gi_zscore":0.4066,"gi_pvalue":0.111,"significance":"not_sig","district":"BENGALURU CITY"}},{"type":"Feature","geometry":{"type":"Point","coordinates":[77.64706,12.98649]},"properties":{"cell_id":64825,"case_count":1,"gi_zscore":-0.0721,"gi_pvalue":0.374,"significance":"not_sig","district":"BENGALURU CITY"}},{"type":"Feature","geometry":{"type":"Point","coordinates":[77.67059,12.98649]},"properties":{"cell_id":64827,"case_count":2,"gi_zscore":-0.3011,"gi_pvalue":0.029,"significance":"cold_95","district":"BENGALURU CITY"}},{"type":"Feature","geometry":{"type":"Point","coordinates":[77.71765,12.98649]},"properties":{"cell_id":64831,"case_count":1,"gi_zscore":-0.2647,"gi_pvalue":0.238,"significance":"not_sig","district":"BENGALURU CITY"}},{"type":"Feature","geometry":{"type":"Point","coordinates":[77.72941,12.98649]},"properties":{"cell_id":64832,"case_count":1,"gi_zscore":-0.3063,"gi_pvalue":0.008,"significance":"cold_99","district":"BENGALURU CITY"}},{"type":"Feature","geometry":{"type":"Point","coordinates":[77.75294,12.98649]},"properties":{"cell_id":64834,"case_count":1,"gi_zscore":-0.2907,"gi_pvalue":0.114,"significance":"not_sig","district":"BENGALURU CITY"}},{"type":"Feature","geometry":{"type":"Point","coordinates":[77.98824,12.98649]},"properties":{"cell_id":64854,"case_count":1,"gi_zscore":-0.3011,"gi_pvalue":0.049,"significance":"cold_95","district":"BENGALURU CITY"}},{"type":"Feature","geometry":{"type":"Point","coordinates":[77.0,12.9955]},"properties":{"cell_id":65161,"case_count":2,"gi_zscore":-0.3063,"gi_pvalue":0.002,"significance":"cold_99","district":"BENGALURU CITY"}},{"type":"Feature","geometry":{"type":"Point","coordinates":[77.49412,12.9955]},"properties":{"cell_id":65203,"case_count":1,"gi_zscore":-0.2803,"gi_pvalue":0.182,"significance":"not_sig","district":"BENGALURU CITY"}},{"type":"Feature","geometry":{"type":"Point","coordinates":[77.51765,12.9955]},"properties":{"cell_id":65205,"case_count":3,"gi_zscore":-0.2126,"gi_pvalue":0.43,"significance":"not_sig","district":"BENGALURU CITY"}},{"type":"Feature","geometry":{"type":"Point","coordinates":[77.52941,12.9955]},"properties":{"cell_id":65206,"case_count":4,"gi_zscore":-0.1814,"gi_pvalue":0.498,"significance":"not_sig","district":"BENGALURU CITY"}},{"type":"Feature","geometry":{"type":"Point","coordinates":[77.54118,12.9955]},"properties":{"cell_id":65207,"case_count":5,"gi_zscore":-0.145,"gi_pvalue":0.455,"significance":"not_sig","district":"BENGALURU CITY"}},{"type":"Feature","geometry":{"type":"Point","coordinates":[77.55294,12.9955]},"properties":{"cell_id":65208,"case_count":8,"gi_zscore":-0.1502,"gi_pvalue":0.474,"significance":"not_sig","district":"BENGALURU CITY"}},{"type":"Feature","geometry":{"type":"Point","coordinates":[77.56471,12.9955]},"properties":{"cell_id":65209,"case_count":5,"gi_zscore":-0.1346,"gi_pvalue":0.449,"significance":"not_sig","district":"BENGALURU CITY"}},{"type":"Feature","geometry":{"type":"Point","coordinates":[77.57647,12.9955]},"properties":{"cell_id":65210,"case_count":4,"gi_zscore":-0.1554,"gi_pvalue":0.464,"significance":"not_sig","district":"BENGALURU CITY"}},{"type":"Feature","geometry":{"type":"Point","coordinates":[77.58824,12.9955]},"properties":{"cell_id":65211,"case_count":2,"gi_zscore":-0.0825,"gi_pvalue":0.385,"significance":"not_sig","district":"BENGALURU CITY"}},{"type":"Feature","geometry":{"type":"Point","coordinates":[77.6,12.9955]},"properties":{"cell_id":65212,"case_count":1,"gi_zscore":1.4006,"gi_pvalue":0.003,"significance":"hot_99","district":"BENGALURU CITY"}},{"type":"Feature","geometry":{"type":"Point","coordinates":[77.61176,12.9955]},"properties":{"cell_id":65213,"case_count":58,"gi_zscore":1.718,"gi_pvalue":0.003,"significance":"hot_99","district":"BENGALURU CITY"}},{"type":"Feature","geometry":{"type":"Point","coordinates":[77.62353,12.9955]},"properties":{"cell_id":65214,"case_count":83,"gi_zscore":1.8585,"gi_pvalue":0.003,"significance":"hot_99","district":"BENGALURU CITY"}},{"type":"Feature","geometry":{"type":"Point","coordinates":[77.64706,12.9955]},"properties":{"cell_id":65216,"case_count":1,"gi_zscore":0.8958,"gi_pvalue":0.011,"significance":"hot_95","district":"BENGALURU CITY"}},{"type":"Feature","geometry":{"type":"Point","coordinates":[77.68235,12.9955]},"properties":{"cell_id":65219,"case_count":1,"gi_zscore":-0.2595,"gi_pvalue":0.294,"significance":"not_sig","district":"BENGALURU CITY"}},{"type":"Feature","geometry":{"type":"Point","coordinates":[77.69412,12.9955]},"properties":{"cell_id":65220,"case_count":7,"gi_zscore":-0.2491,"gi_pvalue":0.149,"significance":"not_sig","district":"BENGALURU CITY"}},{"type":"Feature","geometry":{"type":"Point","coordinates":[77.71765,12.9955]},"properties":{"cell_id":65222,"case_count":1,"gi_zscore":-0.2595,"gi_pvalue":0.275,"significance":"not_sig","district":"BENGALURU CITY"}},{"type":"Feature","geometry":{"type":"Point","coordinates":[77.76471,12.9955]},"properties":{"cell_id":65226,"case_count":3,"gi_zscore":-0.2907,"gi_pvalue":0.048,"significance":"cold_95","district":"BENGALURU CITY"}},{"type":"Feature","geometry":{"type":"Point","coordinates":[78.0,12.9955]},"properties":{"cell_id":65246,"case_count":1,"gi_zscore":-0.3011,"gi_pvalue":0.048,"significance":"cold_95","district":"BENGALURU CITY"}},{"type":"Feature","geometry":{"type":"Point","coordinates":[77.07059,13.0045]},"properties":{"cell_id":65558,"case_count":2,"gi_zscore":-0.3063,"gi_pvalue":0.001,"significance":"cold_99","district":"BENGALURU CITY"}},{"type":"Feature","geometry":{"type":"Point","coordinates":[77.2,13.0045]},"properties":{"cell_id":65569,"case_count":1,"gi_zscore":-0.3115,"gi_pvalue":0.01,"significance":"cold_99","district":"BENGALURU CITY"}},{"type":"Feature","geometry":{"type":"Point","coordinates":[77.35294,13.0045]},"properties":{"cell_id":65582,"case_count":1,"gi_zscore":-0.3063,"gi_pvalue":0.01,"significance":"cold_99","district":"BENGALURU CITY"}},{"type":"Feature","geometry":{"type":"Point","coordinates":[77.49412,13.0045]},"properties":{"cell_id":65594,"case_count":1,"gi_zscore":-0.2803,"gi_pvalue":0.164,"significance":"not_sig","district":"BENGALURU CITY"}},{"type":"Feature","geometry":{"type":"Point","coordinates":[77.50588,13.0045]},"properties":{"cell_id":65595,"case_count":2,"gi_zscore":-0.2595,"gi_pvalue":0.261,"significance":"not_sig","district":"BENGALURU CITY"}},{"type":"Feature","geometry":{"type":"Point","coordinates":[77.51765,13.0045]},"properties":{"cell_id":65596,"case_count":1,"gi_zscore":-0.145,"gi_pvalue":0.441,"significance":"not_sig","district":"BENGALURU CITY"}},{"type":"Feature","geometry":{"type":"Point","coordinates":[77.52941,13.0045]},"properties":{"cell_id":65597,"case_count":9,"gi_zscore":-0.1138,"gi_pvalue":0.453,"significance":"not_sig","district":"BENGALURU CITY"}},{"type":"Feature","geometry":{"type":"Point","coordinates":[77.54118,13.0045]},"properties":{"cell_id":65598,"case_count":1,"gi_zscore":-0.0617,"gi_pvalue":0.373,"significance":"not_sig","district":"BENGALURU CITY"}},{"type":"Feature","geometry":{"type":"Point","coordinates":[77.55294,13.0045]},"properties":{"cell_id":65599,"case_count":2,"gi_zscore":-0.1034,"gi_pvalue":0.41,"significance":"not_sig","district":"BENGALURU CITY"}},{"type":"Feature","geometry":{"type":"Point","coordinates":[77.56471,13.0045]},"properties":{"cell_id":65600,"case_count":3,"gi_zscore":-0.1502,"gi_pvalue":0.455,"significance":"not_sig","district":"BENGALURU CITY"}},{"type":"Feature","geometry":{"type":"Point","coordinates":[77.57647,13.0045]},"properties":{"cell_id":65601,"case_count":4,"gi_zscore":-0.197,"gi_pvalue":0.466,"significance":"not_sig","district":"BENGALURU CITY"}},{"type":"Feature","geometry":{"type":"Point","coordinates":[77.61176,13.0045]},"properties":{"cell_id":65604,"case_count":1,"gi_zscore":1.6139,"gi_pvalue":0.003,"significance":"hot_99","district":"BENGALURU CITY"}},{"type":"Feature","geometry":{"type":"Point","coordinates":[77.62353,13.0045]},"properties":{"cell_id":65605,"case_count":98,"gi_zscore":1.6816,"gi_pvalue":0.006,"significance":"hot_99","district":"BENGALURU CITY"}},{"type":"Feature","geometry":{"type":"Point","coordinates":[77.63529,13.0045]},"properties":{"cell_id":65606,"case_count":36,"gi_zscore":1.9886,"gi_pvalue":0.001,"significance":"hot_99","district":"BENGALURU CITY"}},{"type":"Feature","geometry":{"type":"Point","coordinates":[77.67059,13.0045]},"properties":{"cell_id":65609,"case_count":2,"gi_zscore":-0.2647,"gi_pvalue":0.204,"significance":"not_sig","district":"BENGALURU CITY"}},{"type":"Feature","geometry":{"type":"Point","coordinates":[77.68235,13.0045]},"properties":{"cell_id":65610,"case_count":1,"gi_zscore":-0.2335,"gi_pvalue":0.408,"significance":"not_sig","district":"BENGALURU CITY"}},{"type":"Feature","geometry":{"type":"Point","coordinates":[77.69412,13.0045]},"properties":{"cell_id":65611,"case_count":2,"gi_zscore":-0.2439,"gi_pvalue":0.349,"significance":"not_sig","district":"BENGALURU CITY"}},{"type":"Feature","geometry":{"type":"Point","coordinates":[77.70588,13.0045]},"properties":{"cell_id":65612,"case_count":3,"gi_zscore":-0.2595,"gi_pvalue":0.232,"significance":"not_sig","district":"BENGALURU CITY"}},{"type":"Feature","geometry":{"type":"Point","coordinates":[77.48235,13.01351]},"properties":{"cell_id":65984,"case_count":2,"gi_zscore":-0.2751,"gi_pvalue":0.175,"significance":"not_sig","district":"BENGALURU CITY"}},{"type":"Feature","geometry":{"type":"Point","coordinates":[77.50588,13.01351]},"properties":{"cell_id":65986,"case_count":3,"gi_zscore":-0.2491,"gi_pvalue":0.28,"significance":"not_sig","district":"BENGALURU CITY"}},{"type":"Feature","geometry":{"type":"Point","coordinates":[77.51765,13.01351]},"properties":{"cell_id":65987,"case_count":4,"gi_zscore":-0.1242,"gi_pvalue":0.443,"significance":"not_sig","district":"BENGALURU CITY"}},{"type":"Feature","geometry":{"type":"Point","coordinates":[77.52941,13.01351]},"properties":{"cell_id":65988,"case_count":15,"gi_zscore":-0.1346,"gi_pvalue":0.476,"significance":"not_sig","district":"BENGALURU CITY"}},{"type":"Feature","geometry":{"type":"Point","coordinates":[77.54118,13.01351]},"properties":{"cell_id":65989,"case_count":6,"gi_zscore":-0.0565,"gi_pvalue":0.39,"significance":"not_sig","district":"BENGALURU CITY"}},{"type":"Feature","geometry":{"type":"Point","coordinates":[77.55294,13.01351]},"properties":{"cell_id":65990,"case_count":8,"gi_zscore":-0.1294,"gi_pvalue":0.47,"significance":"not_sig","district":"BENGALURU CITY"}},{"type":"Feature","geometry":{"type":"Point","coordinates":[77.57647,13.01351]},"properties":{"cell_id":65992,"case_count":2,"gi_zscore":-0.197,"gi_pvalue":0.498,"significance":"not_sig","district":"BENGALURU CITY"}},{"type":"Feature","geometry":{"type":"Point","coordinates":[77.58824,13.01351]},"properties":{"cell_id":65993,"case_count":3,"gi_zscore":-0.2178,"gi_pvalue":0.412,"significance":"not_sig","district":"BENGALURU CITY"}},{"type":"Feature","geometry":{"type":"Point","coordinates":[77.6,13.01351]},"properties":{"cell_id":65994,"case_count":1,"gi_zscore":-0.197,"gi_pvalue":0.5,"significance":"not_sig","district":"BENGALURU CITY"}},{"type":"Feature","geometry":{"type":"Point","coordinates":[77.61176,13.01351]},"properties":{"cell_id":65995,"case_count":4,"gi_zscore":0.5627,"gi_pvalue":0.048,"significance":"hot_95","district":"BENGALURU CITY"}},{"type":"Feature","geometry":{"type":"Point","coordinates":[77.63529,13.01351]},"properties":{"cell_id":65997,"case_count":109,"gi_zscore":1.9834,"gi_pvalue":0.005,"significance":"hot_99","district":"BENGALURU CITY"}},{"type":"Feature","geometry":{"type":"Point","coordinates":[77.65882,13.01351]},"properties":{"cell_id":65999,"case_count":1,"gi_zscore":0.849,"gi_pvalue":0.015,"significance":"hot_95","district":"BENGALURU CITY"}},{"type":"Feature","geometry":{"type":"Point","coordinates":[77.67059,13.01351]},"properties":{"cell_id":66000,"case_count":1,"gi_zscore":-0.2387,"gi_pvalue":0.39,"significance":"not_sig","district":"BENGALURU CITY"}},{"type":"Feature","geometry":{"type":"Point","coordinates":[77.68235,13.01351]},"properties":{"cell_id":66001,"case_count":3,"gi_zscore":-0.2595,"gi_pvalue":0.23,"significance":"not_sig","district":"BENGALURU CITY"}},{"type":"Feature","geometry":{"type":"Point","coordinates":[77.70588,13.01351]},"properties":{"cell_id":66003,"case_count":3,"gi_zscore":-0.2543,"gi_pvalue":0.26,"significance":"not_sig","district":"BENGALURU CITY"}},{"type":"Feature","geometry":{"type":"Point","coordinates":[77.71765,13.01351]},"properties":{"cell_id":66004,"case_count":1,"gi_zscore":-0.2907,"gi_pvalue":0.108,"significance":"not_sig","district":"BENGALURU CITY"}},{"type":"Feature","geometry":{"type":"Point","coordinates":[77.76471,13.01351]},"properties":{"cell_id":66008,"case_count":1,"gi_zscore":-0.3011,"gi_pvalue":0.05,"significance":"cold_95","district":"BENGALURU CITY"}},{"type":"Feature","geometry":{"type":"Point","coordinates":[77.25882,13.02252]},"properties":{"cell_id":66356,"case_count":1,"gi_zscore":-0.3167,"gi_pvalue":0.001,"significance":"cold_99","district":"BENGALURU CITY"}},{"type":"Feature","geometry":{"type":"Point","coordinates":[77.48235,13.02252]},"properties":{"cell_id":66375,"case_count":2,"gi_zscore":-0.2803,"gi_pvalue":0.145,"significance":"not_sig","district":"BENGALURU CITY"}},{"type":"Feature","geometry":{"type":"Point","coordinates":[77.50588,13.02252]},"properties":{"cell_id":66377,"case_count":4,"gi_zscore":-0.2283,"gi_pvalue":0.36,"significance":"not_sig","district":"BENGALURU CITY"}},{"type":"Feature","geometry":{"type":"Point","coordinates":[77.52941,13.02252]},"properties":{"cell_id":66379,"case_count":3,"gi_zscore":-0.1138,"gi_pvalue":0.426,"significance":"not_sig","district":"BENGALURU CITY"}},{"type":"Feature","geometry":{"type":"Point","coordinates":[77.54118,13.02252]},"properties":{"cell_id":66380,"case_count":3,"gi_zscore":-0.093,"gi_pvalue":0.409,"significance":"not_sig","district":"BENGALURU CITY"}},{"type":"Feature","geometry":{"type":"Point","coordinates":[77.55294,13.02252]},"properties":{"cell_id":66381,"case_count":12,"gi_zscore":-0.1294,"gi_pvalue":0.488,"significance":"not_sig","district":"BENGALURU CITY"}},{"type":"Feature","geometry":{"type":"Point","coordinates":[77.57647,13.02252]},"properties":{"cell_id":66383,"case_count":1,"gi_zscore":-0.1658,"gi_pvalue":0.463,"significance":"not_sig","district":"BENGALURU CITY"}},{"type":"Feature","geometry":{"type":"Point","coordinates":[77.58824,13.02252]},"properties":{"cell_id":66384,"case_count":8,"gi_zscore":-0.1918,"gi_pvalue":0.408,"significance":"not_sig","district":"BENGALURU CITY"}},{"type":"Feature","geometry":{"type":"Point","coordinates":[77.6,13.02252]},"properties":{"cell_id":66385,"case_count":5,"gi_zscore":-0.1606,"gi_pvalue":0.485,"significance":"not_sig","district":"BENGALURU CITY"}},{"type":"Feature","geometry":{"type":"Point","coordinates":[77.61176,13.02252]},"properties":{"cell_id":66386,"case_count":3,"gi_zscore":-0.2074,"gi_pvalue":0.441,"significance":"not_sig","district":"BENGALURU CITY"}},{"type":"Feature","geometry":{"type":"Point","coordinates":[77.62353,13.02252]},"properties":{"cell_id":66387,"case_count":1,"gi_zscore":0.8229,"gi_pvalue":0.017,"significance":"hot_95","district":"BENGALURU CITY"}},{"type":"Feature","geometry":{"type":"Point","coordinates":[77.63529,13.02252]},"properties":{"cell_id":66388,"case_count":1,"gi_zscore":1.7284,"gi_pvalue":0.001,"significance":"hot_99","district":"BENGALURU CITY"}},{"type":"Feature","geometry":{"type":"Point","coordinates":[77.64706,13.02252]},"properties":{"cell_id":66389,"case_count":118,"gi_zscore":1.718,"gi_pvalue":0.004,"significance":"hot_99","district":"BENGALURU CITY"}},{"type":"Feature","geometry":{"type":"Point","coordinates":[77.65882,13.02252]},"properties":{"cell_id":66390,"case_count":2,"gi_zscore":1.4526,"gi_pvalue":0.002,"significance":"hot_99","district":"BENGALURU CITY"}},{"type":"Feature","geometry":{"type":"Point","coordinates":[77.67059,13.02252]},"properties":{"cell_id":66391,"case_count":6,"gi_zscore":0.2557,"gi_pvalue":0.214,"significance":"not_sig","district":"BENGALURU CITY"}},{"type":"Feature","geometry":{"type":"Point","coordinates":[77.68235,13.02252]},"properties":{"cell_id":66392,"case_count":2,"gi_zscore":-0.2387,"gi_pvalue":0.371,"significance":"not_sig","district":"BENGALURU CITY"}},{"type":"Feature","geometry":{"type":"Point","coordinates":[77.69412,13.02252]},"properties":{"cell_id":66393,"case_count":1,"gi_zscore":-0.2647,"gi_pvalue":0.241,"significance":"not_sig","district":"BENGALURU CITY"}},{"type":"Feature","geometry":{"type":"Point","coordinates":[77.48235,13.03153]},"properties":{"cell_id":66766,"case_count":1,"gi_zscore":-0.3011,"gi_pvalue":0.052,"significance":"cold_90","district":"BENGALURU CITY"}},{"type":"Feature","geometry":{"type":"Point","coordinates":[77.49412,13.03153]},"properties":{"cell_id":66767,"case_count":1,"gi_zscore":-0.2751,"gi_pvalue":0.199,"significance":"not_sig","district":"BENGALURU CITY"}},{"type":"Feature","geometry":{"type":"Point","coordinates":[77.50588,13.03153]},"properties":{"cell_id":66768,"case_count":1,"gi_zscore":-0.1814,"gi_pvalue":0.473,"significance":"not_sig","district":"BENGALURU CITY"}},{"type":"Feature","geometry":{"type":"Point","coordinates":[77.51765,13.03153]},"properties":{"cell_id":66769,"case_count":5,"gi_zscore":-0.1606,"gi_pvalue":0.473,"significance":"not_sig","district":"BENGALURU CITY"}},{"type":"Feature","geometry":{"type":"Point","coordinates":[77.52941,13.03153]},"properties":{"cell_id":66770,"case_count":2,"gi_zscore":-0.1346,"gi_pvalue":0.441,"significance":"not_sig","district":"BENGALURU CITY"}},{"type":"Feature","geometry":{"type":"Point","coordinates":[77.54118,13.03153]},"properties":{"cell_id":66771,"case_count":1,"gi_zscore":-0.2074,"gi_pvalue":0.477,"significance":"not_sig","district":"BENGALURU CITY"}},{"type":"Feature","geometry":{"type":"Point","coordinates":[77.55294,13.03153]},"properties":{"cell_id":66772,"case_count":2,"gi_zscore":-0.1502,"gi_pvalue":0.451,"significance":"not_sig","district":"BENGALURU CITY"}},{"type":"Feature","geometry":{"type":"Point","coordinates":[77.56471,13.03153]},"properties":{"cell_id":66773,"case_count":6,"gi_zscore":-0.1138,"gi_pvalue":0.436,"significance":"not_sig","district":"BENGALURU CITY"}},{"type":"Feature","geometry":{"type":"Point","coordinates":[77.57647,13.03153]},"properties":{"cell_id":66774,"case_count":5,"gi_zscore":-0.1554,"gi_pvalue":0.468,"significance":"not_sig","district":"BENGALURU CITY"}},{"type":"Feature","geometry":{"type":"Point","coordinates":[77.58824,13.03153]},"properties":{"cell_id":66775,"case_count":2,"gi_zscore":-0.1502,"gi_pvalue":0.451,"significance":"not_sig","district":"BENGALURU CITY"}},{"type":"Feature","geometry":{"type":"Point","coordinates":[77.6,13.03153]},"properties":{"cell_id":66776,"case_count":6,"gi_zscore":-0.1554,"gi_pvalue":0.48,"significance":"not_sig","district":"BENGALURU CITY"}},{"type":"Feature","geometry":{"type":"Point","coordinates":[77.61176,13.03153]},"properties":{"cell_id":66777,"case_count":7,"gi_zscore":-0.2074,"gi_pvalue":0.39,"significance":"not_sig","district":"BENGALURU CITY"}},{"type":"Feature","geometry":{"type":"Point","coordinates":[77.62353,13.03153]},"properties":{"cell_id":66778,"case_count":2,"gi_zscore":-0.2439,"gi_pvalue":0.314,"significance":"not_sig","district":"BENGALURU CITY"}},{"type":"Feature","geometry":{"type":"Point","coordinates":[77.63529,13.03153]},"properties":{"cell_id":66779,"case_count":3,"gi_zscore":1.0519,"gi_pvalue":0.006,"significance":"hot_99","district":"BENGALURU CITY"}},{"type":"Feature","geometry":{"type":"Point","coordinates":[77.64706,13.03153]},"properties":{"cell_id":66780,"case_count":34,"gi_zscore":1.973,"gi_pvalue":0.001,"significance":"hot_99","district":"BENGALURU CITY"}},{"type":"Feature","geometry":{"type":"Point","coordinates":[77.65882,13.03153]},"properties":{"cell_id":66781,"case_count":96,"gi_zscore":1.77,"gi_pvalue":0.003,"significance":"hot_99","district":"BENGALURU CITY"}},{"type":"Feature","geometry":{"type":"Point","coordinates":[77.67059,13.03153]},"properties":{"cell_id":66782,"case_count":6,"gi_zscore":1.0103,"gi_pvalue":0.008,"significance":"hot_99","district":"BENGALURU CITY"}},{"type":"Feature","geometry":{"type":"Point","coordinates":[77.68235,13.03153]},"properties":{"cell_id":66783,"case_count":2,"gi_zscore":0.1048,"gi_pvalue":0.286,"significance":"not_sig","district":"BENGALURU CITY"}},{"type":"Feature","geometry":{"type":"Point","coordinates":[77.69412,13.03153]},"properties":{"cell_id":66784,"case_count":2,"gi_zscore":-0.2439,"gi_pvalue":0.35,"significance":"not_sig","district":"BENGALURU CITY"}},{"type":"Feature","geometry":{"type":"Point","coordinates":[77.70588,13.03153]},"properties":{"cell_id":66785,"case_count":1,"gi_zscore":-0.2803,"gi_pvalue":0.17,"significance":"not_sig","district":"BENGALURU CITY"}},{"type":"Feature","geometry":{"type":"Point","coordinates":[77.74118,13.03153]},"properties":{"cell_id":66788,"case_count":1,"gi_zscore":-0.2959,"gi_pvalue":0.079,"significance":"cold_90","district":"BENGALURU CITY"}},{"type":"Feature","geometry":{"type":"Point","coordinates":[77.75294,13.03153]},"properties":{"cell_id":66789,"case_count":1,"gi_zscore":-0.2959,"gi_pvalue":0.079,"significance":"cold_90","district":"BENGALURU CITY"}},{"type":"Feature","geometry":{"type":"Point","coordinates":[77.88235,13.03153]},"properties":{"cell_id":66800,"case_count":2,"gi_zscore":-0.3011,"gi_pvalue":0.028,"significance":"cold_95","district":"BENGALURU CITY"}},{"type":"Feature","geometry":{"type":"Point","coordinates":[77.23529,13.04054]},"properties":{"cell_id":67136,"case_count":1,"gi_zscore":-0.3167,"gi_pvalue":0.001,"significance":"cold_99","district":"BENGALURU CITY"}},{"type":"Feature","geometry":{"type":"Point","coordinates":[77.48235,13.04054]},"properties":{"cell_id":67157,"case_count":1,"gi_zscore":-0.2803,"gi_pvalue":0.177,"significance":"not_sig","district":"BENGALURU CITY"}},{"type":"Feature","geometry":{"type":"Point","coordinates":[77.49412,13.04054]},"properties":{"cell_id":67158,"case_count":1,"gi_zscore":-0.2855,"gi_pvalue":0.145,"significance":"not_sig","district":"BENGALURU CITY"}},{"type":"Feature","geometry":{"type":"Point","coordinates":[77.50588,13.04054]},"properties":{"cell_id":67159,"case_count":5,"gi_zscore":-0.2022,"gi_pvalue":0.447,"significance":"not_sig","district":"BENGALURU CITY"}},{"type":"Feature","geometry":{"type":"Point","coordinates":[77.51765,13.04054]},"properties":{"cell_id":67160,"case_count":13,"gi_zscore":-0.197,"gi_pvalue":0.297,"significance":"not_sig","district":"BENGALURU CITY"}},{"type":"Feature","geometry":{"type":"Point","coordinates":[77.54118,13.04054]},"properties":{"cell_id":67162,"case_count":1,"gi_zscore":-0.2647,"gi_pvalue":0.239,"significance":"not_sig","district":"BENGALURU CITY"}},{"type":"Feature","geometry":{"type":"Point","coordinates":[77.55294,13.04054]},"properties":{"cell_id":67163,"case_count":5,"gi_zscore":-0.1918,"gi_pvalue":0.472,"significance":"not_sig","district":"BENGALURU CITY"}},{"type":"Feature","geometry":{"type":"Point","coordinates":[77.57647,13.04054]},"properties":{"cell_id":67165,"case_count":7,"gi_zscore":-0.197,"gi_pvalue":0.429,"significance":"not_sig","district":"BENGALURU CITY"}},{"type":"Feature","geometry":{"type":"Point","coordinates":[77.58824,13.04054]},"properties":{"cell_id":67166,"case_count":6,"gi_zscore":-0.171,"gi_pvalue":0.5,"significance":"not_sig","district":"BENGALURU CITY"}},{"type":"Feature","geometry":{"type":"Point","coordinates":[77.6,13.04054]},"properties":{"cell_id":67167,"case_count":1,"gi_zscore":-0.2022,"gi_pvalue":0.499,"significance":"not_sig","district":"BENGALURU CITY"}},{"type":"Feature","geometry":{"type":"Point","coordinates":[77.61176,13.04054]},"properties":{"cell_id":67168,"case_count":2,"gi_zscore":-0.2283,"gi_pvalue":0.405,"significance":"not_sig","district":"BENGALURU CITY"}},{"type":"Feature","geometry":{"type":"Point","coordinates":[77.62353,13.04054]},"properties":{"cell_id":67169,"case_count":3,"gi_zscore":-0.2543,"gi_pvalue":0.241,"significance":"not_sig","district":"BENGALURU CITY"}},{"type":"Feature","geometry":{"type":"Point","coordinates":[77.65882,13.04054]},"properties":{"cell_id":67172,"case_count":85,"gi_zscore":1.718,"gi_pvalue":0.003,"significance":"hot_99","district":"BENGALURU CITY"}},{"type":"Feature","geometry":{"type":"Point","coordinates":[77.67059,13.04054]},"properties":{"cell_id":67173,"case_count":62,"gi_zscore":1.5827,"gi_pvalue":0.003,"significance":"hot_99","district":"BENGALURU CITY"}},{"type":"Feature","geometry":{"type":"Point","coordinates":[77.68235,13.04054]},"properties":{"cell_id":67174,"case_count":3,"gi_zscore":1.2861,"gi_pvalue":0.004,"significance":"hot_99","district":"BENGALURU CITY"}},{"type":"Feature","geometry":{"type":"Point","coordinates":[77.71765,13.04054]},"properties":{"cell_id":67177,"case_count":1,"gi_zscore":0.1516,"gi_pvalue":0.252,"significance":"not_sig","district":"BENGALURU CITY"}},{"type":"Feature","geometry":{"type":"Point","coordinates":[77.48235,13.04955]},"properties":{"cell_id":67548,"case_count":2,"gi_zscore":-0.2803,"gi_pvalue":0.143,"significance":"not_sig","district":"BENGALURU CITY"}},{"type":"Feature","geometry":{"type":"Point","coordinates":[77.49412,13.04955]},"properties":{"cell_id":67549,"case_count":1,"gi_zscore":-0.2751,"gi_pvalue":0.21,"significance":"not_sig","district":"BENGALURU CITY"}},{"type":"Feature","geometry":{"type":"Point","coordinates":[77.50588,13.04955]},"properties":{"cell_id":67550,"case_count":2,"gi_zscore":-0.2126,"gi_pvalue":0.464,"significance":"not_sig","district":"BENGALURU CITY"}},{"type":"Feature","geometry":{"type":"Point","coordinates":[77.51765,13.04955]},"properties":{"cell_id":67551,"case_count":2,"gi_zscore":-0.197,"gi_pvalue":0.495,"significance":"not_sig","district":"BENGALURU CITY"}},{"type":"Feature","geometry":{"type":"Point","coordinates":[77.52941,13.04955]},"properties":{"cell_id":67552,"case_count":1,"gi_zscore":-0.2231,"gi_pvalue":0.44,"significance":"not_sig","district":"BENGALURU CITY"}},{"type":"Feature","geometry":{"type":"Point","coordinates":[77.54118,13.04955]},"properties":{"cell_id":67553,"case_count":1,"gi_zscore":-0.2751,"gi_pvalue":0.202,"significance":"not_sig","district":"BENGALURU CITY"}},{"type":"Feature","geometry":{"type":"Point","coordinates":[77.55294,13.04955]},"properties":{"cell_id":67554,"case_count":3,"gi_zscore":-0.2595,"gi_pvalue":0.213,"significance":"not_sig","district":"BENGALURU CITY"}},{"type":"Feature","geometry":{"type":"Point","coordinates":[77.56471,13.04955]},"properties":{"cell_id":67555,"case_count":2,"gi_zscore":-0.2074,"gi_pvalue":0.477,"significance":"not_sig","district":"BENGALURU CITY"}},{"type":"Feature","geometry":{"type":"Point","coordinates":[77.61176,13.04955]},"properties":{"cell_id":67559,"case_count":1,"gi_zscore":-0.2699,"gi_pvalue":0.212,"significance":"not_sig","district":"BENGALURU CITY"}},{"type":"Feature","geometry":{"type":"Point","coordinates":[77.62353,13.04955]},"properties":{"cell_id":67560,"case_count":1,"gi_zscore":-0.2647,"gi_pvalue":0.243,"significance":"not_sig","district":"BENGALURU CITY"}},{"type":"Feature","geometry":{"type":"Point","coordinates":[77.63529,13.04955]},"properties":{"cell_id":67561,"case_count":1,"gi_zscore":-0.1086,"gi_pvalue":0.411,"significance":"not_sig","district":"BENGALURU CITY"}},{"type":"Feature","geometry":{"type":"Point","coordinates":[77.67059,13.04955]},"properties":{"cell_id":67564,"case_count":108,"gi_zscore":2.202,"gi_pvalue":0.002,"significance":"hot_99","district":"BENGALURU CITY"}},{"type":"Feature","geometry":{"type":"Point","coordinates":[77.68235,13.04955]},"properties":{"cell_id":67565,"case_count":6,"gi_zscore":1.8897,"gi_pvalue":0.001,"significance":"hot_99","district":"BENGALURU CITY"}},{"type":"Feature","geometry":{"type":"Point","coordinates":[77.37647,13.05856]},"properties":{"cell_id":67930,"case_count":1,"gi_zscore":-0.3011,"gi_pvalue":0.056,"significance":"cold_90","district":"BENGALURU CITY"}},{"type":"Feature","geometry":{"type":"Point","coordinates":[77.50588,13.05856]},"properties":{"cell_id":67941,"case_count":2,"gi_zscore":-0.2751,"gi_pvalue":0.173,"significance":"not_sig","district":"BENGALURU CITY"}},{"type":"Feature","geometry":{"type":"Point","coordinates":[77.51765,13.05856]},"properties":{"cell_id":67942,"case_count":1,"gi_zscore":-0.2283,"gi_pvalue":0.416,"significance":"not_sig","district":"BENGALURU CITY"}},{"type":"Feature","geometry":{"type":"Point","coordinates":[77.55294,13.05856]},"properties":{"cell_id":67945,"case_count":1,"gi_zscore":-0.2595,"gi_pvalue":0.291,"significance":"not_sig","district":"BENGALURU CITY"}},{"type":"Feature","geometry":{"type":"Point","coordinates":[77.56471,13.05856]},"properties":{"cell_id":67946,"case_count":3,"gi_zscore":-0.2803,"gi_pvalue":0.105,"significance":"not_sig","district":"BENGALURU CITY"}},{"type":"Feature","geometry":{"type":"Point","coordinates":[77.57647,13.05856]},"properties":{"cell_id":67947,"case_count":2,"gi_zscore":-0.2387,"gi_pvalue":0.352,"significance":"not_sig","district":"BENGALURU CITY"}},{"type":"Feature","geometry":{"type":"Point","coordinates":[77.58824,13.05856]},"properties":{"cell_id":67948,"case_count":1,"gi_zscore":-0.2439,"gi_pvalue":0.339,"significance":"not_sig","district":"BENGALURU CITY"}},{"type":"Feature","geometry":{"type":"Point","coordinates":[77.6,13.05856]},"properties":{"cell_id":67949,"case_count":1,"gi_zscore":-0.2803,"gi_pvalue":0.162,"significance":"not_sig","district":"BENGALURU CITY"}},{"type":"Feature","geometry":{"type":"Point","coordinates":[77.65882,13.05856]},"properties":{"cell_id":67954,"case_count":1,"gi_zscore":1.6816,"gi_pvalue":0.001,"significance":"hot_99","district":"BENGALURU CITY"}},{"type":"Feature","geometry":{"type":"Point","coordinates":[77.68235,13.05856]},"properties":{"cell_id":67956,"case_count":126,"gi_zscore":2.2852,"gi_pvalue":0.001,"significance":"hot_99","district":"BENGALURU CITY"}},{"type":"Feature","geometry":{"type":"Point","coordinates":[77.50588,13.06757]},"properties":{"cell_id":68332,"case_count":2,"gi_zscore":-0.2907,"gi_pvalue":0.085,"significance":"cold_90","district":"BENGALURU CITY"}},{"type":"Feature","geometry":{"type":"Point","coordinates":[77.51765,13.06757]},"properties":{"cell_id":68333,"case_count":1,"gi_zscore":-0.2959,"gi_pvalue":0.079,"significance":"cold_90","district":"BENGALURU CITY"}},{"type":"Feature","geometry":{"type":"Point","coordinates":[77.55294,13.06757]},"properties":{"cell_id":68336,"case_count":2,"gi_zscore":-0.2699,"gi_pvalue":0.172,"significance":"not_sig","district":"BENGALURU CITY"}},{"type":"Feature","geometry":{"type":"Point","coordinates":[77.56471,13.06757]},"properties":{"cell_id":68337,"case_count":1,"gi_zscore":-0.2855,"gi_pvalue":0.14,"significance":"not_sig","district":"BENGALURU CITY"}},{"type":"Feature","geometry":{"type":"Point","coordinates":[77.57647,13.06757]},"properties":{"cell_id":68338,"case_count":1,"gi_zscore":-0.2959,"gi_pvalue":0.079,"significance":"cold_90","district":"BENGALURU CITY"}},{"type":"Feature","geometry":{"type":"Point","coordinates":[77.58824,13.06757]},"properties":{"cell_id":68339,"case_count":1,"gi_zscore":-0.3011,"gi_pvalue":0.056,"significance":"cold_90","district":"BENGALURU CITY"}},{"type":"Feature","geometry":{"type":"Point","coordinates":[77.61176,13.06757]},"properties":{"cell_id":68341,"case_count":1,"gi_zscore":-0.3063,"gi_pvalue":0.012,"significance":"cold_95","district":"BENGALURU CITY"}},{"type":"Feature","geometry":{"type":"Point","coordinates":[77.62353,13.06757]},"properties":{"cell_id":68342,"case_count":1,"gi_zscore":-0.3063,"gi_pvalue":0.012,"significance":"cold_95","district":"BENGALURU CITY"}},{"type":"Feature","geometry":{"type":"Point","coordinates":[77.63529,13.06757]},"properties":{"cell_id":68343,"case_count":3,"gi_zscore":-0.3063,"gi_pvalue":0.003,"significance":"cold_99","district":"BENGALURU CITY"}},{"type":"Feature","geometry":{"type":"Point","coordinates":[77.68235,13.06757]},"properties":{"cell_id":68347,"case_count":38,"gi_zscore":2.2436,"gi_pvalue":0.001,"significance":"hot_99","district":"BENGALURU CITY"}},{"type":"Feature","geometry":{"type":"Point","coordinates":[77.69412,13.06757]},"properties":{"cell_id":68348,"case_count":86,"gi_zscore":2.1916,"gi_pvalue":0.001,"significance":"hot_99","district":"BENGALURU CITY"}},{"type":"Feature","geometry":{"type":"Point","coordinates":[77.51765,13.07658]},"properties":{"cell_id":68724,"case_count":2,"gi_zscore":-0.2959,"gi_pvalue":0.038,"significance":"cold_95","district":"BENGALURU CITY"}},{"type":"Feature","geometry":{"type":"Point","coordinates":[77.52941,13.07658]},"properties":{"cell_id":68725,"case_count":1,"gi_zscore":-0.2907,"gi_pvalue":0.103,"significance":"not_sig","district":"BENGALURU CITY"}},{"type":"Feature","geometry":{"type":"Point","coordinates":[77.54118,13.07658]},"properties":{"cell_id":68726,"case_count":2,"gi_zscore":-0.2855,"gi_pvalue":0.104,"significance":"not_sig","district":"BENGALURU CITY"}},{"type":"Feature","geometry":{"type":"Point","coordinates":[77.55294,13.07658]},"properties":{"cell_id":68727,"case_count":2,"gi_zscore":-0.2907,"gi_pvalue":0.075,"significance":"cold_90","district":"BENGALURU CITY"}},{"type":"Feature","geometry":{"type":"Point","coordinates":[77.56471,13.07658]},"properties":{"cell_id":68728,"case_count":1,"gi_zscore":-0.2855,"gi_pvalue":0.124,"significance":"not_sig","district":"BENGALURU CITY"}},{"type":"Feature","geometry":{"type":"Point","coordinates":[77.63529,13.07658]},"properties":{"cell_id":68734,"case_count":1,"gi_zscore":-0.3011,"gi_pvalue":0.051,"significance":"cold_90","district":"BENGALURU CITY"}},{"type":"Feature","geometry":{"type":"Point","coordinates":[77.67059,13.07658]},"properties":{"cell_id":68737,"case_count":1,"gi_zscore":1.3745,"gi_pvalue":0.003,"significance":"hot_99","district":"BENGALURU CITY"}},{"type":"Feature","geometry":{"type":"Point","coordinates":[77.68235,13.07658]},"properties":{"cell_id":68738,"case_count":1,"gi_zscore":2.1655,"gi_pvalue":0.001,"significance":"hot_99","district":"BENGALURU CITY"}},{"type":"Feature","geometry":{"type":"Point","coordinates":[77.69412,13.07658]},"properties":{"cell_id":68739,"case_count":79,"gi_zscore":2.2488,"gi_pvalue":0.001,"significance":"hot_99","district":"BENGALURU CITY"}},{"type":"Feature","geometry":{"type":"Point","coordinates":[77.70588,13.07658]},"properties":{"cell_id":68740,"case_count":56,"gi_zscore":2.3685,"gi_pvalue":0.001,"significance":"hot_99","district":"BENGALURU CITY"}},{"type":"Feature","geometry":{"type":"Point","coordinates":[77.48235,13.08559]},"properties":{"cell_id":69112,"case_count":2,"gi_zscore":-0.2907,"gi_pvalue":0.078,"significance":"cold_90","district":"BENGALURU CITY"}},{"type":"Feature","geometry":{"type":"Point","coordinates":[77.50588,13.08559]},"properties":{"cell_id":69114,"case_count":1,"gi_zscore":-0.2959,"gi_pvalue":0.071,"significance":"cold_90","district":"BENGALURU CITY"}},{"type":"Feature","geometry":{"type":"Point","coordinates":[77.55294,13.08559]},"properties":{"cell_id":69118,"case_count":3,"gi_zscore":-0.2907,"gi_pvalue":0.052,"significance":"cold_90","district":"BENGALURU CITY"}},{"type":"Feature","geometry":{"type":"Point","coordinates":[77.56471,13.08559]},"properties":{"cell_id":69119,"case_count":1,"gi_zscore":-0.2959,"gi_pvalue":0.07,"significance":"cold_90","district":"BENGALURU CITY"}},{"type":"Feature","geometry":{"type":"Point","coordinates":[77.62353,13.08559]},"properties":{"cell_id":69124,"case_count":1,"gi_zscore":-0.3115,"gi_pvalue":0.012,"significance":"cold_95","district":"BENGALURU CITY"}},{"type":"Feature","geometry":{"type":"Point","coordinates":[77.63529,13.08559]},"properties":{"cell_id":69125,"case_count":1,"gi_zscore":-0.3011,"gi_pvalue":0.049,"significance":"cold_95","district":"BENGALURU CITY"}},{"type":"Feature","geometry":{"type":"Point","coordinates":[77.65882,13.08559]},"properties":{"cell_id":69127,"case_count":1,"gi_zscore":-0.3011,"gi_pvalue":0.049,"significance":"cold_95","district":"BENGALURU CITY"}},{"type":"Feature","geometry":{"type":"Point","coordinates":[77.70588,13.08559]},"properties":{"cell_id":69131,"case_count":98,"gi_zscore":2.3685,"gi_pvalue":0.001,"significance":"hot_99","district":"BENGALURU CITY"}},{"type":"Feature","geometry":{"type":"Point","coordinates":[77.71765,13.08559]},"properties":{"cell_id":69132,"case_count":17,"gi_zscore":3.1179,"gi_pvalue":0.001,"significance":"hot_99","district":"BENGALURU CITY"}},{"type":"Feature","geometry":{"type":"Point","coordinates":[77.51765,13.09459]},"properties":{"cell_id":69506,"case_count":1,"gi_zscore":-0.3011,"gi_pvalue":0.047,"significance":"cold_95","district":"BENGALURU CITY"}},{"type":"Feature","geometry":{"type":"Point","coordinates":[77.55294,13.09459]},"properties":{"cell_id":69509,"case_count":1,"gi_zscore":-0.2907,"gi_pvalue":0.096,"significance":"cold_90","district":"BENGALURU CITY"}},{"type":"Feature","geometry":{"type":"Point","coordinates":[77.57647,13.09459]},"properties":{"cell_id":69511,"case_count":1,"gi_zscore":-0.2907,"gi_pvalue":0.096,"significance":"cold_90","district":"BENGALURU CITY"}},{"type":"Feature","geometry":{"type":"Point","coordinates":[77.58824,13.09459]},"properties":{"cell_id":69512,"case_count":2,"gi_zscore":-0.3011,"gi_pvalue":0.03,"significance":"cold_95","district":"BENGALURU CITY"}},{"type":"Feature","geometry":{"type":"Point","coordinates":[77.63529,13.09459]},"properties":{"cell_id":69516,"case_count":2,"gi_zscore":-0.3115,"gi_pvalue":0.003,"significance":"cold_99","district":"BENGALURU CITY"}},{"type":"Feature","geometry":{"type":"Point","coordinates":[77.65882,13.09459]},"properties":{"cell_id":69518,"case_count":1,"gi_zscore":-0.3063,"gi_pvalue":0.012,"significance":"cold_95","district":"BENGALURU CITY"}},{"type":"Feature","geometry":{"type":"Point","coordinates":[77.71765,13.09459]},"properties":{"cell_id":69523,"case_count":130,"gi_zscore":2.9982,"gi_pvalue":0.001,"significance":"hot_99","district":"BENGALURU CITY"}},{"type":"Feature","geometry":{"type":"Point","coordinates":[77.55294,13.1036]},"properties":{"cell_id":69900,"case_count":1,"gi_zscore":-0.2855,"gi_pvalue":0.114,"significance":"not_sig","district":"BENGALURU CITY"}},{"type":"Feature","geometry":{"type":"Point","coordinates":[77.58824,13.1036]},"properties":{"cell_id":69903,"case_count":3,"gi_zscore":-0.3011,"gi_pvalue":0.013,"significance":"cold_95","district":"BENGALURU CITY"}},{"type":"Feature","geometry":{"type":"Point","coordinates":[77.61176,13.1036]},"properties":{"cell_id":69905,"case_count":1,"gi_zscore":-0.3011,"gi_pvalue":0.048,"significance":"cold_95","district":"BENGALURU CITY"}},{"type":"Feature","geometry":{"type":"Point","coordinates":[77.62353,13.1036]},"properties":{"cell_id":69906,"case_count":1,"gi_zscore":-0.3063,"gi_pvalue":0.013,"significance":"cold_95","district":"BENGALURU CITY"}},{"type":"Feature","geometry":{"type":"Point","coordinates":[77.63529,13.1036]},"properties":{"cell_id":69907,"case_count":1,"gi_zscore":-0.3063,"gi_pvalue":0.013,"significance":"cold_95","district":"BENGALURU CITY"}},{"type":"Feature","geometry":{"type":"Point","coordinates":[77.71765,13.1036]},"properties":{"cell_id":69914,"case_count":20,"gi_zscore":3.1179,"gi_pvalue":0.001,"significance":"hot_99","district":"BENGALURU CITY"}},{"type":"Feature","geometry":{"type":"Point","coordinates":[77.72941,13.1036]},"properties":{"cell_id":69915,"case_count":112,"gi_zscore":2.9826,"gi_pvalue":0.001,"significance":"hot_99","district":"BENGALURU CITY"}},{"type":"Feature","geometry":{"type":"Point","coordinates":[77.42353,13.11261]},"properties":{"cell_id":70280,"case_count":1,"gi_zscore":-0.3011,"gi_pvalue":0.05,"significance":"cold_95","district":"BENGALURU CITY"}},{"type":"Feature","geometry":{"type":"Point","coordinates":[77.50588,13.11261]},"properties":{"cell_id":70287,"case_count":1,"gi_zscore":-0.3011,"gi_pvalue":0.05,"significance":"cold_95","district":"BENGALURU CITY"}},{"type":"Feature","geometry":{"type":"Point","coordinates":[77.58824,13.11261]},"properties":{"cell_id":70294,"case_count":1,"gi_zscore":-0.3011,"gi_pvalue":0.05,"significance":"cold_95","district":"BENGALURU CITY"}},{"type":"Feature","geometry":{"type":"Point","coordinates":[77.61176,13.11261]},"properties":{"cell_id":70296,"case_count":1,"gi_zscore":-0.3011,"gi_pvalue":0.05,"significance":"cold_95","district":"BENGALURU CITY"}},{"type":"Feature","geometry":{"type":"Point","coordinates":[77.72941,13.11261]},"properties":{"cell_id":70306,"case_count":71,"gi_zscore":3.045,"gi_pvalue":0.001,"significance":"hot_99","district":"BENGALURU CITY"}},{"type":"Feature","geometry":{"type":"Point","coordinates":[77.74118,13.11261]},"properties":{"cell_id":70307,"case_count":63,"gi_zscore":3.0086,"gi_pvalue":0.001,"significance":"hot_99","district":"BENGALURU CITY"}},{"type":"Feature","geometry":{"type":"Point","coordinates":[77.11765,13.12162]},"properties":{"cell_id":70645,"case_count":1,"gi_zscore":-0.3063,"gi_pvalue":0.031,"significance":"cold_95","district":"BENGALURU CITY"}},{"type":"Feature","geometry":{"type":"Point","coordinates":[77.12941,13.12162]},"properties":{"cell_id":70646,"case_count":1,"gi_zscore":-0.3063,"gi_pvalue":0.031,"significance":"cold_95","district":"BENGALURU CITY"}},{"type":"Feature","geometry":{"type":"Point","coordinates":[77.62353,13.12162]},"properties":{"cell_id":70688,"case_count":1,"gi_zscore":-0.3063,"gi_pvalue":0.015,"significance":"cold_95","district":"BENGALURU CITY"}},{"type":"Feature","geometry":{"type":"Point","coordinates":[77.63529,13.12162]},"properties":{"cell_id":70689,"case_count":2,"gi_zscore":-0.3063,"gi_pvalue":0.003,"significance":"cold_99","district":"BENGALURU CITY"}},{"type":"Feature","geometry":{"type":"Point","coordinates":[77.74118,13.12162]},"properties":{"cell_id":70698,"case_count":102,"gi_zscore":2.9357,"gi_pvalue":0.001,"significance":"hot_99","district":"BENGALURU CITY"}},{"type":"Feature","geometry":{"type":"Point","coordinates":[77.75294,13.12162]},"properties":{"cell_id":70699,"case_count":30,"gi_zscore":3.097,"gi_pvalue":0.001,"significance":"hot_99","district":"BENGALURU CITY"}},{"type":"Feature","geometry":{"type":"Point","coordinates":[77.63529,13.13063]},"properties":{"cell_id":71080,"case_count":1,"gi_zscore":-0.3011,"gi_pvalue":0.051,"significance":"cold_90","district":"BENGALURU CITY"}},{"type":"Feature","geometry":{"type":"Point","coordinates":[77.67059,13.13063]},"properties":{"cell_id":71083,"case_count":2,"gi_zscore":-0.3011,"gi_pvalue":0.03,"significance":"cold_95","district":"BENGALURU CITY"}},{"type":"Feature","geometry":{"type":"Point","coordinates":[77.75294,13.13063]},"properties":{"cell_id":71090,"case_count":110,"gi_zscore":2.8837,"gi_pvalue":0.001,"significance":"hot_99","district":"BENGALURU CITY"}},{"type":"Feature","geometry":{"type":"Point","coordinates":[77.31765,13.13964]},"properties":{"cell_id":71444,"case_count":1,"gi_zscore":-0.3063,"gi_pvalue":0.016,"significance":"cold_95","district":"BENGALURU CITY"}},{"type":"Feature","geometry":{"type":"Point","coordinates":[77.67059,13.13964]},"properties":{"cell_id":71474,"case_count":1,"gi_zscore":-0.3063,"gi_pvalue":0.016,"significance":"cold_95","district":"BENGALURU CITY"}},{"type":"Feature","geometry":{"type":"Point","coordinates":[77.75294,13.13964]},"properties":{"cell_id":71481,"case_count":10,"gi_zscore":2.9357,"gi_pvalue":0.001,"significance":"hot_99","district":"BENGALURU CITY"}},{"type":"Feature","geometry":{"type":"Point","coordinates":[77.76471,13.13964]},"properties":{"cell_id":71482,"case_count":116,"gi_zscore":2.79,"gi_pvalue":0.001,"significance":"hot_99","district":"BENGALURU CITY"}},{"type":"Feature","geometry":{"type":"Point","coordinates":[77.55294,13.14865]},"properties":{"cell_id":71855,"case_count":1,"gi_zscore":-0.2959,"gi_pvalue":0.071,"significance":"cold_90","district":"BENGALURU CITY"}},{"type":"Feature","geometry":{"type":"Point","coordinates":[77.76471,13.14865]},"properties":{"cell_id":71873,"case_count":51,"gi_zscore":2.8733,"gi_pvalue":0.001,"significance":"hot_99","district":"BENGALURU CITY"}},{"type":"Feature","geometry":{"type":"Point","coordinates":[77.77647,13.14865]},"properties":{"cell_id":71874,"case_count":71,"gi_zscore":2.7328,"gi_pvalue":0.001,"significance":"hot_99","district":"BENGALURU CITY"}},{"type":"Feature","geometry":{"type":"Point","coordinates":[77.77647,13.15766]},"properties":{"cell_id":72265,"case_count":81,"gi_zscore":2.7328,"gi_pvalue":0.001,"significance":"hot_99","district":"BENGALURU CITY"}},{"type":"Feature","geometry":{"type":"Point","coordinates":[77.78824,13.15766]},"properties":{"cell_id":72266,"case_count":35,"gi_zscore":2.7328,"gi_pvalue":0.001,"significance":"hot_99","district":"BENGALURU CITY"}},{"type":"Feature","geometry":{"type":"Point","coordinates":[77.62353,13.16667]},"properties":{"cell_id":72643,"case_count":1,"gi_zscore":-0.3115,"gi_pvalue":0.016,"significance":"cold_95","district":"BENGALURU CITY"}},{"type":"Feature","geometry":{"type":"Point","coordinates":[77.63529,13.16667]},"properties":{"cell_id":72644,"case_count":1,"gi_zscore":-0.3115,"gi_pvalue":0.016,"significance":"cold_95","district":"BENGALURU CITY"}},{"type":"Feature","geometry":{"type":"Point","coordinates":[77.71765,13.16667]},"properties":{"cell_id":72651,"case_count":1,"gi_zscore":1.6816,"gi_pvalue":0.001,"significance":"hot_99","district":"BENGALURU CITY"}},{"type":"Feature","geometry":{"type":"Point","coordinates":[77.78824,13.16667]},"properties":{"cell_id":72657,"case_count":118,"gi_zscore":2.7328,"gi_pvalue":0.001,"significance":"hot_99","district":"BENGALURU CITY"}},{"type":"Feature","geometry":{"type":"Point","coordinates":[77.63529,13.17568]},"properties":{"cell_id":73035,"case_count":1,"gi_zscore":-0.3167,"gi_pvalue":0.003,"significance":"cold_99","district":"BENGALURU CITY"}},{"type":"Feature","geometry":{"type":"Point","coordinates":[77.8,13.17568]},"properties":{"cell_id":73049,"case_count":3,"gi_zscore":2.7328,"gi_pvalue":0.001,"significance":"hot_99","district":"BENGALURU CITY"}},{"type":"Feature","geometry":{"type":"Point","coordinates":[77.64706,13.18468]},"properties":{"cell_id":73427,"case_count":1,"gi_zscore":-0.3167,"gi_pvalue":0.003,"significance":"cold_99","district":"BENGALURU CITY"}},{"type":"Feature","geometry":{"type":"Point","coordinates":[77.68235,13.18468]},"properties":{"cell_id":73430,"case_count":1,"gi_zscore":-0.3167,"gi_pvalue":0.003,"significance":"cold_99","district":"BENGALURU CITY"}},{"type":"Feature","geometry":{"type":"Point","coordinates":[77.67059,13.19369]},"properties":{"cell_id":73820,"case_count":1,"gi_zscore":-0.3167,"gi_pvalue":0.003,"significance":"cold_99","district":"BENGALURU CITY"}},{"type":"Feature","geometry":{"type":"Point","coordinates":[77.65882,13.2027]},"properties":{"cell_id":74210,"case_count":1,"gi_zscore":-0.3167,"gi_pvalue":0.003,"significance":"cold_99","district":"BENGALURU CITY"}},{"type":"Feature","geometry":{"type":"Point","coordinates":[77.67059,13.2027]},"properties":{"cell_id":74211,"case_count":1,"gi_zscore":-0.3167,"gi_pvalue":0.003,"significance":"cold_99","district":"BENGALURU CITY"}},{"type":"Feature","geometry":{"type":"Point","coordinates":[77.70588,13.2027]},"properties":{"cell_id":74214,"case_count":1,"gi_zscore":-0.3063,"gi_pvalue":0.015,"significance":"cold_95","district":"BENGALURU CITY"}},{"type":"Feature","geometry":{"type":"Point","coordinates":[77.64706,13.21171]},"properties":{"cell_id":74600,"case_count":1,"gi_zscore":-0.3167,"gi_pvalue":0.003,"significance":"cold_99","district":"BENGALURU CITY"}},{"type":"Feature","geometry":{"type":"Point","coordinates":[77.65882,13.21171]},"properties":{"cell_id":74601,"case_count":1,"gi_zscore":-0.3167,"gi_pvalue":0.003,"significance":"cold_99","district":"BENGALURU CITY"}},{"type":"Feature","geometry":{"type":"Point","coordinates":[77.74118,13.22973]},"properties":{"cell_id":75390,"case_count":1,"gi_zscore":-0.3063,"gi_pvalue":0.015,"significance":"cold_95","district":"BENGALURU CITY"}},{"type":"Feature","geometry":{"type":"Point","coordinates":[77.14118,13.23874]},"properties":{"cell_id":75730,"case_count":1,"gi_zscore":-0.3115,"gi_pvalue":0.015,"significance":"cold_95","district":"BENGALURU CITY"}},{"type":"Feature","geometry":{"type":"Point","coordinates":[77.71765,13.23874]},"properties":{"cell_id":75779,"case_count":1,"gi_zscore":-0.3063,"gi_pvalue":0.015,"significance":"cold_95","district":"BENGALURU CITY"}},{"type":"Feature","geometry":{"type":"Point","coordinates":[77.70588,13.24775]},"properties":{"cell_id":76169,"case_count":1,"gi_zscore":-0.3063,"gi_pvalue":0.015,"significance":"cold_95","district":"BENGALURU CITY"}},{"type":"Feature","geometry":{"type":"Point","coordinates":[77.71765,13.24775]},"properties":{"cell_id":76170,"case_count":3,"gi_zscore":-0.3063,"gi_pvalue":0.003,"significance":"cold_99","district":"BENGALURU CITY"}},{"type":"Feature","geometry":{"type":"Point","coordinates":[77.71765,13.25676]},"properties":{"cell_id":76561,"case_count":1,"gi_zscore":-0.3063,"gi_pvalue":0.014,"significance":"cold_95","district":"BENGALURU CITY"}},{"type":"Feature","geometry":{"type":"Point","coordinates":[77.55294,13.3018]},"properties":{"cell_id":78502,"case_count":1,"gi_zscore":-0.3167,"gi_pvalue":0.003,"significance":"cold_99","district":"BENGALURU CITY"}},{"type":"Feature","geometry":{"type":"Point","coordinates":[77.44706,13.32883]},"properties":{"cell_id":79666,"case_count":1,"gi_zscore":-0.3115,"gi_pvalue":0.014,"significance":"cold_95","district":"BENGALURU CITY"}},{"type":"Feature","geometry":{"type":"Point","coordinates":[77.14118,13.37387]},"properties":{"cell_id":81595,"case_count":1,"gi_zscore":-0.3115,"gi_pvalue":0.014,"significance":"cold_95","district":"BENGALURU CITY"}},{"type":"Feature","geometry":{"type":"Point","coordinates":[77.50588,13.44595]},"properties":{"cell_id":84754,"case_count":1,"gi_zscore":-0.3115,"gi_pvalue":0.014,"significance":"cold_95","district":"BENGALURU CITY"}},{"type":"Feature","geometry":{"type":"Point","coordinates":[77.25882,13.45495]},"properties":{"cell_id":85124,"case_count":1,"gi_zscore":-0.3115,"gi_pvalue":0.014,"significance":"cold_95","district":"BENGALURU CITY"}},{"type":"Feature","geometry":{"type":"Point","coordinates":[77.44706,13.45495]},"properties":{"cell_id":85140,"case_count":1,"gi_zscore":-0.3115,"gi_pvalue":0.014,"significance":"cold_95","district":"BENGALURU CITY"}},{"type":"Feature","geometry":{"type":"Point","coordinates":[77.45882,13.45495]},"properties":{"cell_id":85141,"case_count":2,"gi_zscore":-0.3115,"gi_pvalue":0.003,"significance":"cold_99","district":"BENGALURU CITY"}},{"type":"Feature","geometry":{"type":"Point","coordinates":[77.67059,13.62613]},"properties":{"cell_id":92588,"case_count":1,"gi_zscore":-0.3115,"gi_pvalue":0.013,"significance":"cold_95","district":"BENGALURU CITY"}},{"type":"Feature","geometry":{"type":"Point","coordinates":[77.47059,13.65315]},"properties":{"cell_id":93744,"case_count":1,"gi_zscore":-0.3115,"gi_pvalue":0.013,"significance":"cold_95","district":"BENGALURU CITY"}},{"type":"Feature","geometry":{"type":"Point","coordinates":[77.56471,13.65315]},"properties":{"cell_id":93752,"case_count":1,"gi_zscore":-0.3115,"gi_pvalue":0.013,"significance":"cold_95","district":"BENGALURU CITY"}},{"type":"Feature","geometry":{"type":"Point","coordinates":[77.63529,13.65315]},"properties":{"cell_id":93758,"case_count":1,"gi_zscore":-0.3115,"gi_pvalue":0.013,"significance":"cold_95","district":"BENGALURU CITY"}},{"type":"Feature","geometry":{"type":"Point","coordinates":[77.65882,13.65315]},"properties":{"cell_id":93760,"case_count":1,"gi_zscore":-0.3115,"gi_pvalue":0.013,"significance":"cold_95","district":"BENGALURU CITY"}},{"type":"Feature","geometry":{"type":"Point","coordinates":[77.56471,13.98649]},"properties":{"cell_id":108219,"case_count":1,"gi_zscore":-0.3115,"gi_pvalue":0.013,"significance":"cold_95","district":"BENGALURU CITY"}},{"type":"Feature","geometry":{"type":"Point","coordinates":[75.70588,15.31081]},"properties":{"cell_id":165538,"case_count":17,"gi_zscore":0.3025,"gi_pvalue":0.219,"significance":"not_sig","district":"BENGALURU CITY"}},{"type":"Feature","geometry":{"type":"Point","coordinates":[75.71765,15.31081]},"properties":{"cell_id":165539,"case_count":29,"gi_zscore":0.3025,"gi_pvalue":0.242,"significance":"not_sig","district":"BENGALURU CITY"}},{"type":"Feature","geometry":{"type":"Point","coordinates":[75.70588,15.31982]},"properties":{"cell_id":165929,"case_count":21,"gi_zscore":0.3025,"gi_pvalue":0.227,"significance":"not_sig","district":"BENGALURU CITY"}},{"type":"Feature","geometry":{"type":"Point","coordinates":[75.71765,15.31982]},"properties":{"cell_id":165930,"case_count":37,"gi_zscore":0.3025,"gi_pvalue":0.274,"significance":"not_sig","district":"BENGALURU CITY"}},{"type":"Feature","geometry":{"type":"Point","coordinates":[75.70588,15.32883]},"properties":{"cell_id":166320,"case_count":8,"gi_zscore":0.3025,"gi_pvalue":0.191,"significance":"not_sig","district":"BENGALURU CITY"}},{"type":"Feature","geometry":{"type":"Point","coordinates":[75.71765,15.32883]},"properties":{"cell_id":166321,"case_count":13,"gi_zscore":0.3025,"gi_pvalue":0.204,"significance":"not_sig","district":"BENGALURU CITY"}},{"type":"Feature","geometry":{"type":"Point","coordinates":[77.68235,12.08559]},"properties":{"cell_id":25728,"case_count":3,"gi_zscore":-0.2855,"gi_pvalue":0.139,"significance":"not_sig","district":"BENGALURU DIST"}},{"type":"Feature","geometry":{"type":"Point","coordinates":[77.72941,12.68018]},"properties":{"cell_id":51538,"case_count":2,"gi_zscore":-0.3147,"gi_pvalue":0.039,"significance":"cold_95","district":"BENGALURU DIST"}},{"type":"Feature","geometry":{"type":"Point","coordinates":[77.63529,12.6982]},"properties":{"cell_id":52312,"case_count":1,"gi_zscore":-0.3732,"gi_pvalue":0.037,"significance":"cold_95","district":"BENGALURU DIST"}},{"type":"Feature","geometry":{"type":"Point","coordinates":[77.68235,12.6982]},"properties":{"cell_id":52316,"case_count":1,"gi_zscore":-0.344,"gi_pvalue":0.13,"significance":"not_sig","district":"BENGALURU DIST"}},{"type":"Feature","geometry":{"type":"Point","coordinates":[77.75294,12.6982]},"properties":{"cell_id":52322,"case_count":1,"gi_zscore":-0.3147,"gi_pvalue":0.13,"significance":"not_sig","district":"BENGALURU DIST"}},{"type":"Feature","geometry":{"type":"Point","coordinates":[77.70588,12.71622]},"properties":{"cell_id":53100,"case_count":1,"gi_zscore":-0.3147,"gi_pvalue":0.13,"significance":"not_sig","district":"BENGALURU DIST"}},{"type":"Feature","geometry":{"type":"Point","coordinates":[77.63529,12.72523]},"properties":{"cell_id":53485,"case_count":1,"gi_zscore":-0.344,"gi_pvalue":0.037,"significance":"cold_95","district":"BENGALURU DIST"}},{"type":"Feature","geometry":{"type":"Point","coordinates":[77.67059,12.72523]},"properties":{"cell_id":53488,"case_count":1,"gi_zscore":-0.3732,"gi_pvalue":0.037,"significance":"cold_95","district":"BENGALURU DIST"}},{"type":"Feature","geometry":{"type":"Point","coordinates":[77.71765,12.72523]},"properties":{"cell_id":53492,"case_count":1,"gi_zscore":-0.3147,"gi_pvalue":0.13,"significance":"not_sig","district":"BENGALURU DIST"}},{"type":"Feature","geometry":{"type":"Point","coordinates":[77.72941,12.74324]},"properties":{"cell_id":54275,"case_count":1,"gi_zscore":-0.3147,"gi_pvalue":0.13,"significance":"not_sig","district":"BENGALURU DIST"}},{"type":"Feature","geometry":{"type":"Point","coordinates":[77.74118,12.74324]},"properties":{"cell_id":54276,"case_count":1,"gi_zscore":-0.3147,"gi_pvalue":0.13,"significance":"not_sig","district":"BENGALURU DIST"}},{"type":"Feature","geometry":{"type":"Point","coordinates":[77.70588,12.75225]},"properties":{"cell_id":54664,"case_count":1,"gi_zscore":-0.3147,"gi_pvalue":0.13,"significance":"not_sig","district":"BENGALURU DIST"}},{"type":"Feature","geometry":{"type":"Point","coordinates":[77.72941,12.75225]},"properties":{"cell_id":54666,"case_count":2,"gi_zscore":-0.3147,"gi_pvalue":0.037,"significance":"cold_95","district":"BENGALURU DIST"}},{"type":"Feature","geometry":{"type":"Point","coordinates":[77.77647,12.75225]},"properties":{"cell_id":54670,"case_count":1,"gi_zscore":-0.1101,"gi_pvalue":0.485,"significance":"not_sig","district":"BENGALURU DIST"}},{"type":"Feature","geometry":{"type":"Point","coordinates":[77.64706,12.76126]},"properties":{"cell_id":55050,"case_count":1,"gi_zscore":-0.344,"gi_pvalue":0.035,"significance":"cold_95","district":"BENGALURU DIST"}},{"type":"Feature","geometry":{"type":"Point","coordinates":[77.68235,12.76126]},"properties":{"cell_id":55053,"case_count":1,"gi_zscore":-0.3147,"gi_pvalue":0.131,"significance":"not_sig","district":"BENGALURU DIST"}},{"type":"Feature","geometry":{"type":"Point","coordinates":[77.6,12.77027]},"properties":{"cell_id":55437,"case_count":1,"gi_zscore":-0.344,"gi_pvalue":0.035,"significance":"cold_95","district":"BENGALURU DIST"}},{"type":"Feature","geometry":{"type":"Point","coordinates":[77.62353,12.77027]},"properties":{"cell_id":55439,"case_count":1,"gi_zscore":-0.344,"gi_pvalue":0.035,"significance":"cold_95","district":"BENGALURU DIST"}},{"type":"Feature","geometry":{"type":"Point","coordinates":[77.72941,12.77027]},"properties":{"cell_id":55448,"case_count":1,"gi_zscore":-0.3147,"gi_pvalue":0.131,"significance":"not_sig","district":"BENGALURU DIST"}},{"type":"Feature","geometry":{"type":"Point","coordinates":[77.61176,12.77928]},"properties":{"cell_id":55829,"case_count":1,"gi_zscore":-0.344,"gi_pvalue":0.035,"significance":"cold_95","district":"BENGALURU DIST"}},{"type":"Feature","geometry":{"type":"Point","coordinates":[77.64706,12.77928]},"properties":{"cell_id":55832,"case_count":2,"gi_zscore":-0.3147,"gi_pvalue":0.037,"significance":"cold_95","district":"BENGALURU DIST"}},{"type":"Feature","geometry":{"type":"Point","coordinates":[77.67059,12.77928]},"properties":{"cell_id":55834,"case_count":1,"gi_zscore":-0.2855,"gi_pvalue":0.216,"significance":"not_sig","district":"BENGALURU DIST"}},{"type":"Feature","geometry":{"type":"Point","coordinates":[77.70588,12.77928]},"properties":{"cell_id":55837,"case_count":2,"gi_zscore":-0.2855,"gi_pvalue":0.131,"significance":"not_sig","district":"BENGALURU DIST"}},{"type":"Feature","geometry":{"type":"Point","coordinates":[77.75294,12.77928]},"properties":{"cell_id":55841,"case_count":1,"gi_zscore":-0.1393,"gi_pvalue":0.495,"significance":"not_sig","district":"BENGALURU DIST"}},{"type":"Feature","geometry":{"type":"Point","coordinates":[77.76471,12.77928]},"properties":{"cell_id":55842,"case_count":2,"gi_zscore":-0.1393,"gi_pvalue":0.483,"significance":"not_sig","district":"BENGALURU DIST"}},{"type":"Feature","geometry":{"type":"Point","coordinates":[77.77647,12.77928]},"properties":{"cell_id":55843,"case_count":6,"gi_zscore":-0.1393,"gi_pvalue":0.289,"significance":"not_sig","district":"BENGALURU DIST"}},{"type":"Feature","geometry":{"type":"Point","coordinates":[77.63529,12.78829]},"properties":{"cell_id":56222,"case_count":1,"gi_zscore":-0.3147,"gi_pvalue":0.133,"significance":"not_sig","district":"BENGALURU DIST"}},{"type":"Feature","geometry":{"type":"Point","coordinates":[77.64706,12.78829]},"properties":{"cell_id":56223,"case_count":1,"gi_zscore":-0.3147,"gi_pvalue":0.133,"significance":"not_sig","district":"BENGALURU DIST"}},{"type":"Feature","geometry":{"type":"Point","coordinates":[77.70588,12.78829]},"properties":{"cell_id":56228,"case_count":1,"gi_zscore":-0.2855,"gi_pvalue":0.219,"significance":"not_sig","district":"BENGALURU DIST"}},{"type":"Feature","geometry":{"type":"Point","coordinates":[77.72941,12.78829]},"properties":{"cell_id":56230,"case_count":1,"gi_zscore":-0.344,"gi_pvalue":0.133,"significance":"not_sig","district":"BENGALURU DIST"}},{"type":"Feature","geometry":{"type":"Point","coordinates":[77.77647,12.78829]},"properties":{"cell_id":56234,"case_count":3,"gi_zscore":-0.1393,"gi_pvalue":0.448,"significance":"not_sig","district":"BENGALURU DIST"}},{"type":"Feature","geometry":{"type":"Point","coordinates":[77.69412,12.7973]},"properties":{"cell_id":56618,"case_count":1,"gi_zscore":-0.2563,"gi_pvalue":0.28,"significance":"not_sig","district":"BENGALURU DIST"}},{"type":"Feature","geometry":{"type":"Point","coordinates":[77.70588,12.7973]},"properties":{"cell_id":56619,"case_count":2,"gi_zscore":-0.2855,"gi_pvalue":0.137,"significance":"not_sig","district":"BENGALURU DIST"}},{"type":"Feature","geometry":{"type":"Point","coordinates":[77.71765,12.7973]},"properties":{"cell_id":56620,"case_count":1,"gi_zscore":-0.2855,"gi_pvalue":0.222,"significance":"not_sig","district":"BENGALURU DIST"}},{"type":"Feature","geometry":{"type":"Point","coordinates":[77.72941,12.7973]},"properties":{"cell_id":56621,"case_count":1,"gi_zscore":-0.3147,"gi_pvalue":0.13,"significance":"not_sig","district":"BENGALURU DIST"}},{"type":"Feature","geometry":{"type":"Point","coordinates":[77.74118,12.7973]},"properties":{"cell_id":56622,"case_count":1,"gi_zscore":-0.3732,"gi_pvalue":0.043,"significance":"cold_95","district":"BENGALURU DIST"}},{"type":"Feature","geometry":{"type":"Point","coordinates":[77.76471,12.7973]},"properties":{"cell_id":56624,"case_count":1,"gi_zscore":-0.1393,"gi_pvalue":0.496,"significance":"not_sig","district":"BENGALURU DIST"}},{"type":"Feature","geometry":{"type":"Point","coordinates":[77.58824,12.80631]},"properties":{"cell_id":57000,"case_count":1,"gi_zscore":-0.3147,"gi_pvalue":0.13,"significance":"not_sig","district":"BENGALURU DIST"}},{"type":"Feature","geometry":{"type":"Point","coordinates":[77.62353,12.80631]},"properties":{"cell_id":57003,"case_count":1,"gi_zscore":-0.344,"gi_pvalue":0.13,"significance":"not_sig","district":"BENGALURU DIST"}},{"type":"Feature","geometry":{"type":"Point","coordinates":[77.67059,12.80631]},"properties":{"cell_id":57007,"case_count":2,"gi_zscore":-0.227,"gi_pvalue":0.282,"significance":"not_sig","district":"BENGALURU DIST"}},{"type":"Feature","geometry":{"type":"Point","coordinates":[77.68235,12.80631]},"properties":{"cell_id":57008,"case_count":1,"gi_zscore":-0.227,"gi_pvalue":0.337,"significance":"not_sig","district":"BENGALURU DIST"}},{"type":"Feature","geometry":{"type":"Point","coordinates":[77.70588,12.80631]},"properties":{"cell_id":57010,"case_count":2,"gi_zscore":-0.3147,"gi_pvalue":0.044,"significance":"cold_95","district":"BENGALURU DIST"}},{"type":"Feature","geometry":{"type":"Point","coordinates":[77.71765,12.80631]},"properties":{"cell_id":57011,"case_count":1,"gi_zscore":-0.3147,"gi_pvalue":0.122,"significance":"not_sig","district":"BENGALURU DIST"}},{"type":"Feature","geometry":{"type":"Point","coordinates":[77.72941,12.80631]},"properties":{"cell_id":57012,"case_count":1,"gi_zscore":-0.3147,"gi_pvalue":0.122,"significance":"not_sig","district":"BENGALURU DIST"}},{"type":"Feature","geometry":{"type":"Point","coordinates":[77.77647,12.80631]},"properties":{"cell_id":57016,"case_count":1,"gi_zscore":-0.1393,"gi_pvalue":0.499,"significance":"not_sig","district":"BENGALURU DIST"}},{"type":"Feature","geometry":{"type":"Point","coordinates":[77.57647,12.81532]},"properties":{"cell_id":57390,"case_count":3,"gi_zscore":-0.3147,"gi_pvalue":0.044,"significance":"cold_95","district":"BENGALURU DIST"}},{"type":"Feature","geometry":{"type":"Point","coordinates":[77.58824,12.81532]},"properties":{"cell_id":57391,"case_count":1,"gi_zscore":-0.3147,"gi_pvalue":0.122,"significance":"not_sig","district":"BENGALURU DIST"}},{"type":"Feature","geometry":{"type":"Point","coordinates":[77.68235,12.81532]},"properties":{"cell_id":57399,"case_count":2,"gi_zscore":-0.1978,"gi_pvalue":0.387,"significance":"not_sig","district":"BENGALURU DIST"}},{"type":"Feature","geometry":{"type":"Point","coordinates":[77.69412,12.81532]},"properties":{"cell_id":57400,"case_count":1,"gi_zscore":-0.3147,"gi_pvalue":0.12,"significance":"not_sig","district":"BENGALURU DIST"}},{"type":"Feature","geometry":{"type":"Point","coordinates":[77.67059,12.82432]},"properties":{"cell_id":57789,"case_count":3,"gi_zscore":-0.1978,"gi_pvalue":0.345,"significance":"not_sig","district":"BENGALURU DIST"}},{"type":"Feature","geometry":{"type":"Point","coordinates":[77.68235,12.82432]},"properties":{"cell_id":57790,"case_count":1,"gi_zscore":-0.227,"gi_pvalue":0.385,"significance":"not_sig","district":"BENGALURU DIST"}},{"type":"Feature","geometry":{"type":"Point","coordinates":[77.69412,12.82432]},"properties":{"cell_id":57791,"case_count":1,"gi_zscore":-0.2563,"gi_pvalue":0.275,"significance":"not_sig","district":"BENGALURU DIST"}},{"type":"Feature","geometry":{"type":"Point","coordinates":[77.61176,12.83333]},"properties":{"cell_id":58175,"case_count":1,"gi_zscore":-0.2855,"gi_pvalue":0.222,"significance":"not_sig","district":"BENGALURU DIST"}},{"type":"Feature","geometry":{"type":"Point","coordinates":[77.62353,12.83333]},"properties":{"cell_id":58176,"case_count":1,"gi_zscore":-0.3147,"gi_pvalue":0.12,"significance":"not_sig","district":"BENGALURU DIST"}},{"type":"Feature","geometry":{"type":"Point","coordinates":[77.63529,12.83333]},"properties":{"cell_id":58177,"case_count":1,"gi_zscore":-0.227,"gi_pvalue":0.385,"significance":"not_sig","district":"BENGALURU DIST"}},{"type":"Feature","geometry":{"type":"Point","coordinates":[77.64706,12.83333]},"properties":{"cell_id":58178,"case_count":2,"gi_zscore":-0.1978,"gi_pvalue":0.386,"significance":"not_sig","district":"BENGALURU DIST"}},{"type":"Feature","geometry":{"type":"Point","coordinates":[77.67059,12.83333]},"properties":{"cell_id":58180,"case_count":2,"gi_zscore":-0.1978,"gi_pvalue":0.386,"significance":"not_sig","district":"BENGALURU DIST"}},{"type":"Feature","geometry":{"type":"Point","coordinates":[77.68235,12.83333]},"properties":{"cell_id":58181,"case_count":2,"gi_zscore":-0.1978,"gi_pvalue":0.386,"significance":"not_sig","district":"BENGALURU DIST"}},{"type":"Feature","geometry":{"type":"Point","coordinates":[77.69412,12.83333]},"properties":{"cell_id":58182,"case_count":1,"gi_zscore":-0.3147,"gi_pvalue":0.121,"significance":"not_sig","district":"BENGALURU DIST"}},{"type":"Feature","geometry":{"type":"Point","coordinates":[77.70588,12.83333]},"properties":{"cell_id":58183,"case_count":1,"gi_zscore":-0.3147,"gi_pvalue":0.121,"significance":"not_sig","district":"BENGALURU DIST"}},{"type":"Feature","geometry":{"type":"Point","coordinates":[77.72941,12.83333]},"properties":{"cell_id":58185,"case_count":1,"gi_zscore":-0.344,"gi_pvalue":0.121,"significance":"not_sig","district":"BENGALURU DIST"}},{"type":"Feature","geometry":{"type":"Point","coordinates":[77.68235,12.84234]},"properties":{"cell_id":58572,"case_count":1,"gi_zscore":-0.227,"gi_pvalue":0.383,"significance":"not_sig","district":"BENGALURU DIST"}},{"type":"Feature","geometry":{"type":"Point","coordinates":[77.69412,12.84234]},"properties":{"cell_id":58573,"case_count":2,"gi_zscore":-0.2855,"gi_pvalue":0.123,"significance":"not_sig","district":"BENGALURU DIST"}},{"type":"Feature","geometry":{"type":"Point","coordinates":[77.70588,12.84234]},"properties":{"cell_id":58574,"case_count":1,"gi_zscore":-0.3147,"gi_pvalue":0.118,"significance":"not_sig","district":"BENGALURU DIST"}},{"type":"Feature","geometry":{"type":"Point","coordinates":[77.72941,12.86036]},"properties":{"cell_id":59358,"case_count":1,"gi_zscore":-0.227,"gi_pvalue":0.34,"significance":"not_sig","district":"BENGALURU DIST"}},{"type":"Feature","geometry":{"type":"Point","coordinates":[77.78824,12.86036]},"properties":{"cell_id":59363,"case_count":3,"gi_zscore":-0.1978,"gi_pvalue":0.344,"significance":"not_sig","district":"BENGALURU DIST"}},{"type":"Feature","geometry":{"type":"Point","coordinates":[77.75294,12.87838]},"properties":{"cell_id":60142,"case_count":5,"gi_zscore":-0.1978,"gi_pvalue":0.126,"significance":"not_sig","district":"BENGALURU DIST"}},{"type":"Feature","geometry":{"type":"Point","coordinates":[77.82353,12.87838]},"properties":{"cell_id":60148,"case_count":1,"gi_zscore":-0.1978,"gi_pvalue":0.437,"significance":"not_sig","district":"BENGALURU DIST"}},{"type":"Feature","geometry":{"type":"Point","coordinates":[76.76471,12.8964]},"properties":{"cell_id":60840,"case_count":1,"gi_zscore":-0.344,"gi_pvalue":0.048,"significance":"cold_95","district":"BENGALURU DIST"}},{"type":"Feature","geometry":{"type":"Point","coordinates":[77.82353,12.8964]},"properties":{"cell_id":60930,"case_count":1,"gi_zscore":-0.1978,"gi_pvalue":0.437,"significance":"not_sig","district":"BENGALURU DIST"}},{"type":"Feature","geometry":{"type":"Point","coordinates":[77.75294,12.90541]},"properties":{"cell_id":61315,"case_count":1,"gi_zscore":-0.1978,"gi_pvalue":0.437,"significance":"not_sig","district":"BENGALURU DIST"}},{"type":"Feature","geometry":{"type":"Point","coordinates":[77.77647,12.91441]},"properties":{"cell_id":61708,"case_count":1,"gi_zscore":-0.1978,"gi_pvalue":0.437,"significance":"not_sig","district":"BENGALURU DIST"}},{"type":"Feature","geometry":{"type":"Point","coordinates":[77.78824,12.92342]},"properties":{"cell_id":62100,"case_count":1,"gi_zscore":-0.1978,"gi_pvalue":0.437,"significance":"not_sig","district":"BENGALURU DIST"}},{"type":"Feature","geometry":{"type":"Point","coordinates":[77.8,12.93243]},"properties":{"cell_id":62492,"case_count":1,"gi_zscore":-0.3732,"gi_pvalue":0.048,"significance":"cold_95","district":"BENGALURU DIST"}},{"type":"Feature","geometry":{"type":"Point","coordinates":[77.71765,12.95045]},"properties":{"cell_id":63267,"case_count":1,"gi_zscore":-0.2563,"gi_pvalue":0.34,"significance":"not_sig","district":"BENGALURU DIST"}},{"type":"Feature","geometry":{"type":"Point","coordinates":[77.6,12.96847]},"properties":{"cell_id":64039,"case_count":3,"gi_zscore":1.3226,"gi_pvalue":0.004,"significance":"hot_99","district":"BENGALURU DIST"}},{"type":"Feature","geometry":{"type":"Point","coordinates":[77.6,12.97748]},"properties":{"cell_id":64430,"case_count":10,"gi_zscore":1.3226,"gi_pvalue":0.008,"significance":"hot_99","district":"BENGALURU DIST"}},{"type":"Feature","geometry":{"type":"Point","coordinates":[77.6,12.98649]},"properties":{"cell_id":64821,"case_count":1,"gi_zscore":1.3226,"gi_pvalue":0.002,"significance":"hot_99","district":"BENGALURU DIST"}},{"type":"Feature","geometry":{"type":"Point","coordinates":[77.61176,12.98649]},"properties":{"cell_id":64822,"case_count":5,"gi_zscore":1.3226,"gi_pvalue":0.005,"significance":"hot_99","district":"BENGALURU DIST"}},{"type":"Feature","geometry":{"type":"Point","coordinates":[77.77647,12.98649]},"properties":{"cell_id":64836,"case_count":1,"gi_zscore":-0.3732,"gi_pvalue":0.052,"significance":"cold_90","district":"BENGALURU DIST"}},{"type":"Feature","geometry":{"type":"Point","coordinates":[77.78824,12.98649]},"properties":{"cell_id":64837,"case_count":1,"gi_zscore":-0.3732,"gi_pvalue":0.052,"significance":"cold_90","district":"BENGALURU DIST"}},{"type":"Feature","geometry":{"type":"Point","coordinates":[77.82353,12.98649]},"properties":{"cell_id":64840,"case_count":1,"gi_zscore":-0.3732,"gi_pvalue":0.052,"significance":"cold_90","district":"BENGALURU DIST"}},{"type":"Feature","geometry":{"type":"Point","coordinates":[77.44706,12.9955]},"properties":{"cell_id":65199,"case_count":2,"gi_zscore":-0.3147,"gi_pvalue":0.131,"significance":"not_sig","district":"BENGALURU DIST"}},{"type":"Feature","geometry":{"type":"Point","coordinates":[77.47059,12.9955]},"properties":{"cell_id":65201,"case_count":2,"gi_zscore":-0.227,"gi_pvalue":0.285,"significance":"not_sig","district":"BENGALURU DIST"}},{"type":"Feature","geometry":{"type":"Point","coordinates":[77.61176,12.9955]},"properties":{"cell_id":65213,"case_count":3,"gi_zscore":1.3226,"gi_pvalue":0.004,"significance":"hot_99","district":"BENGALURU DIST"}},{"type":"Feature","geometry":{"type":"Point","coordinates":[77.62353,12.9955]},"properties":{"cell_id":65214,"case_count":12,"gi_zscore":1.5273,"gi_pvalue":0.005,"significance":"hot_99","district":"BENGALURU DIST"}},{"type":"Feature","geometry":{"type":"Point","coordinates":[77.78824,12.9955]},"properties":{"cell_id":65228,"case_count":1,"gi_zscore":-0.344,"gi_pvalue":0.049,"significance":"cold_95","district":"BENGALURU DIST"}},{"type":"Feature","geometry":{"type":"Point","coordinates":[77.27059,13.0045]},"properties":{"cell_id":65575,"case_count":1,"gi_zscore":-0.3732,"gi_pvalue":0.049,"significance":"cold_95","district":"BENGALURU DIST"}},{"type":"Feature","geometry":{"type":"Point","coordinates":[77.44706,13.0045]},"properties":{"cell_id":65590,"case_count":1,"gi_zscore":-0.3147,"gi_pvalue":0.218,"significance":"not_sig","district":"BENGALURU DIST"}},{"type":"Feature","geometry":{"type":"Point","coordinates":[77.62353,13.0045]},"properties":{"cell_id":65605,"case_count":12,"gi_zscore":1.5273,"gi_pvalue":0.005,"significance":"hot_99","district":"BENGALURU DIST"}},{"type":"Feature","geometry":{"type":"Point","coordinates":[77.63529,13.0045]},"properties":{"cell_id":65606,"case_count":2,"gi_zscore":1.6443,"gi_pvalue":0.002,"significance":"hot_99","district":"BENGALURU DIST"}},{"type":"Feature","geometry":{"type":"Point","coordinates":[77.47059,13.01351]},"properties":{"cell_id":65983,"case_count":1,"gi_zscore":-0.227,"gi_pvalue":0.356,"significance":"not_sig","district":"BENGALURU DIST"}},{"type":"Feature","geometry":{"type":"Point","coordinates":[77.63529,13.01351]},"properties":{"cell_id":65997,"case_count":19,"gi_zscore":1.6443,"gi_pvalue":0.006,"significance":"hot_99","district":"BENGALURU DIST"}},{"type":"Feature","geometry":{"type":"Point","coordinates":[77.85882,13.01351]},"properties":{"cell_id":66016,"case_count":1,"gi_zscore":-0.3732,"gi_pvalue":0.045,"significance":"cold_95","district":"BENGALURU DIST"}},{"type":"Feature","geometry":{"type":"Point","coordinates":[77.64706,13.02252]},"properties":{"cell_id":66389,"case_count":10,"gi_zscore":1.7612,"gi_pvalue":0.002,"significance":"hot_99","district":"BENGALURU DIST"}},{"type":"Feature","geometry":{"type":"Point","coordinates":[77.72941,13.02252]},"properties":{"cell_id":66396,"case_count":1,"gi_zscore":-0.2855,"gi_pvalue":0.227,"significance":"not_sig","district":"BENGALURU DIST"}},{"type":"Feature","geometry":{"type":"Point","coordinates":[77.35294,13.03153]},"properties":{"cell_id":66755,"case_count":1,"gi_zscore":-0.1978,"gi_pvalue":0.419,"significance":"not_sig","district":"BENGALURU DIST"}},{"type":"Feature","geometry":{"type":"Point","coordinates":[77.45882,13.03153]},"properties":{"cell_id":66764,"case_count":1,"gi_zscore":-0.2855,"gi_pvalue":0.227,"significance":"not_sig","district":"BENGALURU DIST"}},{"type":"Feature","geometry":{"type":"Point","coordinates":[77.64706,13.03153]},"properties":{"cell_id":66780,"case_count":7,"gi_zscore":1.7612,"gi_pvalue":0.002,"significance":"hot_99","district":"BENGALURU DIST"}},{"type":"Feature","geometry":{"type":"Point","coordinates":[77.65882,13.03153]},"properties":{"cell_id":66781,"case_count":8,"gi_zscore":1.5273,"gi_pvalue":0.003,"significance":"hot_99","district":"BENGALURU DIST"}},{"type":"Feature","geometry":{"type":"Point","coordinates":[77.45882,13.04054]},"properties":{"cell_id":67155,"case_count":1,"gi_zscore":-0.344,"gi_pvalue":0.044,"significance":"cold_95","district":"BENGALURU DIST"}},{"type":"Feature","geometry":{"type":"Point","coordinates":[77.48235,13.04054]},"properties":{"cell_id":67157,"case_count":1,"gi_zscore":-0.2855,"gi_pvalue":0.223,"significance":"not_sig","district":"BENGALURU DIST"}},{"type":"Feature","geometry":{"type":"Point","coordinates":[77.65882,13.04054]},"properties":{"cell_id":67172,"case_count":8,"gi_zscore":1.4104,"gi_pvalue":0.004,"significance":"hot_99","district":"BENGALURU DIST"}},{"type":"Feature","geometry":{"type":"Point","coordinates":[77.67059,13.04054]},"properties":{"cell_id":67173,"case_count":5,"gi_zscore":1.2349,"gi_pvalue":0.008,"significance":"hot_99","district":"BENGALURU DIST"}},{"type":"Feature","geometry":{"type":"Point","coordinates":[77.69412,13.04054]},"properties":{"cell_id":67175,"case_count":1,"gi_zscore":0.8841,"gi_pvalue":0.016,"significance":"hot_95","district":"BENGALURU DIST"}},{"type":"Feature","geometry":{"type":"Point","coordinates":[77.70588,13.04054]},"properties":{"cell_id":67176,"case_count":1,"gi_zscore":0.4162,"gi_pvalue":0.089,"significance":"hot_90","district":"BENGALURU DIST"}},{"type":"Feature","geometry":{"type":"Point","coordinates":[77.74118,13.04054]},"properties":{"cell_id":67179,"case_count":2,"gi_zscore":-0.2855,"gi_pvalue":0.143,"significance":"not_sig","district":"BENGALURU DIST"}},{"type":"Feature","geometry":{"type":"Point","coordinates":[77.17647,13.04955]},"properties":{"cell_id":67522,"case_count":1,"gi_zscore":-0.344,"gi_pvalue":0.049,"significance":"cold_95","district":"BENGALURU DIST"}},{"type":"Feature","geometry":{"type":"Point","coordinates":[77.48235,13.04955]},"properties":{"cell_id":67548,"case_count":2,"gi_zscore":-0.2855,"gi_pvalue":0.145,"significance":"not_sig","district":"BENGALURU DIST"}},{"type":"Feature","geometry":{"type":"Point","coordinates":[77.67059,13.04955]},"properties":{"cell_id":67564,"case_count":11,"gi_zscore":1.2642,"gi_pvalue":0.013,"significance":"hot_95","district":"BENGALURU DIST"}},{"type":"Feature","geometry":{"type":"Point","coordinates":[77.68235,13.04955]},"properties":{"cell_id":67565,"case_count":4,"gi_zscore":1.0595,"gi_pvalue":0.013,"significance":"hot_95","district":"BENGALURU DIST"}},{"type":"Feature","geometry":{"type":"Point","coordinates":[77.71765,13.04955]},"properties":{"cell_id":67568,"case_count":2,"gi_zscore":-0.1685,"gi_pvalue":0.4,"significance":"not_sig","district":"BENGALURU DIST"}},{"type":"Feature","geometry":{"type":"Point","coordinates":[77.74118,13.04955]},"properties":{"cell_id":67570,"case_count":1,"gi_zscore":-0.2855,"gi_pvalue":0.228,"significance":"not_sig","district":"BENGALURU DIST"}},{"type":"Feature","geometry":{"type":"Point","coordinates":[77.75294,13.04955]},"properties":{"cell_id":67571,"case_count":2,"gi_zscore":-0.3147,"gi_pvalue":0.142,"significance":"not_sig","district":"BENGALURU DIST"}},{"type":"Feature","geometry":{"type":"Point","coordinates":[77.76471,13.04955]},"properties":{"cell_id":67572,"case_count":1,"gi_zscore":-0.3147,"gi_pvalue":0.224,"significance":"not_sig","district":"BENGALURU DIST"}},{"type":"Feature","geometry":{"type":"Point","coordinates":[77.78824,13.04955]},"properties":{"cell_id":67574,"case_count":1,"gi_zscore":-0.0808,"gi_pvalue":0.441,"significance":"not_sig","district":"BENGALURU DIST"}},{"type":"Feature","geometry":{"type":"Point","coordinates":[77.85882,13.04955]},"properties":{"cell_id":67580,"case_count":1,"gi_zscore":-0.3147,"gi_pvalue":0.14,"significance":"not_sig","district":"BENGALURU DIST"}},{"type":"Feature","geometry":{"type":"Point","coordinates":[77.34118,13.05856]},"properties":{"cell_id":67927,"case_count":1,"gi_zscore":-0.1393,"gi_pvalue":0.489,"significance":"not_sig","district":"BENGALURU DIST"}},{"type":"Feature","geometry":{"type":"Point","coordinates":[77.42353,13.05856]},"properties":{"cell_id":67934,"case_count":1,"gi_zscore":-0.344,"gi_pvalue":0.053,"significance":"cold_90","district":"BENGALURU DIST"}},{"type":"Feature","geometry":{"type":"Point","coordinates":[77.44706,13.05856]},"properties":{"cell_id":67936,"case_count":1,"gi_zscore":-0.344,"gi_pvalue":0.053,"significance":"cold_90","district":"BENGALURU DIST"}},{"type":"Feature","geometry":{"type":"Point","coordinates":[77.45882,13.05856]},"properties":{"cell_id":67937,"case_count":1,"gi_zscore":-0.2855,"gi_pvalue":0.224,"significance":"not_sig","district":"BENGALURU DIST"}},{"type":"Feature","geometry":{"type":"Point","coordinates":[77.48235,13.05856]},"properties":{"cell_id":67939,"case_count":3,"gi_zscore":-0.2855,"gi_pvalue":0.058,"significance":"cold_90","district":"BENGALURU DIST"}},{"type":"Feature","geometry":{"type":"Point","coordinates":[77.49412,13.05856]},"properties":{"cell_id":67940,"case_count":1,"gi_zscore":-0.2855,"gi_pvalue":0.229,"significance":"not_sig","district":"BENGALURU DIST"}},{"type":"Feature","geometry":{"type":"Point","coordinates":[77.68235,13.05856]},"properties":{"cell_id":67956,"case_count":16,"gi_zscore":1.1472,"gi_pvalue":0.027,"significance":"hot_95","district":"BENGALURU DIST"}},{"type":"Feature","geometry":{"type":"Point","coordinates":[77.71765,13.05856]},"properties":{"cell_id":67959,"case_count":1,"gi_zscore":0.1823,"gi_pvalue":0.225,"significance":"not_sig","district":"BENGALURU DIST"}},{"type":"Feature","geometry":{"type":"Point","coordinates":[77.75294,13.05856]},"properties":{"cell_id":67962,"case_count":1,"gi_zscore":-0.3147,"gi_pvalue":0.225,"significance":"not_sig","district":"BENGALURU DIST"}},{"type":"Feature","geometry":{"type":"Point","coordinates":[77.76471,13.05856]},"properties":{"cell_id":67963,"case_count":1,"gi_zscore":-0.344,"gi_pvalue":0.14,"significance":"not_sig","district":"BENGALURU DIST"}},{"type":"Feature","geometry":{"type":"Point","coordinates":[77.78824,13.05856]},"properties":{"cell_id":67965,"case_count":1,"gi_zscore":-0.1101,"gi_pvalue":0.477,"significance":"not_sig","district":"BENGALURU DIST"}},{"type":"Feature","geometry":{"type":"Point","coordinates":[77.82353,13.05856]},"properties":{"cell_id":67968,"case_count":1,"gi_zscore":-0.1978,"gi_pvalue":0.426,"significance":"not_sig","district":"BENGALURU DIST"}},{"type":"Feature","geometry":{"type":"Point","coordinates":[77.84706,13.05856]},"properties":{"cell_id":67970,"case_count":1,"gi_zscore":-0.3147,"gi_pvalue":0.14,"significance":"not_sig","district":"BENGALURU DIST"}},{"type":"Feature","geometry":{"type":"Point","coordinates":[77.35294,13.06757]},"properties":{"cell_id":68319,"case_count":1,"gi_zscore":-0.1393,"gi_pvalue":0.491,"significance":"not_sig","district":"BENGALURU DIST"}},{"type":"Feature","geometry":{"type":"Point","coordinates":[77.44706,13.06757]},"properties":{"cell_id":68327,"case_count":1,"gi_zscore":-0.344,"gi_pvalue":0.054,"significance":"cold_90","district":"BENGALURU DIST"}},{"type":"Feature","geometry":{"type":"Point","coordinates":[77.45882,13.06757]},"properties":{"cell_id":68328,"case_count":1,"gi_zscore":-0.2855,"gi_pvalue":0.225,"significance":"not_sig","district":"BENGALURU DIST"}},{"type":"Feature","geometry":{"type":"Point","coordinates":[77.68235,13.06757]},"properties":{"cell_id":68347,"case_count":4,"gi_zscore":1.1472,"gi_pvalue":0.008,"significance":"hot_99","district":"BENGALURU DIST"}},{"type":"Feature","geometry":{"type":"Point","coordinates":[77.69412,13.06757]},"properties":{"cell_id":68348,"case_count":8,"gi_zscore":0.9133,"gi_pvalue":0.031,"significance":"hot_95","district":"BENGALURU DIST"}},{"type":"Feature","geometry":{"type":"Point","coordinates":[77.74118,13.06757]},"properties":{"cell_id":68352,"case_count":1,"gi_zscore":-0.3147,"gi_pvalue":0.225,"significance":"not_sig","district":"BENGALURU DIST"}},{"type":"Feature","geometry":{"type":"Point","coordinates":[77.75294,13.06757]},"properties":{"cell_id":68353,"case_count":1,"gi_zscore":-0.3147,"gi_pvalue":0.225,"significance":"not_sig","district":"BENGALURU DIST"}},{"type":"Feature","geometry":{"type":"Point","coordinates":[77.78824,13.06757]},"properties":{"cell_id":68356,"case_count":5,"gi_zscore":-0.1101,"gi_pvalue":0.371,"significance":"not_sig","district":"BENGALURU DIST"}},{"type":"Feature","geometry":{"type":"Point","coordinates":[77.8,13.06757]},"properties":{"cell_id":68357,"case_count":3,"gi_zscore":-0.1101,"gi_pvalue":0.47,"significance":"not_sig","district":"BENGALURU DIST"}},{"type":"Feature","geometry":{"type":"Point","coordinates":[77.38824,13.07658]},"properties":{"cell_id":68713,"case_count":1,"gi_zscore":-0.0808,"gi_pvalue":0.447,"significance":"not_sig","district":"BENGALURU DIST"}},{"type":"Feature","geometry":{"type":"Point","coordinates":[77.42353,13.07658]},"properties":{"cell_id":68716,"case_count":2,"gi_zscore":-0.2563,"gi_pvalue":0.234,"significance":"not_sig","district":"BENGALURU DIST"}},{"type":"Feature","geometry":{"type":"Point","coordinates":[77.43529,13.07658]},"properties":{"cell_id":68717,"case_count":1,"gi_zscore":-0.344,"gi_pvalue":0.055,"significance":"cold_90","district":"BENGALURU DIST"}},{"type":"Feature","geometry":{"type":"Point","coordinates":[77.69412,13.07658]},"properties":{"cell_id":68739,"case_count":6,"gi_zscore":1.4396,"gi_pvalue":0.004,"significance":"hot_99","district":"BENGALURU DIST"}},{"type":"Feature","geometry":{"type":"Point","coordinates":[77.70588,13.07658]},"properties":{"cell_id":68740,"case_count":6,"gi_zscore":0.9133,"gi_pvalue":0.024,"significance":"hot_95","district":"BENGALURU DIST"}},{"type":"Feature","geometry":{"type":"Point","coordinates":[77.71765,13.07658]},"properties":{"cell_id":68741,"case_count":1,"gi_zscore":0.8256,"gi_pvalue":0.024,"significance":"hot_95","district":"BENGALURU DIST"}},{"type":"Feature","geometry":{"type":"Point","coordinates":[77.78824,13.07658]},"properties":{"cell_id":68747,"case_count":4,"gi_zscore":-0.1101,"gi_pvalue":0.422,"significance":"not_sig","district":"BENGALURU DIST"}},{"type":"Feature","geometry":{"type":"Point","coordinates":[77.81176,13.07658]},"properties":{"cell_id":68749,"case_count":1,"gi_zscore":-0.0808,"gi_pvalue":0.445,"significance":"not_sig","district":"BENGALURU DIST"}},{"type":"Feature","geometry":{"type":"Point","coordinates":[77.36471,13.08559]},"properties":{"cell_id":69102,"case_count":1,"gi_zscore":-0.1393,"gi_pvalue":0.481,"significance":"not_sig","district":"BENGALURU DIST"}},{"type":"Feature","geometry":{"type":"Point","coordinates":[77.38824,13.08559]},"properties":{"cell_id":69104,"case_count":1,"gi_zscore":-0.1101,"gi_pvalue":0.485,"significance":"not_sig","district":"BENGALURU DIST"}},{"type":"Feature","geometry":{"type":"Point","coordinates":[77.41176,13.08559]},"properties":{"cell_id":69106,"case_count":1,"gi_zscore":-0.0808,"gi_pvalue":0.445,"significance":"not_sig","district":"BENGALURU DIST"}},{"type":"Feature","geometry":{"type":"Point","coordinates":[77.42353,13.08559]},"properties":{"cell_id":69107,"case_count":1,"gi_zscore":-0.2563,"gi_pvalue":0.275,"significance":"not_sig","district":"BENGALURU DIST"}},{"type":"Feature","geometry":{"type":"Point","coordinates":[77.70588,13.08559]},"properties":{"cell_id":69131,"case_count":7,"gi_zscore":1.7905,"gi_pvalue":0.002,"significance":"hot_99","district":"BENGALURU DIST"}},{"type":"Feature","geometry":{"type":"Point","coordinates":[77.77647,13.08559]},"properties":{"cell_id":69137,"case_count":1,"gi_zscore":-0.1101,"gi_pvalue":0.488,"significance":"not_sig","district":"BENGALURU DIST"}},{"type":"Feature","geometry":{"type":"Point","coordinates":[77.84706,13.08559]},"properties":{"cell_id":69143,"case_count":1,"gi_zscore":-0.2855,"gi_pvalue":0.214,"significance":"not_sig","district":"BENGALURU DIST"}},{"type":"Feature","geometry":{"type":"Point","coordinates":[77.32941,13.09459]},"properties":{"cell_id":69490,"case_count":1,"gi_zscore":-0.1978,"gi_pvalue":0.412,"significance":"not_sig","district":"BENGALURU DIST"}},{"type":"Feature","geometry":{"type":"Point","coordinates":[77.38824,13.09459]},"properties":{"cell_id":69495,"case_count":7,"gi_zscore":-0.1101,"gi_pvalue":0.235,"significance":"not_sig","district":"BENGALURU DIST"}},{"type":"Feature","geometry":{"type":"Point","coordinates":[77.4,13.09459]},"properties":{"cell_id":69496,"case_count":3,"gi_zscore":-0.0808,"gi_pvalue":0.476,"significance":"not_sig","district":"BENGALURU DIST"}},{"type":"Feature","geometry":{"type":"Point","coordinates":[77.71765,13.09459]},"properties":{"cell_id":69523,"case_count":19,"gi_zscore":2.2583,"gi_pvalue":0.001,"significance":"hot_99","district":"BENGALURU DIST"}},{"type":"Feature","geometry":{"type":"Point","coordinates":[77.41176,13.1036]},"properties":{"cell_id":69888,"case_count":2,"gi_zscore":-0.0808,"gi_pvalue":0.481,"significance":"not_sig","district":"BENGALURU DIST"}},{"type":"Feature","geometry":{"type":"Point","coordinates":[77.71765,13.1036]},"properties":{"cell_id":69914,"case_count":1,"gi_zscore":2.5214,"gi_pvalue":0.001,"significance":"hot_99","district":"BENGALURU DIST"}},{"type":"Feature","geometry":{"type":"Point","coordinates":[77.72941,13.1036]},"properties":{"cell_id":69915,"case_count":34,"gi_zscore":2.3752,"gi_pvalue":0.001,"significance":"hot_99","district":"BENGALURU DIST"}},{"type":"Feature","geometry":{"type":"Point","coordinates":[77.88235,13.1036]},"properties":{"cell_id":69928,"case_count":1,"gi_zscore":-0.344,"gi_pvalue":0.059,"significance":"cold_90","district":"BENGALURU DIST"}},{"type":"Feature","geometry":{"type":"Point","coordinates":[77.47059,13.11261]},"properties":{"cell_id":70284,"case_count":1,"gi_zscore":-0.3147,"gi_pvalue":0.214,"significance":"not_sig","district":"BENGALURU DIST"}},{"type":"Feature","geometry":{"type":"Point","coordinates":[77.72941,13.11261]},"properties":{"cell_id":70306,"case_count":11,"gi_zscore":2.7846,"gi_pvalue":0.001,"significance":"hot_99","district":"BENGALURU DIST"}},{"type":"Feature","geometry":{"type":"Point","coordinates":[77.74118,13.11261]},"properties":{"cell_id":70307,"case_count":14,"gi_zscore":2.2875,"gi_pvalue":0.001,"significance":"hot_99","district":"BENGALURU DIST"}},{"type":"Feature","geometry":{"type":"Point","coordinates":[77.77647,13.11261]},"properties":{"cell_id":70310,"case_count":1,"gi_zscore":1.2057,"gi_pvalue":0.004,"significance":"hot_99","district":"BENGALURU DIST"}},{"type":"Feature","geometry":{"type":"Point","coordinates":[77.81176,13.11261]},"properties":{"cell_id":70313,"case_count":2,"gi_zscore":-0.0808,"gi_pvalue":0.467,"significance":"not_sig","district":"BENGALURU DIST"}},{"type":"Feature","geometry":{"type":"Point","coordinates":[77.83529,13.11261]},"properties":{"cell_id":70315,"case_count":1,"gi_zscore":-0.2855,"gi_pvalue":0.208,"significance":"not_sig","district":"BENGALURU DIST"}},{"type":"Feature","geometry":{"type":"Point","coordinates":[77.38824,13.12162]},"properties":{"cell_id":70668,"case_count":1,"gi_zscore":-0.1101,"gi_pvalue":0.495,"significance":"not_sig","district":"BENGALURU DIST"}},{"type":"Feature","geometry":{"type":"Point","coordinates":[77.74118,13.12162]},"properties":{"cell_id":70698,"case_count":15,"gi_zscore":2.7261,"gi_pvalue":0.001,"significance":"hot_99","district":"BENGALURU DIST"}},{"type":"Feature","geometry":{"type":"Point","coordinates":[77.75294,13.12162]},"properties":{"cell_id":70699,"case_count":1,"gi_zscore":1.7612,"gi_pvalue":0.002,"significance":"hot_99","district":"BENGALURU DIST"}},{"type":"Feature","geometry":{"type":"Point","coordinates":[77.89412,13.12162]},"properties":{"cell_id":70711,"case_count":1,"gi_zscore":-0.3732,"gi_pvalue":0.055,"significance":"cold_90","district":"BENGALURU DIST"}},{"type":"Feature","geometry":{"type":"Point","coordinates":[77.34118,13.13063]},"properties":{"cell_id":71055,"case_count":1,"gi_zscore":-0.1978,"gi_pvalue":0.403,"significance":"not_sig","district":"BENGALURU DIST"}},{"type":"Feature","geometry":{"type":"Point","coordinates":[77.48235,13.13063]},"properties":{"cell_id":71067,"case_count":1,"gi_zscore":-0.3147,"gi_pvalue":0.209,"significance":"not_sig","district":"BENGALURU DIST"}},{"type":"Feature","geometry":{"type":"Point","coordinates":[77.75294,13.13063]},"properties":{"cell_id":71090,"case_count":21,"gi_zscore":1.5858,"gi_pvalue":0.01,"significance":"hot_99","district":"BENGALURU DIST"}},{"type":"Feature","geometry":{"type":"Point","coordinates":[77.90588,13.13063]},"properties":{"cell_id":71103,"case_count":1,"gi_zscore":-0.3732,"gi_pvalue":0.055,"significance":"cold_90","district":"BENGALURU DIST"}},{"type":"Feature","geometry":{"type":"Point","coordinates":[77.32941,13.13964]},"properties":{"cell_id":71445,"case_count":1,"gi_zscore":-0.3732,"gi_pvalue":0.055,"significance":"cold_90","district":"BENGALURU DIST"}},{"type":"Feature","geometry":{"type":"Point","coordinates":[77.52941,13.13964]},"properties":{"cell_id":71462,"case_count":1,"gi_zscore":-0.2855,"gi_pvalue":0.211,"significance":"not_sig","district":"BENGALURU DIST"}},{"type":"Feature","geometry":{"type":"Point","coordinates":[77.74118,13.13964]},"properties":{"cell_id":71480,"case_count":1,"gi_zscore":1.5858,"gi_pvalue":0.002,"significance":"hot_99","district":"BENGALURU DIST"}},{"type":"Feature","geometry":{"type":"Point","coordinates":[77.75294,13.13964]},"properties":{"cell_id":71481,"case_count":2,"gi_zscore":1.3226,"gi_pvalue":0.003,"significance":"hot_99","district":"BENGALURU DIST"}},{"type":"Feature","geometry":{"type":"Point","coordinates":[77.76471,13.13964]},"properties":{"cell_id":71482,"case_count":16,"gi_zscore":1.0595,"gi_pvalue":0.045,"significance":"hot_95","district":"BENGALURU DIST"}},{"type":"Feature","geometry":{"type":"Point","coordinates":[77.34118,13.14865]},"properties":{"cell_id":71837,"case_count":1,"gi_zscore":-0.3732,"gi_pvalue":0.055,"significance":"cold_90","district":"BENGALURU DIST"}},{"type":"Feature","geometry":{"type":"Point","coordinates":[77.42353,13.14865]},"properties":{"cell_id":71844,"case_count":1,"gi_zscore":-0.2855,"gi_pvalue":0.213,"significance":"not_sig","district":"BENGALURU DIST"}},{"type":"Feature","geometry":{"type":"Point","coordinates":[77.76471,13.14865]},"properties":{"cell_id":71873,"case_count":5,"gi_zscore":1.1764,"gi_pvalue":0.012,"significance":"hot_95","district":"BENGALURU DIST"}},{"type":"Feature","geometry":{"type":"Point","coordinates":[77.77647,13.14865]},"properties":{"cell_id":71874,"case_count":5,"gi_zscore":1.5858,"gi_pvalue":0.001,"significance":"hot_99","district":"BENGALURU DIST"}},{"type":"Feature","geometry":{"type":"Point","coordinates":[77.36471,13.15766]},"properties":{"cell_id":72230,"case_count":1,"gi_zscore":-0.1685,"gi_pvalue":0.457,"significance":"not_sig","district":"BENGALURU DIST"}},{"type":"Feature","geometry":{"type":"Point","coordinates":[77.74118,13.15766]},"properties":{"cell_id":72262,"case_count":1,"gi_zscore":1.4688,"gi_pvalue":0.001,"significance":"hot_99","district":"BENGALURU DIST"}},{"type":"Feature","geometry":{"type":"Point","coordinates":[77.77647,13.15766]},"properties":{"cell_id":72265,"case_count":6,"gi_zscore":1.5858,"gi_pvalue":0.001,"significance":"hot_99","district":"BENGALURU DIST"}},{"type":"Feature","geometry":{"type":"Point","coordinates":[77.78824,13.15766]},"properties":{"cell_id":72266,"case_count":5,"gi_zscore":1.5858,"gi_pvalue":0.001,"significance":"hot_99","district":"BENGALURU DIST"}},{"type":"Feature","geometry":{"type":"Point","coordinates":[77.90588,13.15766]},"properties":{"cell_id":72276,"case_count":1,"gi_zscore":-0.3732,"gi_pvalue":0.057,"significance":"cold_90","district":"BENGALURU DIST"}},{"type":"Feature","geometry":{"type":"Point","coordinates":[77.94118,13.15766]},"properties":{"cell_id":72279,"case_count":1,"gi_zscore":-0.3732,"gi_pvalue":0.057,"significance":"cold_90","district":"BENGALURU DIST"}},{"type":"Feature","geometry":{"type":"Point","coordinates":[77.55294,13.16667]},"properties":{"cell_id":72637,"case_count":1,"gi_zscore":-0.2855,"gi_pvalue":0.208,"significance":"not_sig","district":"BENGALURU DIST"}},{"type":"Feature","geometry":{"type":"Point","coordinates":[77.56471,13.16667]},"properties":{"cell_id":72638,"case_count":2,"gi_zscore":-0.2855,"gi_pvalue":0.13,"significance":"not_sig","district":"BENGALURU DIST"}},{"type":"Feature","geometry":{"type":"Point","coordinates":[77.78824,13.16667]},"properties":{"cell_id":72657,"case_count":15,"gi_zscore":1.001,"gi_pvalue":0.053,"significance":"hot_90","district":"BENGALURU DIST"}},{"type":"Feature","geometry":{"type":"Point","coordinates":[77.21176,13.17568]},"properties":{"cell_id":72999,"case_count":1,"gi_zscore":-0.344,"gi_pvalue":0.13,"significance":"not_sig","district":"BENGALURU DIST"}},{"type":"Feature","geometry":{"type":"Point","coordinates":[77.29412,13.17568]},"properties":{"cell_id":73006,"case_count":1,"gi_zscore":-0.3732,"gi_pvalue":0.058,"significance":"cold_90","district":"BENGALURU DIST"}},{"type":"Feature","geometry":{"type":"Point","coordinates":[77.55294,13.17568]},"properties":{"cell_id":73028,"case_count":1,"gi_zscore":-0.2855,"gi_pvalue":0.214,"significance":"not_sig","district":"BENGALURU DIST"}},{"type":"Feature","geometry":{"type":"Point","coordinates":[77.56471,13.17568]},"properties":{"cell_id":73029,"case_count":3,"gi_zscore":-0.2855,"gi_pvalue":0.06,"significance":"cold_90","district":"BENGALURU DIST"}},{"type":"Feature","geometry":{"type":"Point","coordinates":[77.92941,13.17568]},"properties":{"cell_id":73060,"case_count":1,"gi_zscore":-0.3732,"gi_pvalue":0.059,"significance":"cold_90","district":"BENGALURU DIST"}},{"type":"Feature","geometry":{"type":"Point","coordinates":[77.30588,13.18468]},"properties":{"cell_id":73398,"case_count":1,"gi_zscore":-0.3732,"gi_pvalue":0.059,"significance":"cold_90","district":"BENGALURU DIST"}},{"type":"Feature","geometry":{"type":"Point","coordinates":[77.8,13.18468]},"properties":{"cell_id":73440,"case_count":1,"gi_zscore":1.001,"gi_pvalue":0.014,"significance":"hot_95","district":"BENGALURU DIST"}},{"type":"Feature","geometry":{"type":"Point","coordinates":[77.28235,13.19369]},"properties":{"cell_id":73787,"case_count":1,"gi_zscore":-0.3732,"gi_pvalue":0.059,"significance":"cold_90","district":"BENGALURU DIST"}},{"type":"Feature","geometry":{"type":"Point","coordinates":[77.30588,13.2027]},"properties":{"cell_id":74180,"case_count":1,"gi_zscore":-0.3732,"gi_pvalue":0.059,"significance":"cold_90","district":"BENGALURU DIST"}},{"type":"Feature","geometry":{"type":"Point","coordinates":[77.55294,13.2027]},"properties":{"cell_id":74201,"case_count":1,"gi_zscore":-0.2563,"gi_pvalue":0.267,"significance":"not_sig","district":"BENGALURU DIST"}},{"type":"Feature","geometry":{"type":"Point","coordinates":[77.89412,13.2027]},"properties":{"cell_id":74230,"case_count":1,"gi_zscore":-0.3732,"gi_pvalue":0.059,"significance":"cold_90","district":"BENGALURU DIST"}},{"type":"Feature","geometry":{"type":"Point","coordinates":[77.90588,13.2027]},"properties":{"cell_id":74231,"case_count":1,"gi_zscore":-0.3732,"gi_pvalue":0.059,"significance":"cold_90","district":"BENGALURU DIST"}},{"type":"Feature","geometry":{"type":"Point","coordinates":[77.23529,13.21171]},"properties":{"cell_id":74565,"case_count":2,"gi_zscore":-0.344,"gi_pvalue":0.061,"significance":"cold_90","district":"BENGALURU DIST"}},{"type":"Feature","geometry":{"type":"Point","coordinates":[77.25882,13.21171]},"properties":{"cell_id":74567,"case_count":1,"gi_zscore":-0.344,"gi_pvalue":0.135,"significance":"not_sig","district":"BENGALURU DIST"}},{"type":"Feature","geometry":{"type":"Point","coordinates":[77.30588,13.21171]},"properties":{"cell_id":74571,"case_count":1,"gi_zscore":-0.3732,"gi_pvalue":0.059,"significance":"cold_90","district":"BENGALURU DIST"}},{"type":"Feature","geometry":{"type":"Point","coordinates":[77.43529,13.21171]},"properties":{"cell_id":74582,"case_count":1,"gi_zscore":-0.344,"gi_pvalue":0.059,"significance":"cold_90","district":"BENGALURU DIST"}},{"type":"Feature","geometry":{"type":"Point","coordinates":[77.52941,13.21171]},"properties":{"cell_id":74590,"case_count":1,"gi_zscore":-0.2855,"gi_pvalue":0.206,"significance":"not_sig","district":"BENGALURU DIST"}},{"type":"Feature","geometry":{"type":"Point","coordinates":[77.24706,13.22072]},"properties":{"cell_id":74957,"case_count":1,"gi_zscore":-0.344,"gi_pvalue":0.135,"significance":"not_sig","district":"BENGALURU DIST"}},{"type":"Feature","geometry":{"type":"Point","coordinates":[77.25882,13.22072]},"properties":{"cell_id":74958,"case_count":1,"gi_zscore":-0.344,"gi_pvalue":0.135,"significance":"not_sig","district":"BENGALURU DIST"}},{"type":"Feature","geometry":{"type":"Point","coordinates":[77.30588,13.22072]},"properties":{"cell_id":74962,"case_count":1,"gi_zscore":-0.3732,"gi_pvalue":0.059,"significance":"cold_90","district":"BENGALURU DIST"}},{"type":"Feature","geometry":{"type":"Point","coordinates":[77.56471,13.22072]},"properties":{"cell_id":74984,"case_count":1,"gi_zscore":-0.2563,"gi_pvalue":0.267,"significance":"not_sig","district":"BENGALURU DIST"}},{"type":"Feature","geometry":{"type":"Point","coordinates":[77.88235,13.22072]},"properties":{"cell_id":75011,"case_count":1,"gi_zscore":-0.344,"gi_pvalue":0.059,"significance":"cold_90","district":"BENGALURU DIST"}},{"type":"Feature","geometry":{"type":"Point","coordinates":[77.91765,13.22072]},"properties":{"cell_id":75014,"case_count":1,"gi_zscore":-0.3732,"gi_pvalue":0.059,"significance":"cold_90","district":"BENGALURU DIST"}},{"type":"Feature","geometry":{"type":"Point","coordinates":[77.30588,13.22973]},"properties":{"cell_id":75353,"case_count":1,"gi_zscore":-0.3732,"gi_pvalue":0.059,"significance":"cold_90","district":"BENGALURU DIST"}},{"type":"Feature","geometry":{"type":"Point","coordinates":[77.51765,13.22973]},"properties":{"cell_id":75371,"case_count":1,"gi_zscore":-0.3147,"gi_pvalue":0.135,"significance":"not_sig","district":"BENGALURU DIST"}},{"type":"Feature","geometry":{"type":"Point","coordinates":[77.65882,13.22973]},"properties":{"cell_id":75383,"case_count":1,"gi_zscore":-0.344,"gi_pvalue":0.059,"significance":"cold_90","district":"BENGALURU DIST"}},{"type":"Feature","geometry":{"type":"Point","coordinates":[77.28235,13.23874]},"properties":{"cell_id":75742,"case_count":1,"gi_zscore":-0.3732,"gi_pvalue":0.059,"significance":"cold_90","district":"BENGALURU DIST"}},{"type":"Feature","geometry":{"type":"Point","coordinates":[77.91765,13.23874]},"properties":{"cell_id":75796,"case_count":1,"gi_zscore":-0.3732,"gi_pvalue":0.059,"significance":"cold_90","district":"BENGALURU DIST"}},{"type":"Feature","geometry":{"type":"Point","coordinates":[77.23529,13.24775]},"properties":{"cell_id":76129,"case_count":1,"gi_zscore":-0.344,"gi_pvalue":0.135,"significance":"not_sig","district":"BENGALURU DIST"}},{"type":"Feature","geometry":{"type":"Point","coordinates":[77.67059,13.24775]},"properties":{"cell_id":76166,"case_count":1,"gi_zscore":-0.344,"gi_pvalue":0.059,"significance":"cold_90","district":"BENGALURU DIST"}},{"type":"Feature","geometry":{"type":"Point","coordinates":[77.8,13.24775]},"properties":{"cell_id":76177,"case_count":2,"gi_zscore":0.1823,"gi_pvalue":0.221,"significance":"not_sig","district":"BENGALURU DIST"}},{"type":"Feature","geometry":{"type":"Point","coordinates":[77.24706,13.25676]},"properties":{"cell_id":76521,"case_count":1,"gi_zscore":-0.344,"gi_pvalue":0.137,"significance":"not_sig","district":"BENGALURU DIST"}},{"type":"Feature","geometry":{"type":"Point","coordinates":[77.54118,13.25676]},"properties":{"cell_id":76546,"case_count":1,"gi_zscore":-0.2855,"gi_pvalue":0.206,"significance":"not_sig","district":"BENGALURU DIST"}},{"type":"Feature","geometry":{"type":"Point","coordinates":[77.55294,13.25676]},"properties":{"cell_id":76547,"case_count":2,"gi_zscore":-0.2563,"gi_pvalue":0.224,"significance":"not_sig","district":"BENGALURU DIST"}},{"type":"Feature","geometry":{"type":"Point","coordinates":[77.64706,13.25676]},"properties":{"cell_id":76555,"case_count":1,"gi_zscore":-0.344,"gi_pvalue":0.06,"significance":"cold_90","district":"BENGALURU DIST"}},{"type":"Feature","geometry":{"type":"Point","coordinates":[77.64706,13.26577]},"properties":{"cell_id":76946,"case_count":1,"gi_zscore":-0.344,"gi_pvalue":0.06,"significance":"cold_90","district":"BENGALURU DIST"}},{"type":"Feature","geometry":{"type":"Point","coordinates":[77.23529,13.27477]},"properties":{"cell_id":77302,"case_count":1,"gi_zscore":-0.344,"gi_pvalue":0.133,"significance":"not_sig","district":"BENGALURU DIST"}},{"type":"Feature","geometry":{"type":"Point","coordinates":[77.51765,13.27477]},"properties":{"cell_id":77326,"case_count":1,"gi_zscore":-0.227,"gi_pvalue":0.326,"significance":"not_sig","district":"BENGALURU DIST"}},{"type":"Feature","geometry":{"type":"Point","coordinates":[77.6,13.27477]},"properties":{"cell_id":77333,"case_count":1,"gi_zscore":-0.2855,"gi_pvalue":0.206,"significance":"not_sig","district":"BENGALURU DIST"}},{"type":"Feature","geometry":{"type":"Point","coordinates":[77.62353,13.27477]},"properties":{"cell_id":77335,"case_count":2,"gi_zscore":-0.3147,"gi_pvalue":0.064,"significance":"cold_90","district":"BENGALURU DIST"}},{"type":"Feature","geometry":{"type":"Point","coordinates":[77.34118,13.28378]},"properties":{"cell_id":77702,"case_count":1,"gi_zscore":-0.3732,"gi_pvalue":0.062,"significance":"cold_90","district":"BENGALURU DIST"}},{"type":"Feature","geometry":{"type":"Point","coordinates":[77.44706,13.28378]},"properties":{"cell_id":77711,"case_count":2,"gi_zscore":-0.344,"gi_pvalue":0.064,"significance":"cold_90","district":"BENGALURU DIST"}},{"type":"Feature","geometry":{"type":"Point","coordinates":[77.54118,13.28378]},"properties":{"cell_id":77719,"case_count":2,"gi_zscore":-0.227,"gi_pvalue":0.269,"significance":"not_sig","district":"BENGALURU DIST"}},{"type":"Feature","geometry":{"type":"Point","coordinates":[77.55294,13.28378]},"properties":{"cell_id":77720,"case_count":1,"gi_zscore":-0.1978,"gi_pvalue":0.412,"significance":"not_sig","district":"BENGALURU DIST"}},{"type":"Feature","geometry":{"type":"Point","coordinates":[77.57647,13.28378]},"properties":{"cell_id":77722,"case_count":1,"gi_zscore":-0.2563,"gi_pvalue":0.268,"significance":"not_sig","district":"BENGALURU DIST"}},{"type":"Feature","geometry":{"type":"Point","coordinates":[77.43529,13.29279]},"properties":{"cell_id":78101,"case_count":1,"gi_zscore":-0.344,"gi_pvalue":0.136,"significance":"not_sig","district":"BENGALURU DIST"}},{"type":"Feature","geometry":{"type":"Point","coordinates":[77.54118,13.29279]},"properties":{"cell_id":78110,"case_count":2,"gi_zscore":-0.2563,"gi_pvalue":0.213,"significance":"not_sig","district":"BENGALURU DIST"}},{"type":"Feature","geometry":{"type":"Point","coordinates":[77.57647,13.29279]},"properties":{"cell_id":78113,"case_count":2,"gi_zscore":-0.227,"gi_pvalue":0.269,"significance":"not_sig","district":"BENGALURU DIST"}},{"type":"Feature","geometry":{"type":"Point","coordinates":[77.68235,13.29279]},"properties":{"cell_id":78122,"case_count":1,"gi_zscore":-0.344,"gi_pvalue":0.063,"significance":"cold_90","district":"BENGALURU DIST"}},{"type":"Feature","geometry":{"type":"Point","coordinates":[77.75294,13.29279]},"properties":{"cell_id":78128,"case_count":1,"gi_zscore":-0.344,"gi_pvalue":0.139,"significance":"not_sig","district":"BENGALURU DIST"}},{"type":"Feature","geometry":{"type":"Point","coordinates":[77.81176,13.29279]},"properties":{"cell_id":78133,"case_count":1,"gi_zscore":-0.344,"gi_pvalue":0.063,"significance":"cold_90","district":"BENGALURU DIST"}},{"type":"Feature","geometry":{"type":"Point","coordinates":[77.51765,13.3018]},"properties":{"cell_id":78499,"case_count":1,"gi_zscore":-0.2563,"gi_pvalue":0.267,"significance":"not_sig","district":"BENGALURU DIST"}},{"type":"Feature","geometry":{"type":"Point","coordinates":[77.52941,13.3018]},"properties":{"cell_id":78500,"case_count":1,"gi_zscore":-0.2563,"gi_pvalue":0.267,"significance":"not_sig","district":"BENGALURU DIST"}},{"type":"Feature","geometry":{"type":"Point","coordinates":[77.64706,13.3018]},"properties":{"cell_id":78510,"case_count":1,"gi_zscore":-0.3147,"gi_pvalue":0.139,"significance":"not_sig","district":"BENGALURU DIST"}},{"type":"Feature","geometry":{"type":"Point","coordinates":[77.54118,13.31081]},"properties":{"cell_id":78892,"case_count":3,"gi_zscore":-0.2563,"gi_pvalue":0.143,"significance":"not_sig","district":"BENGALURU DIST"}},{"type":"Feature","geometry":{"type":"Point","coordinates":[77.55294,13.31081]},"properties":{"cell_id":78893,"case_count":1,"gi_zscore":-0.227,"gi_pvalue":0.317,"significance":"not_sig","district":"BENGALURU DIST"}},{"type":"Feature","geometry":{"type":"Point","coordinates":[77.8,13.31081]},"properties":{"cell_id":78914,"case_count":1,"gi_zscore":-0.344,"gi_pvalue":0.136,"significance":"not_sig","district":"BENGALURU DIST"}},{"type":"Feature","geometry":{"type":"Point","coordinates":[77.44706,13.31982]},"properties":{"cell_id":79275,"case_count":1,"gi_zscore":-0.344,"gi_pvalue":0.136,"significance":"not_sig","district":"BENGALURU DIST"}},{"type":"Feature","geometry":{"type":"Point","coordinates":[77.51765,13.31982]},"properties":{"cell_id":79281,"case_count":1,"gi_zscore":-0.2563,"gi_pvalue":0.263,"significance":"not_sig","district":"BENGALURU DIST"}},{"type":"Feature","geometry":{"type":"Point","coordinates":[77.55294,13.31982]},"properties":{"cell_id":79284,"case_count":1,"gi_zscore":-0.227,"gi_pvalue":0.317,"significance":"not_sig","district":"BENGALURU DIST"}},{"type":"Feature","geometry":{"type":"Point","coordinates":[77.35294,13.33784]},"properties":{"cell_id":80049,"case_count":1,"gi_zscore":-0.344,"gi_pvalue":0.136,"significance":"not_sig","district":"BENGALURU DIST"}},{"type":"Feature","geometry":{"type":"Point","coordinates":[77.4,13.33784]},"properties":{"cell_id":80053,"case_count":1,"gi_zscore":-0.344,"gi_pvalue":0.136,"significance":"not_sig","district":"BENGALURU DIST"}},{"type":"Feature","geometry":{"type":"Point","coordinates":[77.49412,13.33784]},"properties":{"cell_id":80061,"case_count":1,"gi_zscore":-0.3147,"gi_pvalue":0.207,"significance":"not_sig","district":"BENGALURU DIST"}},{"type":"Feature","geometry":{"type":"Point","coordinates":[77.78824,13.33784]},"properties":{"cell_id":80086,"case_count":1,"gi_zscore":-0.344,"gi_pvalue":0.136,"significance":"not_sig","district":"BENGALURU DIST"}},{"type":"Feature","geometry":{"type":"Point","coordinates":[77.45882,13.34685]},"properties":{"cell_id":80449,"case_count":1,"gi_zscore":-0.344,"gi_pvalue":0.136,"significance":"not_sig","district":"BENGALURU DIST"}},{"type":"Feature","geometry":{"type":"Point","coordinates":[77.50588,13.37387]},"properties":{"cell_id":81626,"case_count":1,"gi_zscore":-0.3147,"gi_pvalue":0.207,"significance":"not_sig","district":"BENGALURU DIST"}},{"type":"Feature","geometry":{"type":"Point","coordinates":[77.65882,13.37387]},"properties":{"cell_id":81639,"case_count":1,"gi_zscore":-0.3147,"gi_pvalue":0.136,"significance":"not_sig","district":"BENGALURU DIST"}},{"type":"Feature","geometry":{"type":"Point","coordinates":[77.54118,13.41892]},"properties":{"cell_id":83584,"case_count":1,"gi_zscore":-0.3147,"gi_pvalue":0.207,"significance":"not_sig","district":"BENGALURU DIST"}},{"type":"Feature","geometry":{"type":"Point","coordinates":[77.44706,13.43694]},"properties":{"cell_id":84358,"case_count":1,"gi_zscore":-0.3732,"gi_pvalue":0.062,"significance":"cold_90","district":"BENGALURU DIST"}},{"type":"Feature","geometry":{"type":"Point","coordinates":[77.6,12.96847]},"properties":{"cell_id":64039,"case_count":2,"gi_zscore":1.0839,"gi_pvalue":0.002,"significance":"hot_99","district":"BIDAR"}},{"type":"Feature","geometry":{"type":"Point","coordinates":[77.6,12.97748]},"properties":{"cell_id":64430,"case_count":10,"gi_zscore":1.0839,"gi_pvalue":0.009,"significance":"hot_99","district":"BIDAR"}},{"type":"Feature","geometry":{"type":"Point","coordinates":[77.6,12.98649]},"properties":{"cell_id":64821,"case_count":1,"gi_zscore":1.0839,"gi_pvalue":0.002,"significance":"hot_99","district":"BIDAR"}},{"type":"Feature","geometry":{"type":"Point","coordinates":[77.61176,12.98649]},"properties":{"cell_id":64822,"case_count":6,"gi_zscore":1.0839,"gi_pvalue":0.008,"significance":"hot_99","district":"BIDAR"}},{"type":"Feature","geometry":{"type":"Point","coordinates":[77.61176,12.9955]},"properties":{"cell_id":65213,"case_count":8,"gi_zscore":1.0839,"gi_pvalue":0.009,"significance":"hot_99","district":"BIDAR"}},{"type":"Feature","geometry":{"type":"Point","coordinates":[77.62353,12.9955]},"properties":{"cell_id":65214,"case_count":12,"gi_zscore":1.0839,"gi_pvalue":0.01,"significance":"hot_99","district":"BIDAR"}},{"type":"Feature","geometry":{"type":"Point","coordinates":[77.62353,13.0045]},"properties":{"cell_id":65605,"case_count":3,"gi_zscore":1.2185,"gi_pvalue":0.001,"significance":"hot_99","district":"BIDAR"}},{"type":"Feature","geometry":{"type":"Point","coordinates":[77.63529,13.0045]},"properties":{"cell_id":65606,"case_count":3,"gi_zscore":1.656,"gi_pvalue":0.001,"significance":"hot_99","district":"BIDAR"}},{"type":"Feature","geometry":{"type":"Point","coordinates":[77.63529,13.01351]},"properties":{"cell_id":65997,"case_count":13,"gi_zscore":1.656,"gi_pvalue":0.001,"significance":"hot_99","district":"BIDAR"}},{"type":"Feature","geometry":{"type":"Point","coordinates":[77.64706,13.02252]},"properties":{"cell_id":66389,"case_count":14,"gi_zscore":1.5551,"gi_pvalue":0.001,"significance":"hot_99","district":"BIDAR"}},{"type":"Feature","geometry":{"type":"Point","coordinates":[77.64706,13.03153]},"properties":{"cell_id":66780,"case_count":2,"gi_zscore":1.5551,"gi_pvalue":0.001,"significance":"hot_99","district":"BIDAR"}},{"type":"Feature","geometry":{"type":"Point","coordinates":[77.65882,13.03153]},"properties":{"cell_id":66781,"case_count":14,"gi_zscore":1.4878,"gi_pvalue":0.001,"significance":"hot_99","district":"BIDAR"}},{"type":"Feature","geometry":{"type":"Point","coordinates":[77.65882,13.04054]},"properties":{"cell_id":67172,"case_count":9,"gi_zscore":1.2522,"gi_pvalue":0.002,"significance":"hot_99","district":"BIDAR"}},{"type":"Feature","geometry":{"type":"Point","coordinates":[77.67059,13.04054]},"properties":{"cell_id":67173,"case_count":5,"gi_zscore":1.2522,"gi_pvalue":0.001,"significance":"hot_99","district":"BIDAR"}},{"type":"Feature","geometry":{"type":"Point","coordinates":[77.67059,13.04955]},"properties":{"cell_id":67564,"case_count":9,"gi_zscore":0.9156,"gi_pvalue":0.02,"significance":"hot_95","district":"BIDAR"}},{"type":"Feature","geometry":{"type":"Point","coordinates":[77.68235,13.04955]},"properties":{"cell_id":67565,"case_count":1,"gi_zscore":0.9156,"gi_pvalue":0.004,"significance":"hot_99","district":"BIDAR"}},{"type":"Feature","geometry":{"type":"Point","coordinates":[77.68235,13.05856]},"properties":{"cell_id":67956,"case_count":7,"gi_zscore":0.5118,"gi_pvalue":0.148,"significance":"not_sig","district":"BIDAR"}},{"type":"Feature","geometry":{"type":"Point","coordinates":[77.68235,13.06757]},"properties":{"cell_id":68347,"case_count":2,"gi_zscore":0.4108,"gi_pvalue":0.099,"significance":"hot_90","district":"BIDAR"}},{"type":"Feature","geometry":{"type":"Point","coordinates":[77.69412,13.06757]},"properties":{"cell_id":68348,"case_count":4,"gi_zscore":0.3098,"gi_pvalue":0.229,"significance":"not_sig","district":"BIDAR"}},{"type":"Feature","geometry":{"type":"Point","coordinates":[77.69412,13.07658]},"properties":{"cell_id":68739,"case_count":2,"gi_zscore":0.1752,"gi_pvalue":0.291,"significance":"not_sig","district":"BIDAR"}},{"type":"Feature","geometry":{"type":"Point","coordinates":[77.70588,13.07658]},"properties":{"cell_id":68740,"case_count":2,"gi_zscore":0.1752,"gi_pvalue":0.291,"significance":"not_sig","district":"BIDAR"}},{"type":"Feature","geometry":{"type":"Point","coordinates":[77.70588,13.08559]},"properties":{"cell_id":69131,"case_count":6,"gi_zscore":0.2425,"gi_pvalue":0.341,"significance":"not_sig","district":"BIDAR"}},{"type":"Feature","geometry":{"type":"Point","coordinates":[77.71765,13.08559]},"properties":{"cell_id":69132,"case_count":2,"gi_zscore":0.3771,"gi_pvalue":0.132,"significance":"not_sig","district":"BIDAR"}},{"type":"Feature","geometry":{"type":"Point","coordinates":[77.71765,13.09459]},"properties":{"cell_id":69523,"case_count":5,"gi_zscore":0.5791,"gi_pvalue":0.074,"significance":"hot_90","district":"BIDAR"}},{"type":"Feature","geometry":{"type":"Point","coordinates":[77.72941,13.1036]},"properties":{"cell_id":69915,"case_count":7,"gi_zscore":0.7474,"gi_pvalue":0.035,"significance":"hot_95","district":"BIDAR"}},{"type":"Feature","geometry":{"type":"Point","coordinates":[77.72941,13.11261]},"properties":{"cell_id":70306,"case_count":3,"gi_zscore":0.7474,"gi_pvalue":0.017,"significance":"hot_95","district":"BIDAR"}},{"type":"Feature","geometry":{"type":"Point","coordinates":[77.74118,13.11261]},"properties":{"cell_id":70307,"case_count":6,"gi_zscore":0.8483,"gi_pvalue":0.023,"significance":"hot_95","district":"BIDAR"}},{"type":"Feature","geometry":{"type":"Point","coordinates":[77.74118,13.12162]},"properties":{"cell_id":70698,"case_count":10,"gi_zscore":0.8147,"gi_pvalue":0.042,"significance":"hot_95","district":"BIDAR"}},{"type":"Feature","geometry":{"type":"Point","coordinates":[77.75294,13.12162]},"properties":{"cell_id":70699,"case_count":3,"gi_zscore":0.882,"gi_pvalue":0.009,"significance":"hot_99","district":"BIDAR"}},{"type":"Feature","geometry":{"type":"Point","coordinates":[77.75294,13.13063]},"properties":{"cell_id":71090,"case_count":6,"gi_zscore":0.7137,"gi_pvalue":0.046,"significance":"hot_95","district":"BIDAR"}},{"type":"Feature","geometry":{"type":"Point","coordinates":[77.76471,13.13964]},"properties":{"cell_id":71482,"case_count":9,"gi_zscore":0.8147,"gi_pvalue":0.043,"significance":"hot_95","district":"BIDAR"}},{"type":"Feature","geometry":{"type":"Point","coordinates":[77.76471,13.14865]},"properties":{"cell_id":71873,"case_count":1,"gi_zscore":0.8147,"gi_pvalue":0.006,"significance":"hot_99","district":"BIDAR"}},{"type":"Feature","geometry":{"type":"Point","coordinates":[77.77647,13.14865]},"properties":{"cell_id":71874,"case_count":7,"gi_zscore":0.5118,"gi_pvalue":0.14,"significance":"not_sig","district":"BIDAR"}},{"type":"Feature","geometry":{"type":"Point","coordinates":[77.77647,13.15766]},"properties":{"cell_id":72265,"case_count":2,"gi_zscore":0.5118,"gi_pvalue":0.074,"significance":"hot_90","district":"BIDAR"}},{"type":"Feature","geometry":{"type":"Point","coordinates":[77.78824,13.15766]},"properties":{"cell_id":72266,"case_count":1,"gi_zscore":0.5118,"gi_pvalue":0.056,"significance":"hot_90","district":"BIDAR"}},{"type":"Feature","geometry":{"type":"Point","coordinates":[77.78824,13.16667]},"properties":{"cell_id":72657,"case_count":11,"gi_zscore":0.5118,"gi_pvalue":0.225,"significance":"not_sig","district":"BIDAR"}},{"type":"Feature","geometry":{"type":"Point","coordinates":[77.8,13.17568]},"properties":{"cell_id":73049,"case_count":1,"gi_zscore":0.5118,"gi_pvalue":0.044,"significance":"hot_95","district":"BIDAR"}},{"type":"Feature","geometry":{"type":"Point","coordinates":[75.70588,15.31982]},"properties":{"cell_id":165929,"case_count":2,"gi_zscore":-0.5315,"gi_pvalue":0.015,"significance":"cold_95","district":"BIDAR"}},{"type":"Feature","geometry":{"type":"Point","coordinates":[77.25882,17.2027]},"properties":{"cell_id":247780,"case_count":1,"gi_zscore":-0.5315,"gi_pvalue":0.014,"significance":"cold_95","district":"BIDAR"}},{"type":"Feature","geometry":{"type":"Point","coordinates":[77.52941,17.52703]},"properties":{"cell_id":261879,"case_count":1,"gi_zscore":-0.4642,"gi_pvalue":0.074,"significance":"cold_90","district":"BIDAR"}},{"type":"Feature","geometry":{"type":"Point","coordinates":[76.96471,17.63514]},"properties":{"cell_id":266523,"case_count":1,"gi_zscore":-0.5652,"gi_pvalue":0.014,"significance":"cold_95","district":"BIDAR"}},{"type":"Feature","geometry":{"type":"Point","coordinates":[77.17647,17.66216]},"properties":{"cell_id":267714,"case_count":1,"gi_zscore":-0.5315,"gi_pvalue":0.039,"significance":"cold_95","district":"BIDAR"}},{"type":"Feature","geometry":{"type":"Point","coordinates":[77.25882,17.67117]},"properties":{"cell_id":268112,"case_count":1,"gi_zscore":-0.5315,"gi_pvalue":0.039,"significance":"cold_95","district":"BIDAR"}},{"type":"Feature","geometry":{"type":"Point","coordinates":[76.76471,17.6982]},"properties":{"cell_id":269243,"case_count":1,"gi_zscore":-0.5652,"gi_pvalue":0.014,"significance":"cold_95","district":"BIDAR"}},{"type":"Feature","geometry":{"type":"Point","coordinates":[76.85882,17.6982]},"properties":{"cell_id":269251,"case_count":1,"gi_zscore":-0.5652,"gi_pvalue":0.014,"significance":"cold_95","district":"BIDAR"}},{"type":"Feature","geometry":{"type":"Point","coordinates":[77.21176,17.6982]},"properties":{"cell_id":269281,"case_count":2,"gi_zscore":-0.5315,"gi_pvalue":0.015,"significance":"cold_95","district":"BIDAR"}},{"type":"Feature","geometry":{"type":"Point","coordinates":[77.07059,17.70721]},"properties":{"cell_id":269660,"case_count":1,"gi_zscore":-0.5315,"gi_pvalue":0.04,"significance":"cold_95","district":"BIDAR"}},{"type":"Feature","geometry":{"type":"Point","coordinates":[77.36471,17.71622]},"properties":{"cell_id":270076,"case_count":1,"gi_zscore":-0.5315,"gi_pvalue":0.04,"significance":"cold_95","district":"BIDAR"}},{"type":"Feature","geometry":{"type":"Point","coordinates":[76.92941,17.72523]},"properties":{"cell_id":270430,"case_count":1,"gi_zscore":-0.5652,"gi_pvalue":0.011,"significance":"cold_95","district":"BIDAR"}},{"type":"Feature","geometry":{"type":"Point","coordinates":[76.94118,17.72523]},"properties":{"cell_id":270431,"case_count":1,"gi_zscore":-0.5652,"gi_pvalue":0.011,"significance":"cold_95","district":"BIDAR"}},{"type":"Feature","geometry":{"type":"Point","coordinates":[77.05882,17.75225]},"properties":{"cell_id":271614,"case_count":1,"gi_zscore":-0.5652,"gi_pvalue":0.011,"significance":"cold_95","district":"BIDAR"}},{"type":"Feature","geometry":{"type":"Point","coordinates":[77.28235,17.76126]},"properties":{"cell_id":272024,"case_count":1,"gi_zscore":-0.5315,"gi_pvalue":0.04,"significance":"cold_95","district":"BIDAR"}},{"type":"Feature","geometry":{"type":"Point","coordinates":[77.10588,17.77027]},"properties":{"cell_id":272400,"case_count":1,"gi_zscore":-0.5315,"gi_pvalue":0.04,"significance":"cold_95","district":"BIDAR"}},{"type":"Feature","geometry":{"type":"Point","coordinates":[77.12941,17.77027]},"properties":{"cell_id":272402,"case_count":1,"gi_zscore":-0.5315,"gi_pvalue":0.04,"significance":"cold_95","district":"BIDAR"}},{"type":"Feature","geometry":{"type":"Point","coordinates":[77.25882,17.77027]},"properties":{"cell_id":272413,"case_count":1,"gi_zscore":-0.5315,"gi_pvalue":0.04,"significance":"cold_95","district":"BIDAR"}},{"type":"Feature","geometry":{"type":"Point","coordinates":[77.50588,17.77027]},"properties":{"cell_id":272434,"case_count":1,"gi_zscore":-0.3633,"gi_pvalue":0.143,"significance":"not_sig","district":"BIDAR"}},{"type":"Feature","geometry":{"type":"Point","coordinates":[76.92941,17.78829]},"properties":{"cell_id":273167,"case_count":1,"gi_zscore":-0.5652,"gi_pvalue":0.011,"significance":"cold_95","district":"BIDAR"}},{"type":"Feature","geometry":{"type":"Point","coordinates":[76.8,17.83333]},"properties":{"cell_id":275111,"case_count":1,"gi_zscore":-0.5652,"gi_pvalue":0.011,"significance":"cold_95","district":"BIDAR"}},{"type":"Feature","geometry":{"type":"Point","coordinates":[76.94118,17.85135]},"properties":{"cell_id":275905,"case_count":1,"gi_zscore":-0.5652,"gi_pvalue":0.011,"significance":"cold_95","district":"BIDAR"}},{"type":"Feature","geometry":{"type":"Point","coordinates":[77.08235,17.85135]},"properties":{"cell_id":275917,"case_count":1,"gi_zscore":-0.5652,"gi_pvalue":0.011,"significance":"cold_95","district":"BIDAR"}},{"type":"Feature","geometry":{"type":"Point","coordinates":[77.11765,17.86036]},"properties":{"cell_id":276311,"case_count":1,"gi_zscore":-0.5652,"gi_pvalue":0.011,"significance":"cold_95","district":"BIDAR"}},{"type":"Feature","geometry":{"type":"Point","coordinates":[76.94118,17.86937]},"properties":{"cell_id":276687,"case_count":1,"gi_zscore":-0.5652,"gi_pvalue":0.011,"significance":"cold_95","district":"BIDAR"}},{"type":"Feature","geometry":{"type":"Point","coordinates":[77.51765,17.86937]},"properties":{"cell_id":276736,"case_count":1,"gi_zscore":-0.3633,"gi_pvalue":0.143,"significance":"not_sig","district":"BIDAR"}},{"type":"Feature","geometry":{"type":"Point","coordinates":[77.51765,17.88739]},"properties":{"cell_id":277518,"case_count":3,"gi_zscore":-0.3633,"gi_pvalue":0.103,"significance":"not_sig","district":"BIDAR"}},{"type":"Feature","geometry":{"type":"Point","coordinates":[77.2,17.8964]},"properties":{"cell_id":277882,"case_count":1,"gi_zscore":-0.5652,"gi_pvalue":0.009,"significance":"cold_99","district":"BIDAR"}},{"type":"Feature","geometry":{"type":"Point","coordinates":[77.50588,17.8964]},"properties":{"cell_id":277908,"case_count":2,"gi_zscore":-0.3633,"gi_pvalue":0.12,"significance":"not_sig","district":"BIDAR"}},{"type":"Feature","geometry":{"type":"Point","coordinates":[77.54118,17.8964]},"properties":{"cell_id":277911,"case_count":1,"gi_zscore":-0.3633,"gi_pvalue":0.146,"significance":"not_sig","district":"BIDAR"}},{"type":"Feature","geometry":{"type":"Point","coordinates":[77.36471,17.90541]},"properties":{"cell_id":278287,"case_count":1,"gi_zscore":-0.5315,"gi_pvalue":0.039,"significance":"cold_95","district":"BIDAR"}},{"type":"Feature","geometry":{"type":"Point","coordinates":[77.50588,17.90541]},"properties":{"cell_id":278299,"case_count":1,"gi_zscore":-0.3633,"gi_pvalue":0.167,"significance":"not_sig","district":"BIDAR"}},{"type":"Feature","geometry":{"type":"Point","coordinates":[77.51765,17.90541]},"properties":{"cell_id":278300,"case_count":1,"gi_zscore":-0.3633,"gi_pvalue":0.167,"significance":"not_sig","district":"BIDAR"}},{"type":"Feature","geometry":{"type":"Point","coordinates":[77.49412,17.91441]},"properties":{"cell_id":278689,"case_count":1,"gi_zscore":-0.4306,"gi_pvalue":0.09,"significance":"cold_90","district":"BIDAR"}},{"type":"Feature","geometry":{"type":"Point","coordinates":[77.50588,17.91441]},"properties":{"cell_id":278690,"case_count":1,"gi_zscore":-0.3633,"gi_pvalue":0.167,"significance":"not_sig","district":"BIDAR"}},{"type":"Feature","geometry":{"type":"Point","coordinates":[77.51765,17.91441]},"properties":{"cell_id":278691,"case_count":4,"gi_zscore":-0.3633,"gi_pvalue":0.082,"significance":"cold_90","district":"BIDAR"}},{"type":"Feature","geometry":{"type":"Point","coordinates":[77.49412,17.92342]},"properties":{"cell_id":279080,"case_count":1,"gi_zscore":-0.4306,"gi_pvalue":0.096,"significance":"cold_90","district":"BIDAR"}},{"type":"Feature","geometry":{"type":"Point","coordinates":[77.47059,17.93243]},"properties":{"cell_id":279469,"case_count":1,"gi_zscore":-0.4306,"gi_pvalue":0.096,"significance":"cold_90","district":"BIDAR"}},{"type":"Feature","geometry":{"type":"Point","coordinates":[77.48235,17.93243]},"properties":{"cell_id":279470,"case_count":1,"gi_zscore":-0.4306,"gi_pvalue":0.096,"significance":"cold_90","district":"BIDAR"}},{"type":"Feature","geometry":{"type":"Point","coordinates":[77.49412,17.96847]},"properties":{"cell_id":281035,"case_count":1,"gi_zscore":-0.4642,"gi_pvalue":0.074,"significance":"cold_90","district":"BIDAR"}},{"type":"Feature","geometry":{"type":"Point","coordinates":[77.35294,17.98649]},"properties":{"cell_id":281805,"case_count":1,"gi_zscore":-0.5652,"gi_pvalue":0.009,"significance":"cold_99","district":"BIDAR"}},{"type":"Feature","geometry":{"type":"Point","coordinates":[77.48235,17.9955]},"properties":{"cell_id":282207,"case_count":1,"gi_zscore":-0.5652,"gi_pvalue":0.009,"significance":"cold_99","district":"BIDAR"}},{"type":"Feature","geometry":{"type":"Point","coordinates":[77.04706,18.0045]},"properties":{"cell_id":282561,"case_count":1,"gi_zscore":-0.5652,"gi_pvalue":0.009,"significance":"cold_99","district":"BIDAR"}},{"type":"Feature","geometry":{"type":"Point","coordinates":[77.54118,18.01351]},"properties":{"cell_id":282994,"case_count":1,"gi_zscore":-0.4642,"gi_pvalue":0.096,"significance":"cold_90","district":"BIDAR"}},{"type":"Feature","geometry":{"type":"Point","coordinates":[76.94118,18.04054]},"properties":{"cell_id":284116,"case_count":1,"gi_zscore":-0.5652,"gi_pvalue":0.009,"significance":"cold_99","district":"BIDAR"}},{"type":"Feature","geometry":{"type":"Point","coordinates":[77.29412,18.04054]},"properties":{"cell_id":284146,"case_count":1,"gi_zscore":-0.5315,"gi_pvalue":0.009,"significance":"cold_99","district":"BIDAR"}},{"type":"Feature","geometry":{"type":"Point","coordinates":[77.47059,18.04054]},"properties":{"cell_id":284161,"case_count":1,"gi_zscore":-0.5652,"gi_pvalue":0.009,"significance":"cold_99","district":"BIDAR"}},{"type":"Feature","geometry":{"type":"Point","coordinates":[77.17647,18.04955]},"properties":{"cell_id":284527,"case_count":1,"gi_zscore":-0.5315,"gi_pvalue":0.009,"significance":"cold_99","district":"BIDAR"}},{"type":"Feature","geometry":{"type":"Point","coordinates":[77.21176,18.04955]},"properties":{"cell_id":284530,"case_count":1,"gi_zscore":-0.5315,"gi_pvalue":0.009,"significance":"cold_99","district":"BIDAR"}},{"type":"Feature","geometry":{"type":"Point","coordinates":[77.22353,18.04955]},"properties":{"cell_id":284531,"case_count":1,"gi_zscore":-0.5315,"gi_pvalue":0.009,"significance":"cold_99","district":"BIDAR"}},{"type":"Feature","geometry":{"type":"Point","coordinates":[76.94118,18.05856]},"properties":{"cell_id":284898,"case_count":1,"gi_zscore":-0.5652,"gi_pvalue":0.009,"significance":"cold_99","district":"BIDAR"}},{"type":"Feature","geometry":{"type":"Point","coordinates":[77.16471,18.06757]},"properties":{"cell_id":285308,"case_count":1,"gi_zscore":-0.5652,"gi_pvalue":0.009,"significance":"cold_99","district":"BIDAR"}},{"type":"Feature","geometry":{"type":"Point","coordinates":[77.28235,18.06757]},"properties":{"cell_id":285318,"case_count":1,"gi_zscore":-0.5315,"gi_pvalue":0.009,"significance":"cold_99","district":"BIDAR"}},{"type":"Feature","geometry":{"type":"Point","coordinates":[77.16471,18.07658]},"properties":{"cell_id":285699,"case_count":1,"gi_zscore":-0.5315,"gi_pvalue":0.009,"significance":"cold_99","district":"BIDAR"}},{"type":"Feature","geometry":{"type":"Point","coordinates":[77.17647,18.1036]},"properties":{"cell_id":286873,"case_count":1,"gi_zscore":-0.5315,"gi_pvalue":0.009,"significance":"cold_99","district":"BIDAR"}},{"type":"Feature","geometry":{"type":"Point","coordinates":[77.64706,18.1036]},"properties":{"cell_id":286913,"case_count":1,"gi_zscore":-0.4642,"gi_pvalue":0.074,"significance":"cold_90","district":"BIDAR"}},{"type":"Feature","geometry":{"type":"Point","coordinates":[77.27059,18.14865]},"properties":{"cell_id":288836,"case_count":2,"gi_zscore":-0.5315,"gi_pvalue":0.001,"significance":"cold_99","district":"BIDAR"}},{"type":"Feature","geometry":{"type":"Point","coordinates":[77.32941,18.15766]},"properties":{"cell_id":289232,"case_count":1,"gi_zscore":-0.5315,"gi_pvalue":0.009,"significance":"cold_99","district":"BIDAR"}},{"type":"Feature","geometry":{"type":"Point","coordinates":[77.12941,18.19369]},"properties":{"cell_id":290779,"case_count":1,"gi_zscore":-0.5315,"gi_pvalue":0.009,"significance":"cold_99","district":"BIDAR"}},{"type":"Feature","geometry":{"type":"Point","coordinates":[77.24706,18.31081]},"properties":{"cell_id":295872,"case_count":1,"gi_zscore":-0.5315,"gi_pvalue":0.009,"significance":"cold_99","district":"BIDAR"}},{"type":"Feature","geometry":{"type":"Point","coordinates":[77.07059,11.77928]},"properties":{"cell_id":12382,"case_count":1,"gi_zscore":-0.5853,"gi_pvalue":0.004,"significance":"cold_99","district":"CHAMARAJANAGAR"}},{"type":"Feature","geometry":{"type":"Point","coordinates":[76.69412,11.80631]},"properties":{"cell_id":13523,"case_count":1,"gi_zscore":-0.5853,"gi_pvalue":0.001,"significance":"cold_99","district":"CHAMARAJANAGAR"}},{"type":"Feature","geometry":{"type":"Point","coordinates":[76.6,11.81532]},"properties":{"cell_id":13906,"case_count":1,"gi_zscore":-0.5853,"gi_pvalue":0.001,"significance":"cold_99","district":"CHAMARAJANAGAR"}},{"type":"Feature","geometry":{"type":"Point","coordinates":[77.23529,11.81532]},"properties":{"cell_id":13960,"case_count":1,"gi_zscore":-0.6171,"gi_pvalue":0.001,"significance":"cold_99","district":"CHAMARAJANAGAR"}},{"type":"Feature","geometry":{"type":"Point","coordinates":[76.8,11.83333]},"properties":{"cell_id":14705,"case_count":1,"gi_zscore":-0.5853,"gi_pvalue":0.001,"significance":"cold_99","district":"CHAMARAJANAGAR"}},{"type":"Feature","geometry":{"type":"Point","coordinates":[76.97647,11.88739]},"properties":{"cell_id":17066,"case_count":1,"gi_zscore":-0.5853,"gi_pvalue":0.004,"significance":"cold_99","district":"CHAMARAJANAGAR"}},{"type":"Feature","geometry":{"type":"Point","coordinates":[77.28235,11.8964]},"properties":{"cell_id":17483,"case_count":1,"gi_zscore":-0.5853,"gi_pvalue":0.001,"significance":"cold_99","district":"CHAMARAJANAGAR"}},{"type":"Feature","geometry":{"type":"Point","coordinates":[76.92941,11.92342]},"properties":{"cell_id":18626,"case_count":2,"gi_zscore":-0.5853,"gi_pvalue":0.001,"significance":"cold_99","district":"CHAMARAJANAGAR"}},{"type":"Feature","geometry":{"type":"Point","coordinates":[76.94118,11.92342]},"properties":{"cell_id":18627,"case_count":1,"gi_zscore":-0.5853,"gi_pvalue":0.004,"significance":"cold_99","district":"CHAMARAJANAGAR"}},{"type":"Feature","geometry":{"type":"Point","coordinates":[76.94118,11.93243]},"properties":{"cell_id":19018,"case_count":1,"gi_zscore":-0.5853,"gi_pvalue":0.004,"significance":"cold_99","district":"CHAMARAJANAGAR"}},{"type":"Feature","geometry":{"type":"Point","coordinates":[76.96471,11.93243]},"properties":{"cell_id":19020,"case_count":1,"gi_zscore":-0.5853,"gi_pvalue":0.004,"significance":"cold_99","district":"CHAMARAJANAGAR"}},{"type":"Feature","geometry":{"type":"Point","coordinates":[76.62353,11.96847]},"properties":{"cell_id":20555,"case_count":1,"gi_zscore":-0.5853,"gi_pvalue":0.004,"significance":"cold_99","district":"CHAMARAJANAGAR"}},{"type":"Feature","geometry":{"type":"Point","coordinates":[77.04706,11.98649]},"properties":{"cell_id":21373,"case_count":1,"gi_zscore":-0.6171,"gi_pvalue":0.001,"significance":"cold_99","district":"CHAMARAJANAGAR"}},{"type":"Feature","geometry":{"type":"Point","coordinates":[77.0,11.9955]},"properties":{"cell_id":21760,"case_count":1,"gi_zscore":-0.5853,"gi_pvalue":0.004,"significance":"cold_99","district":"CHAMARAJANAGAR"}},{"type":"Feature","geometry":{"type":"Point","coordinates":[77.43529,12.03153]},"properties":{"cell_id":23361,"case_count":1,"gi_zscore":-0.5853,"gi_pvalue":0.001,"significance":"cold_99","district":"CHAMARAJANAGAR"}},{"type":"Feature","geometry":{"type":"Point","coordinates":[77.03529,12.04955]},"properties":{"cell_id":24109,"case_count":1,"gi_zscore":-0.5853,"gi_pvalue":0.001,"significance":"cold_99","district":"CHAMARAJANAGAR"}},{"type":"Feature","geometry":{"type":"Point","coordinates":[77.4,12.04955]},"properties":{"cell_id":24140,"case_count":1,"gi_zscore":-0.5853,"gi_pvalue":0.001,"significance":"cold_99","district":"CHAMARAJANAGAR"}},{"type":"Feature","geometry":{"type":"Point","coordinates":[76.97647,12.06757]},"properties":{"cell_id":24886,"case_count":1,"gi_zscore":-0.5853,"gi_pvalue":0.001,"significance":"cold_99","district":"CHAMARAJANAGAR"}},{"type":"Feature","geometry":{"type":"Point","coordinates":[76.96471,12.08559]},"properties":{"cell_id":25667,"case_count":1,"gi_zscore":-0.5853,"gi_pvalue":0.001,"significance":"cold_99","district":"CHAMARAJANAGAR"}},{"type":"Feature","geometry":{"type":"Point","coordinates":[77.07059,12.12162]},"properties":{"cell_id":27240,"case_count":1,"gi_zscore":-0.5534,"gi_pvalue":0.004,"significance":"cold_99","district":"CHAMARAJANAGAR"}},{"type":"Feature","geometry":{"type":"Point","coordinates":[77.23529,12.13063]},"properties":{"cell_id":27645,"case_count":1,"gi_zscore":-0.5853,"gi_pvalue":0.004,"significance":"cold_99","district":"CHAMARAJANAGAR"}},{"type":"Feature","geometry":{"type":"Point","coordinates":[77.14118,12.13964]},"properties":{"cell_id":28028,"case_count":2,"gi_zscore":-0.5853,"gi_pvalue":0.002,"significance":"cold_99","district":"CHAMARAJANAGAR"}},{"type":"Feature","geometry":{"type":"Point","coordinates":[77.09412,12.14865]},"properties":{"cell_id":28415,"case_count":1,"gi_zscore":-0.5853,"gi_pvalue":0.004,"significance":"cold_99","district":"CHAMARAJANAGAR"}},{"type":"Feature","geometry":{"type":"Point","coordinates":[77.10588,12.14865]},"properties":{"cell_id":28416,"case_count":1,"gi_zscore":-0.5534,"gi_pvalue":0.004,"significance":"cold_99","district":"CHAMARAJANAGAR"}},{"type":"Feature","geometry":{"type":"Point","coordinates":[77.38824,12.14865]},"properties":{"cell_id":28440,"case_count":1,"gi_zscore":-0.5853,"gi_pvalue":0.004,"significance":"cold_99","district":"CHAMARAJANAGAR"}},{"type":"Feature","geometry":{"type":"Point","coordinates":[77.07059,12.15766]},"properties":{"cell_id":28804,"case_count":2,"gi_zscore":-0.5853,"gi_pvalue":0.002,"significance":"cold_99","district":"CHAMARAJANAGAR"}},{"type":"Feature","geometry":{"type":"Point","coordinates":[77.10588,12.15766]},"properties":{"cell_id":28807,"case_count":1,"gi_zscore":-0.5853,"gi_pvalue":0.007,"significance":"cold_99","district":"CHAMARAJANAGAR"}},{"type":"Feature","geometry":{"type":"Point","coordinates":[77.12941,12.15766]},"properties":{"cell_id":28809,"case_count":1,"gi_zscore":-0.5853,"gi_pvalue":0.007,"significance":"cold_99","district":"CHAMARAJANAGAR"}},{"type":"Feature","geometry":{"type":"Point","coordinates":[77.14118,12.15766]},"properties":{"cell_id":28810,"case_count":1,"gi_zscore":-0.5853,"gi_pvalue":0.007,"significance":"cold_99","district":"CHAMARAJANAGAR"}},{"type":"Feature","geometry":{"type":"Point","coordinates":[77.05882,12.16667]},"properties":{"cell_id":29194,"case_count":1,"gi_zscore":-0.5853,"gi_pvalue":0.007,"significance":"cold_99","district":"CHAMARAJANAGAR"}},{"type":"Feature","geometry":{"type":"Point","coordinates":[77.07059,12.16667]},"properties":{"cell_id":29195,"case_count":1,"gi_zscore":-0.5853,"gi_pvalue":0.007,"significance":"cold_99","district":"CHAMARAJANAGAR"}},{"type":"Feature","geometry":{"type":"Point","coordinates":[77.14118,12.17568]},"properties":{"cell_id":29592,"case_count":1,"gi_zscore":-0.5853,"gi_pvalue":0.007,"significance":"cold_99","district":"CHAMARAJANAGAR"}},{"type":"Feature","geometry":{"type":"Point","coordinates":[77.12941,12.18468]},"properties":{"cell_id":29982,"case_count":1,"gi_zscore":-0.5853,"gi_pvalue":0.007,"significance":"cold_99","district":"CHAMARAJANAGAR"}},{"type":"Feature","geometry":{"type":"Point","coordinates":[77.15294,12.18468]},"properties":{"cell_id":29984,"case_count":1,"gi_zscore":-0.5853,"gi_pvalue":0.007,"significance":"cold_99","district":"CHAMARAJANAGAR"}},{"type":"Feature","geometry":{"type":"Point","coordinates":[77.16471,12.24775]},"properties":{"cell_id":32722,"case_count":1,"gi_zscore":-0.6171,"gi_pvalue":0.002,"significance":"cold_99","district":"CHAMARAJANAGAR"}},{"type":"Feature","geometry":{"type":"Point","coordinates":[77.17647,12.24775]},"properties":{"cell_id":32723,"case_count":1,"gi_zscore":-0.6171,"gi_pvalue":0.002,"significance":"cold_99","district":"CHAMARAJANAGAR"}},{"type":"Feature","geometry":{"type":"Point","coordinates":[77.16471,12.26577]},"properties":{"cell_id":33504,"case_count":1,"gi_zscore":-0.6171,"gi_pvalue":0.002,"significance":"cold_99","district":"CHAMARAJANAGAR"}},{"type":"Feature","geometry":{"type":"Point","coordinates":[77.17647,12.27477]},"properties":{"cell_id":33896,"case_count":1,"gi_zscore":-0.6171,"gi_pvalue":0.002,"significance":"cold_99","district":"CHAMARAJANAGAR"}},{"type":"Feature","geometry":{"type":"Point","coordinates":[77.52941,12.45495]},"properties":{"cell_id":41746,"case_count":1,"gi_zscore":-0.6171,"gi_pvalue":0.002,"significance":"cold_99","district":"CHAMARAJANAGAR"}},{"type":"Feature","geometry":{"type":"Point","coordinates":[77.56471,12.66216]},"properties":{"cell_id":50742,"case_count":1,"gi_zscore":0.6245,"gi_pvalue":0.026,"significance":"hot_95","district":"CHAMARAJANAGAR"}},{"type":"Feature","geometry":{"type":"Point","coordinates":[77.6,12.96847]},"properties":{"cell_id":64039,"case_count":1,"gi_zscore":1.0702,"gi_pvalue":0.002,"significance":"hot_99","district":"CHAMARAJANAGAR"}},{"type":"Feature","geometry":{"type":"Point","coordinates":[77.6,12.97748]},"properties":{"cell_id":64430,"case_count":15,"gi_zscore":1.0702,"gi_pvalue":0.015,"significance":"hot_95","district":"CHAMARAJANAGAR"}},{"type":"Feature","geometry":{"type":"Point","coordinates":[77.6,12.98649]},"properties":{"cell_id":64821,"case_count":2,"gi_zscore":1.0702,"gi_pvalue":0.003,"significance":"hot_99","district":"CHAMARAJANAGAR"}},{"type":"Feature","geometry":{"type":"Point","coordinates":[77.61176,12.98649]},"properties":{"cell_id":64822,"case_count":6,"gi_zscore":1.0702,"gi_pvalue":0.006,"significance":"hot_99","district":"CHAMARAJANAGAR"}},{"type":"Feature","geometry":{"type":"Point","coordinates":[77.61176,12.9955]},"properties":{"cell_id":65213,"case_count":6,"gi_zscore":1.0702,"gi_pvalue":0.006,"significance":"hot_99","district":"CHAMARAJANAGAR"}},{"type":"Feature","geometry":{"type":"Point","coordinates":[77.62353,12.9955]},"properties":{"cell_id":65214,"case_count":10,"gi_zscore":1.0702,"gi_pvalue":0.009,"significance":"hot_99","district":"CHAMARAJANAGAR"}},{"type":"Feature","geometry":{"type":"Point","coordinates":[77.62353,13.0045]},"properties":{"cell_id":65605,"case_count":6,"gi_zscore":1.2612,"gi_pvalue":0.003,"significance":"hot_99","district":"CHAMARAJANAGAR"}},{"type":"Feature","geometry":{"type":"Point","coordinates":[77.63529,13.0045]},"properties":{"cell_id":65606,"case_count":4,"gi_zscore":0.8791,"gi_pvalue":0.009,"significance":"hot_99","district":"CHAMARAJANAGAR"}},{"type":"Feature","geometry":{"type":"Point","coordinates":[77.63529,13.01351]},"properties":{"cell_id":65997,"case_count":12,"gi_zscore":0.8791,"gi_pvalue":0.041,"significance":"hot_95","district":"CHAMARAJANAGAR"}},{"type":"Feature","geometry":{"type":"Point","coordinates":[77.64706,13.02252]},"properties":{"cell_id":66389,"case_count":7,"gi_zscore":0.3698,"gi_pvalue":0.2,"significance":"not_sig","district":"CHAMARAJANAGAR"}},{"type":"Feature","geometry":{"type":"Point","coordinates":[77.64706,13.03153]},"properties":{"cell_id":66780,"case_count":3,"gi_zscore":0.3698,"gi_pvalue":0.121,"significance":"not_sig","district":"CHAMARAJANAGAR"}},{"type":"Feature","geometry":{"type":"Point","coordinates":[77.65882,13.03153]},"properties":{"cell_id":66781,"case_count":2,"gi_zscore":0.6563,"gi_pvalue":0.026,"significance":"hot_95","district":"CHAMARAJANAGAR"}},{"type":"Feature","geometry":{"type":"Point","coordinates":[77.65882,13.04054]},"properties":{"cell_id":67172,"case_count":2,"gi_zscore":0.72,"gi_pvalue":0.02,"significance":"hot_95","district":"CHAMARAJANAGAR"}},{"type":"Feature","geometry":{"type":"Point","coordinates":[77.67059,13.04054]},"properties":{"cell_id":67173,"case_count":2,"gi_zscore":0.529,"gi_pvalue":0.057,"significance":"hot_90","district":"CHAMARAJANAGAR"}},{"type":"Feature","geometry":{"type":"Point","coordinates":[77.67059,13.04955]},"properties":{"cell_id":67564,"case_count":2,"gi_zscore":0.529,"gi_pvalue":0.057,"significance":"hot_90","district":"CHAMARAJANAGAR"}},{"type":"Feature","geometry":{"type":"Point","coordinates":[77.68235,13.05856]},"properties":{"cell_id":67956,"case_count":15,"gi_zscore":0.4016,"gi_pvalue":0.391,"significance":"not_sig","district":"CHAMARAJANAGAR"}},{"type":"Feature","geometry":{"type":"Point","coordinates":[77.68235,13.06757]},"properties":{"cell_id":68347,"case_count":6,"gi_zscore":0.4016,"gi_pvalue":0.16,"significance":"not_sig","district":"CHAMARAJANAGAR"}},{"type":"Feature","geometry":{"type":"Point","coordinates":[77.69412,13.06757]},"properties":{"cell_id":68348,"case_count":6,"gi_zscore":0.6245,"gi_pvalue":0.059,"significance":"hot_90","district":"CHAMARAJANAGAR"}},{"type":"Feature","geometry":{"type":"Point","coordinates":[77.69412,13.07658]},"properties":{"cell_id":68739,"case_count":4,"gi_zscore":0.6563,"gi_pvalue":0.034,"significance":"hot_95","district":"CHAMARAJANAGAR"}},{"type":"Feature","geometry":{"type":"Point","coordinates":[77.70588,13.07658]},"properties":{"cell_id":68740,"case_count":2,"gi_zscore":0.6881,"gi_pvalue":0.017,"significance":"hot_95","district":"CHAMARAJANAGAR"}},{"type":"Feature","geometry":{"type":"Point","coordinates":[77.70588,13.08559]},"properties":{"cell_id":69131,"case_count":2,"gi_zscore":0.6881,"gi_pvalue":0.017,"significance":"hot_95","district":"CHAMARAJANAGAR"}},{"type":"Feature","geometry":{"type":"Point","coordinates":[77.71765,13.09459]},"properties":{"cell_id":69523,"case_count":9,"gi_zscore":0.3698,"gi_pvalue":0.237,"significance":"not_sig","district":"CHAMARAJANAGAR"}},{"type":"Feature","geometry":{"type":"Point","coordinates":[77.71765,13.1036]},"properties":{"cell_id":69914,"case_count":3,"gi_zscore":0.3698,"gi_pvalue":0.107,"significance":"not_sig","district":"CHAMARAJANAGAR"}},{"type":"Feature","geometry":{"type":"Point","coordinates":[77.72941,13.1036]},"properties":{"cell_id":69915,"case_count":3,"gi_zscore":0.2743,"gi_pvalue":0.19,"significance":"not_sig","district":"CHAMARAJANAGAR"}},{"type":"Feature","geometry":{"type":"Point","coordinates":[77.72941,13.11261]},"properties":{"cell_id":70306,"case_count":3,"gi_zscore":0.5926,"gi_pvalue":0.037,"significance":"hot_95","district":"CHAMARAJANAGAR"}},{"type":"Feature","geometry":{"type":"Point","coordinates":[77.74118,13.11261]},"properties":{"cell_id":70307,"case_count":5,"gi_zscore":0.5926,"gi_pvalue":0.054,"significance":"hot_90","district":"CHAMARAJANAGAR"}},{"type":"Feature","geometry":{"type":"Point","coordinates":[77.74118,13.12162]},"properties":{"cell_id":70698,"case_count":9,"gi_zscore":0.6881,"gi_pvalue":0.056,"significance":"hot_90","district":"CHAMARAJANAGAR"}},{"type":"Feature","geometry":{"type":"Point","coordinates":[77.75294,13.12162]},"properties":{"cell_id":70699,"case_count":1,"gi_zscore":0.7518,"gi_pvalue":0.008,"significance":"hot_99","district":"CHAMARAJANAGAR"}},{"type":"Feature","geometry":{"type":"Point","coordinates":[77.75294,13.13063]},"properties":{"cell_id":71090,"case_count":12,"gi_zscore":0.7836,"gi_pvalue":0.045,"significance":"hot_95","district":"CHAMARAJANAGAR"}},{"type":"Feature","geometry":{"type":"Point","coordinates":[77.75294,13.13964]},"properties":{"cell_id":71481,"case_count":2,"gi_zscore":0.8473,"gi_pvalue":0.005,"significance":"hot_99","district":"CHAMARAJANAGAR"}},{"type":"Feature","geometry":{"type":"Point","coordinates":[77.76471,13.13964]},"properties":{"cell_id":71482,"case_count":12,"gi_zscore":0.7836,"gi_pvalue":0.046,"significance":"hot_95","district":"CHAMARAJANAGAR"}},{"type":"Feature","geometry":{"type":"Point","coordinates":[77.76471,13.14865]},"properties":{"cell_id":71873,"case_count":5,"gi_zscore":0.8155,"gi_pvalue":0.012,"significance":"hot_95","district":"CHAMARAJANAGAR"}},{"type":"Feature","geometry":{"type":"Point","coordinates":[77.77647,13.14865]},"properties":{"cell_id":71874,"case_count":4,"gi_zscore":0.8155,"gi_pvalue":0.01,"significance":"hot_99","district":"CHAMARAJANAGAR"}},{"type":"Feature","geometry":{"type":"Point","coordinates":[77.77647,13.15766]},"properties":{"cell_id":72265,"case_count":5,"gi_zscore":0.8155,"gi_pvalue":0.012,"significance":"hot_95","district":"CHAMARAJANAGAR"}},{"type":"Feature","geometry":{"type":"Point","coordinates":[77.78824,13.15766]},"properties":{"cell_id":72266,"case_count":3,"gi_zscore":0.8155,"gi_pvalue":0.009,"significance":"hot_99","district":"CHAMARAJANAGAR"}},{"type":"Feature","geometry":{"type":"Point","coordinates":[77.78824,13.16667]},"properties":{"cell_id":72657,"case_count":10,"gi_zscore":0.8155,"gi_pvalue":0.032,"significance":"hot_95","district":"CHAMARAJANAGAR"}},{"type":"Feature","geometry":{"type":"Point","coordinates":[77.8,13.17568]},"properties":{"cell_id":73049,"case_count":1,"gi_zscore":0.8155,"gi_pvalue":0.007,"significance":"hot_99","district":"CHAMARAJANAGAR"}},{"type":"Feature","geometry":{"type":"Point","coordinates":[75.70588,15.31081]},"properties":{"cell_id":165538,"case_count":1,"gi_zscore":0.4971,"gi_pvalue":0.042,"significance":"hot_95","district":"CHAMARAJANAGAR"}},{"type":"Feature","geometry":{"type":"Point","coordinates":[77.6,12.96847]},"properties":{"cell_id":64039,"case_count":9,"gi_zscore":0.9396,"gi_pvalue":0.006,"significance":"hot_99","district":"CHICKBALLAPURA"}},{"type":"Feature","geometry":{"type":"Point","coordinates":[77.6,12.97748]},"properties":{"cell_id":64430,"case_count":31,"gi_zscore":0.9396,"gi_pvalue":0.021,"significance":"hot_95","district":"CHICKBALLAPURA"}},{"type":"Feature","geometry":{"type":"Point","coordinates":[77.6,12.98649]},"properties":{"cell_id":64821,"case_count":1,"gi_zscore":0.9396,"gi_pvalue":0.004,"significance":"hot_99","district":"CHICKBALLAPURA"}},{"type":"Feature","geometry":{"type":"Point","coordinates":[77.61176,12.98649]},"properties":{"cell_id":64822,"case_count":18,"gi_zscore":0.9396,"gi_pvalue":0.01,"significance":"hot_99","district":"CHICKBALLAPURA"}},{"type":"Feature","geometry":{"type":"Point","coordinates":[77.61176,12.9955]},"properties":{"cell_id":65213,"case_count":14,"gi_zscore":0.9396,"gi_pvalue":0.007,"significance":"hot_99","district":"CHICKBALLAPURA"}},{"type":"Feature","geometry":{"type":"Point","coordinates":[77.62353,12.9955]},"properties":{"cell_id":65214,"case_count":12,"gi_zscore":0.9396,"gi_pvalue":0.007,"significance":"hot_99","district":"CHICKBALLAPURA"}},{"type":"Feature","geometry":{"type":"Point","coordinates":[77.62353,13.0045]},"properties":{"cell_id":65605,"case_count":11,"gi_zscore":0.8522,"gi_pvalue":0.009,"significance":"hot_99","district":"CHICKBALLAPURA"}},{"type":"Feature","geometry":{"type":"Point","coordinates":[77.63529,13.0045]},"properties":{"cell_id":65606,"case_count":7,"gi_zscore":1.1645,"gi_pvalue":0.002,"significance":"hot_99","district":"CHICKBALLAPURA"}},{"type":"Feature","geometry":{"type":"Point","coordinates":[77.63529,13.01351]},"properties":{"cell_id":65997,"case_count":28,"gi_zscore":1.1645,"gi_pvalue":0.006,"significance":"hot_99","district":"CHICKBALLAPURA"}},{"type":"Feature","geometry":{"type":"Point","coordinates":[77.64706,13.02252]},"properties":{"cell_id":66389,"case_count":23,"gi_zscore":1.1895,"gi_pvalue":0.004,"significance":"hot_99","district":"CHICKBALLAPURA"}},{"type":"Feature","geometry":{"type":"Point","coordinates":[77.64706,13.03153]},"properties":{"cell_id":66780,"case_count":10,"gi_zscore":1.1895,"gi_pvalue":0.002,"significance":"hot_99","district":"CHICKBALLAPURA"}},{"type":"Feature","geometry":{"type":"Point","coordinates":[77.65882,13.03153]},"properties":{"cell_id":66781,"case_count":26,"gi_zscore":1.3395,"gi_pvalue":0.002,"significance":"hot_99","district":"CHICKBALLAPURA"}},{"type":"Feature","geometry":{"type":"Point","coordinates":[77.65882,13.04054]},"properties":{"cell_id":67172,"case_count":17,"gi_zscore":1.2895,"gi_pvalue":0.002,"significance":"hot_99","district":"CHICKBALLAPURA"}},{"type":"Feature","geometry":{"type":"Point","coordinates":[77.67059,13.04054]},"properties":{"cell_id":67173,"case_count":9,"gi_zscore":1.1271,"gi_pvalue":0.002,"significance":"hot_99","district":"CHICKBALLAPURA"}},{"type":"Feature","geometry":{"type":"Point","coordinates":[77.67059,13.04955]},"properties":{"cell_id":67564,"case_count":20,"gi_zscore":1.0271,"gi_pvalue":0.008,"significance":"hot_99","district":"CHICKBALLAPURA"}},{"type":"Feature","geometry":{"type":"Point","coordinates":[77.68235,13.05856]},"properties":{"cell_id":67956,"case_count":23,"gi_zscore":0.9146,"gi_pvalue":0.015,"significance":"hot_95","district":"CHICKBALLAPURA"}},{"type":"Feature","geometry":{"type":"Point","coordinates":[77.68235,13.06757]},"properties":{"cell_id":68347,"case_count":3,"gi_zscore":0.9146,"gi_pvalue":0.004,"significance":"hot_99","district":"CHICKBALLAPURA"}},{"type":"Feature","geometry":{"type":"Point","coordinates":[77.69412,13.06757]},"properties":{"cell_id":68348,"case_count":15,"gi_zscore":0.9896,"gi_pvalue":0.007,"significance":"hot_99","district":"CHICKBALLAPURA"}},{"type":"Feature","geometry":{"type":"Point","coordinates":[77.69412,13.07658]},"properties":{"cell_id":68739,"case_count":15,"gi_zscore":0.9896,"gi_pvalue":0.007,"significance":"hot_99","district":"CHICKBALLAPURA"}},{"type":"Feature","geometry":{"type":"Point","coordinates":[77.70588,13.07658]},"properties":{"cell_id":68740,"case_count":7,"gi_zscore":0.7522,"gi_pvalue":0.015,"significance":"hot_95","district":"CHICKBALLAPURA"}},{"type":"Feature","geometry":{"type":"Point","coordinates":[77.70588,13.08559]},"properties":{"cell_id":69131,"case_count":20,"gi_zscore":0.6647,"gi_pvalue":0.054,"significance":"hot_90","district":"CHICKBALLAPURA"}},{"type":"Feature","geometry":{"type":"Point","coordinates":[77.71765,13.08559]},"properties":{"cell_id":69132,"case_count":5,"gi_zscore":0.7022,"gi_pvalue":0.018,"significance":"hot_95","district":"CHICKBALLAPURA"}},{"type":"Feature","geometry":{"type":"Point","coordinates":[77.71765,13.09459]},"properties":{"cell_id":69523,"case_count":27,"gi_zscore":0.7147,"gi_pvalue":0.07,"significance":"hot_90","district":"CHICKBALLAPURA"}},{"type":"Feature","geometry":{"type":"Point","coordinates":[77.71765,13.1036]},"properties":{"cell_id":69914,"case_count":1,"gi_zscore":0.7397,"gi_pvalue":0.014,"significance":"hot_95","district":"CHICKBALLAPURA"}},{"type":"Feature","geometry":{"type":"Point","coordinates":[77.72941,13.1036]},"properties":{"cell_id":69915,"case_count":16,"gi_zscore":0.7022,"gi_pvalue":0.043,"significance":"hot_95","district":"CHICKBALLAPURA"}},{"type":"Feature","geometry":{"type":"Point","coordinates":[77.72941,13.11261]},"properties":{"cell_id":70306,"case_count":6,"gi_zscore":0.8022,"gi_pvalue":0.013,"significance":"hot_95","district":"CHICKBALLAPURA"}},{"type":"Feature","geometry":{"type":"Point","coordinates":[77.74118,13.11261]},"properties":{"cell_id":70307,"case_count":16,"gi_zscore":0.7772,"gi_pvalue":0.031,"significance":"hot_95","district":"CHICKBALLAPURA"}},{"type":"Feature","geometry":{"type":"Point","coordinates":[77.74118,13.12162]},"properties":{"cell_id":70698,"case_count":17,"gi_zscore":0.8522,"gi_pvalue":0.018,"significance":"hot_95","district":"CHICKBALLAPURA"}},{"type":"Feature","geometry":{"type":"Point","coordinates":[77.75294,13.12162]},"properties":{"cell_id":70699,"case_count":4,"gi_zscore":0.9021,"gi_pvalue":0.007,"significance":"hot_99","district":"CHICKBALLAPURA"}},{"type":"Feature","geometry":{"type":"Point","coordinates":[77.75294,13.13063]},"properties":{"cell_id":71090,"case_count":28,"gi_zscore":0.9521,"gi_pvalue":0.02,"significance":"hot_95","district":"CHICKBALLAPURA"}},{"type":"Feature","geometry":{"type":"Point","coordinates":[77.75294,13.13964]},"properties":{"cell_id":71481,"case_count":3,"gi_zscore":1.1396,"gi_pvalue":0.002,"significance":"hot_99","district":"CHICKBALLAPURA"}},{"type":"Feature","geometry":{"type":"Point","coordinates":[77.76471,13.13964]},"properties":{"cell_id":71482,"case_count":33,"gi_zscore":1.0646,"gi_pvalue":0.009,"significance":"hot_99","district":"CHICKBALLAPURA"}},{"type":"Feature","geometry":{"type":"Point","coordinates":[77.76471,13.14865]},"properties":{"cell_id":71873,"case_count":5,"gi_zscore":1.352,"gi_pvalue":0.001,"significance":"hot_99","district":"CHICKBALLAPURA"}},{"type":"Feature","geometry":{"type":"Point","coordinates":[77.77647,13.14865]},"properties":{"cell_id":71874,"case_count":20,"gi_zscore":1.352,"gi_pvalue":0.002,"significance":"hot_99","district":"CHICKBALLAPURA"}},{"type":"Feature","geometry":{"type":"Point","coordinates":[77.77647,13.15766]},"properties":{"cell_id":72265,"case_count":21,"gi_zscore":1.3145,"gi_pvalue":0.002,"significance":"hot_99","district":"CHICKBALLAPURA"}},{"type":"Feature","geometry":{"type":"Point","coordinates":[77.78824,13.15766]},"properties":{"cell_id":72266,"case_count":10,"gi_zscore":1.3145,"gi_pvalue":0.002,"significance":"hot_99","district":"CHICKBALLAPURA"}},{"type":"Feature","geometry":{"type":"Point","coordinates":[77.78824,13.16667]},"properties":{"cell_id":72657,"case_count":40,"gi_zscore":1.3145,"gi_pvalue":0.004,"significance":"hot_99","district":"CHICKBALLAPURA"}},{"type":"Feature","geometry":{"type":"Point","coordinates":[77.8,13.17568]},"properties":{"cell_id":73049,"case_count":1,"gi_zscore":1.3145,"gi_pvalue":0.001,"significance":"hot_99","district":"CHICKBALLAPURA"}},{"type":"Feature","geometry":{"type":"Point","coordinates":[77.43529,13.25676]},"properties":{"cell_id":76537,"case_count":1,"gi_zscore":-0.01,"gi_pvalue":0.415,"significance":"not_sig","district":"CHICKBALLAPURA"}},{"type":"Feature","geometry":{"type":"Point","coordinates":[77.84706,13.27477]},"properties":{"cell_id":77354,"case_count":1,"gi_zscore":-0.5723,"gi_pvalue":0.012,"significance":"cold_95","district":"CHICKBALLAPURA"}},{"type":"Feature","geometry":{"type":"Point","coordinates":[77.87059,13.27477]},"properties":{"cell_id":77356,"case_count":1,"gi_zscore":-0.5723,"gi_pvalue":0.012,"significance":"cold_95","district":"CHICKBALLAPURA"}},{"type":"Feature","geometry":{"type":"Point","coordinates":[77.8,13.28378]},"properties":{"cell_id":77741,"case_count":1,"gi_zscore":-0.085,"gi_pvalue":0.49,"significance":"not_sig","district":"CHICKBALLAPURA"}},{"type":"Feature","geometry":{"type":"Point","coordinates":[77.90588,13.29279]},"properties":{"cell_id":78141,"case_count":1,"gi_zscore":-0.5723,"gi_pvalue":0.012,"significance":"cold_95","district":"CHICKBALLAPURA"}},{"type":"Feature","geometry":{"type":"Point","coordinates":[77.84706,13.34685]},"properties":{"cell_id":80482,"case_count":1,"gi_zscore":-0.5473,"gi_pvalue":0.036,"significance":"cold_95","district":"CHICKBALLAPURA"}},{"type":"Feature","geometry":{"type":"Point","coordinates":[77.91765,13.35586]},"properties":{"cell_id":80879,"case_count":1,"gi_zscore":-0.5473,"gi_pvalue":0.036,"significance":"cold_95","district":"CHICKBALLAPURA"}},{"type":"Feature","geometry":{"type":"Point","coordinates":[77.83529,13.36486]},"properties":{"cell_id":81263,"case_count":1,"gi_zscore":-0.5473,"gi_pvalue":0.036,"significance":"cold_95","district":"CHICKBALLAPURA"}},{"type":"Feature","geometry":{"type":"Point","coordinates":[77.85882,13.38288]},"properties":{"cell_id":82047,"case_count":2,"gi_zscore":-0.5473,"gi_pvalue":0.022,"significance":"cold_95","district":"CHICKBALLAPURA"}},{"type":"Feature","geometry":{"type":"Point","coordinates":[77.85882,13.39189]},"properties":{"cell_id":82438,"case_count":3,"gi_zscore":-0.5473,"gi_pvalue":0.023,"significance":"cold_95","district":"CHICKBALLAPURA"}},{"type":"Feature","geometry":{"type":"Point","coordinates":[77.87059,13.39189]},"properties":{"cell_id":82439,"case_count":1,"gi_zscore":-0.5473,"gi_pvalue":0.037,"significance":"cold_95","district":"CHICKBALLAPURA"}},{"type":"Feature","geometry":{"type":"Point","coordinates":[77.92941,13.39189]},"properties":{"cell_id":82444,"case_count":1,"gi_zscore":-0.5473,"gi_pvalue":0.037,"significance":"cold_95","district":"CHICKBALLAPURA"}},{"type":"Feature","geometry":{"type":"Point","coordinates":[78.03529,13.39189]},"properties":{"cell_id":82453,"case_count":1,"gi_zscore":-0.5723,"gi_pvalue":0.013,"significance":"cold_95","district":"CHICKBALLAPURA"}},{"type":"Feature","geometry":{"type":"Point","coordinates":[77.64706,13.4009]},"properties":{"cell_id":82811,"case_count":1,"gi_zscore":-0.5473,"gi_pvalue":0.037,"significance":"cold_95","district":"CHICKBALLAPURA"}},{"type":"Feature","geometry":{"type":"Point","coordinates":[77.67059,13.4009]},"properties":{"cell_id":82813,"case_count":1,"gi_zscore":-0.5473,"gi_pvalue":0.037,"significance":"cold_95","district":"CHICKBALLAPURA"}},{"type":"Feature","geometry":{"type":"Point","coordinates":[77.69412,13.4009]},"properties":{"cell_id":82815,"case_count":1,"gi_zscore":-0.5473,"gi_pvalue":0.037,"significance":"cold_95","district":"CHICKBALLAPURA"}},{"type":"Feature","geometry":{"type":"Point","coordinates":[77.85882,13.4009]},"properties":{"cell_id":82829,"case_count":1,"gi_zscore":-0.5473,"gi_pvalue":0.037,"significance":"cold_95","district":"CHICKBALLAPURA"}},{"type":"Feature","geometry":{"type":"Point","coordinates":[78.04706,13.4009]},"properties":{"cell_id":82845,"case_count":1,"gi_zscore":-0.5723,"gi_pvalue":0.013,"significance":"cold_95","district":"CHICKBALLAPURA"}},{"type":"Feature","geometry":{"type":"Point","coordinates":[77.71765,13.40991]},"properties":{"cell_id":83208,"case_count":1,"gi_zscore":-0.5473,"gi_pvalue":0.034,"significance":"cold_95","district":"CHICKBALLAPURA"}},{"type":"Feature","geometry":{"type":"Point","coordinates":[77.87059,13.40991]},"properties":{"cell_id":83221,"case_count":1,"gi_zscore":-0.5473,"gi_pvalue":0.037,"significance":"cold_95","district":"CHICKBALLAPURA"}},{"type":"Feature","geometry":{"type":"Point","coordinates":[77.94118,13.41892]},"properties":{"cell_id":83618,"case_count":1,"gi_zscore":-0.5473,"gi_pvalue":0.037,"significance":"cold_95","district":"CHICKBALLAPURA"}},{"type":"Feature","geometry":{"type":"Point","coordinates":[77.71765,13.42793]},"properties":{"cell_id":83990,"case_count":1,"gi_zscore":-0.5473,"gi_pvalue":0.037,"significance":"cold_95","district":"CHICKBALLAPURA"}},{"type":"Feature","geometry":{"type":"Point","coordinates":[77.72941,13.42793]},"properties":{"cell_id":83991,"case_count":1,"gi_zscore":-0.5473,"gi_pvalue":0.037,"significance":"cold_95","district":"CHICKBALLAPURA"}},{"type":"Feature","geometry":{"type":"Point","coordinates":[77.85882,13.42793]},"properties":{"cell_id":84002,"case_count":1,"gi_zscore":-0.5473,"gi_pvalue":0.037,"significance":"cold_95","district":"CHICKBALLAPURA"}},{"type":"Feature","geometry":{"type":"Point","coordinates":[77.71765,13.43694]},"properties":{"cell_id":84381,"case_count":2,"gi_zscore":-0.5473,"gi_pvalue":0.023,"significance":"cold_95","district":"CHICKBALLAPURA"}},{"type":"Feature","geometry":{"type":"Point","coordinates":[77.72941,13.43694]},"properties":{"cell_id":84382,"case_count":3,"gi_zscore":-0.5473,"gi_pvalue":0.025,"significance":"cold_95","district":"CHICKBALLAPURA"}},{"type":"Feature","geometry":{"type":"Point","coordinates":[78.12941,13.43694]},"properties":{"cell_id":84416,"case_count":2,"gi_zscore":-0.5723,"gi_pvalue":0.001,"significance":"cold_99","district":"CHICKBALLAPURA"}},{"type":"Feature","geometry":{"type":"Point","coordinates":[77.51765,13.47297]},"properties":{"cell_id":85928,"case_count":1,"gi_zscore":-0.5723,"gi_pvalue":0.016,"significance":"cold_95","district":"CHICKBALLAPURA"}},{"type":"Feature","geometry":{"type":"Point","coordinates":[77.67059,13.52703]},"properties":{"cell_id":88287,"case_count":1,"gi_zscore":-0.5473,"gi_pvalue":0.037,"significance":"cold_95","district":"CHICKBALLAPURA"}},{"type":"Feature","geometry":{"type":"Point","coordinates":[77.61176,13.53604]},"properties":{"cell_id":88673,"case_count":1,"gi_zscore":-0.5598,"gi_pvalue":0.023,"significance":"cold_95","district":"CHICKBALLAPURA"}},{"type":"Feature","geometry":{"type":"Point","coordinates":[77.69412,13.55405]},"properties":{"cell_id":89462,"case_count":1,"gi_zscore":-0.5723,"gi_pvalue":0.016,"significance":"cold_95","district":"CHICKBALLAPURA"}},{"type":"Feature","geometry":{"type":"Point","coordinates":[78.12941,13.58108]},"properties":{"cell_id":90672,"case_count":1,"gi_zscore":-0.5723,"gi_pvalue":0.023,"significance":"cold_95","district":"CHICKBALLAPURA"}},{"type":"Feature","geometry":{"type":"Point","coordinates":[77.68235,13.59009]},"properties":{"cell_id":91025,"case_count":1,"gi_zscore":-0.5723,"gi_pvalue":0.016,"significance":"cold_95","district":"CHICKBALLAPURA"}},{"type":"Feature","geometry":{"type":"Point","coordinates":[77.78824,13.59009]},"properties":{"cell_id":91034,"case_count":1,"gi_zscore":-0.5723,"gi_pvalue":0.016,"significance":"cold_95","district":"CHICKBALLAPURA"}},{"type":"Feature","geometry":{"type":"Point","coordinates":[77.51765,13.60811]},"properties":{"cell_id":91793,"case_count":2,"gi_zscore":-0.5598,"gi_pvalue":0.016,"significance":"cold_95","district":"CHICKBALLAPURA"}},{"type":"Feature","geometry":{"type":"Point","coordinates":[77.8,13.60811]},"properties":{"cell_id":91817,"case_count":1,"gi_zscore":-0.5723,"gi_pvalue":0.012,"significance":"cold_95","district":"CHICKBALLAPURA"}},{"type":"Feature","geometry":{"type":"Point","coordinates":[77.49412,13.61712]},"properties":{"cell_id":92182,"case_count":1,"gi_zscore":-0.5598,"gi_pvalue":0.023,"significance":"cold_95","district":"CHICKBALLAPURA"}},{"type":"Feature","geometry":{"type":"Point","coordinates":[77.94118,13.62613]},"properties":{"cell_id":92611,"case_count":1,"gi_zscore":-0.5848,"gi_pvalue":0.012,"significance":"cold_95","district":"CHICKBALLAPURA"}},{"type":"Feature","geometry":{"type":"Point","coordinates":[78.14118,13.62613]},"properties":{"cell_id":92628,"case_count":1,"gi_zscore":-0.5723,"gi_pvalue":0.023,"significance":"cold_95","district":"CHICKBALLAPURA"}},{"type":"Feature","geometry":{"type":"Point","coordinates":[77.94118,13.63514]},"properties":{"cell_id":93002,"case_count":1,"gi_zscore":-0.5848,"gi_pvalue":0.012,"significance":"cold_95","district":"CHICKBALLAPURA"}},{"type":"Feature","geometry":{"type":"Point","coordinates":[77.72941,13.65315]},"properties":{"cell_id":93766,"case_count":2,"gi_zscore":-0.5723,"gi_pvalue":0.001,"significance":"cold_99","district":"CHICKBALLAPURA"}},{"type":"Feature","geometry":{"type":"Point","coordinates":[77.72941,13.66216]},"properties":{"cell_id":94157,"case_count":1,"gi_zscore":-0.5723,"gi_pvalue":0.022,"significance":"cold_95","district":"CHICKBALLAPURA"}},{"type":"Feature","geometry":{"type":"Point","coordinates":[77.70588,13.67117]},"properties":{"cell_id":94546,"case_count":1,"gi_zscore":-0.5723,"gi_pvalue":0.022,"significance":"cold_95","district":"CHICKBALLAPURA"}},{"type":"Feature","geometry":{"type":"Point","coordinates":[77.85882,13.68018]},"properties":{"cell_id":94950,"case_count":1,"gi_zscore":-0.5848,"gi_pvalue":0.014,"significance":"cold_95","district":"CHICKBALLAPURA"}},{"type":"Feature","geometry":{"type":"Point","coordinates":[77.85882,13.68919]},"properties":{"cell_id":95341,"case_count":1,"gi_zscore":-0.5723,"gi_pvalue":0.014,"significance":"cold_95","district":"CHICKBALLAPURA"}},{"type":"Feature","geometry":{"type":"Point","coordinates":[77.96471,13.6982]},"properties":{"cell_id":95741,"case_count":1,"gi_zscore":-0.5848,"gi_pvalue":0.014,"significance":"cold_95","district":"CHICKBALLAPURA"}},{"type":"Feature","geometry":{"type":"Point","coordinates":[77.76471,13.72523]},"properties":{"cell_id":96897,"case_count":1,"gi_zscore":-0.5473,"gi_pvalue":0.039,"significance":"cold_95","district":"CHICKBALLAPURA"}},{"type":"Feature","geometry":{"type":"Point","coordinates":[77.84706,13.72523]},"properties":{"cell_id":96904,"case_count":1,"gi_zscore":-0.5723,"gi_pvalue":0.014,"significance":"cold_95","district":"CHICKBALLAPURA"}},{"type":"Feature","geometry":{"type":"Point","coordinates":[77.75294,13.74324]},"properties":{"cell_id":97678,"case_count":1,"gi_zscore":-0.5598,"gi_pvalue":0.022,"significance":"cold_95","district":"CHICKBALLAPURA"}},{"type":"Feature","geometry":{"type":"Point","coordinates":[77.77647,13.75225]},"properties":{"cell_id":98071,"case_count":1,"gi_zscore":-0.5473,"gi_pvalue":0.039,"significance":"cold_95","district":"CHICKBALLAPURA"}},{"type":"Feature","geometry":{"type":"Point","coordinates":[77.94118,13.75225]},"properties":{"cell_id":98085,"case_count":1,"gi_zscore":-0.5848,"gi_pvalue":0.014,"significance":"cold_95","district":"CHICKBALLAPURA"}},{"type":"Feature","geometry":{"type":"Point","coordinates":[78.01176,13.76126]},"properties":{"cell_id":98482,"case_count":1,"gi_zscore":-0.5848,"gi_pvalue":0.014,"significance":"cold_95","district":"CHICKBALLAPURA"}},{"type":"Feature","geometry":{"type":"Point","coordinates":[77.76471,13.77027]},"properties":{"cell_id":98852,"case_count":1,"gi_zscore":-0.5598,"gi_pvalue":0.022,"significance":"cold_95","district":"CHICKBALLAPURA"}},{"type":"Feature","geometry":{"type":"Point","coordinates":[77.81176,13.77027]},"properties":{"cell_id":98856,"case_count":1,"gi_zscore":-0.5473,"gi_pvalue":0.039,"significance":"cold_95","district":"CHICKBALLAPURA"}},{"type":"Feature","geometry":{"type":"Point","coordinates":[77.78824,13.77928]},"properties":{"cell_id":99245,"case_count":3,"gi_zscore":-0.5473,"gi_pvalue":0.028,"significance":"cold_95","district":"CHICKBALLAPURA"}},{"type":"Feature","geometry":{"type":"Point","coordinates":[77.8,13.77928]},"properties":{"cell_id":99246,"case_count":1,"gi_zscore":-0.5473,"gi_pvalue":0.037,"significance":"cold_95","district":"CHICKBALLAPURA"}},{"type":"Feature","geometry":{"type":"Point","coordinates":[77.81176,13.77928]},"properties":{"cell_id":99247,"case_count":2,"gi_zscore":-0.5473,"gi_pvalue":0.027,"significance":"cold_95","district":"CHICKBALLAPURA"}},{"type":"Feature","geometry":{"type":"Point","coordinates":[77.74118,13.78829]},"properties":{"cell_id":99632,"case_count":1,"gi_zscore":-0.5473,"gi_pvalue":0.037,"significance":"cold_95","district":"CHICKBALLAPURA"}},{"type":"Feature","geometry":{"type":"Point","coordinates":[77.8,13.78829]},"properties":{"cell_id":99637,"case_count":1,"gi_zscore":-0.5473,"gi_pvalue":0.035,"significance":"cold_95","district":"CHICKBALLAPURA"}},{"type":"Feature","geometry":{"type":"Point","coordinates":[77.98824,13.78829]},"properties":{"cell_id":99653,"case_count":1,"gi_zscore":-0.5848,"gi_pvalue":0.015,"significance":"cold_95","district":"CHICKBALLAPURA"}},{"type":"Feature","geometry":{"type":"Point","coordinates":[77.85882,13.7973]},"properties":{"cell_id":100033,"case_count":1,"gi_zscore":-0.5473,"gi_pvalue":0.035,"significance":"cold_95","district":"CHICKBALLAPURA"}},{"type":"Feature","geometry":{"type":"Point","coordinates":[78.09412,13.82432]},"properties":{"cell_id":101226,"case_count":1,"gi_zscore":-0.5848,"gi_pvalue":0.015,"significance":"cold_95","district":"CHICKBALLAPURA"}},{"type":"Feature","geometry":{"type":"Point","coordinates":[77.91765,13.85135]},"properties":{"cell_id":102384,"case_count":1,"gi_zscore":-0.5723,"gi_pvalue":0.026,"significance":"cold_95","district":"CHICKBALLAPURA"}},{"type":"Feature","geometry":{"type":"Point","coordinates":[77.94118,13.86036]},"properties":{"cell_id":102777,"case_count":1,"gi_zscore":-0.5848,"gi_pvalue":0.015,"significance":"cold_95","district":"CHICKBALLAPURA"}},{"type":"Feature","geometry":{"type":"Point","coordinates":[78.07059,13.86937]},"properties":{"cell_id":103179,"case_count":1,"gi_zscore":-0.5848,"gi_pvalue":0.015,"significance":"cold_95","district":"CHICKBALLAPURA"}},{"type":"Feature","geometry":{"type":"Point","coordinates":[77.85882,13.90541]},"properties":{"cell_id":104725,"case_count":1,"gi_zscore":-0.5723,"gi_pvalue":0.026,"significance":"cold_95","district":"CHICKBALLAPURA"}},{"type":"Feature","geometry":{"type":"Point","coordinates":[77.85882,13.92342]},"properties":{"cell_id":105507,"case_count":1,"gi_zscore":-0.5723,"gi_pvalue":0.026,"significance":"cold_95","district":"CHICKBALLAPURA"}},{"type":"Feature","geometry":{"type":"Point","coordinates":[77.6,12.96847]},"properties":{"cell_id":64039,"case_count":2,"gi_zscore":1.6403,"gi_pvalue":0.001,"significance":"hot_99","district":"CHIKKAMAGALURU"}},{"type":"Feature","geometry":{"type":"Point","coordinates":[77.6,12.97748]},"properties":{"cell_id":64430,"case_count":22,"gi_zscore":1.6403,"gi_pvalue":0.001,"significance":"hot_99","district":"CHIKKAMAGALURU"}},{"type":"Feature","geometry":{"type":"Point","coordinates":[77.6,12.98649]},"properties":{"cell_id":64821,"case_count":2,"gi_zscore":1.6403,"gi_pvalue":0.001,"significance":"hot_99","district":"CHIKKAMAGALURU"}},{"type":"Feature","geometry":{"type":"Point","coordinates":[77.61176,12.98649]},"properties":{"cell_id":64822,"case_count":6,"gi_zscore":1.6403,"gi_pvalue":0.001,"significance":"hot_99","district":"CHIKKAMAGALURU"}},{"type":"Feature","geometry":{"type":"Point","coordinates":[77.61176,12.9955]},"properties":{"cell_id":65213,"case_count":5,"gi_zscore":1.6403,"gi_pvalue":0.001,"significance":"hot_99","district":"CHIKKAMAGALURU"}},{"type":"Feature","geometry":{"type":"Point","coordinates":[77.62353,12.9955]},"properties":{"cell_id":65214,"case_count":9,"gi_zscore":1.6403,"gi_pvalue":0.001,"significance":"hot_99","district":"CHIKKAMAGALURU"}},{"type":"Feature","geometry":{"type":"Point","coordinates":[77.62353,13.0045]},"properties":{"cell_id":65605,"case_count":8,"gi_zscore":1.3019,"gi_pvalue":0.005,"significance":"hot_99","district":"CHIKKAMAGALURU"}},{"type":"Feature","geometry":{"type":"Point","coordinates":[77.63529,13.0045]},"properties":{"cell_id":65606,"case_count":3,"gi_zscore":1.3696,"gi_pvalue":0.001,"significance":"hot_99","district":"CHIKKAMAGALURU"}},{"type":"Feature","geometry":{"type":"Point","coordinates":[77.63529,13.01351]},"properties":{"cell_id":65997,"case_count":14,"gi_zscore":1.3696,"gi_pvalue":0.007,"significance":"hot_99","district":"CHIKKAMAGALURU"}},{"type":"Feature","geometry":{"type":"Point","coordinates":[77.64706,13.02252]},"properties":{"cell_id":66389,"case_count":12,"gi_zscore":1.268,"gi_pvalue":0.01,"significance":"hot_99","district":"CHIKKAMAGALURU"}},{"type":"Feature","geometry":{"type":"Point","coordinates":[77.64706,13.03153]},"properties":{"cell_id":66780,"case_count":2,"gi_zscore":1.3019,"gi_pvalue":0.001,"significance":"hot_99","district":"CHIKKAMAGALURU"}},{"type":"Feature","geometry":{"type":"Point","coordinates":[77.65882,13.03153]},"properties":{"cell_id":66781,"case_count":4,"gi_zscore":1.4373,"gi_pvalue":0.001,"significance":"hot_99","district":"CHIKKAMAGALURU"}},{"type":"Feature","geometry":{"type":"Point","coordinates":[77.65882,13.04054]},"properties":{"cell_id":67172,"case_count":6,"gi_zscore":1.4373,"gi_pvalue":0.001,"significance":"hot_99","district":"CHIKKAMAGALURU"}},{"type":"Feature","geometry":{"type":"Point","coordinates":[77.67059,13.04054]},"properties":{"cell_id":67173,"case_count":2,"gi_zscore":1.0988,"gi_pvalue":0.005,"significance":"hot_99","district":"CHIKKAMAGALURU"}},{"type":"Feature","geometry":{"type":"Point","coordinates":[75.65882,13.04955]},"properties":{"cell_id":67393,"case_count":1,"gi_zscore":-0.4581,"gi_pvalue":0.062,"significance":"cold_90","district":"CHIKKAMAGALURU"}},{"type":"Feature","geometry":{"type":"Point","coordinates":[77.67059,13.04955]},"properties":{"cell_id":67564,"case_count":10,"gi_zscore":1.0988,"gi_pvalue":0.018,"significance":"hot_95","district":"CHIKKAMAGALURU"}},{"type":"Feature","geometry":{"type":"Point","coordinates":[77.68235,13.05856]},"properties":{"cell_id":67956,"case_count":12,"gi_zscore":1.065,"gi_pvalue":0.022,"significance":"hot_95","district":"CHIKKAMAGALURU"}},{"type":"Feature","geometry":{"type":"Point","coordinates":[77.68235,13.06757]},"properties":{"cell_id":68347,"case_count":3,"gi_zscore":1.1327,"gi_pvalue":0.003,"significance":"hot_99","district":"CHIKKAMAGALURU"}},{"type":"Feature","geometry":{"type":"Point","coordinates":[77.69412,13.06757]},"properties":{"cell_id":68348,"case_count":4,"gi_zscore":1.065,"gi_pvalue":0.004,"significance":"hot_99","district":"CHIKKAMAGALURU"}},{"type":"Feature","geometry":{"type":"Point","coordinates":[77.69412,13.07658]},"properties":{"cell_id":68739,"case_count":6,"gi_zscore":1.0311,"gi_pvalue":0.013,"significance":"hot_95","district":"CHIKKAMAGALURU"}},{"type":"Feature","geometry":{"type":"Point","coordinates":[77.70588,13.07658]},"properties":{"cell_id":68740,"case_count":7,"gi_zscore":1.0311,"gi_pvalue":0.014,"significance":"hot_95","district":"CHIKKAMAGALURU"}},{"type":"Feature","geometry":{"type":"Point","coordinates":[75.63529,13.08559]},"properties":{"cell_id":68955,"case_count":1,"gi_zscore":-0.4581,"gi_pvalue":0.056,"significance":"cold_90","district":"CHIKKAMAGALURU"}},{"type":"Feature","geometry":{"type":"Point","coordinates":[75.68235,13.08559]},"properties":{"cell_id":68959,"case_count":1,"gi_zscore":-0.4581,"gi_pvalue":0.056,"significance":"cold_90","district":"CHIKKAMAGALURU"}},{"type":"Feature","geometry":{"type":"Point","coordinates":[75.69412,13.08559]},"properties":{"cell_id":68960,"case_count":1,"gi_zscore":-0.4581,"gi_pvalue":0.056,"significance":"cold_90","district":"CHIKKAMAGALURU"}},{"type":"Feature","geometry":{"type":"Point","coordinates":[77.70588,13.08559]},"properties":{"cell_id":69131,"case_count":6,"gi_zscore":1.065,"gi_pvalue":0.008,"significance":"hot_99","district":"CHIKKAMAGALURU"}},{"type":"Feature","geometry":{"type":"Point","coordinates":[77.71765,13.08559]},"properties":{"cell_id":69132,"case_count":4,"gi_zscore":1.1327,"gi_pvalue":0.004,"significance":"hot_99","district":"CHIKKAMAGALURU"}},{"type":"Feature","geometry":{"type":"Point","coordinates":[77.71765,13.09459]},"properties":{"cell_id":69523,"case_count":9,"gi_zscore":1.2003,"gi_pvalue":0.01,"significance":"hot_99","district":"CHIKKAMAGALURU"}},{"type":"Feature","geometry":{"type":"Point","coordinates":[75.67059,13.1036]},"properties":{"cell_id":69740,"case_count":1,"gi_zscore":-0.4581,"gi_pvalue":0.059,"significance":"cold_90","district":"CHIKKAMAGALURU"}},{"type":"Feature","geometry":{"type":"Point","coordinates":[77.71765,13.1036]},"properties":{"cell_id":69914,"case_count":2,"gi_zscore":1.3019,"gi_pvalue":0.001,"significance":"hot_99","district":"CHIKKAMAGALURU"}},{"type":"Feature","geometry":{"type":"Point","coordinates":[77.72941,13.1036]},"properties":{"cell_id":69915,"case_count":13,"gi_zscore":1.0988,"gi_pvalue":0.022,"significance":"hot_95","district":"CHIKKAMAGALURU"}},{"type":"Feature","geometry":{"type":"Point","coordinates":[75.63529,13.11261]},"properties":{"cell_id":70128,"case_count":1,"gi_zscore":-0.4581,"gi_pvalue":0.055,"significance":"cold_90","district":"CHIKKAMAGALURU"}},{"type":"Feature","geometry":{"type":"Point","coordinates":[77.72941,13.11261]},"properties":{"cell_id":70306,"case_count":5,"gi_zscore":0.9973,"gi_pvalue":0.012,"significance":"hot_95","district":"CHIKKAMAGALURU"}},{"type":"Feature","geometry":{"type":"Point","coordinates":[77.74118,13.11261]},"properties":{"cell_id":70307,"case_count":6,"gi_zscore":0.9296,"gi_pvalue":0.018,"significance":"hot_95","district":"CHIKKAMAGALURU"}},{"type":"Feature","geometry":{"type":"Point","coordinates":[75.58824,13.12162]},"properties":{"cell_id":70515,"case_count":1,"gi_zscore":-0.4581,"gi_pvalue":0.053,"significance":"cold_90","district":"CHIKKAMAGALURU"}},{"type":"Feature","geometry":{"type":"Point","coordinates":[75.62353,13.12162]},"properties":{"cell_id":70518,"case_count":1,"gi_zscore":-0.4581,"gi_pvalue":0.053,"significance":"cold_90","district":"CHIKKAMAGALURU"}},{"type":"Feature","geometry":{"type":"Point","coordinates":[77.74118,13.12162]},"properties":{"cell_id":70698,"case_count":9,"gi_zscore":0.8619,"gi_pvalue":0.039,"significance":"hot_95","district":"CHIKKAMAGALURU"}},{"type":"Feature","geometry":{"type":"Point","coordinates":[77.75294,13.12162]},"properties":{"cell_id":70699,"case_count":1,"gi_zscore":0.828,"gi_pvalue":0.014,"significance":"hot_95","district":"CHIKKAMAGALURU"}},{"type":"Feature","geometry":{"type":"Point","coordinates":[75.67059,13.13063]},"properties":{"cell_id":70913,"case_count":1,"gi_zscore":-0.4581,"gi_pvalue":0.053,"significance":"cold_90","district":"CHIKKAMAGALURU"}},{"type":"Feature","geometry":{"type":"Point","coordinates":[77.75294,13.13063]},"properties":{"cell_id":71090,"case_count":3,"gi_zscore":0.5911,"gi_pvalue":0.047,"significance":"hot_95","district":"CHIKKAMAGALURU"}},{"type":"Feature","geometry":{"type":"Point","coordinates":[75.64706,13.13964]},"properties":{"cell_id":71302,"case_count":1,"gi_zscore":-0.4581,"gi_pvalue":0.047,"significance":"cold_95","district":"CHIKKAMAGALURU"}},{"type":"Feature","geometry":{"type":"Point","coordinates":[77.75294,13.13964]},"properties":{"cell_id":71481,"case_count":2,"gi_zscore":0.5573,"gi_pvalue":0.053,"significance":"hot_90","district":"CHIKKAMAGALURU"}},{"type":"Feature","geometry":{"type":"Point","coordinates":[77.76471,13.13964]},"properties":{"cell_id":71482,"case_count":7,"gi_zscore":0.388,"gi_pvalue":0.176,"significance":"not_sig","district":"CHIKKAMAGALURU"}},{"type":"Feature","geometry":{"type":"Point","coordinates":[75.63529,13.14865]},"properties":{"cell_id":71692,"case_count":1,"gi_zscore":-0.4581,"gi_pvalue":0.043,"significance":"cold_95","district":"CHIKKAMAGALURU"}},{"type":"Feature","geometry":{"type":"Point","coordinates":[77.76471,13.14865]},"properties":{"cell_id":71873,"case_count":1,"gi_zscore":0.3542,"gi_pvalue":0.094,"significance":"hot_90","district":"CHIKKAMAGALURU"}},{"type":"Feature","geometry":{"type":"Point","coordinates":[77.77647,13.14865]},"properties":{"cell_id":71874,"case_count":6,"gi_zscore":0.3542,"gi_pvalue":0.183,"significance":"not_sig","district":"CHIKKAMAGALURU"}},{"type":"Feature","geometry":{"type":"Point","coordinates":[75.68235,13.15766]},"properties":{"cell_id":72087,"case_count":1,"gi_zscore":-0.4581,"gi_pvalue":0.045,"significance":"cold_95","district":"CHIKKAMAGALURU"}},{"type":"Feature","geometry":{"type":"Point","coordinates":[77.77647,13.15766]},"properties":{"cell_id":72265,"case_count":4,"gi_zscore":0.3542,"gi_pvalue":0.139,"significance":"not_sig","district":"CHIKKAMAGALURU"}},{"type":"Feature","geometry":{"type":"Point","coordinates":[77.78824,13.15766]},"properties":{"cell_id":72266,"case_count":1,"gi_zscore":0.3542,"gi_pvalue":0.094,"significance":"hot_90","district":"CHIKKAMAGALURU"}},{"type":"Feature","geometry":{"type":"Point","coordinates":[77.78824,13.16667]},"properties":{"cell_id":72657,"case_count":8,"gi_zscore":0.3542,"gi_pvalue":0.22,"significance":"not_sig","district":"CHIKKAMAGALURU"}},{"type":"Feature","geometry":{"type":"Point","coordinates":[77.8,13.17568]},"properties":{"cell_id":73049,"case_count":1,"gi_zscore":0.3542,"gi_pvalue":0.099,"significance":"hot_90","district":"CHIKKAMAGALURU"}},{"type":"Feature","geometry":{"type":"Point","coordinates":[75.41176,13.18468]},"properties":{"cell_id":73237,"case_count":1,"gi_zscore":-0.4581,"gi_pvalue":0.039,"significance":"cold_95","district":"CHIKKAMAGALURU"}},{"type":"Feature","geometry":{"type":"Point","coordinates":[75.4,13.19369]},"properties":{"cell_id":73627,"case_count":1,"gi_zscore":-0.4581,"gi_pvalue":0.039,"significance":"cold_95","district":"CHIKKAMAGALURU"}},{"type":"Feature","geometry":{"type":"Point","coordinates":[75.72941,13.2027]},"properties":{"cell_id":74046,"case_count":1,"gi_zscore":-0.4243,"gi_pvalue":0.039,"significance":"cold_95","district":"CHIKKAMAGALURU"}},{"type":"Feature","geometry":{"type":"Point","coordinates":[75.65882,13.23874]},"properties":{"cell_id":75604,"case_count":1,"gi_zscore":-0.4581,"gi_pvalue":0.039,"significance":"cold_95","district":"CHIKKAMAGALURU"}},{"type":"Feature","geometry":{"type":"Point","coordinates":[75.38824,13.25676]},"properties":{"cell_id":76363,"case_count":1,"gi_zscore":-0.4581,"gi_pvalue":0.039,"significance":"cold_95","district":"CHIKKAMAGALURU"}},{"type":"Feature","geometry":{"type":"Point","coordinates":[75.87059,13.26577]},"properties":{"cell_id":76795,"case_count":1,"gi_zscore":-0.4581,"gi_pvalue":0.039,"significance":"cold_95","district":"CHIKKAMAGALURU"}},{"type":"Feature","geometry":{"type":"Point","coordinates":[75.48235,13.29279]},"properties":{"cell_id":77935,"case_count":1,"gi_zscore":-0.4581,"gi_pvalue":0.039,"significance":"cold_95","district":"CHIKKAMAGALURU"}},{"type":"Feature","geometry":{"type":"Point","coordinates":[76.02353,13.29279]},"properties":{"cell_id":77981,"case_count":1,"gi_zscore":-0.4581,"gi_pvalue":0.039,"significance":"cold_95","district":"CHIKKAMAGALURU"}},{"type":"Feature","geometry":{"type":"Point","coordinates":[75.76471,13.3018]},"properties":{"cell_id":78350,"case_count":1,"gi_zscore":-0.3227,"gi_pvalue":0.17,"significance":"not_sig","district":"CHIKKAMAGALURU"}},{"type":"Feature","geometry":{"type":"Point","coordinates":[75.8,13.3018]},"properties":{"cell_id":78353,"case_count":1,"gi_zscore":-0.4243,"gi_pvalue":0.039,"significance":"cold_95","district":"CHIKKAMAGALURU"}},{"type":"Feature","geometry":{"type":"Point","coordinates":[75.98824,13.3018]},"properties":{"cell_id":78369,"case_count":1,"gi_zscore":-0.4581,"gi_pvalue":0.039,"significance":"cold_95","district":"CHIKKAMAGALURU"}},{"type":"Feature","geometry":{"type":"Point","coordinates":[75.75294,13.31081]},"properties":{"cell_id":78740,"case_count":2,"gi_zscore":-0.3227,"gi_pvalue":0.139,"significance":"not_sig","district":"CHIKKAMAGALURU"}},{"type":"Feature","geometry":{"type":"Point","coordinates":[75.77647,13.31081]},"properties":{"cell_id":78742,"case_count":1,"gi_zscore":-0.3904,"gi_pvalue":0.093,"significance":"cold_90","district":"CHIKKAMAGALURU"}},{"type":"Feature","geometry":{"type":"Point","coordinates":[75.8,13.31081]},"properties":{"cell_id":78744,"case_count":1,"gi_zscore":-0.4243,"gi_pvalue":0.039,"significance":"cold_95","district":"CHIKKAMAGALURU"}},{"type":"Feature","geometry":{"type":"Point","coordinates":[75.32941,13.31982]},"properties":{"cell_id":79095,"case_count":1,"gi_zscore":-0.4581,"gi_pvalue":0.039,"significance":"cold_95","district":"CHIKKAMAGALURU"}},{"type":"Feature","geometry":{"type":"Point","coordinates":[75.49412,13.31982]},"properties":{"cell_id":79109,"case_count":1,"gi_zscore":-0.4581,"gi_pvalue":0.039,"significance":"cold_95","district":"CHIKKAMAGALURU"}},{"type":"Feature","geometry":{"type":"Point","coordinates":[75.69412,13.31982]},"properties":{"cell_id":79126,"case_count":1,"gi_zscore":-0.3227,"gi_pvalue":0.166,"significance":"not_sig","district":"CHIKKAMAGALURU"}},{"type":"Feature","geometry":{"type":"Point","coordinates":[75.77647,13.31982]},"properties":{"cell_id":79133,"case_count":1,"gi_zscore":-0.3227,"gi_pvalue":0.166,"significance":"not_sig","district":"CHIKKAMAGALURU"}},{"type":"Feature","geometry":{"type":"Point","coordinates":[75.78824,13.31982]},"properties":{"cell_id":79134,"case_count":1,"gi_zscore":-0.4243,"gi_pvalue":0.039,"significance":"cold_95","district":"CHIKKAMAGALURU"}},{"type":"Feature","geometry":{"type":"Point","coordinates":[75.8,13.31982]},"properties":{"cell_id":79135,"case_count":1,"gi_zscore":-0.4243,"gi_pvalue":0.039,"significance":"cold_95","district":"CHIKKAMAGALURU"}},{"type":"Feature","geometry":{"type":"Point","coordinates":[75.55294,13.32883]},"properties":{"cell_id":79505,"case_count":1,"gi_zscore":-0.4581,"gi_pvalue":0.039,"significance":"cold_95","district":"CHIKKAMAGALURU"}},{"type":"Feature","geometry":{"type":"Point","coordinates":[75.6,13.32883]},"properties":{"cell_id":79509,"case_count":1,"gi_zscore":-0.4581,"gi_pvalue":0.039,"significance":"cold_95","district":"CHIKKAMAGALURU"}},{"type":"Feature","geometry":{"type":"Point","coordinates":[75.69412,13.32883]},"properties":{"cell_id":79517,"case_count":1,"gi_zscore":-0.3227,"gi_pvalue":0.166,"significance":"not_sig","district":"CHIKKAMAGALURU"}},{"type":"Feature","geometry":{"type":"Point","coordinates":[75.77647,13.32883]},"properties":{"cell_id":79524,"case_count":2,"gi_zscore":-0.3566,"gi_pvalue":0.095,"significance":"cold_90","district":"CHIKKAMAGALURU"}},{"type":"Feature","geometry":{"type":"Point","coordinates":[75.4,13.33784]},"properties":{"cell_id":79883,"case_count":1,"gi_zscore":-0.4581,"gi_pvalue":0.039,"significance":"cold_95","district":"CHIKKAMAGALURU"}},{"type":"Feature","geometry":{"type":"Point","coordinates":[75.76471,13.33784]},"properties":{"cell_id":79914,"case_count":3,"gi_zscore":-0.3227,"gi_pvalue":0.106,"significance":"not_sig","district":"CHIKKAMAGALURU"}},{"type":"Feature","geometry":{"type":"Point","coordinates":[75.8,13.33784]},"properties":{"cell_id":79917,"case_count":1,"gi_zscore":-0.3566,"gi_pvalue":0.137,"significance":"not_sig","district":"CHIKKAMAGALURU"}},{"type":"Feature","geometry":{"type":"Point","coordinates":[75.88235,13.33784]},"properties":{"cell_id":79924,"case_count":1,"gi_zscore":-0.4581,"gi_pvalue":0.039,"significance":"cold_95","district":"CHIKKAMAGALURU"}},{"type":"Feature","geometry":{"type":"Point","coordinates":[75.32941,13.34685]},"properties":{"cell_id":80268,"case_count":1,"gi_zscore":-0.4581,"gi_pvalue":0.039,"significance":"cold_95","district":"CHIKKAMAGALURU"}},{"type":"Feature","geometry":{"type":"Point","coordinates":[75.47059,13.34685]},"properties":{"cell_id":80280,"case_count":1,"gi_zscore":-0.4581,"gi_pvalue":0.039,"significance":"cold_95","district":"CHIKKAMAGALURU"}},{"type":"Feature","geometry":{"type":"Point","coordinates":[75.76471,13.34685]},"properties":{"cell_id":80305,"case_count":1,"gi_zscore":-0.3227,"gi_pvalue":0.165,"significance":"not_sig","district":"CHIKKAMAGALURU"}},{"type":"Feature","geometry":{"type":"Point","coordinates":[75.77647,13.34685]},"properties":{"cell_id":80306,"case_count":1,"gi_zscore":-0.3566,"gi_pvalue":0.137,"significance":"not_sig","district":"CHIKKAMAGALURU"}},{"type":"Feature","geometry":{"type":"Point","coordinates":[75.54118,13.35586]},"properties":{"cell_id":80677,"case_count":1,"gi_zscore":-0.4581,"gi_pvalue":0.039,"significance":"cold_95","district":"CHIKKAMAGALURU"}},{"type":"Feature","geometry":{"type":"Point","coordinates":[75.64706,13.35586]},"properties":{"cell_id":80686,"case_count":1,"gi_zscore":-0.4243,"gi_pvalue":0.095,"significance":"cold_90","district":"CHIKKAMAGALURU"}},{"type":"Feature","geometry":{"type":"Point","coordinates":[75.44706,13.36486]},"properties":{"cell_id":81060,"case_count":1,"gi_zscore":-0.4581,"gi_pvalue":0.039,"significance":"cold_95","district":"CHIKKAMAGALURU"}},{"type":"Feature","geometry":{"type":"Point","coordinates":[75.45882,13.36486]},"properties":{"cell_id":81061,"case_count":1,"gi_zscore":-0.4581,"gi_pvalue":0.039,"significance":"cold_95","district":"CHIKKAMAGALURU"}},{"type":"Feature","geometry":{"type":"Point","coordinates":[75.52941,13.36486]},"properties":{"cell_id":81067,"case_count":1,"gi_zscore":-0.4581,"gi_pvalue":0.039,"significance":"cold_95","district":"CHIKKAMAGALURU"}},{"type":"Feature","geometry":{"type":"Point","coordinates":[75.81176,13.40991]},"properties":{"cell_id":83046,"case_count":1,"gi_zscore":-0.3566,"gi_pvalue":0.137,"significance":"not_sig","district":"CHIKKAMAGALURU"}},{"type":"Feature","geometry":{"type":"Point","coordinates":[75.25882,13.41892]},"properties":{"cell_id":83390,"case_count":1,"gi_zscore":-0.4581,"gi_pvalue":0.039,"significance":"cold_95","district":"CHIKKAMAGALURU"}},{"type":"Feature","geometry":{"type":"Point","coordinates":[75.36471,13.41892]},"properties":{"cell_id":83399,"case_count":1,"gi_zscore":-0.4581,"gi_pvalue":0.039,"significance":"cold_95","district":"CHIKKAMAGALURU"}},{"type":"Feature","geometry":{"type":"Point","coordinates":[75.4,13.42793]},"properties":{"cell_id":83793,"case_count":1,"gi_zscore":-0.4581,"gi_pvalue":0.039,"significance":"cold_95","district":"CHIKKAMAGALURU"}},{"type":"Feature","geometry":{"type":"Point","coordinates":[75.91765,13.42793]},"properties":{"cell_id":83837,"case_count":1,"gi_zscore":-0.4581,"gi_pvalue":0.039,"significance":"cold_95","district":"CHIKKAMAGALURU"}},{"type":"Feature","geometry":{"type":"Point","coordinates":[75.95294,13.42793]},"properties":{"cell_id":83840,"case_count":1,"gi_zscore":-0.4581,"gi_pvalue":0.039,"significance":"cold_95","district":"CHIKKAMAGALURU"}},{"type":"Feature","geometry":{"type":"Point","coordinates":[75.91765,13.43694]},"properties":{"cell_id":84228,"case_count":1,"gi_zscore":-0.4581,"gi_pvalue":0.039,"significance":"cold_95","district":"CHIKKAMAGALURU"}},{"type":"Feature","geometry":{"type":"Point","coordinates":[75.92941,13.46396]},"properties":{"cell_id":85402,"case_count":1,"gi_zscore":-0.4581,"gi_pvalue":0.039,"significance":"cold_95","district":"CHIKKAMAGALURU"}},{"type":"Feature","geometry":{"type":"Point","coordinates":[75.96471,13.46396]},"properties":{"cell_id":85405,"case_count":1,"gi_zscore":-0.4581,"gi_pvalue":0.039,"significance":"cold_95","district":"CHIKKAMAGALURU"}},{"type":"Feature","geometry":{"type":"Point","coordinates":[75.90588,13.49099]},"properties":{"cell_id":86573,"case_count":1,"gi_zscore":-0.4581,"gi_pvalue":0.039,"significance":"cold_95","district":"CHIKKAMAGALURU"}},{"type":"Feature","geometry":{"type":"Point","coordinates":[76.0,13.49099]},"properties":{"cell_id":86581,"case_count":1,"gi_zscore":-0.4581,"gi_pvalue":0.039,"significance":"cold_95","district":"CHIKKAMAGALURU"}},{"type":"Feature","geometry":{"type":"Point","coordinates":[76.2,13.49099]},"properties":{"cell_id":86598,"case_count":1,"gi_zscore":-0.4581,"gi_pvalue":0.039,"significance":"cold_95","district":"CHIKKAMAGALURU"}},{"type":"Feature","geometry":{"type":"Point","coordinates":[75.78824,13.54505]},"properties":{"cell_id":88909,"case_count":1,"gi_zscore":-0.4581,"gi_pvalue":0.039,"significance":"cold_95","district":"CHIKKAMAGALURU"}},{"type":"Feature","geometry":{"type":"Point","coordinates":[76.01176,13.54505]},"properties":{"cell_id":88928,"case_count":1,"gi_zscore":-0.4581,"gi_pvalue":0.039,"significance":"cold_95","district":"CHIKKAMAGALURU"}},{"type":"Feature","geometry":{"type":"Point","coordinates":[76.36471,13.54505]},"properties":{"cell_id":88958,"case_count":1,"gi_zscore":-0.4581,"gi_pvalue":0.039,"significance":"cold_95","district":"CHIKKAMAGALURU"}},{"type":"Feature","geometry":{"type":"Point","coordinates":[75.37647,13.55405]},"properties":{"cell_id":89265,"case_count":1,"gi_zscore":-0.4581,"gi_pvalue":0.039,"significance":"cold_95","district":"CHIKKAMAGALURU"}},{"type":"Feature","geometry":{"type":"Point","coordinates":[76.31765,13.58108]},"properties":{"cell_id":90518,"case_count":1,"gi_zscore":-0.4581,"gi_pvalue":0.039,"significance":"cold_95","district":"CHIKKAMAGALURU"}},{"type":"Feature","geometry":{"type":"Point","coordinates":[75.98824,13.59009]},"properties":{"cell_id":90881,"case_count":1,"gi_zscore":-0.4581,"gi_pvalue":0.039,"significance":"cold_95","district":"CHIKKAMAGALURU"}},{"type":"Feature","geometry":{"type":"Point","coordinates":[75.8,13.5991]},"properties":{"cell_id":91256,"case_count":1,"gi_zscore":-0.4581,"gi_pvalue":0.039,"significance":"cold_95","district":"CHIKKAMAGALURU"}},{"type":"Feature","geometry":{"type":"Point","coordinates":[76.11765,13.5991]},"properties":{"cell_id":91283,"case_count":1,"gi_zscore":-0.4581,"gi_pvalue":0.039,"significance":"cold_95","district":"CHIKKAMAGALURU"}},{"type":"Feature","geometry":{"type":"Point","coordinates":[75.50588,13.60811]},"properties":{"cell_id":91622,"case_count":1,"gi_zscore":-0.4581,"gi_pvalue":0.039,"significance":"cold_95","district":"CHIKKAMAGALURU"}},{"type":"Feature","geometry":{"type":"Point","coordinates":[75.90588,13.62613]},"properties":{"cell_id":92438,"case_count":1,"gi_zscore":-0.4581,"gi_pvalue":0.039,"significance":"cold_95","district":"CHIKKAMAGALURU"}},{"type":"Feature","geometry":{"type":"Point","coordinates":[76.04706,13.62613]},"properties":{"cell_id":92450,"case_count":1,"gi_zscore":-0.4243,"gi_pvalue":0.039,"significance":"cold_95","district":"CHIKKAMAGALURU"}},{"type":"Feature","geometry":{"type":"Point","coordinates":[76.14118,13.62613]},"properties":{"cell_id":92458,"case_count":1,"gi_zscore":-0.4581,"gi_pvalue":0.039,"significance":"cold_95","district":"CHIKKAMAGALURU"}},{"type":"Feature","geometry":{"type":"Point","coordinates":[75.81176,13.64414]},"properties":{"cell_id":93212,"case_count":1,"gi_zscore":-0.4581,"gi_pvalue":0.039,"significance":"cold_95","district":"CHIKKAMAGALURU"}},{"type":"Feature","geometry":{"type":"Point","coordinates":[76.14118,13.65315]},"properties":{"cell_id":93631,"case_count":1,"gi_zscore":-0.4243,"gi_pvalue":0.039,"significance":"cold_95","district":"CHIKKAMAGALURU"}},{"type":"Feature","geometry":{"type":"Point","coordinates":[75.98824,13.66216]},"properties":{"cell_id":94009,"case_count":1,"gi_zscore":-0.4243,"gi_pvalue":0.039,"significance":"cold_95","district":"CHIKKAMAGALURU"}},{"type":"Feature","geometry":{"type":"Point","coordinates":[76.11765,13.68018]},"properties":{"cell_id":94802,"case_count":1,"gi_zscore":-0.4243,"gi_pvalue":0.039,"significance":"cold_95","district":"CHIKKAMAGALURU"}},{"type":"Feature","geometry":{"type":"Point","coordinates":[75.88235,13.68919]},"properties":{"cell_id":95173,"case_count":1,"gi_zscore":-0.4581,"gi_pvalue":0.039,"significance":"cold_95","district":"CHIKKAMAGALURU"}},{"type":"Feature","geometry":{"type":"Point","coordinates":[75.89412,13.68919]},"properties":{"cell_id":95174,"case_count":1,"gi_zscore":-0.4243,"gi_pvalue":0.039,"significance":"cold_95","district":"CHIKKAMAGALURU"}},{"type":"Feature","geometry":{"type":"Point","coordinates":[75.70588,13.6982]},"properties":{"cell_id":95549,"case_count":1,"gi_zscore":-0.4581,"gi_pvalue":0.039,"significance":"cold_95","district":"CHIKKAMAGALURU"}},{"type":"Feature","geometry":{"type":"Point","coordinates":[75.78824,13.6982]},"properties":{"cell_id":95556,"case_count":1,"gi_zscore":-0.4581,"gi_pvalue":0.039,"significance":"cold_95","district":"CHIKKAMAGALURU"}},{"type":"Feature","geometry":{"type":"Point","coordinates":[75.95294,13.6982]},"properties":{"cell_id":95570,"case_count":1,"gi_zscore":-0.4243,"gi_pvalue":0.039,"significance":"cold_95","district":"CHIKKAMAGALURU"}},{"type":"Feature","geometry":{"type":"Point","coordinates":[75.64706,13.70721]},"properties":{"cell_id":95935,"case_count":1,"gi_zscore":-0.4581,"gi_pvalue":0.039,"significance":"cold_95","district":"CHIKKAMAGALURU"}},{"type":"Feature","geometry":{"type":"Point","coordinates":[75.88235,13.71622]},"properties":{"cell_id":96346,"case_count":1,"gi_zscore":-0.4581,"gi_pvalue":0.039,"significance":"cold_95","district":"CHIKKAMAGALURU"}},{"type":"Feature","geometry":{"type":"Point","coordinates":[75.71765,13.72523]},"properties":{"cell_id":96723,"case_count":1,"gi_zscore":-0.4581,"gi_pvalue":0.039,"significance":"cold_95","district":"CHIKKAMAGALURU"}},{"type":"Feature","geometry":{"type":"Point","coordinates":[76.0,13.72523]},"properties":{"cell_id":96747,"case_count":2,"gi_zscore":-0.4243,"gi_pvalue":0.001,"significance":"cold_99","district":"CHIKKAMAGALURU"}},{"type":"Feature","geometry":{"type":"Point","coordinates":[75.77647,13.74324]},"properties":{"cell_id":97510,"case_count":1,"gi_zscore":-0.4581,"gi_pvalue":0.039,"significance":"cold_95","district":"CHIKKAMAGALURU"}},{"type":"Feature","geometry":{"type":"Point","coordinates":[75.69412,13.76126]},"properties":{"cell_id":98285,"case_count":1,"gi_zscore":-0.4581,"gi_pvalue":0.039,"significance":"cold_95","district":"CHIKKAMAGALURU"}},{"type":"Feature","geometry":{"type":"Point","coordinates":[76.10588,13.76126]},"properties":{"cell_id":98320,"case_count":1,"gi_zscore":-0.4243,"gi_pvalue":0.039,"significance":"cold_95","district":"CHIKKAMAGALURU"}},{"type":"Feature","geometry":{"type":"Point","coordinates":[75.70588,13.77027]},"properties":{"cell_id":98677,"case_count":1,"gi_zscore":-0.4581,"gi_pvalue":0.039,"significance":"cold_95","district":"CHIKKAMAGALURU"}},{"type":"Feature","geometry":{"type":"Point","coordinates":[75.95294,13.80631]},"properties":{"cell_id":100262,"case_count":1,"gi_zscore":-0.4243,"gi_pvalue":0.039,"significance":"cold_95","district":"CHIKKAMAGALURU"}},{"type":"Feature","geometry":{"type":"Point","coordinates":[77.6,12.96847]},"properties":{"cell_id":64039,"case_count":3,"gi_zscore":0.4841,"gi_pvalue":0.046,"significance":"hot_95","district":"CHITRADURGA"}},{"type":"Feature","geometry":{"type":"Point","coordinates":[77.6,12.97748]},"properties":{"cell_id":64430,"case_count":10,"gi_zscore":0.4841,"gi_pvalue":0.101,"significance":"not_sig","district":"CHITRADURGA"}},{"type":"Feature","geometry":{"type":"Point","coordinates":[77.6,12.98649]},"properties":{"cell_id":64821,"case_count":3,"gi_zscore":0.4841,"gi_pvalue":0.043,"significance":"hot_95","district":"CHITRADURGA"}},{"type":"Feature","geometry":{"type":"Point","coordinates":[77.61176,12.98649]},"properties":{"cell_id":64822,"case_count":15,"gi_zscore":0.4841,"gi_pvalue":0.139,"significance":"not_sig","district":"CHITRADURGA"}},{"type":"Feature","geometry":{"type":"Point","coordinates":[77.61176,12.9955]},"properties":{"cell_id":65213,"case_count":14,"gi_zscore":0.4841,"gi_pvalue":0.132,"significance":"not_sig","district":"CHITRADURGA"}},{"type":"Feature","geometry":{"type":"Point","coordinates":[77.62353,12.9955]},"properties":{"cell_id":65214,"case_count":8,"gi_zscore":0.4841,"gi_pvalue":0.083,"significance":"hot_90","district":"CHITRADURGA"}},{"type":"Feature","geometry":{"type":"Point","coordinates":[77.62353,13.0045]},"properties":{"cell_id":65605,"case_count":10,"gi_zscore":0.7905,"gi_pvalue":0.015,"significance":"hot_95","district":"CHITRADURGA"}},{"type":"Feature","geometry":{"type":"Point","coordinates":[77.63529,13.0045]},"properties":{"cell_id":65606,"case_count":4,"gi_zscore":0.9887,"gi_pvalue":0.003,"significance":"hot_99","district":"CHITRADURGA"}},{"type":"Feature","geometry":{"type":"Point","coordinates":[77.63529,13.01351]},"properties":{"cell_id":65997,"case_count":14,"gi_zscore":0.9527,"gi_pvalue":0.007,"significance":"hot_99","district":"CHITRADURGA"}},{"type":"Feature","geometry":{"type":"Point","coordinates":[77.64706,13.02252]},"properties":{"cell_id":66389,"case_count":21,"gi_zscore":0.8085,"gi_pvalue":0.031,"significance":"hot_95","district":"CHITRADURGA"}},{"type":"Feature","geometry":{"type":"Point","coordinates":[77.64706,13.03153]},"properties":{"cell_id":66780,"case_count":9,"gi_zscore":1.0248,"gi_pvalue":0.003,"significance":"hot_99","district":"CHITRADURGA"}},{"type":"Feature","geometry":{"type":"Point","coordinates":[77.65882,13.03153]},"properties":{"cell_id":66781,"case_count":14,"gi_zscore":1.0068,"gi_pvalue":0.005,"significance":"hot_99","district":"CHITRADURGA"}},{"type":"Feature","geometry":{"type":"Point","coordinates":[77.65882,13.04054]},"properties":{"cell_id":67172,"case_count":13,"gi_zscore":1.0068,"gi_pvalue":0.005,"significance":"hot_99","district":"CHITRADURGA"}},{"type":"Feature","geometry":{"type":"Point","coordinates":[77.67059,13.04054]},"properties":{"cell_id":67173,"case_count":6,"gi_zscore":0.8986,"gi_pvalue":0.005,"significance":"hot_99","district":"CHITRADURGA"}},{"type":"Feature","geometry":{"type":"Point","coordinates":[77.67059,13.04955]},"properties":{"cell_id":67564,"case_count":20,"gi_zscore":0.6644,"gi_pvalue":0.079,"significance":"hot_90","district":"CHITRADURGA"}},{"type":"Feature","geometry":{"type":"Point","coordinates":[77.68235,13.05856]},"properties":{"cell_id":67956,"case_count":9,"gi_zscore":0.7004,"gi_pvalue":0.028,"significance":"hot_95","district":"CHITRADURGA"}},{"type":"Feature","geometry":{"type":"Point","coordinates":[77.68235,13.06757]},"properties":{"cell_id":68347,"case_count":4,"gi_zscore":0.5202,"gi_pvalue":0.053,"significance":"hot_90","district":"CHITRADURGA"}},{"type":"Feature","geometry":{"type":"Point","coordinates":[77.69412,13.06757]},"properties":{"cell_id":68348,"case_count":8,"gi_zscore":0.34,"gi_pvalue":0.169,"significance":"not_sig","district":"CHITRADURGA"}},{"type":"Feature","geometry":{"type":"Point","coordinates":[77.69412,13.07658]},"properties":{"cell_id":68739,"case_count":8,"gi_zscore":0.4301,"gi_pvalue":0.127,"significance":"not_sig","district":"CHITRADURGA"}},{"type":"Feature","geometry":{"type":"Point","coordinates":[77.70588,13.07658]},"properties":{"cell_id":68740,"case_count":11,"gi_zscore":0.0877,"gi_pvalue":0.473,"significance":"not_sig","district":"CHITRADURGA"}},{"type":"Feature","geometry":{"type":"Point","coordinates":[77.70588,13.08559]},"properties":{"cell_id":69131,"case_count":4,"gi_zscore":0.2319,"gi_pvalue":0.19,"significance":"not_sig","district":"CHITRADURGA"}},{"type":"Feature","geometry":{"type":"Point","coordinates":[77.71765,13.08559]},"properties":{"cell_id":69132,"case_count":3,"gi_zscore":0.2859,"gi_pvalue":0.159,"significance":"not_sig","district":"CHITRADURGA"}},{"type":"Feature","geometry":{"type":"Point","coordinates":[77.71765,13.09459]},"properties":{"cell_id":69523,"case_count":11,"gi_zscore":0.34,"gi_pvalue":0.199,"significance":"not_sig","district":"CHITRADURGA"}},{"type":"Feature","geometry":{"type":"Point","coordinates":[77.71765,13.1036]},"properties":{"cell_id":69914,"case_count":1,"gi_zscore":0.4661,"gi_pvalue":0.055,"significance":"hot_90","district":"CHITRADURGA"}},{"type":"Feature","geometry":{"type":"Point","coordinates":[77.72941,13.1036]},"properties":{"cell_id":69915,"case_count":17,"gi_zscore":0.3039,"gi_pvalue":0.334,"significance":"not_sig","district":"CHITRADURGA"}},{"type":"Feature","geometry":{"type":"Point","coordinates":[77.72941,13.11261]},"properties":{"cell_id":70306,"case_count":7,"gi_zscore":0.5743,"gi_pvalue":0.04,"significance":"hot_95","district":"CHITRADURGA"}},{"type":"Feature","geometry":{"type":"Point","coordinates":[77.74118,13.11261]},"properties":{"cell_id":70307,"case_count":11,"gi_zscore":0.5562,"gi_pvalue":0.067,"significance":"hot_90","district":"CHITRADURGA"}},{"type":"Feature","geometry":{"type":"Point","coordinates":[77.74118,13.12162]},"properties":{"cell_id":70698,"case_count":15,"gi_zscore":0.6644,"gi_pvalue":0.05,"significance":"hot_95","district":"CHITRADURGA"}},{"type":"Feature","geometry":{"type":"Point","coordinates":[77.75294,13.12162]},"properties":{"cell_id":70699,"case_count":2,"gi_zscore":0.7905,"gi_pvalue":0.003,"significance":"hot_99","district":"CHITRADURGA"}},{"type":"Feature","geometry":{"type":"Point","coordinates":[77.75294,13.13063]},"properties":{"cell_id":71090,"case_count":19,"gi_zscore":0.7184,"gi_pvalue":0.045,"significance":"hot_95","district":"CHITRADURGA"}},{"type":"Feature","geometry":{"type":"Point","coordinates":[77.75294,13.13964]},"properties":{"cell_id":71481,"case_count":2,"gi_zscore":0.8266,"gi_pvalue":0.002,"significance":"hot_99","district":"CHITRADURGA"}},{"type":"Feature","geometry":{"type":"Point","coordinates":[77.76471,13.13964]},"properties":{"cell_id":71482,"case_count":17,"gi_zscore":0.7184,"gi_pvalue":0.035,"significance":"hot_95","district":"CHITRADURGA"}},{"type":"Feature","geometry":{"type":"Point","coordinates":[77.76471,13.14865]},"properties":{"cell_id":71873,"case_count":8,"gi_zscore":0.8266,"gi_pvalue":0.004,"significance":"hot_99","district":"CHITRADURGA"}},{"type":"Feature","geometry":{"type":"Point","coordinates":[77.77647,13.14865]},"properties":{"cell_id":71874,"case_count":13,"gi_zscore":0.8085,"gi_pvalue":0.009,"significance":"hot_99","district":"CHITRADURGA"}},{"type":"Feature","geometry":{"type":"Point","coordinates":[77.77647,13.15766]},"properties":{"cell_id":72265,"case_count":13,"gi_zscore":0.8085,"gi_pvalue":0.009,"significance":"hot_99","district":"CHITRADURGA"}},{"type":"Feature","geometry":{"type":"Point","coordinates":[77.78824,13.15766]},"properties":{"cell_id":72266,"case_count":5,"gi_zscore":0.8085,"gi_pvalue":0.003,"significance":"hot_99","district":"CHITRADURGA"}},{"type":"Feature","geometry":{"type":"Point","coordinates":[77.78824,13.16667]},"properties":{"cell_id":72657,"case_count":21,"gi_zscore":0.8085,"gi_pvalue":0.016,"significance":"hot_95","district":"CHITRADURGA"}},{"type":"Feature","geometry":{"type":"Point","coordinates":[77.8,13.17568]},"properties":{"cell_id":73049,"case_count":1,"gi_zscore":0.8085,"gi_pvalue":0.001,"significance":"hot_99","district":"CHITRADURGA"}},{"type":"Feature","geometry":{"type":"Point","coordinates":[76.16471,13.25676]},"properties":{"cell_id":76429,"case_count":1,"gi_zscore":-0.8134,"gi_pvalue":0.001,"significance":"cold_99","district":"CHITRADURGA"}},{"type":"Feature","geometry":{"type":"Point","coordinates":[74.78824,13.35586]},"properties":{"cell_id":80613,"case_count":1,"gi_zscore":-0.8134,"gi_pvalue":0.001,"significance":"cold_99","district":"CHITRADURGA"}},{"type":"Feature","geometry":{"type":"Point","coordinates":[76.42353,13.61712]},"properties":{"cell_id":92091,"case_count":1,"gi_zscore":-0.8134,"gi_pvalue":0.001,"significance":"cold_99","district":"CHITRADURGA"}},{"type":"Feature","geometry":{"type":"Point","coordinates":[76.24706,13.6982]},"properties":{"cell_id":95595,"case_count":1,"gi_zscore":-0.8134,"gi_pvalue":0.001,"significance":"cold_99","district":"CHITRADURGA"}},{"type":"Feature","geometry":{"type":"Point","coordinates":[76.34118,13.7973]},"properties":{"cell_id":99904,"case_count":1,"gi_zscore":-0.8134,"gi_pvalue":0.001,"significance":"cold_99","district":"CHITRADURGA"}},{"type":"Feature","geometry":{"type":"Point","coordinates":[76.61176,13.93243]},"properties":{"cell_id":105792,"case_count":1,"gi_zscore":-0.8134,"gi_pvalue":0.001,"significance":"cold_99","district":"CHITRADURGA"}},{"type":"Feature","geometry":{"type":"Point","coordinates":[76.75294,13.98649]},"properties":{"cell_id":108150,"case_count":1,"gi_zscore":-0.8134,"gi_pvalue":0.001,"significance":"cold_99","district":"CHITRADURGA"}},{"type":"Feature","geometry":{"type":"Point","coordinates":[76.75294,14.02252]},"properties":{"cell_id":109714,"case_count":1,"gi_zscore":-0.8134,"gi_pvalue":0.001,"significance":"cold_99","district":"CHITRADURGA"}},{"type":"Feature","geometry":{"type":"Point","coordinates":[76.49412,14.04955]},"properties":{"cell_id":110865,"case_count":1,"gi_zscore":-0.8134,"gi_pvalue":0.001,"significance":"cold_99","district":"CHITRADURGA"}},{"type":"Feature","geometry":{"type":"Point","coordinates":[76.27059,14.09459]},"properties":{"cell_id":112801,"case_count":1,"gi_zscore":-0.8134,"gi_pvalue":0.001,"significance":"cold_99","district":"CHITRADURGA"}},{"type":"Feature","geometry":{"type":"Point","coordinates":[76.27059,14.17568]},"properties":{"cell_id":116320,"case_count":1,"gi_zscore":-0.8134,"gi_pvalue":0.001,"significance":"cold_99","district":"CHITRADURGA"}},{"type":"Feature","geometry":{"type":"Point","coordinates":[76.54118,14.17568]},"properties":{"cell_id":116343,"case_count":1,"gi_zscore":-0.8134,"gi_pvalue":0.001,"significance":"cold_99","district":"CHITRADURGA"}},{"type":"Feature","geometry":{"type":"Point","coordinates":[76.84706,14.19369]},"properties":{"cell_id":117151,"case_count":1,"gi_zscore":-0.8134,"gi_pvalue":0.001,"significance":"cold_99","district":"CHITRADURGA"}},{"type":"Feature","geometry":{"type":"Point","coordinates":[76.38824,14.21171]},"properties":{"cell_id":117894,"case_count":1,"gi_zscore":-0.8134,"gi_pvalue":0.001,"significance":"cold_99","district":"CHITRADURGA"}},{"type":"Feature","geometry":{"type":"Point","coordinates":[76.41176,14.21171]},"properties":{"cell_id":117896,"case_count":1,"gi_zscore":-0.8134,"gi_pvalue":0.001,"significance":"cold_99","district":"CHITRADURGA"}},{"type":"Feature","geometry":{"type":"Point","coordinates":[76.88235,14.21171]},"properties":{"cell_id":117936,"case_count":1,"gi_zscore":-0.8134,"gi_pvalue":0.001,"significance":"cold_99","district":"CHITRADURGA"}},{"type":"Feature","geometry":{"type":"Point","coordinates":[76.38824,14.22072]},"properties":{"cell_id":118285,"case_count":1,"gi_zscore":-0.8134,"gi_pvalue":0.001,"significance":"cold_99","district":"CHITRADURGA"}},{"type":"Feature","geometry":{"type":"Point","coordinates":[76.76471,14.22072]},"properties":{"cell_id":118317,"case_count":1,"gi_zscore":-0.8134,"gi_pvalue":0.001,"significance":"cold_99","district":"CHITRADURGA"}},{"type":"Feature","geometry":{"type":"Point","coordinates":[76.16471,14.23874]},"properties":{"cell_id":119048,"case_count":1,"gi_zscore":-0.8134,"gi_pvalue":0.001,"significance":"cold_99","district":"CHITRADURGA"}},{"type":"Feature","geometry":{"type":"Point","coordinates":[76.37647,14.23874]},"properties":{"cell_id":119066,"case_count":1,"gi_zscore":-0.8134,"gi_pvalue":0.001,"significance":"cold_99","district":"CHITRADURGA"}},{"type":"Feature","geometry":{"type":"Point","coordinates":[76.4,14.23874]},"properties":{"cell_id":119068,"case_count":1,"gi_zscore":-0.8134,"gi_pvalue":0.001,"significance":"cold_99","district":"CHITRADURGA"}},{"type":"Feature","geometry":{"type":"Point","coordinates":[76.88235,14.25676]},"properties":{"cell_id":119891,"case_count":1,"gi_zscore":-0.8134,"gi_pvalue":0.001,"significance":"cold_99","district":"CHITRADURGA"}},{"type":"Feature","geometry":{"type":"Point","coordinates":[76.64706,14.31982]},"properties":{"cell_id":122608,"case_count":1,"gi_zscore":-0.8134,"gi_pvalue":0.001,"significance":"cold_99","district":"CHITRADURGA"}},{"type":"Feature","geometry":{"type":"Point","coordinates":[76.23529,14.42793]},"properties":{"cell_id":127265,"case_count":1,"gi_zscore":-0.8134,"gi_pvalue":0.001,"significance":"cold_99","district":"CHITRADURGA"}},{"type":"Feature","geometry":{"type":"Point","coordinates":[76.67059,14.44595]},"properties":{"cell_id":128084,"case_count":1,"gi_zscore":-0.8134,"gi_pvalue":0.001,"significance":"cold_99","district":"CHITRADURGA"}},{"type":"Feature","geometry":{"type":"Point","coordinates":[76.52941,14.54505]},"properties":{"cell_id":132373,"case_count":1,"gi_zscore":-0.8134,"gi_pvalue":0.001,"significance":"cold_99","district":"CHITRADURGA"}},{"type":"Feature","geometry":{"type":"Point","coordinates":[76.74118,14.71622]},"properties":{"cell_id":139820,"case_count":1,"gi_zscore":-0.8134,"gi_pvalue":0.001,"significance":"cold_99","district":"CHITRADURGA"}},{"type":"Feature","geometry":{"type":"Point","coordinates":[76.78824,14.87838]},"properties":{"cell_id":146862,"case_count":1,"gi_zscore":-0.8134,"gi_pvalue":0.001,"significance":"cold_99","district":"CHITRADURGA"}},{"type":"Feature","geometry":{"type":"Point","coordinates":[76.78824,14.92342]},"properties":{"cell_id":148817,"case_count":1,"gi_zscore":-0.8134,"gi_pvalue":0.001,"significance":"cold_99","district":"CHITRADURGA"}},{"type":"Feature","geometry":{"type":"Point","coordinates":[75.15294,12.07658]},"properties":{"cell_id":25122,"case_count":1,"gi_zscore":-0.5194,"gi_pvalue":0.014,"significance":"cold_95","district":"DAKSHINA KANNADA"}},{"type":"Feature","geometry":{"type":"Point","coordinates":[75.48235,12.5]},"properties":{"cell_id":43527,"case_count":1,"gi_zscore":-0.474,"gi_pvalue":0.033,"significance":"cold_95","district":"DAKSHINA KANNADA"}},{"type":"Feature","geometry":{"type":"Point","coordinates":[75.49412,12.51802]},"properties":{"cell_id":44310,"case_count":1,"gi_zscore":-0.474,"gi_pvalue":0.041,"significance":"cold_95","district":"DAKSHINA KANNADA"}},{"type":"Feature","geometry":{"type":"Point","coordinates":[75.38824,12.55405]},"properties":{"cell_id":45865,"case_count":1,"gi_zscore":-0.474,"gi_pvalue":0.033,"significance":"cold_95","district":"DAKSHINA KANNADA"}},{"type":"Feature","geometry":{"type":"Point","coordinates":[75.41176,12.60811]},"properties":{"cell_id":48213,"case_count":1,"gi_zscore":-0.474,"gi_pvalue":0.041,"significance":"cold_95","district":"DAKSHINA KANNADA"}},{"type":"Feature","geometry":{"type":"Point","coordinates":[75.32941,12.63514]},"properties":{"cell_id":49379,"case_count":1,"gi_zscore":-0.5194,"gi_pvalue":0.014,"significance":"cold_95","district":"DAKSHINA KANNADA"}},{"type":"Feature","geometry":{"type":"Point","coordinates":[75.61176,12.67117]},"properties":{"cell_id":50967,"case_count":2,"gi_zscore":-0.5648,"gi_pvalue":0.001,"significance":"cold_99","district":"DAKSHINA KANNADA"}},{"type":"Feature","geometry":{"type":"Point","coordinates":[75.10588,12.70721]},"properties":{"cell_id":52488,"case_count":1,"gi_zscore":-0.5194,"gi_pvalue":0.039,"significance":"cold_95","district":"DAKSHINA KANNADA"}},{"type":"Feature","geometry":{"type":"Point","coordinates":[75.2,12.76126]},"properties":{"cell_id":54842,"case_count":3,"gi_zscore":-0.474,"gi_pvalue":0.016,"significance":"cold_95","district":"DAKSHINA KANNADA"}},{"type":"Feature","geometry":{"type":"Point","coordinates":[75.09412,12.77027]},"properties":{"cell_id":55224,"case_count":1,"gi_zscore":-0.5194,"gi_pvalue":0.035,"significance":"cold_95","district":"DAKSHINA KANNADA"}},{"type":"Feature","geometry":{"type":"Point","coordinates":[75.01176,12.77928]},"properties":{"cell_id":55608,"case_count":1,"gi_zscore":-0.6103,"gi_pvalue":0.004,"significance":"cold_99","district":"DAKSHINA KANNADA"}},{"type":"Feature","geometry":{"type":"Point","coordinates":[75.11765,12.81532]},"properties":{"cell_id":57181,"case_count":1,"gi_zscore":-0.5194,"gi_pvalue":0.035,"significance":"cold_95","district":"DAKSHINA KANNADA"}},{"type":"Feature","geometry":{"type":"Point","coordinates":[75.2,12.82432]},"properties":{"cell_id":57579,"case_count":1,"gi_zscore":-0.474,"gi_pvalue":0.038,"significance":"cold_95","district":"DAKSHINA KANNADA"}},{"type":"Feature","geometry":{"type":"Point","coordinates":[75.44706,12.82432]},"properties":{"cell_id":57600,"case_count":1,"gi_zscore":-0.5648,"gi_pvalue":0.012,"significance":"cold_95","district":"DAKSHINA KANNADA"}},{"type":"Feature","geometry":{"type":"Point","coordinates":[75.18824,12.83333]},"properties":{"cell_id":57969,"case_count":1,"gi_zscore":-0.474,"gi_pvalue":0.038,"significance":"cold_95","district":"DAKSHINA KANNADA"}},{"type":"Feature","geometry":{"type":"Point","coordinates":[75.01176,12.86036]},"properties":{"cell_id":59127,"case_count":1,"gi_zscore":-0.6103,"gi_pvalue":0.004,"significance":"cold_99","district":"DAKSHINA KANNADA"}},{"type":"Feature","geometry":{"type":"Point","coordinates":[74.95294,12.87838]},"properties":{"cell_id":59904,"case_count":1,"gi_zscore":-0.6103,"gi_pvalue":0.004,"significance":"cold_99","district":"DAKSHINA KANNADA"}},{"type":"Feature","geometry":{"type":"Point","coordinates":[75.02353,12.87838]},"properties":{"cell_id":59910,"case_count":1,"gi_zscore":-0.6103,"gi_pvalue":0.004,"significance":"cold_99","district":"DAKSHINA KANNADA"}},{"type":"Feature","geometry":{"type":"Point","coordinates":[75.04706,12.87838]},"properties":{"cell_id":59912,"case_count":1,"gi_zscore":-0.6103,"gi_pvalue":0.004,"significance":"cold_99","district":"DAKSHINA KANNADA"}},{"type":"Feature","geometry":{"type":"Point","coordinates":[75.03529,12.88739]},"properties":{"cell_id":60302,"case_count":1,"gi_zscore":-0.6103,"gi_pvalue":0.004,"significance":"cold_99","district":"DAKSHINA KANNADA"}},{"type":"Feature","geometry":{"type":"Point","coordinates":[75.17647,12.88739]},"properties":{"cell_id":60314,"case_count":1,"gi_zscore":-0.5648,"gi_pvalue":0.004,"significance":"cold_99","district":"DAKSHINA KANNADA"}},{"type":"Feature","geometry":{"type":"Point","coordinates":[75.01176,12.8964]},"properties":{"cell_id":60691,"case_count":1,"gi_zscore":-0.6103,"gi_pvalue":0.004,"significance":"cold_99","district":"DAKSHINA KANNADA"}},{"type":"Feature","geometry":{"type":"Point","coordinates":[75.18824,12.8964]},"properties":{"cell_id":60706,"case_count":1,"gi_zscore":-0.5648,"gi_pvalue":0.004,"significance":"cold_99","district":"DAKSHINA KANNADA"}},{"type":"Feature","geometry":{"type":"Point","coordinates":[75.28235,12.8964]},"properties":{"cell_id":60714,"case_count":1,"gi_zscore":-0.5648,"gi_pvalue":0.004,"significance":"cold_99","district":"DAKSHINA KANNADA"}},{"type":"Feature","geometry":{"type":"Point","coordinates":[75.18824,12.91441]},"properties":{"cell_id":61488,"case_count":2,"gi_zscore":-0.5648,"gi_pvalue":0.001,"significance":"cold_99","district":"DAKSHINA KANNADA"}},{"type":"Feature","geometry":{"type":"Point","coordinates":[75.32941,12.95946]},"properties":{"cell_id":63455,"case_count":1,"gi_zscore":-0.5648,"gi_pvalue":0.014,"significance":"cold_95","district":"DAKSHINA KANNADA"}},{"type":"Feature","geometry":{"type":"Point","coordinates":[77.6,12.97748]},"properties":{"cell_id":64430,"case_count":5,"gi_zscore":1.0253,"gi_pvalue":0.004,"significance":"hot_99","district":"DAKSHINA KANNADA"}},{"type":"Feature","geometry":{"type":"Point","coordinates":[75.23529,12.98649]},"properties":{"cell_id":64620,"case_count":1,"gi_zscore":-0.5648,"gi_pvalue":0.016,"significance":"cold_95","district":"DAKSHINA KANNADA"}},{"type":"Feature","geometry":{"type":"Point","coordinates":[75.27059,12.98649]},"properties":{"cell_id":64623,"case_count":1,"gi_zscore":-0.5648,"gi_pvalue":0.016,"significance":"cold_95","district":"DAKSHINA KANNADA"}},{"type":"Feature","geometry":{"type":"Point","coordinates":[77.6,12.98649]},"properties":{"cell_id":64821,"case_count":1,"gi_zscore":1.0253,"gi_pvalue":0.004,"significance":"hot_99","district":"DAKSHINA KANNADA"}},{"type":"Feature","geometry":{"type":"Point","coordinates":[77.61176,12.98649]},"properties":{"cell_id":64822,"case_count":5,"gi_zscore":1.0253,"gi_pvalue":0.006,"significance":"hot_99","district":"DAKSHINA KANNADA"}},{"type":"Feature","geometry":{"type":"Point","coordinates":[75.05882,12.9955]},"properties":{"cell_id":64996,"case_count":1,"gi_zscore":-0.5648,"gi_pvalue":0.005,"significance":"cold_99","district":"DAKSHINA KANNADA"}},{"type":"Feature","geometry":{"type":"Point","coordinates":[75.23529,12.9955]},"properties":{"cell_id":65011,"case_count":1,"gi_zscore":-0.5648,"gi_pvalue":0.018,"significance":"cold_95","district":"DAKSHINA KANNADA"}},{"type":"Feature","geometry":{"type":"Point","coordinates":[75.32941,12.9955]},"properties":{"cell_id":65019,"case_count":1,"gi_zscore":-0.5648,"gi_pvalue":0.018,"significance":"cold_95","district":"DAKSHINA KANNADA"}},{"type":"Feature","geometry":{"type":"Point","coordinates":[77.61176,12.9955]},"properties":{"cell_id":65213,"case_count":3,"gi_zscore":1.0253,"gi_pvalue":0.004,"significance":"hot_99","district":"DAKSHINA KANNADA"}},{"type":"Feature","geometry":{"type":"Point","coordinates":[77.62353,12.9955]},"properties":{"cell_id":65214,"case_count":3,"gi_zscore":1.0253,"gi_pvalue":0.004,"significance":"hot_99","district":"DAKSHINA KANNADA"}},{"type":"Feature","geometry":{"type":"Point","coordinates":[75.28235,13.0045]},"properties":{"cell_id":65406,"case_count":1,"gi_zscore":-0.6103,"gi_pvalue":0.005,"significance":"cold_99","district":"DAKSHINA KANNADA"}},{"type":"Feature","geometry":{"type":"Point","coordinates":[77.62353,13.0045]},"properties":{"cell_id":65605,"case_count":2,"gi_zscore":1.0253,"gi_pvalue":0.002,"significance":"hot_99","district":"DAKSHINA KANNADA"}},{"type":"Feature","geometry":{"type":"Point","coordinates":[77.63529,13.01351]},"properties":{"cell_id":65997,"case_count":9,"gi_zscore":1.1616,"gi_pvalue":0.008,"significance":"hot_99","district":"DAKSHINA KANNADA"}},{"type":"Feature","geometry":{"type":"Point","coordinates":[77.64706,13.02252]},"properties":{"cell_id":66389,"case_count":14,"gi_zscore":1.2524,"gi_pvalue":0.005,"significance":"hot_99","district":"DAKSHINA KANNADA"}},{"type":"Feature","geometry":{"type":"Point","coordinates":[75.08235,13.03153]},"properties":{"cell_id":66562,"case_count":1,"gi_zscore":-0.5648,"gi_pvalue":0.016,"significance":"cold_95","district":"DAKSHINA KANNADA"}},{"type":"Feature","geometry":{"type":"Point","coordinates":[77.64706,13.03153]},"properties":{"cell_id":66780,"case_count":3,"gi_zscore":1.2524,"gi_pvalue":0.001,"significance":"hot_99","district":"DAKSHINA KANNADA"}},{"type":"Feature","geometry":{"type":"Point","coordinates":[77.65882,13.03153]},"properties":{"cell_id":66781,"case_count":7,"gi_zscore":1.3433,"gi_pvalue":0.001,"significance":"hot_99","district":"DAKSHINA KANNADA"}},{"type":"Feature","geometry":{"type":"Point","coordinates":[77.65882,13.04054]},"properties":{"cell_id":67172,"case_count":2,"gi_zscore":1.3433,"gi_pvalue":0.001,"significance":"hot_99","district":"DAKSHINA KANNADA"}},{"type":"Feature","geometry":{"type":"Point","coordinates":[77.67059,13.04054]},"properties":{"cell_id":67173,"case_count":2,"gi_zscore":1.0707,"gi_pvalue":0.001,"significance":"hot_99","district":"DAKSHINA KANNADA"}},{"type":"Feature","geometry":{"type":"Point","coordinates":[77.67059,13.04955]},"properties":{"cell_id":67564,"case_count":8,"gi_zscore":0.6164,"gi_pvalue":0.104,"significance":"not_sig","district":"DAKSHINA KANNADA"}},{"type":"Feature","geometry":{"type":"Point","coordinates":[75.16471,13.05856]},"properties":{"cell_id":67742,"case_count":1,"gi_zscore":-0.5648,"gi_pvalue":0.02,"significance":"cold_95","district":"DAKSHINA KANNADA"}},{"type":"Feature","geometry":{"type":"Point","coordinates":[77.68235,13.05856]},"properties":{"cell_id":67956,"case_count":5,"gi_zscore":0.5255,"gi_pvalue":0.102,"significance":"not_sig","district":"DAKSHINA KANNADA"}},{"type":"Feature","geometry":{"type":"Point","coordinates":[77.68235,13.06757]},"properties":{"cell_id":68347,"case_count":2,"gi_zscore":0.2529,"gi_pvalue":0.181,"significance":"not_sig","district":"DAKSHINA KANNADA"}},{"type":"Feature","geometry":{"type":"Point","coordinates":[77.69412,13.06757]},"properties":{"cell_id":68348,"case_count":3,"gi_zscore":0.3438,"gi_pvalue":0.156,"significance":"not_sig","district":"DAKSHINA KANNADA"}},{"type":"Feature","geometry":{"type":"Point","coordinates":[77.69412,13.07658]},"properties":{"cell_id":68739,"case_count":4,"gi_zscore":0.3438,"gi_pvalue":0.182,"significance":"not_sig","district":"DAKSHINA KANNADA"}},{"type":"Feature","geometry":{"type":"Point","coordinates":[75.37647,13.08559]},"properties":{"cell_id":68933,"case_count":1,"gi_zscore":-0.6103,"gi_pvalue":0.005,"significance":"cold_99","district":"DAKSHINA KANNADA"}},{"type":"Feature","geometry":{"type":"Point","coordinates":[77.70588,13.08559]},"properties":{"cell_id":69131,"case_count":1,"gi_zscore":0.1166,"gi_pvalue":0.244,"significance":"not_sig","district":"DAKSHINA KANNADA"}},{"type":"Feature","geometry":{"type":"Point","coordinates":[77.71765,13.08559]},"properties":{"cell_id":69132,"case_count":1,"gi_zscore":0.0258,"gi_pvalue":0.366,"significance":"not_sig","district":"DAKSHINA KANNADA"}},{"type":"Feature","geometry":{"type":"Point","coordinates":[77.71765,13.09459]},"properties":{"cell_id":69523,"case_count":4,"gi_zscore":0.0258,"gi_pvalue":0.495,"significance":"not_sig","district":"DAKSHINA KANNADA"}},{"type":"Feature","geometry":{"type":"Point","coordinates":[77.71765,13.1036]},"properties":{"cell_id":69914,"case_count":2,"gi_zscore":0.0258,"gi_pvalue":0.373,"significance":"not_sig","district":"DAKSHINA KANNADA"}},{"type":"Feature","geometry":{"type":"Point","coordinates":[77.72941,13.1036]},"properties":{"cell_id":69915,"case_count":3,"gi_zscore":0.0712,"gi_pvalue":0.402,"significance":"not_sig","district":"DAKSHINA KANNADA"}},{"type":"Feature","geometry":{"type":"Point","coordinates":[77.72941,13.11261]},"properties":{"cell_id":70306,"case_count":2,"gi_zscore":0.0712,"gi_pvalue":0.353,"significance":"not_sig","district":"DAKSHINA KANNADA"}},{"type":"Feature","geometry":{"type":"Point","coordinates":[77.74118,13.11261]},"properties":{"cell_id":70307,"case_count":3,"gi_zscore":0.2529,"gi_pvalue":0.226,"significance":"not_sig","district":"DAKSHINA KANNADA"}},{"type":"Feature","geometry":{"type":"Point","coordinates":[77.74118,13.12162]},"properties":{"cell_id":70698,"case_count":3,"gi_zscore":0.3438,"gi_pvalue":0.16,"significance":"not_sig","district":"DAKSHINA KANNADA"}},{"type":"Feature","geometry":{"type":"Point","coordinates":[77.75294,13.13063]},"properties":{"cell_id":71090,"case_count":5,"gi_zscore":0.5709,"gi_pvalue":0.071,"significance":"hot_90","district":"DAKSHINA KANNADA"}},{"type":"Feature","geometry":{"type":"Point","coordinates":[77.76471,13.13964]},"properties":{"cell_id":71482,"case_count":5,"gi_zscore":0.7072,"gi_pvalue":0.038,"significance":"hot_95","district":"DAKSHINA KANNADA"}},{"type":"Feature","geometry":{"type":"Point","coordinates":[77.76471,13.14865]},"properties":{"cell_id":71873,"case_count":3,"gi_zscore":0.6618,"gi_pvalue":0.027,"significance":"hot_95","district":"DAKSHINA KANNADA"}},{"type":"Feature","geometry":{"type":"Point","coordinates":[77.77647,13.14865]},"properties":{"cell_id":71874,"case_count":2,"gi_zscore":0.6618,"gi_pvalue":0.024,"significance":"hot_95","district":"DAKSHINA KANNADA"}},{"type":"Feature","geometry":{"type":"Point","coordinates":[77.77647,13.15766]},"properties":{"cell_id":72265,"case_count":9,"gi_zscore":0.6618,"gi_pvalue":0.118,"significance":"not_sig","district":"DAKSHINA KANNADA"}},{"type":"Feature","geometry":{"type":"Point","coordinates":[77.78824,13.16667]},"properties":{"cell_id":72657,"case_count":6,"gi_zscore":0.6618,"gi_pvalue":0.075,"significance":"hot_90","district":"DAKSHINA KANNADA"}},{"type":"Feature","geometry":{"type":"Point","coordinates":[77.8,13.17568]},"properties":{"cell_id":73049,"case_count":1,"gi_zscore":0.6618,"gi_pvalue":0.026,"significance":"hot_95","district":"DAKSHINA KANNADA"}},{"type":"Feature","geometry":{"type":"Point","coordinates":[77.6,12.97748]},"properties":{"cell_id":64430,"case_count":5,"gi_zscore":1.1651,"gi_pvalue":0.001,"significance":"hot_99","district":"DAVANAGERE"}},{"type":"Feature","geometry":{"type":"Point","coordinates":[77.61176,12.98649]},"properties":{"cell_id":64822,"case_count":2,"gi_zscore":1.1651,"gi_pvalue":0.001,"significance":"hot_99","district":"DAVANAGERE"}},{"type":"Feature","geometry":{"type":"Point","coordinates":[77.61176,12.9955]},"properties":{"cell_id":65213,"case_count":4,"gi_zscore":1.1651,"gi_pvalue":0.001,"significance":"hot_99","district":"DAVANAGERE"}},{"type":"Feature","geometry":{"type":"Point","coordinates":[77.62353,12.9955]},"properties":{"cell_id":65214,"case_count":6,"gi_zscore":1.1651,"gi_pvalue":0.002,"significance":"hot_99","district":"DAVANAGERE"}},{"type":"Feature","geometry":{"type":"Point","coordinates":[77.62353,13.0045]},"properties":{"cell_id":65605,"case_count":12,"gi_zscore":1.1651,"gi_pvalue":0.009,"significance":"hot_99","district":"DAVANAGERE"}},{"type":"Feature","geometry":{"type":"Point","coordinates":[77.63529,13.0045]},"properties":{"cell_id":65606,"case_count":3,"gi_zscore":1.259,"gi_pvalue":0.002,"significance":"hot_99","district":"DAVANAGERE"}},{"type":"Feature","geometry":{"type":"Point","coordinates":[77.63529,13.01351]},"properties":{"cell_id":65997,"case_count":10,"gi_zscore":1.259,"gi_pvalue":0.003,"significance":"hot_99","district":"DAVANAGERE"}},{"type":"Feature","geometry":{"type":"Point","coordinates":[77.64706,13.02252]},"properties":{"cell_id":66389,"case_count":16,"gi_zscore":1.5093,"gi_pvalue":0.001,"significance":"hot_99","district":"DAVANAGERE"}},{"type":"Feature","geometry":{"type":"Point","coordinates":[77.64706,13.03153]},"properties":{"cell_id":66780,"case_count":6,"gi_zscore":1.6345,"gi_pvalue":0.001,"significance":"hot_99","district":"DAVANAGERE"}},{"type":"Feature","geometry":{"type":"Point","coordinates":[77.65882,13.03153]},"properties":{"cell_id":66781,"case_count":8,"gi_zscore":1.2903,"gi_pvalue":0.003,"significance":"hot_99","district":"DAVANAGERE"}},{"type":"Feature","geometry":{"type":"Point","coordinates":[77.65882,13.04054]},"properties":{"cell_id":67172,"case_count":8,"gi_zscore":1.7284,"gi_pvalue":0.001,"significance":"hot_99","district":"DAVANAGERE"}},{"type":"Feature","geometry":{"type":"Point","coordinates":[77.67059,13.04054]},"properties":{"cell_id":67173,"case_count":6,"gi_zscore":1.4781,"gi_pvalue":0.001,"significance":"hot_99","district":"DAVANAGERE"}},{"type":"Feature","geometry":{"type":"Point","coordinates":[77.67059,13.04955]},"properties":{"cell_id":67564,"case_count":10,"gi_zscore":1.2277,"gi_pvalue":0.004,"significance":"hot_99","district":"DAVANAGERE"}},{"type":"Feature","geometry":{"type":"Point","coordinates":[77.68235,13.04955]},"properties":{"cell_id":67565,"case_count":1,"gi_zscore":1.259,"gi_pvalue":0.002,"significance":"hot_99","district":"DAVANAGERE"}},{"type":"Feature","geometry":{"type":"Point","coordinates":[77.68235,13.05856]},"properties":{"cell_id":67956,"case_count":17,"gi_zscore":1.1651,"gi_pvalue":0.017,"significance":"hot_95","district":"DAVANAGERE"}},{"type":"Feature","geometry":{"type":"Point","coordinates":[77.68235,13.06757]},"properties":{"cell_id":68347,"case_count":2,"gi_zscore":1.2277,"gi_pvalue":0.003,"significance":"hot_99","district":"DAVANAGERE"}},{"type":"Feature","geometry":{"type":"Point","coordinates":[77.69412,13.06757]},"properties":{"cell_id":68348,"case_count":8,"gi_zscore":1.0712,"gi_pvalue":0.011,"significance":"hot_95","district":"DAVANAGERE"}},{"type":"Feature","geometry":{"type":"Point","coordinates":[77.69412,13.07658]},"properties":{"cell_id":68739,"case_count":7,"gi_zscore":0.9773,"gi_pvalue":0.016,"significance":"hot_95","district":"DAVANAGERE"}},{"type":"Feature","geometry":{"type":"Point","coordinates":[77.70588,13.07658]},"properties":{"cell_id":68740,"case_count":5,"gi_zscore":1.0712,"gi_pvalue":0.007,"significance":"hot_99","district":"DAVANAGERE"}},{"type":"Feature","geometry":{"type":"Point","coordinates":[77.70588,13.08559]},"properties":{"cell_id":69131,"case_count":10,"gi_zscore":0.8522,"gi_pvalue":0.042,"significance":"hot_95","district":"DAVANAGERE"}},{"type":"Feature","geometry":{"type":"Point","coordinates":[77.71765,13.08559]},"properties":{"cell_id":69132,"case_count":1,"gi_zscore":0.9461,"gi_pvalue":0.007,"significance":"hot_99","district":"DAVANAGERE"}},{"type":"Feature","geometry":{"type":"Point","coordinates":[77.71765,13.09459]},"properties":{"cell_id":69523,"case_count":7,"gi_zscore":0.8522,"gi_pvalue":0.031,"significance":"hot_95","district":"DAVANAGERE"}},{"type":"Feature","geometry":{"type":"Point","coordinates":[77.71765,13.1036]},"properties":{"cell_id":69914,"case_count":4,"gi_zscore":0.8209,"gi_pvalue":0.021,"significance":"hot_95","district":"DAVANAGERE"}},{"type":"Feature","geometry":{"type":"Point","coordinates":[77.72941,13.1036]},"properties":{"cell_id":69915,"case_count":10,"gi_zscore":0.727,"gi_pvalue":0.074,"significance":"hot_90","district":"DAVANAGERE"}},{"type":"Feature","geometry":{"type":"Point","coordinates":[77.72941,13.11261]},"properties":{"cell_id":70306,"case_count":5,"gi_zscore":0.9461,"gi_pvalue":0.013,"significance":"hot_95","district":"DAVANAGERE"}},{"type":"Feature","geometry":{"type":"Point","coordinates":[77.74118,13.11261]},"properties":{"cell_id":70307,"case_count":5,"gi_zscore":0.9773,"gi_pvalue":0.013,"significance":"hot_95","district":"DAVANAGERE"}},{"type":"Feature","geometry":{"type":"Point","coordinates":[77.74118,13.12162]},"properties":{"cell_id":70698,"case_count":6,"gi_zscore":0.9148,"gi_pvalue":0.02,"significance":"hot_95","district":"DAVANAGERE"}},{"type":"Feature","geometry":{"type":"Point","coordinates":[77.75294,13.12162]},"properties":{"cell_id":70699,"case_count":2,"gi_zscore":0.9461,"gi_pvalue":0.009,"significance":"hot_99","district":"DAVANAGERE"}},{"type":"Feature","geometry":{"type":"Point","coordinates":[77.75294,13.13063]},"properties":{"cell_id":71090,"case_count":17,"gi_zscore":0.7583,"gi_pvalue":0.143,"significance":"not_sig","district":"DAVANAGERE"}},{"type":"Feature","geometry":{"type":"Point","coordinates":[77.75294,13.13964]},"properties":{"cell_id":71481,"case_count":2,"gi_zscore":0.7896,"gi_pvalue":0.021,"significance":"hot_95","district":"DAVANAGERE"}},{"type":"Feature","geometry":{"type":"Point","coordinates":[77.76471,13.13964]},"properties":{"cell_id":71482,"case_count":5,"gi_zscore":0.727,"gi_pvalue":0.043,"significance":"hot_95","district":"DAVANAGERE"}},{"type":"Feature","geometry":{"type":"Point","coordinates":[77.76471,13.14865]},"properties":{"cell_id":71873,"case_count":5,"gi_zscore":1.0086,"gi_pvalue":0.012,"significance":"hot_95","district":"DAVANAGERE"}},{"type":"Feature","geometry":{"type":"Point","coordinates":[77.77647,13.14865]},"properties":{"cell_id":71874,"case_count":4,"gi_zscore":0.9773,"gi_pvalue":0.012,"significance":"hot_95","district":"DAVANAGERE"}},{"type":"Feature","geometry":{"type":"Point","coordinates":[77.77647,13.15766]},"properties":{"cell_id":72265,"case_count":6,"gi_zscore":0.9773,"gi_pvalue":0.018,"significance":"hot_95","district":"DAVANAGERE"}},{"type":"Feature","geometry":{"type":"Point","coordinates":[77.78824,13.15766]},"properties":{"cell_id":72266,"case_count":3,"gi_zscore":0.9773,"gi_pvalue":0.01,"significance":"hot_99","district":"DAVANAGERE"}},{"type":"Feature","geometry":{"type":"Point","coordinates":[77.78824,13.16667]},"properties":{"cell_id":72657,"case_count":15,"gi_zscore":0.9773,"gi_pvalue":0.042,"significance":"hot_95","district":"DAVANAGERE"}},{"type":"Feature","geometry":{"type":"Point","coordinates":[77.8,13.17568]},"properties":{"cell_id":73049,"case_count":1,"gi_zscore":0.9773,"gi_pvalue":0.004,"significance":"hot_99","district":"DAVANAGERE"}},{"type":"Feature","geometry":{"type":"Point","coordinates":[75.97647,13.86036]},"properties":{"cell_id":102610,"case_count":1,"gi_zscore":-0.4935,"gi_pvalue":0.041,"significance":"cold_95","district":"DAVANAGERE"}},{"type":"Feature","geometry":{"type":"Point","coordinates":[75.92941,13.95045]},"properties":{"cell_id":106516,"case_count":1,"gi_zscore":-0.4935,"gi_pvalue":0.041,"significance":"cold_95","district":"DAVANAGERE"}},{"type":"Feature","geometry":{"type":"Point","coordinates":[75.78824,13.95946]},"properties":{"cell_id":106895,"case_count":1,"gi_zscore":-0.4622,"gi_pvalue":0.07,"significance":"cold_90","district":"DAVANAGERE"}},{"type":"Feature","geometry":{"type":"Point","coordinates":[75.95294,13.97748]},"properties":{"cell_id":107691,"case_count":1,"gi_zscore":-0.4935,"gi_pvalue":0.041,"significance":"cold_95","district":"DAVANAGERE"}},{"type":"Feature","geometry":{"type":"Point","coordinates":[75.88235,13.9955]},"properties":{"cell_id":108467,"case_count":1,"gi_zscore":-0.4622,"gi_pvalue":0.07,"significance":"cold_90","district":"DAVANAGERE"}},{"type":"Feature","geometry":{"type":"Point","coordinates":[75.89412,13.9955]},"properties":{"cell_id":108468,"case_count":1,"gi_zscore":-0.4622,"gi_pvalue":0.07,"significance":"cold_90","district":"DAVANAGERE"}},{"type":"Feature","geometry":{"type":"Point","coordinates":[75.89412,14.02252]},"properties":{"cell_id":109641,"case_count":1,"gi_zscore":-0.4622,"gi_pvalue":0.07,"significance":"cold_90","district":"DAVANAGERE"}},{"type":"Feature","geometry":{"type":"Point","coordinates":[75.91765,14.02252]},"properties":{"cell_id":109643,"case_count":1,"gi_zscore":-0.4622,"gi_pvalue":0.07,"significance":"cold_90","district":"DAVANAGERE"}},{"type":"Feature","geometry":{"type":"Point","coordinates":[75.92941,14.02252]},"properties":{"cell_id":109644,"case_count":3,"gi_zscore":-0.4622,"gi_pvalue":0.043,"significance":"cold_95","district":"DAVANAGERE"}},{"type":"Feature","geometry":{"type":"Point","coordinates":[76.0,14.02252]},"properties":{"cell_id":109650,"case_count":1,"gi_zscore":-0.4622,"gi_pvalue":0.067,"significance":"cold_90","district":"DAVANAGERE"}},{"type":"Feature","geometry":{"type":"Point","coordinates":[75.87059,14.08559]},"properties":{"cell_id":112376,"case_count":1,"gi_zscore":-0.4622,"gi_pvalue":0.067,"significance":"cold_90","district":"DAVANAGERE"}},{"type":"Feature","geometry":{"type":"Point","coordinates":[75.88235,14.08559]},"properties":{"cell_id":112377,"case_count":2,"gi_zscore":-0.4622,"gi_pvalue":0.044,"significance":"cold_95","district":"DAVANAGERE"}},{"type":"Feature","geometry":{"type":"Point","coordinates":[75.0,14.09459]},"properties":{"cell_id":112693,"case_count":1,"gi_zscore":-0.5248,"gi_pvalue":0.014,"significance":"cold_95","district":"DAVANAGERE"}},{"type":"Feature","geometry":{"type":"Point","coordinates":[75.65882,14.1036]},"properties":{"cell_id":113140,"case_count":1,"gi_zscore":-0.5561,"gi_pvalue":0.014,"significance":"cold_95","district":"DAVANAGERE"}},{"type":"Feature","geometry":{"type":"Point","coordinates":[75.72941,14.11261]},"properties":{"cell_id":113537,"case_count":1,"gi_zscore":-0.5248,"gi_pvalue":0.039,"significance":"cold_95","district":"DAVANAGERE"}},{"type":"Feature","geometry":{"type":"Point","coordinates":[75.2,14.13063]},"properties":{"cell_id":114274,"case_count":1,"gi_zscore":-0.5248,"gi_pvalue":0.014,"significance":"cold_95","district":"DAVANAGERE"}},{"type":"Feature","geometry":{"type":"Point","coordinates":[75.56471,14.14865]},"properties":{"cell_id":115087,"case_count":1,"gi_zscore":-0.5248,"gi_pvalue":0.014,"significance":"cold_95","district":"DAVANAGERE"}},{"type":"Feature","geometry":{"type":"Point","coordinates":[75.70588,14.14865]},"properties":{"cell_id":115099,"case_count":1,"gi_zscore":-0.5561,"gi_pvalue":0.014,"significance":"cold_95","district":"DAVANAGERE"}},{"type":"Feature","geometry":{"type":"Point","coordinates":[75.57647,14.16667]},"properties":{"cell_id":115870,"case_count":1,"gi_zscore":-0.5248,"gi_pvalue":0.014,"significance":"cold_95","district":"DAVANAGERE"}},{"type":"Feature","geometry":{"type":"Point","coordinates":[76.04706,14.16667]},"properties":{"cell_id":115910,"case_count":1,"gi_zscore":-0.4622,"gi_pvalue":0.063,"significance":"cold_90","district":"DAVANAGERE"}},{"type":"Feature","geometry":{"type":"Point","coordinates":[76.0,14.19369]},"properties":{"cell_id":117079,"case_count":1,"gi_zscore":-0.4622,"gi_pvalue":0.063,"significance":"cold_90","district":"DAVANAGERE"}},{"type":"Feature","geometry":{"type":"Point","coordinates":[75.88235,14.22072]},"properties":{"cell_id":118242,"case_count":1,"gi_zscore":-0.5248,"gi_pvalue":0.039,"significance":"cold_95","district":"DAVANAGERE"}},{"type":"Feature","geometry":{"type":"Point","coordinates":[75.64706,14.23874]},"properties":{"cell_id":119004,"case_count":1,"gi_zscore":-0.5248,"gi_pvalue":0.014,"significance":"cold_95","district":"DAVANAGERE"}},{"type":"Feature","geometry":{"type":"Point","coordinates":[75.65882,14.23874]},"properties":{"cell_id":119005,"case_count":1,"gi_zscore":-0.5248,"gi_pvalue":0.014,"significance":"cold_95","district":"DAVANAGERE"}},{"type":"Feature","geometry":{"type":"Point","coordinates":[75.69412,14.23874]},"properties":{"cell_id":119008,"case_count":1,"gi_zscore":-0.5248,"gi_pvalue":0.014,"significance":"cold_95","district":"DAVANAGERE"}},{"type":"Feature","geometry":{"type":"Point","coordinates":[75.75294,14.27477]},"properties":{"cell_id":120577,"case_count":1,"gi_zscore":-0.5248,"gi_pvalue":0.014,"significance":"cold_95","district":"DAVANAGERE"}},{"type":"Feature","geometry":{"type":"Point","coordinates":[75.87059,14.27477]},"properties":{"cell_id":120587,"case_count":1,"gi_zscore":-0.5561,"gi_pvalue":0.014,"significance":"cold_95","district":"DAVANAGERE"}},{"type":"Feature","geometry":{"type":"Point","coordinates":[75.55294,14.28378]},"properties":{"cell_id":120951,"case_count":2,"gi_zscore":-0.5248,"gi_pvalue":0.001,"significance":"cold_99","district":"DAVANAGERE"}},{"type":"Feature","geometry":{"type":"Point","coordinates":[75.83529,14.28378]},"properties":{"cell_id":120975,"case_count":1,"gi_zscore":-0.5561,"gi_pvalue":0.013,"significance":"cold_95","district":"DAVANAGERE"}},{"type":"Feature","geometry":{"type":"Point","coordinates":[76.92941,14.29279]},"properties":{"cell_id":121459,"case_count":1,"gi_zscore":-0.5561,"gi_pvalue":0.013,"significance":"cold_95","district":"DAVANAGERE"}},{"type":"Feature","geometry":{"type":"Point","coordinates":[75.63529,14.3018]},"properties":{"cell_id":121740,"case_count":1,"gi_zscore":-0.4935,"gi_pvalue":0.036,"significance":"cold_95","district":"DAVANAGERE"}},{"type":"Feature","geometry":{"type":"Point","coordinates":[75.61176,14.31982]},"properties":{"cell_id":122520,"case_count":1,"gi_zscore":-0.4935,"gi_pvalue":0.036,"significance":"cold_95","district":"DAVANAGERE"}},{"type":"Feature","geometry":{"type":"Point","coordinates":[75.8,14.32883]},"properties":{"cell_id":122927,"case_count":1,"gi_zscore":-0.5248,"gi_pvalue":0.013,"significance":"cold_95","district":"DAVANAGERE"}},{"type":"Feature","geometry":{"type":"Point","coordinates":[75.84706,14.33784]},"properties":{"cell_id":123322,"case_count":1,"gi_zscore":-0.5561,"gi_pvalue":0.013,"significance":"cold_95","district":"DAVANAGERE"}},{"type":"Feature","geometry":{"type":"Point","coordinates":[75.74118,14.35586]},"properties":{"cell_id":124095,"case_count":2,"gi_zscore":-0.5248,"gi_pvalue":0.001,"significance":"cold_99","district":"DAVANAGERE"}},{"type":"Feature","geometry":{"type":"Point","coordinates":[75.89412,14.36486]},"properties":{"cell_id":124499,"case_count":1,"gi_zscore":-0.5248,"gi_pvalue":0.013,"significance":"cold_95","district":"DAVANAGERE"}},{"type":"Feature","geometry":{"type":"Point","coordinates":[75.91765,14.36486]},"properties":{"cell_id":124501,"case_count":1,"gi_zscore":-0.5248,"gi_pvalue":0.013,"significance":"cold_95","district":"DAVANAGERE"}},{"type":"Feature","geometry":{"type":"Point","coordinates":[76.04706,14.36486]},"properties":{"cell_id":124512,"case_count":1,"gi_zscore":-0.5561,"gi_pvalue":0.013,"significance":"cold_95","district":"DAVANAGERE"}},{"type":"Feature","geometry":{"type":"Point","coordinates":[75.77647,14.37387]},"properties":{"cell_id":124880,"case_count":1,"gi_zscore":-0.4935,"gi_pvalue":0.036,"significance":"cold_95","district":"DAVANAGERE"}},{"type":"Feature","geometry":{"type":"Point","coordinates":[75.63529,14.39189]},"properties":{"cell_id":125650,"case_count":1,"gi_zscore":-0.4935,"gi_pvalue":0.036,"significance":"cold_95","district":"DAVANAGERE"}},{"type":"Feature","geometry":{"type":"Point","coordinates":[75.91765,14.4009]},"properties":{"cell_id":126065,"case_count":1,"gi_zscore":-0.4935,"gi_pvalue":0.036,"significance":"cold_95","district":"DAVANAGERE"}},{"type":"Feature","geometry":{"type":"Point","coordinates":[75.77647,14.40991]},"properties":{"cell_id":126444,"case_count":1,"gi_zscore":-0.4935,"gi_pvalue":0.036,"significance":"cold_95","district":"DAVANAGERE"}},{"type":"Feature","geometry":{"type":"Point","coordinates":[75.85882,14.40991]},"properties":{"cell_id":126451,"case_count":1,"gi_zscore":-0.4622,"gi_pvalue":0.051,"significance":"cold_90","district":"DAVANAGERE"}},{"type":"Feature","geometry":{"type":"Point","coordinates":[75.91765,14.41892]},"properties":{"cell_id":126847,"case_count":1,"gi_zscore":-0.4935,"gi_pvalue":0.036,"significance":"cold_95","district":"DAVANAGERE"}},{"type":"Feature","geometry":{"type":"Point","coordinates":[75.94118,14.41892]},"properties":{"cell_id":126849,"case_count":1,"gi_zscore":-0.4935,"gi_pvalue":0.036,"significance":"cold_95","district":"DAVANAGERE"}},{"type":"Feature","geometry":{"type":"Point","coordinates":[75.92941,14.42793]},"properties":{"cell_id":127239,"case_count":1,"gi_zscore":-0.4622,"gi_pvalue":0.051,"significance":"cold_90","district":"DAVANAGERE"}},{"type":"Feature","geometry":{"type":"Point","coordinates":[76.07059,14.42793]},"properties":{"cell_id":127251,"case_count":1,"gi_zscore":-0.5561,"gi_pvalue":0.013,"significance":"cold_95","district":"DAVANAGERE"}},{"type":"Feature","geometry":{"type":"Point","coordinates":[75.90588,14.43694]},"properties":{"cell_id":127628,"case_count":2,"gi_zscore":-0.3996,"gi_pvalue":0.105,"significance":"not_sig","district":"DAVANAGERE"}},{"type":"Feature","geometry":{"type":"Point","coordinates":[75.91765,14.43694]},"properties":{"cell_id":127629,"case_count":1,"gi_zscore":-0.3996,"gi_pvalue":0.126,"significance":"not_sig","district":"DAVANAGERE"}},{"type":"Feature","geometry":{"type":"Point","coordinates":[76.04706,14.43694]},"properties":{"cell_id":127640,"case_count":1,"gi_zscore":-0.4935,"gi_pvalue":0.036,"significance":"cold_95","district":"DAVANAGERE"}},{"type":"Feature","geometry":{"type":"Point","coordinates":[75.64706,14.44595]},"properties":{"cell_id":127997,"case_count":1,"gi_zscore":-0.4935,"gi_pvalue":0.036,"significance":"cold_95","district":"DAVANAGERE"}},{"type":"Feature","geometry":{"type":"Point","coordinates":[75.89412,14.44595]},"properties":{"cell_id":128018,"case_count":1,"gi_zscore":-0.3057,"gi_pvalue":0.223,"significance":"not_sig","district":"DAVANAGERE"}},{"type":"Feature","geometry":{"type":"Point","coordinates":[75.91765,14.44595]},"properties":{"cell_id":128020,"case_count":2,"gi_zscore":-0.0867,"gi_pvalue":0.488,"significance":"not_sig","district":"DAVANAGERE"}},{"type":"Feature","geometry":{"type":"Point","coordinates":[75.92941,14.44595]},"properties":{"cell_id":128021,"case_count":1,"gi_zscore":-0.1492,"gi_pvalue":0.457,"significance":"not_sig","district":"DAVANAGERE"}},{"type":"Feature","geometry":{"type":"Point","coordinates":[75.85882,14.45495]},"properties":{"cell_id":128406,"case_count":1,"gi_zscore":-0.337,"gi_pvalue":0.181,"significance":"not_sig","district":"DAVANAGERE"}},{"type":"Feature","geometry":{"type":"Point","coordinates":[75.90588,14.45495]},"properties":{"cell_id":128410,"case_count":3,"gi_zscore":-0.0867,"gi_pvalue":0.46,"significance":"not_sig","district":"DAVANAGERE"}},{"type":"Feature","geometry":{"type":"Point","coordinates":[75.91765,14.45495]},"properties":{"cell_id":128411,"case_count":2,"gi_zscore":-0.118,"gi_pvalue":0.457,"significance":"not_sig","district":"DAVANAGERE"}},{"type":"Feature","geometry":{"type":"Point","coordinates":[75.94118,14.45495]},"properties":{"cell_id":128413,"case_count":1,"gi_zscore":-0.2118,"gi_pvalue":0.373,"significance":"not_sig","district":"DAVANAGERE"}},{"type":"Feature","geometry":{"type":"Point","coordinates":[75.90588,14.46396]},"properties":{"cell_id":128801,"case_count":2,"gi_zscore":-0.118,"gi_pvalue":0.456,"significance":"not_sig","district":"DAVANAGERE"}},{"type":"Feature","geometry":{"type":"Point","coordinates":[75.91765,14.46396]},"properties":{"cell_id":128802,"case_count":8,"gi_zscore":-0.0554,"gi_pvalue":0.287,"significance":"not_sig","district":"DAVANAGERE"}},{"type":"Feature","geometry":{"type":"Point","coordinates":[75.92941,14.46396]},"properties":{"cell_id":128803,"case_count":3,"gi_zscore":-0.2118,"gi_pvalue":0.279,"significance":"not_sig","district":"DAVANAGERE"}},{"type":"Feature","geometry":{"type":"Point","coordinates":[76.01176,14.46396]},"properties":{"cell_id":128810,"case_count":1,"gi_zscore":-0.4935,"gi_pvalue":0.037,"significance":"cold_95","district":"DAVANAGERE"}},{"type":"Feature","geometry":{"type":"Point","coordinates":[75.89412,14.47297]},"properties":{"cell_id":129191,"case_count":1,"gi_zscore":-0.1492,"gi_pvalue":0.43,"significance":"not_sig","district":"DAVANAGERE"}},{"type":"Feature","geometry":{"type":"Point","coordinates":[75.90588,14.47297]},"properties":{"cell_id":129192,"case_count":3,"gi_zscore":-0.118,"gi_pvalue":0.413,"significance":"not_sig","district":"DAVANAGERE"}},{"type":"Feature","geometry":{"type":"Point","coordinates":[75.91765,14.47297]},"properties":{"cell_id":129193,"case_count":1,"gi_zscore":-0.118,"gi_pvalue":0.494,"significance":"not_sig","district":"DAVANAGERE"}},{"type":"Feature","geometry":{"type":"Point","coordinates":[75.92941,14.47297]},"properties":{"cell_id":129194,"case_count":1,"gi_zscore":-0.1492,"gi_pvalue":0.463,"significance":"not_sig","district":"DAVANAGERE"}},{"type":"Feature","geometry":{"type":"Point","coordinates":[75.8,14.48198]},"properties":{"cell_id":129574,"case_count":2,"gi_zscore":-0.5248,"gi_pvalue":0.001,"significance":"cold_99","district":"DAVANAGERE"}},{"type":"Feature","geometry":{"type":"Point","coordinates":[75.90588,14.48198]},"properties":{"cell_id":129583,"case_count":2,"gi_zscore":-0.2118,"gi_pvalue":0.321,"significance":"not_sig","district":"DAVANAGERE"}},{"type":"Feature","geometry":{"type":"Point","coordinates":[75.91765,14.48198]},"properties":{"cell_id":129584,"case_count":1,"gi_zscore":-0.1492,"gi_pvalue":0.463,"significance":"not_sig","district":"DAVANAGERE"}},{"type":"Feature","geometry":{"type":"Point","coordinates":[75.8,14.49099]},"properties":{"cell_id":129965,"case_count":1,"gi_zscore":-0.5248,"gi_pvalue":0.013,"significance":"cold_95","district":"DAVANAGERE"}},{"type":"Feature","geometry":{"type":"Point","coordinates":[75.81176,14.5]},"properties":{"cell_id":130357,"case_count":1,"gi_zscore":-0.4935,"gi_pvalue":0.038,"significance":"cold_95","district":"DAVANAGERE"}},{"type":"Feature","geometry":{"type":"Point","coordinates":[75.90588,14.5]},"properties":{"cell_id":130365,"case_count":1,"gi_zscore":-0.4309,"gi_pvalue":0.1,"significance":"cold_90","district":"DAVANAGERE"}},{"type":"Feature","geometry":{"type":"Point","coordinates":[75.92941,14.5]},"properties":{"cell_id":130367,"case_count":1,"gi_zscore":-0.1805,"gi_pvalue":0.405,"significance":"not_sig","district":"DAVANAGERE"}},{"type":"Feature","geometry":{"type":"Point","coordinates":[76.15294,14.5]},"properties":{"cell_id":130386,"case_count":1,"gi_zscore":-0.5561,"gi_pvalue":0.013,"significance":"cold_95","district":"DAVANAGERE"}},{"type":"Feature","geometry":{"type":"Point","coordinates":[75.8,14.50901]},"properties":{"cell_id":130747,"case_count":1,"gi_zscore":-0.5248,"gi_pvalue":0.038,"significance":"cold_95","district":"DAVANAGERE"}},{"type":"Feature","geometry":{"type":"Point","coordinates":[76.34118,14.51802]},"properties":{"cell_id":131184,"case_count":1,"gi_zscore":-0.5561,"gi_pvalue":0.013,"significance":"cold_95","district":"DAVANAGERE"}},{"type":"Feature","geometry":{"type":"Point","coordinates":[75.83529,14.55405]},"properties":{"cell_id":132705,"case_count":1,"gi_zscore":-0.4935,"gi_pvalue":0.038,"significance":"cold_95","district":"DAVANAGERE"}},{"type":"Feature","geometry":{"type":"Point","coordinates":[76.12941,14.67117]},"properties":{"cell_id":137813,"case_count":1,"gi_zscore":-0.5561,"gi_pvalue":0.013,"significance":"cold_95","district":"DAVANAGERE"}},{"type":"Feature","geometry":{"type":"Point","coordinates":[75.70588,15.31081]},"properties":{"cell_id":165538,"case_count":1,"gi_zscore":-0.5248,"gi_pvalue":0.038,"significance":"cold_95","district":"DAVANAGERE"}},{"type":"Feature","geometry":{"type":"Point","coordinates":[75.70588,15.31982]},"properties":{"cell_id":165929,"case_count":1,"gi_zscore":-0.5248,"gi_pvalue":0.038,"significance":"cold_95","district":"DAVANAGERE"}},{"type":"Feature","geometry":{"type":"Point","coordinates":[77.6,12.96847]},"properties":{"cell_id":64039,"case_count":1,"gi_zscore":0.9244,"gi_pvalue":0.002,"significance":"hot_99","district":"DHARWAD"}},{"type":"Feature","geometry":{"type":"Point","coordinates":[77.6,12.97748]},"properties":{"cell_id":64430,"case_count":3,"gi_zscore":0.9244,"gi_pvalue":0.009,"significance":"hot_99","district":"DHARWAD"}},{"type":"Feature","geometry":{"type":"Point","coordinates":[77.61176,12.98649]},"properties":{"cell_id":64822,"case_count":6,"gi_zscore":0.9244,"gi_pvalue":0.03,"significance":"hot_95","district":"DHARWAD"}},{"type":"Feature","geometry":{"type":"Point","coordinates":[77.62353,12.9955]},"properties":{"cell_id":65214,"case_count":2,"gi_zscore":0.9244,"gi_pvalue":0.007,"significance":"hot_99","district":"DHARWAD"}},{"type":"Feature","geometry":{"type":"Point","coordinates":[77.62353,13.0045]},"properties":{"cell_id":65605,"case_count":1,"gi_zscore":0.9244,"gi_pvalue":0.003,"significance":"hot_99","district":"DHARWAD"}},{"type":"Feature","geometry":{"type":"Point","coordinates":[77.63529,13.01351]},"properties":{"cell_id":65997,"case_count":5,"gi_zscore":0.9244,"gi_pvalue":0.023,"significance":"hot_95","district":"DHARWAD"}},{"type":"Feature","geometry":{"type":"Point","coordinates":[77.64706,13.02252]},"properties":{"cell_id":66389,"case_count":4,"gi_zscore":0.5306,"gi_pvalue":0.18,"significance":"not_sig","district":"DHARWAD"}},{"type":"Feature","geometry":{"type":"Point","coordinates":[77.64706,13.03153]},"properties":{"cell_id":66780,"case_count":1,"gi_zscore":0.5306,"gi_pvalue":0.036,"significance":"hot_95","district":"DHARWAD"}},{"type":"Feature","geometry":{"type":"Point","coordinates":[77.65882,13.04054]},"properties":{"cell_id":67172,"case_count":1,"gi_zscore":0.5306,"gi_pvalue":0.023,"significance":"hot_95","district":"DHARWAD"}},{"type":"Feature","geometry":{"type":"Point","coordinates":[77.67059,13.04054]},"properties":{"cell_id":67173,"case_count":2,"gi_zscore":0.3337,"gi_pvalue":0.129,"significance":"not_sig","district":"DHARWAD"}},{"type":"Feature","geometry":{"type":"Point","coordinates":[77.67059,13.04955]},"properties":{"cell_id":67564,"case_count":2,"gi_zscore":0.3337,"gi_pvalue":0.129,"significance":"not_sig","district":"DHARWAD"}},{"type":"Feature","geometry":{"type":"Point","coordinates":[77.68235,13.04955]},"properties":{"cell_id":67565,"case_count":2,"gi_zscore":0.0384,"gi_pvalue":0.394,"significance":"not_sig","district":"DHARWAD"}},{"type":"Feature","geometry":{"type":"Point","coordinates":[77.68235,13.05856]},"properties":{"cell_id":67956,"case_count":2,"gi_zscore":0.1368,"gi_pvalue":0.388,"significance":"not_sig","district":"DHARWAD"}},{"type":"Feature","geometry":{"type":"Point","coordinates":[77.68235,13.06757]},"properties":{"cell_id":68347,"case_count":1,"gi_zscore":0.1368,"gi_pvalue":0.308,"significance":"not_sig","district":"DHARWAD"}},{"type":"Feature","geometry":{"type":"Point","coordinates":[77.69412,13.06757]},"properties":{"cell_id":68348,"case_count":3,"gi_zscore":0.2353,"gi_pvalue":0.364,"significance":"not_sig","district":"DHARWAD"}},{"type":"Feature","geometry":{"type":"Point","coordinates":[77.70588,13.07658]},"properties":{"cell_id":68740,"case_count":1,"gi_zscore":0.2353,"gi_pvalue":0.134,"significance":"not_sig","district":"DHARWAD"}},{"type":"Feature","geometry":{"type":"Point","coordinates":[77.70588,13.08559]},"properties":{"cell_id":69131,"case_count":2,"gi_zscore":0.2353,"gi_pvalue":0.199,"significance":"not_sig","district":"DHARWAD"}},{"type":"Feature","geometry":{"type":"Point","coordinates":[77.71765,13.08559]},"properties":{"cell_id":69132,"case_count":2,"gi_zscore":0.3337,"gi_pvalue":0.199,"significance":"not_sig","district":"DHARWAD"}},{"type":"Feature","geometry":{"type":"Point","coordinates":[77.72941,13.1036]},"properties":{"cell_id":69915,"case_count":2,"gi_zscore":0.5306,"gi_pvalue":0.081,"significance":"hot_90","district":"DHARWAD"}},{"type":"Feature","geometry":{"type":"Point","coordinates":[77.72941,13.11261]},"properties":{"cell_id":70306,"case_count":2,"gi_zscore":0.5306,"gi_pvalue":0.081,"significance":"hot_90","district":"DHARWAD"}},{"type":"Feature","geometry":{"type":"Point","coordinates":[77.74118,13.11261]},"properties":{"cell_id":70307,"case_count":3,"gi_zscore":1.0229,"gi_pvalue":0.007,"significance":"hot_99","district":"DHARWAD"}},{"type":"Feature","geometry":{"type":"Point","coordinates":[77.74118,13.12162]},"properties":{"cell_id":70698,"case_count":2,"gi_zscore":1.0229,"gi_pvalue":0.003,"significance":"hot_99","district":"DHARWAD"}},{"type":"Feature","geometry":{"type":"Point","coordinates":[77.75294,13.12162]},"properties":{"cell_id":70699,"case_count":3,"gi_zscore":0.9244,"gi_pvalue":0.017,"significance":"hot_95","district":"DHARWAD"}},{"type":"Feature","geometry":{"type":"Point","coordinates":[77.75294,13.13063]},"properties":{"cell_id":71090,"case_count":3,"gi_zscore":0.9244,"gi_pvalue":0.017,"significance":"hot_95","district":"DHARWAD"}},{"type":"Feature","geometry":{"type":"Point","coordinates":[77.76471,13.13964]},"properties":{"cell_id":71482,"case_count":6,"gi_zscore":1.2198,"gi_pvalue":0.004,"significance":"hot_99","district":"DHARWAD"}},{"type":"Feature","geometry":{"type":"Point","coordinates":[77.76471,13.14865]},"properties":{"cell_id":71873,"case_count":2,"gi_zscore":1.2198,"gi_pvalue":0.001,"significance":"hot_99","district":"DHARWAD"}},{"type":"Feature","geometry":{"type":"Point","coordinates":[77.77647,13.14865]},"properties":{"cell_id":71874,"case_count":1,"gi_zscore":1.2198,"gi_pvalue":0.001,"significance":"hot_99","district":"DHARWAD"}},{"type":"Feature","geometry":{"type":"Point","coordinates":[77.77647,13.15766]},"properties":{"cell_id":72265,"case_count":4,"gi_zscore":1.2198,"gi_pvalue":0.002,"significance":"hot_99","district":"DHARWAD"}},{"type":"Feature","geometry":{"type":"Point","coordinates":[77.78824,13.16667]},"properties":{"cell_id":72657,"case_count":3,"gi_zscore":1.2198,"gi_pvalue":0.001,"significance":"hot_99","district":"DHARWAD"}},{"type":"Feature","geometry":{"type":"Point","coordinates":[74.07059,15.07658]},"properties":{"cell_id":155233,"case_count":1,"gi_zscore":-0.1585,"gi_pvalue":0.378,"significance":"not_sig","district":"DHARWAD"}},{"type":"Feature","geometry":{"type":"Point","coordinates":[75.41176,15.1036]},"properties":{"cell_id":156520,"case_count":1,"gi_zscore":-0.5523,"gi_pvalue":0.039,"significance":"cold_95","district":"DHARWAD"}},{"type":"Feature","geometry":{"type":"Point","coordinates":[75.07059,15.11261]},"properties":{"cell_id":156882,"case_count":1,"gi_zscore":-0.5523,"gi_pvalue":0.039,"significance":"cold_95","district":"DHARWAD"}},{"type":"Feature","geometry":{"type":"Point","coordinates":[75.18824,15.17568]},"properties":{"cell_id":159629,"case_count":1,"gi_zscore":-0.5523,"gi_pvalue":0.039,"significance":"cold_95","district":"DHARWAD"}},{"type":"Feature","geometry":{"type":"Point","coordinates":[74.97647,15.18468]},"properties":{"cell_id":160002,"case_count":1,"gi_zscore":-0.5523,"gi_pvalue":0.039,"significance":"cold_95","district":"DHARWAD"}},{"type":"Feature","geometry":{"type":"Point","coordinates":[74.96471,15.19369]},"properties":{"cell_id":160392,"case_count":1,"gi_zscore":-0.5523,"gi_pvalue":0.039,"significance":"cold_95","district":"DHARWAD"}},{"type":"Feature","geometry":{"type":"Point","coordinates":[74.98824,15.19369]},"properties":{"cell_id":160394,"case_count":1,"gi_zscore":-0.5523,"gi_pvalue":0.039,"significance":"cold_95","district":"DHARWAD"}},{"type":"Feature","geometry":{"type":"Point","coordinates":[75.03529,15.19369]},"properties":{"cell_id":160398,"case_count":1,"gi_zscore":-0.5523,"gi_pvalue":0.039,"significance":"cold_95","district":"DHARWAD"}},{"type":"Feature","geometry":{"type":"Point","coordinates":[75.07059,15.19369]},"properties":{"cell_id":160401,"case_count":1,"gi_zscore":-0.5523,"gi_pvalue":0.039,"significance":"cold_95","district":"DHARWAD"}},{"type":"Feature","geometry":{"type":"Point","coordinates":[75.30588,15.2027]},"properties":{"cell_id":160812,"case_count":1,"gi_zscore":-0.5523,"gi_pvalue":0.039,"significance":"cold_95","district":"DHARWAD"}},{"type":"Feature","geometry":{"type":"Point","coordinates":[74.95294,15.21171]},"properties":{"cell_id":161173,"case_count":1,"gi_zscore":-0.3554,"gi_pvalue":0.128,"significance":"not_sig","district":"DHARWAD"}},{"type":"Feature","geometry":{"type":"Point","coordinates":[75.10588,15.21171]},"properties":{"cell_id":161186,"case_count":1,"gi_zscore":-0.5523,"gi_pvalue":0.039,"significance":"cold_95","district":"DHARWAD"}},{"type":"Feature","geometry":{"type":"Point","coordinates":[75.30588,15.21171]},"properties":{"cell_id":161203,"case_count":1,"gi_zscore":-0.5523,"gi_pvalue":0.039,"significance":"cold_95","district":"DHARWAD"}},{"type":"Feature","geometry":{"type":"Point","coordinates":[75.03529,15.22973]},"properties":{"cell_id":161962,"case_count":1,"gi_zscore":-0.5523,"gi_pvalue":0.039,"significance":"cold_95","district":"DHARWAD"}},{"type":"Feature","geometry":{"type":"Point","coordinates":[75.18824,15.22973]},"properties":{"cell_id":161975,"case_count":1,"gi_zscore":-0.5523,"gi_pvalue":0.039,"significance":"cold_95","district":"DHARWAD"}},{"type":"Feature","geometry":{"type":"Point","coordinates":[75.05882,15.24775]},"properties":{"cell_id":162746,"case_count":1,"gi_zscore":-0.5523,"gi_pvalue":0.039,"significance":"cold_95","district":"DHARWAD"}},{"type":"Feature","geometry":{"type":"Point","coordinates":[75.12941,15.25676]},"properties":{"cell_id":163143,"case_count":1,"gi_zscore":-0.5523,"gi_pvalue":0.039,"significance":"cold_95","district":"DHARWAD"}},{"type":"Feature","geometry":{"type":"Point","coordinates":[75.24706,15.25676]},"properties":{"cell_id":163153,"case_count":1,"gi_zscore":-0.5523,"gi_pvalue":0.039,"significance":"cold_95","district":"DHARWAD"}},{"type":"Feature","geometry":{"type":"Point","coordinates":[75.29412,15.28378]},"properties":{"cell_id":164330,"case_count":1,"gi_zscore":-0.5523,"gi_pvalue":0.039,"significance":"cold_95","district":"DHARWAD"}},{"type":"Feature","geometry":{"type":"Point","coordinates":[74.98824,15.29279]},"properties":{"cell_id":164695,"case_count":1,"gi_zscore":-0.3554,"gi_pvalue":0.128,"significance":"not_sig","district":"DHARWAD"}},{"type":"Feature","geometry":{"type":"Point","coordinates":[75.30588,15.29279]},"properties":{"cell_id":164722,"case_count":1,"gi_zscore":-0.5523,"gi_pvalue":0.039,"significance":"cold_95","district":"DHARWAD"}},{"type":"Feature","geometry":{"type":"Point","coordinates":[74.91765,15.31081]},"properties":{"cell_id":165471,"case_count":3,"gi_zscore":-0.3554,"gi_pvalue":0.046,"significance":"cold_95","district":"DHARWAD"}},{"type":"Feature","geometry":{"type":"Point","coordinates":[75.21176,15.31081]},"properties":{"cell_id":165496,"case_count":1,"gi_zscore":-0.4539,"gi_pvalue":0.036,"significance":"cold_95","district":"DHARWAD"}},{"type":"Feature","geometry":{"type":"Point","coordinates":[75.71765,15.31081]},"properties":{"cell_id":165539,"case_count":1,"gi_zscore":-0.5523,"gi_pvalue":0.036,"significance":"cold_95","district":"DHARWAD"}},{"type":"Feature","geometry":{"type":"Point","coordinates":[74.91765,15.31982]},"properties":{"cell_id":165862,"case_count":1,"gi_zscore":-0.3554,"gi_pvalue":0.237,"significance":"not_sig","district":"DHARWAD"}},{"type":"Feature","geometry":{"type":"Point","coordinates":[75.0,15.31982]},"properties":{"cell_id":165869,"case_count":1,"gi_zscore":-0.3554,"gi_pvalue":0.237,"significance":"not_sig","district":"DHARWAD"}},{"type":"Feature","geometry":{"type":"Point","coordinates":[75.01176,15.31982]},"properties":{"cell_id":165870,"case_count":1,"gi_zscore":-0.3554,"gi_pvalue":0.114,"significance":"not_sig","district":"DHARWAD"}},{"type":"Feature","geometry":{"type":"Point","coordinates":[75.01176,15.34685]},"properties":{"cell_id":167043,"case_count":1,"gi_zscore":-0.3554,"gi_pvalue":0.237,"significance":"not_sig","district":"DHARWAD"}},{"type":"Feature","geometry":{"type":"Point","coordinates":[75.2,15.39189]},"properties":{"cell_id":169014,"case_count":1,"gi_zscore":-0.4539,"gi_pvalue":0.036,"significance":"cold_95","district":"DHARWAD"}},{"type":"Feature","geometry":{"type":"Point","coordinates":[75.21176,15.39189]},"properties":{"cell_id":169015,"case_count":1,"gi_zscore":-0.4539,"gi_pvalue":0.036,"significance":"cold_95","district":"DHARWAD"}},{"type":"Feature","geometry":{"type":"Point","coordinates":[74.97647,15.4009]},"properties":{"cell_id":169386,"case_count":1,"gi_zscore":-0.3554,"gi_pvalue":0.237,"significance":"not_sig","district":"DHARWAD"}},{"type":"Feature","geometry":{"type":"Point","coordinates":[74.97647,15.40991]},"properties":{"cell_id":169777,"case_count":1,"gi_zscore":-0.3554,"gi_pvalue":0.237,"significance":"not_sig","district":"DHARWAD"}},{"type":"Feature","geometry":{"type":"Point","coordinates":[74.74118,15.41892]},"properties":{"cell_id":170148,"case_count":1,"gi_zscore":-0.1585,"gi_pvalue":0.48,"significance":"not_sig","district":"DHARWAD"}},{"type":"Feature","geometry":{"type":"Point","coordinates":[74.74118,15.42793]},"properties":{"cell_id":170539,"case_count":3,"gi_zscore":-0.1585,"gi_pvalue":0.27,"significance":"not_sig","district":"DHARWAD"}},{"type":"Feature","geometry":{"type":"Point","coordinates":[74.83529,15.44595]},"properties":{"cell_id":171329,"case_count":1,"gi_zscore":-0.3554,"gi_pvalue":0.121,"significance":"not_sig","district":"DHARWAD"}},{"type":"Feature","geometry":{"type":"Point","coordinates":[75.21176,15.44595]},"properties":{"cell_id":171361,"case_count":2,"gi_zscore":-0.4539,"gi_pvalue":0.001,"significance":"cold_99","district":"DHARWAD"}},{"type":"Feature","geometry":{"type":"Point","coordinates":[75.30588,15.45495]},"properties":{"cell_id":171760,"case_count":1,"gi_zscore":-0.4539,"gi_pvalue":0.038,"significance":"cold_95","district":"DHARWAD"}},{"type":"Feature","geometry":{"type":"Point","coordinates":[75.34118,15.47297]},"properties":{"cell_id":172545,"case_count":1,"gi_zscore":-0.4539,"gi_pvalue":0.038,"significance":"cold_95","district":"DHARWAD"}},{"type":"Feature","geometry":{"type":"Point","coordinates":[74.92941,15.50901]},"properties":{"cell_id":174074,"case_count":1,"gi_zscore":-0.5523,"gi_pvalue":0.038,"significance":"cold_95","district":"DHARWAD"}},{"type":"Feature","geometry":{"type":"Point","coordinates":[75.09412,15.50901]},"properties":{"cell_id":174088,"case_count":1,"gi_zscore":-0.4539,"gi_pvalue":0.117,"significance":"not_sig","district":"DHARWAD"}},{"type":"Feature","geometry":{"type":"Point","coordinates":[74.87059,15.51802]},"properties":{"cell_id":174460,"case_count":1,"gi_zscore":-0.3554,"gi_pvalue":0.234,"significance":"not_sig","district":"DHARWAD"}},{"type":"Feature","geometry":{"type":"Point","coordinates":[74.91765,15.52703]},"properties":{"cell_id":174855,"case_count":1,"gi_zscore":-0.5523,"gi_pvalue":0.038,"significance":"cold_95","district":"DHARWAD"}},{"type":"Feature","geometry":{"type":"Point","coordinates":[75.03529,15.56306]},"properties":{"cell_id":176429,"case_count":1,"gi_zscore":-0.5523,"gi_pvalue":0.038,"significance":"cold_95","district":"DHARWAD"}},{"type":"Feature","geometry":{"type":"Point","coordinates":[74.92941,15.58108]},"properties":{"cell_id":177202,"case_count":1,"gi_zscore":-0.5523,"gi_pvalue":0.038,"significance":"cold_95","district":"DHARWAD"}},{"type":"Feature","geometry":{"type":"Point","coordinates":[74.90588,15.60811]},"properties":{"cell_id":178373,"case_count":1,"gi_zscore":-0.5523,"gi_pvalue":0.038,"significance":"cold_95","district":"DHARWAD"}},{"type":"Feature","geometry":{"type":"Point","coordinates":[75.01176,15.60811]},"properties":{"cell_id":178382,"case_count":1,"gi_zscore":-0.5523,"gi_pvalue":0.038,"significance":"cold_95","district":"DHARWAD"}},{"type":"Feature","geometry":{"type":"Point","coordinates":[75.07059,15.62613]},"properties":{"cell_id":179169,"case_count":1,"gi_zscore":-0.5523,"gi_pvalue":0.038,"significance":"cold_95","district":"DHARWAD"}},{"type":"Feature","geometry":{"type":"Point","coordinates":[75.03529,15.64414]},"properties":{"cell_id":179948,"case_count":1,"gi_zscore":-0.5523,"gi_pvalue":0.038,"significance":"cold_95","district":"DHARWAD"}},{"type":"Feature","geometry":{"type":"Point","coordinates":[77.6,12.96847]},"properties":{"cell_id":64039,"case_count":1,"gi_zscore":0.1881,"gi_pvalue":0.283,"significance":"not_sig","district":"GADAG"}},{"type":"Feature","geometry":{"type":"Point","coordinates":[77.6,12.97748]},"properties":{"cell_id":64430,"case_count":3,"gi_zscore":0.1881,"gi_pvalue":0.396,"significance":"not_sig","district":"GADAG"}},{"type":"Feature","geometry":{"type":"Point","coordinates":[77.61176,12.98649]},"properties":{"cell_id":64822,"case_count":1,"gi_zscore":0.1881,"gi_pvalue":0.279,"significance":"not_sig","district":"GADAG"}},{"type":"Feature","geometry":{"type":"Point","coordinates":[77.61176,12.9955]},"properties":{"cell_id":65213,"case_count":1,"gi_zscore":0.1881,"gi_pvalue":0.279,"significance":"not_sig","district":"GADAG"}},{"type":"Feature","geometry":{"type":"Point","coordinates":[77.62353,12.9955]},"properties":{"cell_id":65214,"case_count":1,"gi_zscore":0.1881,"gi_pvalue":0.279,"significance":"not_sig","district":"GADAG"}},{"type":"Feature","geometry":{"type":"Point","coordinates":[77.62353,13.0045]},"properties":{"cell_id":65605,"case_count":3,"gi_zscore":0.2853,"gi_pvalue":0.275,"significance":"not_sig","district":"GADAG"}},{"type":"Feature","geometry":{"type":"Point","coordinates":[77.63529,13.0045]},"properties":{"cell_id":65606,"case_count":4,"gi_zscore":0.2853,"gi_pvalue":0.335,"significance":"not_sig","district":"GADAG"}},{"type":"Feature","geometry":{"type":"Point","coordinates":[77.63529,13.01351]},"properties":{"cell_id":65997,"case_count":2,"gi_zscore":0.4797,"gi_pvalue":0.105,"significance":"not_sig","district":"GADAG"}},{"type":"Feature","geometry":{"type":"Point","coordinates":[77.64706,13.02252]},"properties":{"cell_id":66389,"case_count":1,"gi_zscore":0.7713,"gi_pvalue":0.021,"significance":"hot_95","district":"GADAG"}},{"type":"Feature","geometry":{"type":"Point","coordinates":[77.64706,13.03153]},"properties":{"cell_id":66780,"case_count":2,"gi_zscore":0.7713,"gi_pvalue":0.033,"significance":"hot_95","district":"GADAG"}},{"type":"Feature","geometry":{"type":"Point","coordinates":[77.65882,13.03153]},"properties":{"cell_id":66781,"case_count":3,"gi_zscore":0.7713,"gi_pvalue":0.048,"significance":"hot_95","district":"GADAG"}},{"type":"Feature","geometry":{"type":"Point","coordinates":[77.65882,13.04054]},"properties":{"cell_id":67172,"case_count":3,"gi_zscore":0.4797,"gi_pvalue":0.154,"significance":"not_sig","district":"GADAG"}},{"type":"Feature","geometry":{"type":"Point","coordinates":[77.67059,13.04054]},"properties":{"cell_id":67173,"case_count":1,"gi_zscore":0.6741,"gi_pvalue":0.025,"significance":"hot_95","district":"GADAG"}},{"type":"Feature","geometry":{"type":"Point","coordinates":[77.67059,13.04955]},"properties":{"cell_id":67564,"case_count":4,"gi_zscore":0.6741,"gi_pvalue":0.105,"significance":"not_sig","district":"GADAG"}},{"type":"Feature","geometry":{"type":"Point","coordinates":[77.68235,13.05856]},"properties":{"cell_id":67956,"case_count":3,"gi_zscore":1.0629,"gi_pvalue":0.008,"significance":"hot_99","district":"GADAG"}},{"type":"Feature","geometry":{"type":"Point","coordinates":[77.68235,13.06757]},"properties":{"cell_id":68347,"case_count":1,"gi_zscore":0.8685,"gi_pvalue":0.005,"significance":"hot_99","district":"GADAG"}},{"type":"Feature","geometry":{"type":"Point","coordinates":[77.69412,13.06757]},"properties":{"cell_id":68348,"case_count":4,"gi_zscore":0.8685,"gi_pvalue":0.039,"significance":"hot_95","district":"GADAG"}},{"type":"Feature","geometry":{"type":"Point","coordinates":[77.70588,13.07658]},"properties":{"cell_id":68740,"case_count":4,"gi_zscore":0.8685,"gi_pvalue":0.039,"significance":"hot_95","district":"GADAG"}},{"type":"Feature","geometry":{"type":"Point","coordinates":[77.70588,13.08559]},"properties":{"cell_id":69131,"case_count":3,"gi_zscore":0.8685,"gi_pvalue":0.03,"significance":"hot_95","district":"GADAG"}},{"type":"Feature","geometry":{"type":"Point","coordinates":[77.71765,13.08559]},"properties":{"cell_id":69132,"case_count":1,"gi_zscore":0.7713,"gi_pvalue":0.024,"significance":"hot_95","district":"GADAG"}},{"type":"Feature","geometry":{"type":"Point","coordinates":[77.71765,13.09459]},"properties":{"cell_id":69523,"case_count":3,"gi_zscore":0.9657,"gi_pvalue":0.02,"significance":"hot_95","district":"GADAG"}},{"type":"Feature","geometry":{"type":"Point","coordinates":[77.72941,13.1036]},"properties":{"cell_id":69915,"case_count":4,"gi_zscore":0.8685,"gi_pvalue":0.038,"significance":"hot_95","district":"GADAG"}},{"type":"Feature","geometry":{"type":"Point","coordinates":[77.72941,13.11261]},"properties":{"cell_id":70306,"case_count":1,"gi_zscore":0.8685,"gi_pvalue":0.007,"significance":"hot_99","district":"GADAG"}},{"type":"Feature","geometry":{"type":"Point","coordinates":[77.74118,13.11261]},"properties":{"cell_id":70307,"case_count":2,"gi_zscore":0.8685,"gi_pvalue":0.019,"significance":"hot_95","district":"GADAG"}},{"type":"Feature","geometry":{"type":"Point","coordinates":[77.74118,13.12162]},"properties":{"cell_id":70698,"case_count":3,"gi_zscore":0.9657,"gi_pvalue":0.015,"significance":"hot_95","district":"GADAG"}},{"type":"Feature","geometry":{"type":"Point","coordinates":[77.75294,13.12162]},"properties":{"cell_id":70699,"case_count":3,"gi_zscore":0.8685,"gi_pvalue":0.02,"significance":"hot_95","district":"GADAG"}},{"type":"Feature","geometry":{"type":"Point","coordinates":[77.75294,13.13063]},"properties":{"cell_id":71090,"case_count":4,"gi_zscore":1.1601,"gi_pvalue":0.005,"significance":"hot_99","district":"GADAG"}},{"type":"Feature","geometry":{"type":"Point","coordinates":[77.76471,13.13964]},"properties":{"cell_id":71482,"case_count":3,"gi_zscore":1.4517,"gi_pvalue":0.001,"significance":"hot_99","district":"GADAG"}},{"type":"Feature","geometry":{"type":"Point","coordinates":[77.76471,13.14865]},"properties":{"cell_id":71873,"case_count":2,"gi_zscore":1.4517,"gi_pvalue":0.001,"significance":"hot_99","district":"GADAG"}},{"type":"Feature","geometry":{"type":"Point","coordinates":[77.77647,13.14865]},"properties":{"cell_id":71874,"case_count":2,"gi_zscore":1.4517,"gi_pvalue":0.001,"significance":"hot_99","district":"GADAG"}},{"type":"Feature","geometry":{"type":"Point","coordinates":[77.77647,13.15766]},"properties":{"cell_id":72265,"case_count":7,"gi_zscore":1.4517,"gi_pvalue":0.001,"significance":"hot_99","district":"GADAG"}},{"type":"Feature","geometry":{"type":"Point","coordinates":[77.78824,13.15766]},"properties":{"cell_id":72266,"case_count":2,"gi_zscore":1.4517,"gi_pvalue":0.001,"significance":"hot_99","district":"GADAG"}},{"type":"Feature","geometry":{"type":"Point","coordinates":[77.78824,13.16667]},"properties":{"cell_id":72657,"case_count":4,"gi_zscore":1.4517,"gi_pvalue":0.001,"significance":"hot_99","district":"GADAG"}},{"type":"Feature","geometry":{"type":"Point","coordinates":[75.71765,15.0045]},"properties":{"cell_id":152245,"case_count":1,"gi_zscore":-0.5895,"gi_pvalue":0.034,"significance":"cold_95","district":"GADAG"}},{"type":"Feature","geometry":{"type":"Point","coordinates":[75.27059,15.02252]},"properties":{"cell_id":152989,"case_count":1,"gi_zscore":-0.5895,"gi_pvalue":0.034,"significance":"cold_95","district":"GADAG"}},{"type":"Feature","geometry":{"type":"Point","coordinates":[75.83529,15.04955]},"properties":{"cell_id":154210,"case_count":1,"gi_zscore":-0.5895,"gi_pvalue":0.034,"significance":"cold_95","district":"GADAG"}},{"type":"Feature","geometry":{"type":"Point","coordinates":[75.56471,15.08559]},"properties":{"cell_id":155751,"case_count":1,"gi_zscore":-0.5895,"gi_pvalue":0.034,"significance":"cold_95","district":"GADAG"}},{"type":"Feature","geometry":{"type":"Point","coordinates":[75.63529,15.08559]},"properties":{"cell_id":155757,"case_count":1,"gi_zscore":-0.5895,"gi_pvalue":0.034,"significance":"cold_95","district":"GADAG"}},{"type":"Feature","geometry":{"type":"Point","coordinates":[75.47059,15.12162]},"properties":{"cell_id":157307,"case_count":1,"gi_zscore":-0.5895,"gi_pvalue":0.034,"significance":"cold_95","district":"GADAG"}},{"type":"Feature","geometry":{"type":"Point","coordinates":[75.47059,15.13063]},"properties":{"cell_id":157698,"case_count":1,"gi_zscore":-0.5895,"gi_pvalue":0.034,"significance":"cold_95","district":"GADAG"}},{"type":"Feature","geometry":{"type":"Point","coordinates":[75.49412,15.13063]},"properties":{"cell_id":157700,"case_count":1,"gi_zscore":-0.5895,"gi_pvalue":0.034,"significance":"cold_95","district":"GADAG"}},{"type":"Feature","geometry":{"type":"Point","coordinates":[75.43529,15.13964]},"properties":{"cell_id":158086,"case_count":1,"gi_zscore":-0.5895,"gi_pvalue":0.034,"significance":"cold_95","district":"GADAG"}},{"type":"Feature","geometry":{"type":"Point","coordinates":[75.69412,15.14865]},"properties":{"cell_id":158499,"case_count":1,"gi_zscore":-0.5895,"gi_pvalue":0.034,"significance":"cold_95","district":"GADAG"}},{"type":"Feature","geometry":{"type":"Point","coordinates":[75.90588,15.15766]},"properties":{"cell_id":158908,"case_count":1,"gi_zscore":-0.5895,"gi_pvalue":0.034,"significance":"cold_95","district":"GADAG"}},{"type":"Feature","geometry":{"type":"Point","coordinates":[75.88235,15.2027]},"properties":{"cell_id":160861,"case_count":1,"gi_zscore":-0.5895,"gi_pvalue":0.034,"significance":"cold_95","district":"GADAG"}},{"type":"Feature","geometry":{"type":"Point","coordinates":[75.89412,15.21171]},"properties":{"cell_id":161253,"case_count":1,"gi_zscore":-0.5895,"gi_pvalue":0.034,"significance":"cold_95","district":"GADAG"}},{"type":"Feature","geometry":{"type":"Point","coordinates":[75.88235,15.22072]},"properties":{"cell_id":161643,"case_count":1,"gi_zscore":-0.5895,"gi_pvalue":0.034,"significance":"cold_95","district":"GADAG"}},{"type":"Feature","geometry":{"type":"Point","coordinates":[75.57647,15.22973]},"properties":{"cell_id":162008,"case_count":1,"gi_zscore":-0.5895,"gi_pvalue":0.034,"significance":"cold_95","district":"GADAG"}},{"type":"Feature","geometry":{"type":"Point","coordinates":[75.38824,15.23874]},"properties":{"cell_id":162383,"case_count":1,"gi_zscore":-0.5895,"gi_pvalue":0.034,"significance":"cold_95","district":"GADAG"}},{"type":"Feature","geometry":{"type":"Point","coordinates":[75.83529,15.26577]},"properties":{"cell_id":163594,"case_count":1,"gi_zscore":-0.5895,"gi_pvalue":0.034,"significance":"cold_95","district":"GADAG"}},{"type":"Feature","geometry":{"type":"Point","coordinates":[75.51765,15.28378]},"properties":{"cell_id":164349,"case_count":1,"gi_zscore":-0.5895,"gi_pvalue":0.034,"significance":"cold_95","district":"GADAG"}},{"type":"Feature","geometry":{"type":"Point","coordinates":[75.52941,15.28378]},"properties":{"cell_id":164350,"case_count":1,"gi_zscore":-0.5895,"gi_pvalue":0.034,"significance":"cold_95","district":"GADAG"}},{"type":"Feature","geometry":{"type":"Point","coordinates":[75.71765,15.29279]},"properties":{"cell_id":164757,"case_count":1,"gi_zscore":-0.5895,"gi_pvalue":0.034,"significance":"cold_95","district":"GADAG"}},{"type":"Feature","geometry":{"type":"Point","coordinates":[75.77647,15.29279]},"properties":{"cell_id":164762,"case_count":1,"gi_zscore":-0.5895,"gi_pvalue":0.034,"significance":"cold_95","district":"GADAG"}},{"type":"Feature","geometry":{"type":"Point","coordinates":[75.57647,15.31081]},"properties":{"cell_id":165527,"case_count":1,"gi_zscore":-0.4923,"gi_pvalue":0.034,"significance":"cold_95","district":"GADAG"}},{"type":"Feature","geometry":{"type":"Point","coordinates":[75.71765,15.31982]},"properties":{"cell_id":165930,"case_count":1,"gi_zscore":-0.3951,"gi_pvalue":0.081,"significance":"cold_90","district":"GADAG"}},{"type":"Feature","geometry":{"type":"Point","coordinates":[75.51765,15.32883]},"properties":{"cell_id":166304,"case_count":1,"gi_zscore":-0.5895,"gi_pvalue":0.034,"significance":"cold_95","district":"GADAG"}},{"type":"Feature","geometry":{"type":"Point","coordinates":[75.51765,15.36486]},"properties":{"cell_id":167868,"case_count":1,"gi_zscore":-0.4923,"gi_pvalue":0.034,"significance":"cold_95","district":"GADAG"}},{"type":"Feature","geometry":{"type":"Point","coordinates":[75.6,15.39189]},"properties":{"cell_id":169048,"case_count":1,"gi_zscore":-0.2007,"gi_pvalue":0.293,"significance":"not_sig","district":"GADAG"}},{"type":"Feature","geometry":{"type":"Point","coordinates":[75.62353,15.40991]},"properties":{"cell_id":169832,"case_count":1,"gi_zscore":-0.2007,"gi_pvalue":0.293,"significance":"not_sig","district":"GADAG"}},{"type":"Feature","geometry":{"type":"Point","coordinates":[75.62353,15.41892]},"properties":{"cell_id":170223,"case_count":2,"gi_zscore":-0.2007,"gi_pvalue":0.202,"significance":"not_sig","district":"GADAG"}},{"type":"Feature","geometry":{"type":"Point","coordinates":[75.68235,15.41892]},"properties":{"cell_id":170228,"case_count":1,"gi_zscore":-0.1035,"gi_pvalue":0.411,"significance":"not_sig","district":"GADAG"}},{"type":"Feature","geometry":{"type":"Point","coordinates":[75.69412,15.41892]},"properties":{"cell_id":170229,"case_count":1,"gi_zscore":-0.2007,"gi_pvalue":0.294,"significance":"not_sig","district":"GADAG"}},{"type":"Feature","geometry":{"type":"Point","coordinates":[75.63529,15.42793]},"properties":{"cell_id":170615,"case_count":3,"gi_zscore":-0.1035,"gi_pvalue":0.179,"significance":"not_sig","district":"GADAG"}},{"type":"Feature","geometry":{"type":"Point","coordinates":[75.6,15.43694]},"properties":{"cell_id":171003,"case_count":1,"gi_zscore":-0.2007,"gi_pvalue":0.293,"significance":"not_sig","district":"GADAG"}},{"type":"Feature","geometry":{"type":"Point","coordinates":[75.62353,15.43694]},"properties":{"cell_id":171005,"case_count":1,"gi_zscore":-0.2007,"gi_pvalue":0.293,"significance":"not_sig","district":"GADAG"}},{"type":"Feature","geometry":{"type":"Point","coordinates":[75.63529,15.43694]},"properties":{"cell_id":171006,"case_count":2,"gi_zscore":-0.1035,"gi_pvalue":0.306,"significance":"not_sig","district":"GADAG"}},{"type":"Feature","geometry":{"type":"Point","coordinates":[75.65882,15.43694]},"properties":{"cell_id":171008,"case_count":1,"gi_zscore":-0.2007,"gi_pvalue":0.292,"significance":"not_sig","district":"GADAG"}},{"type":"Feature","geometry":{"type":"Point","coordinates":[75.65882,15.44595]},"properties":{"cell_id":171399,"case_count":1,"gi_zscore":-0.2007,"gi_pvalue":0.292,"significance":"not_sig","district":"GADAG"}},{"type":"Feature","geometry":{"type":"Point","coordinates":[75.63529,15.45495]},"properties":{"cell_id":171788,"case_count":1,"gi_zscore":-0.1035,"gi_pvalue":0.454,"significance":"not_sig","district":"GADAG"}},{"type":"Feature","geometry":{"type":"Point","coordinates":[75.65882,15.45495]},"properties":{"cell_id":171790,"case_count":2,"gi_zscore":-0.2007,"gi_pvalue":0.188,"significance":"not_sig","district":"GADAG"}},{"type":"Feature","geometry":{"type":"Point","coordinates":[75.67059,15.47297]},"properties":{"cell_id":172573,"case_count":1,"gi_zscore":-0.2007,"gi_pvalue":0.293,"significance":"not_sig","district":"GADAG"}},{"type":"Feature","geometry":{"type":"Point","coordinates":[75.75294,15.52703]},"properties":{"cell_id":174926,"case_count":1,"gi_zscore":-0.3951,"gi_pvalue":0.079,"significance":"cold_90","district":"GADAG"}},{"type":"Feature","geometry":{"type":"Point","coordinates":[75.81176,15.57207]},"properties":{"cell_id":176886,"case_count":2,"gi_zscore":-0.2007,"gi_pvalue":0.188,"significance":"not_sig","district":"GADAG"}},{"type":"Feature","geometry":{"type":"Point","coordinates":[75.75294,15.59009]},"properties":{"cell_id":177663,"case_count":1,"gi_zscore":-0.2007,"gi_pvalue":0.289,"significance":"not_sig","district":"GADAG"}},{"type":"Feature","geometry":{"type":"Point","coordinates":[75.84706,15.68919]},"properties":{"cell_id":181972,"case_count":1,"gi_zscore":-0.2007,"gi_pvalue":0.289,"significance":"not_sig","district":"GADAG"}},{"type":"Feature","geometry":{"type":"Point","coordinates":[75.72941,15.6982]},"properties":{"cell_id":182353,"case_count":4,"gi_zscore":-0.2007,"gi_pvalue":0.044,"significance":"cold_95","district":"GADAG"}},{"type":"Feature","geometry":{"type":"Point","coordinates":[75.74118,15.6982]},"properties":{"cell_id":182354,"case_count":1,"gi_zscore":-0.2007,"gi_pvalue":0.287,"significance":"not_sig","district":"GADAG"}},{"type":"Feature","geometry":{"type":"Point","coordinates":[75.72941,15.70721]},"properties":{"cell_id":182744,"case_count":1,"gi_zscore":-0.2979,"gi_pvalue":0.177,"significance":"not_sig","district":"GADAG"}},{"type":"Feature","geometry":{"type":"Point","coordinates":[75.74118,15.70721]},"properties":{"cell_id":182745,"case_count":1,"gi_zscore":-0.2979,"gi_pvalue":0.177,"significance":"not_sig","district":"GADAG"}},{"type":"Feature","geometry":{"type":"Point","coordinates":[75.81176,15.70721]},"properties":{"cell_id":182751,"case_count":1,"gi_zscore":-0.2007,"gi_pvalue":0.287,"significance":"not_sig","district":"GADAG"}},{"type":"Feature","geometry":{"type":"Point","coordinates":[75.38824,15.72523]},"properties":{"cell_id":183497,"case_count":1,"gi_zscore":-0.5895,"gi_pvalue":0.04,"significance":"cold_95","district":"GADAG"}},{"type":"Feature","geometry":{"type":"Point","coordinates":[75.4,15.72523]},"properties":{"cell_id":183498,"case_count":1,"gi_zscore":-0.5895,"gi_pvalue":0.04,"significance":"cold_95","district":"GADAG"}},{"type":"Feature","geometry":{"type":"Point","coordinates":[75.96471,15.73423]},"properties":{"cell_id":183937,"case_count":1,"gi_zscore":-0.2007,"gi_pvalue":0.287,"significance":"not_sig","district":"GADAG"}},{"type":"Feature","geometry":{"type":"Point","coordinates":[75.97647,15.73423]},"properties":{"cell_id":183938,"case_count":1,"gi_zscore":-0.2007,"gi_pvalue":0.287,"significance":"not_sig","district":"GADAG"}},{"type":"Feature","geometry":{"type":"Point","coordinates":[75.51765,15.76126]},"properties":{"cell_id":185072,"case_count":1,"gi_zscore":-0.5895,"gi_pvalue":0.04,"significance":"cold_95","district":"GADAG"}},{"type":"Feature","geometry":{"type":"Point","coordinates":[75.58824,15.77928]},"properties":{"cell_id":185860,"case_count":1,"gi_zscore":-0.2979,"gi_pvalue":0.177,"significance":"not_sig","district":"GADAG"}},{"type":"Feature","geometry":{"type":"Point","coordinates":[75.37647,15.78829]},"properties":{"cell_id":186233,"case_count":1,"gi_zscore":-0.5895,"gi_pvalue":0.04,"significance":"cold_95","district":"GADAG"}},{"type":"Feature","geometry":{"type":"Point","coordinates":[75.71765,15.81532]},"properties":{"cell_id":187435,"case_count":1,"gi_zscore":-0.2979,"gi_pvalue":0.177,"significance":"not_sig","district":"GADAG"}},{"type":"Feature","geometry":{"type":"Point","coordinates":[75.52941,15.82432]},"properties":{"cell_id":187810,"case_count":1,"gi_zscore":-0.5895,"gi_pvalue":0.04,"significance":"cold_95","district":"GADAG"}},{"type":"Feature","geometry":{"type":"Point","coordinates":[75.64706,15.82432]},"properties":{"cell_id":187820,"case_count":1,"gi_zscore":-0.2979,"gi_pvalue":0.177,"significance":"not_sig","district":"GADAG"}},{"type":"Feature","geometry":{"type":"Point","coordinates":[75.37647,15.84234]},"properties":{"cell_id":188579,"case_count":1,"gi_zscore":-0.5895,"gi_pvalue":0.04,"significance":"cold_95","district":"GADAG"}},{"type":"Feature","geometry":{"type":"Point","coordinates":[76.02353,12.02252]},"properties":{"cell_id":22850,"case_count":1,"gi_zscore":-0.7368,"gi_pvalue":0.003,"significance":"cold_99","district":"HASSAN"}},{"type":"Feature","geometry":{"type":"Point","coordinates":[75.82353,12.26577]},"properties":{"cell_id":33390,"case_count":1,"gi_zscore":-0.7368,"gi_pvalue":0.003,"significance":"cold_99","district":"HASSAN"}},{"type":"Feature","geometry":{"type":"Point","coordinates":[77.29412,12.43694]},"properties":{"cell_id":40944,"case_count":1,"gi_zscore":0.6459,"gi_pvalue":0.008,"significance":"hot_99","district":"HASSAN"}},{"type":"Feature","geometry":{"type":"Point","coordinates":[76.14118,12.55405]},"properties":{"cell_id":45929,"case_count":1,"gi_zscore":-0.7368,"gi_pvalue":0.003,"significance":"cold_99","district":"HASSAN"}},{"type":"Feature","geometry":{"type":"Point","coordinates":[76.0,12.68919]},"properties":{"cell_id":51782,"case_count":1,"gi_zscore":-0.7368,"gi_pvalue":0.003,"significance":"cold_99","district":"HASSAN"}},{"type":"Feature","geometry":{"type":"Point","coordinates":[76.10588,12.73423]},"properties":{"cell_id":53746,"case_count":1,"gi_zscore":-0.7368,"gi_pvalue":0.003,"significance":"cold_99","district":"HASSAN"}},{"type":"Feature","geometry":{"type":"Point","coordinates":[75.95294,12.74324]},"properties":{"cell_id":54124,"case_count":1,"gi_zscore":-0.7368,"gi_pvalue":0.003,"significance":"cold_99","district":"HASSAN"}},{"type":"Feature","geometry":{"type":"Point","coordinates":[75.97647,12.75225]},"properties":{"cell_id":54517,"case_count":1,"gi_zscore":-0.7368,"gi_pvalue":0.003,"significance":"cold_99","district":"HASSAN"}},{"type":"Feature","geometry":{"type":"Point","coordinates":[76.04706,12.75225]},"properties":{"cell_id":54523,"case_count":1,"gi_zscore":-0.7368,"gi_pvalue":0.003,"significance":"cold_99","district":"HASSAN"}},{"type":"Feature","geometry":{"type":"Point","coordinates":[76.08235,12.75225]},"properties":{"cell_id":54526,"case_count":1,"gi_zscore":-0.7368,"gi_pvalue":0.003,"significance":"cold_99","district":"HASSAN"}},{"type":"Feature","geometry":{"type":"Point","coordinates":[76.07059,12.76126]},"properties":{"cell_id":54916,"case_count":1,"gi_zscore":-0.7368,"gi_pvalue":0.003,"significance":"cold_99","district":"HASSAN"}},{"type":"Feature","geometry":{"type":"Point","coordinates":[76.12941,12.77027]},"properties":{"cell_id":55312,"case_count":1,"gi_zscore":-0.7368,"gi_pvalue":0.003,"significance":"cold_99","district":"HASSAN"}},{"type":"Feature","geometry":{"type":"Point","coordinates":[76.04706,12.77928]},"properties":{"cell_id":55696,"case_count":1,"gi_zscore":-0.7368,"gi_pvalue":0.003,"significance":"cold_99","district":"HASSAN"}},{"type":"Feature","geometry":{"type":"Point","coordinates":[76.17647,12.81532]},"properties":{"cell_id":57271,"case_count":1,"gi_zscore":-0.7368,"gi_pvalue":0.003,"significance":"cold_99","district":"HASSAN"}},{"type":"Feature","geometry":{"type":"Point","coordinates":[76.10588,12.86036]},"properties":{"cell_id":59220,"case_count":1,"gi_zscore":-0.7368,"gi_pvalue":0.003,"significance":"cold_99","district":"HASSAN"}},{"type":"Feature","geometry":{"type":"Point","coordinates":[76.35294,12.86937]},"properties":{"cell_id":59632,"case_count":1,"gi_zscore":-0.7368,"gi_pvalue":0.003,"significance":"cold_99","district":"HASSAN"}},{"type":"Feature","geometry":{"type":"Point","coordinates":[76.48235,12.90541]},"properties":{"cell_id":61207,"case_count":1,"gi_zscore":-0.7368,"gi_pvalue":0.003,"significance":"cold_99","district":"HASSAN"}},{"type":"Feature","geometry":{"type":"Point","coordinates":[76.09412,12.92342]},"properties":{"cell_id":61956,"case_count":1,"gi_zscore":-0.7215,"gi_pvalue":0.003,"significance":"cold_99","district":"HASSAN"}},{"type":"Feature","geometry":{"type":"Point","coordinates":[76.2,12.93243]},"properties":{"cell_id":62356,"case_count":1,"gi_zscore":-0.7215,"gi_pvalue":0.003,"significance":"cold_99","district":"HASSAN"}},{"type":"Feature","geometry":{"type":"Point","coordinates":[77.6,12.96847]},"properties":{"cell_id":64039,"case_count":2,"gi_zscore":0.9532,"gi_pvalue":0.001,"significance":"hot_99","district":"HASSAN"}},{"type":"Feature","geometry":{"type":"Point","coordinates":[76.22353,12.97748]},"properties":{"cell_id":64313,"case_count":1,"gi_zscore":-0.7215,"gi_pvalue":0.003,"significance":"cold_99","district":"HASSAN"}},{"type":"Feature","geometry":{"type":"Point","coordinates":[77.6,12.97748]},"properties":{"cell_id":64430,"case_count":18,"gi_zscore":0.9532,"gi_pvalue":0.007,"significance":"hot_99","district":"HASSAN"}},{"type":"Feature","geometry":{"type":"Point","coordinates":[76.11765,12.98649]},"properties":{"cell_id":64695,"case_count":1,"gi_zscore":-0.7215,"gi_pvalue":0.004,"significance":"cold_99","district":"HASSAN"}},{"type":"Feature","geometry":{"type":"Point","coordinates":[76.41176,12.98649]},"properties":{"cell_id":64720,"case_count":1,"gi_zscore":-0.7368,"gi_pvalue":0.004,"significance":"cold_99","district":"HASSAN"}},{"type":"Feature","geometry":{"type":"Point","coordinates":[77.61176,12.98649]},"properties":{"cell_id":64822,"case_count":14,"gi_zscore":0.9532,"gi_pvalue":0.005,"significance":"hot_99","district":"HASSAN"}},{"type":"Feature","geometry":{"type":"Point","coordinates":[77.61176,12.9955]},"properties":{"cell_id":65213,"case_count":4,"gi_zscore":0.9532,"gi_pvalue":0.002,"significance":"hot_99","district":"HASSAN"}},{"type":"Feature","geometry":{"type":"Point","coordinates":[77.62353,12.9955]},"properties":{"cell_id":65214,"case_count":11,"gi_zscore":0.9532,"gi_pvalue":0.005,"significance":"hot_99","district":"HASSAN"}},{"type":"Feature","geometry":{"type":"Point","coordinates":[76.07059,13.0045]},"properties":{"cell_id":65473,"case_count":1,"gi_zscore":-0.7215,"gi_pvalue":0.002,"significance":"cold_99","district":"HASSAN"}},{"type":"Feature","geometry":{"type":"Point","coordinates":[76.10588,13.0045]},"properties":{"cell_id":65476,"case_count":2,"gi_zscore":-0.7215,"gi_pvalue":0.001,"significance":"cold_99","district":"HASSAN"}},{"type":"Feature","geometry":{"type":"Point","coordinates":[77.62353,13.0045]},"properties":{"cell_id":65605,"case_count":15,"gi_zscore":1.03,"gi_pvalue":0.004,"significance":"hot_99","district":"HASSAN"}},{"type":"Feature","geometry":{"type":"Point","coordinates":[77.63529,13.0045]},"properties":{"cell_id":65606,"case_count":5,"gi_zscore":0.9071,"gi_pvalue":0.003,"significance":"hot_99","district":"HASSAN"}},{"type":"Feature","geometry":{"type":"Point","coordinates":[75.76471,13.01351]},"properties":{"cell_id":65838,"case_count":1,"gi_zscore":-0.7215,"gi_pvalue":0.002,"significance":"cold_99","district":"HASSAN"}},{"type":"Feature","geometry":{"type":"Point","coordinates":[77.63529,13.01351]},"properties":{"cell_id":65997,"case_count":29,"gi_zscore":0.9071,"gi_pvalue":0.021,"significance":"hot_95","district":"HASSAN"}},{"type":"Feature","geometry":{"type":"Point","coordinates":[77.64706,13.02252]},"properties":{"cell_id":66389,"case_count":21,"gi_zscore":0.861,"gi_pvalue":0.015,"significance":"hot_95","district":"HASSAN"}},{"type":"Feature","geometry":{"type":"Point","coordinates":[76.10588,13.03153]},"properties":{"cell_id":66649,"case_count":1,"gi_zscore":-0.7215,"gi_pvalue":0.001,"significance":"cold_99","district":"HASSAN"}},{"type":"Feature","geometry":{"type":"Point","coordinates":[77.64706,13.03153]},"properties":{"cell_id":66780,"case_count":7,"gi_zscore":0.9532,"gi_pvalue":0.004,"significance":"hot_99","district":"HASSAN"}},{"type":"Feature","geometry":{"type":"Point","coordinates":[77.65882,13.03153]},"properties":{"cell_id":66781,"case_count":10,"gi_zscore":0.7381,"gi_pvalue":0.017,"significance":"hot_95","district":"HASSAN"}},{"type":"Feature","geometry":{"type":"Point","coordinates":[77.65882,13.04054]},"properties":{"cell_id":67172,"case_count":10,"gi_zscore":0.6152,"gi_pvalue":0.031,"significance":"hot_95","district":"HASSAN"}},{"type":"Feature","geometry":{"type":"Point","coordinates":[77.67059,13.04054]},"properties":{"cell_id":67173,"case_count":5,"gi_zscore":0.6152,"gi_pvalue":0.022,"significance":"hot_95","district":"HASSAN"}},{"type":"Feature","geometry":{"type":"Point","coordinates":[76.11765,13.04955]},"properties":{"cell_id":67432,"case_count":1,"gi_zscore":-0.7215,"gi_pvalue":0.002,"significance":"cold_99","district":"HASSAN"}},{"type":"Feature","geometry":{"type":"Point","coordinates":[77.67059,13.04955]},"properties":{"cell_id":67564,"case_count":17,"gi_zscore":0.4001,"gi_pvalue":0.191,"significance":"not_sig","district":"HASSAN"}},{"type":"Feature","geometry":{"type":"Point","coordinates":[77.68235,13.04955]},"properties":{"cell_id":67565,"case_count":1,"gi_zscore":0.3847,"gi_pvalue":0.067,"significance":"hot_90","district":"HASSAN"}},{"type":"Feature","geometry":{"type":"Point","coordinates":[76.27059,13.05856]},"properties":{"cell_id":67836,"case_count":1,"gi_zscore":-0.7368,"gi_pvalue":0.002,"significance":"cold_99","district":"HASSAN"}},{"type":"Feature","geometry":{"type":"Point","coordinates":[77.68235,13.05856]},"properties":{"cell_id":67956,"case_count":21,"gi_zscore":0.4308,"gi_pvalue":0.189,"significance":"not_sig","district":"HASSAN"}},{"type":"Feature","geometry":{"type":"Point","coordinates":[76.11765,13.06757]},"properties":{"cell_id":68214,"case_count":1,"gi_zscore":-0.7215,"gi_pvalue":0.003,"significance":"cold_99","district":"HASSAN"}},{"type":"Feature","geometry":{"type":"Point","coordinates":[77.68235,13.06757]},"properties":{"cell_id":68347,"case_count":5,"gi_zscore":0.5691,"gi_pvalue":0.034,"significance":"hot_95","district":"HASSAN"}},{"type":"Feature","geometry":{"type":"Point","coordinates":[77.69412,13.06757]},"properties":{"cell_id":68348,"case_count":7,"gi_zscore":0.5845,"gi_pvalue":0.035,"significance":"hot_95","district":"HASSAN"}},{"type":"Feature","geometry":{"type":"Point","coordinates":[75.85882,13.07658]},"properties":{"cell_id":68583,"case_count":1,"gi_zscore":-0.7215,"gi_pvalue":0.006,"significance":"cold_99","district":"HASSAN"}},{"type":"Feature","geometry":{"type":"Point","coordinates":[77.69412,13.07658]},"properties":{"cell_id":68739,"case_count":6,"gi_zscore":0.6459,"gi_pvalue":0.021,"significance":"hot_95","district":"HASSAN"}},{"type":"Feature","geometry":{"type":"Point","coordinates":[77.70588,13.07658]},"properties":{"cell_id":68740,"case_count":13,"gi_zscore":0.6613,"gi_pvalue":0.041,"significance":"hot_95","district":"HASSAN"}},{"type":"Feature","geometry":{"type":"Point","coordinates":[77.70588,13.08559]},"properties":{"cell_id":69131,"case_count":19,"gi_zscore":0.523,"gi_pvalue":0.127,"significance":"not_sig","district":"HASSAN"}},{"type":"Feature","geometry":{"type":"Point","coordinates":[77.71765,13.08559]},"properties":{"cell_id":69132,"case_count":6,"gi_zscore":0.5998,"gi_pvalue":0.029,"significance":"hot_95","district":"HASSAN"}},{"type":"Feature","geometry":{"type":"Point","coordinates":[75.91765,13.09459]},"properties":{"cell_id":69370,"case_count":1,"gi_zscore":-0.7368,"gi_pvalue":0.002,"significance":"cold_99","district":"HASSAN"}},{"type":"Feature","geometry":{"type":"Point","coordinates":[77.71765,13.09459]},"properties":{"cell_id":69523,"case_count":21,"gi_zscore":0.6459,"gi_pvalue":0.071,"significance":"hot_90","district":"HASSAN"}},{"type":"Feature","geometry":{"type":"Point","coordinates":[77.71765,13.1036]},"properties":{"cell_id":69914,"case_count":2,"gi_zscore":0.7842,"gi_pvalue":0.004,"significance":"hot_99","district":"HASSAN"}},{"type":"Feature","geometry":{"type":"Point","coordinates":[77.72941,13.1036]},"properties":{"cell_id":69915,"case_count":12,"gi_zscore":0.6613,"gi_pvalue":0.031,"significance":"hot_95","district":"HASSAN"}},{"type":"Feature","geometry":{"type":"Point","coordinates":[77.72941,13.11261]},"properties":{"cell_id":70306,"case_count":10,"gi_zscore":0.7688,"gi_pvalue":0.013,"significance":"hot_95","district":"HASSAN"}},{"type":"Feature","geometry":{"type":"Point","coordinates":[77.74118,13.11261]},"properties":{"cell_id":70307,"case_count":10,"gi_zscore":0.7227,"gi_pvalue":0.017,"significance":"hot_95","district":"HASSAN"}},{"type":"Feature","geometry":{"type":"Point","coordinates":[77.74118,13.12162]},"properties":{"cell_id":70698,"case_count":15,"gi_zscore":0.5998,"gi_pvalue":0.053,"significance":"hot_90","district":"HASSAN"}},{"type":"Feature","geometry":{"type":"Point","coordinates":[77.75294,13.12162]},"properties":{"cell_id":70699,"case_count":5,"gi_zscore":0.6613,"gi_pvalue":0.017,"significance":"hot_95","district":"HASSAN"}},{"type":"Feature","geometry":{"type":"Point","coordinates":[76.07059,13.13063]},"properties":{"cell_id":70947,"case_count":1,"gi_zscore":-0.7215,"gi_pvalue":0.004,"significance":"cold_99","district":"HASSAN"}},{"type":"Feature","geometry":{"type":"Point","coordinates":[77.75294,13.13063]},"properties":{"cell_id":71090,"case_count":26,"gi_zscore":0.7535,"gi_pvalue":0.055,"significance":"hot_90","district":"HASSAN"}},{"type":"Feature","geometry":{"type":"Point","coordinates":[77.75294,13.13964]},"properties":{"cell_id":71481,"case_count":3,"gi_zscore":0.8917,"gi_pvalue":0.004,"significance":"hot_99","district":"HASSAN"}},{"type":"Feature","geometry":{"type":"Point","coordinates":[77.76471,13.13964]},"properties":{"cell_id":71482,"case_count":13,"gi_zscore":0.7995,"gi_pvalue":0.016,"significance":"hot_95","district":"HASSAN"}},{"type":"Feature","geometry":{"type":"Point","coordinates":[77.76471,13.14865]},"properties":{"cell_id":71873,"case_count":6,"gi_zscore":0.7842,"gi_pvalue":0.012,"significance":"hot_95","district":"HASSAN"}},{"type":"Feature","geometry":{"type":"Point","coordinates":[77.77647,13.14865]},"properties":{"cell_id":71874,"case_count":18,"gi_zscore":0.7842,"gi_pvalue":0.03,"significance":"hot_95","district":"HASSAN"}},{"type":"Feature","geometry":{"type":"Point","coordinates":[76.30588,13.15766]},"properties":{"cell_id":72140,"case_count":1,"gi_zscore":-0.7368,"gi_pvalue":0.002,"significance":"cold_99","district":"HASSAN"}},{"type":"Feature","geometry":{"type":"Point","coordinates":[77.77647,13.15766]},"properties":{"cell_id":72265,"case_count":19,"gi_zscore":0.7842,"gi_pvalue":0.033,"significance":"hot_95","district":"HASSAN"}},{"type":"Feature","geometry":{"type":"Point","coordinates":[77.78824,13.15766]},"properties":{"cell_id":72266,"case_count":4,"gi_zscore":0.7842,"gi_pvalue":0.009,"significance":"hot_99","district":"HASSAN"}},{"type":"Feature","geometry":{"type":"Point","coordinates":[77.78824,13.16667]},"properties":{"cell_id":72657,"case_count":14,"gi_zscore":0.7842,"gi_pvalue":0.017,"significance":"hot_95","district":"HASSAN"}},{"type":"Feature","geometry":{"type":"Point","coordinates":[75.98824,13.21171]},"properties":{"cell_id":74459,"case_count":1,"gi_zscore":-0.7215,"gi_pvalue":0.002,"significance":"cold_99","district":"HASSAN"}},{"type":"Feature","geometry":{"type":"Point","coordinates":[76.05882,13.3018]},"properties":{"cell_id":78375,"case_count":2,"gi_zscore":-0.7215,"gi_pvalue":0.001,"significance":"cold_99","district":"HASSAN"}},{"type":"Feature","geometry":{"type":"Point","coordinates":[76.16471,13.43694]},"properties":{"cell_id":84249,"case_count":1,"gi_zscore":-0.7215,"gi_pvalue":0.001,"significance":"cold_99","district":"HASSAN"}},{"type":"Feature","geometry":{"type":"Point","coordinates":[77.6,12.97748]},"properties":{"cell_id":64430,"case_count":9,"gi_zscore":1.0027,"gi_pvalue":0.005,"significance":"hot_99","district":"HAVERI"}},{"type":"Feature","geometry":{"type":"Point","coordinates":[77.6,12.98649]},"properties":{"cell_id":64821,"case_count":1,"gi_zscore":1.0027,"gi_pvalue":0.001,"significance":"hot_99","district":"HAVERI"}},{"type":"Feature","geometry":{"type":"Point","coordinates":[77.61176,12.98649]},"properties":{"cell_id":64822,"case_count":5,"gi_zscore":1.0027,"gi_pvalue":0.003,"significance":"hot_99","district":"HAVERI"}},{"type":"Feature","geometry":{"type":"Point","coordinates":[77.61176,12.9955]},"properties":{"cell_id":65213,"case_count":1,"gi_zscore":1.0027,"gi_pvalue":0.001,"significance":"hot_99","district":"HAVERI"}},{"type":"Feature","geometry":{"type":"Point","coordinates":[77.62353,12.9955]},"properties":{"cell_id":65214,"case_count":4,"gi_zscore":1.0027,"gi_pvalue":0.003,"significance":"hot_99","district":"HAVERI"}},{"type":"Feature","geometry":{"type":"Point","coordinates":[77.62353,13.0045]},"properties":{"cell_id":65605,"case_count":9,"gi_zscore":1.0027,"gi_pvalue":0.005,"significance":"hot_99","district":"HAVERI"}},{"type":"Feature","geometry":{"type":"Point","coordinates":[77.63529,13.0045]},"properties":{"cell_id":65606,"case_count":2,"gi_zscore":0.8854,"gi_pvalue":0.003,"significance":"hot_99","district":"HAVERI"}},{"type":"Feature","geometry":{"type":"Point","coordinates":[77.63529,13.01351]},"properties":{"cell_id":65997,"case_count":9,"gi_zscore":0.8463,"gi_pvalue":0.025,"significance":"hot_95","district":"HAVERI"}},{"type":"Feature","geometry":{"type":"Point","coordinates":[77.64706,13.02252]},"properties":{"cell_id":66389,"case_count":11,"gi_zscore":0.9636,"gi_pvalue":0.017,"significance":"hot_95","district":"HAVERI"}},{"type":"Feature","geometry":{"type":"Point","coordinates":[77.64706,13.03153]},"properties":{"cell_id":66780,"case_count":1,"gi_zscore":1.12,"gi_pvalue":0.001,"significance":"hot_99","district":"HAVERI"}},{"type":"Feature","geometry":{"type":"Point","coordinates":[77.65882,13.03153]},"properties":{"cell_id":66781,"case_count":6,"gi_zscore":1.0027,"gi_pvalue":0.003,"significance":"hot_99","district":"HAVERI"}},{"type":"Feature","geometry":{"type":"Point","coordinates":[77.65882,13.04054]},"properties":{"cell_id":67172,"case_count":4,"gi_zscore":0.9636,"gi_pvalue":0.002,"significance":"hot_99","district":"HAVERI"}},{"type":"Feature","geometry":{"type":"Point","coordinates":[77.67059,13.04054]},"properties":{"cell_id":67173,"case_count":4,"gi_zscore":0.9245,"gi_pvalue":0.004,"significance":"hot_99","district":"HAVERI"}},{"type":"Feature","geometry":{"type":"Point","coordinates":[77.67059,13.04955]},"properties":{"cell_id":67564,"case_count":8,"gi_zscore":0.729,"gi_pvalue":0.049,"significance":"hot_95","district":"HAVERI"}},{"type":"Feature","geometry":{"type":"Point","coordinates":[77.68235,13.05856]},"properties":{"cell_id":67956,"case_count":6,"gi_zscore":0.729,"gi_pvalue":0.034,"significance":"hot_95","district":"HAVERI"}},{"type":"Feature","geometry":{"type":"Point","coordinates":[77.68235,13.06757]},"properties":{"cell_id":68347,"case_count":1,"gi_zscore":0.7681,"gi_pvalue":0.004,"significance":"hot_99","district":"HAVERI"}},{"type":"Feature","geometry":{"type":"Point","coordinates":[77.69412,13.06757]},"properties":{"cell_id":68348,"case_count":8,"gi_zscore":0.729,"gi_pvalue":0.045,"significance":"hot_95","district":"HAVERI"}},{"type":"Feature","geometry":{"type":"Point","coordinates":[77.69412,13.07658]},"properties":{"cell_id":68739,"case_count":6,"gi_zscore":0.8854,"gi_pvalue":0.008,"significance":"hot_99","district":"HAVERI"}},{"type":"Feature","geometry":{"type":"Point","coordinates":[77.70588,13.07658]},"properties":{"cell_id":68740,"case_count":1,"gi_zscore":0.6899,"gi_pvalue":0.009,"significance":"hot_99","district":"HAVERI"}},{"type":"Feature","geometry":{"type":"Point","coordinates":[77.70588,13.08559]},"properties":{"cell_id":69131,"case_count":7,"gi_zscore":0.8463,"gi_pvalue":0.017,"significance":"hot_95","district":"HAVERI"}},{"type":"Feature","geometry":{"type":"Point","coordinates":[77.71765,13.08559]},"properties":{"cell_id":69132,"case_count":3,"gi_zscore":1.0027,"gi_pvalue":0.001,"significance":"hot_99","district":"HAVERI"}},{"type":"Feature","geometry":{"type":"Point","coordinates":[77.71765,13.09459]},"properties":{"cell_id":69523,"case_count":8,"gi_zscore":0.729,"gi_pvalue":0.045,"significance":"hot_95","district":"HAVERI"}},{"type":"Feature","geometry":{"type":"Point","coordinates":[77.71765,13.1036]},"properties":{"cell_id":69914,"case_count":3,"gi_zscore":0.6508,"gi_pvalue":0.027,"significance":"hot_95","district":"HAVERI"}},{"type":"Feature","geometry":{"type":"Point","coordinates":[77.72941,13.1036]},"properties":{"cell_id":69915,"case_count":10,"gi_zscore":0.6508,"gi_pvalue":0.105,"significance":"not_sig","district":"HAVERI"}},{"type":"Feature","geometry":{"type":"Point","coordinates":[77.72941,13.11261]},"properties":{"cell_id":70306,"case_count":5,"gi_zscore":0.8072,"gi_pvalue":0.021,"significance":"hot_95","district":"HAVERI"}},{"type":"Feature","geometry":{"type":"Point","coordinates":[77.74118,13.11261]},"properties":{"cell_id":70307,"case_count":1,"gi_zscore":0.7681,"gi_pvalue":0.006,"significance":"hot_99","district":"HAVERI"}},{"type":"Feature","geometry":{"type":"Point","coordinates":[77.74118,13.12162]},"properties":{"cell_id":70698,"case_count":4,"gi_zscore":0.729,"gi_pvalue":0.023,"significance":"hot_95","district":"HAVERI"}},{"type":"Feature","geometry":{"type":"Point","coordinates":[77.75294,13.12162]},"properties":{"cell_id":70699,"case_count":1,"gi_zscore":0.6899,"gi_pvalue":0.011,"significance":"hot_95","district":"HAVERI"}},{"type":"Feature","geometry":{"type":"Point","coordinates":[77.75294,13.13063]},"properties":{"cell_id":71090,"case_count":11,"gi_zscore":0.3771,"gi_pvalue":0.363,"significance":"not_sig","district":"HAVERI"}},{"type":"Feature","geometry":{"type":"Point","coordinates":[77.75294,13.13964]},"properties":{"cell_id":71481,"case_count":2,"gi_zscore":0.3381,"gi_pvalue":0.127,"significance":"not_sig","district":"HAVERI"}},{"type":"Feature","geometry":{"type":"Point","coordinates":[77.76471,13.13964]},"properties":{"cell_id":71482,"case_count":7,"gi_zscore":0.3771,"gi_pvalue":0.215,"significance":"not_sig","district":"HAVERI"}},{"type":"Feature","geometry":{"type":"Point","coordinates":[77.76471,13.14865]},"properties":{"cell_id":71873,"case_count":2,"gi_zscore":0.5726,"gi_pvalue":0.03,"significance":"hot_95","district":"HAVERI"}},{"type":"Feature","geometry":{"type":"Point","coordinates":[77.77647,13.14865]},"properties":{"cell_id":71874,"case_count":2,"gi_zscore":0.5726,"gi_pvalue":0.03,"significance":"hot_95","district":"HAVERI"}},{"type":"Feature","geometry":{"type":"Point","coordinates":[77.77647,13.15766]},"properties":{"cell_id":72265,"case_count":4,"gi_zscore":0.5726,"gi_pvalue":0.045,"significance":"hot_95","district":"HAVERI"}},{"type":"Feature","geometry":{"type":"Point","coordinates":[77.78824,13.15766]},"properties":{"cell_id":72266,"case_count":2,"gi_zscore":0.5726,"gi_pvalue":0.031,"significance":"hot_95","district":"HAVERI"}},{"type":"Feature","geometry":{"type":"Point","coordinates":[77.78824,13.16667]},"properties":{"cell_id":72657,"case_count":9,"gi_zscore":0.5726,"gi_pvalue":0.132,"significance":"not_sig","district":"HAVERI"}},{"type":"Feature","geometry":{"type":"Point","coordinates":[77.8,13.17568]},"properties":{"cell_id":73049,"case_count":1,"gi_zscore":0.5726,"gi_pvalue":0.03,"significance":"hot_95","district":"HAVERI"}},{"type":"Feature","geometry":{"type":"Point","coordinates":[75.0,13.9955]},"properties":{"cell_id":108392,"case_count":1,"gi_zscore":-0.6003,"gi_pvalue":0.021,"significance":"cold_95","district":"HAVERI"}},{"type":"Feature","geometry":{"type":"Point","coordinates":[75.44706,14.37387]},"properties":{"cell_id":124852,"case_count":1,"gi_zscore":-0.6003,"gi_pvalue":0.021,"significance":"cold_95","district":"HAVERI"}},{"type":"Feature","geometry":{"type":"Point","coordinates":[75.62353,14.40991]},"properties":{"cell_id":126431,"case_count":1,"gi_zscore":-0.6003,"gi_pvalue":0.021,"significance":"cold_95","district":"HAVERI"}},{"type":"Feature","geometry":{"type":"Point","coordinates":[75.38824,14.45495]},"properties":{"cell_id":128366,"case_count":1,"gi_zscore":-0.6003,"gi_pvalue":0.021,"significance":"cold_95","district":"HAVERI"}},{"type":"Feature","geometry":{"type":"Point","coordinates":[75.4,14.45495]},"properties":{"cell_id":128367,"case_count":2,"gi_zscore":-0.6003,"gi_pvalue":0.008,"significance":"cold_99","district":"HAVERI"}},{"type":"Feature","geometry":{"type":"Point","coordinates":[75.58824,14.46396]},"properties":{"cell_id":128774,"case_count":1,"gi_zscore":-0.6003,"gi_pvalue":0.018,"significance":"cold_95","district":"HAVERI"}},{"type":"Feature","geometry":{"type":"Point","coordinates":[75.31765,14.57207]},"properties":{"cell_id":133443,"case_count":1,"gi_zscore":-0.6003,"gi_pvalue":0.018,"significance":"cold_95","district":"HAVERI"}},{"type":"Feature","geometry":{"type":"Point","coordinates":[75.36471,14.57207]},"properties":{"cell_id":133447,"case_count":1,"gi_zscore":-0.6003,"gi_pvalue":0.018,"significance":"cold_95","district":"HAVERI"}},{"type":"Feature","geometry":{"type":"Point","coordinates":[75.68235,14.57207]},"properties":{"cell_id":133474,"case_count":1,"gi_zscore":-0.6394,"gi_pvalue":0.007,"significance":"cold_99","district":"HAVERI"}},{"type":"Feature","geometry":{"type":"Point","coordinates":[75.32941,14.59009]},"properties":{"cell_id":134226,"case_count":1,"gi_zscore":-0.6003,"gi_pvalue":0.018,"significance":"cold_95","district":"HAVERI"}},{"type":"Feature","geometry":{"type":"Point","coordinates":[75.61176,14.61712]},"properties":{"cell_id":135423,"case_count":1,"gi_zscore":-0.6394,"gi_pvalue":0.007,"significance":"cold_99","district":"HAVERI"}},{"type":"Feature","geometry":{"type":"Point","coordinates":[75.62353,14.62613]},"properties":{"cell_id":135815,"case_count":1,"gi_zscore":-0.6394,"gi_pvalue":0.007,"significance":"cold_99","district":"HAVERI"}},{"type":"Feature","geometry":{"type":"Point","coordinates":[75.34118,14.64414]},"properties":{"cell_id":136573,"case_count":1,"gi_zscore":-0.6394,"gi_pvalue":0.007,"significance":"cold_99","district":"HAVERI"}},{"type":"Feature","geometry":{"type":"Point","coordinates":[75.32941,14.66216]},"properties":{"cell_id":137354,"case_count":1,"gi_zscore":-0.5612,"gi_pvalue":0.018,"significance":"cold_95","district":"HAVERI"}},{"type":"Feature","geometry":{"type":"Point","coordinates":[75.4,14.66216]},"properties":{"cell_id":137360,"case_count":1,"gi_zscore":-0.6394,"gi_pvalue":0.007,"significance":"cold_99","district":"HAVERI"}},{"type":"Feature","geometry":{"type":"Point","coordinates":[75.57647,14.67117]},"properties":{"cell_id":137766,"case_count":1,"gi_zscore":-0.6394,"gi_pvalue":0.007,"significance":"cold_99","district":"HAVERI"}},{"type":"Feature","geometry":{"type":"Point","coordinates":[75.48235,14.68919]},"properties":{"cell_id":138540,"case_count":1,"gi_zscore":-0.5612,"gi_pvalue":0.018,"significance":"cold_95","district":"HAVERI"}},{"type":"Feature","geometry":{"type":"Point","coordinates":[75.16471,14.73423]},"properties":{"cell_id":140468,"case_count":1,"gi_zscore":-0.5612,"gi_pvalue":0.018,"significance":"cold_95","district":"HAVERI"}},{"type":"Feature","geometry":{"type":"Point","coordinates":[75.4,14.75225]},"properties":{"cell_id":141270,"case_count":1,"gi_zscore":-0.5612,"gi_pvalue":0.018,"significance":"cold_95","district":"HAVERI"}},{"type":"Feature","geometry":{"type":"Point","coordinates":[75.12941,14.76126]},"properties":{"cell_id":141638,"case_count":1,"gi_zscore":-0.5612,"gi_pvalue":0.018,"significance":"cold_95","district":"HAVERI"}},{"type":"Feature","geometry":{"type":"Point","coordinates":[75.35294,14.76126]},"properties":{"cell_id":141657,"case_count":1,"gi_zscore":-0.5612,"gi_pvalue":0.018,"significance":"cold_95","district":"HAVERI"}},{"type":"Feature","geometry":{"type":"Point","coordinates":[75.24706,14.77027]},"properties":{"cell_id":142039,"case_count":3,"gi_zscore":-0.5612,"gi_pvalue":0.009,"significance":"cold_99","district":"HAVERI"}},{"type":"Feature","geometry":{"type":"Point","coordinates":[75.4,14.78829]},"properties":{"cell_id":142834,"case_count":3,"gi_zscore":-0.5612,"gi_pvalue":0.009,"significance":"cold_99","district":"HAVERI"}},{"type":"Feature","geometry":{"type":"Point","coordinates":[75.41176,14.78829]},"properties":{"cell_id":142835,"case_count":1,"gi_zscore":-0.5612,"gi_pvalue":0.037,"significance":"cold_95","district":"HAVERI"}},{"type":"Feature","geometry":{"type":"Point","coordinates":[75.4,14.7973]},"properties":{"cell_id":143225,"case_count":1,"gi_zscore":-0.5612,"gi_pvalue":0.037,"significance":"cold_95","district":"HAVERI"}},{"type":"Feature","geometry":{"type":"Point","coordinates":[75.4,14.80631]},"properties":{"cell_id":143616,"case_count":1,"gi_zscore":-0.5612,"gi_pvalue":0.037,"significance":"cold_95","district":"HAVERI"}},{"type":"Feature","geometry":{"type":"Point","coordinates":[75.37647,14.83333]},"properties":{"cell_id":144787,"case_count":1,"gi_zscore":-0.5612,"gi_pvalue":0.037,"significance":"cold_95","district":"HAVERI"}},{"type":"Feature","geometry":{"type":"Point","coordinates":[75.37647,14.84234]},"properties":{"cell_id":145178,"case_count":1,"gi_zscore":-0.5612,"gi_pvalue":0.037,"significance":"cold_95","district":"HAVERI"}},{"type":"Feature","geometry":{"type":"Point","coordinates":[75.62353,14.84234]},"properties":{"cell_id":145199,"case_count":1,"gi_zscore":-0.6394,"gi_pvalue":0.007,"significance":"cold_99","district":"HAVERI"}},{"type":"Feature","geometry":{"type":"Point","coordinates":[75.48235,14.85135]},"properties":{"cell_id":145578,"case_count":1,"gi_zscore":-0.5612,"gi_pvalue":0.037,"significance":"cold_95","district":"HAVERI"}},{"type":"Feature","geometry":{"type":"Point","coordinates":[75.32941,14.8964]},"properties":{"cell_id":147520,"case_count":1,"gi_zscore":-0.5612,"gi_pvalue":0.037,"significance":"cold_95","district":"HAVERI"}},{"type":"Feature","geometry":{"type":"Point","coordinates":[75.23529,14.91441]},"properties":{"cell_id":148294,"case_count":1,"gi_zscore":-0.5221,"gi_pvalue":0.039,"significance":"cold_95","district":"HAVERI"}},{"type":"Feature","geometry":{"type":"Point","coordinates":[75.65882,14.92342]},"properties":{"cell_id":148721,"case_count":1,"gi_zscore":-0.6394,"gi_pvalue":0.007,"significance":"cold_99","district":"HAVERI"}},{"type":"Feature","geometry":{"type":"Point","coordinates":[75.18824,14.93243]},"properties":{"cell_id":149072,"case_count":1,"gi_zscore":-0.5221,"gi_pvalue":0.039,"significance":"cold_95","district":"HAVERI"}},{"type":"Feature","geometry":{"type":"Point","coordinates":[75.54118,14.95946]},"properties":{"cell_id":150275,"case_count":1,"gi_zscore":-0.6394,"gi_pvalue":0.007,"significance":"cold_99","district":"HAVERI"}},{"type":"Feature","geometry":{"type":"Point","coordinates":[75.22353,14.98649]},"properties":{"cell_id":151421,"case_count":2,"gi_zscore":-0.6003,"gi_pvalue":0.008,"significance":"cold_99","district":"HAVERI"}},{"type":"Feature","geometry":{"type":"Point","coordinates":[75.22353,14.9955]},"properties":{"cell_id":151812,"case_count":1,"gi_zscore":-0.6003,"gi_pvalue":0.017,"significance":"cold_95","district":"HAVERI"}},{"type":"Feature","geometry":{"type":"Point","coordinates":[75.10588,15.0045]},"properties":{"cell_id":152193,"case_count":1,"gi_zscore":-0.6003,"gi_pvalue":0.017,"significance":"cold_95","district":"HAVERI"}},{"type":"Feature","geometry":{"type":"Point","coordinates":[75.4,15.02252]},"properties":{"cell_id":153000,"case_count":1,"gi_zscore":-0.6003,"gi_pvalue":0.017,"significance":"cold_95","district":"HAVERI"}},{"type":"Feature","geometry":{"type":"Point","coordinates":[75.24706,15.03153]},"properties":{"cell_id":153378,"case_count":1,"gi_zscore":-0.6003,"gi_pvalue":0.017,"significance":"cold_95","district":"HAVERI"}},{"type":"Feature","geometry":{"type":"Point","coordinates":[75.30588,15.04054]},"properties":{"cell_id":153774,"case_count":1,"gi_zscore":-0.6003,"gi_pvalue":0.017,"significance":"cold_95","district":"HAVERI"}},{"type":"Feature","geometry":{"type":"Point","coordinates":[75.29412,15.08559]},"properties":{"cell_id":155728,"case_count":1,"gi_zscore":-0.6003,"gi_pvalue":0.017,"significance":"cold_95","district":"HAVERI"}},{"type":"Feature","geometry":{"type":"Point","coordinates":[75.71765,15.31081]},"properties":{"cell_id":165539,"case_count":2,"gi_zscore":-0.5612,"gi_pvalue":0.008,"significance":"cold_99","district":"HAVERI"}},{"type":"Feature","geometry":{"type":"Point","coordinates":[75.70588,15.31982]},"properties":{"cell_id":165929,"case_count":2,"gi_zscore":-0.5612,"gi_pvalue":0.008,"significance":"cold_99","district":"HAVERI"}},{"type":"Feature","geometry":{"type":"Point","coordinates":[75.72941,15.72523]},"properties":{"cell_id":183526,"case_count":1,"gi_zscore":-0.5612,"gi_pvalue":0.016,"significance":"cold_95","district":"HAVERI"}},{"type":"Feature","geometry":{"type":"Point","coordinates":[77.6,12.97748]},"properties":{"cell_id":64430,"case_count":6,"gi_zscore":0.5191,"gi_pvalue":0.15,"significance":"not_sig","district":"HUBBALLI DHARWAD CITY"}},{"type":"Feature","geometry":{"type":"Point","coordinates":[77.61176,12.98649]},"properties":{"cell_id":64822,"case_count":1,"gi_zscore":0.5191,"gi_pvalue":0.031,"significance":"hot_95","district":"HUBBALLI DHARWAD CITY"}},{"type":"Feature","geometry":{"type":"Point","coordinates":[77.62353,12.9955]},"properties":{"cell_id":65214,"case_count":1,"gi_zscore":0.5191,"gi_pvalue":0.031,"significance":"hot_95","district":"HUBBALLI DHARWAD CITY"}},{"type":"Feature","geometry":{"type":"Point","coordinates":[77.62353,13.0045]},"properties":{"cell_id":65605,"case_count":3,"gi_zscore":0.5191,"gi_pvalue":0.069,"significance":"hot_90","district":"HUBBALLI DHARWAD CITY"}},{"type":"Feature","geometry":{"type":"Point","coordinates":[77.63529,13.01351]},"properties":{"cell_id":65997,"case_count":6,"gi_zscore":0.1839,"gi_pvalue":0.49,"significance":"not_sig","district":"HUBBALLI DHARWAD CITY"}},{"type":"Feature","geometry":{"type":"Point","coordinates":[77.64706,13.02252]},"properties":{"cell_id":66389,"case_count":5,"gi_zscore":0.385,"gi_pvalue":0.269,"significance":"not_sig","district":"HUBBALLI DHARWAD CITY"}},{"type":"Feature","geometry":{"type":"Point","coordinates":[77.64706,13.03153]},"properties":{"cell_id":66780,"case_count":1,"gi_zscore":0.385,"gi_pvalue":0.093,"significance":"hot_90","district":"HUBBALLI DHARWAD CITY"}},{"type":"Feature","geometry":{"type":"Point","coordinates":[77.65882,13.03153]},"properties":{"cell_id":66781,"case_count":3,"gi_zscore":0.5861,"gi_pvalue":0.064,"significance":"hot_90","district":"HUBBALLI DHARWAD CITY"}},{"type":"Feature","geometry":{"type":"Point","coordinates":[77.65882,13.04054]},"properties":{"cell_id":67172,"case_count":1,"gi_zscore":0.5861,"gi_pvalue":0.035,"significance":"hot_95","district":"HUBBALLI DHARWAD CITY"}},{"type":"Feature","geometry":{"type":"Point","coordinates":[77.67059,13.04054]},"properties":{"cell_id":67173,"case_count":1,"gi_zscore":0.251,"gi_pvalue":0.154,"significance":"not_sig","district":"HUBBALLI DHARWAD CITY"}},{"type":"Feature","geometry":{"type":"Point","coordinates":[77.67059,13.04955]},"properties":{"cell_id":67564,"case_count":4,"gi_zscore":0.251,"gi_pvalue":0.284,"significance":"not_sig","district":"HUBBALLI DHARWAD CITY"}},{"type":"Feature","geometry":{"type":"Point","coordinates":[77.68235,13.05856]},"properties":{"cell_id":67956,"case_count":6,"gi_zscore":0.385,"gi_pvalue":0.303,"significance":"not_sig","district":"HUBBALLI DHARWAD CITY"}},{"type":"Feature","geometry":{"type":"Point","coordinates":[77.68235,13.06757]},"properties":{"cell_id":68347,"case_count":1,"gi_zscore":0.318,"gi_pvalue":0.125,"significance":"not_sig","district":"HUBBALLI DHARWAD CITY"}},{"type":"Feature","geometry":{"type":"Point","coordinates":[77.69412,13.06757]},"properties":{"cell_id":68348,"case_count":1,"gi_zscore":0.6531,"gi_pvalue":0.013,"significance":"hot_95","district":"HUBBALLI DHARWAD CITY"}},{"type":"Feature","geometry":{"type":"Point","coordinates":[77.70588,13.07658]},"properties":{"cell_id":68740,"case_count":2,"gi_zscore":0.7872,"gi_pvalue":0.01,"significance":"hot_99","district":"HUBBALLI DHARWAD CITY"}},{"type":"Feature","geometry":{"type":"Point","coordinates":[77.70588,13.08559]},"properties":{"cell_id":69131,"case_count":6,"gi_zscore":0.7872,"gi_pvalue":0.054,"significance":"hot_90","district":"HUBBALLI DHARWAD CITY"}},{"type":"Feature","geometry":{"type":"Point","coordinates":[77.71765,13.08559]},"properties":{"cell_id":69132,"case_count":2,"gi_zscore":0.452,"gi_pvalue":0.098,"significance":"hot_90","district":"HUBBALLI DHARWAD CITY"}},{"type":"Feature","geometry":{"type":"Point","coordinates":[77.71765,13.09459]},"properties":{"cell_id":69523,"case_count":6,"gi_zscore":0.5861,"gi_pvalue":0.11,"significance":"not_sig","district":"HUBBALLI DHARWAD CITY"}},{"type":"Feature","geometry":{"type":"Point","coordinates":[77.72941,13.1036]},"properties":{"cell_id":69915,"case_count":5,"gi_zscore":0.7872,"gi_pvalue":0.041,"significance":"hot_95","district":"HUBBALLI DHARWAD CITY"}},{"type":"Feature","geometry":{"type":"Point","coordinates":[77.72941,13.11261]},"properties":{"cell_id":70306,"case_count":2,"gi_zscore":0.7202,"gi_pvalue":0.016,"significance":"hot_95","district":"HUBBALLI DHARWAD CITY"}},{"type":"Feature","geometry":{"type":"Point","coordinates":[77.74118,13.11261]},"properties":{"cell_id":70307,"case_count":1,"gi_zscore":0.5191,"gi_pvalue":0.049,"significance":"hot_95","district":"HUBBALLI DHARWAD CITY"}},{"type":"Feature","geometry":{"type":"Point","coordinates":[77.74118,13.12162]},"properties":{"cell_id":70698,"case_count":3,"gi_zscore":0.452,"gi_pvalue":0.097,"significance":"hot_90","district":"HUBBALLI DHARWAD CITY"}},{"type":"Feature","geometry":{"type":"Point","coordinates":[77.75294,13.13063]},"properties":{"cell_id":71090,"case_count":4,"gi_zscore":0.1839,"gi_pvalue":0.343,"significance":"not_sig","district":"HUBBALLI DHARWAD CITY"}},{"type":"Feature","geometry":{"type":"Point","coordinates":[77.75294,13.13964]},"properties":{"cell_id":71481,"case_count":1,"gi_zscore":0.1169,"gi_pvalue":0.28,"significance":"not_sig","district":"HUBBALLI DHARWAD CITY"}},{"type":"Feature","geometry":{"type":"Point","coordinates":[77.76471,13.13964]},"properties":{"cell_id":71482,"case_count":3,"gi_zscore":0.0499,"gi_pvalue":0.48,"significance":"not_sig","district":"HUBBALLI DHARWAD CITY"}},{"type":"Feature","geometry":{"type":"Point","coordinates":[77.76471,13.14865]},"properties":{"cell_id":71873,"case_count":1,"gi_zscore":0.251,"gi_pvalue":0.174,"significance":"not_sig","district":"HUBBALLI DHARWAD CITY"}},{"type":"Feature","geometry":{"type":"Point","coordinates":[77.77647,13.14865]},"properties":{"cell_id":71874,"case_count":2,"gi_zscore":0.251,"gi_pvalue":0.22,"significance":"not_sig","district":"HUBBALLI DHARWAD CITY"}},{"type":"Feature","geometry":{"type":"Point","coordinates":[77.77647,13.15766]},"properties":{"cell_id":72265,"case_count":4,"gi_zscore":0.251,"gi_pvalue":0.327,"significance":"not_sig","district":"HUBBALLI DHARWAD CITY"}},{"type":"Feature","geometry":{"type":"Point","coordinates":[77.78824,13.15766]},"properties":{"cell_id":72266,"case_count":1,"gi_zscore":0.251,"gi_pvalue":0.172,"significance":"not_sig","district":"HUBBALLI DHARWAD CITY"}},{"type":"Feature","geometry":{"type":"Point","coordinates":[77.78824,13.16667]},"properties":{"cell_id":72657,"case_count":4,"gi_zscore":0.251,"gi_pvalue":0.321,"significance":"not_sig","district":"HUBBALLI DHARWAD CITY"}},{"type":"Feature","geometry":{"type":"Point","coordinates":[75.11765,15.31081]},"properties":{"cell_id":165488,"case_count":1,"gi_zscore":0.318,"gi_pvalue":0.13,"significance":"not_sig","district":"HUBBALLI DHARWAD CITY"}},{"type":"Feature","geometry":{"type":"Point","coordinates":[75.14118,15.31081]},"properties":{"cell_id":165490,"case_count":1,"gi_zscore":0.5191,"gi_pvalue":0.044,"significance":"hot_95","district":"HUBBALLI DHARWAD CITY"}},{"type":"Feature","geometry":{"type":"Point","coordinates":[75.71765,15.31081]},"properties":{"cell_id":165539,"case_count":1,"gi_zscore":-0.4193,"gi_pvalue":0.168,"significance":"not_sig","district":"HUBBALLI DHARWAD CITY"}},{"type":"Feature","geometry":{"type":"Point","coordinates":[75.14118,15.31982]},"properties":{"cell_id":165881,"case_count":1,"gi_zscore":0.5191,"gi_pvalue":0.044,"significance":"hot_95","district":"HUBBALLI DHARWAD CITY"}},{"type":"Feature","geometry":{"type":"Point","coordinates":[75.11765,15.32883]},"properties":{"cell_id":166270,"case_count":1,"gi_zscore":0.385,"gi_pvalue":0.07,"significance":"hot_90","district":"HUBBALLI DHARWAD CITY"}},{"type":"Feature","geometry":{"type":"Point","coordinates":[75.12941,15.32883]},"properties":{"cell_id":166271,"case_count":5,"gi_zscore":0.5861,"gi_pvalue":0.087,"significance":"hot_90","district":"HUBBALLI DHARWAD CITY"}},{"type":"Feature","geometry":{"type":"Point","coordinates":[75.15294,15.32883]},"properties":{"cell_id":166273,"case_count":1,"gi_zscore":0.6531,"gi_pvalue":0.023,"significance":"hot_95","district":"HUBBALLI DHARWAD CITY"}},{"type":"Feature","geometry":{"type":"Point","coordinates":[75.71765,15.32883]},"properties":{"cell_id":166321,"case_count":1,"gi_zscore":-0.2182,"gi_pvalue":0.379,"significance":"not_sig","district":"HUBBALLI DHARWAD CITY"}},{"type":"Feature","geometry":{"type":"Point","coordinates":[74.98824,15.33784]},"properties":{"cell_id":166650,"case_count":1,"gi_zscore":-0.5534,"gi_pvalue":0.053,"significance":"cold_90","district":"HUBBALLI DHARWAD CITY"}},{"type":"Feature","geometry":{"type":"Point","coordinates":[75.12941,15.33784]},"properties":{"cell_id":166662,"case_count":8,"gi_zscore":0.6531,"gi_pvalue":0.138,"significance":"not_sig","district":"HUBBALLI DHARWAD CITY"}},{"type":"Feature","geometry":{"type":"Point","coordinates":[75.14118,15.33784]},"properties":{"cell_id":166663,"case_count":4,"gi_zscore":0.7202,"gi_pvalue":0.032,"significance":"hot_95","district":"HUBBALLI DHARWAD CITY"}},{"type":"Feature","geometry":{"type":"Point","coordinates":[75.09412,15.34685]},"properties":{"cell_id":167050,"case_count":1,"gi_zscore":-0.4863,"gi_pvalue":0.058,"significance":"cold_90","district":"HUBBALLI DHARWAD CITY"}},{"type":"Feature","geometry":{"type":"Point","coordinates":[75.10588,15.34685]},"properties":{"cell_id":167051,"case_count":2,"gi_zscore":-0.0842,"gi_pvalue":0.473,"significance":"not_sig","district":"HUBBALLI DHARWAD CITY"}},{"type":"Feature","geometry":{"type":"Point","coordinates":[75.11765,15.34685]},"properties":{"cell_id":167052,"case_count":1,"gi_zscore":0.452,"gi_pvalue":0.047,"significance":"hot_95","district":"HUBBALLI DHARWAD CITY"}},{"type":"Feature","geometry":{"type":"Point","coordinates":[75.12941,15.34685]},"properties":{"cell_id":167053,"case_count":2,"gi_zscore":0.9212,"gi_pvalue":0.007,"significance":"hot_99","district":"HUBBALLI DHARWAD CITY"}},{"type":"Feature","geometry":{"type":"Point","coordinates":[75.14118,15.34685]},"properties":{"cell_id":167054,"case_count":5,"gi_zscore":0.6531,"gi_pvalue":0.079,"significance":"hot_90","district":"HUBBALLI DHARWAD CITY"}},{"type":"Feature","geometry":{"type":"Point","coordinates":[75.15294,15.34685]},"properties":{"cell_id":167055,"case_count":2,"gi_zscore":0.251,"gi_pvalue":0.169,"significance":"not_sig","district":"HUBBALLI DHARWAD CITY"}},{"type":"Feature","geometry":{"type":"Point","coordinates":[75.08235,15.35586]},"properties":{"cell_id":167440,"case_count":2,"gi_zscore":-0.5534,"gi_pvalue":0.025,"significance":"cold_95","district":"HUBBALLI DHARWAD CITY"}},{"type":"Feature","geometry":{"type":"Point","coordinates":[75.09412,15.35586]},"properties":{"cell_id":167441,"case_count":1,"gi_zscore":-0.5534,"gi_pvalue":0.051,"significance":"cold_90","district":"HUBBALLI DHARWAD CITY"}},{"type":"Feature","geometry":{"type":"Point","coordinates":[75.10588,15.35586]},"properties":{"cell_id":167442,"case_count":1,"gi_zscore":-0.2853,"gi_pvalue":0.271,"significance":"not_sig","district":"HUBBALLI DHARWAD CITY"}},{"type":"Feature","geometry":{"type":"Point","coordinates":[75.14118,15.35586]},"properties":{"cell_id":167445,"case_count":2,"gi_zscore":0.5191,"gi_pvalue":0.051,"significance":"hot_90","district":"HUBBALLI DHARWAD CITY"}},{"type":"Feature","geometry":{"type":"Point","coordinates":[75.15294,15.35586]},"properties":{"cell_id":167446,"case_count":2,"gi_zscore":0.318,"gi_pvalue":0.123,"significance":"not_sig","district":"HUBBALLI DHARWAD CITY"}},{"type":"Feature","geometry":{"type":"Point","coordinates":[75.16471,15.35586]},"properties":{"cell_id":167447,"case_count":2,"gi_zscore":0.1169,"gi_pvalue":0.332,"significance":"not_sig","district":"HUBBALLI DHARWAD CITY"}},{"type":"Feature","geometry":{"type":"Point","coordinates":[75.11765,15.36486]},"properties":{"cell_id":167834,"case_count":1,"gi_zscore":-0.2853,"gi_pvalue":0.298,"significance":"not_sig","district":"HUBBALLI DHARWAD CITY"}},{"type":"Feature","geometry":{"type":"Point","coordinates":[75.12941,15.36486]},"properties":{"cell_id":167835,"case_count":5,"gi_zscore":-0.0842,"gi_pvalue":0.19,"significance":"not_sig","district":"HUBBALLI DHARWAD CITY"}},{"type":"Feature","geometry":{"type":"Point","coordinates":[75.14118,15.36486]},"properties":{"cell_id":167836,"case_count":3,"gi_zscore":0.318,"gi_pvalue":0.178,"significance":"not_sig","district":"HUBBALLI DHARWAD CITY"}},{"type":"Feature","geometry":{"type":"Point","coordinates":[75.15294,15.36486]},"properties":{"cell_id":167837,"case_count":2,"gi_zscore":0.385,"gi_pvalue":0.088,"significance":"hot_90","district":"HUBBALLI DHARWAD CITY"}},{"type":"Feature","geometry":{"type":"Point","coordinates":[75.11765,15.37387]},"properties":{"cell_id":168225,"case_count":1,"gi_zscore":-0.3523,"gi_pvalue":0.225,"significance":"not_sig","district":"HUBBALLI DHARWAD CITY"}},{"type":"Feature","geometry":{"type":"Point","coordinates":[75.12941,15.37387]},"properties":{"cell_id":168226,"case_count":1,"gi_zscore":-0.2182,"gi_pvalue":0.392,"significance":"not_sig","district":"HUBBALLI DHARWAD CITY"}},{"type":"Feature","geometry":{"type":"Point","coordinates":[75.14118,15.37387]},"properties":{"cell_id":168227,"case_count":2,"gi_zscore":-0.0171,"gi_pvalue":0.485,"significance":"not_sig","district":"HUBBALLI DHARWAD CITY"}},{"type":"Feature","geometry":{"type":"Point","coordinates":[75.11765,15.38288]},"properties":{"cell_id":168616,"case_count":1,"gi_zscore":-0.3523,"gi_pvalue":0.227,"significance":"not_sig","district":"HUBBALLI DHARWAD CITY"}},{"type":"Feature","geometry":{"type":"Point","coordinates":[75.12941,15.38288]},"properties":{"cell_id":168617,"case_count":1,"gi_zscore":-0.2182,"gi_pvalue":0.389,"significance":"not_sig","district":"HUBBALLI DHARWAD CITY"}},{"type":"Feature","geometry":{"type":"Point","coordinates":[75.08235,15.39189]},"properties":{"cell_id":169004,"case_count":1,"gi_zscore":-0.6204,"gi_pvalue":0.013,"significance":"cold_95","district":"HUBBALLI DHARWAD CITY"}},{"type":"Feature","geometry":{"type":"Point","coordinates":[75.09412,15.39189]},"properties":{"cell_id":169005,"case_count":1,"gi_zscore":-0.6874,"gi_pvalue":0.005,"significance":"cold_99","district":"HUBBALLI DHARWAD CITY"}},{"type":"Feature","geometry":{"type":"Point","coordinates":[75.11765,15.39189]},"properties":{"cell_id":169007,"case_count":1,"gi_zscore":-0.4193,"gi_pvalue":0.158,"significance":"not_sig","district":"HUBBALLI DHARWAD CITY"}},{"type":"Feature","geometry":{"type":"Point","coordinates":[75.09412,15.4009]},"properties":{"cell_id":169396,"case_count":1,"gi_zscore":-0.6874,"gi_pvalue":0.005,"significance":"cold_99","district":"HUBBALLI DHARWAD CITY"}},{"type":"Feature","geometry":{"type":"Point","coordinates":[75.01176,15.40991]},"properties":{"cell_id":169780,"case_count":1,"gi_zscore":-0.5534,"gi_pvalue":0.047,"significance":"cold_95","district":"HUBBALLI DHARWAD CITY"}},{"type":"Feature","geometry":{"type":"Point","coordinates":[75.07059,15.40991]},"properties":{"cell_id":169785,"case_count":1,"gi_zscore":-0.6874,"gi_pvalue":0.005,"significance":"cold_99","district":"HUBBALLI DHARWAD CITY"}},{"type":"Feature","geometry":{"type":"Point","coordinates":[75.04706,15.41892]},"properties":{"cell_id":170174,"case_count":1,"gi_zscore":-0.5534,"gi_pvalue":0.047,"significance":"cold_95","district":"HUBBALLI DHARWAD CITY"}},{"type":"Feature","geometry":{"type":"Point","coordinates":[75.05882,15.41892]},"properties":{"cell_id":170175,"case_count":1,"gi_zscore":-0.6204,"gi_pvalue":0.005,"significance":"cold_99","district":"HUBBALLI DHARWAD CITY"}},{"type":"Feature","geometry":{"type":"Point","coordinates":[75.01176,15.42793]},"properties":{"cell_id":170562,"case_count":2,"gi_zscore":-0.3523,"gi_pvalue":0.098,"significance":"cold_90","district":"HUBBALLI DHARWAD CITY"}},{"type":"Feature","geometry":{"type":"Point","coordinates":[75.03529,15.42793]},"properties":{"cell_id":170564,"case_count":1,"gi_zscore":-0.3523,"gi_pvalue":0.165,"significance":"not_sig","district":"HUBBALLI DHARWAD CITY"}},{"type":"Feature","geometry":{"type":"Point","coordinates":[74.97647,15.43694]},"properties":{"cell_id":170950,"case_count":1,"gi_zscore":-0.2182,"gi_pvalue":0.383,"significance":"not_sig","district":"HUBBALLI DHARWAD CITY"}},{"type":"Feature","geometry":{"type":"Point","coordinates":[75.02353,15.43694]},"properties":{"cell_id":170954,"case_count":1,"gi_zscore":-0.2182,"gi_pvalue":0.383,"significance":"not_sig","district":"HUBBALLI DHARWAD CITY"}},{"type":"Feature","geometry":{"type":"Point","coordinates":[74.98824,15.44595]},"properties":{"cell_id":171342,"case_count":1,"gi_zscore":-0.2182,"gi_pvalue":0.383,"significance":"not_sig","district":"HUBBALLI DHARWAD CITY"}},{"type":"Feature","geometry":{"type":"Point","coordinates":[75.0,15.44595]},"properties":{"cell_id":171343,"case_count":1,"gi_zscore":-0.1512,"gi_pvalue":0.383,"significance":"not_sig","district":"HUBBALLI DHARWAD CITY"}},{"type":"Feature","geometry":{"type":"Point","coordinates":[75.02353,15.44595]},"properties":{"cell_id":171345,"case_count":2,"gi_zscore":-0.2182,"gi_pvalue":0.238,"significance":"not_sig","district":"HUBBALLI DHARWAD CITY"}},{"type":"Feature","geometry":{"type":"Point","coordinates":[75.0,15.45495]},"properties":{"cell_id":171734,"case_count":1,"gi_zscore":-0.2853,"gi_pvalue":0.264,"significance":"not_sig","district":"HUBBALLI DHARWAD CITY"}},{"type":"Feature","geometry":{"type":"Point","coordinates":[75.01176,15.45495]},"properties":{"cell_id":171735,"case_count":4,"gi_zscore":-0.2182,"gi_pvalue":0.184,"significance":"not_sig","district":"HUBBALLI DHARWAD CITY"}},{"type":"Feature","geometry":{"type":"Point","coordinates":[74.98824,15.46396]},"properties":{"cell_id":172124,"case_count":1,"gi_zscore":-0.2853,"gi_pvalue":0.261,"significance":"not_sig","district":"HUBBALLI DHARWAD CITY"}},{"type":"Feature","geometry":{"type":"Point","coordinates":[75.0,15.46396]},"properties":{"cell_id":172125,"case_count":2,"gi_zscore":-0.2853,"gi_pvalue":0.231,"significance":"not_sig","district":"HUBBALLI DHARWAD CITY"}},{"type":"Feature","geometry":{"type":"Point","coordinates":[75.01176,15.46396]},"properties":{"cell_id":172126,"case_count":3,"gi_zscore":-0.2182,"gi_pvalue":0.241,"significance":"not_sig","district":"HUBBALLI DHARWAD CITY"}},{"type":"Feature","geometry":{"type":"Point","coordinates":[75.02353,15.46396]},"properties":{"cell_id":172127,"case_count":1,"gi_zscore":-0.2182,"gi_pvalue":0.374,"significance":"not_sig","district":"HUBBALLI DHARWAD CITY"}},{"type":"Feature","geometry":{"type":"Point","coordinates":[75.01176,15.47297]},"properties":{"cell_id":172517,"case_count":1,"gi_zscore":-0.2182,"gi_pvalue":0.374,"significance":"not_sig","district":"HUBBALLI DHARWAD CITY"}},{"type":"Feature","geometry":{"type":"Point","coordinates":[74.97647,15.48198]},"properties":{"cell_id":172905,"case_count":1,"gi_zscore":-0.4863,"gi_pvalue":0.06,"significance":"cold_90","district":"HUBBALLI DHARWAD CITY"}},{"type":"Feature","geometry":{"type":"Point","coordinates":[74.98824,15.49099]},"properties":{"cell_id":173297,"case_count":1,"gi_zscore":-0.2853,"gi_pvalue":0.295,"significance":"not_sig","district":"HUBBALLI DHARWAD CITY"}},{"type":"Feature","geometry":{"type":"Point","coordinates":[78.2,12.85135]},"properties":{"cell_id":59007,"case_count":1,"gi_zscore":-0.6858,"gi_pvalue":0.005,"significance":"cold_99","district":"K.G.F"}},{"type":"Feature","geometry":{"type":"Point","coordinates":[78.2,12.87838]},"properties":{"cell_id":60180,"case_count":2,"gi_zscore":-0.5107,"gi_pvalue":0.039,"significance":"cold_95","district":"K.G.F"}},{"type":"Feature","geometry":{"type":"Point","coordinates":[78.28235,12.92342]},"properties":{"cell_id":62142,"case_count":1,"gi_zscore":-0.5107,"gi_pvalue":0.066,"significance":"cold_90","district":"K.G.F"}},{"type":"Feature","geometry":{"type":"Point","coordinates":[78.41176,12.92342]},"properties":{"cell_id":62153,"case_count":1,"gi_zscore":-0.7733,"gi_pvalue":0.001,"significance":"cold_99","district":"K.G.F"}},{"type":"Feature","geometry":{"type":"Point","coordinates":[78.14118,12.93243]},"properties":{"cell_id":62521,"case_count":1,"gi_zscore":-0.5107,"gi_pvalue":0.066,"significance":"cold_90","district":"K.G.F"}},{"type":"Feature","geometry":{"type":"Point","coordinates":[78.15294,12.93243]},"properties":{"cell_id":62522,"case_count":1,"gi_zscore":-0.5107,"gi_pvalue":0.066,"significance":"cold_90","district":"K.G.F"}},{"type":"Feature","geometry":{"type":"Point","coordinates":[78.17647,12.93243]},"properties":{"cell_id":62524,"case_count":1,"gi_zscore":-0.5107,"gi_pvalue":0.066,"significance":"cold_90","district":"K.G.F"}},{"type":"Feature","geometry":{"type":"Point","coordinates":[78.25882,12.93243]},"properties":{"cell_id":62531,"case_count":1,"gi_zscore":-0.4231,"gi_pvalue":0.149,"significance":"not_sig","district":"K.G.F"}},{"type":"Feature","geometry":{"type":"Point","coordinates":[78.37647,12.94144]},"properties":{"cell_id":62932,"case_count":1,"gi_zscore":-0.7733,"gi_pvalue":0.001,"significance":"cold_99","district":"K.G.F"}},{"type":"Feature","geometry":{"type":"Point","coordinates":[78.2,12.95045]},"properties":{"cell_id":63308,"case_count":1,"gi_zscore":-0.4231,"gi_pvalue":0.149,"significance":"not_sig","district":"K.G.F"}},{"type":"Feature","geometry":{"type":"Point","coordinates":[78.28235,12.95045]},"properties":{"cell_id":63315,"case_count":1,"gi_zscore":-0.5107,"gi_pvalue":0.066,"significance":"cold_90","district":"K.G.F"}},{"type":"Feature","geometry":{"type":"Point","coordinates":[78.27059,12.95946]},"properties":{"cell_id":63705,"case_count":3,"gi_zscore":-0.5107,"gi_pvalue":0.01,"significance":"cold_99","district":"K.G.F"}},{"type":"Feature","geometry":{"type":"Point","coordinates":[78.29412,12.95946]},"properties":{"cell_id":63707,"case_count":1,"gi_zscore":-0.5107,"gi_pvalue":0.06,"significance":"cold_90","district":"K.G.F"}},{"type":"Feature","geometry":{"type":"Point","coordinates":[77.6,12.96847]},"properties":{"cell_id":64039,"case_count":1,"gi_zscore":-0.073,"gi_pvalue":0.47,"significance":"not_sig","district":"K.G.F"}},{"type":"Feature","geometry":{"type":"Point","coordinates":[77.6,12.97748]},"properties":{"cell_id":64430,"case_count":2,"gi_zscore":-0.073,"gi_pvalue":0.369,"significance":"not_sig","district":"K.G.F"}},{"type":"Feature","geometry":{"type":"Point","coordinates":[77.61176,12.98649]},"properties":{"cell_id":64822,"case_count":1,"gi_zscore":-0.073,"gi_pvalue":0.467,"significance":"not_sig","district":"K.G.F"}},{"type":"Feature","geometry":{"type":"Point","coordinates":[78.17647,12.98649]},"properties":{"cell_id":64870,"case_count":2,"gi_zscore":-0.3356,"gi_pvalue":0.139,"significance":"not_sig","district":"K.G.F"}},{"type":"Feature","geometry":{"type":"Point","coordinates":[78.27059,12.98649]},"properties":{"cell_id":64878,"case_count":2,"gi_zscore":-0.5107,"gi_pvalue":0.007,"significance":"cold_99","district":"K.G.F"}},{"type":"Feature","geometry":{"type":"Point","coordinates":[78.32941,12.98649]},"properties":{"cell_id":64883,"case_count":1,"gi_zscore":-0.5107,"gi_pvalue":0.033,"significance":"cold_95","district":"K.G.F"}},{"type":"Feature","geometry":{"type":"Point","coordinates":[78.43529,12.98649]},"properties":{"cell_id":64892,"case_count":1,"gi_zscore":-0.6858,"gi_pvalue":0.004,"significance":"cold_99","district":"K.G.F"}},{"type":"Feature","geometry":{"type":"Point","coordinates":[78.47059,12.98649]},"properties":{"cell_id":64895,"case_count":1,"gi_zscore":-0.7733,"gi_pvalue":0.001,"significance":"cold_99","district":"K.G.F"}},{"type":"Feature","geometry":{"type":"Point","coordinates":[77.61176,12.9955]},"properties":{"cell_id":65213,"case_count":3,"gi_zscore":-0.073,"gi_pvalue":0.278,"significance":"not_sig","district":"K.G.F"}},{"type":"Feature","geometry":{"type":"Point","coordinates":[77.62353,12.9955]},"properties":{"cell_id":65214,"case_count":2,"gi_zscore":-0.073,"gi_pvalue":0.368,"significance":"not_sig","district":"K.G.F"}},{"type":"Feature","geometry":{"type":"Point","coordinates":[78.24706,12.9955]},"properties":{"cell_id":65267,"case_count":1,"gi_zscore":-0.4231,"gi_pvalue":0.059,"significance":"cold_90","district":"K.G.F"}},{"type":"Feature","geometry":{"type":"Point","coordinates":[77.62353,13.0045]},"properties":{"cell_id":65605,"case_count":1,"gi_zscore":-0.073,"gi_pvalue":0.459,"significance":"not_sig","district":"K.G.F"}},{"type":"Feature","geometry":{"type":"Point","coordinates":[78.17647,13.0045]},"properties":{"cell_id":65652,"case_count":2,"gi_zscore":-0.5107,"gi_pvalue":0.027,"significance":"cold_95","district":"K.G.F"}},{"type":"Feature","geometry":{"type":"Point","coordinates":[77.63529,13.01351]},"properties":{"cell_id":65997,"case_count":2,"gi_zscore":0.1021,"gi_pvalue":0.409,"significance":"not_sig","district":"K.G.F"}},{"type":"Feature","geometry":{"type":"Point","coordinates":[78.4,13.01351]},"properties":{"cell_id":66062,"case_count":1,"gi_zscore":-0.6858,"gi_pvalue":0.005,"significance":"cold_99","district":"K.G.F"}},{"type":"Feature","geometry":{"type":"Point","coordinates":[77.64706,13.02252]},"properties":{"cell_id":66389,"case_count":2,"gi_zscore":0.3648,"gi_pvalue":0.154,"significance":"not_sig","district":"K.G.F"}},{"type":"Feature","geometry":{"type":"Point","coordinates":[77.64706,13.03153]},"properties":{"cell_id":66780,"case_count":3,"gi_zscore":0.2772,"gi_pvalue":0.201,"significance":"not_sig","district":"K.G.F"}},{"type":"Feature","geometry":{"type":"Point","coordinates":[77.65882,13.03153]},"properties":{"cell_id":66781,"case_count":4,"gi_zscore":0.3648,"gi_pvalue":0.251,"significance":"not_sig","district":"K.G.F"}},{"type":"Feature","geometry":{"type":"Point","coordinates":[77.65882,13.04054]},"properties":{"cell_id":67172,"case_count":1,"gi_zscore":0.5399,"gi_pvalue":0.024,"significance":"hot_95","district":"K.G.F"}},{"type":"Feature","geometry":{"type":"Point","coordinates":[78.27059,13.04054]},"properties":{"cell_id":67224,"case_count":1,"gi_zscore":-0.3356,"gi_pvalue":0.237,"significance":"not_sig","district":"K.G.F"}},{"type":"Feature","geometry":{"type":"Point","coordinates":[77.67059,13.04955]},"properties":{"cell_id":67564,"case_count":4,"gi_zscore":0.715,"gi_pvalue":0.033,"significance":"hot_95","district":"K.G.F"}},{"type":"Feature","geometry":{"type":"Point","coordinates":[77.68235,13.04955]},"properties":{"cell_id":67565,"case_count":2,"gi_zscore":0.8901,"gi_pvalue":0.005,"significance":"hot_99","district":"K.G.F"}},{"type":"Feature","geometry":{"type":"Point","coordinates":[77.68235,13.05856]},"properties":{"cell_id":67956,"case_count":3,"gi_zscore":0.8025,"gi_pvalue":0.014,"significance":"hot_95","district":"K.G.F"}},{"type":"Feature","geometry":{"type":"Point","coordinates":[77.69412,13.07658]},"properties":{"cell_id":68739,"case_count":3,"gi_zscore":0.715,"gi_pvalue":0.02,"significance":"hot_95","district":"K.G.F"}},{"type":"Feature","geometry":{"type":"Point","coordinates":[77.70588,13.07658]},"properties":{"cell_id":68740,"case_count":4,"gi_zscore":0.5399,"gi_pvalue":0.087,"significance":"hot_90","district":"K.G.F"}},{"type":"Feature","geometry":{"type":"Point","coordinates":[77.70588,13.08559]},"properties":{"cell_id":69131,"case_count":4,"gi_zscore":0.4523,"gi_pvalue":0.139,"significance":"not_sig","district":"K.G.F"}},{"type":"Feature","geometry":{"type":"Point","coordinates":[77.71765,13.08559]},"properties":{"cell_id":69132,"case_count":2,"gi_zscore":0.4523,"gi_pvalue":0.104,"significance":"not_sig","district":"K.G.F"}},{"type":"Feature","geometry":{"type":"Point","coordinates":[77.71765,13.09459]},"properties":{"cell_id":69523,"case_count":3,"gi_zscore":0.4523,"gi_pvalue":0.151,"significance":"not_sig","district":"K.G.F"}},{"type":"Feature","geometry":{"type":"Point","coordinates":[77.71765,13.1036]},"properties":{"cell_id":69914,"case_count":1,"gi_zscore":0.3648,"gi_pvalue":0.076,"significance":"hot_90","district":"K.G.F"}},{"type":"Feature","geometry":{"type":"Point","coordinates":[77.72941,13.1036]},"properties":{"cell_id":69915,"case_count":2,"gi_zscore":0.1897,"gi_pvalue":0.214,"significance":"not_sig","district":"K.G.F"}},{"type":"Feature","geometry":{"type":"Point","coordinates":[77.72941,13.11261]},"properties":{"cell_id":70306,"case_count":1,"gi_zscore":0.4523,"gi_pvalue":0.071,"significance":"hot_90","district":"K.G.F"}},{"type":"Feature","geometry":{"type":"Point","coordinates":[77.74118,13.11261]},"properties":{"cell_id":70307,"case_count":3,"gi_zscore":0.4523,"gi_pvalue":0.145,"significance":"not_sig","district":"K.G.F"}},{"type":"Feature","geometry":{"type":"Point","coordinates":[77.74118,13.12162]},"properties":{"cell_id":70698,"case_count":2,"gi_zscore":0.715,"gi_pvalue":0.024,"significance":"hot_95","district":"K.G.F"}},{"type":"Feature","geometry":{"type":"Point","coordinates":[77.75294,13.12162]},"properties":{"cell_id":70699,"case_count":2,"gi_zscore":0.8025,"gi_pvalue":0.006,"significance":"hot_99","district":"K.G.F"}},{"type":"Feature","geometry":{"type":"Point","coordinates":[77.75294,13.13063]},"properties":{"cell_id":71090,"case_count":7,"gi_zscore":0.8025,"gi_pvalue":0.036,"significance":"hot_95","district":"K.G.F"}},{"type":"Feature","geometry":{"type":"Point","coordinates":[77.76471,13.13964]},"properties":{"cell_id":71482,"case_count":5,"gi_zscore":0.8025,"gi_pvalue":0.021,"significance":"hot_95","district":"K.G.F"}},{"type":"Feature","geometry":{"type":"Point","coordinates":[77.76471,13.14865]},"properties":{"cell_id":71873,"case_count":4,"gi_zscore":0.8025,"gi_pvalue":0.013,"significance":"hot_95","district":"K.G.F"}},{"type":"Feature","geometry":{"type":"Point","coordinates":[77.77647,13.14865]},"properties":{"cell_id":71874,"case_count":1,"gi_zscore":0.8025,"gi_pvalue":0.003,"significance":"hot_99","district":"K.G.F"}},{"type":"Feature","geometry":{"type":"Point","coordinates":[77.77647,13.15766]},"properties":{"cell_id":72265,"case_count":2,"gi_zscore":0.8025,"gi_pvalue":0.006,"significance":"hot_99","district":"K.G.F"}},{"type":"Feature","geometry":{"type":"Point","coordinates":[77.78824,13.16667]},"properties":{"cell_id":72657,"case_count":1,"gi_zscore":0.8025,"gi_pvalue":0.003,"significance":"hot_99","district":"K.G.F"}},{"type":"Feature","geometry":{"type":"Point","coordinates":[75.71765,15.31081]},"properties":{"cell_id":165539,"case_count":1,"gi_zscore":0.3648,"gi_pvalue":0.1,"significance":"hot_90","district":"K.G.F"}},{"type":"Feature","geometry":{"type":"Point","coordinates":[77.6,12.97748]},"properties":{"cell_id":64430,"case_count":6,"gi_zscore":0.6995,"gi_pvalue":0.023,"significance":"hot_95","district":"KALABURAGI"}},{"type":"Feature","geometry":{"type":"Point","coordinates":[77.6,12.98649]},"properties":{"cell_id":64821,"case_count":1,"gi_zscore":0.6995,"gi_pvalue":0.009,"significance":"hot_99","district":"KALABURAGI"}},{"type":"Feature","geometry":{"type":"Point","coordinates":[77.61176,12.98649]},"properties":{"cell_id":64822,"case_count":9,"gi_zscore":0.6995,"gi_pvalue":0.03,"significance":"hot_95","district":"KALABURAGI"}},{"type":"Feature","geometry":{"type":"Point","coordinates":[77.61176,12.9955]},"properties":{"cell_id":65213,"case_count":5,"gi_zscore":0.6995,"gi_pvalue":0.015,"significance":"hot_95","district":"KALABURAGI"}},{"type":"Feature","geometry":{"type":"Point","coordinates":[77.62353,12.9955]},"properties":{"cell_id":65214,"case_count":7,"gi_zscore":0.6995,"gi_pvalue":0.026,"significance":"hot_95","district":"KALABURAGI"}},{"type":"Feature","geometry":{"type":"Point","coordinates":[77.62353,13.0045]},"properties":{"cell_id":65605,"case_count":4,"gi_zscore":0.6995,"gi_pvalue":0.015,"significance":"hot_95","district":"KALABURAGI"}},{"type":"Feature","geometry":{"type":"Point","coordinates":[77.63529,13.0045]},"properties":{"cell_id":65606,"case_count":4,"gi_zscore":0.83,"gi_pvalue":0.007,"significance":"hot_99","district":"KALABURAGI"}},{"type":"Feature","geometry":{"type":"Point","coordinates":[77.63529,13.01351]},"properties":{"cell_id":65997,"case_count":11,"gi_zscore":0.83,"gi_pvalue":0.022,"significance":"hot_95","district":"KALABURAGI"}},{"type":"Feature","geometry":{"type":"Point","coordinates":[77.64706,13.02252]},"properties":{"cell_id":66389,"case_count":10,"gi_zscore":0.6995,"gi_pvalue":0.042,"significance":"hot_95","district":"KALABURAGI"}},{"type":"Feature","geometry":{"type":"Point","coordinates":[77.64706,13.03153]},"properties":{"cell_id":66780,"case_count":5,"gi_zscore":0.7321,"gi_pvalue":0.015,"significance":"hot_95","district":"KALABURAGI"}},{"type":"Feature","geometry":{"type":"Point","coordinates":[77.65882,13.03153]},"properties":{"cell_id":66781,"case_count":6,"gi_zscore":0.7974,"gi_pvalue":0.011,"significance":"hot_95","district":"KALABURAGI"}},{"type":"Feature","geometry":{"type":"Point","coordinates":[77.65882,13.04054]},"properties":{"cell_id":67172,"case_count":8,"gi_zscore":0.83,"gi_pvalue":0.011,"significance":"hot_95","district":"KALABURAGI"}},{"type":"Feature","geometry":{"type":"Point","coordinates":[77.67059,13.04054]},"properties":{"cell_id":67173,"case_count":2,"gi_zscore":0.6995,"gi_pvalue":0.009,"significance":"hot_99","district":"KALABURAGI"}},{"type":"Feature","geometry":{"type":"Point","coordinates":[77.67059,13.04955]},"properties":{"cell_id":67564,"case_count":8,"gi_zscore":0.6995,"gi_pvalue":0.029,"significance":"hot_95","district":"KALABURAGI"}},{"type":"Feature","geometry":{"type":"Point","coordinates":[77.68235,13.05856]},"properties":{"cell_id":67956,"case_count":6,"gi_zscore":0.6995,"gi_pvalue":0.023,"significance":"hot_95","district":"KALABURAGI"}},{"type":"Feature","geometry":{"type":"Point","coordinates":[77.68235,13.06757]},"properties":{"cell_id":68347,"case_count":5,"gi_zscore":0.6995,"gi_pvalue":0.016,"significance":"hot_95","district":"KALABURAGI"}},{"type":"Feature","geometry":{"type":"Point","coordinates":[77.69412,13.06757]},"properties":{"cell_id":68348,"case_count":7,"gi_zscore":0.471,"gi_pvalue":0.094,"significance":"hot_90","district":"KALABURAGI"}},{"type":"Feature","geometry":{"type":"Point","coordinates":[77.69412,13.07658]},"properties":{"cell_id":68739,"case_count":4,"gi_zscore":0.6342,"gi_pvalue":0.025,"significance":"hot_95","district":"KALABURAGI"}},{"type":"Feature","geometry":{"type":"Point","coordinates":[77.70588,13.07658]},"properties":{"cell_id":68740,"case_count":7,"gi_zscore":0.6342,"gi_pvalue":0.04,"significance":"hot_95","district":"KALABURAGI"}},{"type":"Feature","geometry":{"type":"Point","coordinates":[77.70588,13.08559]},"properties":{"cell_id":69131,"case_count":10,"gi_zscore":0.6016,"gi_pvalue":0.073,"significance":"hot_90","district":"KALABURAGI"}},{"type":"Feature","geometry":{"type":"Point","coordinates":[77.71765,13.08559]},"properties":{"cell_id":69132,"case_count":1,"gi_zscore":0.5363,"gi_pvalue":0.022,"significance":"hot_95","district":"KALABURAGI"}},{"type":"Feature","geometry":{"type":"Point","coordinates":[77.71765,13.09459]},"properties":{"cell_id":69523,"case_count":9,"gi_zscore":0.471,"gi_pvalue":0.139,"significance":"not_sig","district":"KALABURAGI"}},{"type":"Feature","geometry":{"type":"Point","coordinates":[77.71765,13.1036]},"properties":{"cell_id":69914,"case_count":6,"gi_zscore":0.5689,"gi_pvalue":0.052,"significance":"hot_90","district":"KALABURAGI"}},{"type":"Feature","geometry":{"type":"Point","coordinates":[77.72941,13.1036]},"properties":{"cell_id":69915,"case_count":5,"gi_zscore":0.3732,"gi_pvalue":0.123,"significance":"not_sig","district":"KALABURAGI"}},{"type":"Feature","geometry":{"type":"Point","coordinates":[77.72941,13.11261]},"properties":{"cell_id":70306,"case_count":3,"gi_zscore":0.1447,"gi_pvalue":0.274,"significance":"not_sig","district":"KALABURAGI"}},{"type":"Feature","geometry":{"type":"Point","coordinates":[77.74118,13.11261]},"properties":{"cell_id":70307,"case_count":5,"gi_zscore":0.1447,"gi_pvalue":0.352,"significance":"not_sig","district":"KALABURAGI"}},{"type":"Feature","geometry":{"type":"Point","coordinates":[77.74118,13.12162]},"properties":{"cell_id":70698,"case_count":7,"gi_zscore":0.6016,"gi_pvalue":0.053,"significance":"hot_90","district":"KALABURAGI"}},{"type":"Feature","geometry":{"type":"Point","coordinates":[77.75294,13.12162]},"properties":{"cell_id":70699,"case_count":1,"gi_zscore":0.5689,"gi_pvalue":0.018,"significance":"hot_95","district":"KALABURAGI"}},{"type":"Feature","geometry":{"type":"Point","coordinates":[77.75294,13.13063]},"properties":{"cell_id":71090,"case_count":3,"gi_zscore":0.5689,"gi_pvalue":0.024,"significance":"hot_95","district":"KALABURAGI"}},{"type":"Feature","geometry":{"type":"Point","coordinates":[77.76471,13.13964]},"properties":{"cell_id":71482,"case_count":15,"gi_zscore":0.6995,"gi_pvalue":0.076,"significance":"hot_90","district":"KALABURAGI"}},{"type":"Feature","geometry":{"type":"Point","coordinates":[77.76471,13.14865]},"properties":{"cell_id":71873,"case_count":5,"gi_zscore":0.8626,"gi_pvalue":0.006,"significance":"hot_99","district":"KALABURAGI"}},{"type":"Feature","geometry":{"type":"Point","coordinates":[77.77647,13.14865]},"properties":{"cell_id":71874,"case_count":9,"gi_zscore":0.6668,"gi_pvalue":0.057,"significance":"hot_90","district":"KALABURAGI"}},{"type":"Feature","geometry":{"type":"Point","coordinates":[77.77647,13.15766]},"properties":{"cell_id":72265,"case_count":7,"gi_zscore":0.6668,"gi_pvalue":0.04,"significance":"hot_95","district":"KALABURAGI"}},{"type":"Feature","geometry":{"type":"Point","coordinates":[77.78824,13.15766]},"properties":{"cell_id":72266,"case_count":5,"gi_zscore":0.6668,"gi_pvalue":0.029,"significance":"hot_95","district":"KALABURAGI"}},{"type":"Feature","geometry":{"type":"Point","coordinates":[77.78824,13.16667]},"properties":{"cell_id":72657,"case_count":10,"gi_zscore":0.6668,"gi_pvalue":0.058,"significance":"hot_90","district":"KALABURAGI"}},{"type":"Feature","geometry":{"type":"Point","coordinates":[77.8,13.17568]},"properties":{"cell_id":73049,"case_count":1,"gi_zscore":0.6668,"gi_pvalue":0.014,"significance":"hot_95","district":"KALABURAGI"}},{"type":"Feature","geometry":{"type":"Point","coordinates":[76.77647,16.87838]},"properties":{"cell_id":233663,"case_count":1,"gi_zscore":-0.8668,"gi_pvalue":0.004,"significance":"cold_99","district":"KALABURAGI"}},{"type":"Feature","geometry":{"type":"Point","coordinates":[76.70588,16.90541]},"properties":{"cell_id":234830,"case_count":1,"gi_zscore":-0.8342,"gi_pvalue":0.004,"significance":"cold_99","district":"KALABURAGI"}},{"type":"Feature","geometry":{"type":"Point","coordinates":[76.92941,16.90541]},"properties":{"cell_id":234849,"case_count":1,"gi_zscore":-0.8668,"gi_pvalue":0.004,"significance":"cold_99","district":"KALABURAGI"}},{"type":"Feature","geometry":{"type":"Point","coordinates":[77.04706,16.97748]},"properties":{"cell_id":237987,"case_count":1,"gi_zscore":-0.8668,"gi_pvalue":0.004,"significance":"cold_99","district":"KALABURAGI"}},{"type":"Feature","geometry":{"type":"Point","coordinates":[77.25882,16.9955]},"properties":{"cell_id":238787,"case_count":1,"gi_zscore":-0.8668,"gi_pvalue":0.004,"significance":"cold_99","district":"KALABURAGI"}},{"type":"Feature","geometry":{"type":"Point","coordinates":[77.0,17.0045]},"properties":{"cell_id":239156,"case_count":1,"gi_zscore":-0.8668,"gi_pvalue":0.004,"significance":"cold_99","district":"KALABURAGI"}},{"type":"Feature","geometry":{"type":"Point","coordinates":[76.77647,17.01351]},"properties":{"cell_id":239528,"case_count":1,"gi_zscore":-0.8668,"gi_pvalue":0.004,"significance":"cold_99","district":"KALABURAGI"}},{"type":"Feature","geometry":{"type":"Point","coordinates":[76.64706,17.02252]},"properties":{"cell_id":239908,"case_count":1,"gi_zscore":-0.8016,"gi_pvalue":0.004,"significance":"cold_99","district":"KALABURAGI"}},{"type":"Feature","geometry":{"type":"Point","coordinates":[76.81176,17.04054]},"properties":{"cell_id":240704,"case_count":1,"gi_zscore":-0.8668,"gi_pvalue":0.004,"significance":"cold_99","district":"KALABURAGI"}},{"type":"Feature","geometry":{"type":"Point","coordinates":[76.90588,17.04054]},"properties":{"cell_id":240712,"case_count":1,"gi_zscore":-0.8668,"gi_pvalue":0.004,"significance":"cold_99","district":"KALABURAGI"}},{"type":"Feature","geometry":{"type":"Point","coordinates":[76.61176,17.05856]},"properties":{"cell_id":241469,"case_count":1,"gi_zscore":-0.8016,"gi_pvalue":0.004,"significance":"cold_99","district":"KALABURAGI"}},{"type":"Feature","geometry":{"type":"Point","coordinates":[77.09412,17.11261]},"properties":{"cell_id":243856,"case_count":1,"gi_zscore":-0.8668,"gi_pvalue":0.004,"significance":"cold_99","district":"KALABURAGI"}},{"type":"Feature","geometry":{"type":"Point","coordinates":[76.57647,17.14865]},"properties":{"cell_id":245376,"case_count":2,"gi_zscore":-0.8016,"gi_pvalue":0.004,"significance":"cold_99","district":"KALABURAGI"}},{"type":"Feature","geometry":{"type":"Point","coordinates":[76.54118,17.17568]},"properties":{"cell_id":246546,"case_count":2,"gi_zscore":-0.8016,"gi_pvalue":0.004,"significance":"cold_99","district":"KALABURAGI"}},{"type":"Feature","geometry":{"type":"Point","coordinates":[76.35294,17.2027]},"properties":{"cell_id":247703,"case_count":1,"gi_zscore":-0.8016,"gi_pvalue":0.004,"significance":"cold_99","district":"KALABURAGI"}},{"type":"Feature","geometry":{"type":"Point","coordinates":[76.31765,17.32883]},"properties":{"cell_id":253174,"case_count":1,"gi_zscore":-0.8016,"gi_pvalue":0.004,"significance":"cold_99","district":"KALABURAGI"}},{"type":"Feature","geometry":{"type":"Point","coordinates":[76.42353,17.34685]},"properties":{"cell_id":253965,"case_count":1,"gi_zscore":-0.8016,"gi_pvalue":0.004,"significance":"cold_99","district":"KALABURAGI"}},{"type":"Feature","geometry":{"type":"Point","coordinates":[77.24706,17.35586]},"properties":{"cell_id":254426,"case_count":1,"gi_zscore":-0.8668,"gi_pvalue":0.003,"significance":"cold_99","district":"KALABURAGI"}},{"type":"Feature","geometry":{"type":"Point","coordinates":[77.43529,17.37387]},"properties":{"cell_id":255224,"case_count":1,"gi_zscore":-0.8668,"gi_pvalue":0.003,"significance":"cold_99","district":"KALABURAGI"}},{"type":"Feature","geometry":{"type":"Point","coordinates":[77.50588,17.37387]},"properties":{"cell_id":255230,"case_count":1,"gi_zscore":-0.8668,"gi_pvalue":0.003,"significance":"cold_99","district":"KALABURAGI"}},{"type":"Feature","geometry":{"type":"Point","coordinates":[77.41176,17.40991]},"properties":{"cell_id":256786,"case_count":1,"gi_zscore":-0.8668,"gi_pvalue":0.003,"significance":"cold_99","district":"KALABURAGI"}},{"type":"Feature","geometry":{"type":"Point","coordinates":[77.25882,17.44595]},"properties":{"cell_id":258337,"case_count":1,"gi_zscore":-0.8668,"gi_pvalue":0.003,"significance":"cold_99","district":"KALABURAGI"}},{"type":"Feature","geometry":{"type":"Point","coordinates":[77.11765,17.48198]},"properties":{"cell_id":259889,"case_count":1,"gi_zscore":-0.8668,"gi_pvalue":0.003,"significance":"cold_99","district":"KALABURAGI"}},{"type":"Feature","geometry":{"type":"Point","coordinates":[76.37647,17.5]},"properties":{"cell_id":260608,"case_count":1,"gi_zscore":-0.8016,"gi_pvalue":0.004,"significance":"cold_99","district":"KALABURAGI"}},{"type":"Feature","geometry":{"type":"Point","coordinates":[76.98824,17.58108]},"properties":{"cell_id":264179,"case_count":1,"gi_zscore":-0.8668,"gi_pvalue":0.003,"significance":"cold_99","district":"KALABURAGI"}},{"type":"Feature","geometry":{"type":"Point","coordinates":[77.58824,17.82432]},"properties":{"cell_id":274787,"case_count":1,"gi_zscore":-0.8668,"gi_pvalue":0.003,"significance":"cold_99","district":"KALABURAGI"}},{"type":"Feature","geometry":{"type":"Point","coordinates":[77.6,12.96847]},"properties":{"cell_id":64039,"case_count":2,"gi_zscore":0.5622,"gi_pvalue":0.052,"significance":"hot_90","district":"KALABURAGI CITY"}},{"type":"Feature","geometry":{"type":"Point","coordinates":[77.6,12.97748]},"properties":{"cell_id":64430,"case_count":2,"gi_zscore":0.5622,"gi_pvalue":0.052,"significance":"hot_90","district":"KALABURAGI CITY"}},{"type":"Feature","geometry":{"type":"Point","coordinates":[77.6,12.98649]},"properties":{"cell_id":64821,"case_count":1,"gi_zscore":0.5622,"gi_pvalue":0.024,"significance":"hot_95","district":"KALABURAGI CITY"}},{"type":"Feature","geometry":{"type":"Point","coordinates":[77.61176,12.98649]},"properties":{"cell_id":64822,"case_count":3,"gi_zscore":0.5622,"gi_pvalue":0.074,"significance":"hot_90","district":"KALABURAGI CITY"}},{"type":"Feature","geometry":{"type":"Point","coordinates":[77.61176,12.9955]},"properties":{"cell_id":65213,"case_count":4,"gi_zscore":0.5622,"gi_pvalue":0.119,"significance":"not_sig","district":"KALABURAGI CITY"}},{"type":"Feature","geometry":{"type":"Point","coordinates":[77.62353,12.9955]},"properties":{"cell_id":65214,"case_count":3,"gi_zscore":0.5622,"gi_pvalue":0.074,"significance":"hot_90","district":"KALABURAGI CITY"}},{"type":"Feature","geometry":{"type":"Point","coordinates":[77.62353,13.0045]},"properties":{"cell_id":65605,"case_count":1,"gi_zscore":0.4774,"gi_pvalue":0.055,"significance":"hot_90","district":"KALABURAGI CITY"}},{"type":"Feature","geometry":{"type":"Point","coordinates":[77.63529,13.01351]},"properties":{"cell_id":65997,"case_count":3,"gi_zscore":0.7318,"gi_pvalue":0.035,"significance":"hot_95","district":"KALABURAGI CITY"}},{"type":"Feature","geometry":{"type":"Point","coordinates":[77.64706,13.02252]},"properties":{"cell_id":66389,"case_count":5,"gi_zscore":0.5622,"gi_pvalue":0.153,"significance":"not_sig","district":"KALABURAGI CITY"}},{"type":"Feature","geometry":{"type":"Point","coordinates":[77.64706,13.03153]},"properties":{"cell_id":66780,"case_count":1,"gi_zscore":0.5622,"gi_pvalue":0.02,"significance":"hot_95","district":"KALABURAGI CITY"}},{"type":"Feature","geometry":{"type":"Point","coordinates":[77.65882,13.03153]},"properties":{"cell_id":66781,"case_count":3,"gi_zscore":0.5622,"gi_pvalue":0.092,"significance":"hot_90","district":"KALABURAGI CITY"}},{"type":"Feature","geometry":{"type":"Point","coordinates":[77.65882,13.04054]},"properties":{"cell_id":67172,"case_count":3,"gi_zscore":0.7318,"gi_pvalue":0.032,"significance":"hot_95","district":"KALABURAGI CITY"}},{"type":"Feature","geometry":{"type":"Point","coordinates":[77.67059,13.04054]},"properties":{"cell_id":67173,"case_count":1,"gi_zscore":0.8166,"gi_pvalue":0.006,"significance":"hot_99","district":"KALABURAGI CITY"}},{"type":"Feature","geometry":{"type":"Point","coordinates":[77.67059,13.04955]},"properties":{"cell_id":67564,"case_count":4,"gi_zscore":0.8166,"gi_pvalue":0.028,"significance":"hot_95","district":"KALABURAGI CITY"}},{"type":"Feature","geometry":{"type":"Point","coordinates":[77.68235,13.05856]},"properties":{"cell_id":67956,"case_count":3,"gi_zscore":0.8166,"gi_pvalue":0.018,"significance":"hot_95","district":"KALABURAGI CITY"}},{"type":"Feature","geometry":{"type":"Point","coordinates":[77.69412,13.06757]},"properties":{"cell_id":68348,"case_count":3,"gi_zscore":0.9863,"gi_pvalue":0.006,"significance":"hot_99","district":"KALABURAGI CITY"}},{"type":"Feature","geometry":{"type":"Point","coordinates":[77.69412,13.07658]},"properties":{"cell_id":68739,"case_count":4,"gi_zscore":0.9863,"gi_pvalue":0.009,"significance":"hot_99","district":"KALABURAGI CITY"}},{"type":"Feature","geometry":{"type":"Point","coordinates":[77.70588,13.07658]},"properties":{"cell_id":68740,"case_count":4,"gi_zscore":0.9863,"gi_pvalue":0.009,"significance":"hot_99","district":"KALABURAGI CITY"}},{"type":"Feature","geometry":{"type":"Point","coordinates":[77.70588,13.08559]},"properties":{"cell_id":69131,"case_count":2,"gi_zscore":0.9863,"gi_pvalue":0.005,"significance":"hot_99","district":"KALABURAGI CITY"}},{"type":"Feature","geometry":{"type":"Point","coordinates":[77.71765,13.08559]},"properties":{"cell_id":69132,"case_count":2,"gi_zscore":0.9014,"gi_pvalue":0.007,"significance":"hot_99","district":"KALABURAGI CITY"}},{"type":"Feature","geometry":{"type":"Point","coordinates":[77.71765,13.09459]},"properties":{"cell_id":69523,"case_count":6,"gi_zscore":0.9014,"gi_pvalue":0.046,"significance":"hot_95","district":"KALABURAGI CITY"}},{"type":"Feature","geometry":{"type":"Point","coordinates":[77.71765,13.1036]},"properties":{"cell_id":69914,"case_count":1,"gi_zscore":0.9863,"gi_pvalue":0.002,"significance":"hot_99","district":"KALABURAGI CITY"}},{"type":"Feature","geometry":{"type":"Point","coordinates":[77.72941,13.1036]},"properties":{"cell_id":69915,"case_count":4,"gi_zscore":0.4774,"gi_pvalue":0.188,"significance":"not_sig","district":"KALABURAGI CITY"}},{"type":"Feature","geometry":{"type":"Point","coordinates":[77.72941,13.11261]},"properties":{"cell_id":70306,"case_count":2,"gi_zscore":0.4774,"gi_pvalue":0.101,"significance":"not_sig","district":"KALABURAGI CITY"}},{"type":"Feature","geometry":{"type":"Point","coordinates":[77.74118,13.12162]},"properties":{"cell_id":70698,"case_count":4,"gi_zscore":0.647,"gi_pvalue":0.095,"significance":"hot_90","district":"KALABURAGI CITY"}},{"type":"Feature","geometry":{"type":"Point","coordinates":[77.75294,13.12162]},"properties":{"cell_id":70699,"case_count":1,"gi_zscore":0.5622,"gi_pvalue":0.026,"significance":"hot_95","district":"KALABURAGI CITY"}},{"type":"Feature","geometry":{"type":"Point","coordinates":[77.75294,13.13063]},"properties":{"cell_id":71090,"case_count":1,"gi_zscore":0.9014,"gi_pvalue":0.004,"significance":"hot_99","district":"KALABURAGI CITY"}},{"type":"Feature","geometry":{"type":"Point","coordinates":[77.76471,13.13964]},"properties":{"cell_id":71482,"case_count":5,"gi_zscore":0.5622,"gi_pvalue":0.164,"significance":"not_sig","district":"KALABURAGI CITY"}},{"type":"Feature","geometry":{"type":"Point","coordinates":[77.76471,13.14865]},"properties":{"cell_id":71873,"case_count":1,"gi_zscore":0.5622,"gi_pvalue":0.02,"significance":"hot_95","district":"KALABURAGI CITY"}},{"type":"Feature","geometry":{"type":"Point","coordinates":[77.77647,13.14865]},"properties":{"cell_id":71874,"case_count":5,"gi_zscore":0.5622,"gi_pvalue":0.15,"significance":"not_sig","district":"KALABURAGI CITY"}},{"type":"Feature","geometry":{"type":"Point","coordinates":[77.77647,13.15766]},"properties":{"cell_id":72265,"case_count":5,"gi_zscore":0.5622,"gi_pvalue":0.15,"significance":"not_sig","district":"KALABURAGI CITY"}},{"type":"Feature","geometry":{"type":"Point","coordinates":[77.78824,13.15766]},"properties":{"cell_id":72266,"case_count":1,"gi_zscore":0.5622,"gi_pvalue":0.026,"significance":"hot_95","district":"KALABURAGI CITY"}},{"type":"Feature","geometry":{"type":"Point","coordinates":[77.78824,13.16667]},"properties":{"cell_id":72657,"case_count":1,"gi_zscore":0.5622,"gi_pvalue":0.026,"significance":"hot_95","district":"KALABURAGI CITY"}},{"type":"Feature","geometry":{"type":"Point","coordinates":[76.22353,17.03153]},"properties":{"cell_id":240263,"case_count":1,"gi_zscore":-0.6253,"gi_pvalue":0.043,"significance":"cold_95","district":"KALABURAGI CITY"}},{"type":"Feature","geometry":{"type":"Point","coordinates":[76.84706,17.14865]},"properties":{"cell_id":245399,"case_count":1,"gi_zscore":-0.5405,"gi_pvalue":0.071,"significance":"cold_90","district":"KALABURAGI CITY"}},{"type":"Feature","geometry":{"type":"Point","coordinates":[77.05882,17.17568]},"properties":{"cell_id":246590,"case_count":1,"gi_zscore":-0.6253,"gi_pvalue":0.043,"significance":"cold_95","district":"KALABURAGI CITY"}},{"type":"Feature","geometry":{"type":"Point","coordinates":[76.84706,17.24775]},"properties":{"cell_id":249700,"case_count":2,"gi_zscore":-0.4557,"gi_pvalue":0.045,"significance":"cold_95","district":"KALABURAGI CITY"}},{"type":"Feature","geometry":{"type":"Point","coordinates":[76.81176,17.25676]},"properties":{"cell_id":250088,"case_count":2,"gi_zscore":-0.286,"gi_pvalue":0.19,"significance":"not_sig","district":"KALABURAGI CITY"}},{"type":"Feature","geometry":{"type":"Point","coordinates":[76.82353,17.25676]},"properties":{"cell_id":250089,"case_count":1,"gi_zscore":-0.286,"gi_pvalue":0.232,"significance":"not_sig","district":"KALABURAGI CITY"}},{"type":"Feature","geometry":{"type":"Point","coordinates":[76.94118,17.26577]},"properties":{"cell_id":250490,"case_count":1,"gi_zscore":-0.6253,"gi_pvalue":0.041,"significance":"cold_95","district":"KALABURAGI CITY"}},{"type":"Feature","geometry":{"type":"Point","coordinates":[76.70588,17.29279]},"properties":{"cell_id":251643,"case_count":1,"gi_zscore":-0.6253,"gi_pvalue":0.011,"significance":"cold_95","district":"KALABURAGI CITY"}},{"type":"Feature","geometry":{"type":"Point","coordinates":[76.78824,17.29279]},"properties":{"cell_id":251650,"case_count":1,"gi_zscore":-0.286,"gi_pvalue":0.203,"significance":"not_sig","district":"KALABURAGI CITY"}},{"type":"Feature","geometry":{"type":"Point","coordinates":[76.8,17.29279]},"properties":{"cell_id":251651,"case_count":1,"gi_zscore":-0.286,"gi_pvalue":0.203,"significance":"not_sig","district":"KALABURAGI CITY"}},{"type":"Feature","geometry":{"type":"Point","coordinates":[76.68235,17.3018]},"properties":{"cell_id":252032,"case_count":1,"gi_zscore":-0.6253,"gi_pvalue":0.011,"significance":"cold_95","district":"KALABURAGI CITY"}},{"type":"Feature","geometry":{"type":"Point","coordinates":[76.82353,17.3018]},"properties":{"cell_id":252044,"case_count":1,"gi_zscore":0.1381,"gi_pvalue":0.281,"significance":"not_sig","district":"KALABURAGI CITY"}},{"type":"Feature","geometry":{"type":"Point","coordinates":[76.87059,17.3018]},"properties":{"cell_id":252048,"case_count":1,"gi_zscore":-0.4557,"gi_pvalue":0.086,"significance":"cold_90","district":"KALABURAGI CITY"}},{"type":"Feature","geometry":{"type":"Point","coordinates":[76.91765,17.3018]},"properties":{"cell_id":252052,"case_count":1,"gi_zscore":-0.7101,"gi_pvalue":0.011,"significance":"cold_95","district":"KALABURAGI CITY"}},{"type":"Feature","geometry":{"type":"Point","coordinates":[76.82353,17.31081]},"properties":{"cell_id":252435,"case_count":2,"gi_zscore":0.3925,"gi_pvalue":0.139,"significance":"not_sig","district":"KALABURAGI CITY"}},{"type":"Feature","geometry":{"type":"Point","coordinates":[76.84706,17.31081]},"properties":{"cell_id":252437,"case_count":1,"gi_zscore":0.0533,"gi_pvalue":0.381,"significance":"not_sig","district":"KALABURAGI CITY"}},{"type":"Feature","geometry":{"type":"Point","coordinates":[76.87059,17.31081]},"properties":{"cell_id":252439,"case_count":1,"gi_zscore":-0.4557,"gi_pvalue":0.087,"significance":"cold_90","district":"KALABURAGI CITY"}},{"type":"Feature","geometry":{"type":"Point","coordinates":[76.88235,17.31081]},"properties":{"cell_id":252440,"case_count":1,"gi_zscore":-0.4557,"gi_pvalue":0.087,"significance":"cold_90","district":"KALABURAGI CITY"}},{"type":"Feature","geometry":{"type":"Point","coordinates":[76.8,17.31982]},"properties":{"cell_id":252824,"case_count":1,"gi_zscore":-0.1164,"gi_pvalue":0.41,"significance":"not_sig","district":"KALABURAGI CITY"}},{"type":"Feature","geometry":{"type":"Point","coordinates":[76.82353,17.31982]},"properties":{"cell_id":252826,"case_count":3,"gi_zscore":0.5622,"gi_pvalue":0.092,"significance":"hot_90","district":"KALABURAGI CITY"}},{"type":"Feature","geometry":{"type":"Point","coordinates":[76.83529,17.31982]},"properties":{"cell_id":252827,"case_count":2,"gi_zscore":0.5622,"gi_pvalue":0.054,"significance":"hot_90","district":"KALABURAGI CITY"}},{"type":"Feature","geometry":{"type":"Point","coordinates":[76.84706,17.31982]},"properties":{"cell_id":252828,"case_count":4,"gi_zscore":0.3925,"gi_pvalue":0.25,"significance":"not_sig","district":"KALABURAGI CITY"}},{"type":"Feature","geometry":{"type":"Point","coordinates":[76.87059,17.31982]},"properties":{"cell_id":252830,"case_count":1,"gi_zscore":-0.4557,"gi_pvalue":0.083,"significance":"cold_90","district":"KALABURAGI CITY"}},{"type":"Feature","geometry":{"type":"Point","coordinates":[76.8,17.32883]},"properties":{"cell_id":253215,"case_count":2,"gi_zscore":-0.1164,"gi_pvalue":0.312,"significance":"not_sig","district":"KALABURAGI CITY"}},{"type":"Feature","geometry":{"type":"Point","coordinates":[76.82353,17.32883]},"properties":{"cell_id":253217,"case_count":3,"gi_zscore":0.5622,"gi_pvalue":0.074,"significance":"hot_90","district":"KALABURAGI CITY"}},{"type":"Feature","geometry":{"type":"Point","coordinates":[76.83529,17.32883]},"properties":{"cell_id":253218,"case_count":5,"gi_zscore":0.647,"gi_pvalue":0.087,"significance":"hot_90","district":"KALABURAGI CITY"}},{"type":"Feature","geometry":{"type":"Point","coordinates":[76.84706,17.32883]},"properties":{"cell_id":253219,"case_count":1,"gi_zscore":0.2229,"gi_pvalue":0.191,"significance":"not_sig","district":"KALABURAGI CITY"}},{"type":"Feature","geometry":{"type":"Point","coordinates":[76.83529,17.33784]},"properties":{"cell_id":253609,"case_count":3,"gi_zscore":0.3077,"gi_pvalue":0.252,"significance":"not_sig","district":"KALABURAGI CITY"}},{"type":"Feature","geometry":{"type":"Point","coordinates":[76.84706,17.33784]},"properties":{"cell_id":253610,"case_count":2,"gi_zscore":0.2229,"gi_pvalue":0.261,"significance":"not_sig","district":"KALABURAGI CITY"}},{"type":"Feature","geometry":{"type":"Point","coordinates":[76.85882,17.33784]},"properties":{"cell_id":253611,"case_count":1,"gi_zscore":-0.2012,"gi_pvalue":0.364,"significance":"not_sig","district":"KALABURAGI CITY"}},{"type":"Feature","geometry":{"type":"Point","coordinates":[76.88235,17.33784]},"properties":{"cell_id":253613,"case_count":1,"gi_zscore":-0.6253,"gi_pvalue":0.003,"significance":"cold_99","district":"KALABURAGI CITY"}},{"type":"Feature","geometry":{"type":"Point","coordinates":[76.77647,17.34685]},"properties":{"cell_id":253995,"case_count":1,"gi_zscore":-0.4557,"gi_pvalue":0.093,"significance":"cold_90","district":"KALABURAGI CITY"}},{"type":"Feature","geometry":{"type":"Point","coordinates":[76.8,17.34685]},"properties":{"cell_id":253997,"case_count":1,"gi_zscore":-0.4557,"gi_pvalue":0.093,"significance":"cold_90","district":"KALABURAGI CITY"}},{"type":"Feature","geometry":{"type":"Point","coordinates":[76.81176,17.34685]},"properties":{"cell_id":253998,"case_count":2,"gi_zscore":-0.2012,"gi_pvalue":0.319,"significance":"not_sig","district":"KALABURAGI CITY"}},{"type":"Feature","geometry":{"type":"Point","coordinates":[76.82353,17.34685]},"properties":{"cell_id":253999,"case_count":2,"gi_zscore":-0.1164,"gi_pvalue":0.426,"significance":"not_sig","district":"KALABURAGI CITY"}},{"type":"Feature","geometry":{"type":"Point","coordinates":[76.83529,17.34685]},"properties":{"cell_id":254000,"case_count":2,"gi_zscore":0.2229,"gi_pvalue":0.262,"significance":"not_sig","district":"KALABURAGI CITY"}},{"type":"Feature","geometry":{"type":"Point","coordinates":[76.84706,17.34685]},"properties":{"cell_id":254001,"case_count":1,"gi_zscore":-0.3708,"gi_pvalue":0.146,"significance":"not_sig","district":"KALABURAGI CITY"}},{"type":"Feature","geometry":{"type":"Point","coordinates":[76.85882,17.34685]},"properties":{"cell_id":254002,"case_count":1,"gi_zscore":-0.3708,"gi_pvalue":0.146,"significance":"not_sig","district":"KALABURAGI CITY"}},{"type":"Feature","geometry":{"type":"Point","coordinates":[76.81176,17.35586]},"properties":{"cell_id":254389,"case_count":1,"gi_zscore":-0.4557,"gi_pvalue":0.09,"significance":"cold_90","district":"KALABURAGI CITY"}},{"type":"Feature","geometry":{"type":"Point","coordinates":[76.83529,17.35586]},"properties":{"cell_id":254391,"case_count":1,"gi_zscore":-0.286,"gi_pvalue":0.31,"significance":"not_sig","district":"KALABURAGI CITY"}},{"type":"Feature","geometry":{"type":"Point","coordinates":[76.87059,17.35586]},"properties":{"cell_id":254394,"case_count":1,"gi_zscore":-0.6253,"gi_pvalue":0.034,"significance":"cold_95","district":"KALABURAGI CITY"}},{"type":"Feature","geometry":{"type":"Point","coordinates":[76.32941,17.36486]},"properties":{"cell_id":254739,"case_count":1,"gi_zscore":-0.7101,"gi_pvalue":0.005,"significance":"cold_99","district":"KALABURAGI CITY"}},{"type":"Feature","geometry":{"type":"Point","coordinates":[76.81176,17.36486]},"properties":{"cell_id":254780,"case_count":1,"gi_zscore":-0.4557,"gi_pvalue":0.09,"significance":"cold_90","district":"KALABURAGI CITY"}},{"type":"Feature","geometry":{"type":"Point","coordinates":[76.82353,17.36486]},"properties":{"cell_id":254781,"case_count":1,"gi_zscore":-0.4557,"gi_pvalue":0.09,"significance":"cold_90","district":"KALABURAGI CITY"}},{"type":"Feature","geometry":{"type":"Point","coordinates":[76.83529,17.36486]},"properties":{"cell_id":254782,"case_count":1,"gi_zscore":-0.5405,"gi_pvalue":0.076,"significance":"cold_90","district":"KALABURAGI CITY"}},{"type":"Feature","geometry":{"type":"Point","coordinates":[76.84706,17.36486]},"properties":{"cell_id":254783,"case_count":1,"gi_zscore":-0.5405,"gi_pvalue":0.076,"significance":"cold_90","district":"KALABURAGI CITY"}},{"type":"Feature","geometry":{"type":"Point","coordinates":[76.87059,17.39189]},"properties":{"cell_id":255958,"case_count":1,"gi_zscore":-0.7101,"gi_pvalue":0.005,"significance":"cold_99","district":"KALABURAGI CITY"}},{"type":"Feature","geometry":{"type":"Point","coordinates":[76.70588,17.4009]},"properties":{"cell_id":256335,"case_count":1,"gi_zscore":-0.6253,"gi_pvalue":0.034,"significance":"cold_95","district":"KALABURAGI CITY"}},{"type":"Feature","geometry":{"type":"Point","coordinates":[76.8,17.4009]},"properties":{"cell_id":256343,"case_count":1,"gi_zscore":-0.6253,"gi_pvalue":0.034,"significance":"cold_95","district":"KALABURAGI CITY"}},{"type":"Feature","geometry":{"type":"Point","coordinates":[76.89412,17.40991]},"properties":{"cell_id":256742,"case_count":1,"gi_zscore":-0.7101,"gi_pvalue":0.005,"significance":"cold_99","district":"KALABURAGI CITY"}},{"type":"Feature","geometry":{"type":"Point","coordinates":[76.92941,17.41892]},"properties":{"cell_id":257136,"case_count":1,"gi_zscore":-0.7101,"gi_pvalue":0.005,"significance":"cold_99","district":"KALABURAGI CITY"}},{"type":"Feature","geometry":{"type":"Point","coordinates":[76.87059,17.48198]},"properties":{"cell_id":259868,"case_count":1,"gi_zscore":-0.7101,"gi_pvalue":0.005,"significance":"cold_99","district":"KALABURAGI CITY"}},{"type":"Feature","geometry":{"type":"Point","coordinates":[76.58824,17.55405]},"properties":{"cell_id":262972,"case_count":1,"gi_zscore":-0.7101,"gi_pvalue":0.005,"significance":"cold_99","district":"KALABURAGI CITY"}},{"type":"Feature","geometry":{"type":"Point","coordinates":[76.0,11.58108]},"properties":{"cell_id":3689,"case_count":1,"gi_zscore":-0.5438,"gi_pvalue":0.037,"significance":"cold_95","district":"KODAGU"}},{"type":"Feature","geometry":{"type":"Point","coordinates":[76.04706,11.96847]},"properties":{"cell_id":20506,"case_count":1,"gi_zscore":-0.5438,"gi_pvalue":0.037,"significance":"cold_95","district":"KODAGU"}},{"type":"Feature","geometry":{"type":"Point","coordinates":[76.01176,11.97748]},"properties":{"cell_id":20894,"case_count":1,"gi_zscore":-0.5438,"gi_pvalue":0.037,"significance":"cold_95","district":"KODAGU"}},{"type":"Feature","geometry":{"type":"Point","coordinates":[75.88235,12.01351]},"properties":{"cell_id":22447,"case_count":1,"gi_zscore":-0.4798,"gi_pvalue":0.037,"significance":"cold_95","district":"KODAGU"}},{"type":"Feature","geometry":{"type":"Point","coordinates":[76.04706,12.01351]},"properties":{"cell_id":22461,"case_count":1,"gi_zscore":-0.5438,"gi_pvalue":0.037,"significance":"cold_95","district":"KODAGU"}},{"type":"Feature","geometry":{"type":"Point","coordinates":[75.98824,12.09459]},"properties":{"cell_id":25975,"case_count":1,"gi_zscore":-0.5438,"gi_pvalue":0.037,"significance":"cold_95","district":"KODAGU"}},{"type":"Feature","geometry":{"type":"Point","coordinates":[75.25882,12.12162]},"properties":{"cell_id":27086,"case_count":1,"gi_zscore":-0.5438,"gi_pvalue":0.037,"significance":"cold_95","district":"KODAGU"}},{"type":"Feature","geometry":{"type":"Point","coordinates":[75.84706,12.14865]},"properties":{"cell_id":28309,"case_count":1,"gi_zscore":-0.4798,"gi_pvalue":0.091,"significance":"cold_90","district":"KODAGU"}},{"type":"Feature","geometry":{"type":"Point","coordinates":[75.89412,12.14865]},"properties":{"cell_id":28313,"case_count":1,"gi_zscore":-0.4798,"gi_pvalue":0.037,"significance":"cold_95","district":"KODAGU"}},{"type":"Feature","geometry":{"type":"Point","coordinates":[75.94118,12.14865]},"properties":{"cell_id":28317,"case_count":1,"gi_zscore":-0.5438,"gi_pvalue":0.037,"significance":"cold_95","district":"KODAGU"}},{"type":"Feature","geometry":{"type":"Point","coordinates":[75.94118,12.15766]},"properties":{"cell_id":28708,"case_count":1,"gi_zscore":-0.5438,"gi_pvalue":0.037,"significance":"cold_95","district":"KODAGU"}},{"type":"Feature","geometry":{"type":"Point","coordinates":[75.78824,12.16667]},"properties":{"cell_id":29086,"case_count":1,"gi_zscore":-0.4798,"gi_pvalue":0.091,"significance":"cold_90","district":"KODAGU"}},{"type":"Feature","geometry":{"type":"Point","coordinates":[75.82353,12.16667]},"properties":{"cell_id":29089,"case_count":2,"gi_zscore":-0.4798,"gi_pvalue":0.042,"significance":"cold_95","district":"KODAGU"}},{"type":"Feature","geometry":{"type":"Point","coordinates":[75.92941,12.17568]},"properties":{"cell_id":29489,"case_count":1,"gi_zscore":-0.5438,"gi_pvalue":0.033,"significance":"cold_95","district":"KODAGU"}},{"type":"Feature","geometry":{"type":"Point","coordinates":[76.0,12.17568]},"properties":{"cell_id":29495,"case_count":1,"gi_zscore":-0.5438,"gi_pvalue":0.033,"significance":"cold_95","district":"KODAGU"}},{"type":"Feature","geometry":{"type":"Point","coordinates":[75.91765,12.18468]},"properties":{"cell_id":29879,"case_count":1,"gi_zscore":-0.5438,"gi_pvalue":0.033,"significance":"cold_95","district":"KODAGU"}},{"type":"Feature","geometry":{"type":"Point","coordinates":[75.8,12.19369]},"properties":{"cell_id":30260,"case_count":1,"gi_zscore":-0.4798,"gi_pvalue":0.09,"significance":"cold_90","district":"KODAGU"}},{"type":"Feature","geometry":{"type":"Point","coordinates":[75.81176,12.19369]},"properties":{"cell_id":30261,"case_count":1,"gi_zscore":-0.4798,"gi_pvalue":0.09,"significance":"cold_90","district":"KODAGU"}},{"type":"Feature","geometry":{"type":"Point","coordinates":[75.91765,12.19369]},"properties":{"cell_id":30270,"case_count":1,"gi_zscore":-0.5438,"gi_pvalue":0.033,"significance":"cold_95","district":"KODAGU"}},{"type":"Feature","geometry":{"type":"Point","coordinates":[75.75294,12.22072]},"properties":{"cell_id":31429,"case_count":1,"gi_zscore":-0.4798,"gi_pvalue":0.09,"significance":"cold_90","district":"KODAGU"}},{"type":"Feature","geometry":{"type":"Point","coordinates":[76.0,12.22072]},"properties":{"cell_id":31450,"case_count":1,"gi_zscore":-0.5438,"gi_pvalue":0.033,"significance":"cold_95","district":"KODAGU"}},{"type":"Feature","geometry":{"type":"Point","coordinates":[75.75294,12.23874]},"properties":{"cell_id":32211,"case_count":1,"gi_zscore":-0.4798,"gi_pvalue":0.09,"significance":"cold_90","district":"KODAGU"}},{"type":"Feature","geometry":{"type":"Point","coordinates":[75.82353,12.24775]},"properties":{"cell_id":32608,"case_count":1,"gi_zscore":-0.4798,"gi_pvalue":0.09,"significance":"cold_90","district":"KODAGU"}},{"type":"Feature","geometry":{"type":"Point","coordinates":[75.90588,12.25676]},"properties":{"cell_id":33006,"case_count":1,"gi_zscore":-0.5438,"gi_pvalue":0.033,"significance":"cold_95","district":"KODAGU"}},{"type":"Feature","geometry":{"type":"Point","coordinates":[75.57647,12.27477]},"properties":{"cell_id":33760,"case_count":1,"gi_zscore":-0.5438,"gi_pvalue":0.033,"significance":"cold_95","district":"KODAGU"}},{"type":"Feature","geometry":{"type":"Point","coordinates":[75.92941,12.28378]},"properties":{"cell_id":34181,"case_count":1,"gi_zscore":-0.5438,"gi_pvalue":0.033,"significance":"cold_95","district":"KODAGU"}},{"type":"Feature","geometry":{"type":"Point","coordinates":[75.94118,12.28378]},"properties":{"cell_id":34182,"case_count":1,"gi_zscore":-0.5438,"gi_pvalue":0.033,"significance":"cold_95","district":"KODAGU"}},{"type":"Feature","geometry":{"type":"Point","coordinates":[75.56471,12.29279]},"properties":{"cell_id":34541,"case_count":1,"gi_zscore":-0.5438,"gi_pvalue":0.033,"significance":"cold_95","district":"KODAGU"}},{"type":"Feature","geometry":{"type":"Point","coordinates":[75.88235,12.29279]},"properties":{"cell_id":34568,"case_count":1,"gi_zscore":-0.5438,"gi_pvalue":0.033,"significance":"cold_95","district":"KODAGU"}},{"type":"Feature","geometry":{"type":"Point","coordinates":[75.81176,12.3018]},"properties":{"cell_id":34953,"case_count":1,"gi_zscore":-0.5438,"gi_pvalue":0.033,"significance":"cold_95","district":"KODAGU"}},{"type":"Feature","geometry":{"type":"Point","coordinates":[75.74118,12.31081]},"properties":{"cell_id":35338,"case_count":1,"gi_zscore":-0.5438,"gi_pvalue":0.033,"significance":"cold_95","district":"KODAGU"}},{"type":"Feature","geometry":{"type":"Point","coordinates":[75.6,12.33784]},"properties":{"cell_id":36499,"case_count":1,"gi_zscore":-0.5438,"gi_pvalue":0.033,"significance":"cold_95","district":"KODAGU"}},{"type":"Feature","geometry":{"type":"Point","coordinates":[75.70588,12.38288]},"properties":{"cell_id":38463,"case_count":1,"gi_zscore":-0.5438,"gi_pvalue":0.033,"significance":"cold_95","district":"KODAGU"}},{"type":"Feature","geometry":{"type":"Point","coordinates":[75.83529,12.4009]},"properties":{"cell_id":39256,"case_count":1,"gi_zscore":-0.4798,"gi_pvalue":0.033,"significance":"cold_95","district":"KODAGU"}},{"type":"Feature","geometry":{"type":"Point","coordinates":[75.74118,12.41892]},"properties":{"cell_id":40030,"case_count":1,"gi_zscore":-0.5438,"gi_pvalue":0.033,"significance":"cold_95","district":"KODAGU"}},{"type":"Feature","geometry":{"type":"Point","coordinates":[75.83529,12.45495]},"properties":{"cell_id":41602,"case_count":1,"gi_zscore":-0.4798,"gi_pvalue":0.033,"significance":"cold_95","district":"KODAGU"}},{"type":"Feature","geometry":{"type":"Point","coordinates":[75.95294,12.45495]},"properties":{"cell_id":41612,"case_count":2,"gi_zscore":-0.4798,"gi_pvalue":0.001,"significance":"cold_99","district":"KODAGU"}},{"type":"Feature","geometry":{"type":"Point","coordinates":[75.43529,12.5]},"properties":{"cell_id":43523,"case_count":1,"gi_zscore":-0.5438,"gi_pvalue":0.033,"significance":"cold_95","district":"KODAGU"}},{"type":"Feature","geometry":{"type":"Point","coordinates":[75.92941,12.50901]},"properties":{"cell_id":43956,"case_count":1,"gi_zscore":-0.4798,"gi_pvalue":0.033,"significance":"cold_95","district":"KODAGU"}},{"type":"Feature","geometry":{"type":"Point","coordinates":[75.96471,12.53604]},"properties":{"cell_id":45132,"case_count":1,"gi_zscore":-0.4798,"gi_pvalue":0.033,"significance":"cold_95","district":"KODAGU"}},{"type":"Feature","geometry":{"type":"Point","coordinates":[75.91765,12.56306]},"properties":{"cell_id":46301,"case_count":1,"gi_zscore":-0.4798,"gi_pvalue":0.092,"significance":"cold_90","district":"KODAGU"}},{"type":"Feature","geometry":{"type":"Point","coordinates":[75.74118,12.58108]},"properties":{"cell_id":47068,"case_count":1,"gi_zscore":-0.4798,"gi_pvalue":0.033,"significance":"cold_95","district":"KODAGU"}},{"type":"Feature","geometry":{"type":"Point","coordinates":[75.89412,12.7973]},"properties":{"cell_id":56465,"case_count":1,"gi_zscore":-0.4798,"gi_pvalue":0.092,"significance":"cold_90","district":"KODAGU"}},{"type":"Feature","geometry":{"type":"Point","coordinates":[75.87059,12.80631]},"properties":{"cell_id":56854,"case_count":1,"gi_zscore":-0.4798,"gi_pvalue":0.092,"significance":"cold_90","district":"KODAGU"}},{"type":"Feature","geometry":{"type":"Point","coordinates":[77.6,12.97748]},"properties":{"cell_id":64430,"case_count":8,"gi_zscore":1.3131,"gi_pvalue":0.003,"significance":"hot_99","district":"KODAGU"}},{"type":"Feature","geometry":{"type":"Point","coordinates":[77.61176,12.98649]},"properties":{"cell_id":64822,"case_count":6,"gi_zscore":1.3131,"gi_pvalue":0.003,"significance":"hot_99","district":"KODAGU"}},{"type":"Feature","geometry":{"type":"Point","coordinates":[77.61176,12.9955]},"properties":{"cell_id":65213,"case_count":3,"gi_zscore":1.3131,"gi_pvalue":0.001,"significance":"hot_99","district":"KODAGU"}},{"type":"Feature","geometry":{"type":"Point","coordinates":[77.62353,12.9955]},"properties":{"cell_id":65214,"case_count":1,"gi_zscore":1.3131,"gi_pvalue":0.001,"significance":"hot_99","district":"KODAGU"}},{"type":"Feature","geometry":{"type":"Point","coordinates":[77.62353,13.0045]},"properties":{"cell_id":65605,"case_count":4,"gi_zscore":1.3131,"gi_pvalue":0.001,"significance":"hot_99","district":"KODAGU"}},{"type":"Feature","geometry":{"type":"Point","coordinates":[77.63529,13.01351]},"properties":{"cell_id":65997,"case_count":6,"gi_zscore":0.9289,"gi_pvalue":0.014,"significance":"hot_95","district":"KODAGU"}},{"type":"Feature","geometry":{"type":"Point","coordinates":[77.64706,13.03153]},"properties":{"cell_id":66780,"case_count":1,"gi_zscore":0.7368,"gi_pvalue":0.006,"significance":"hot_99","district":"KODAGU"}},{"type":"Feature","geometry":{"type":"Point","coordinates":[77.65882,13.03153]},"properties":{"cell_id":66781,"case_count":6,"gi_zscore":0.7368,"gi_pvalue":0.037,"significance":"hot_95","district":"KODAGU"}},{"type":"Feature","geometry":{"type":"Point","coordinates":[77.65882,13.04054]},"properties":{"cell_id":67172,"case_count":3,"gi_zscore":0.7368,"gi_pvalue":0.018,"significance":"hot_95","district":"KODAGU"}},{"type":"Feature","geometry":{"type":"Point","coordinates":[77.67059,13.04054]},"properties":{"cell_id":67173,"case_count":2,"gi_zscore":0.5447,"gi_pvalue":0.048,"significance":"hot_95","district":"KODAGU"}},{"type":"Feature","geometry":{"type":"Point","coordinates":[77.67059,13.04955]},"properties":{"cell_id":67564,"case_count":5,"gi_zscore":0.3526,"gi_pvalue":0.283,"significance":"not_sig","district":"KODAGU"}},{"type":"Feature","geometry":{"type":"Point","coordinates":[77.68235,13.05856]},"properties":{"cell_id":67956,"case_count":1,"gi_zscore":0.3526,"gi_pvalue":0.104,"significance":"not_sig","district":"KODAGU"}},{"type":"Feature","geometry":{"type":"Point","coordinates":[77.69412,13.06757]},"properties":{"cell_id":68348,"case_count":1,"gi_zscore":0.6728,"gi_pvalue":0.015,"significance":"hot_95","district":"KODAGU"}},{"type":"Feature","geometry":{"type":"Point","coordinates":[77.70588,13.07658]},"properties":{"cell_id":68740,"case_count":1,"gi_zscore":0.4807,"gi_pvalue":0.049,"significance":"hot_95","district":"KODAGU"}},{"type":"Feature","geometry":{"type":"Point","coordinates":[77.70588,13.08559]},"properties":{"cell_id":69131,"case_count":3,"gi_zscore":0.8009,"gi_pvalue":0.013,"significance":"hot_95","district":"KODAGU"}},{"type":"Feature","geometry":{"type":"Point","coordinates":[77.71765,13.09459]},"properties":{"cell_id":69523,"case_count":6,"gi_zscore":0.5447,"gi_pvalue":0.15,"significance":"not_sig","district":"KODAGU"}},{"type":"Feature","geometry":{"type":"Point","coordinates":[77.72941,13.1036]},"properties":{"cell_id":69915,"case_count":2,"gi_zscore":0.5447,"gi_pvalue":0.044,"significance":"hot_95","district":"KODAGU"}},{"type":"Feature","geometry":{"type":"Point","coordinates":[77.72941,13.11261]},"properties":{"cell_id":70306,"case_count":4,"gi_zscore":0.6728,"gi_pvalue":0.038,"significance":"hot_95","district":"KODAGU"}},{"type":"Feature","geometry":{"type":"Point","coordinates":[77.74118,13.12162]},"properties":{"cell_id":70698,"case_count":7,"gi_zscore":0.8649,"gi_pvalue":0.035,"significance":"hot_95","district":"KODAGU"}},{"type":"Feature","geometry":{"type":"Point","coordinates":[77.75294,13.13063]},"properties":{"cell_id":71090,"case_count":1,"gi_zscore":0.6728,"gi_pvalue":0.02,"significance":"hot_95","district":"KODAGU"}},{"type":"Feature","geometry":{"type":"Point","coordinates":[77.75294,13.13964]},"properties":{"cell_id":71481,"case_count":1,"gi_zscore":0.6728,"gi_pvalue":0.02,"significance":"hot_95","district":"KODAGU"}},{"type":"Feature","geometry":{"type":"Point","coordinates":[77.76471,13.13964]},"properties":{"cell_id":71482,"case_count":3,"gi_zscore":0.7368,"gi_pvalue":0.021,"significance":"hot_95","district":"KODAGU"}},{"type":"Feature","geometry":{"type":"Point","coordinates":[77.76471,13.14865]},"properties":{"cell_id":71873,"case_count":2,"gi_zscore":0.7368,"gi_pvalue":0.019,"significance":"hot_95","district":"KODAGU"}},{"type":"Feature","geometry":{"type":"Point","coordinates":[77.77647,13.14865]},"properties":{"cell_id":71874,"case_count":5,"gi_zscore":0.7368,"gi_pvalue":0.044,"significance":"hot_95","district":"KODAGU"}},{"type":"Feature","geometry":{"type":"Point","coordinates":[77.77647,13.15766]},"properties":{"cell_id":72265,"case_count":3,"gi_zscore":0.7368,"gi_pvalue":0.022,"significance":"hot_95","district":"KODAGU"}},{"type":"Feature","geometry":{"type":"Point","coordinates":[77.78824,13.15766]},"properties":{"cell_id":72266,"case_count":2,"gi_zscore":0.7368,"gi_pvalue":0.019,"significance":"hot_95","district":"KODAGU"}},{"type":"Feature","geometry":{"type":"Point","coordinates":[77.78824,13.16667]},"properties":{"cell_id":72657,"case_count":5,"gi_zscore":0.7368,"gi_pvalue":0.043,"significance":"hot_95","district":"KODAGU"}},{"type":"Feature","geometry":{"type":"Point","coordinates":[78.0,12.85135]},"properties":{"cell_id":58990,"case_count":1,"gi_zscore":-0.7531,"gi_pvalue":0.002,"significance":"cold_99","district":"KOLAR"}},{"type":"Feature","geometry":{"type":"Point","coordinates":[77.84706,12.8964]},"properties":{"cell_id":60932,"case_count":1,"gi_zscore":-0.7531,"gi_pvalue":0.002,"significance":"cold_99","district":"KOLAR"}},{"type":"Feature","geometry":{"type":"Point","coordinates":[77.85882,12.92342]},"properties":{"cell_id":62106,"case_count":1,"gi_zscore":-0.7531,"gi_pvalue":0.002,"significance":"cold_99","district":"KOLAR"}},{"type":"Feature","geometry":{"type":"Point","coordinates":[77.6,12.96847]},"properties":{"cell_id":64039,"case_count":2,"gi_zscore":0.3653,"gi_pvalue":0.122,"significance":"not_sig","district":"KOLAR"}},{"type":"Feature","geometry":{"type":"Point","coordinates":[77.6,12.97748]},"properties":{"cell_id":64430,"case_count":9,"gi_zscore":0.3653,"gi_pvalue":0.225,"significance":"not_sig","district":"KOLAR"}},{"type":"Feature","geometry":{"type":"Point","coordinates":[77.91765,12.97748]},"properties":{"cell_id":64457,"case_count":1,"gi_zscore":-0.7531,"gi_pvalue":0.002,"significance":"cold_99","district":"KOLAR"}},{"type":"Feature","geometry":{"type":"Point","coordinates":[77.6,12.98649]},"properties":{"cell_id":64821,"case_count":4,"gi_zscore":0.3653,"gi_pvalue":0.14,"significance":"not_sig","district":"KOLAR"}},{"type":"Feature","geometry":{"type":"Point","coordinates":[77.61176,12.98649]},"properties":{"cell_id":64822,"case_count":8,"gi_zscore":0.3653,"gi_pvalue":0.209,"significance":"not_sig","district":"KOLAR"}},{"type":"Feature","geometry":{"type":"Point","coordinates":[77.61176,12.9955]},"properties":{"cell_id":65213,"case_count":1,"gi_zscore":0.3653,"gi_pvalue":0.093,"significance":"hot_90","district":"KOLAR"}},{"type":"Feature","geometry":{"type":"Point","coordinates":[77.62353,12.9955]},"properties":{"cell_id":65214,"case_count":4,"gi_zscore":0.707,"gi_pvalue":0.026,"significance":"hot_95","district":"KOLAR"}},{"type":"Feature","geometry":{"type":"Point","coordinates":[77.94118,12.9955]},"properties":{"cell_id":65241,"case_count":1,"gi_zscore":-0.7531,"gi_pvalue":0.001,"significance":"cold_99","district":"KOLAR"}},{"type":"Feature","geometry":{"type":"Point","coordinates":[77.97647,12.9955]},"properties":{"cell_id":65244,"case_count":1,"gi_zscore":-0.7531,"gi_pvalue":0.001,"significance":"cold_99","district":"KOLAR"}},{"type":"Feature","geometry":{"type":"Point","coordinates":[77.43529,13.0045]},"properties":{"cell_id":65589,"case_count":1,"gi_zscore":0.1167,"gi_pvalue":0.239,"significance":"not_sig","district":"KOLAR"}},{"type":"Feature","geometry":{"type":"Point","coordinates":[77.62353,13.0045]},"properties":{"cell_id":65605,"case_count":6,"gi_zscore":0.707,"gi_pvalue":0.038,"significance":"hot_95","district":"KOLAR"}},{"type":"Feature","geometry":{"type":"Point","coordinates":[77.63529,13.0045]},"properties":{"cell_id":65606,"case_count":2,"gi_zscore":0.6448,"gi_pvalue":0.031,"significance":"hot_95","district":"KOLAR"}},{"type":"Feature","geometry":{"type":"Point","coordinates":[78.01176,13.0045]},"properties":{"cell_id":65638,"case_count":1,"gi_zscore":-0.7531,"gi_pvalue":0.001,"significance":"cold_99","district":"KOLAR"}},{"type":"Feature","geometry":{"type":"Point","coordinates":[77.63529,13.01351]},"properties":{"cell_id":65997,"case_count":9,"gi_zscore":0.4585,"gi_pvalue":0.146,"significance":"not_sig","district":"KOLAR"}},{"type":"Feature","geometry":{"type":"Point","coordinates":[77.92941,13.01351]},"properties":{"cell_id":66022,"case_count":1,"gi_zscore":-0.7531,"gi_pvalue":0.001,"significance":"cold_99","district":"KOLAR"}},{"type":"Feature","geometry":{"type":"Point","coordinates":[77.64706,13.02252]},"properties":{"cell_id":66389,"case_count":13,"gi_zscore":0.5827,"gi_pvalue":0.128,"significance":"not_sig","district":"KOLAR"}},{"type":"Feature","geometry":{"type":"Point","coordinates":[77.64706,13.03153]},"properties":{"cell_id":66780,"case_count":5,"gi_zscore":0.5827,"gi_pvalue":0.059,"significance":"hot_90","district":"KOLAR"}},{"type":"Feature","geometry":{"type":"Point","coordinates":[77.65882,13.03153]},"properties":{"cell_id":66781,"case_count":6,"gi_zscore":0.5517,"gi_pvalue":0.083,"significance":"hot_90","district":"KOLAR"}},{"type":"Feature","geometry":{"type":"Point","coordinates":[77.65882,13.04054]},"properties":{"cell_id":67172,"case_count":2,"gi_zscore":0.3963,"gi_pvalue":0.089,"significance":"hot_90","district":"KOLAR"}},{"type":"Feature","geometry":{"type":"Point","coordinates":[77.67059,13.04054]},"properties":{"cell_id":67173,"case_count":5,"gi_zscore":0.3963,"gi_pvalue":0.126,"significance":"not_sig","district":"KOLAR"}},{"type":"Feature","geometry":{"type":"Point","coordinates":[77.67059,13.04955]},"properties":{"cell_id":67564,"case_count":4,"gi_zscore":0.1478,"gi_pvalue":0.333,"significance":"not_sig","district":"KOLAR"}},{"type":"Feature","geometry":{"type":"Point","coordinates":[77.68235,13.04955]},"properties":{"cell_id":67565,"case_count":1,"gi_zscore":0.0857,"gi_pvalue":0.311,"significance":"not_sig","district":"KOLAR"}},{"type":"Feature","geometry":{"type":"Point","coordinates":[77.68235,13.05856]},"properties":{"cell_id":67956,"case_count":6,"gi_zscore":-0.0075,"gi_pvalue":0.464,"significance":"not_sig","district":"KOLAR"}},{"type":"Feature","geometry":{"type":"Point","coordinates":[77.68235,13.06757]},"properties":{"cell_id":68347,"case_count":4,"gi_zscore":0.1789,"gi_pvalue":0.277,"significance":"not_sig","district":"KOLAR"}},{"type":"Feature","geometry":{"type":"Point","coordinates":[77.69412,13.06757]},"properties":{"cell_id":68348,"case_count":5,"gi_zscore":0.0546,"gi_pvalue":0.453,"significance":"not_sig","district":"KOLAR"}},{"type":"Feature","geometry":{"type":"Point","coordinates":[77.69412,13.07658]},"properties":{"cell_id":68739,"case_count":3,"gi_zscore":0.2099,"gi_pvalue":0.214,"significance":"not_sig","district":"KOLAR"}},{"type":"Feature","geometry":{"type":"Point","coordinates":[77.70588,13.07658]},"properties":{"cell_id":68740,"case_count":3,"gi_zscore":0.3031,"gi_pvalue":0.138,"significance":"not_sig","district":"KOLAR"}},{"type":"Feature","geometry":{"type":"Point","coordinates":[77.70588,13.08559]},"properties":{"cell_id":69131,"case_count":8,"gi_zscore":0.4274,"gi_pvalue":0.173,"significance":"not_sig","district":"KOLAR"}},{"type":"Feature","geometry":{"type":"Point","coordinates":[77.71765,13.08559]},"properties":{"cell_id":69132,"case_count":1,"gi_zscore":0.4895,"gi_pvalue":0.054,"significance":"hot_90","district":"KOLAR"}},{"type":"Feature","geometry":{"type":"Point","coordinates":[77.71765,13.09459]},"properties":{"cell_id":69523,"case_count":9,"gi_zscore":0.4895,"gi_pvalue":0.155,"significance":"not_sig","district":"KOLAR"}},{"type":"Feature","geometry":{"type":"Point","coordinates":[78.47059,13.09459]},"properties":{"cell_id":69587,"case_count":1,"gi_zscore":-0.7531,"gi_pvalue":0.001,"significance":"cold_99","district":"KOLAR"}},{"type":"Feature","geometry":{"type":"Point","coordinates":[77.71765,13.1036]},"properties":{"cell_id":69914,"case_count":4,"gi_zscore":0.6759,"gi_pvalue":0.023,"significance":"hot_95","district":"KOLAR"}},{"type":"Feature","geometry":{"type":"Point","coordinates":[77.72941,13.1036]},"properties":{"cell_id":69915,"case_count":10,"gi_zscore":0.6448,"gi_pvalue":0.078,"significance":"hot_90","district":"KOLAR"}},{"type":"Feature","geometry":{"type":"Point","coordinates":[77.72941,13.11261]},"properties":{"cell_id":70306,"case_count":6,"gi_zscore":0.9866,"gi_pvalue":0.005,"significance":"hot_99","district":"KOLAR"}},{"type":"Feature","geometry":{"type":"Point","coordinates":[77.74118,13.11261]},"properties":{"cell_id":70307,"case_count":5,"gi_zscore":0.9866,"gi_pvalue":0.006,"significance":"hot_99","district":"KOLAR"}},{"type":"Feature","geometry":{"type":"Point","coordinates":[77.74118,13.12162]},"properties":{"cell_id":70698,"case_count":9,"gi_zscore":0.8623,"gi_pvalue":0.015,"significance":"hot_95","district":"KOLAR"}},{"type":"Feature","geometry":{"type":"Point","coordinates":[77.75294,13.12162]},"properties":{"cell_id":70699,"case_count":2,"gi_zscore":0.8623,"gi_pvalue":0.009,"significance":"hot_99","district":"KOLAR"}},{"type":"Feature","geometry":{"type":"Point","coordinates":[78.09412,13.12162]},"properties":{"cell_id":70728,"case_count":1,"gi_zscore":-0.7531,"gi_pvalue":0.001,"significance":"cold_99","district":"KOLAR"}},{"type":"Feature","geometry":{"type":"Point","coordinates":[77.75294,13.13063]},"properties":{"cell_id":71090,"case_count":19,"gi_zscore":0.6759,"gi_pvalue":0.158,"significance":"not_sig","district":"KOLAR"}},{"type":"Feature","geometry":{"type":"Point","coordinates":[78.23529,13.13063]},"properties":{"cell_id":71131,"case_count":1,"gi_zscore":-0.7531,"gi_pvalue":0.001,"significance":"cold_99","district":"KOLAR"}},{"type":"Feature","geometry":{"type":"Point","coordinates":[77.75294,13.13964]},"properties":{"cell_id":71481,"case_count":1,"gi_zscore":0.707,"gi_pvalue":0.019,"significance":"hot_95","district":"KOLAR"}},{"type":"Feature","geometry":{"type":"Point","coordinates":[77.76471,13.13964]},"properties":{"cell_id":71482,"case_count":5,"gi_zscore":0.5827,"gi_pvalue":0.049,"significance":"hot_95","district":"KOLAR"}},{"type":"Feature","geometry":{"type":"Point","coordinates":[77.76471,13.14865]},"properties":{"cell_id":71873,"case_count":4,"gi_zscore":0.5517,"gi_pvalue":0.056,"significance":"hot_90","district":"KOLAR"}},{"type":"Feature","geometry":{"type":"Point","coordinates":[77.77647,13.14865]},"properties":{"cell_id":71874,"case_count":4,"gi_zscore":0.5517,"gi_pvalue":0.056,"significance":"hot_90","district":"KOLAR"}},{"type":"Feature","geometry":{"type":"Point","coordinates":[78.14118,13.14865]},"properties":{"cell_id":71905,"case_count":1,"gi_zscore":-0.7531,"gi_pvalue":0.002,"significance":"cold_99","district":"KOLAR"}},{"type":"Feature","geometry":{"type":"Point","coordinates":[78.25882,13.14865]},"properties":{"cell_id":71915,"case_count":1,"gi_zscore":-0.7531,"gi_pvalue":0.002,"significance":"cold_99","district":"KOLAR"}},{"type":"Feature","geometry":{"type":"Point","coordinates":[77.77647,13.15766]},"properties":{"cell_id":72265,"case_count":7,"gi_zscore":0.5517,"gi_pvalue":0.086,"significance":"hot_90","district":"KOLAR"}},{"type":"Feature","geometry":{"type":"Point","coordinates":[77.78824,13.15766]},"properties":{"cell_id":72266,"case_count":1,"gi_zscore":0.5517,"gi_pvalue":0.038,"significance":"hot_95","district":"KOLAR"}},{"type":"Feature","geometry":{"type":"Point","coordinates":[77.78824,13.16667]},"properties":{"cell_id":72657,"case_count":8,"gi_zscore":0.5517,"gi_pvalue":0.107,"significance":"not_sig","district":"KOLAR"}},{"type":"Feature","geometry":{"type":"Point","coordinates":[77.98824,13.16667]},"properties":{"cell_id":72674,"case_count":1,"gi_zscore":-0.7531,"gi_pvalue":0.001,"significance":"cold_99","district":"KOLAR"}},{"type":"Feature","geometry":{"type":"Point","coordinates":[78.4,13.16667]},"properties":{"cell_id":72709,"case_count":1,"gi_zscore":-0.7531,"gi_pvalue":0.001,"significance":"cold_99","district":"KOLAR"}},{"type":"Feature","geometry":{"type":"Point","coordinates":[78.04706,13.18468]},"properties":{"cell_id":73461,"case_count":1,"gi_zscore":-0.7531,"gi_pvalue":0.001,"significance":"cold_99","district":"KOLAR"}},{"type":"Feature","geometry":{"type":"Point","coordinates":[78.02353,13.19369]},"properties":{"cell_id":73850,"case_count":1,"gi_zscore":-0.7531,"gi_pvalue":0.001,"significance":"cold_99","district":"KOLAR"}},{"type":"Feature","geometry":{"type":"Point","coordinates":[78.15294,13.2027]},"properties":{"cell_id":74252,"case_count":1,"gi_zscore":-0.7531,"gi_pvalue":0.001,"significance":"cold_99","district":"KOLAR"}},{"type":"Feature","geometry":{"type":"Point","coordinates":[78.10588,13.22072]},"properties":{"cell_id":75030,"case_count":1,"gi_zscore":-0.7531,"gi_pvalue":0.001,"significance":"cold_99","district":"KOLAR"}},{"type":"Feature","geometry":{"type":"Point","coordinates":[78.43529,13.22072]},"properties":{"cell_id":75058,"case_count":1,"gi_zscore":-0.7531,"gi_pvalue":0.001,"significance":"cold_99","district":"KOLAR"}},{"type":"Feature","geometry":{"type":"Point","coordinates":[78.23529,13.25676]},"properties":{"cell_id":76605,"case_count":1,"gi_zscore":-0.7531,"gi_pvalue":0.001,"significance":"cold_99","district":"KOLAR"}},{"type":"Feature","geometry":{"type":"Point","coordinates":[78.24706,13.29279]},"properties":{"cell_id":78170,"case_count":1,"gi_zscore":-0.7531,"gi_pvalue":0.001,"significance":"cold_99","district":"KOLAR"}},{"type":"Feature","geometry":{"type":"Point","coordinates":[78.32941,13.82432]},"properties":{"cell_id":101246,"case_count":1,"gi_zscore":-0.7531,"gi_pvalue":0.001,"significance":"cold_99","district":"KOLAR"}},{"type":"Feature","geometry":{"type":"Point","coordinates":[77.6,12.96847]},"properties":{"cell_id":64039,"case_count":2,"gi_zscore":1.6813,"gi_pvalue":0.001,"significance":"hot_99","district":"KOPPAL"}},{"type":"Feature","geometry":{"type":"Point","coordinates":[77.6,12.97748]},"properties":{"cell_id":64430,"case_count":15,"gi_zscore":1.6813,"gi_pvalue":0.001,"significance":"hot_99","district":"KOPPAL"}},{"type":"Feature","geometry":{"type":"Point","coordinates":[77.6,12.98649]},"properties":{"cell_id":64821,"case_count":2,"gi_zscore":1.6813,"gi_pvalue":0.001,"significance":"hot_99","district":"KOPPAL"}},{"type":"Feature","geometry":{"type":"Point","coordinates":[77.61176,12.98649]},"properties":{"cell_id":64822,"case_count":15,"gi_zscore":1.6813,"gi_pvalue":0.001,"significance":"hot_99","district":"KOPPAL"}},{"type":"Feature","geometry":{"type":"Point","coordinates":[77.61176,12.9955]},"properties":{"cell_id":65213,"case_count":7,"gi_zscore":1.6813,"gi_pvalue":0.001,"significance":"hot_99","district":"KOPPAL"}},{"type":"Feature","geometry":{"type":"Point","coordinates":[77.62353,12.9955]},"properties":{"cell_id":65214,"case_count":10,"gi_zscore":1.6813,"gi_pvalue":0.001,"significance":"hot_99","district":"KOPPAL"}},{"type":"Feature","geometry":{"type":"Point","coordinates":[77.62353,13.0045]},"properties":{"cell_id":65605,"case_count":2,"gi_zscore":1.9109,"gi_pvalue":0.001,"significance":"hot_99","district":"KOPPAL"}},{"type":"Feature","geometry":{"type":"Point","coordinates":[77.63529,13.0045]},"properties":{"cell_id":65606,"case_count":4,"gi_zscore":1.4133,"gi_pvalue":0.001,"significance":"hot_99","district":"KOPPAL"}},{"type":"Feature","geometry":{"type":"Point","coordinates":[77.63529,13.01351]},"properties":{"cell_id":65997,"case_count":10,"gi_zscore":1.4133,"gi_pvalue":0.001,"significance":"hot_99","district":"KOPPAL"}},{"type":"Feature","geometry":{"type":"Point","coordinates":[77.64706,13.02252]},"properties":{"cell_id":66389,"case_count":8,"gi_zscore":0.6861,"gi_pvalue":0.059,"significance":"hot_90","district":"KOPPAL"}},{"type":"Feature","geometry":{"type":"Point","coordinates":[77.64706,13.03153]},"properties":{"cell_id":66780,"case_count":2,"gi_zscore":0.6861,"gi_pvalue":0.02,"significance":"hot_95","district":"KOPPAL"}},{"type":"Feature","geometry":{"type":"Point","coordinates":[77.65882,13.03153]},"properties":{"cell_id":66781,"case_count":2,"gi_zscore":0.801,"gi_pvalue":0.008,"significance":"hot_99","district":"KOPPAL"}},{"type":"Feature","geometry":{"type":"Point","coordinates":[77.65882,13.04054]},"properties":{"cell_id":67172,"case_count":5,"gi_zscore":0.7244,"gi_pvalue":0.024,"significance":"hot_95","district":"KOPPAL"}},{"type":"Feature","geometry":{"type":"Point","coordinates":[77.67059,13.04054]},"properties":{"cell_id":67173,"case_count":3,"gi_zscore":0.6861,"gi_pvalue":0.022,"significance":"hot_95","district":"KOPPAL"}},{"type":"Feature","geometry":{"type":"Point","coordinates":[77.67059,13.04955]},"properties":{"cell_id":67564,"case_count":5,"gi_zscore":0.6861,"gi_pvalue":0.043,"significance":"hot_95","district":"KOPPAL"}},{"type":"Feature","geometry":{"type":"Point","coordinates":[77.68235,13.05856]},"properties":{"cell_id":67956,"case_count":5,"gi_zscore":0.533,"gi_pvalue":0.069,"significance":"hot_90","district":"KOPPAL"}},{"type":"Feature","geometry":{"type":"Point","coordinates":[77.68235,13.06757]},"properties":{"cell_id":68347,"case_count":2,"gi_zscore":0.6861,"gi_pvalue":0.015,"significance":"hot_95","district":"KOPPAL"}},{"type":"Feature","geometry":{"type":"Point","coordinates":[77.69412,13.06757]},"properties":{"cell_id":68348,"case_count":9,"gi_zscore":0.5713,"gi_pvalue":0.123,"significance":"not_sig","district":"KOPPAL"}},{"type":"Feature","geometry":{"type":"Point","coordinates":[77.69412,13.07658]},"properties":{"cell_id":68739,"case_count":4,"gi_zscore":0.7627,"gi_pvalue":0.017,"significance":"hot_95","district":"KOPPAL"}},{"type":"Feature","geometry":{"type":"Point","coordinates":[77.70588,13.07658]},"properties":{"cell_id":68740,"case_count":2,"gi_zscore":0.6479,"gi_pvalue":0.021,"significance":"hot_95","district":"KOPPAL"}},{"type":"Feature","geometry":{"type":"Point","coordinates":[77.70588,13.08559]},"properties":{"cell_id":69131,"case_count":6,"gi_zscore":0.8392,"gi_pvalue":0.015,"significance":"hot_95","district":"KOPPAL"}},{"type":"Feature","geometry":{"type":"Point","coordinates":[77.71765,13.08559]},"properties":{"cell_id":69132,"case_count":2,"gi_zscore":0.9541,"gi_pvalue":0.004,"significance":"hot_99","district":"KOPPAL"}},{"type":"Feature","geometry":{"type":"Point","coordinates":[77.71765,13.09459]},"properties":{"cell_id":69523,"case_count":8,"gi_zscore":0.6861,"gi_pvalue":0.062,"significance":"hot_90","district":"KOPPAL"}},{"type":"Feature","geometry":{"type":"Point","coordinates":[77.71765,13.1036]},"properties":{"cell_id":69914,"case_count":2,"gi_zscore":0.801,"gi_pvalue":0.01,"significance":"hot_99","district":"KOPPAL"}},{"type":"Feature","geometry":{"type":"Point","coordinates":[77.72941,13.1036]},"properties":{"cell_id":69915,"case_count":10,"gi_zscore":0.801,"gi_pvalue":0.052,"significance":"hot_90","district":"KOPPAL"}},{"type":"Feature","geometry":{"type":"Point","coordinates":[77.72941,13.11261]},"properties":{"cell_id":70306,"case_count":5,"gi_zscore":1.0306,"gi_pvalue":0.003,"significance":"hot_99","district":"KOPPAL"}},{"type":"Feature","geometry":{"type":"Point","coordinates":[77.74118,13.11261]},"properties":{"cell_id":70307,"case_count":2,"gi_zscore":0.9923,"gi_pvalue":0.003,"significance":"hot_99","district":"KOPPAL"}},{"type":"Feature","geometry":{"type":"Point","coordinates":[77.74118,13.12162]},"properties":{"cell_id":70698,"case_count":7,"gi_zscore":0.9923,"gi_pvalue":0.01,"significance":"hot_99","district":"KOPPAL"}},{"type":"Feature","geometry":{"type":"Point","coordinates":[77.75294,13.13063]},"properties":{"cell_id":71090,"case_count":8,"gi_zscore":0.9923,"gi_pvalue":0.011,"significance":"hot_95","district":"KOPPAL"}},{"type":"Feature","geometry":{"type":"Point","coordinates":[77.76471,13.13964]},"properties":{"cell_id":71482,"case_count":5,"gi_zscore":0.8392,"gi_pvalue":0.011,"significance":"hot_95","district":"KOPPAL"}},{"type":"Feature","geometry":{"type":"Point","coordinates":[77.76471,13.14865]},"properties":{"cell_id":71873,"case_count":2,"gi_zscore":0.8392,"gi_pvalue":0.006,"significance":"hot_99","district":"KOPPAL"}},{"type":"Feature","geometry":{"type":"Point","coordinates":[77.77647,13.14865]},"properties":{"cell_id":71874,"case_count":5,"gi_zscore":0.8392,"gi_pvalue":0.01,"significance":"hot_99","district":"KOPPAL"}},{"type":"Feature","geometry":{"type":"Point","coordinates":[77.77647,13.15766]},"properties":{"cell_id":72265,"case_count":5,"gi_zscore":0.8392,"gi_pvalue":0.01,"significance":"hot_99","district":"KOPPAL"}},{"type":"Feature","geometry":{"type":"Point","coordinates":[77.78824,13.15766]},"properties":{"cell_id":72266,"case_count":1,"gi_zscore":0.8392,"gi_pvalue":0.003,"significance":"hot_99","district":"KOPPAL"}},{"type":"Feature","geometry":{"type":"Point","coordinates":[77.78824,13.16667]},"properties":{"cell_id":72657,"case_count":10,"gi_zscore":0.8392,"gi_pvalue":0.032,"significance":"hot_95","district":"KOPPAL"}},{"type":"Feature","geometry":{"type":"Point","coordinates":[76.04706,15.21171]},"properties":{"cell_id":161266,"case_count":1,"gi_zscore":-0.5003,"gi_pvalue":0.008,"significance":"cold_99","district":"KOPPAL"}},{"type":"Feature","geometry":{"type":"Point","coordinates":[76.22353,15.27477]},"properties":{"cell_id":164018,"case_count":1,"gi_zscore":-0.5003,"gi_pvalue":0.008,"significance":"cold_99","district":"KOPPAL"}},{"type":"Feature","geometry":{"type":"Point","coordinates":[76.31765,15.29279]},"properties":{"cell_id":164808,"case_count":1,"gi_zscore":-0.3472,"gi_pvalue":0.16,"significance":"not_sig","district":"KOPPAL"}},{"type":"Feature","geometry":{"type":"Point","coordinates":[76.10588,15.3018]},"properties":{"cell_id":165181,"case_count":1,"gi_zscore":-0.5003,"gi_pvalue":0.008,"significance":"cold_99","district":"KOPPAL"}},{"type":"Feature","geometry":{"type":"Point","coordinates":[76.32941,15.3018]},"properties":{"cell_id":165200,"case_count":1,"gi_zscore":-0.3472,"gi_pvalue":0.166,"significance":"not_sig","district":"KOPPAL"}},{"type":"Feature","geometry":{"type":"Point","coordinates":[76.21176,15.31081]},"properties":{"cell_id":165581,"case_count":1,"gi_zscore":-0.5003,"gi_pvalue":0.008,"significance":"cold_99","district":"KOPPAL"}},{"type":"Feature","geometry":{"type":"Point","coordinates":[76.34118,15.31081]},"properties":{"cell_id":165592,"case_count":3,"gi_zscore":-0.3472,"gi_pvalue":0.104,"significance":"not_sig","district":"KOPPAL"}},{"type":"Feature","geometry":{"type":"Point","coordinates":[76.09412,15.31982]},"properties":{"cell_id":165962,"case_count":1,"gi_zscore":-0.5003,"gi_pvalue":0.006,"significance":"cold_99","district":"KOPPAL"}},{"type":"Feature","geometry":{"type":"Point","coordinates":[76.21176,15.31982]},"properties":{"cell_id":165972,"case_count":1,"gi_zscore":-0.5003,"gi_pvalue":0.006,"significance":"cold_99","district":"KOPPAL"}},{"type":"Feature","geometry":{"type":"Point","coordinates":[76.16471,15.32883]},"properties":{"cell_id":166359,"case_count":1,"gi_zscore":-0.5003,"gi_pvalue":0.006,"significance":"cold_99","district":"KOPPAL"}},{"type":"Feature","geometry":{"type":"Point","coordinates":[76.15294,15.33784]},"properties":{"cell_id":166749,"case_count":2,"gi_zscore":-0.5003,"gi_pvalue":0.001,"significance":"cold_99","district":"KOPPAL"}},{"type":"Feature","geometry":{"type":"Point","coordinates":[76.16471,15.33784]},"properties":{"cell_id":166750,"case_count":1,"gi_zscore":-0.5003,"gi_pvalue":0.006,"significance":"cold_99","district":"KOPPAL"}},{"type":"Feature","geometry":{"type":"Point","coordinates":[76.29412,15.33784]},"properties":{"cell_id":166761,"case_count":1,"gi_zscore":-0.3472,"gi_pvalue":0.17,"significance":"not_sig","district":"KOPPAL"}},{"type":"Feature","geometry":{"type":"Point","coordinates":[76.35294,15.33784]},"properties":{"cell_id":166766,"case_count":2,"gi_zscore":-0.3472,"gi_pvalue":0.147,"significance":"not_sig","district":"KOPPAL"}},{"type":"Feature","geometry":{"type":"Point","coordinates":[76.15294,15.34685]},"properties":{"cell_id":167140,"case_count":1,"gi_zscore":-0.5003,"gi_pvalue":0.005,"significance":"cold_99","district":"KOPPAL"}},{"type":"Feature","geometry":{"type":"Point","coordinates":[76.24706,15.34685]},"properties":{"cell_id":167148,"case_count":1,"gi_zscore":-0.4621,"gi_pvalue":0.039,"significance":"cold_95","district":"KOPPAL"}},{"type":"Feature","geometry":{"type":"Point","coordinates":[76.15294,15.35586]},"properties":{"cell_id":167531,"case_count":1,"gi_zscore":-0.5003,"gi_pvalue":0.005,"significance":"cold_99","district":"KOPPAL"}},{"type":"Feature","geometry":{"type":"Point","coordinates":[76.24706,15.36486]},"properties":{"cell_id":167930,"case_count":1,"gi_zscore":-0.4621,"gi_pvalue":0.039,"significance":"cold_95","district":"KOPPAL"}},{"type":"Feature","geometry":{"type":"Point","coordinates":[76.31765,15.36486]},"properties":{"cell_id":167936,"case_count":3,"gi_zscore":-0.3472,"gi_pvalue":0.094,"significance":"cold_90","district":"KOPPAL"}},{"type":"Feature","geometry":{"type":"Point","coordinates":[76.50588,15.36486]},"properties":{"cell_id":167952,"case_count":1,"gi_zscore":-0.309,"gi_pvalue":0.221,"significance":"not_sig","district":"KOPPAL"}},{"type":"Feature","geometry":{"type":"Point","coordinates":[76.34118,15.37387]},"properties":{"cell_id":168329,"case_count":1,"gi_zscore":-0.3472,"gi_pvalue":0.196,"significance":"not_sig","district":"KOPPAL"}},{"type":"Feature","geometry":{"type":"Point","coordinates":[76.30588,15.41892]},"properties":{"cell_id":170281,"case_count":1,"gi_zscore":-0.4238,"gi_pvalue":0.084,"significance":"cold_90","district":"KOPPAL"}},{"type":"Feature","geometry":{"type":"Point","coordinates":[76.54118,15.41892]},"properties":{"cell_id":170301,"case_count":1,"gi_zscore":-0.309,"gi_pvalue":0.241,"significance":"not_sig","district":"KOPPAL"}},{"type":"Feature","geometry":{"type":"Point","coordinates":[76.37647,15.42793]},"properties":{"cell_id":170678,"case_count":1,"gi_zscore":-0.4238,"gi_pvalue":0.084,"significance":"cold_90","district":"KOPPAL"}},{"type":"Feature","geometry":{"type":"Point","coordinates":[76.43529,15.42793]},"properties":{"cell_id":170683,"case_count":1,"gi_zscore":-0.3472,"gi_pvalue":0.169,"significance":"not_sig","district":"KOPPAL"}},{"type":"Feature","geometry":{"type":"Point","coordinates":[76.52941,15.42793]},"properties":{"cell_id":170691,"case_count":4,"gi_zscore":-0.309,"gi_pvalue":0.117,"significance":"not_sig","district":"KOPPAL"}},{"type":"Feature","geometry":{"type":"Point","coordinates":[76.54118,15.42793]},"properties":{"cell_id":170692,"case_count":3,"gi_zscore":-0.309,"gi_pvalue":0.168,"significance":"not_sig","district":"KOPPAL"}},{"type":"Feature","geometry":{"type":"Point","coordinates":[76.02353,15.43694]},"properties":{"cell_id":171039,"case_count":1,"gi_zscore":-0.5386,"gi_pvalue":0.005,"significance":"cold_99","district":"KOPPAL"}},{"type":"Feature","geometry":{"type":"Point","coordinates":[76.29412,15.43694]},"properties":{"cell_id":171062,"case_count":1,"gi_zscore":-0.4621,"gi_pvalue":0.04,"significance":"cold_95","district":"KOPPAL"}},{"type":"Feature","geometry":{"type":"Point","coordinates":[76.51765,15.43694]},"properties":{"cell_id":171081,"case_count":1,"gi_zscore":-0.309,"gi_pvalue":0.244,"significance":"not_sig","district":"KOPPAL"}},{"type":"Feature","geometry":{"type":"Point","coordinates":[76.54118,15.43694]},"properties":{"cell_id":171083,"case_count":2,"gi_zscore":-0.309,"gi_pvalue":0.2,"significance":"not_sig","district":"KOPPAL"}},{"type":"Feature","geometry":{"type":"Point","coordinates":[76.58824,15.43694]},"properties":{"cell_id":171087,"case_count":1,"gi_zscore":-0.309,"gi_pvalue":0.245,"significance":"not_sig","district":"KOPPAL"}},{"type":"Feature","geometry":{"type":"Point","coordinates":[76.56471,15.45495]},"properties":{"cell_id":171867,"case_count":1,"gi_zscore":-0.309,"gi_pvalue":0.245,"significance":"not_sig","district":"KOPPAL"}},{"type":"Feature","geometry":{"type":"Point","coordinates":[76.22353,15.46396]},"properties":{"cell_id":172229,"case_count":1,"gi_zscore":-0.5386,"gi_pvalue":0.005,"significance":"cold_99","district":"KOPPAL"}},{"type":"Feature","geometry":{"type":"Point","coordinates":[76.51765,15.46396]},"properties":{"cell_id":172254,"case_count":1,"gi_zscore":-0.309,"gi_pvalue":0.245,"significance":"not_sig","district":"KOPPAL"}},{"type":"Feature","geometry":{"type":"Point","coordinates":[76.57647,15.48198]},"properties":{"cell_id":173041,"case_count":1,"gi_zscore":-0.309,"gi_pvalue":0.224,"significance":"not_sig","district":"KOPPAL"}},{"type":"Feature","geometry":{"type":"Point","coordinates":[75.87059,15.49099]},"properties":{"cell_id":173372,"case_count":1,"gi_zscore":-0.4621,"gi_pvalue":0.036,"significance":"cold_95","district":"KOPPAL"}},{"type":"Feature","geometry":{"type":"Point","coordinates":[76.41176,15.49099]},"properties":{"cell_id":173418,"case_count":1,"gi_zscore":-0.5003,"gi_pvalue":0.005,"significance":"cold_99","district":"KOPPAL"}},{"type":"Feature","geometry":{"type":"Point","coordinates":[76.6,15.5]},"properties":{"cell_id":173825,"case_count":1,"gi_zscore":-0.5003,"gi_pvalue":0.036,"significance":"cold_95","district":"KOPPAL"}},{"type":"Feature","geometry":{"type":"Point","coordinates":[76.01176,15.50901]},"properties":{"cell_id":174166,"case_count":1,"gi_zscore":-0.4621,"gi_pvalue":0.036,"significance":"cold_95","district":"KOPPAL"}},{"type":"Feature","geometry":{"type":"Point","coordinates":[76.47059,15.50901]},"properties":{"cell_id":174205,"case_count":1,"gi_zscore":-0.2707,"gi_pvalue":0.286,"significance":"not_sig","district":"KOPPAL"}},{"type":"Feature","geometry":{"type":"Point","coordinates":[76.2,15.51802]},"properties":{"cell_id":174573,"case_count":1,"gi_zscore":-0.5386,"gi_pvalue":0.005,"significance":"cold_99","district":"KOPPAL"}},{"type":"Feature","geometry":{"type":"Point","coordinates":[76.63529,15.52703]},"properties":{"cell_id":175001,"case_count":1,"gi_zscore":-0.5386,"gi_pvalue":0.005,"significance":"cold_99","district":"KOPPAL"}},{"type":"Feature","geometry":{"type":"Point","coordinates":[76.2,15.53604]},"properties":{"cell_id":175355,"case_count":1,"gi_zscore":-0.5386,"gi_pvalue":0.005,"significance":"cold_99","district":"KOPPAL"}},{"type":"Feature","geometry":{"type":"Point","coordinates":[76.63529,15.53604]},"properties":{"cell_id":175392,"case_count":1,"gi_zscore":-0.5386,"gi_pvalue":0.005,"significance":"cold_99","district":"KOPPAL"}},{"type":"Feature","geometry":{"type":"Point","coordinates":[76.6,15.54505]},"properties":{"cell_id":175780,"case_count":1,"gi_zscore":-0.5386,"gi_pvalue":0.005,"significance":"cold_99","district":"KOPPAL"}},{"type":"Feature","geometry":{"type":"Point","coordinates":[76.75294,15.55405]},"properties":{"cell_id":176184,"case_count":1,"gi_zscore":-0.5386,"gi_pvalue":0.005,"significance":"cold_99","district":"KOPPAL"}},{"type":"Feature","geometry":{"type":"Point","coordinates":[76.35294,15.56306]},"properties":{"cell_id":176541,"case_count":1,"gi_zscore":-0.5003,"gi_pvalue":0.005,"significance":"cold_99","district":"KOPPAL"}},{"type":"Feature","geometry":{"type":"Point","coordinates":[76.63529,15.56306]},"properties":{"cell_id":176565,"case_count":1,"gi_zscore":-0.5386,"gi_pvalue":0.005,"significance":"cold_99","district":"KOPPAL"}},{"type":"Feature","geometry":{"type":"Point","coordinates":[75.98824,15.57207]},"properties":{"cell_id":176901,"case_count":1,"gi_zscore":-0.4621,"gi_pvalue":0.036,"significance":"cold_95","district":"KOPPAL"}},{"type":"Feature","geometry":{"type":"Point","coordinates":[76.42353,15.57207]},"properties":{"cell_id":176938,"case_count":2,"gi_zscore":-0.5003,"gi_pvalue":0.001,"significance":"cold_99","district":"KOPPAL"}},{"type":"Feature","geometry":{"type":"Point","coordinates":[76.65882,15.57207]},"properties":{"cell_id":176958,"case_count":1,"gi_zscore":-0.5386,"gi_pvalue":0.006,"significance":"cold_99","district":"KOPPAL"}},{"type":"Feature","geometry":{"type":"Point","coordinates":[76.70588,15.57207]},"properties":{"cell_id":176962,"case_count":1,"gi_zscore":-0.5386,"gi_pvalue":0.006,"significance":"cold_99","district":"KOPPAL"}},{"type":"Feature","geometry":{"type":"Point","coordinates":[76.04706,15.59009]},"properties":{"cell_id":177688,"case_count":1,"gi_zscore":-0.4621,"gi_pvalue":0.035,"significance":"cold_95","district":"KOPPAL"}},{"type":"Feature","geometry":{"type":"Point","coordinates":[76.23529,15.59009]},"properties":{"cell_id":177704,"case_count":1,"gi_zscore":-0.5386,"gi_pvalue":0.006,"significance":"cold_99","district":"KOPPAL"}},{"type":"Feature","geometry":{"type":"Point","coordinates":[76.37647,15.59009]},"properties":{"cell_id":177716,"case_count":1,"gi_zscore":-0.5003,"gi_pvalue":0.006,"significance":"cold_99","district":"KOPPAL"}},{"type":"Feature","geometry":{"type":"Point","coordinates":[76.01176,15.61712]},"properties":{"cell_id":178858,"case_count":2,"gi_zscore":-0.4621,"gi_pvalue":0.009,"significance":"cold_99","district":"KOPPAL"}},{"type":"Feature","geometry":{"type":"Point","coordinates":[75.92941,15.62613]},"properties":{"cell_id":179242,"case_count":2,"gi_zscore":-0.4621,"gi_pvalue":0.009,"significance":"cold_99","district":"KOPPAL"}},{"type":"Feature","geometry":{"type":"Point","coordinates":[76.57647,15.62613]},"properties":{"cell_id":179297,"case_count":1,"gi_zscore":-0.5386,"gi_pvalue":0.008,"significance":"cold_99","district":"KOPPAL"}},{"type":"Feature","geometry":{"type":"Point","coordinates":[76.05882,15.63514]},"properties":{"cell_id":179644,"case_count":1,"gi_zscore":-0.4621,"gi_pvalue":0.035,"significance":"cold_95","district":"KOPPAL"}},{"type":"Feature","geometry":{"type":"Point","coordinates":[76.47059,15.64414]},"properties":{"cell_id":180070,"case_count":1,"gi_zscore":-0.5003,"gi_pvalue":0.035,"significance":"cold_95","district":"KOPPAL"}},{"type":"Feature","geometry":{"type":"Point","coordinates":[76.54118,15.65315]},"properties":{"cell_id":180467,"case_count":1,"gi_zscore":-0.5003,"gi_pvalue":0.035,"significance":"cold_95","district":"KOPPAL"}},{"type":"Feature","geometry":{"type":"Point","coordinates":[76.67059,15.65315]},"properties":{"cell_id":180478,"case_count":1,"gi_zscore":-0.5386,"gi_pvalue":0.008,"significance":"cold_99","district":"KOPPAL"}},{"type":"Feature","geometry":{"type":"Point","coordinates":[76.25882,15.71622]},"properties":{"cell_id":183180,"case_count":1,"gi_zscore":-0.5386,"gi_pvalue":0.008,"significance":"cold_99","district":"KOPPAL"}},{"type":"Feature","geometry":{"type":"Point","coordinates":[76.18824,15.75225]},"properties":{"cell_id":184738,"case_count":1,"gi_zscore":-0.5386,"gi_pvalue":0.008,"significance":"cold_99","district":"KOPPAL"}},{"type":"Feature","geometry":{"type":"Point","coordinates":[76.18824,15.76126]},"properties":{"cell_id":185129,"case_count":1,"gi_zscore":-0.5386,"gi_pvalue":0.008,"significance":"cold_99","district":"KOPPAL"}},{"type":"Feature","geometry":{"type":"Point","coordinates":[76.4,15.77027]},"properties":{"cell_id":185538,"case_count":1,"gi_zscore":-0.5003,"gi_pvalue":0.035,"significance":"cold_95","district":"KOPPAL"}},{"type":"Feature","geometry":{"type":"Point","coordinates":[76.35294,15.81532]},"properties":{"cell_id":187489,"case_count":1,"gi_zscore":-0.5386,"gi_pvalue":0.008,"significance":"cold_99","district":"KOPPAL"}},{"type":"Feature","geometry":{"type":"Point","coordinates":[76.17647,15.82432]},"properties":{"cell_id":187865,"case_count":1,"gi_zscore":-0.5386,"gi_pvalue":0.008,"significance":"cold_99","district":"KOPPAL"}},{"type":"Feature","geometry":{"type":"Point","coordinates":[76.18824,15.82432]},"properties":{"cell_id":187866,"case_count":1,"gi_zscore":-0.5386,"gi_pvalue":0.008,"significance":"cold_99","district":"KOPPAL"}},{"type":"Feature","geometry":{"type":"Point","coordinates":[75.90588,15.84234]},"properties":{"cell_id":188624,"case_count":1,"gi_zscore":-0.4621,"gi_pvalue":0.073,"significance":"cold_90","district":"KOPPAL"}},{"type":"Feature","geometry":{"type":"Point","coordinates":[76.08235,15.84234]},"properties":{"cell_id":188639,"case_count":1,"gi_zscore":-0.5386,"gi_pvalue":0.008,"significance":"cold_99","district":"KOPPAL"}},{"type":"Feature","geometry":{"type":"Point","coordinates":[76.2,15.84234]},"properties":{"cell_id":188649,"case_count":1,"gi_zscore":-0.5386,"gi_pvalue":0.008,"significance":"cold_99","district":"KOPPAL"}},{"type":"Feature","geometry":{"type":"Point","coordinates":[76.04706,15.86937]},"properties":{"cell_id":189809,"case_count":1,"gi_zscore":-0.5386,"gi_pvalue":0.008,"significance":"cold_99","district":"KOPPAL"}},{"type":"Feature","geometry":{"type":"Point","coordinates":[76.05882,15.95045]},"properties":{"cell_id":193329,"case_count":1,"gi_zscore":-0.5386,"gi_pvalue":0.008,"significance":"cold_99","district":"KOPPAL"}},{"type":"Feature","geometry":{"type":"Point","coordinates":[77.24706,12.39189]},"properties":{"cell_id":38985,"case_count":1,"gi_zscore":-0.8923,"gi_pvalue":0.001,"significance":"cold_99","district":"MANDYA"}},{"type":"Feature","geometry":{"type":"Point","coordinates":[76.68235,12.41892]},"properties":{"cell_id":40110,"case_count":1,"gi_zscore":-0.848,"gi_pvalue":0.002,"significance":"cold_99","district":"MANDYA"}},{"type":"Feature","geometry":{"type":"Point","coordinates":[77.22353,12.42793]},"properties":{"cell_id":40547,"case_count":1,"gi_zscore":-0.8923,"gi_pvalue":0.001,"significance":"cold_99","district":"MANDYA"}},{"type":"Feature","geometry":{"type":"Point","coordinates":[76.12941,12.45495]},"properties":{"cell_id":41627,"case_count":1,"gi_zscore":-0.8812,"gi_pvalue":0.001,"significance":"cold_99","district":"MANDYA"}},{"type":"Feature","geometry":{"type":"Point","coordinates":[76.25882,12.45495]},"properties":{"cell_id":41638,"case_count":1,"gi_zscore":-0.8812,"gi_pvalue":0.001,"significance":"cold_99","district":"MANDYA"}},{"type":"Feature","geometry":{"type":"Point","coordinates":[77.02353,12.46396]},"properties":{"cell_id":42094,"case_count":1,"gi_zscore":-0.8702,"gi_pvalue":0.001,"significance":"cold_99","district":"MANDYA"}},{"type":"Feature","geometry":{"type":"Point","coordinates":[77.01176,12.48198]},"properties":{"cell_id":42875,"case_count":1,"gi_zscore":-0.8702,"gi_pvalue":0.001,"significance":"cold_99","district":"MANDYA"}},{"type":"Feature","geometry":{"type":"Point","coordinates":[76.67059,12.5]},"properties":{"cell_id":43628,"case_count":2,"gi_zscore":-0.848,"gi_pvalue":0.002,"significance":"cold_99","district":"MANDYA"}},{"type":"Feature","geometry":{"type":"Point","coordinates":[76.75294,12.5]},"properties":{"cell_id":43635,"case_count":2,"gi_zscore":-0.848,"gi_pvalue":0.002,"significance":"cold_99","district":"MANDYA"}},{"type":"Feature","geometry":{"type":"Point","coordinates":[76.87059,12.50901]},"properties":{"cell_id":44036,"case_count":1,"gi_zscore":-0.8591,"gi_pvalue":0.002,"significance":"cold_99","district":"MANDYA"}},{"type":"Feature","geometry":{"type":"Point","coordinates":[76.88235,12.51802]},"properties":{"cell_id":44428,"case_count":3,"gi_zscore":-0.8591,"gi_pvalue":0.002,"significance":"cold_99","district":"MANDYA"}},{"type":"Feature","geometry":{"type":"Point","coordinates":[76.89412,12.52703]},"properties":{"cell_id":44820,"case_count":2,"gi_zscore":-0.8591,"gi_pvalue":0.001,"significance":"cold_99","district":"MANDYA"}},{"type":"Feature","geometry":{"type":"Point","coordinates":[76.90588,12.52703]},"properties":{"cell_id":44821,"case_count":1,"gi_zscore":-0.8702,"gi_pvalue":0.001,"significance":"cold_99","district":"MANDYA"}},{"type":"Feature","geometry":{"type":"Point","coordinates":[76.88235,12.53604]},"properties":{"cell_id":45210,"case_count":1,"gi_zscore":-0.8591,"gi_pvalue":0.002,"significance":"cold_99","district":"MANDYA"}},{"type":"Feature","geometry":{"type":"Point","coordinates":[76.89412,12.53604]},"properties":{"cell_id":45211,"case_count":1,"gi_zscore":-0.8702,"gi_pvalue":0.001,"significance":"cold_99","district":"MANDYA"}},{"type":"Feature","geometry":{"type":"Point","coordinates":[76.75294,12.55405]},"properties":{"cell_id":45981,"case_count":1,"gi_zscore":-0.848,"gi_pvalue":0.002,"significance":"cold_99","district":"MANDYA"}},{"type":"Feature","geometry":{"type":"Point","coordinates":[76.92941,12.57207]},"properties":{"cell_id":46778,"case_count":1,"gi_zscore":-0.8702,"gi_pvalue":0.001,"significance":"cold_99","district":"MANDYA"}},{"type":"Feature","geometry":{"type":"Point","coordinates":[76.64706,12.58108]},"properties":{"cell_id":47145,"case_count":1,"gi_zscore":-0.8591,"gi_pvalue":0.002,"significance":"cold_99","district":"MANDYA"}},{"type":"Feature","geometry":{"type":"Point","coordinates":[77.45882,12.58108]},"properties":{"cell_id":47214,"case_count":1,"gi_zscore":-0.019,"gi_pvalue":0.402,"significance":"not_sig","district":"MANDYA"}},{"type":"Feature","geometry":{"type":"Point","coordinates":[76.84706,12.67117]},"properties":{"cell_id":51072,"case_count":1,"gi_zscore":-0.8702,"gi_pvalue":0.001,"significance":"cold_99","district":"MANDYA"}},{"type":"Feature","geometry":{"type":"Point","coordinates":[77.05882,12.68919]},"properties":{"cell_id":51872,"case_count":1,"gi_zscore":-0.8923,"gi_pvalue":0.001,"significance":"cold_99","district":"MANDYA"}},{"type":"Feature","geometry":{"type":"Point","coordinates":[76.49412,12.78829]},"properties":{"cell_id":56125,"case_count":1,"gi_zscore":-0.8812,"gi_pvalue":0.001,"significance":"cold_99","district":"MANDYA"}},{"type":"Feature","geometry":{"type":"Point","coordinates":[76.8,12.85135]},"properties":{"cell_id":58888,"case_count":1,"gi_zscore":-0.9033,"gi_pvalue":0.001,"significance":"cold_99","district":"MANDYA"}},{"type":"Feature","geometry":{"type":"Point","coordinates":[77.6,12.96847]},"properties":{"cell_id":64039,"case_count":8,"gi_zscore":0.7328,"gi_pvalue":0.007,"significance":"hot_99","district":"MANDYA"}},{"type":"Feature","geometry":{"type":"Point","coordinates":[77.6,12.97748]},"properties":{"cell_id":64430,"case_count":30,"gi_zscore":0.7328,"gi_pvalue":0.035,"significance":"hot_95","district":"MANDYA"}},{"type":"Feature","geometry":{"type":"Point","coordinates":[77.6,12.98649]},"properties":{"cell_id":64821,"case_count":2,"gi_zscore":0.7328,"gi_pvalue":0.004,"significance":"hot_99","district":"MANDYA"}},{"type":"Feature","geometry":{"type":"Point","coordinates":[77.61176,12.98649]},"properties":{"cell_id":64822,"case_count":29,"gi_zscore":0.7328,"gi_pvalue":0.034,"significance":"hot_95","district":"MANDYA"}},{"type":"Feature","geometry":{"type":"Point","coordinates":[77.61176,12.9955]},"properties":{"cell_id":65213,"case_count":16,"gi_zscore":0.7328,"gi_pvalue":0.015,"significance":"hot_95","district":"MANDYA"}},{"type":"Feature","geometry":{"type":"Point","coordinates":[77.62353,12.9955]},"properties":{"cell_id":65214,"case_count":16,"gi_zscore":0.9539,"gi_pvalue":0.002,"significance":"hot_99","district":"MANDYA"}},{"type":"Feature","geometry":{"type":"Point","coordinates":[77.62353,13.0045]},"properties":{"cell_id":65605,"case_count":18,"gi_zscore":0.9539,"gi_pvalue":0.002,"significance":"hot_99","district":"MANDYA"}},{"type":"Feature","geometry":{"type":"Point","coordinates":[77.63529,13.0045]},"properties":{"cell_id":65606,"case_count":14,"gi_zscore":0.9539,"gi_pvalue":0.002,"significance":"hot_99","district":"MANDYA"}},{"type":"Feature","geometry":{"type":"Point","coordinates":[77.63529,13.01351]},"properties":{"cell_id":65997,"case_count":24,"gi_zscore":0.9539,"gi_pvalue":0.002,"significance":"hot_99","district":"MANDYA"}},{"type":"Feature","geometry":{"type":"Point","coordinates":[77.64706,13.02252]},"properties":{"cell_id":66389,"case_count":28,"gi_zscore":0.7107,"gi_pvalue":0.038,"significance":"hot_95","district":"MANDYA"}},{"type":"Feature","geometry":{"type":"Point","coordinates":[77.64706,13.03153]},"properties":{"cell_id":66780,"case_count":13,"gi_zscore":0.8323,"gi_pvalue":0.005,"significance":"hot_99","district":"MANDYA"}},{"type":"Feature","geometry":{"type":"Point","coordinates":[77.65882,13.03153]},"properties":{"cell_id":66781,"case_count":19,"gi_zscore":0.8323,"gi_pvalue":0.009,"significance":"hot_99","district":"MANDYA"}},{"type":"Feature","geometry":{"type":"Point","coordinates":[77.65882,13.04054]},"properties":{"cell_id":67172,"case_count":15,"gi_zscore":0.6112,"gi_pvalue":0.035,"significance":"hot_95","district":"MANDYA"}},{"type":"Feature","geometry":{"type":"Point","coordinates":[77.67059,13.04054]},"properties":{"cell_id":67173,"case_count":8,"gi_zscore":0.6112,"gi_pvalue":0.019,"significance":"hot_95","district":"MANDYA"}},{"type":"Feature","geometry":{"type":"Point","coordinates":[77.67059,13.04955]},"properties":{"cell_id":67564,"case_count":27,"gi_zscore":0.4785,"gi_pvalue":0.129,"significance":"not_sig","district":"MANDYA"}},{"type":"Feature","geometry":{"type":"Point","coordinates":[77.68235,13.04955]},"properties":{"cell_id":67565,"case_count":1,"gi_zscore":0.4785,"gi_pvalue":0.037,"significance":"hot_95","district":"MANDYA"}},{"type":"Feature","geometry":{"type":"Point","coordinates":[77.68235,13.05856]},"properties":{"cell_id":67956,"case_count":31,"gi_zscore":0.368,"gi_pvalue":0.261,"significance":"not_sig","district":"MANDYA"}},{"type":"Feature","geometry":{"type":"Point","coordinates":[77.68235,13.06757]},"properties":{"cell_id":68347,"case_count":4,"gi_zscore":0.4564,"gi_pvalue":0.039,"significance":"hot_95","district":"MANDYA"}},{"type":"Feature","geometry":{"type":"Point","coordinates":[77.69412,13.06757]},"properties":{"cell_id":68348,"case_count":16,"gi_zscore":0.4232,"gi_pvalue":0.095,"significance":"hot_90","district":"MANDYA"}},{"type":"Feature","geometry":{"type":"Point","coordinates":[77.69412,13.07658]},"properties":{"cell_id":68739,"case_count":13,"gi_zscore":0.368,"gi_pvalue":0.121,"significance":"not_sig","district":"MANDYA"}},{"type":"Feature","geometry":{"type":"Point","coordinates":[77.70588,13.07658]},"properties":{"cell_id":68740,"case_count":9,"gi_zscore":0.379,"gi_pvalue":0.088,"significance":"hot_90","district":"MANDYA"}},{"type":"Feature","geometry":{"type":"Point","coordinates":[77.70588,13.08559]},"properties":{"cell_id":69131,"case_count":23,"gi_zscore":0.2353,"gi_pvalue":0.327,"significance":"not_sig","district":"MANDYA"}},{"type":"Feature","geometry":{"type":"Point","coordinates":[77.71765,13.08559]},"properties":{"cell_id":69132,"case_count":5,"gi_zscore":0.2906,"gi_pvalue":0.123,"significance":"not_sig","district":"MANDYA"}},{"type":"Feature","geometry":{"type":"Point","coordinates":[77.71765,13.09459]},"properties":{"cell_id":69523,"case_count":22,"gi_zscore":0.3127,"gi_pvalue":0.238,"significance":"not_sig","district":"MANDYA"}},{"type":"Feature","geometry":{"type":"Point","coordinates":[77.71765,13.1036]},"properties":{"cell_id":69914,"case_count":2,"gi_zscore":0.3459,"gi_pvalue":0.066,"significance":"hot_90","district":"MANDYA"}},{"type":"Feature","geometry":{"type":"Point","coordinates":[77.72941,13.1036]},"properties":{"cell_id":69915,"case_count":18,"gi_zscore":0.2795,"gi_pvalue":0.234,"significance":"not_sig","district":"MANDYA"}},{"type":"Feature","geometry":{"type":"Point","coordinates":[77.72941,13.11261]},"properties":{"cell_id":70306,"case_count":9,"gi_zscore":0.3569,"gi_pvalue":0.095,"significance":"hot_90","district":"MANDYA"}},{"type":"Feature","geometry":{"type":"Point","coordinates":[77.74118,13.11261]},"properties":{"cell_id":70307,"case_count":18,"gi_zscore":0.3127,"gi_pvalue":0.213,"significance":"not_sig","district":"MANDYA"}},{"type":"Feature","geometry":{"type":"Point","coordinates":[77.74118,13.12162]},"properties":{"cell_id":70698,"case_count":16,"gi_zscore":0.3459,"gi_pvalue":0.157,"significance":"not_sig","district":"MANDYA"}},{"type":"Feature","geometry":{"type":"Point","coordinates":[77.75294,13.12162]},"properties":{"cell_id":70699,"case_count":3,"gi_zscore":0.4343,"gi_pvalue":0.046,"significance":"hot_95","district":"MANDYA"}},{"type":"Feature","geometry":{"type":"Point","coordinates":[77.75294,13.13063]},"properties":{"cell_id":71090,"case_count":30,"gi_zscore":0.4232,"gi_pvalue":0.202,"significance":"not_sig","district":"MANDYA"}},{"type":"Feature","geometry":{"type":"Point","coordinates":[77.75294,13.13964]},"properties":{"cell_id":71481,"case_count":1,"gi_zscore":0.5448,"gi_pvalue":0.02,"significance":"hot_95","district":"MANDYA"}},{"type":"Feature","geometry":{"type":"Point","coordinates":[77.76471,13.13964]},"properties":{"cell_id":71482,"case_count":25,"gi_zscore":0.4564,"gi_pvalue":0.142,"significance":"not_sig","district":"MANDYA"}},{"type":"Feature","geometry":{"type":"Point","coordinates":[77.76471,13.14865]},"properties":{"cell_id":71873,"case_count":10,"gi_zscore":0.6333,"gi_pvalue":0.021,"significance":"hot_95","district":"MANDYA"}},{"type":"Feature","geometry":{"type":"Point","coordinates":[77.77647,13.14865]},"properties":{"cell_id":71874,"case_count":17,"gi_zscore":0.6333,"gi_pvalue":0.034,"significance":"hot_95","district":"MANDYA"}},{"type":"Feature","geometry":{"type":"Point","coordinates":[77.77647,13.15766]},"properties":{"cell_id":72265,"case_count":20,"gi_zscore":0.6443,"gi_pvalue":0.038,"significance":"hot_95","district":"MANDYA"}},{"type":"Feature","geometry":{"type":"Point","coordinates":[77.78824,13.15766]},"properties":{"cell_id":72266,"case_count":10,"gi_zscore":0.6443,"gi_pvalue":0.024,"significance":"hot_95","district":"MANDYA"}},{"type":"Feature","geometry":{"type":"Point","coordinates":[77.78824,13.16667]},"properties":{"cell_id":72657,"case_count":32,"gi_zscore":0.6443,"gi_pvalue":0.07,"significance":"hot_90","district":"MANDYA"}},{"type":"Feature","geometry":{"type":"Point","coordinates":[77.8,13.17568]},"properties":{"cell_id":73049,"case_count":4,"gi_zscore":0.6443,"gi_pvalue":0.014,"significance":"hot_95","district":"MANDYA"}},{"type":"Feature","geometry":{"type":"Point","coordinates":[75.72941,15.31081]},"properties":{"cell_id":165540,"case_count":1,"gi_zscore":-0.9033,"gi_pvalue":0.001,"significance":"cold_99","district":"MANDYA"}},{"type":"Feature","geometry":{"type":"Point","coordinates":[74.0,11.9955]},"properties":{"cell_id":21505,"case_count":1,"gi_zscore":-0.5443,"gi_pvalue":0.004,"significance":"cold_99","district":"MANGALURU CITY"}},{"type":"Feature","geometry":{"type":"Point","coordinates":[74.15294,12.0045]},"properties":{"cell_id":21909,"case_count":1,"gi_zscore":-0.5443,"gi_pvalue":0.004,"significance":"cold_99","district":"MANGALURU CITY"}},{"type":"Feature","geometry":{"type":"Point","coordinates":[74.49412,12.5991]},"properties":{"cell_id":47744,"case_count":1,"gi_zscore":-0.4081,"gi_pvalue":0.121,"significance":"not_sig","district":"MANGALURU CITY"}},{"type":"Feature","geometry":{"type":"Point","coordinates":[74.84706,12.7973]},"properties":{"cell_id":56376,"case_count":1,"gi_zscore":-0.4989,"gi_pvalue":0.042,"significance":"cold_95","district":"MANGALURU CITY"}},{"type":"Feature","geometry":{"type":"Point","coordinates":[74.84706,12.80631]},"properties":{"cell_id":56767,"case_count":1,"gi_zscore":-0.4989,"gi_pvalue":0.042,"significance":"cold_95","district":"MANGALURU CITY"}},{"type":"Feature","geometry":{"type":"Point","coordinates":[74.89412,12.80631]},"properties":{"cell_id":56771,"case_count":1,"gi_zscore":-0.5216,"gi_pvalue":0.015,"significance":"cold_95","district":"MANGALURU CITY"}},{"type":"Feature","geometry":{"type":"Point","coordinates":[74.95294,12.80631]},"properties":{"cell_id":56776,"case_count":1,"gi_zscore":-0.5443,"gi_pvalue":0.004,"significance":"cold_99","district":"MANGALURU CITY"}},{"type":"Feature","geometry":{"type":"Point","coordinates":[74.84706,12.81532]},"properties":{"cell_id":57158,"case_count":2,"gi_zscore":-0.4762,"gi_pvalue":0.045,"significance":"cold_95","district":"MANGALURU CITY"}},{"type":"Feature","geometry":{"type":"Point","coordinates":[74.85882,12.81532]},"properties":{"cell_id":57159,"case_count":1,"gi_zscore":-0.5216,"gi_pvalue":0.013,"significance":"cold_95","district":"MANGALURU CITY"}},{"type":"Feature","geometry":{"type":"Point","coordinates":[74.89412,12.81532]},"properties":{"cell_id":57162,"case_count":1,"gi_zscore":-0.5216,"gi_pvalue":0.013,"significance":"cold_95","district":"MANGALURU CITY"}},{"type":"Feature","geometry":{"type":"Point","coordinates":[74.83529,12.82432]},"properties":{"cell_id":57548,"case_count":1,"gi_zscore":-0.3854,"gi_pvalue":0.141,"significance":"not_sig","district":"MANGALURU CITY"}},{"type":"Feature","geometry":{"type":"Point","coordinates":[74.82353,12.85135]},"properties":{"cell_id":58720,"case_count":2,"gi_zscore":-0.2946,"gi_pvalue":0.219,"significance":"not_sig","district":"MANGALURU CITY"}},{"type":"Feature","geometry":{"type":"Point","coordinates":[74.84706,12.85135]},"properties":{"cell_id":58722,"case_count":2,"gi_zscore":-0.2946,"gi_pvalue":0.219,"significance":"not_sig","district":"MANGALURU CITY"}},{"type":"Feature","geometry":{"type":"Point","coordinates":[74.85882,12.85135]},"properties":{"cell_id":58723,"case_count":2,"gi_zscore":-0.34,"gi_pvalue":0.156,"significance":"not_sig","district":"MANGALURU CITY"}},{"type":"Feature","geometry":{"type":"Point","coordinates":[74.87059,12.85135]},"properties":{"cell_id":58724,"case_count":1,"gi_zscore":-0.4308,"gi_pvalue":0.102,"significance":"not_sig","district":"MANGALURU CITY"}},{"type":"Feature","geometry":{"type":"Point","coordinates":[74.83529,12.86036]},"properties":{"cell_id":59112,"case_count":5,"gi_zscore":-0.2946,"gi_pvalue":0.161,"significance":"not_sig","district":"MANGALURU CITY"}},{"type":"Feature","geometry":{"type":"Point","coordinates":[74.85882,12.86036]},"properties":{"cell_id":59114,"case_count":2,"gi_zscore":-0.34,"gi_pvalue":0.159,"significance":"not_sig","district":"MANGALURU CITY"}},{"type":"Feature","geometry":{"type":"Point","coordinates":[74.83529,12.86937]},"properties":{"cell_id":59503,"case_count":2,"gi_zscore":-0.2038,"gi_pvalue":0.358,"significance":"not_sig","district":"MANGALURU CITY"}},{"type":"Feature","geometry":{"type":"Point","coordinates":[74.84706,12.86937]},"properties":{"cell_id":59504,"case_count":4,"gi_zscore":-0.2946,"gi_pvalue":0.176,"significance":"not_sig","district":"MANGALURU CITY"}},{"type":"Feature","geometry":{"type":"Point","coordinates":[74.85882,12.86937]},"properties":{"cell_id":59505,"case_count":1,"gi_zscore":-0.3854,"gi_pvalue":0.145,"significance":"not_sig","district":"MANGALURU CITY"}},{"type":"Feature","geometry":{"type":"Point","coordinates":[74.88235,12.86937]},"properties":{"cell_id":59507,"case_count":1,"gi_zscore":-0.4989,"gi_pvalue":0.032,"significance":"cold_95","district":"MANGALURU CITY"}},{"type":"Feature","geometry":{"type":"Point","coordinates":[74.91765,12.86937]},"properties":{"cell_id":59510,"case_count":1,"gi_zscore":-0.5443,"gi_pvalue":0.004,"significance":"cold_99","district":"MANGALURU CITY"}},{"type":"Feature","geometry":{"type":"Point","coordinates":[74.83529,12.87838]},"properties":{"cell_id":59894,"case_count":1,"gi_zscore":-0.2038,"gi_pvalue":0.373,"significance":"not_sig","district":"MANGALURU CITY"}},{"type":"Feature","geometry":{"type":"Point","coordinates":[74.85882,12.87838]},"properties":{"cell_id":59896,"case_count":1,"gi_zscore":-0.3627,"gi_pvalue":0.154,"significance":"not_sig","district":"MANGALURU CITY"}},{"type":"Feature","geometry":{"type":"Point","coordinates":[74.87059,12.87838]},"properties":{"cell_id":59897,"case_count":1,"gi_zscore":-0.4081,"gi_pvalue":0.114,"significance":"not_sig","district":"MANGALURU CITY"}},{"type":"Feature","geometry":{"type":"Point","coordinates":[74.91765,12.87838]},"properties":{"cell_id":59901,"case_count":1,"gi_zscore":-0.5216,"gi_pvalue":0.014,"significance":"cold_95","district":"MANGALURU CITY"}},{"type":"Feature","geometry":{"type":"Point","coordinates":[74.83529,12.88739]},"properties":{"cell_id":60285,"case_count":5,"gi_zscore":-0.2719,"gi_pvalue":0.161,"significance":"not_sig","district":"MANGALURU CITY"}},{"type":"Feature","geometry":{"type":"Point","coordinates":[74.84706,12.88739]},"properties":{"cell_id":60286,"case_count":3,"gi_zscore":-0.2946,"gi_pvalue":0.192,"significance":"not_sig","district":"MANGALURU CITY"}},{"type":"Feature","geometry":{"type":"Point","coordinates":[74.85882,12.88739]},"properties":{"cell_id":60287,"case_count":3,"gi_zscore":-0.3627,"gi_pvalue":0.124,"significance":"not_sig","district":"MANGALURU CITY"}},{"type":"Feature","geometry":{"type":"Point","coordinates":[74.87059,12.88739]},"properties":{"cell_id":60288,"case_count":1,"gi_zscore":-0.4535,"gi_pvalue":0.071,"significance":"cold_90","district":"MANGALURU CITY"}},{"type":"Feature","geometry":{"type":"Point","coordinates":[74.87059,12.8964]},"properties":{"cell_id":60679,"case_count":2,"gi_zscore":-0.4308,"gi_pvalue":0.097,"significance":"cold_90","district":"MANGALURU CITY"}},{"type":"Feature","geometry":{"type":"Point","coordinates":[74.83529,12.90541]},"properties":{"cell_id":61067,"case_count":1,"gi_zscore":-0.3627,"gi_pvalue":0.154,"significance":"not_sig","district":"MANGALURU CITY"}},{"type":"Feature","geometry":{"type":"Point","coordinates":[74.84706,12.90541]},"properties":{"cell_id":61068,"case_count":2,"gi_zscore":-0.2719,"gi_pvalue":0.242,"significance":"not_sig","district":"MANGALURU CITY"}},{"type":"Feature","geometry":{"type":"Point","coordinates":[74.82353,12.91441]},"properties":{"cell_id":61457,"case_count":1,"gi_zscore":-0.3627,"gi_pvalue":0.153,"significance":"not_sig","district":"MANGALURU CITY"}},{"type":"Feature","geometry":{"type":"Point","coordinates":[74.83529,12.91441]},"properties":{"cell_id":61458,"case_count":3,"gi_zscore":-0.34,"gi_pvalue":0.137,"significance":"not_sig","district":"MANGALURU CITY"}},{"type":"Feature","geometry":{"type":"Point","coordinates":[74.87059,12.91441]},"properties":{"cell_id":61461,"case_count":1,"gi_zscore":-0.4308,"gi_pvalue":0.101,"significance":"not_sig","district":"MANGALURU CITY"}},{"type":"Feature","geometry":{"type":"Point","coordinates":[74.82353,12.92342]},"properties":{"cell_id":61848,"case_count":1,"gi_zscore":-0.4535,"gi_pvalue":0.094,"significance":"cold_90","district":"MANGALURU CITY"}},{"type":"Feature","geometry":{"type":"Point","coordinates":[74.83529,12.92342]},"properties":{"cell_id":61849,"case_count":1,"gi_zscore":-0.4762,"gi_pvalue":0.062,"significance":"cold_90","district":"MANGALURU CITY"}},{"type":"Feature","geometry":{"type":"Point","coordinates":[74.85882,12.92342]},"properties":{"cell_id":61851,"case_count":2,"gi_zscore":-0.4308,"gi_pvalue":0.095,"significance":"cold_90","district":"MANGALURU CITY"}},{"type":"Feature","geometry":{"type":"Point","coordinates":[74.88235,12.92342]},"properties":{"cell_id":61853,"case_count":1,"gi_zscore":-0.4762,"gi_pvalue":0.048,"significance":"cold_95","district":"MANGALURU CITY"}},{"type":"Feature","geometry":{"type":"Point","coordinates":[74.89412,12.92342]},"properties":{"cell_id":61854,"case_count":2,"gi_zscore":-0.4762,"gi_pvalue":0.03,"significance":"cold_95","district":"MANGALURU CITY"}},{"type":"Feature","geometry":{"type":"Point","coordinates":[74.90588,12.92342]},"properties":{"cell_id":61855,"case_count":1,"gi_zscore":-0.4989,"gi_pvalue":0.032,"significance":"cold_95","district":"MANGALURU CITY"}},{"type":"Feature","geometry":{"type":"Point","coordinates":[74.85882,12.93243]},"properties":{"cell_id":62242,"case_count":1,"gi_zscore":-0.4535,"gi_pvalue":0.092,"significance":"cold_90","district":"MANGALURU CITY"}},{"type":"Feature","geometry":{"type":"Point","coordinates":[74.81176,12.94144]},"properties":{"cell_id":62629,"case_count":1,"gi_zscore":-0.4762,"gi_pvalue":0.065,"significance":"cold_90","district":"MANGALURU CITY"}},{"type":"Feature","geometry":{"type":"Point","coordinates":[74.81176,12.95045]},"properties":{"cell_id":63020,"case_count":2,"gi_zscore":-0.4762,"gi_pvalue":0.035,"significance":"cold_95","district":"MANGALURU CITY"}},{"type":"Feature","geometry":{"type":"Point","coordinates":[74.85882,12.95045]},"properties":{"cell_id":63024,"case_count":2,"gi_zscore":-0.4762,"gi_pvalue":0.035,"significance":"cold_95","district":"MANGALURU CITY"}},{"type":"Feature","geometry":{"type":"Point","coordinates":[74.84706,12.96847]},"properties":{"cell_id":63805,"case_count":1,"gi_zscore":-0.4989,"gi_pvalue":0.034,"significance":"cold_95","district":"MANGALURU CITY"}},{"type":"Feature","geometry":{"type":"Point","coordinates":[74.85882,12.97748]},"properties":{"cell_id":64197,"case_count":1,"gi_zscore":-0.4989,"gi_pvalue":0.034,"significance":"cold_95","district":"MANGALURU CITY"}},{"type":"Feature","geometry":{"type":"Point","coordinates":[77.6,12.97748]},"properties":{"cell_id":64430,"case_count":10,"gi_zscore":1.1579,"gi_pvalue":0.004,"significance":"hot_99","district":"MANGALURU CITY"}},{"type":"Feature","geometry":{"type":"Point","coordinates":[74.97647,12.98649]},"properties":{"cell_id":64598,"case_count":1,"gi_zscore":-0.567,"gi_pvalue":0.004,"significance":"cold_99","district":"MANGALURU CITY"}},{"type":"Feature","geometry":{"type":"Point","coordinates":[77.6,12.98649]},"properties":{"cell_id":64821,"case_count":3,"gi_zscore":1.1579,"gi_pvalue":0.003,"significance":"hot_99","district":"MANGALURU CITY"}},{"type":"Feature","geometry":{"type":"Point","coordinates":[77.61176,12.98649]},"properties":{"cell_id":64822,"case_count":9,"gi_zscore":1.1579,"gi_pvalue":0.005,"significance":"hot_99","district":"MANGALURU CITY"}},{"type":"Feature","geometry":{"type":"Point","coordinates":[74.83529,12.9955]},"properties":{"cell_id":64977,"case_count":1,"gi_zscore":-0.5216,"gi_pvalue":0.016,"significance":"cold_95","district":"MANGALURU CITY"}},{"type":"Feature","geometry":{"type":"Point","coordinates":[74.84706,12.9955]},"properties":{"cell_id":64978,"case_count":1,"gi_zscore":-0.5216,"gi_pvalue":0.016,"significance":"cold_95","district":"MANGALURU CITY"}},{"type":"Feature","geometry":{"type":"Point","coordinates":[77.61176,12.9955]},"properties":{"cell_id":65213,"case_count":9,"gi_zscore":1.1579,"gi_pvalue":0.006,"significance":"hot_99","district":"MANGALURU CITY"}},{"type":"Feature","geometry":{"type":"Point","coordinates":[77.62353,12.9955]},"properties":{"cell_id":65214,"case_count":14,"gi_zscore":1.1579,"gi_pvalue":0.008,"significance":"hot_99","district":"MANGALURU CITY"}},{"type":"Feature","geometry":{"type":"Point","coordinates":[74.96471,13.0045]},"properties":{"cell_id":65379,"case_count":1,"gi_zscore":-0.567,"gi_pvalue":0.004,"significance":"cold_99","district":"MANGALURU CITY"}},{"type":"Feature","geometry":{"type":"Point","coordinates":[77.62353,13.0045]},"properties":{"cell_id":65605,"case_count":9,"gi_zscore":0.999,"gi_pvalue":0.011,"significance":"hot_95","district":"MANGALURU CITY"}},{"type":"Feature","geometry":{"type":"Point","coordinates":[77.63529,13.0045]},"properties":{"cell_id":65606,"case_count":1,"gi_zscore":1.1352,"gi_pvalue":0.003,"significance":"hot_99","district":"MANGALURU CITY"}},{"type":"Feature","geometry":{"type":"Point","coordinates":[74.78824,13.01351]},"properties":{"cell_id":65755,"case_count":1,"gi_zscore":-0.5443,"gi_pvalue":0.015,"significance":"cold_95","district":"MANGALURU CITY"}},{"type":"Feature","geometry":{"type":"Point","coordinates":[77.63529,13.01351]},"properties":{"cell_id":65997,"case_count":20,"gi_zscore":1.1352,"gi_pvalue":0.012,"significance":"hot_95","district":"MANGALURU CITY"}},{"type":"Feature","geometry":{"type":"Point","coordinates":[77.64706,13.02252]},"properties":{"cell_id":66389,"case_count":10,"gi_zscore":1.2487,"gi_pvalue":0.004,"significance":"hot_99","district":"MANGALURU CITY"}},{"type":"Feature","geometry":{"type":"Point","coordinates":[77.64706,13.03153]},"properties":{"cell_id":66780,"case_count":3,"gi_zscore":0.9536,"gi_pvalue":0.005,"significance":"hot_99","district":"MANGALURU CITY"}},{"type":"Feature","geometry":{"type":"Point","coordinates":[77.65882,13.03153]},"properties":{"cell_id":66781,"case_count":9,"gi_zscore":0.8628,"gi_pvalue":0.019,"significance":"hot_95","district":"MANGALURU CITY"}},{"type":"Feature","geometry":{"type":"Point","coordinates":[75.03529,13.04054]},"properties":{"cell_id":66949,"case_count":1,"gi_zscore":-0.567,"gi_pvalue":0.004,"significance":"cold_99","district":"MANGALURU CITY"}},{"type":"Feature","geometry":{"type":"Point","coordinates":[77.65882,13.04054]},"properties":{"cell_id":67172,"case_count":11,"gi_zscore":0.9082,"gi_pvalue":0.021,"significance":"hot_95","district":"MANGALURU CITY"}},{"type":"Feature","geometry":{"type":"Point","coordinates":[74.08235,13.04955]},"properties":{"cell_id":67259,"case_count":1,"gi_zscore":-0.5443,"gi_pvalue":0.009,"significance":"cold_99","district":"MANGALURU CITY"}},{"type":"Feature","geometry":{"type":"Point","coordinates":[74.90588,13.04955]},"properties":{"cell_id":67329,"case_count":1,"gi_zscore":-0.567,"gi_pvalue":0.003,"significance":"cold_99","district":"MANGALURU CITY"}},{"type":"Feature","geometry":{"type":"Point","coordinates":[77.67059,13.04955]},"properties":{"cell_id":67564,"case_count":12,"gi_zscore":0.5451,"gi_pvalue":0.137,"significance":"not_sig","district":"MANGALURU CITY"}},{"type":"Feature","geometry":{"type":"Point","coordinates":[77.68235,13.04955]},"properties":{"cell_id":67565,"case_count":1,"gi_zscore":0.4089,"gi_pvalue":0.099,"significance":"hot_90","district":"MANGALURU CITY"}},{"type":"Feature","geometry":{"type":"Point","coordinates":[74.8,13.05856]},"properties":{"cell_id":67711,"case_count":1,"gi_zscore":-0.567,"gi_pvalue":0.003,"significance":"cold_99","district":"MANGALURU CITY"}},{"type":"Feature","geometry":{"type":"Point","coordinates":[77.68235,13.05856]},"properties":{"cell_id":67956,"case_count":5,"gi_zscore":0.4089,"gi_pvalue":0.13,"significance":"not_sig","district":"MANGALURU CITY"}},{"type":"Feature","geometry":{"type":"Point","coordinates":[74.25882,13.06757]},"properties":{"cell_id":68056,"case_count":1,"gi_zscore":-0.5443,"gi_pvalue":0.011,"significance":"cold_95","district":"MANGALURU CITY"}},{"type":"Feature","geometry":{"type":"Point","coordinates":[74.78824,13.06757]},"properties":{"cell_id":68101,"case_count":1,"gi_zscore":-0.567,"gi_pvalue":0.004,"significance":"cold_99","district":"MANGALURU CITY"}},{"type":"Feature","geometry":{"type":"Point","coordinates":[75.0,13.06757]},"properties":{"cell_id":68119,"case_count":1,"gi_zscore":-0.567,"gi_pvalue":0.004,"significance":"cold_99","district":"MANGALURU CITY"}},{"type":"Feature","geometry":{"type":"Point","coordinates":[75.01176,13.06757]},"properties":{"cell_id":68120,"case_count":1,"gi_zscore":-0.567,"gi_pvalue":0.004,"significance":"cold_99","district":"MANGALURU CITY"}},{"type":"Feature","geometry":{"type":"Point","coordinates":[77.68235,13.06757]},"properties":{"cell_id":68347,"case_count":3,"gi_zscore":0.4089,"gi_pvalue":0.117,"significance":"not_sig","district":"MANGALURU CITY"}},{"type":"Feature","geometry":{"type":"Point","coordinates":[77.69412,13.06757]},"properties":{"cell_id":68348,"case_count":4,"gi_zscore":0.2047,"gi_pvalue":0.253,"significance":"not_sig","district":"MANGALURU CITY"}},{"type":"Feature","geometry":{"type":"Point","coordinates":[74.81176,13.07658]},"properties":{"cell_id":68494,"case_count":1,"gi_zscore":-0.567,"gi_pvalue":0.003,"significance":"cold_99","district":"MANGALURU CITY"}},{"type":"Feature","geometry":{"type":"Point","coordinates":[75.0,13.07658]},"properties":{"cell_id":68510,"case_count":1,"gi_zscore":-0.567,"gi_pvalue":0.003,"significance":"cold_99","district":"MANGALURU CITY"}},{"type":"Feature","geometry":{"type":"Point","coordinates":[75.01176,13.07658]},"properties":{"cell_id":68511,"case_count":1,"gi_zscore":-0.567,"gi_pvalue":0.003,"significance":"cold_99","district":"MANGALURU CITY"}},{"type":"Feature","geometry":{"type":"Point","coordinates":[77.69412,13.07658]},"properties":{"cell_id":68739,"case_count":4,"gi_zscore":0.1139,"gi_pvalue":0.335,"significance":"not_sig","district":"MANGALURU CITY"}},{"type":"Feature","geometry":{"type":"Point","coordinates":[77.70588,13.07658]},"properties":{"cell_id":68740,"case_count":3,"gi_zscore":0.1139,"gi_pvalue":0.329,"significance":"not_sig","district":"MANGALURU CITY"}},{"type":"Feature","geometry":{"type":"Point","coordinates":[75.0,13.08559]},"properties":{"cell_id":68901,"case_count":1,"gi_zscore":-0.567,"gi_pvalue":0.004,"significance":"cold_99","district":"MANGALURU CITY"}},{"type":"Feature","geometry":{"type":"Point","coordinates":[77.70588,13.08559]},"properties":{"cell_id":69131,"case_count":9,"gi_zscore":0.5224,"gi_pvalue":0.117,"significance":"not_sig","district":"MANGALURU CITY"}},{"type":"Feature","geometry":{"type":"Point","coordinates":[77.71765,13.08559]},"properties":{"cell_id":69132,"case_count":2,"gi_zscore":0.7267,"gi_pvalue":0.023,"significance":"hot_95","district":"MANGALURU CITY"}},{"type":"Feature","geometry":{"type":"Point","coordinates":[74.78824,13.09459]},"properties":{"cell_id":69274,"case_count":1,"gi_zscore":-0.567,"gi_pvalue":0.003,"significance":"cold_99","district":"MANGALURU CITY"}},{"type":"Feature","geometry":{"type":"Point","coordinates":[77.71765,13.09459]},"properties":{"cell_id":69523,"case_count":8,"gi_zscore":0.704,"gi_pvalue":0.055,"significance":"hot_90","district":"MANGALURU CITY"}},{"type":"Feature","geometry":{"type":"Point","coordinates":[77.71765,13.1036]},"properties":{"cell_id":69914,"case_count":1,"gi_zscore":0.8628,"gi_pvalue":0.008,"significance":"hot_99","district":"MANGALURU CITY"}},{"type":"Feature","geometry":{"type":"Point","coordinates":[77.72941,13.1036]},"properties":{"cell_id":69915,"case_count":23,"gi_zscore":0.9536,"gi_pvalue":0.058,"significance":"hot_90","district":"MANGALURU CITY"}},{"type":"Feature","geometry":{"type":"Point","coordinates":[77.72941,13.11261]},"properties":{"cell_id":70306,"case_count":12,"gi_zscore":0.9536,"gi_pvalue":0.021,"significance":"hot_95","district":"MANGALURU CITY"}},{"type":"Feature","geometry":{"type":"Point","coordinates":[77.74118,13.11261]},"properties":{"cell_id":70307,"case_count":3,"gi_zscore":0.7721,"gi_pvalue":0.021,"significance":"hot_95","district":"MANGALURU CITY"}},{"type":"Feature","geometry":{"type":"Point","coordinates":[74.92941,13.12162]},"properties":{"cell_id":70459,"case_count":1,"gi_zscore":-0.567,"gi_pvalue":0.005,"significance":"cold_99","district":"MANGALURU CITY"}},{"type":"Feature","geometry":{"type":"Point","coordinates":[77.74118,13.12162]},"properties":{"cell_id":70698,"case_count":11,"gi_zscore":1.1352,"gi_pvalue":0.011,"significance":"hot_95","district":"MANGALURU CITY"}},{"type":"Feature","geometry":{"type":"Point","coordinates":[75.0,13.13063]},"properties":{"cell_id":70856,"case_count":1,"gi_zscore":-0.567,"gi_pvalue":0.003,"significance":"cold_99","district":"MANGALURU CITY"}},{"type":"Feature","geometry":{"type":"Point","coordinates":[77.75294,13.13063]},"properties":{"cell_id":71090,"case_count":7,"gi_zscore":1.4756,"gi_pvalue":0.002,"significance":"hot_99","district":"MANGALURU CITY"}},{"type":"Feature","geometry":{"type":"Point","coordinates":[77.75294,13.13964]},"properties":{"cell_id":71481,"case_count":1,"gi_zscore":1.1352,"gi_pvalue":0.003,"significance":"hot_99","district":"MANGALURU CITY"}},{"type":"Feature","geometry":{"type":"Point","coordinates":[77.76471,13.13964]},"properties":{"cell_id":71482,"case_count":19,"gi_zscore":1.0898,"gi_pvalue":0.016,"significance":"hot_95","district":"MANGALURU CITY"}},{"type":"Feature","geometry":{"type":"Point","coordinates":[75.10588,13.14865]},"properties":{"cell_id":71647,"case_count":1,"gi_zscore":-0.567,"gi_pvalue":0.002,"significance":"cold_99","district":"MANGALURU CITY"}},{"type":"Feature","geometry":{"type":"Point","coordinates":[77.76471,13.14865]},"properties":{"cell_id":71873,"case_count":7,"gi_zscore":1.5664,"gi_pvalue":0.002,"significance":"hot_99","district":"MANGALURU CITY"}},{"type":"Feature","geometry":{"type":"Point","coordinates":[77.77647,13.14865]},"properties":{"cell_id":71874,"case_count":16,"gi_zscore":1.3621,"gi_pvalue":0.004,"significance":"hot_99","district":"MANGALURU CITY"}},{"type":"Feature","geometry":{"type":"Point","coordinates":[77.77647,13.15766]},"properties":{"cell_id":72265,"case_count":8,"gi_zscore":1.3621,"gi_pvalue":0.004,"significance":"hot_99","district":"MANGALURU CITY"}},{"type":"Feature","geometry":{"type":"Point","coordinates":[77.78824,13.15766]},"properties":{"cell_id":72266,"case_count":10,"gi_zscore":1.3621,"gi_pvalue":0.004,"significance":"hot_99","district":"MANGALURU CITY"}},{"type":"Feature","geometry":{"type":"Point","coordinates":[77.78824,13.16667]},"properties":{"cell_id":72657,"case_count":24,"gi_zscore":1.3621,"gi_pvalue":0.006,"significance":"hot_99","district":"MANGALURU CITY"}},{"type":"Feature","geometry":{"type":"Point","coordinates":[77.8,13.17568]},"properties":{"cell_id":73049,"case_count":2,"gi_zscore":1.3621,"gi_pvalue":0.002,"significance":"hot_99","district":"MANGALURU CITY"}},{"type":"Feature","geometry":{"type":"Point","coordinates":[75.71765,15.31081]},"properties":{"cell_id":165539,"case_count":1,"gi_zscore":-0.5443,"gi_pvalue":0.002,"significance":"cold_99","district":"MANGALURU CITY"}},{"type":"Feature","geometry":{"type":"Point","coordinates":[75.71765,15.31982]},"properties":{"cell_id":165930,"case_count":2,"gi_zscore":-0.5443,"gi_pvalue":0.001,"significance":"cold_99","district":"MANGALURU CITY"}},{"type":"Feature","geometry":{"type":"Point","coordinates":[76.37647,12.2027]},"properties":{"cell_id":30700,"case_count":1,"gi_zscore":-0.6962,"gi_pvalue":0.001,"significance":"cold_99","district":"MYSURU CITY"}},{"type":"Feature","geometry":{"type":"Point","coordinates":[76.63529,12.25676]},"properties":{"cell_id":33068,"case_count":1,"gi_zscore":-0.5891,"gi_pvalue":0.015,"significance":"cold_95","district":"MYSURU CITY"}},{"type":"Feature","geometry":{"type":"Point","coordinates":[76.62353,12.26577]},"properties":{"cell_id":33458,"case_count":1,"gi_zscore":-0.5891,"gi_pvalue":0.015,"significance":"cold_95","district":"MYSURU CITY"}},{"type":"Feature","geometry":{"type":"Point","coordinates":[76.63529,12.27477]},"properties":{"cell_id":33850,"case_count":1,"gi_zscore":-0.5534,"gi_pvalue":0.047,"significance":"cold_95","district":"MYSURU CITY"}},{"type":"Feature","geometry":{"type":"Point","coordinates":[76.70588,12.27477]},"properties":{"cell_id":33856,"case_count":1,"gi_zscore":-0.5534,"gi_pvalue":0.03,"significance":"cold_95","district":"MYSURU CITY"}},{"type":"Feature","geometry":{"type":"Point","coordinates":[76.6,12.28378]},"properties":{"cell_id":34238,"case_count":1,"gi_zscore":-0.5891,"gi_pvalue":0.015,"significance":"cold_95","district":"MYSURU CITY"}},{"type":"Feature","geometry":{"type":"Point","coordinates":[76.61176,12.28378]},"properties":{"cell_id":34239,"case_count":1,"gi_zscore":-0.5891,"gi_pvalue":0.015,"significance":"cold_95","district":"MYSURU CITY"}},{"type":"Feature","geometry":{"type":"Point","coordinates":[76.63529,12.28378]},"properties":{"cell_id":34241,"case_count":1,"gi_zscore":-0.5534,"gi_pvalue":0.047,"significance":"cold_95","district":"MYSURU CITY"}},{"type":"Feature","geometry":{"type":"Point","coordinates":[76.64706,12.28378]},"properties":{"cell_id":34242,"case_count":1,"gi_zscore":-0.482,"gi_pvalue":0.102,"significance":"not_sig","district":"MYSURU CITY"}},{"type":"Feature","geometry":{"type":"Point","coordinates":[76.58824,12.29279]},"properties":{"cell_id":34628,"case_count":1,"gi_zscore":-0.6605,"gi_pvalue":0.001,"significance":"cold_99","district":"MYSURU CITY"}},{"type":"Feature","geometry":{"type":"Point","coordinates":[76.62353,12.29279]},"properties":{"cell_id":34631,"case_count":1,"gi_zscore":-0.5534,"gi_pvalue":0.047,"significance":"cold_95","district":"MYSURU CITY"}},{"type":"Feature","geometry":{"type":"Point","coordinates":[76.63529,12.29279]},"properties":{"cell_id":34632,"case_count":4,"gi_zscore":-0.482,"gi_pvalue":0.038,"significance":"cold_95","district":"MYSURU CITY"}},{"type":"Feature","geometry":{"type":"Point","coordinates":[76.68235,12.29279]},"properties":{"cell_id":34636,"case_count":1,"gi_zscore":-0.4463,"gi_pvalue":0.121,"significance":"not_sig","district":"MYSURU CITY"}},{"type":"Feature","geometry":{"type":"Point","coordinates":[76.11765,12.3018]},"properties":{"cell_id":34979,"case_count":1,"gi_zscore":-0.6962,"gi_pvalue":0.001,"significance":"cold_99","district":"MYSURU CITY"}},{"type":"Feature","geometry":{"type":"Point","coordinates":[76.6,12.3018]},"properties":{"cell_id":35020,"case_count":1,"gi_zscore":-0.6248,"gi_pvalue":0.013,"significance":"cold_95","district":"MYSURU CITY"}},{"type":"Feature","geometry":{"type":"Point","coordinates":[76.63529,12.3018]},"properties":{"cell_id":35023,"case_count":2,"gi_zscore":-0.4463,"gi_pvalue":0.085,"significance":"cold_90","district":"MYSURU CITY"}},{"type":"Feature","geometry":{"type":"Point","coordinates":[76.65882,12.3018]},"properties":{"cell_id":35025,"case_count":1,"gi_zscore":-0.2678,"gi_pvalue":0.274,"significance":"not_sig","district":"MYSURU CITY"}},{"type":"Feature","geometry":{"type":"Point","coordinates":[76.71765,12.3018]},"properties":{"cell_id":35030,"case_count":1,"gi_zscore":-0.6248,"gi_pvalue":0.014,"significance":"cold_95","district":"MYSURU CITY"}},{"type":"Feature","geometry":{"type":"Point","coordinates":[76.63529,12.31081]},"properties":{"cell_id":35414,"case_count":1,"gi_zscore":-0.2678,"gi_pvalue":0.312,"significance":"not_sig","district":"MYSURU CITY"}},{"type":"Feature","geometry":{"type":"Point","coordinates":[76.64706,12.31081]},"properties":{"cell_id":35415,"case_count":3,"gi_zscore":-0.2678,"gi_pvalue":0.237,"significance":"not_sig","district":"MYSURU CITY"}},{"type":"Feature","geometry":{"type":"Point","coordinates":[76.65882,12.31081]},"properties":{"cell_id":35416,"case_count":3,"gi_zscore":-0.3749,"gi_pvalue":0.125,"significance":"not_sig","district":"MYSURU CITY"}},{"type":"Feature","geometry":{"type":"Point","coordinates":[76.67059,12.31081]},"properties":{"cell_id":35417,"case_count":2,"gi_zscore":-0.4463,"gi_pvalue":0.099,"significance":"cold_90","district":"MYSURU CITY"}},{"type":"Feature","geometry":{"type":"Point","coordinates":[76.69412,12.31081]},"properties":{"cell_id":35419,"case_count":2,"gi_zscore":-0.5177,"gi_pvalue":0.054,"significance":"cold_90","district":"MYSURU CITY"}},{"type":"Feature","geometry":{"type":"Point","coordinates":[76.70588,12.31081]},"properties":{"cell_id":35420,"case_count":1,"gi_zscore":-0.5891,"gi_pvalue":0.017,"significance":"cold_95","district":"MYSURU CITY"}},{"type":"Feature","geometry":{"type":"Point","coordinates":[76.58824,12.31982]},"properties":{"cell_id":35801,"case_count":1,"gi_zscore":-0.6248,"gi_pvalue":0.016,"significance":"cold_95","district":"MYSURU CITY"}},{"type":"Feature","geometry":{"type":"Point","coordinates":[76.62353,12.31982]},"properties":{"cell_id":35804,"case_count":2,"gi_zscore":-0.5177,"gi_pvalue":0.052,"significance":"cold_90","district":"MYSURU CITY"}},{"type":"Feature","geometry":{"type":"Point","coordinates":[76.65882,12.31982]},"properties":{"cell_id":35807,"case_count":4,"gi_zscore":-0.3392,"gi_pvalue":0.129,"significance":"not_sig","district":"MYSURU CITY"}},{"type":"Feature","geometry":{"type":"Point","coordinates":[76.6,12.32883]},"properties":{"cell_id":36193,"case_count":1,"gi_zscore":-0.6248,"gi_pvalue":0.012,"significance":"cold_95","district":"MYSURU CITY"}},{"type":"Feature","geometry":{"type":"Point","coordinates":[76.62353,12.32883]},"properties":{"cell_id":36195,"case_count":1,"gi_zscore":-0.5891,"gi_pvalue":0.014,"significance":"cold_95","district":"MYSURU CITY"}},{"type":"Feature","geometry":{"type":"Point","coordinates":[76.65882,12.32883]},"properties":{"cell_id":36198,"case_count":1,"gi_zscore":-0.3035,"gi_pvalue":0.25,"significance":"not_sig","district":"MYSURU CITY"}},{"type":"Feature","geometry":{"type":"Point","coordinates":[76.67059,12.32883]},"properties":{"cell_id":36199,"case_count":1,"gi_zscore":-0.4106,"gi_pvalue":0.161,"significance":"not_sig","district":"MYSURU CITY"}},{"type":"Feature","geometry":{"type":"Point","coordinates":[76.68235,12.32883]},"properties":{"cell_id":36200,"case_count":1,"gi_zscore":-0.4463,"gi_pvalue":0.127,"significance":"not_sig","district":"MYSURU CITY"}},{"type":"Feature","geometry":{"type":"Point","coordinates":[76.6,12.33784]},"properties":{"cell_id":36584,"case_count":1,"gi_zscore":-0.6248,"gi_pvalue":0.012,"significance":"cold_95","district":"MYSURU CITY"}},{"type":"Feature","geometry":{"type":"Point","coordinates":[76.61176,12.33784]},"properties":{"cell_id":36585,"case_count":2,"gi_zscore":-0.5891,"gi_pvalue":0.006,"significance":"cold_99","district":"MYSURU CITY"}},{"type":"Feature","geometry":{"type":"Point","coordinates":[76.62353,12.33784]},"properties":{"cell_id":36586,"case_count":1,"gi_zscore":-0.5891,"gi_pvalue":0.019,"significance":"cold_95","district":"MYSURU CITY"}},{"type":"Feature","geometry":{"type":"Point","coordinates":[76.63529,12.33784]},"properties":{"cell_id":36587,"case_count":1,"gi_zscore":-0.5534,"gi_pvalue":0.048,"significance":"cold_95","district":"MYSURU CITY"}},{"type":"Feature","geometry":{"type":"Point","coordinates":[76.65882,12.33784]},"properties":{"cell_id":36589,"case_count":2,"gi_zscore":-0.482,"gi_pvalue":0.079,"significance":"cold_90","district":"MYSURU CITY"}},{"type":"Feature","geometry":{"type":"Point","coordinates":[76.67059,12.33784]},"properties":{"cell_id":36590,"case_count":2,"gi_zscore":-0.4463,"gi_pvalue":0.099,"significance":"cold_90","district":"MYSURU CITY"}},{"type":"Feature","geometry":{"type":"Point","coordinates":[76.21176,12.34685]},"properties":{"cell_id":36942,"case_count":1,"gi_zscore":-0.6962,"gi_pvalue":0.001,"significance":"cold_99","district":"MYSURU CITY"}},{"type":"Feature","geometry":{"type":"Point","coordinates":[76.61176,12.34685]},"properties":{"cell_id":36976,"case_count":1,"gi_zscore":-0.6248,"gi_pvalue":0.017,"significance":"cold_95","district":"MYSURU CITY"}},{"type":"Feature","geometry":{"type":"Point","coordinates":[76.62353,12.34685]},"properties":{"cell_id":36977,"case_count":2,"gi_zscore":-0.6248,"gi_pvalue":0.005,"significance":"cold_99","district":"MYSURU CITY"}},{"type":"Feature","geometry":{"type":"Point","coordinates":[76.63529,12.34685]},"properties":{"cell_id":36978,"case_count":1,"gi_zscore":-0.6248,"gi_pvalue":0.005,"significance":"cold_99","district":"MYSURU CITY"}},{"type":"Feature","geometry":{"type":"Point","coordinates":[76.64706,12.34685]},"properties":{"cell_id":36979,"case_count":2,"gi_zscore":-0.5891,"gi_pvalue":0.006,"significance":"cold_99","district":"MYSURU CITY"}},{"type":"Feature","geometry":{"type":"Point","coordinates":[76.61176,12.35586]},"properties":{"cell_id":37367,"case_count":1,"gi_zscore":-0.6248,"gi_pvalue":0.016,"significance":"cold_95","district":"MYSURU CITY"}},{"type":"Feature","geometry":{"type":"Point","coordinates":[76.63529,12.35586]},"properties":{"cell_id":37369,"case_count":1,"gi_zscore":-0.6248,"gi_pvalue":0.016,"significance":"cold_95","district":"MYSURU CITY"}},{"type":"Feature","geometry":{"type":"Point","coordinates":[76.65882,12.35586]},"properties":{"cell_id":37371,"case_count":1,"gi_zscore":-0.5891,"gi_pvalue":0.02,"significance":"cold_95","district":"MYSURU CITY"}},{"type":"Feature","geometry":{"type":"Point","coordinates":[76.57647,12.36486]},"properties":{"cell_id":37755,"case_count":1,"gi_zscore":-0.6248,"gi_pvalue":0.016,"significance":"cold_95","district":"MYSURU CITY"}},{"type":"Feature","geometry":{"type":"Point","coordinates":[76.62353,12.36486]},"properties":{"cell_id":37759,"case_count":1,"gi_zscore":-0.6248,"gi_pvalue":0.016,"significance":"cold_95","district":"MYSURU CITY"}},{"type":"Feature","geometry":{"type":"Point","coordinates":[77.6,12.97748]},"properties":{"cell_id":64430,"case_count":8,"gi_zscore":0.8033,"gi_pvalue":0.02,"significance":"hot_95","district":"MYSURU CITY"}},{"type":"Feature","geometry":{"type":"Point","coordinates":[77.6,12.98649]},"properties":{"cell_id":64821,"case_count":4,"gi_zscore":0.8033,"gi_pvalue":0.014,"significance":"hot_95","district":"MYSURU CITY"}},{"type":"Feature","geometry":{"type":"Point","coordinates":[77.61176,12.98649]},"properties":{"cell_id":64822,"case_count":11,"gi_zscore":0.8033,"gi_pvalue":0.038,"significance":"hot_95","district":"MYSURU CITY"}},{"type":"Feature","geometry":{"type":"Point","coordinates":[77.61176,12.9955]},"properties":{"cell_id":65213,"case_count":3,"gi_zscore":0.8033,"gi_pvalue":0.011,"significance":"hot_95","district":"MYSURU CITY"}},{"type":"Feature","geometry":{"type":"Point","coordinates":[77.62353,12.9955]},"properties":{"cell_id":65214,"case_count":1,"gi_zscore":0.8033,"gi_pvalue":0.007,"significance":"hot_99","district":"MYSURU CITY"}},{"type":"Feature","geometry":{"type":"Point","coordinates":[77.62353,13.0045]},"properties":{"cell_id":65605,"case_count":7,"gi_zscore":0.8033,"gi_pvalue":0.022,"significance":"hot_95","district":"MYSURU CITY"}},{"type":"Feature","geometry":{"type":"Point","coordinates":[77.63529,13.0045]},"properties":{"cell_id":65606,"case_count":1,"gi_zscore":0.7676,"gi_pvalue":0.012,"significance":"hot_95","district":"MYSURU CITY"}},{"type":"Feature","geometry":{"type":"Point","coordinates":[77.63529,13.01351]},"properties":{"cell_id":65997,"case_count":9,"gi_zscore":0.482,"gi_pvalue":0.158,"significance":"not_sig","district":"MYSURU CITY"}},{"type":"Feature","geometry":{"type":"Point","coordinates":[77.64706,13.02252]},"properties":{"cell_id":66389,"case_count":7,"gi_zscore":0.4463,"gi_pvalue":0.162,"significance":"not_sig","district":"MYSURU CITY"}},{"type":"Feature","geometry":{"type":"Point","coordinates":[77.64706,13.03153]},"properties":{"cell_id":66780,"case_count":4,"gi_zscore":0.839,"gi_pvalue":0.014,"significance":"hot_95","district":"MYSURU CITY"}},{"type":"Feature","geometry":{"type":"Point","coordinates":[77.65882,13.03153]},"properties":{"cell_id":66781,"case_count":7,"gi_zscore":0.9818,"gi_pvalue":0.013,"significance":"hot_95","district":"MYSURU CITY"}},{"type":"Feature","geometry":{"type":"Point","coordinates":[77.65882,13.04054]},"properties":{"cell_id":67172,"case_count":3,"gi_zscore":1.0889,"gi_pvalue":0.003,"significance":"hot_99","district":"MYSURU CITY"}},{"type":"Feature","geometry":{"type":"Point","coordinates":[77.67059,13.04054]},"properties":{"cell_id":67173,"case_count":2,"gi_zscore":1.0175,"gi_pvalue":0.004,"significance":"hot_99","district":"MYSURU CITY"}},{"type":"Feature","geometry":{"type":"Point","coordinates":[77.67059,13.04955]},"properties":{"cell_id":67564,"case_count":12,"gi_zscore":0.8747,"gi_pvalue":0.031,"significance":"hot_95","district":"MYSURU CITY"}},{"type":"Feature","geometry":{"type":"Point","coordinates":[77.68235,13.05856]},"properties":{"cell_id":67956,"case_count":11,"gi_zscore":0.839,"gi_pvalue":0.038,"significance":"hot_95","district":"MYSURU CITY"}},{"type":"Feature","geometry":{"type":"Point","coordinates":[77.68235,13.06757]},"properties":{"cell_id":68347,"case_count":4,"gi_zscore":0.7676,"gi_pvalue":0.025,"significance":"hot_95","district":"MYSURU CITY"}},{"type":"Feature","geometry":{"type":"Point","coordinates":[77.69412,13.06757]},"properties":{"cell_id":68348,"case_count":7,"gi_zscore":1.0175,"gi_pvalue":0.009,"significance":"hot_99","district":"MYSURU CITY"}},{"type":"Feature","geometry":{"type":"Point","coordinates":[77.69412,13.07658]},"properties":{"cell_id":68739,"case_count":3,"gi_zscore":0.6605,"gi_pvalue":0.03,"significance":"hot_95","district":"MYSURU CITY"}},{"type":"Feature","geometry":{"type":"Point","coordinates":[77.70588,13.07658]},"properties":{"cell_id":68740,"case_count":3,"gi_zscore":0.6605,"gi_pvalue":0.03,"significance":"hot_95","district":"MYSURU CITY"}},{"type":"Feature","geometry":{"type":"Point","coordinates":[77.70588,13.08559]},"properties":{"cell_id":69131,"case_count":5,"gi_zscore":0.482,"gi_pvalue":0.085,"significance":"hot_90","district":"MYSURU CITY"}},{"type":"Feature","geometry":{"type":"Point","coordinates":[77.71765,13.08559]},"properties":{"cell_id":69132,"case_count":2,"gi_zscore":0.5177,"gi_pvalue":0.053,"significance":"hot_90","district":"MYSURU CITY"}},{"type":"Feature","geometry":{"type":"Point","coordinates":[77.71765,13.09459]},"properties":{"cell_id":69523,"case_count":10,"gi_zscore":0.4106,"gi_pvalue":0.237,"significance":"not_sig","district":"MYSURU CITY"}},{"type":"Feature","geometry":{"type":"Point","coordinates":[77.71765,13.1036]},"properties":{"cell_id":69914,"case_count":2,"gi_zscore":0.5534,"gi_pvalue":0.041,"significance":"hot_95","district":"MYSURU CITY"}},{"type":"Feature","geometry":{"type":"Point","coordinates":[77.72941,13.1036]},"properties":{"cell_id":69915,"case_count":6,"gi_zscore":0.5177,"gi_pvalue":0.095,"significance":"hot_90","district":"MYSURU CITY"}},{"type":"Feature","geometry":{"type":"Point","coordinates":[77.72941,13.11261]},"properties":{"cell_id":70306,"case_count":5,"gi_zscore":0.839,"gi_pvalue":0.014,"significance":"hot_95","district":"MYSURU CITY"}},{"type":"Feature","geometry":{"type":"Point","coordinates":[77.74118,13.11261]},"properties":{"cell_id":70307,"case_count":4,"gi_zscore":0.839,"gi_pvalue":0.011,"significance":"hot_95","district":"MYSURU CITY"}},{"type":"Feature","geometry":{"type":"Point","coordinates":[77.74118,13.12162]},"properties":{"cell_id":70698,"case_count":7,"gi_zscore":0.8747,"gi_pvalue":0.017,"significance":"hot_95","district":"MYSURU CITY"}},{"type":"Feature","geometry":{"type":"Point","coordinates":[77.75294,13.12162]},"properties":{"cell_id":70699,"case_count":2,"gi_zscore":0.7319,"gi_pvalue":0.015,"significance":"hot_95","district":"MYSURU CITY"}},{"type":"Feature","geometry":{"type":"Point","coordinates":[77.75294,13.13063]},"properties":{"cell_id":71090,"case_count":14,"gi_zscore":0.7319,"gi_pvalue":0.081,"significance":"hot_90","district":"MYSURU CITY"}},{"type":"Feature","geometry":{"type":"Point","coordinates":[77.76471,13.13964]},"properties":{"cell_id":71482,"case_count":3,"gi_zscore":0.8033,"gi_pvalue":0.011,"significance":"hot_95","district":"MYSURU CITY"}},{"type":"Feature","geometry":{"type":"Point","coordinates":[77.76471,13.14865]},"properties":{"cell_id":71873,"case_count":2,"gi_zscore":1.0175,"gi_pvalue":0.001,"significance":"hot_99","district":"MYSURU CITY"}},{"type":"Feature","geometry":{"type":"Point","coordinates":[77.77647,13.14865]},"properties":{"cell_id":71874,"case_count":6,"gi_zscore":1.0175,"gi_pvalue":0.004,"significance":"hot_99","district":"MYSURU CITY"}},{"type":"Feature","geometry":{"type":"Point","coordinates":[77.77647,13.15766]},"properties":{"cell_id":72265,"case_count":10,"gi_zscore":1.0175,"gi_pvalue":0.011,"significance":"hot_95","district":"MYSURU CITY"}},{"type":"Feature","geometry":{"type":"Point","coordinates":[77.78824,13.15766]},"properties":{"cell_id":72266,"case_count":3,"gi_zscore":1.0175,"gi_pvalue":0.002,"significance":"hot_99","district":"MYSURU CITY"}},{"type":"Feature","geometry":{"type":"Point","coordinates":[77.78824,13.16667]},"properties":{"cell_id":72657,"case_count":10,"gi_zscore":1.0175,"gi_pvalue":0.011,"significance":"hot_95","district":"MYSURU CITY"}},{"type":"Feature","geometry":{"type":"Point","coordinates":[75.71765,15.31982]},"properties":{"cell_id":165930,"case_count":1,"gi_zscore":0.9461,"gi_pvalue":0.002,"significance":"hot_99","district":"MYSURU CITY"}},{"type":"Feature","geometry":{"type":"Point","coordinates":[76.55294,11.98649]},"properties":{"cell_id":21331,"case_count":1,"gi_zscore":-0.5899,"gi_pvalue":0.015,"significance":"cold_95","district":"MYSURU DIST"}},{"type":"Feature","geometry":{"type":"Point","coordinates":[76.44706,12.01351]},"properties":{"cell_id":22495,"case_count":1,"gi_zscore":-0.6039,"gi_pvalue":0.01,"significance":"cold_99","district":"MYSURU DIST"}},{"type":"Feature","geometry":{"type":"Point","coordinates":[76.04706,12.02252]},"properties":{"cell_id":22852,"case_count":1,"gi_zscore":-0.618,"gi_pvalue":0.01,"significance":"cold_99","district":"MYSURU DIST"}},{"type":"Feature","geometry":{"type":"Point","coordinates":[76.89412,12.02252]},"properties":{"cell_id":22924,"case_count":1,"gi_zscore":-0.618,"gi_pvalue":0.01,"significance":"cold_99","district":"MYSURU DIST"}},{"type":"Feature","geometry":{"type":"Point","coordinates":[76.38824,12.05856]},"properties":{"cell_id":24445,"case_count":1,"gi_zscore":-0.6039,"gi_pvalue":0.01,"significance":"cold_99","district":"MYSURU DIST"}},{"type":"Feature","geometry":{"type":"Point","coordinates":[76.24706,12.09459]},"properties":{"cell_id":25997,"case_count":1,"gi_zscore":-0.6039,"gi_pvalue":0.01,"significance":"cold_99","district":"MYSURU DIST"}},{"type":"Feature","geometry":{"type":"Point","coordinates":[76.37647,12.09459]},"properties":{"cell_id":26008,"case_count":1,"gi_zscore":-0.6039,"gi_pvalue":0.01,"significance":"cold_99","district":"MYSURU DIST"}},{"type":"Feature","geometry":{"type":"Point","coordinates":[76.55294,12.09459]},"properties":{"cell_id":26023,"case_count":1,"gi_zscore":-0.5899,"gi_pvalue":0.015,"significance":"cold_95","district":"MYSURU DIST"}},{"type":"Feature","geometry":{"type":"Point","coordinates":[76.44706,12.11261]},"properties":{"cell_id":26796,"case_count":2,"gi_zscore":-0.6039,"gi_pvalue":0.001,"significance":"cold_99","district":"MYSURU DIST"}},{"type":"Feature","geometry":{"type":"Point","coordinates":[76.57647,12.11261]},"properties":{"cell_id":26807,"case_count":1,"gi_zscore":-0.6039,"gi_pvalue":0.014,"significance":"cold_95","district":"MYSURU DIST"}},{"type":"Feature","geometry":{"type":"Point","coordinates":[76.67059,12.11261]},"properties":{"cell_id":26815,"case_count":2,"gi_zscore":-0.6039,"gi_pvalue":0.012,"significance":"cold_95","district":"MYSURU DIST"}},{"type":"Feature","geometry":{"type":"Point","coordinates":[76.76471,12.11261]},"properties":{"cell_id":26823,"case_count":1,"gi_zscore":-0.6039,"gi_pvalue":0.016,"significance":"cold_95","district":"MYSURU DIST"}},{"type":"Feature","geometry":{"type":"Point","coordinates":[75.11765,12.12162]},"properties":{"cell_id":27074,"case_count":1,"gi_zscore":-0.618,"gi_pvalue":0.008,"significance":"cold_99","district":"MYSURU DIST"}},{"type":"Feature","geometry":{"type":"Point","coordinates":[76.11765,12.12162]},"properties":{"cell_id":27159,"case_count":1,"gi_zscore":-0.618,"gi_pvalue":0.008,"significance":"cold_99","district":"MYSURU DIST"}},{"type":"Feature","geometry":{"type":"Point","coordinates":[76.55294,12.13063]},"properties":{"cell_id":27587,"case_count":1,"gi_zscore":-0.5899,"gi_pvalue":0.016,"significance":"cold_95","district":"MYSURU DIST"}},{"type":"Feature","geometry":{"type":"Point","coordinates":[76.71765,12.14865]},"properties":{"cell_id":28383,"case_count":1,"gi_zscore":-0.6039,"gi_pvalue":0.016,"significance":"cold_95","district":"MYSURU DIST"}},{"type":"Feature","geometry":{"type":"Point","coordinates":[76.78824,12.14865]},"properties":{"cell_id":28389,"case_count":1,"gi_zscore":-0.6039,"gi_pvalue":0.016,"significance":"cold_95","district":"MYSURU DIST"}},{"type":"Feature","geometry":{"type":"Point","coordinates":[76.47059,12.17568]},"properties":{"cell_id":29535,"case_count":1,"gi_zscore":-0.6039,"gi_pvalue":0.016,"significance":"cold_95","district":"MYSURU DIST"}},{"type":"Feature","geometry":{"type":"Point","coordinates":[76.56471,12.17568]},"properties":{"cell_id":29543,"case_count":1,"gi_zscore":-0.6039,"gi_pvalue":0.016,"significance":"cold_95","district":"MYSURU DIST"}},{"type":"Feature","geometry":{"type":"Point","coordinates":[76.82353,12.18468]},"properties":{"cell_id":29956,"case_count":1,"gi_zscore":-0.618,"gi_pvalue":0.008,"significance":"cold_99","district":"MYSURU DIST"}},{"type":"Feature","geometry":{"type":"Point","coordinates":[76.62353,12.19369]},"properties":{"cell_id":30330,"case_count":1,"gi_zscore":-0.6039,"gi_pvalue":0.016,"significance":"cold_95","district":"MYSURU DIST"}},{"type":"Feature","geometry":{"type":"Point","coordinates":[76.28235,12.21171]},"properties":{"cell_id":31083,"case_count":1,"gi_zscore":-0.618,"gi_pvalue":0.008,"significance":"cold_99","district":"MYSURU DIST"}},{"type":"Feature","geometry":{"type":"Point","coordinates":[76.6,12.21171]},"properties":{"cell_id":31110,"case_count":1,"gi_zscore":-0.6039,"gi_pvalue":0.016,"significance":"cold_95","district":"MYSURU DIST"}},{"type":"Feature","geometry":{"type":"Point","coordinates":[76.89412,12.21171]},"properties":{"cell_id":31135,"case_count":1,"gi_zscore":-0.618,"gi_pvalue":0.008,"significance":"cold_99","district":"MYSURU DIST"}},{"type":"Feature","geometry":{"type":"Point","coordinates":[76.90588,12.22072]},"properties":{"cell_id":31527,"case_count":1,"gi_zscore":-0.618,"gi_pvalue":0.008,"significance":"cold_99","district":"MYSURU DIST"}},{"type":"Feature","geometry":{"type":"Point","coordinates":[76.91765,12.22072]},"properties":{"cell_id":31528,"case_count":1,"gi_zscore":-0.618,"gi_pvalue":0.008,"significance":"cold_99","district":"MYSURU DIST"}},{"type":"Feature","geometry":{"type":"Point","coordinates":[76.96471,12.22072]},"properties":{"cell_id":31532,"case_count":1,"gi_zscore":-0.618,"gi_pvalue":0.008,"significance":"cold_99","district":"MYSURU DIST"}},{"type":"Feature","geometry":{"type":"Point","coordinates":[76.96471,12.23874]},"properties":{"cell_id":32314,"case_count":1,"gi_zscore":-0.618,"gi_pvalue":0.008,"significance":"cold_99","district":"MYSURU DIST"}},{"type":"Feature","geometry":{"type":"Point","coordinates":[76.05882,12.24775]},"properties":{"cell_id":32628,"case_count":1,"gi_zscore":-0.618,"gi_pvalue":0.008,"significance":"cold_99","district":"MYSURU DIST"}},{"type":"Feature","geometry":{"type":"Point","coordinates":[76.84706,12.24775]},"properties":{"cell_id":32695,"case_count":1,"gi_zscore":-0.618,"gi_pvalue":0.008,"significance":"cold_99","district":"MYSURU DIST"}},{"type":"Feature","geometry":{"type":"Point","coordinates":[76.85882,12.24775]},"properties":{"cell_id":32696,"case_count":1,"gi_zscore":-0.618,"gi_pvalue":0.008,"significance":"cold_99","district":"MYSURU DIST"}},{"type":"Feature","geometry":{"type":"Point","coordinates":[76.81176,12.25676]},"properties":{"cell_id":33083,"case_count":1,"gi_zscore":-0.618,"gi_pvalue":0.008,"significance":"cold_99","district":"MYSURU DIST"}},{"type":"Feature","geometry":{"type":"Point","coordinates":[76.90588,12.25676]},"properties":{"cell_id":33091,"case_count":1,"gi_zscore":-0.618,"gi_pvalue":0.008,"significance":"cold_99","district":"MYSURU DIST"}},{"type":"Feature","geometry":{"type":"Point","coordinates":[76.85882,12.27477]},"properties":{"cell_id":33869,"case_count":1,"gi_zscore":-0.618,"gi_pvalue":0.008,"significance":"cold_99","district":"MYSURU DIST"}},{"type":"Feature","geometry":{"type":"Point","coordinates":[76.50588,12.29279]},"properties":{"cell_id":34621,"case_count":1,"gi_zscore":-0.618,"gi_pvalue":0.008,"significance":"cold_99","district":"MYSURU DIST"}},{"type":"Feature","geometry":{"type":"Point","coordinates":[76.34118,12.3018]},"properties":{"cell_id":34998,"case_count":1,"gi_zscore":-0.6039,"gi_pvalue":0.008,"significance":"cold_99","district":"MYSURU DIST"}},{"type":"Feature","geometry":{"type":"Point","coordinates":[76.76471,12.3018]},"properties":{"cell_id":35034,"case_count":1,"gi_zscore":-0.618,"gi_pvalue":0.008,"significance":"cold_99","district":"MYSURU DIST"}},{"type":"Feature","geometry":{"type":"Point","coordinates":[76.77647,12.3018]},"properties":{"cell_id":35035,"case_count":1,"gi_zscore":-0.618,"gi_pvalue":0.008,"significance":"cold_99","district":"MYSURU DIST"}},{"type":"Feature","geometry":{"type":"Point","coordinates":[76.25882,12.31081]},"properties":{"cell_id":35382,"case_count":1,"gi_zscore":-0.618,"gi_pvalue":0.008,"significance":"cold_99","district":"MYSURU DIST"}},{"type":"Feature","geometry":{"type":"Point","coordinates":[76.30588,12.31081]},"properties":{"cell_id":35386,"case_count":1,"gi_zscore":-0.6039,"gi_pvalue":0.008,"significance":"cold_99","district":"MYSURU DIST"}},{"type":"Feature","geometry":{"type":"Point","coordinates":[76.35294,12.31982]},"properties":{"cell_id":35781,"case_count":1,"gi_zscore":-0.6039,"gi_pvalue":0.008,"significance":"cold_99","district":"MYSURU DIST"}},{"type":"Feature","geometry":{"type":"Point","coordinates":[76.52941,12.31982]},"properties":{"cell_id":35796,"case_count":1,"gi_zscore":-0.618,"gi_pvalue":0.008,"significance":"cold_99","district":"MYSURU DIST"}},{"type":"Feature","geometry":{"type":"Point","coordinates":[76.91765,12.35586]},"properties":{"cell_id":37393,"case_count":1,"gi_zscore":-0.618,"gi_pvalue":0.008,"significance":"cold_99","district":"MYSURU DIST"}},{"type":"Feature","geometry":{"type":"Point","coordinates":[76.35294,12.36486]},"properties":{"cell_id":37736,"case_count":1,"gi_zscore":-0.6039,"gi_pvalue":0.008,"significance":"cold_99","district":"MYSURU DIST"}},{"type":"Feature","geometry":{"type":"Point","coordinates":[76.41176,12.36486]},"properties":{"cell_id":37741,"case_count":1,"gi_zscore":-0.6039,"gi_pvalue":0.008,"significance":"cold_99","district":"MYSURU DIST"}},{"type":"Feature","geometry":{"type":"Point","coordinates":[76.82353,12.38288]},"properties":{"cell_id":38558,"case_count":1,"gi_zscore":-0.618,"gi_pvalue":0.008,"significance":"cold_99","district":"MYSURU DIST"}},{"type":"Feature","geometry":{"type":"Point","coordinates":[75.97647,12.40991]},"properties":{"cell_id":39659,"case_count":1,"gi_zscore":-0.618,"gi_pvalue":0.008,"significance":"cold_99","district":"MYSURU DIST"}},{"type":"Feature","geometry":{"type":"Point","coordinates":[76.01176,12.40991]},"properties":{"cell_id":39662,"case_count":1,"gi_zscore":-0.618,"gi_pvalue":0.008,"significance":"cold_99","district":"MYSURU DIST"}},{"type":"Feature","geometry":{"type":"Point","coordinates":[76.37647,12.42793]},"properties":{"cell_id":40475,"case_count":1,"gi_zscore":-0.6039,"gi_pvalue":0.008,"significance":"cold_99","district":"MYSURU DIST"}},{"type":"Feature","geometry":{"type":"Point","coordinates":[76.18824,12.43694]},"properties":{"cell_id":40850,"case_count":1,"gi_zscore":-0.618,"gi_pvalue":0.008,"significance":"cold_99","district":"MYSURU DIST"}},{"type":"Feature","geometry":{"type":"Point","coordinates":[76.37647,12.43694]},"properties":{"cell_id":40866,"case_count":2,"gi_zscore":-0.6039,"gi_pvalue":0.001,"significance":"cold_99","district":"MYSURU DIST"}},{"type":"Feature","geometry":{"type":"Point","coordinates":[76.38824,12.43694]},"properties":{"cell_id":40867,"case_count":1,"gi_zscore":-0.6039,"gi_pvalue":0.009,"significance":"cold_99","district":"MYSURU DIST"}},{"type":"Feature","geometry":{"type":"Point","coordinates":[75.97647,12.45495]},"properties":{"cell_id":41614,"case_count":1,"gi_zscore":-0.618,"gi_pvalue":0.009,"significance":"cold_99","district":"MYSURU DIST"}},{"type":"Feature","geometry":{"type":"Point","coordinates":[76.45882,12.45495]},"properties":{"cell_id":41655,"case_count":1,"gi_zscore":-0.6039,"gi_pvalue":0.009,"significance":"cold_99","district":"MYSURU DIST"}},{"type":"Feature","geometry":{"type":"Point","coordinates":[76.37647,12.46396]},"properties":{"cell_id":42039,"case_count":1,"gi_zscore":-0.6039,"gi_pvalue":0.017,"significance":"cold_95","district":"MYSURU DIST"}},{"type":"Feature","geometry":{"type":"Point","coordinates":[76.4,12.51802]},"properties":{"cell_id":44387,"case_count":1,"gi_zscore":-0.6039,"gi_pvalue":0.017,"significance":"cold_95","district":"MYSURU DIST"}},{"type":"Feature","geometry":{"type":"Point","coordinates":[76.22353,12.53604]},"properties":{"cell_id":45154,"case_count":1,"gi_zscore":-0.6039,"gi_pvalue":0.017,"significance":"cold_95","district":"MYSURU DIST"}},{"type":"Feature","geometry":{"type":"Point","coordinates":[76.24706,12.53604]},"properties":{"cell_id":45156,"case_count":1,"gi_zscore":-0.6039,"gi_pvalue":0.017,"significance":"cold_95","district":"MYSURU DIST"}},{"type":"Feature","geometry":{"type":"Point","coordinates":[76.27059,12.56306]},"properties":{"cell_id":46331,"case_count":1,"gi_zscore":-0.6039,"gi_pvalue":0.017,"significance":"cold_95","district":"MYSURU DIST"}},{"type":"Feature","geometry":{"type":"Point","coordinates":[76.27059,12.58108]},"properties":{"cell_id":47113,"case_count":1,"gi_zscore":-0.6039,"gi_pvalue":0.017,"significance":"cold_95","district":"MYSURU DIST"}},{"type":"Feature","geometry":{"type":"Point","coordinates":[77.6,12.96847]},"properties":{"cell_id":64039,"case_count":3,"gi_zscore":0.7584,"gi_pvalue":0.015,"significance":"hot_95","district":"MYSURU DIST"}},{"type":"Feature","geometry":{"type":"Point","coordinates":[77.6,12.97748]},"properties":{"cell_id":64430,"case_count":17,"gi_zscore":0.7584,"gi_pvalue":0.03,"significance":"hot_95","district":"MYSURU DIST"}},{"type":"Feature","geometry":{"type":"Point","coordinates":[77.6,12.98649]},"properties":{"cell_id":64821,"case_count":2,"gi_zscore":0.7584,"gi_pvalue":0.015,"significance":"hot_95","district":"MYSURU DIST"}},{"type":"Feature","geometry":{"type":"Point","coordinates":[77.61176,12.98649]},"properties":{"cell_id":64822,"case_count":18,"gi_zscore":0.7584,"gi_pvalue":0.035,"significance":"hot_95","district":"MYSURU DIST"}},{"type":"Feature","geometry":{"type":"Point","coordinates":[77.61176,12.9955]},"properties":{"cell_id":65213,"case_count":14,"gi_zscore":0.7584,"gi_pvalue":0.027,"significance":"hot_95","district":"MYSURU DIST"}},{"type":"Feature","geometry":{"type":"Point","coordinates":[77.62353,12.9955]},"properties":{"cell_id":65214,"case_count":11,"gi_zscore":0.7584,"gi_pvalue":0.02,"significance":"hot_95","district":"MYSURU DIST"}},{"type":"Feature","geometry":{"type":"Point","coordinates":[77.62353,13.0045]},"properties":{"cell_id":65605,"case_count":14,"gi_zscore":0.9832,"gi_pvalue":0.007,"significance":"hot_99","district":"MYSURU DIST"}},{"type":"Feature","geometry":{"type":"Point","coordinates":[77.63529,13.0045]},"properties":{"cell_id":65606,"case_count":9,"gi_zscore":1.0955,"gi_pvalue":0.002,"significance":"hot_99","district":"MYSURU DIST"}},{"type":"Feature","geometry":{"type":"Point","coordinates":[77.63529,13.01351]},"properties":{"cell_id":65997,"case_count":19,"gi_zscore":1.0955,"gi_pvalue":0.002,"significance":"hot_99","district":"MYSURU DIST"}},{"type":"Feature","geometry":{"type":"Point","coordinates":[77.64706,13.02252]},"properties":{"cell_id":66389,"case_count":30,"gi_zscore":1.0253,"gi_pvalue":0.017,"significance":"hot_95","district":"MYSURU DIST"}},{"type":"Feature","geometry":{"type":"Point","coordinates":[77.64706,13.03153]},"properties":{"cell_id":66780,"case_count":6,"gi_zscore":1.1798,"gi_pvalue":0.001,"significance":"hot_99","district":"MYSURU DIST"}},{"type":"Feature","geometry":{"type":"Point","coordinates":[77.65882,13.03153]},"properties":{"cell_id":66781,"case_count":10,"gi_zscore":1.0113,"gi_pvalue":0.001,"significance":"hot_99","district":"MYSURU DIST"}},{"type":"Feature","geometry":{"type":"Point","coordinates":[77.65882,13.04054]},"properties":{"cell_id":67172,"case_count":16,"gi_zscore":1.25,"gi_pvalue":0.001,"significance":"hot_99","district":"MYSURU DIST"}},{"type":"Feature","geometry":{"type":"Point","coordinates":[77.67059,13.04054]},"properties":{"cell_id":67173,"case_count":11,"gi_zscore":1.0955,"gi_pvalue":0.001,"significance":"hot_99","district":"MYSURU DIST"}},{"type":"Feature","geometry":{"type":"Point","coordinates":[77.67059,13.04955]},"properties":{"cell_id":67564,"case_count":22,"gi_zscore":0.941,"gi_pvalue":0.017,"significance":"hot_95","district":"MYSURU DIST"}},{"type":"Feature","geometry":{"type":"Point","coordinates":[77.68235,13.04955]},"properties":{"cell_id":67565,"case_count":2,"gi_zscore":1.0253,"gi_pvalue":0.001,"significance":"hot_99","district":"MYSURU DIST"}},{"type":"Feature","geometry":{"type":"Point","coordinates":[77.68235,13.05856]},"properties":{"cell_id":67956,"case_count":26,"gi_zscore":1.0113,"gi_pvalue":0.018,"significance":"hot_95","district":"MYSURU DIST"}},{"type":"Feature","geometry":{"type":"Point","coordinates":[77.68235,13.06757]},"properties":{"cell_id":68347,"case_count":8,"gi_zscore":0.9691,"gi_pvalue":0.004,"significance":"hot_99","district":"MYSURU DIST"}},{"type":"Feature","geometry":{"type":"Point","coordinates":[77.69412,13.06757]},"properties":{"cell_id":68348,"case_count":19,"gi_zscore":1.0815,"gi_pvalue":0.004,"significance":"hot_99","district":"MYSURU DIST"}},{"type":"Feature","geometry":{"type":"Point","coordinates":[77.69412,13.07658]},"properties":{"cell_id":68739,"case_count":12,"gi_zscore":0.8287,"gi_pvalue":0.022,"significance":"hot_95","district":"MYSURU DIST"}},{"type":"Feature","geometry":{"type":"Point","coordinates":[77.70588,13.07658]},"properties":{"cell_id":68740,"case_count":9,"gi_zscore":0.8287,"gi_pvalue":0.018,"significance":"hot_95","district":"MYSURU DIST"}},{"type":"Feature","geometry":{"type":"Point","coordinates":[77.70588,13.08559]},"properties":{"cell_id":69131,"case_count":13,"gi_zscore":1.0113,"gi_pvalue":0.007,"significance":"hot_99","district":"MYSURU DIST"}},{"type":"Feature","geometry":{"type":"Point","coordinates":[77.71765,13.09459]},"properties":{"cell_id":69523,"case_count":19,"gi_zscore":0.8146,"gi_pvalue":0.031,"significance":"hot_95","district":"MYSURU DIST"}},{"type":"Feature","geometry":{"type":"Point","coordinates":[77.71765,13.1036]},"properties":{"cell_id":69914,"case_count":4,"gi_zscore":0.7865,"gi_pvalue":0.015,"significance":"hot_95","district":"MYSURU DIST"}},{"type":"Feature","geometry":{"type":"Point","coordinates":[77.72941,13.1036]},"properties":{"cell_id":69915,"case_count":15,"gi_zscore":0.8848,"gi_pvalue":0.017,"significance":"hot_95","district":"MYSURU DIST"}},{"type":"Feature","geometry":{"type":"Point","coordinates":[77.72941,13.11261]},"properties":{"cell_id":70306,"case_count":7,"gi_zscore":0.7444,"gi_pvalue":0.019,"significance":"hot_95","district":"MYSURU DIST"}},{"type":"Feature","geometry":{"type":"Point","coordinates":[77.74118,13.11261]},"properties":{"cell_id":70307,"case_count":13,"gi_zscore":0.7444,"gi_pvalue":0.031,"significance":"hot_95","district":"MYSURU DIST"}},{"type":"Feature","geometry":{"type":"Point","coordinates":[77.74118,13.12162]},"properties":{"cell_id":70698,"case_count":17,"gi_zscore":0.927,"gi_pvalue":0.016,"significance":"hot_95","district":"MYSURU DIST"}},{"type":"Feature","geometry":{"type":"Point","coordinates":[77.75294,13.12162]},"properties":{"cell_id":70699,"case_count":4,"gi_zscore":1.1798,"gi_pvalue":0.002,"significance":"hot_99","district":"MYSURU DIST"}},{"type":"Feature","geometry":{"type":"Point","coordinates":[77.75294,13.13063]},"properties":{"cell_id":71090,"case_count":24,"gi_zscore":1.1517,"gi_pvalue":0.006,"significance":"hot_99","district":"MYSURU DIST"}},{"type":"Feature","geometry":{"type":"Point","coordinates":[77.75294,13.13964]},"properties":{"cell_id":71481,"case_count":3,"gi_zscore":1.4607,"gi_pvalue":0.001,"significance":"hot_99","district":"MYSURU DIST"}},{"type":"Feature","geometry":{"type":"Point","coordinates":[77.76471,13.13964]},"properties":{"cell_id":71482,"case_count":32,"gi_zscore":1.3905,"gi_pvalue":0.002,"significance":"hot_99","district":"MYSURU DIST"}},{"type":"Feature","geometry":{"type":"Point","coordinates":[77.76471,13.14865]},"properties":{"cell_id":71873,"case_count":22,"gi_zscore":1.3905,"gi_pvalue":0.001,"significance":"hot_99","district":"MYSURU DIST"}},{"type":"Feature","geometry":{"type":"Point","coordinates":[77.77647,13.14865]},"properties":{"cell_id":71874,"case_count":13,"gi_zscore":1.3483,"gi_pvalue":0.001,"significance":"hot_99","district":"MYSURU DIST"}},{"type":"Feature","geometry":{"type":"Point","coordinates":[77.77647,13.15766]},"properties":{"cell_id":72265,"case_count":29,"gi_zscore":1.3483,"gi_pvalue":0.001,"significance":"hot_99","district":"MYSURU DIST"}},{"type":"Feature","geometry":{"type":"Point","coordinates":[77.78824,13.15766]},"properties":{"cell_id":72266,"case_count":8,"gi_zscore":1.3483,"gi_pvalue":0.001,"significance":"hot_99","district":"MYSURU DIST"}},{"type":"Feature","geometry":{"type":"Point","coordinates":[77.78824,13.16667]},"properties":{"cell_id":72657,"case_count":17,"gi_zscore":1.3483,"gi_pvalue":0.002,"significance":"hot_99","district":"MYSURU DIST"}},{"type":"Feature","geometry":{"type":"Point","coordinates":[77.8,13.17568]},"properties":{"cell_id":73049,"case_count":1,"gi_zscore":1.3483,"gi_pvalue":0.001,"significance":"hot_99","district":"MYSURU DIST"}},{"type":"Feature","geometry":{"type":"Point","coordinates":[75.71765,15.31982]},"properties":{"cell_id":165930,"case_count":1,"gi_zscore":-0.618,"gi_pvalue":0.008,"significance":"cold_99","district":"MYSURU DIST"}},{"type":"Feature","geometry":{"type":"Point","coordinates":[77.6,12.96847]},"properties":{"cell_id":64039,"case_count":5,"gi_zscore":1.1505,"gi_pvalue":0.001,"significance":"hot_99","district":"RAICHUR"}},{"type":"Feature","geometry":{"type":"Point","coordinates":[77.6,12.97748]},"properties":{"cell_id":64430,"case_count":22,"gi_zscore":1.1505,"gi_pvalue":0.005,"significance":"hot_99","district":"RAICHUR"}},{"type":"Feature","geometry":{"type":"Point","coordinates":[77.6,12.98649]},"properties":{"cell_id":64821,"case_count":4,"gi_zscore":1.1505,"gi_pvalue":0.001,"significance":"hot_99","district":"RAICHUR"}},{"type":"Feature","geometry":{"type":"Point","coordinates":[77.61176,12.98649]},"properties":{"cell_id":64822,"case_count":15,"gi_zscore":1.1505,"gi_pvalue":0.002,"significance":"hot_99","district":"RAICHUR"}},{"type":"Feature","geometry":{"type":"Point","coordinates":[77.61176,12.9955]},"properties":{"cell_id":65213,"case_count":8,"gi_zscore":1.1505,"gi_pvalue":0.001,"significance":"hot_99","district":"RAICHUR"}},{"type":"Feature","geometry":{"type":"Point","coordinates":[77.62353,12.9955]},"properties":{"cell_id":65214,"case_count":13,"gi_zscore":1.1505,"gi_pvalue":0.001,"significance":"hot_99","district":"RAICHUR"}},{"type":"Feature","geometry":{"type":"Point","coordinates":[77.62353,13.0045]},"properties":{"cell_id":65605,"case_count":16,"gi_zscore":1.219,"gi_pvalue":0.001,"significance":"hot_99","district":"RAICHUR"}},{"type":"Feature","geometry":{"type":"Point","coordinates":[77.63529,13.0045]},"properties":{"cell_id":65606,"case_count":6,"gi_zscore":1.5953,"gi_pvalue":0.001,"significance":"hot_99","district":"RAICHUR"}},{"type":"Feature","geometry":{"type":"Point","coordinates":[77.63529,13.01351]},"properties":{"cell_id":65997,"case_count":20,"gi_zscore":1.5953,"gi_pvalue":0.001,"significance":"hot_99","district":"RAICHUR"}},{"type":"Feature","geometry":{"type":"Point","coordinates":[77.64706,13.02252]},"properties":{"cell_id":66389,"case_count":23,"gi_zscore":1.6637,"gi_pvalue":0.001,"significance":"hot_99","district":"RAICHUR"}},{"type":"Feature","geometry":{"type":"Point","coordinates":[77.64706,13.03153]},"properties":{"cell_id":66780,"case_count":8,"gi_zscore":1.6637,"gi_pvalue":0.001,"significance":"hot_99","district":"RAICHUR"}},{"type":"Feature","geometry":{"type":"Point","coordinates":[77.65882,13.03153]},"properties":{"cell_id":66781,"case_count":26,"gi_zscore":1.6808,"gi_pvalue":0.001,"significance":"hot_99","district":"RAICHUR"}},{"type":"Feature","geometry":{"type":"Point","coordinates":[77.65882,13.04054]},"properties":{"cell_id":67172,"case_count":16,"gi_zscore":1.5953,"gi_pvalue":0.001,"significance":"hot_99","district":"RAICHUR"}},{"type":"Feature","geometry":{"type":"Point","coordinates":[77.67059,13.04054]},"properties":{"cell_id":67173,"case_count":5,"gi_zscore":1.6295,"gi_pvalue":0.001,"significance":"hot_99","district":"RAICHUR"}},{"type":"Feature","geometry":{"type":"Point","coordinates":[77.67059,13.04955]},"properties":{"cell_id":67564,"case_count":19,"gi_zscore":1.6295,"gi_pvalue":0.001,"significance":"hot_99","district":"RAICHUR"}},{"type":"Feature","geometry":{"type":"Point","coordinates":[77.68235,13.05856]},"properties":{"cell_id":67956,"case_count":17,"gi_zscore":1.4413,"gi_pvalue":0.001,"significance":"hot_99","district":"RAICHUR"}},{"type":"Feature","geometry":{"type":"Point","coordinates":[77.68235,13.06757]},"properties":{"cell_id":68347,"case_count":1,"gi_zscore":1.4413,"gi_pvalue":0.001,"significance":"hot_99","district":"RAICHUR"}},{"type":"Feature","geometry":{"type":"Point","coordinates":[77.69412,13.06757]},"properties":{"cell_id":68348,"case_count":22,"gi_zscore":1.2019,"gi_pvalue":0.003,"significance":"hot_99","district":"RAICHUR"}},{"type":"Feature","geometry":{"type":"Point","coordinates":[77.69412,13.07658]},"properties":{"cell_id":68739,"case_count":15,"gi_zscore":1.1334,"gi_pvalue":0.003,"significance":"hot_99","district":"RAICHUR"}},{"type":"Feature","geometry":{"type":"Point","coordinates":[77.70588,13.07658]},"properties":{"cell_id":68740,"case_count":15,"gi_zscore":1.1334,"gi_pvalue":0.003,"significance":"hot_99","district":"RAICHUR"}},{"type":"Feature","geometry":{"type":"Point","coordinates":[77.70588,13.08559]},"properties":{"cell_id":69131,"case_count":16,"gi_zscore":1.2361,"gi_pvalue":0.002,"significance":"hot_99","district":"RAICHUR"}},{"type":"Feature","geometry":{"type":"Point","coordinates":[77.71765,13.08559]},"properties":{"cell_id":69132,"case_count":2,"gi_zscore":1.3558,"gi_pvalue":0.001,"significance":"hot_99","district":"RAICHUR"}},{"type":"Feature","geometry":{"type":"Point","coordinates":[77.71765,13.09459]},"properties":{"cell_id":69523,"case_count":17,"gi_zscore":1.0821,"gi_pvalue":0.002,"significance":"hot_99","district":"RAICHUR"}},{"type":"Feature","geometry":{"type":"Point","coordinates":[77.71765,13.1036]},"properties":{"cell_id":69914,"case_count":3,"gi_zscore":1.0137,"gi_pvalue":0.001,"significance":"hot_99","district":"RAICHUR"}},{"type":"Feature","geometry":{"type":"Point","coordinates":[77.72941,13.1036]},"properties":{"cell_id":69915,"case_count":23,"gi_zscore":0.8769,"gi_pvalue":0.046,"significance":"hot_95","district":"RAICHUR"}},{"type":"Feature","geometry":{"type":"Point","coordinates":[77.72941,13.11261]},"properties":{"cell_id":70306,"case_count":8,"gi_zscore":0.9111,"gi_pvalue":0.004,"significance":"hot_99","district":"RAICHUR"}},{"type":"Feature","geometry":{"type":"Point","coordinates":[77.74118,13.11261]},"properties":{"cell_id":70307,"case_count":6,"gi_zscore":1.0821,"gi_pvalue":0.001,"significance":"hot_99","district":"RAICHUR"}},{"type":"Feature","geometry":{"type":"Point","coordinates":[77.74118,13.12162]},"properties":{"cell_id":70698,"case_count":11,"gi_zscore":1.0821,"gi_pvalue":0.001,"significance":"hot_99","district":"RAICHUR"}},{"type":"Feature","geometry":{"type":"Point","coordinates":[77.75294,13.12162]},"properties":{"cell_id":70699,"case_count":7,"gi_zscore":1.1676,"gi_pvalue":0.001,"significance":"hot_99","district":"RAICHUR"}},{"type":"Feature","geometry":{"type":"Point","coordinates":[77.75294,13.13063]},"properties":{"cell_id":71090,"case_count":18,"gi_zscore":1.1676,"gi_pvalue":0.001,"significance":"hot_99","district":"RAICHUR"}},{"type":"Feature","geometry":{"type":"Point","coordinates":[77.76471,13.13964]},"properties":{"cell_id":71482,"case_count":12,"gi_zscore":1.3387,"gi_pvalue":0.001,"significance":"hot_99","district":"RAICHUR"}},{"type":"Feature","geometry":{"type":"Point","coordinates":[77.76471,13.14865]},"properties":{"cell_id":71873,"case_count":12,"gi_zscore":1.3387,"gi_pvalue":0.001,"significance":"hot_99","district":"RAICHUR"}},{"type":"Feature","geometry":{"type":"Point","coordinates":[77.77647,13.14865]},"properties":{"cell_id":71874,"case_count":13,"gi_zscore":1.3387,"gi_pvalue":0.001,"significance":"hot_99","district":"RAICHUR"}},{"type":"Feature","geometry":{"type":"Point","coordinates":[77.77647,13.15766]},"properties":{"cell_id":72265,"case_count":17,"gi_zscore":1.3387,"gi_pvalue":0.001,"significance":"hot_99","district":"RAICHUR"}},{"type":"Feature","geometry":{"type":"Point","coordinates":[77.78824,13.15766]},"properties":{"cell_id":72266,"case_count":10,"gi_zscore":1.3387,"gi_pvalue":0.001,"significance":"hot_99","district":"RAICHUR"}},{"type":"Feature","geometry":{"type":"Point","coordinates":[77.78824,13.16667]},"properties":{"cell_id":72657,"case_count":20,"gi_zscore":1.3387,"gi_pvalue":0.001,"significance":"hot_99","district":"RAICHUR"}},{"type":"Feature","geometry":{"type":"Point","coordinates":[75.70588,15.31081]},"properties":{"cell_id":165538,"case_count":1,"gi_zscore":-0.5599,"gi_pvalue":0.023,"significance":"cold_95","district":"RAICHUR"}},{"type":"Feature","geometry":{"type":"Point","coordinates":[75.71765,15.31982]},"properties":{"cell_id":165930,"case_count":1,"gi_zscore":-0.5599,"gi_pvalue":0.023,"significance":"cold_95","district":"RAICHUR"}},{"type":"Feature","geometry":{"type":"Point","coordinates":[77.24706,15.59009]},"properties":{"cell_id":177790,"case_count":1,"gi_zscore":-0.5599,"gi_pvalue":0.023,"significance":"cold_95","district":"RAICHUR"}},{"type":"Feature","geometry":{"type":"Point","coordinates":[76.8,15.62613]},"properties":{"cell_id":179316,"case_count":1,"gi_zscore":-0.5428,"gi_pvalue":0.046,"significance":"cold_95","district":"RAICHUR"}},{"type":"Feature","geometry":{"type":"Point","coordinates":[76.75294,15.76126]},"properties":{"cell_id":185177,"case_count":1,"gi_zscore":-0.5428,"gi_pvalue":0.046,"significance":"cold_95","district":"RAICHUR"}},{"type":"Feature","geometry":{"type":"Point","coordinates":[76.75294,15.77027]},"properties":{"cell_id":185568,"case_count":2,"gi_zscore":-0.5428,"gi_pvalue":0.027,"significance":"cold_95","district":"RAICHUR"}},{"type":"Feature","geometry":{"type":"Point","coordinates":[76.63529,15.77928]},"properties":{"cell_id":185949,"case_count":1,"gi_zscore":-0.5257,"gi_pvalue":0.045,"significance":"cold_95","district":"RAICHUR"}},{"type":"Feature","geometry":{"type":"Point","coordinates":[76.77647,15.77928]},"properties":{"cell_id":185961,"case_count":1,"gi_zscore":-0.5428,"gi_pvalue":0.045,"significance":"cold_95","district":"RAICHUR"}},{"type":"Feature","geometry":{"type":"Point","coordinates":[76.50588,15.78829]},"properties":{"cell_id":186329,"case_count":1,"gi_zscore":-0.5428,"gi_pvalue":0.024,"significance":"cold_95","district":"RAICHUR"}},{"type":"Feature","geometry":{"type":"Point","coordinates":[76.97647,15.80631]},"properties":{"cell_id":187151,"case_count":1,"gi_zscore":-0.5599,"gi_pvalue":0.024,"significance":"cold_95","district":"RAICHUR"}},{"type":"Feature","geometry":{"type":"Point","coordinates":[76.64706,15.88739]},"properties":{"cell_id":190642,"case_count":1,"gi_zscore":-0.5257,"gi_pvalue":0.045,"significance":"cold_95","district":"RAICHUR"}},{"type":"Feature","geometry":{"type":"Point","coordinates":[76.44706,15.91441]},"properties":{"cell_id":191798,"case_count":1,"gi_zscore":-0.5428,"gi_pvalue":0.024,"significance":"cold_95","district":"RAICHUR"}},{"type":"Feature","geometry":{"type":"Point","coordinates":[76.4,15.93243]},"properties":{"cell_id":192576,"case_count":1,"gi_zscore":-0.5428,"gi_pvalue":0.045,"significance":"cold_95","district":"RAICHUR"}},{"type":"Feature","geometry":{"type":"Point","coordinates":[76.65882,15.94144]},"properties":{"cell_id":192989,"case_count":1,"gi_zscore":-0.5257,"gi_pvalue":0.045,"significance":"cold_95","district":"RAICHUR"}},{"type":"Feature","geometry":{"type":"Point","coordinates":[76.81176,15.94144]},"properties":{"cell_id":193002,"case_count":1,"gi_zscore":-0.5428,"gi_pvalue":0.024,"significance":"cold_95","district":"RAICHUR"}},{"type":"Feature","geometry":{"type":"Point","coordinates":[76.83529,15.94144]},"properties":{"cell_id":193004,"case_count":1,"gi_zscore":-0.5428,"gi_pvalue":0.024,"significance":"cold_95","district":"RAICHUR"}},{"type":"Feature","geometry":{"type":"Point","coordinates":[76.65882,15.95045]},"properties":{"cell_id":193380,"case_count":1,"gi_zscore":-0.5257,"gi_pvalue":0.045,"significance":"cold_95","district":"RAICHUR"}},{"type":"Feature","geometry":{"type":"Point","coordinates":[76.58824,15.95946]},"properties":{"cell_id":193765,"case_count":2,"gi_zscore":-0.5257,"gi_pvalue":0.029,"significance":"cold_95","district":"RAICHUR"}},{"type":"Feature","geometry":{"type":"Point","coordinates":[76.6,15.95946]},"properties":{"cell_id":193766,"case_count":1,"gi_zscore":-0.5257,"gi_pvalue":0.043,"significance":"cold_95","district":"RAICHUR"}},{"type":"Feature","geometry":{"type":"Point","coordinates":[76.65882,15.95946]},"properties":{"cell_id":193771,"case_count":2,"gi_zscore":-0.5257,"gi_pvalue":0.03,"significance":"cold_95","district":"RAICHUR"}},{"type":"Feature","geometry":{"type":"Point","coordinates":[76.76471,15.95946]},"properties":{"cell_id":193780,"case_count":1,"gi_zscore":-0.5428,"gi_pvalue":0.027,"significance":"cold_95","district":"RAICHUR"}},{"type":"Feature","geometry":{"type":"Point","coordinates":[77.37647,15.96847]},"properties":{"cell_id":194223,"case_count":1,"gi_zscore":-0.5257,"gi_pvalue":0.071,"significance":"cold_90","district":"RAICHUR"}},{"type":"Feature","geometry":{"type":"Point","coordinates":[77.05882,15.97748]},"properties":{"cell_id":194587,"case_count":1,"gi_zscore":-0.5599,"gi_pvalue":0.027,"significance":"cold_95","district":"RAICHUR"}},{"type":"Feature","geometry":{"type":"Point","coordinates":[77.37647,15.97748]},"properties":{"cell_id":194614,"case_count":1,"gi_zscore":-0.5257,"gi_pvalue":0.071,"significance":"cold_90","district":"RAICHUR"}},{"type":"Feature","geometry":{"type":"Point","coordinates":[77.04706,15.98649]},"properties":{"cell_id":194977,"case_count":1,"gi_zscore":-0.5599,"gi_pvalue":0.027,"significance":"cold_95","district":"RAICHUR"}},{"type":"Feature","geometry":{"type":"Point","coordinates":[77.05882,15.98649]},"properties":{"cell_id":194978,"case_count":1,"gi_zscore":-0.5599,"gi_pvalue":0.027,"significance":"cold_95","district":"RAICHUR"}},{"type":"Feature","geometry":{"type":"Point","coordinates":[76.89412,15.9955]},"properties":{"cell_id":195355,"case_count":1,"gi_zscore":-0.5599,"gi_pvalue":0.027,"significance":"cold_95","district":"RAICHUR"}},{"type":"Feature","geometry":{"type":"Point","coordinates":[77.05882,15.9955]},"properties":{"cell_id":195369,"case_count":1,"gi_zscore":-0.5599,"gi_pvalue":0.027,"significance":"cold_95","district":"RAICHUR"}},{"type":"Feature","geometry":{"type":"Point","coordinates":[76.87059,16.0045]},"properties":{"cell_id":195744,"case_count":1,"gi_zscore":-0.5599,"gi_pvalue":0.027,"significance":"cold_95","district":"RAICHUR"}},{"type":"Feature","geometry":{"type":"Point","coordinates":[77.45882,16.0045]},"properties":{"cell_id":195794,"case_count":3,"gi_zscore":-0.5257,"gi_pvalue":0.036,"significance":"cold_95","district":"RAICHUR"}},{"type":"Feature","geometry":{"type":"Point","coordinates":[76.44706,16.01351]},"properties":{"cell_id":196099,"case_count":1,"gi_zscore":-0.5428,"gi_pvalue":0.05,"significance":"cold_95","district":"RAICHUR"}},{"type":"Feature","geometry":{"type":"Point","coordinates":[76.62353,16.01351]},"properties":{"cell_id":196114,"case_count":1,"gi_zscore":-0.5257,"gi_pvalue":0.05,"significance":"cold_95","district":"RAICHUR"}},{"type":"Feature","geometry":{"type":"Point","coordinates":[77.54118,16.01351]},"properties":{"cell_id":196192,"case_count":1,"gi_zscore":-0.5257,"gi_pvalue":0.072,"significance":"cold_90","district":"RAICHUR"}},{"type":"Feature","geometry":{"type":"Point","coordinates":[76.04706,16.02252]},"properties":{"cell_id":196456,"case_count":1,"gi_zscore":-0.5599,"gi_pvalue":0.032,"significance":"cold_95","district":"RAICHUR"}},{"type":"Feature","geometry":{"type":"Point","coordinates":[76.50588,16.03153]},"properties":{"cell_id":196886,"case_count":1,"gi_zscore":-0.5428,"gi_pvalue":0.05,"significance":"cold_95","district":"RAICHUR"}},{"type":"Feature","geometry":{"type":"Point","coordinates":[76.61176,16.05856]},"properties":{"cell_id":198068,"case_count":1,"gi_zscore":-0.5257,"gi_pvalue":0.05,"significance":"cold_95","district":"RAICHUR"}},{"type":"Feature","geometry":{"type":"Point","coordinates":[77.41176,16.07658]},"properties":{"cell_id":198918,"case_count":1,"gi_zscore":-0.5257,"gi_pvalue":0.072,"significance":"cold_90","district":"RAICHUR"}},{"type":"Feature","geometry":{"type":"Point","coordinates":[77.47059,16.09459]},"properties":{"cell_id":199705,"case_count":1,"gi_zscore":-0.5257,"gi_pvalue":0.072,"significance":"cold_90","district":"RAICHUR"}},{"type":"Feature","geometry":{"type":"Point","coordinates":[76.43529,16.1036]},"properties":{"cell_id":200008,"case_count":1,"gi_zscore":-0.5257,"gi_pvalue":0.05,"significance":"cold_95","district":"RAICHUR"}},{"type":"Feature","geometry":{"type":"Point","coordinates":[76.78824,16.11261]},"properties":{"cell_id":200429,"case_count":1,"gi_zscore":-0.5599,"gi_pvalue":0.032,"significance":"cold_95","district":"RAICHUR"}},{"type":"Feature","geometry":{"type":"Point","coordinates":[76.51765,16.12162]},"properties":{"cell_id":200797,"case_count":1,"gi_zscore":-0.5257,"gi_pvalue":0.05,"significance":"cold_95","district":"RAICHUR"}},{"type":"Feature","geometry":{"type":"Point","coordinates":[76.52941,16.12162]},"properties":{"cell_id":200798,"case_count":1,"gi_zscore":-0.5257,"gi_pvalue":0.05,"significance":"cold_95","district":"RAICHUR"}},{"type":"Feature","geometry":{"type":"Point","coordinates":[77.30588,16.12162]},"properties":{"cell_id":200864,"case_count":1,"gi_zscore":-0.4402,"gi_pvalue":0.133,"significance":"not_sig","district":"RAICHUR"}},{"type":"Feature","geometry":{"type":"Point","coordinates":[77.32941,16.12162]},"properties":{"cell_id":200866,"case_count":1,"gi_zscore":-0.4402,"gi_pvalue":0.133,"significance":"not_sig","district":"RAICHUR"}},{"type":"Feature","geometry":{"type":"Point","coordinates":[77.11765,16.13063]},"properties":{"cell_id":201239,"case_count":1,"gi_zscore":-0.5599,"gi_pvalue":0.032,"significance":"cold_95","district":"RAICHUR"}},{"type":"Feature","geometry":{"type":"Point","coordinates":[76.92941,16.13964]},"properties":{"cell_id":201614,"case_count":1,"gi_zscore":-0.5599,"gi_pvalue":0.032,"significance":"cold_95","district":"RAICHUR"}},{"type":"Feature","geometry":{"type":"Point","coordinates":[77.35294,16.14865]},"properties":{"cell_id":202041,"case_count":1,"gi_zscore":-0.4402,"gi_pvalue":0.133,"significance":"not_sig","district":"RAICHUR"}},{"type":"Feature","geometry":{"type":"Point","coordinates":[76.52941,16.15766]},"properties":{"cell_id":202362,"case_count":3,"gi_zscore":-0.5257,"gi_pvalue":0.001,"significance":"cold_99","district":"RAICHUR"}},{"type":"Feature","geometry":{"type":"Point","coordinates":[77.01176,16.16667]},"properties":{"cell_id":202794,"case_count":1,"gi_zscore":-0.5599,"gi_pvalue":0.034,"significance":"cold_95","district":"RAICHUR"}},{"type":"Feature","geometry":{"type":"Point","coordinates":[77.34118,16.18468]},"properties":{"cell_id":203604,"case_count":1,"gi_zscore":-0.4231,"gi_pvalue":0.142,"significance":"not_sig","district":"RAICHUR"}},{"type":"Feature","geometry":{"type":"Point","coordinates":[76.65882,16.19369]},"properties":{"cell_id":203937,"case_count":1,"gi_zscore":-0.5257,"gi_pvalue":0.069,"significance":"cold_90","district":"RAICHUR"}},{"type":"Feature","geometry":{"type":"Point","coordinates":[77.34118,16.19369]},"properties":{"cell_id":203995,"case_count":1,"gi_zscore":-0.4231,"gi_pvalue":0.142,"significance":"not_sig","district":"RAICHUR"}},{"type":"Feature","geometry":{"type":"Point","coordinates":[77.36471,16.19369]},"properties":{"cell_id":203997,"case_count":1,"gi_zscore":-0.4231,"gi_pvalue":0.142,"significance":"not_sig","district":"RAICHUR"}},{"type":"Feature","geometry":{"type":"Point","coordinates":[76.47059,16.2027]},"properties":{"cell_id":204312,"case_count":1,"gi_zscore":-0.5257,"gi_pvalue":0.069,"significance":"cold_90","district":"RAICHUR"}},{"type":"Feature","geometry":{"type":"Point","coordinates":[77.22353,16.2027]},"properties":{"cell_id":204376,"case_count":1,"gi_zscore":-0.4402,"gi_pvalue":0.133,"significance":"not_sig","district":"RAICHUR"}},{"type":"Feature","geometry":{"type":"Point","coordinates":[77.35294,16.2027]},"properties":{"cell_id":204387,"case_count":6,"gi_zscore":-0.4231,"gi_pvalue":0.077,"significance":"cold_90","district":"RAICHUR"}},{"type":"Feature","geometry":{"type":"Point","coordinates":[76.47059,16.21171]},"properties":{"cell_id":204703,"case_count":1,"gi_zscore":-0.5257,"gi_pvalue":0.07,"significance":"cold_90","district":"RAICHUR"}},{"type":"Feature","geometry":{"type":"Point","coordinates":[76.49412,16.21171]},"properties":{"cell_id":204705,"case_count":1,"gi_zscore":-0.5257,"gi_pvalue":0.07,"significance":"cold_90","district":"RAICHUR"}},{"type":"Feature","geometry":{"type":"Point","coordinates":[77.35294,16.21171]},"properties":{"cell_id":204778,"case_count":3,"gi_zscore":-0.4231,"gi_pvalue":0.114,"significance":"not_sig","district":"RAICHUR"}},{"type":"Feature","geometry":{"type":"Point","coordinates":[76.49412,16.22072]},"properties":{"cell_id":205096,"case_count":1,"gi_zscore":-0.5257,"gi_pvalue":0.075,"significance":"cold_90","district":"RAICHUR"}},{"type":"Feature","geometry":{"type":"Point","coordinates":[76.56471,16.22072]},"properties":{"cell_id":205102,"case_count":1,"gi_zscore":-0.5257,"gi_pvalue":0.075,"significance":"cold_90","district":"RAICHUR"}},{"type":"Feature","geometry":{"type":"Point","coordinates":[77.35294,16.22072]},"properties":{"cell_id":205169,"case_count":1,"gi_zscore":-0.4231,"gi_pvalue":0.141,"significance":"not_sig","district":"RAICHUR"}},{"type":"Feature","geometry":{"type":"Point","coordinates":[77.36471,16.22072]},"properties":{"cell_id":205170,"case_count":2,"gi_zscore":-0.4231,"gi_pvalue":0.124,"significance":"not_sig","district":"RAICHUR"}},{"type":"Feature","geometry":{"type":"Point","coordinates":[77.38824,16.22072]},"properties":{"cell_id":205172,"case_count":1,"gi_zscore":-0.4231,"gi_pvalue":0.144,"significance":"not_sig","district":"RAICHUR"}},{"type":"Feature","geometry":{"type":"Point","coordinates":[76.43529,16.22973]},"properties":{"cell_id":205482,"case_count":1,"gi_zscore":-0.5257,"gi_pvalue":0.075,"significance":"cold_90","district":"RAICHUR"}},{"type":"Feature","geometry":{"type":"Point","coordinates":[77.35294,16.22973]},"properties":{"cell_id":205560,"case_count":1,"gi_zscore":-0.4231,"gi_pvalue":0.144,"significance":"not_sig","district":"RAICHUR"}},{"type":"Feature","geometry":{"type":"Point","coordinates":[76.64706,16.23874]},"properties":{"cell_id":205891,"case_count":1,"gi_zscore":-0.5257,"gi_pvalue":0.075,"significance":"cold_90","district":"RAICHUR"}},{"type":"Feature","geometry":{"type":"Point","coordinates":[77.27059,16.23874]},"properties":{"cell_id":205944,"case_count":1,"gi_zscore":-0.4402,"gi_pvalue":0.13,"significance":"not_sig","district":"RAICHUR"}},{"type":"Feature","geometry":{"type":"Point","coordinates":[77.35294,16.24775]},"properties":{"cell_id":206342,"case_count":1,"gi_zscore":-0.4231,"gi_pvalue":0.144,"significance":"not_sig","district":"RAICHUR"}},{"type":"Feature","geometry":{"type":"Point","coordinates":[77.44706,16.24775]},"properties":{"cell_id":206350,"case_count":1,"gi_zscore":-0.5086,"gi_pvalue":0.079,"significance":"cold_90","district":"RAICHUR"}},{"type":"Feature","geometry":{"type":"Point","coordinates":[76.24706,16.25676]},"properties":{"cell_id":206639,"case_count":1,"gi_zscore":-0.5257,"gi_pvalue":0.075,"significance":"cold_90","district":"RAICHUR"}},{"type":"Feature","geometry":{"type":"Point","coordinates":[77.38824,16.25676]},"properties":{"cell_id":206736,"case_count":1,"gi_zscore":-0.4231,"gi_pvalue":0.154,"significance":"not_sig","district":"RAICHUR"}},{"type":"Feature","geometry":{"type":"Point","coordinates":[76.55294,16.26577]},"properties":{"cell_id":207056,"case_count":1,"gi_zscore":-0.5257,"gi_pvalue":0.075,"significance":"cold_90","district":"RAICHUR"}},{"type":"Feature","geometry":{"type":"Point","coordinates":[76.57647,16.26577]},"properties":{"cell_id":207058,"case_count":1,"gi_zscore":-0.5257,"gi_pvalue":0.075,"significance":"cold_90","district":"RAICHUR"}},{"type":"Feature","geometry":{"type":"Point","coordinates":[76.8,16.26577]},"properties":{"cell_id":207077,"case_count":1,"gi_zscore":-0.5599,"gi_pvalue":0.03,"significance":"cold_95","district":"RAICHUR"}},{"type":"Feature","geometry":{"type":"Point","coordinates":[77.10588,16.3018]},"properties":{"cell_id":208667,"case_count":1,"gi_zscore":-0.5599,"gi_pvalue":0.03,"significance":"cold_95","district":"RAICHUR"}},{"type":"Feature","geometry":{"type":"Point","coordinates":[76.70588,16.31081]},"properties":{"cell_id":209024,"case_count":1,"gi_zscore":-0.5599,"gi_pvalue":0.03,"significance":"cold_95","district":"RAICHUR"}},{"type":"Feature","geometry":{"type":"Point","coordinates":[77.34118,16.31081]},"properties":{"cell_id":209078,"case_count":2,"gi_zscore":-0.4915,"gi_pvalue":0.079,"significance":"cold_90","district":"RAICHUR"}},{"type":"Feature","geometry":{"type":"Point","coordinates":[76.68235,16.33784]},"properties":{"cell_id":210195,"case_count":1,"gi_zscore":-0.5599,"gi_pvalue":0.033,"significance":"cold_95","district":"RAICHUR"}},{"type":"Feature","geometry":{"type":"Point","coordinates":[77.07059,16.33784]},"properties":{"cell_id":210228,"case_count":1,"gi_zscore":-0.5599,"gi_pvalue":0.033,"significance":"cold_95","district":"RAICHUR"}},{"type":"Feature","geometry":{"type":"Point","coordinates":[77.29412,16.34685]},"properties":{"cell_id":210638,"case_count":1,"gi_zscore":-0.4915,"gi_pvalue":0.086,"significance":"cold_90","district":"RAICHUR"}},{"type":"Feature","geometry":{"type":"Point","coordinates":[76.95294,16.37387]},"properties":{"cell_id":211782,"case_count":1,"gi_zscore":-0.5599,"gi_pvalue":0.033,"significance":"cold_95","district":"RAICHUR"}},{"type":"Feature","geometry":{"type":"Point","coordinates":[76.92941,16.41892]},"properties":{"cell_id":213735,"case_count":1,"gi_zscore":-0.5599,"gi_pvalue":0.033,"significance":"cold_95","district":"RAICHUR"}},{"type":"Feature","geometry":{"type":"Point","coordinates":[76.91765,16.42793]},"properties":{"cell_id":214125,"case_count":1,"gi_zscore":-0.5599,"gi_pvalue":0.033,"significance":"cold_95","district":"RAICHUR"}},{"type":"Feature","geometry":{"type":"Point","coordinates":[76.94118,16.42793]},"properties":{"cell_id":214127,"case_count":1,"gi_zscore":-0.5599,"gi_pvalue":0.033,"significance":"cold_95","district":"RAICHUR"}},{"type":"Feature","geometry":{"type":"Point","coordinates":[76.96471,16.43694]},"properties":{"cell_id":214520,"case_count":1,"gi_zscore":-0.5599,"gi_pvalue":0.033,"significance":"cold_95","district":"RAICHUR"}},{"type":"Feature","geometry":{"type":"Point","coordinates":[76.87059,16.44595]},"properties":{"cell_id":214903,"case_count":1,"gi_zscore":-0.5599,"gi_pvalue":0.033,"significance":"cold_95","district":"RAICHUR"}},{"type":"Feature","geometry":{"type":"Point","coordinates":[77.01176,16.48198]},"properties":{"cell_id":216479,"case_count":1,"gi_zscore":-0.5599,"gi_pvalue":0.033,"significance":"cold_95","district":"RAICHUR"}},{"type":"Feature","geometry":{"type":"Point","coordinates":[77.03529,12.5]},"properties":{"cell_id":43659,"case_count":1,"gi_zscore":-0.7471,"gi_pvalue":0.003,"significance":"cold_99","district":"RAMANAGARA"}},{"type":"Feature","geometry":{"type":"Point","coordinates":[77.42353,12.53604]},"properties":{"cell_id":45256,"case_count":1,"gi_zscore":-0.7796,"gi_pvalue":0.003,"significance":"cold_99","district":"RAMANAGARA"}},{"type":"Feature","geometry":{"type":"Point","coordinates":[77.42353,12.54505]},"properties":{"cell_id":45647,"case_count":2,"gi_zscore":-0.7796,"gi_pvalue":0.001,"significance":"cold_99","district":"RAMANAGARA"}},{"type":"Feature","geometry":{"type":"Point","coordinates":[77.42353,12.55405]},"properties":{"cell_id":46038,"case_count":1,"gi_zscore":-0.7796,"gi_pvalue":0.003,"significance":"cold_99","district":"RAMANAGARA"}},{"type":"Feature","geometry":{"type":"Point","coordinates":[77.42353,12.56306]},"properties":{"cell_id":46429,"case_count":1,"gi_zscore":-0.7796,"gi_pvalue":0.003,"significance":"cold_99","district":"RAMANAGARA"}},{"type":"Feature","geometry":{"type":"Point","coordinates":[77.17647,12.62613]},"properties":{"cell_id":49145,"case_count":1,"gi_zscore":-0.7471,"gi_pvalue":0.003,"significance":"cold_99","district":"RAMANAGARA"}},{"type":"Feature","geometry":{"type":"Point","coordinates":[77.2,12.64414]},"properties":{"cell_id":49929,"case_count":1,"gi_zscore":-0.7471,"gi_pvalue":0.003,"significance":"cold_99","district":"RAMANAGARA"}},{"type":"Feature","geometry":{"type":"Point","coordinates":[77.23529,12.64414]},"properties":{"cell_id":49932,"case_count":1,"gi_zscore":-0.7471,"gi_pvalue":0.003,"significance":"cold_99","district":"RAMANAGARA"}},{"type":"Feature","geometry":{"type":"Point","coordinates":[77.16471,12.65315]},"properties":{"cell_id":50317,"case_count":1,"gi_zscore":-0.7471,"gi_pvalue":0.003,"significance":"cold_99","district":"RAMANAGARA"}},{"type":"Feature","geometry":{"type":"Point","coordinates":[77.2,12.65315]},"properties":{"cell_id":50320,"case_count":2,"gi_zscore":-0.7471,"gi_pvalue":0.003,"significance":"cold_99","district":"RAMANAGARA"}},{"type":"Feature","geometry":{"type":"Point","coordinates":[77.21176,12.65315]},"properties":{"cell_id":50321,"case_count":3,"gi_zscore":-0.7471,"gi_pvalue":0.003,"significance":"cold_99","district":"RAMANAGARA"}},{"type":"Feature","geometry":{"type":"Point","coordinates":[77.42353,12.65315]},"properties":{"cell_id":50339,"case_count":1,"gi_zscore":-0.7796,"gi_pvalue":0.003,"significance":"cold_99","district":"RAMANAGARA"}},{"type":"Feature","geometry":{"type":"Point","coordinates":[77.21176,12.66216]},"properties":{"cell_id":50712,"case_count":1,"gi_zscore":-0.7471,"gi_pvalue":0.004,"significance":"cold_99","district":"RAMANAGARA"}},{"type":"Feature","geometry":{"type":"Point","coordinates":[77.47059,12.68018]},"properties":{"cell_id":51516,"case_count":1,"gi_zscore":-0.7796,"gi_pvalue":0.003,"significance":"cold_99","district":"RAMANAGARA"}},{"type":"Feature","geometry":{"type":"Point","coordinates":[77.31765,12.6982]},"properties":{"cell_id":52285,"case_count":1,"gi_zscore":-0.7471,"gi_pvalue":0.004,"significance":"cold_99","district":"RAMANAGARA"}},{"type":"Feature","geometry":{"type":"Point","coordinates":[77.28235,12.71622]},"properties":{"cell_id":53064,"case_count":1,"gi_zscore":-0.7471,"gi_pvalue":0.004,"significance":"cold_99","district":"RAMANAGARA"}},{"type":"Feature","geometry":{"type":"Point","coordinates":[77.29412,12.74324]},"properties":{"cell_id":54238,"case_count":1,"gi_zscore":-0.7471,"gi_pvalue":0.004,"significance":"cold_99","district":"RAMANAGARA"}},{"type":"Feature","geometry":{"type":"Point","coordinates":[77.42353,12.77928]},"properties":{"cell_id":55813,"case_count":1,"gi_zscore":-0.7958,"gi_pvalue":0.001,"significance":"cold_99","district":"RAMANAGARA"}},{"type":"Feature","geometry":{"type":"Point","coordinates":[77.43529,12.80631]},"properties":{"cell_id":56987,"case_count":1,"gi_zscore":-0.7958,"gi_pvalue":0.001,"significance":"cold_99","district":"RAMANAGARA"}},{"type":"Feature","geometry":{"type":"Point","coordinates":[77.44706,12.88739]},"properties":{"cell_id":60507,"case_count":1,"gi_zscore":-0.4221,"gi_pvalue":0.102,"significance":"not_sig","district":"RAMANAGARA"}},{"type":"Feature","geometry":{"type":"Point","coordinates":[77.47059,12.8964]},"properties":{"cell_id":60900,"case_count":1,"gi_zscore":-0.4221,"gi_pvalue":0.102,"significance":"not_sig","district":"RAMANAGARA"}},{"type":"Feature","geometry":{"type":"Point","coordinates":[77.41176,12.93243]},"properties":{"cell_id":62459,"case_count":1,"gi_zscore":-0.4708,"gi_pvalue":0.082,"significance":"cold_90","district":"RAMANAGARA"}},{"type":"Feature","geometry":{"type":"Point","coordinates":[77.23529,12.95946]},"properties":{"cell_id":63617,"case_count":1,"gi_zscore":-0.7958,"gi_pvalue":0.001,"significance":"cold_99","district":"RAMANAGARA"}},{"type":"Feature","geometry":{"type":"Point","coordinates":[77.4,12.96847]},"properties":{"cell_id":64022,"case_count":1,"gi_zscore":-0.7633,"gi_pvalue":0.003,"significance":"cold_99","district":"RAMANAGARA"}},{"type":"Feature","geometry":{"type":"Point","coordinates":[77.6,12.96847]},"properties":{"cell_id":64039,"case_count":3,"gi_zscore":0.5855,"gi_pvalue":0.038,"significance":"hot_95","district":"RAMANAGARA"}},{"type":"Feature","geometry":{"type":"Point","coordinates":[77.6,12.97748]},"properties":{"cell_id":64430,"case_count":19,"gi_zscore":0.5855,"gi_pvalue":0.105,"significance":"not_sig","district":"RAMANAGARA"}},{"type":"Feature","geometry":{"type":"Point","coordinates":[77.6,12.98649]},"properties":{"cell_id":64821,"case_count":4,"gi_zscore":0.5855,"gi_pvalue":0.041,"significance":"hot_95","district":"RAMANAGARA"}},{"type":"Feature","geometry":{"type":"Point","coordinates":[77.61176,12.98649]},"properties":{"cell_id":64822,"case_count":15,"gi_zscore":0.5855,"gi_pvalue":0.085,"significance":"hot_90","district":"RAMANAGARA"}},{"type":"Feature","geometry":{"type":"Point","coordinates":[77.61176,12.9955]},"properties":{"cell_id":65213,"case_count":12,"gi_zscore":0.5855,"gi_pvalue":0.071,"significance":"hot_90","district":"RAMANAGARA"}},{"type":"Feature","geometry":{"type":"Point","coordinates":[77.62353,12.9955]},"properties":{"cell_id":65214,"case_count":11,"gi_zscore":0.7805,"gi_pvalue":0.025,"significance":"hot_95","district":"RAMANAGARA"}},{"type":"Feature","geometry":{"type":"Point","coordinates":[77.62353,13.0045]},"properties":{"cell_id":65605,"case_count":11,"gi_zscore":0.7805,"gi_pvalue":0.025,"significance":"hot_95","district":"RAMANAGARA"}},{"type":"Feature","geometry":{"type":"Point","coordinates":[77.63529,13.0045]},"properties":{"cell_id":65606,"case_count":2,"gi_zscore":0.683,"gi_pvalue":0.018,"significance":"hot_95","district":"RAMANAGARA"}},{"type":"Feature","geometry":{"type":"Point","coordinates":[77.63529,13.01351]},"properties":{"cell_id":65997,"case_count":17,"gi_zscore":0.683,"gi_pvalue":0.057,"significance":"hot_90","district":"RAMANAGARA"}},{"type":"Feature","geometry":{"type":"Point","coordinates":[77.64706,13.02252]},"properties":{"cell_id":66389,"case_count":15,"gi_zscore":0.488,"gi_pvalue":0.124,"significance":"not_sig","district":"RAMANAGARA"}},{"type":"Feature","geometry":{"type":"Point","coordinates":[77.64706,13.03153]},"properties":{"cell_id":66780,"case_count":2,"gi_zscore":0.5693,"gi_pvalue":0.032,"significance":"hot_95","district":"RAMANAGARA"}},{"type":"Feature","geometry":{"type":"Point","coordinates":[77.65882,13.03153]},"properties":{"cell_id":66781,"case_count":15,"gi_zscore":0.7968,"gi_pvalue":0.022,"significance":"hot_95","district":"RAMANAGARA"}},{"type":"Feature","geometry":{"type":"Point","coordinates":[77.10588,13.04054]},"properties":{"cell_id":67125,"case_count":1,"gi_zscore":-0.7958,"gi_pvalue":0.001,"significance":"cold_99","district":"RAMANAGARA"}},{"type":"Feature","geometry":{"type":"Point","coordinates":[77.65882,13.04054]},"properties":{"cell_id":67172,"case_count":7,"gi_zscore":0.7968,"gi_pvalue":0.009,"significance":"hot_99","district":"RAMANAGARA"}},{"type":"Feature","geometry":{"type":"Point","coordinates":[77.67059,13.04054]},"properties":{"cell_id":67173,"case_count":8,"gi_zscore":0.5368,"gi_pvalue":0.062,"significance":"hot_90","district":"RAMANAGARA"}},{"type":"Feature","geometry":{"type":"Point","coordinates":[77.67059,13.04955]},"properties":{"cell_id":67564,"case_count":16,"gi_zscore":0.5205,"gi_pvalue":0.128,"significance":"not_sig","district":"RAMANAGARA"}},{"type":"Feature","geometry":{"type":"Point","coordinates":[77.68235,13.04955]},"properties":{"cell_id":67565,"case_count":2,"gi_zscore":0.6343,"gi_pvalue":0.016,"significance":"hot_95","district":"RAMANAGARA"}},{"type":"Feature","geometry":{"type":"Point","coordinates":[77.68235,13.05856]},"properties":{"cell_id":67956,"case_count":25,"gi_zscore":0.553,"gi_pvalue":0.155,"significance":"not_sig","district":"RAMANAGARA"}},{"type":"Feature","geometry":{"type":"Point","coordinates":[77.24706,13.06757]},"properties":{"cell_id":68310,"case_count":1,"gi_zscore":-0.7958,"gi_pvalue":0.001,"significance":"cold_99","district":"RAMANAGARA"}},{"type":"Feature","geometry":{"type":"Point","coordinates":[77.68235,13.06757]},"properties":{"cell_id":68347,"case_count":1,"gi_zscore":0.7318,"gi_pvalue":0.005,"significance":"hot_99","district":"RAMANAGARA"}},{"type":"Feature","geometry":{"type":"Point","coordinates":[77.69412,13.06757]},"properties":{"cell_id":68348,"case_count":14,"gi_zscore":0.6505,"gi_pvalue":0.044,"significance":"hot_95","district":"RAMANAGARA"}},{"type":"Feature","geometry":{"type":"Point","coordinates":[77.17647,13.07658]},"properties":{"cell_id":68695,"case_count":1,"gi_zscore":-0.7958,"gi_pvalue":0.001,"significance":"cold_99","district":"RAMANAGARA"}},{"type":"Feature","geometry":{"type":"Point","coordinates":[77.69412,13.07658]},"properties":{"cell_id":68739,"case_count":9,"gi_zscore":0.748,"gi_pvalue":0.009,"significance":"hot_99","district":"RAMANAGARA"}},{"type":"Feature","geometry":{"type":"Point","coordinates":[77.70588,13.07658]},"properties":{"cell_id":68740,"case_count":10,"gi_zscore":0.748,"gi_pvalue":0.01,"significance":"hot_99","district":"RAMANAGARA"}},{"type":"Feature","geometry":{"type":"Point","coordinates":[77.70588,13.08559]},"properties":{"cell_id":69131,"case_count":18,"gi_zscore":0.5693,"gi_pvalue":0.085,"significance":"hot_90","district":"RAMANAGARA"}},{"type":"Feature","geometry":{"type":"Point","coordinates":[77.71765,13.08559]},"properties":{"cell_id":69132,"case_count":3,"gi_zscore":0.8943,"gi_pvalue":0.002,"significance":"hot_99","district":"RAMANAGARA"}},{"type":"Feature","geometry":{"type":"Point","coordinates":[77.16471,13.09459]},"properties":{"cell_id":69476,"case_count":1,"gi_zscore":-0.7958,"gi_pvalue":0.001,"significance":"cold_99","district":"RAMANAGARA"}},{"type":"Feature","geometry":{"type":"Point","coordinates":[77.71765,13.09459]},"properties":{"cell_id":69523,"case_count":22,"gi_zscore":0.813,"gi_pvalue":0.028,"significance":"hot_95","district":"RAMANAGARA"}},{"type":"Feature","geometry":{"type":"Point","coordinates":[77.71765,13.1036]},"properties":{"cell_id":69914,"case_count":2,"gi_zscore":0.8943,"gi_pvalue":0.001,"significance":"hot_99","district":"RAMANAGARA"}},{"type":"Feature","geometry":{"type":"Point","coordinates":[77.72941,13.1036]},"properties":{"cell_id":69915,"case_count":14,"gi_zscore":0.813,"gi_pvalue":0.009,"significance":"hot_99","district":"RAMANAGARA"}},{"type":"Feature","geometry":{"type":"Point","coordinates":[77.72941,13.11261]},"properties":{"cell_id":70306,"case_count":21,"gi_zscore":0.8618,"gi_pvalue":0.015,"significance":"hot_95","district":"RAMANAGARA"}},{"type":"Feature","geometry":{"type":"Point","coordinates":[77.74118,13.11261]},"properties":{"cell_id":70307,"case_count":9,"gi_zscore":0.8293,"gi_pvalue":0.005,"significance":"hot_99","district":"RAMANAGARA"}},{"type":"Feature","geometry":{"type":"Point","coordinates":[77.74118,13.12162]},"properties":{"cell_id":70698,"case_count":14,"gi_zscore":0.683,"gi_pvalue":0.033,"significance":"hot_95","district":"RAMANAGARA"}},{"type":"Feature","geometry":{"type":"Point","coordinates":[77.75294,13.12162]},"properties":{"cell_id":70699,"case_count":5,"gi_zscore":0.6993,"gi_pvalue":0.009,"significance":"hot_99","district":"RAMANAGARA"}},{"type":"Feature","geometry":{"type":"Point","coordinates":[77.75294,13.13063]},"properties":{"cell_id":71090,"case_count":21,"gi_zscore":0.6343,"gi_pvalue":0.078,"significance":"hot_90","district":"RAMANAGARA"}},{"type":"Feature","geometry":{"type":"Point","coordinates":[77.75294,13.13964]},"properties":{"cell_id":71481,"case_count":1,"gi_zscore":0.5205,"gi_pvalue":0.027,"significance":"hot_95","district":"RAMANAGARA"}},{"type":"Feature","geometry":{"type":"Point","coordinates":[77.76471,13.13964]},"properties":{"cell_id":71482,"case_count":13,"gi_zscore":0.4393,"gi_pvalue":0.143,"significance":"not_sig","district":"RAMANAGARA"}},{"type":"Feature","geometry":{"type":"Point","coordinates":[77.76471,13.14865]},"properties":{"cell_id":71873,"case_count":3,"gi_zscore":0.4068,"gi_pvalue":0.087,"significance":"hot_90","district":"RAMANAGARA"}},{"type":"Feature","geometry":{"type":"Point","coordinates":[77.77647,13.14865]},"properties":{"cell_id":71874,"case_count":10,"gi_zscore":0.4068,"gi_pvalue":0.126,"significance":"not_sig","district":"RAMANAGARA"}},{"type":"Feature","geometry":{"type":"Point","coordinates":[77.17647,13.15766]},"properties":{"cell_id":72214,"case_count":1,"gi_zscore":-0.7958,"gi_pvalue":0.001,"significance":"cold_99","district":"RAMANAGARA"}},{"type":"Feature","geometry":{"type":"Point","coordinates":[77.77647,13.15766]},"properties":{"cell_id":72265,"case_count":14,"gi_zscore":0.4068,"gi_pvalue":0.162,"significance":"not_sig","district":"RAMANAGARA"}},{"type":"Feature","geometry":{"type":"Point","coordinates":[77.78824,13.15766]},"properties":{"cell_id":72266,"case_count":4,"gi_zscore":0.4068,"gi_pvalue":0.09,"significance":"hot_90","district":"RAMANAGARA"}},{"type":"Feature","geometry":{"type":"Point","coordinates":[77.78824,13.16667]},"properties":{"cell_id":72657,"case_count":12,"gi_zscore":0.4068,"gi_pvalue":0.148,"significance":"not_sig","district":"RAMANAGARA"}},{"type":"Feature","geometry":{"type":"Point","coordinates":[77.31765,14.45495]},"properties":{"cell_id":128530,"case_count":1,"gi_zscore":-0.1783,"gi_pvalue":0.364,"significance":"not_sig","district":"RAMANAGARA"}},{"type":"Feature","geometry":{"type":"Point","coordinates":[77.6,12.96847]},"properties":{"cell_id":64039,"case_count":7,"gi_zscore":1.1886,"gi_pvalue":0.002,"significance":"hot_99","district":"SHIVAMOGGA"}},{"type":"Feature","geometry":{"type":"Point","coordinates":[77.6,12.97748]},"properties":{"cell_id":64430,"case_count":44,"gi_zscore":1.1886,"gi_pvalue":0.003,"significance":"hot_99","district":"SHIVAMOGGA"}},{"type":"Feature","geometry":{"type":"Point","coordinates":[77.6,12.98649]},"properties":{"cell_id":64821,"case_count":5,"gi_zscore":1.1886,"gi_pvalue":0.001,"significance":"hot_99","district":"SHIVAMOGGA"}},{"type":"Feature","geometry":{"type":"Point","coordinates":[77.61176,12.98649]},"properties":{"cell_id":64822,"case_count":27,"gi_zscore":1.1886,"gi_pvalue":0.002,"significance":"hot_99","district":"SHIVAMOGGA"}},{"type":"Feature","geometry":{"type":"Point","coordinates":[75.0,12.9955]},"properties":{"cell_id":64991,"case_count":1,"gi_zscore":-0.5907,"gi_pvalue":0.013,"significance":"cold_95","district":"SHIVAMOGGA"}},{"type":"Feature","geometry":{"type":"Point","coordinates":[77.61176,12.9955]},"properties":{"cell_id":65213,"case_count":12,"gi_zscore":1.1886,"gi_pvalue":0.001,"significance":"hot_99","district":"SHIVAMOGGA"}},{"type":"Feature","geometry":{"type":"Point","coordinates":[77.62353,12.9955]},"properties":{"cell_id":65214,"case_count":25,"gi_zscore":1.1886,"gi_pvalue":0.001,"significance":"hot_99","district":"SHIVAMOGGA"}},{"type":"Feature","geometry":{"type":"Point","coordinates":[77.62353,13.0045]},"properties":{"cell_id":65605,"case_count":27,"gi_zscore":1.4695,"gi_pvalue":0.001,"significance":"hot_99","district":"SHIVAMOGGA"}},{"type":"Feature","geometry":{"type":"Point","coordinates":[77.63529,13.0045]},"properties":{"cell_id":65606,"case_count":10,"gi_zscore":1.3759,"gi_pvalue":0.001,"significance":"hot_99","district":"SHIVAMOGGA"}},{"type":"Feature","geometry":{"type":"Point","coordinates":[77.63529,13.01351]},"properties":{"cell_id":65997,"case_count":42,"gi_zscore":1.3759,"gi_pvalue":0.001,"significance":"hot_99","district":"SHIVAMOGGA"}},{"type":"Feature","geometry":{"type":"Point","coordinates":[77.64706,13.02252]},"properties":{"cell_id":66389,"case_count":37,"gi_zscore":1.404,"gi_pvalue":0.001,"significance":"hot_99","district":"SHIVAMOGGA"}},{"type":"Feature","geometry":{"type":"Point","coordinates":[77.64706,13.03153]},"properties":{"cell_id":66780,"case_count":15,"gi_zscore":1.404,"gi_pvalue":0.001,"significance":"hot_99","district":"SHIVAMOGGA"}},{"type":"Feature","geometry":{"type":"Point","coordinates":[77.65882,13.03153]},"properties":{"cell_id":66781,"case_count":24,"gi_zscore":1.4789,"gi_pvalue":0.001,"significance":"hot_99","district":"SHIVAMOGGA"}},{"type":"Feature","geometry":{"type":"Point","coordinates":[77.65882,13.04054]},"properties":{"cell_id":67172,"case_count":22,"gi_zscore":1.4789,"gi_pvalue":0.001,"significance":"hot_99","district":"SHIVAMOGGA"}},{"type":"Feature","geometry":{"type":"Point","coordinates":[77.67059,13.04054]},"properties":{"cell_id":67173,"case_count":12,"gi_zscore":1.1979,"gi_pvalue":0.001,"significance":"hot_99","district":"SHIVAMOGGA"}},{"type":"Feature","geometry":{"type":"Point","coordinates":[77.67059,13.04955]},"properties":{"cell_id":67564,"case_count":33,"gi_zscore":1.1043,"gi_pvalue":0.008,"significance":"hot_99","district":"SHIVAMOGGA"}},{"type":"Feature","geometry":{"type":"Point","coordinates":[77.68235,13.04955]},"properties":{"cell_id":67565,"case_count":9,"gi_zscore":1.1043,"gi_pvalue":0.002,"significance":"hot_99","district":"SHIVAMOGGA"}},{"type":"Feature","geometry":{"type":"Point","coordinates":[77.68235,13.05856]},"properties":{"cell_id":67956,"case_count":36,"gi_zscore":1.0294,"gi_pvalue":0.01,"significance":"hot_99","district":"SHIVAMOGGA"}},{"type":"Feature","geometry":{"type":"Point","coordinates":[77.68235,13.06757]},"properties":{"cell_id":68347,"case_count":12,"gi_zscore":1.1043,"gi_pvalue":0.001,"significance":"hot_99","district":"SHIVAMOGGA"}},{"type":"Feature","geometry":{"type":"Point","coordinates":[77.69412,13.06757]},"properties":{"cell_id":68348,"case_count":27,"gi_zscore":1.0106,"gi_pvalue":0.007,"significance":"hot_99","district":"SHIVAMOGGA"}},{"type":"Feature","geometry":{"type":"Point","coordinates":[77.69412,13.07658]},"properties":{"cell_id":68739,"case_count":15,"gi_zscore":0.9919,"gi_pvalue":0.004,"significance":"hot_99","district":"SHIVAMOGGA"}},{"type":"Feature","geometry":{"type":"Point","coordinates":[77.70588,13.07658]},"properties":{"cell_id":68740,"case_count":16,"gi_zscore":0.9544,"gi_pvalue":0.007,"significance":"hot_99","district":"SHIVAMOGGA"}},{"type":"Feature","geometry":{"type":"Point","coordinates":[77.70588,13.08559]},"properties":{"cell_id":69131,"case_count":30,"gi_zscore":0.8983,"gi_pvalue":0.019,"significance":"hot_95","district":"SHIVAMOGGA"}},{"type":"Feature","geometry":{"type":"Point","coordinates":[77.71765,13.08559]},"properties":{"cell_id":69132,"case_count":2,"gi_zscore":0.9451,"gi_pvalue":0.002,"significance":"hot_99","district":"SHIVAMOGGA"}},{"type":"Feature","geometry":{"type":"Point","coordinates":[77.71765,13.09459]},"properties":{"cell_id":69523,"case_count":31,"gi_zscore":0.8795,"gi_pvalue":0.022,"significance":"hot_95","district":"SHIVAMOGGA"}},{"type":"Feature","geometry":{"type":"Point","coordinates":[77.71765,13.1036]},"properties":{"cell_id":69914,"case_count":5,"gi_zscore":1.0481,"gi_pvalue":0.001,"significance":"hot_99","district":"SHIVAMOGGA"}},{"type":"Feature","geometry":{"type":"Point","coordinates":[77.72941,13.1036]},"properties":{"cell_id":69915,"case_count":30,"gi_zscore":0.9732,"gi_pvalue":0.009,"significance":"hot_99","district":"SHIVAMOGGA"}},{"type":"Feature","geometry":{"type":"Point","coordinates":[77.72941,13.11261]},"properties":{"cell_id":70306,"case_count":17,"gi_zscore":0.8702,"gi_pvalue":0.01,"significance":"hot_99","district":"SHIVAMOGGA"}},{"type":"Feature","geometry":{"type":"Point","coordinates":[77.74118,13.11261]},"properties":{"cell_id":70307,"case_count":20,"gi_zscore":0.8983,"gi_pvalue":0.009,"significance":"hot_99","district":"SHIVAMOGGA"}},{"type":"Feature","geometry":{"type":"Point","coordinates":[77.74118,13.12162]},"properties":{"cell_id":70698,"case_count":33,"gi_zscore":0.8983,"gi_pvalue":0.022,"significance":"hot_95","district":"SHIVAMOGGA"}},{"type":"Feature","geometry":{"type":"Point","coordinates":[77.75294,13.12162]},"properties":{"cell_id":70699,"case_count":8,"gi_zscore":0.9357,"gi_pvalue":0.002,"significance":"hot_99","district":"SHIVAMOGGA"}},{"type":"Feature","geometry":{"type":"Point","coordinates":[77.75294,13.13063]},"properties":{"cell_id":71090,"case_count":19,"gi_zscore":0.7578,"gi_pvalue":0.026,"significance":"hot_95","district":"SHIVAMOGGA"}},{"type":"Feature","geometry":{"type":"Point","coordinates":[77.75294,13.13964]},"properties":{"cell_id":71481,"case_count":5,"gi_zscore":0.9544,"gi_pvalue":0.002,"significance":"hot_99","district":"SHIVAMOGGA"}},{"type":"Feature","geometry":{"type":"Point","coordinates":[77.76471,13.13964]},"properties":{"cell_id":71482,"case_count":31,"gi_zscore":0.8889,"gi_pvalue":0.021,"significance":"hot_95","district":"SHIVAMOGGA"}},{"type":"Feature","geometry":{"type":"Point","coordinates":[77.76471,13.14865]},"properties":{"cell_id":71873,"case_count":9,"gi_zscore":0.9919,"gi_pvalue":0.002,"significance":"hot_99","district":"SHIVAMOGGA"}},{"type":"Feature","geometry":{"type":"Point","coordinates":[77.77647,13.14865]},"properties":{"cell_id":71874,"case_count":11,"gi_zscore":0.9263,"gi_pvalue":0.004,"significance":"hot_99","district":"SHIVAMOGGA"}},{"type":"Feature","geometry":{"type":"Point","coordinates":[77.77647,13.15766]},"properties":{"cell_id":72265,"case_count":38,"gi_zscore":0.9263,"gi_pvalue":0.023,"significance":"hot_95","district":"SHIVAMOGGA"}},{"type":"Feature","geometry":{"type":"Point","coordinates":[77.78824,13.15766]},"properties":{"cell_id":72266,"case_count":13,"gi_zscore":0.9263,"gi_pvalue":0.005,"significance":"hot_99","district":"SHIVAMOGGA"}},{"type":"Feature","geometry":{"type":"Point","coordinates":[77.78824,13.16667]},"properties":{"cell_id":72657,"case_count":44,"gi_zscore":0.9263,"gi_pvalue":0.024,"significance":"hot_95","district":"SHIVAMOGGA"}},{"type":"Feature","geometry":{"type":"Point","coordinates":[77.8,13.17568]},"properties":{"cell_id":73049,"case_count":1,"gi_zscore":0.9263,"gi_pvalue":0.005,"significance":"hot_99","district":"SHIVAMOGGA"}},{"type":"Feature","geometry":{"type":"Point","coordinates":[75.4,13.49099]},"properties":{"cell_id":86530,"case_count":1,"gi_zscore":-0.5907,"gi_pvalue":0.013,"significance":"cold_95","district":"SHIVAMOGGA"}},{"type":"Feature","geometry":{"type":"Point","coordinates":[75.11765,13.54505]},"properties":{"cell_id":88852,"case_count":1,"gi_zscore":-0.5907,"gi_pvalue":0.013,"significance":"cold_95","district":"SHIVAMOGGA"}},{"type":"Feature","geometry":{"type":"Point","coordinates":[75.32941,13.56306]},"properties":{"cell_id":89652,"case_count":1,"gi_zscore":-0.5907,"gi_pvalue":0.013,"significance":"cold_95","district":"SHIVAMOGGA"}},{"type":"Feature","geometry":{"type":"Point","coordinates":[75.55294,13.56306]},"properties":{"cell_id":89671,"case_count":1,"gi_zscore":-0.5907,"gi_pvalue":0.013,"significance":"cold_95","district":"SHIVAMOGGA"}},{"type":"Feature","geometry":{"type":"Point","coordinates":[75.14118,13.59009]},"properties":{"cell_id":90809,"case_count":1,"gi_zscore":-0.5907,"gi_pvalue":0.013,"significance":"cold_95","district":"SHIVAMOGGA"}},{"type":"Feature","geometry":{"type":"Point","coordinates":[75.64706,13.70721]},"properties":{"cell_id":95935,"case_count":1,"gi_zscore":-0.572,"gi_pvalue":0.021,"significance":"cold_95","district":"SHIVAMOGGA"}},{"type":"Feature","geometry":{"type":"Point","coordinates":[75.63529,13.71622]},"properties":{"cell_id":96325,"case_count":1,"gi_zscore":-0.572,"gi_pvalue":0.021,"significance":"cold_95","district":"SHIVAMOGGA"}},{"type":"Feature","geometry":{"type":"Point","coordinates":[75.17647,13.72523]},"properties":{"cell_id":96677,"case_count":1,"gi_zscore":-0.5907,"gi_pvalue":0.013,"significance":"cold_95","district":"SHIVAMOGGA"}},{"type":"Feature","geometry":{"type":"Point","coordinates":[75.01176,13.81532]},"properties":{"cell_id":100573,"case_count":1,"gi_zscore":-0.5907,"gi_pvalue":0.013,"significance":"cold_95","district":"SHIVAMOGGA"}},{"type":"Feature","geometry":{"type":"Point","coordinates":[75.70588,13.82432]},"properties":{"cell_id":101023,"case_count":1,"gi_zscore":-0.572,"gi_pvalue":0.021,"significance":"cold_95","district":"SHIVAMOGGA"}},{"type":"Feature","geometry":{"type":"Point","coordinates":[75.61176,13.83333]},"properties":{"cell_id":101406,"case_count":1,"gi_zscore":-0.5814,"gi_pvalue":0.021,"significance":"cold_95","district":"SHIVAMOGGA"}},{"type":"Feature","geometry":{"type":"Point","coordinates":[75.71765,13.83333]},"properties":{"cell_id":101415,"case_count":1,"gi_zscore":-0.572,"gi_pvalue":0.021,"significance":"cold_95","district":"SHIVAMOGGA"}},{"type":"Feature","geometry":{"type":"Point","coordinates":[75.72941,13.83333]},"properties":{"cell_id":101416,"case_count":1,"gi_zscore":-0.572,"gi_pvalue":0.021,"significance":"cold_95","district":"SHIVAMOGGA"}},{"type":"Feature","geometry":{"type":"Point","coordinates":[75.27059,13.84234]},"properties":{"cell_id":101768,"case_count":1,"gi_zscore":-0.5907,"gi_pvalue":0.013,"significance":"cold_95","district":"SHIVAMOGGA"}},{"type":"Feature","geometry":{"type":"Point","coordinates":[75.69412,13.84234]},"properties":{"cell_id":101804,"case_count":1,"gi_zscore":-0.572,"gi_pvalue":0.021,"significance":"cold_95","district":"SHIVAMOGGA"}},{"type":"Feature","geometry":{"type":"Point","coordinates":[75.70588,13.84234]},"properties":{"cell_id":101805,"case_count":2,"gi_zscore":-0.572,"gi_pvalue":0.014,"significance":"cold_95","district":"SHIVAMOGGA"}},{"type":"Feature","geometry":{"type":"Point","coordinates":[75.71765,13.84234]},"properties":{"cell_id":101806,"case_count":2,"gi_zscore":-0.572,"gi_pvalue":0.014,"significance":"cold_95","district":"SHIVAMOGGA"}},{"type":"Feature","geometry":{"type":"Point","coordinates":[75.51765,13.86036]},"properties":{"cell_id":102571,"case_count":1,"gi_zscore":-0.5627,"gi_pvalue":0.025,"significance":"cold_95","district":"SHIVAMOGGA"}},{"type":"Feature","geometry":{"type":"Point","coordinates":[75.74118,13.87838]},"properties":{"cell_id":103372,"case_count":1,"gi_zscore":-0.572,"gi_pvalue":0.02,"significance":"cold_95","district":"SHIVAMOGGA"}},{"type":"Feature","geometry":{"type":"Point","coordinates":[75.49412,13.88739]},"properties":{"cell_id":103742,"case_count":1,"gi_zscore":-0.5627,"gi_pvalue":0.025,"significance":"cold_95","district":"SHIVAMOGGA"}},{"type":"Feature","geometry":{"type":"Point","coordinates":[75.63529,13.88739]},"properties":{"cell_id":103754,"case_count":1,"gi_zscore":-0.5907,"gi_pvalue":0.01,"significance":"cold_99","district":"SHIVAMOGGA"}},{"type":"Feature","geometry":{"type":"Point","coordinates":[75.64706,13.88739]},"properties":{"cell_id":103755,"case_count":1,"gi_zscore":-0.5907,"gi_pvalue":0.01,"significance":"cold_99","district":"SHIVAMOGGA"}},{"type":"Feature","geometry":{"type":"Point","coordinates":[75.70588,13.8964]},"properties":{"cell_id":104151,"case_count":1,"gi_zscore":-0.572,"gi_pvalue":0.02,"significance":"cold_95","district":"SHIVAMOGGA"}},{"type":"Feature","geometry":{"type":"Point","coordinates":[75.61176,13.90541]},"properties":{"cell_id":104534,"case_count":1,"gi_zscore":-0.572,"gi_pvalue":0.02,"significance":"cold_95","district":"SHIVAMOGGA"}},{"type":"Feature","geometry":{"type":"Point","coordinates":[75.07059,13.91441]},"properties":{"cell_id":104879,"case_count":1,"gi_zscore":-0.5907,"gi_pvalue":0.01,"significance":"cold_99","district":"SHIVAMOGGA"}},{"type":"Feature","geometry":{"type":"Point","coordinates":[75.76471,13.91441]},"properties":{"cell_id":104938,"case_count":1,"gi_zscore":-0.572,"gi_pvalue":0.02,"significance":"cold_95","district":"SHIVAMOGGA"}},{"type":"Feature","geometry":{"type":"Point","coordinates":[75.57647,13.92342]},"properties":{"cell_id":105313,"case_count":1,"gi_zscore":-0.5627,"gi_pvalue":0.025,"significance":"cold_95","district":"SHIVAMOGGA"}},{"type":"Feature","geometry":{"type":"Point","coordinates":[75.6,13.92342]},"properties":{"cell_id":105315,"case_count":1,"gi_zscore":-0.5627,"gi_pvalue":0.025,"significance":"cold_95","district":"SHIVAMOGGA"}},{"type":"Feature","geometry":{"type":"Point","coordinates":[75.63529,13.92342]},"properties":{"cell_id":105318,"case_count":1,"gi_zscore":-0.5907,"gi_pvalue":0.01,"significance":"cold_99","district":"SHIVAMOGGA"}},{"type":"Feature","geometry":{"type":"Point","coordinates":[75.52941,13.93243]},"properties":{"cell_id":105700,"case_count":1,"gi_zscore":-0.5627,"gi_pvalue":0.025,"significance":"cold_95","district":"SHIVAMOGGA"}},{"type":"Feature","geometry":{"type":"Point","coordinates":[75.56471,13.93243]},"properties":{"cell_id":105703,"case_count":2,"gi_zscore":-0.5627,"gi_pvalue":0.021,"significance":"cold_95","district":"SHIVAMOGGA"}},{"type":"Feature","geometry":{"type":"Point","coordinates":[75.58824,13.93243]},"properties":{"cell_id":105705,"case_count":1,"gi_zscore":-0.5627,"gi_pvalue":0.024,"significance":"cold_95","district":"SHIVAMOGGA"}},{"type":"Feature","geometry":{"type":"Point","coordinates":[75.61176,13.93243]},"properties":{"cell_id":105707,"case_count":1,"gi_zscore":-0.5627,"gi_pvalue":0.024,"significance":"cold_95","district":"SHIVAMOGGA"}},{"type":"Feature","geometry":{"type":"Point","coordinates":[75.08235,13.94144]},"properties":{"cell_id":106053,"case_count":1,"gi_zscore":-0.5814,"gi_pvalue":0.009,"significance":"cold_99","district":"SHIVAMOGGA"}},{"type":"Feature","geometry":{"type":"Point","coordinates":[75.56471,13.94144]},"properties":{"cell_id":106094,"case_count":1,"gi_zscore":-0.5627,"gi_pvalue":0.024,"significance":"cold_95","district":"SHIVAMOGGA"}},{"type":"Feature","geometry":{"type":"Point","coordinates":[75.57647,13.94144]},"properties":{"cell_id":106095,"case_count":3,"gi_zscore":-0.5627,"gi_pvalue":0.024,"significance":"cold_95","district":"SHIVAMOGGA"}},{"type":"Feature","geometry":{"type":"Point","coordinates":[75.56471,13.95045]},"properties":{"cell_id":106485,"case_count":1,"gi_zscore":-0.5627,"gi_pvalue":0.024,"significance":"cold_95","district":"SHIVAMOGGA"}},{"type":"Feature","geometry":{"type":"Point","coordinates":[75.09412,13.95946]},"properties":{"cell_id":106836,"case_count":1,"gi_zscore":-0.5814,"gi_pvalue":0.01,"significance":"cold_99","district":"SHIVAMOGGA"}},{"type":"Feature","geometry":{"type":"Point","coordinates":[75.58824,13.95946]},"properties":{"cell_id":106878,"case_count":1,"gi_zscore":-0.5627,"gi_pvalue":0.024,"significance":"cold_95","district":"SHIVAMOGGA"}},{"type":"Feature","geometry":{"type":"Point","coordinates":[75.75294,13.96847]},"properties":{"cell_id":107283,"case_count":1,"gi_zscore":-0.5907,"gi_pvalue":0.01,"significance":"cold_99","district":"SHIVAMOGGA"}},{"type":"Feature","geometry":{"type":"Point","coordinates":[75.56471,13.97748]},"properties":{"cell_id":107658,"case_count":1,"gi_zscore":-0.5627,"gi_pvalue":0.024,"significance":"cold_95","district":"SHIVAMOGGA"}},{"type":"Feature","geometry":{"type":"Point","coordinates":[75.65882,13.97748]},"properties":{"cell_id":107666,"case_count":1,"gi_zscore":-0.5907,"gi_pvalue":0.01,"significance":"cold_99","district":"SHIVAMOGGA"}},{"type":"Feature","geometry":{"type":"Point","coordinates":[75.69412,13.98649]},"properties":{"cell_id":108060,"case_count":1,"gi_zscore":-0.5907,"gi_pvalue":0.01,"significance":"cold_99","district":"SHIVAMOGGA"}},{"type":"Feature","geometry":{"type":"Point","coordinates":[75.74118,14.0045]},"properties":{"cell_id":108846,"case_count":1,"gi_zscore":-0.5907,"gi_pvalue":0.01,"significance":"cold_99","district":"SHIVAMOGGA"}},{"type":"Feature","geometry":{"type":"Point","coordinates":[75.8,14.0045]},"properties":{"cell_id":108851,"case_count":1,"gi_zscore":-0.5907,"gi_pvalue":0.01,"significance":"cold_99","district":"SHIVAMOGGA"}},{"type":"Feature","geometry":{"type":"Point","coordinates":[75.82353,14.01351]},"properties":{"cell_id":109244,"case_count":1,"gi_zscore":-0.5907,"gi_pvalue":0.01,"significance":"cold_99","district":"SHIVAMOGGA"}},{"type":"Feature","geometry":{"type":"Point","coordinates":[75.10588,14.03153]},"properties":{"cell_id":109965,"case_count":1,"gi_zscore":-0.5814,"gi_pvalue":0.01,"significance":"cold_99","district":"SHIVAMOGGA"}},{"type":"Feature","geometry":{"type":"Point","coordinates":[75.67059,14.04054]},"properties":{"cell_id":110404,"case_count":1,"gi_zscore":-0.5907,"gi_pvalue":0.01,"significance":"cold_99","district":"SHIVAMOGGA"}},{"type":"Feature","geometry":{"type":"Point","coordinates":[75.38824,14.05856]},"properties":{"cell_id":111162,"case_count":1,"gi_zscore":-0.5907,"gi_pvalue":0.01,"significance":"cold_99","district":"SHIVAMOGGA"}},{"type":"Feature","geometry":{"type":"Point","coordinates":[75.54118,14.06757]},"properties":{"cell_id":111566,"case_count":1,"gi_zscore":-0.5627,"gi_pvalue":0.024,"significance":"cold_95","district":"SHIVAMOGGA"}},{"type":"Feature","geometry":{"type":"Point","coordinates":[75.21176,14.07658]},"properties":{"cell_id":111929,"case_count":1,"gi_zscore":-0.5907,"gi_pvalue":0.01,"significance":"cold_99","district":"SHIVAMOGGA"}},{"type":"Feature","geometry":{"type":"Point","coordinates":[74.56471,14.15766]},"properties":{"cell_id":115393,"case_count":1,"gi_zscore":-0.5814,"gi_pvalue":0.021,"significance":"cold_95","district":"SHIVAMOGGA"}},{"type":"Feature","geometry":{"type":"Point","coordinates":[75.02353,14.15766]},"properties":{"cell_id":115432,"case_count":2,"gi_zscore":-0.5814,"gi_pvalue":0.011,"significance":"cold_95","district":"SHIVAMOGGA"}},{"type":"Feature","geometry":{"type":"Point","coordinates":[75.03529,14.15766]},"properties":{"cell_id":115433,"case_count":1,"gi_zscore":-0.5814,"gi_pvalue":0.017,"significance":"cold_95","district":"SHIVAMOGGA"}},{"type":"Feature","geometry":{"type":"Point","coordinates":[75.04706,14.16667]},"properties":{"cell_id":115825,"case_count":1,"gi_zscore":-0.5814,"gi_pvalue":0.017,"significance":"cold_95","district":"SHIVAMOGGA"}},{"type":"Feature","geometry":{"type":"Point","coordinates":[75.16471,14.16667]},"properties":{"cell_id":115835,"case_count":1,"gi_zscore":-0.5814,"gi_pvalue":0.017,"significance":"cold_95","district":"SHIVAMOGGA"}},{"type":"Feature","geometry":{"type":"Point","coordinates":[75.24706,14.16667]},"properties":{"cell_id":115842,"case_count":1,"gi_zscore":-0.5907,"gi_pvalue":0.008,"significance":"cold_99","district":"SHIVAMOGGA"}},{"type":"Feature","geometry":{"type":"Point","coordinates":[74.97647,14.18468]},"properties":{"cell_id":116601,"case_count":1,"gi_zscore":-0.5814,"gi_pvalue":0.017,"significance":"cold_95","district":"SHIVAMOGGA"}},{"type":"Feature","geometry":{"type":"Point","coordinates":[75.02353,14.18468]},"properties":{"cell_id":116605,"case_count":1,"gi_zscore":-0.5814,"gi_pvalue":0.017,"significance":"cold_95","district":"SHIVAMOGGA"}},{"type":"Feature","geometry":{"type":"Point","coordinates":[75.34118,14.21171]},"properties":{"cell_id":117805,"case_count":1,"gi_zscore":-0.5907,"gi_pvalue":0.008,"significance":"cold_99","district":"SHIVAMOGGA"}},{"type":"Feature","geometry":{"type":"Point","coordinates":[74.8,14.22072]},"properties":{"cell_id":118150,"case_count":1,"gi_zscore":-0.5814,"gi_pvalue":0.017,"significance":"cold_95","district":"SHIVAMOGGA"}},{"type":"Feature","geometry":{"type":"Point","coordinates":[75.34118,14.22973]},"properties":{"cell_id":118587,"case_count":1,"gi_zscore":-0.5907,"gi_pvalue":0.008,"significance":"cold_99","district":"SHIVAMOGGA"}},{"type":"Feature","geometry":{"type":"Point","coordinates":[75.4,14.24775]},"properties":{"cell_id":119374,"case_count":1,"gi_zscore":-0.5907,"gi_pvalue":0.008,"significance":"cold_99","district":"SHIVAMOGGA"}},{"type":"Feature","geometry":{"type":"Point","coordinates":[75.02353,14.25676]},"properties":{"cell_id":119733,"case_count":1,"gi_zscore":-0.5814,"gi_pvalue":0.017,"significance":"cold_95","district":"SHIVAMOGGA"}},{"type":"Feature","geometry":{"type":"Point","coordinates":[75.35294,14.27477]},"properties":{"cell_id":120543,"case_count":1,"gi_zscore":-0.5907,"gi_pvalue":0.008,"significance":"cold_99","district":"SHIVAMOGGA"}},{"type":"Feature","geometry":{"type":"Point","coordinates":[75.32941,14.36486]},"properties":{"cell_id":124451,"case_count":1,"gi_zscore":-0.5907,"gi_pvalue":0.008,"significance":"cold_99","district":"SHIVAMOGGA"}},{"type":"Feature","geometry":{"type":"Point","coordinates":[75.24706,14.38288]},"properties":{"cell_id":125226,"case_count":1,"gi_zscore":-0.5907,"gi_pvalue":0.008,"significance":"cold_99","district":"SHIVAMOGGA"}},{"type":"Feature","geometry":{"type":"Point","coordinates":[75.05882,14.48198]},"properties":{"cell_id":129511,"case_count":1,"gi_zscore":-0.5907,"gi_pvalue":0.008,"significance":"cold_99","district":"SHIVAMOGGA"}},{"type":"Feature","geometry":{"type":"Point","coordinates":[75.15294,14.51802]},"properties":{"cell_id":131083,"case_count":1,"gi_zscore":-0.5907,"gi_pvalue":0.008,"significance":"cold_99","district":"SHIVAMOGGA"}},{"type":"Feature","geometry":{"type":"Point","coordinates":[75.17647,14.54505]},"properties":{"cell_id":132258,"case_count":1,"gi_zscore":-0.5907,"gi_pvalue":0.008,"significance":"cold_99","district":"SHIVAMOGGA"}},{"type":"Feature","geometry":{"type":"Point","coordinates":[77.0,12.76126]},"properties":{"cell_id":54995,"case_count":1,"gi_zscore":-0.3637,"gi_pvalue":0.088,"significance":"cold_90","district":"TUMAKURU"}},{"type":"Feature","geometry":{"type":"Point","coordinates":[77.0,12.7973]},"properties":{"cell_id":56559,"case_count":1,"gi_zscore":-0.3637,"gi_pvalue":0.088,"significance":"cold_90","district":"TUMAKURU"}},{"type":"Feature","geometry":{"type":"Point","coordinates":[76.89412,12.81532]},"properties":{"cell_id":57332,"case_count":1,"gi_zscore":-0.3637,"gi_pvalue":0.088,"significance":"cold_90","district":"TUMAKURU"}},{"type":"Feature","geometry":{"type":"Point","coordinates":[76.94118,12.81532]},"properties":{"cell_id":57336,"case_count":1,"gi_zscore":-0.3637,"gi_pvalue":0.088,"significance":"cold_90","district":"TUMAKURU"}},{"type":"Feature","geometry":{"type":"Point","coordinates":[77.02353,12.84234]},"properties":{"cell_id":58516,"case_count":1,"gi_zscore":-0.3637,"gi_pvalue":0.088,"significance":"cold_90","district":"TUMAKURU"}},{"type":"Feature","geometry":{"type":"Point","coordinates":[77.08235,12.88739]},"properties":{"cell_id":60476,"case_count":1,"gi_zscore":-0.3637,"gi_pvalue":0.088,"significance":"cold_90","district":"TUMAKURU"}},{"type":"Feature","geometry":{"type":"Point","coordinates":[77.10588,12.95045]},"properties":{"cell_id":63215,"case_count":1,"gi_zscore":-0.2879,"gi_pvalue":0.312,"significance":"not_sig","district":"TUMAKURU"}},{"type":"Feature","geometry":{"type":"Point","coordinates":[77.6,12.96847]},"properties":{"cell_id":64039,"case_count":8,"gi_zscore":2.3419,"gi_pvalue":0.001,"significance":"hot_99","district":"TUMAKURU"}},{"type":"Feature","geometry":{"type":"Point","coordinates":[77.6,12.97748]},"properties":{"cell_id":64430,"case_count":16,"gi_zscore":2.3419,"gi_pvalue":0.001,"significance":"hot_99","district":"TUMAKURU"}},{"type":"Feature","geometry":{"type":"Point","coordinates":[76.85882,12.98649]},"properties":{"cell_id":64758,"case_count":1,"gi_zscore":-0.2879,"gi_pvalue":0.313,"significance":"not_sig","district":"TUMAKURU"}},{"type":"Feature","geometry":{"type":"Point","coordinates":[76.89412,12.98649]},"properties":{"cell_id":64761,"case_count":1,"gi_zscore":-0.2879,"gi_pvalue":0.313,"significance":"not_sig","district":"TUMAKURU"}},{"type":"Feature","geometry":{"type":"Point","coordinates":[77.6,12.98649]},"properties":{"cell_id":64821,"case_count":2,"gi_zscore":2.3419,"gi_pvalue":0.001,"significance":"hot_99","district":"TUMAKURU"}},{"type":"Feature","geometry":{"type":"Point","coordinates":[77.61176,12.98649]},"properties":{"cell_id":64822,"case_count":21,"gi_zscore":2.3419,"gi_pvalue":0.001,"significance":"hot_99","district":"TUMAKURU"}},{"type":"Feature","geometry":{"type":"Point","coordinates":[77.0,12.9955]},"properties":{"cell_id":65161,"case_count":2,"gi_zscore":-0.2879,"gi_pvalue":0.242,"significance":"not_sig","district":"TUMAKURU"}},{"type":"Feature","geometry":{"type":"Point","coordinates":[77.61176,12.9955]},"properties":{"cell_id":65213,"case_count":12,"gi_zscore":2.3419,"gi_pvalue":0.001,"significance":"hot_99","district":"TUMAKURU"}},{"type":"Feature","geometry":{"type":"Point","coordinates":[77.62353,12.9955]},"properties":{"cell_id":65214,"case_count":16,"gi_zscore":2.3419,"gi_pvalue":0.001,"significance":"hot_99","district":"TUMAKURU"}},{"type":"Feature","geometry":{"type":"Point","coordinates":[77.04706,13.0045]},"properties":{"cell_id":65556,"case_count":1,"gi_zscore":-0.2879,"gi_pvalue":0.304,"significance":"not_sig","district":"TUMAKURU"}},{"type":"Feature","geometry":{"type":"Point","coordinates":[77.62353,13.0045]},"properties":{"cell_id":65605,"case_count":17,"gi_zscore":2.7212,"gi_pvalue":0.001,"significance":"hot_99","district":"TUMAKURU"}},{"type":"Feature","geometry":{"type":"Point","coordinates":[77.63529,13.0045]},"properties":{"cell_id":65606,"case_count":7,"gi_zscore":2.62,"gi_pvalue":0.001,"significance":"hot_99","district":"TUMAKURU"}},{"type":"Feature","geometry":{"type":"Point","coordinates":[77.63529,13.01351]},"properties":{"cell_id":65997,"case_count":18,"gi_zscore":2.62,"gi_pvalue":0.001,"significance":"hot_99","district":"TUMAKURU"}},{"type":"Feature","geometry":{"type":"Point","coordinates":[74.67059,13.02252]},"properties":{"cell_id":66136,"case_count":1,"gi_zscore":-0.3637,"gi_pvalue":0.09,"significance":"cold_90","district":"TUMAKURU"}},{"type":"Feature","geometry":{"type":"Point","coordinates":[77.02353,13.02252]},"properties":{"cell_id":66336,"case_count":4,"gi_zscore":-0.2879,"gi_pvalue":0.173,"significance":"not_sig","district":"TUMAKURU"}},{"type":"Feature","geometry":{"type":"Point","coordinates":[77.03529,13.02252]},"properties":{"cell_id":66337,"case_count":1,"gi_zscore":-0.2879,"gi_pvalue":0.297,"significance":"not_sig","district":"TUMAKURU"}},{"type":"Feature","geometry":{"type":"Point","coordinates":[77.04706,13.02252]},"properties":{"cell_id":66338,"case_count":1,"gi_zscore":-0.2879,"gi_pvalue":0.297,"significance":"not_sig","district":"TUMAKURU"}},{"type":"Feature","geometry":{"type":"Point","coordinates":[77.64706,13.02252]},"properties":{"cell_id":66389,"case_count":23,"gi_zscore":1.7856,"gi_pvalue":0.001,"significance":"hot_99","district":"TUMAKURU"}},{"type":"Feature","geometry":{"type":"Point","coordinates":[77.09412,13.03153]},"properties":{"cell_id":66733,"case_count":1,"gi_zscore":-0.2879,"gi_pvalue":0.294,"significance":"not_sig","district":"TUMAKURU"}},{"type":"Feature","geometry":{"type":"Point","coordinates":[77.64706,13.03153]},"properties":{"cell_id":66780,"case_count":4,"gi_zscore":1.7856,"gi_pvalue":0.001,"significance":"hot_99","district":"TUMAKURU"}},{"type":"Feature","geometry":{"type":"Point","coordinates":[77.65882,13.03153]},"properties":{"cell_id":66781,"case_count":10,"gi_zscore":1.381,"gi_pvalue":0.001,"significance":"hot_99","district":"TUMAKURU"}},{"type":"Feature","geometry":{"type":"Point","coordinates":[77.65882,13.04054]},"properties":{"cell_id":67172,"case_count":3,"gi_zscore":1.4822,"gi_pvalue":0.001,"significance":"hot_99","district":"TUMAKURU"}},{"type":"Feature","geometry":{"type":"Point","coordinates":[77.67059,13.04054]},"properties":{"cell_id":67173,"case_count":6,"gi_zscore":1.1029,"gi_pvalue":0.004,"significance":"hot_99","district":"TUMAKURU"}},{"type":"Feature","geometry":{"type":"Point","coordinates":[77.02353,13.04955]},"properties":{"cell_id":67509,"case_count":1,"gi_zscore":-0.2879,"gi_pvalue":0.29,"significance":"not_sig","district":"TUMAKURU"}},{"type":"Feature","geometry":{"type":"Point","coordinates":[77.67059,13.04955]},"properties":{"cell_id":67564,"case_count":7,"gi_zscore":0.6224,"gi_pvalue":0.085,"significance":"hot_90","district":"TUMAKURU"}},{"type":"Feature","geometry":{"type":"Point","coordinates":[77.68235,13.04955]},"properties":{"cell_id":67565,"case_count":1,"gi_zscore":0.5971,"gi_pvalue":0.043,"significance":"hot_95","district":"TUMAKURU"}},{"type":"Feature","geometry":{"type":"Point","coordinates":[76.61176,13.05856]},"properties":{"cell_id":67865,"case_count":1,"gi_zscore":-0.389,"gi_pvalue":0.094,"significance":"cold_90","district":"TUMAKURU"}},{"type":"Feature","geometry":{"type":"Point","coordinates":[77.68235,13.05856]},"properties":{"cell_id":67956,"case_count":11,"gi_zscore":0.4454,"gi_pvalue":0.214,"significance":"not_sig","district":"TUMAKURU"}},{"type":"Feature","geometry":{"type":"Point","coordinates":[77.68235,13.06757]},"properties":{"cell_id":68347,"case_count":3,"gi_zscore":0.7489,"gi_pvalue":0.027,"significance":"hot_95","district":"TUMAKURU"}},{"type":"Feature","geometry":{"type":"Point","coordinates":[77.69412,13.06757]},"properties":{"cell_id":68348,"case_count":4,"gi_zscore":0.7741,"gi_pvalue":0.031,"significance":"hot_95","district":"TUMAKURU"}},{"type":"Feature","geometry":{"type":"Point","coordinates":[76.90588,13.07658]},"properties":{"cell_id":68672,"case_count":1,"gi_zscore":-0.389,"gi_pvalue":0.097,"significance":"cold_90","district":"TUMAKURU"}},{"type":"Feature","geometry":{"type":"Point","coordinates":[77.69412,13.07658]},"properties":{"cell_id":68739,"case_count":3,"gi_zscore":1.1281,"gi_pvalue":0.001,"significance":"hot_99","district":"TUMAKURU"}},{"type":"Feature","geometry":{"type":"Point","coordinates":[77.70588,13.07658]},"properties":{"cell_id":68740,"case_count":4,"gi_zscore":1.1534,"gi_pvalue":0.001,"significance":"hot_99","district":"TUMAKURU"}},{"type":"Feature","geometry":{"type":"Point","coordinates":[77.70588,13.08559]},"properties":{"cell_id":69131,"case_count":15,"gi_zscore":1.2799,"gi_pvalue":0.006,"significance":"hot_99","district":"TUMAKURU"}},{"type":"Feature","geometry":{"type":"Point","coordinates":[77.71765,13.08559]},"properties":{"cell_id":69132,"case_count":7,"gi_zscore":1.558,"gi_pvalue":0.001,"significance":"hot_99","district":"TUMAKURU"}},{"type":"Feature","geometry":{"type":"Point","coordinates":[77.71765,13.09459]},"properties":{"cell_id":69523,"case_count":21,"gi_zscore":1.558,"gi_pvalue":0.002,"significance":"hot_99","district":"TUMAKURU"}},{"type":"Feature","geometry":{"type":"Point","coordinates":[77.71765,13.1036]},"properties":{"cell_id":69914,"case_count":2,"gi_zscore":1.8109,"gi_pvalue":0.001,"significance":"hot_99","district":"TUMAKURU"}},{"type":"Feature","geometry":{"type":"Point","coordinates":[77.72941,13.1036]},"properties":{"cell_id":69915,"case_count":16,"gi_zscore":1.8614,"gi_pvalue":0.001,"significance":"hot_99","district":"TUMAKURU"}},{"type":"Feature","geometry":{"type":"Point","coordinates":[76.47059,13.11261]},"properties":{"cell_id":70199,"case_count":1,"gi_zscore":-0.389,"gi_pvalue":0.098,"significance":"cold_90","district":"TUMAKURU"}},{"type":"Feature","geometry":{"type":"Point","coordinates":[76.55294,13.11261]},"properties":{"cell_id":70206,"case_count":1,"gi_zscore":-0.389,"gi_pvalue":0.098,"significance":"cold_90","district":"TUMAKURU"}},{"type":"Feature","geometry":{"type":"Point","coordinates":[77.72941,13.11261]},"properties":{"cell_id":70306,"case_count":14,"gi_zscore":2.0637,"gi_pvalue":0.001,"significance":"hot_99","district":"TUMAKURU"}},{"type":"Feature","geometry":{"type":"Point","coordinates":[77.74118,13.11261]},"properties":{"cell_id":70307,"case_count":4,"gi_zscore":1.912,"gi_pvalue":0.001,"significance":"hot_99","district":"TUMAKURU"}},{"type":"Feature","geometry":{"type":"Point","coordinates":[77.74118,13.12162]},"properties":{"cell_id":70698,"case_count":13,"gi_zscore":1.6592,"gi_pvalue":0.001,"significance":"hot_99","district":"TUMAKURU"}},{"type":"Feature","geometry":{"type":"Point","coordinates":[77.75294,13.12162]},"properties":{"cell_id":70699,"case_count":6,"gi_zscore":1.8109,"gi_pvalue":0.001,"significance":"hot_99","district":"TUMAKURU"}},{"type":"Feature","geometry":{"type":"Point","coordinates":[76.69412,13.13063]},"properties":{"cell_id":71000,"case_count":1,"gi_zscore":-0.389,"gi_pvalue":0.098,"significance":"cold_90","district":"TUMAKURU"}},{"type":"Feature","geometry":{"type":"Point","coordinates":[76.88235,13.13063]},"properties":{"cell_id":71016,"case_count":1,"gi_zscore":-0.389,"gi_pvalue":0.098,"significance":"cold_90","district":"TUMAKURU"}},{"type":"Feature","geometry":{"type":"Point","coordinates":[76.89412,13.13063]},"properties":{"cell_id":71017,"case_count":1,"gi_zscore":-0.389,"gi_pvalue":0.098,"significance":"cold_90","district":"TUMAKURU"}},{"type":"Feature","geometry":{"type":"Point","coordinates":[77.75294,13.13063]},"properties":{"cell_id":71090,"case_count":23,"gi_zscore":1.735,"gi_pvalue":0.002,"significance":"hot_99","district":"TUMAKURU"}},{"type":"Feature","geometry":{"type":"Point","coordinates":[76.84706,13.13964]},"properties":{"cell_id":71404,"case_count":1,"gi_zscore":-0.389,"gi_pvalue":0.099,"significance":"cold_90","district":"TUMAKURU"}},{"type":"Feature","geometry":{"type":"Point","coordinates":[76.98824,13.13964]},"properties":{"cell_id":71416,"case_count":1,"gi_zscore":-0.3637,"gi_pvalue":0.099,"significance":"cold_90","district":"TUMAKURU"}},{"type":"Feature","geometry":{"type":"Point","coordinates":[77.75294,13.13964]},"properties":{"cell_id":71481,"case_count":1,"gi_zscore":1.7603,"gi_pvalue":0.001,"significance":"hot_99","district":"TUMAKURU"}},{"type":"Feature","geometry":{"type":"Point","coordinates":[77.76471,13.13964]},"properties":{"cell_id":71482,"case_count":11,"gi_zscore":1.7856,"gi_pvalue":0.001,"significance":"hot_99","district":"TUMAKURU"}},{"type":"Feature","geometry":{"type":"Point","coordinates":[76.65882,13.14865]},"properties":{"cell_id":71779,"case_count":1,"gi_zscore":-0.389,"gi_pvalue":0.1,"significance":"cold_90","district":"TUMAKURU"}},{"type":"Feature","geometry":{"type":"Point","coordinates":[77.76471,13.14865]},"properties":{"cell_id":71873,"case_count":8,"gi_zscore":2.0132,"gi_pvalue":0.001,"significance":"hot_99","district":"TUMAKURU"}},{"type":"Feature","geometry":{"type":"Point","coordinates":[77.77647,13.14865]},"properties":{"cell_id":71874,"case_count":13,"gi_zscore":2.0132,"gi_pvalue":0.001,"significance":"hot_99","district":"TUMAKURU"}},{"type":"Feature","geometry":{"type":"Point","coordinates":[76.65882,13.15766]},"properties":{"cell_id":72170,"case_count":1,"gi_zscore":-0.389,"gi_pvalue":0.098,"significance":"cold_90","district":"TUMAKURU"}},{"type":"Feature","geometry":{"type":"Point","coordinates":[76.67059,13.15766]},"properties":{"cell_id":72171,"case_count":1,"gi_zscore":-0.389,"gi_pvalue":0.098,"significance":"cold_90","district":"TUMAKURU"}},{"type":"Feature","geometry":{"type":"Point","coordinates":[76.98824,13.15766]},"properties":{"cell_id":72198,"case_count":1,"gi_zscore":-0.3637,"gi_pvalue":0.098,"significance":"cold_90","district":"TUMAKURU"}},{"type":"Feature","geometry":{"type":"Point","coordinates":[77.03529,13.15766]},"properties":{"cell_id":72202,"case_count":1,"gi_zscore":-0.3384,"gi_pvalue":0.172,"significance":"not_sig","district":"TUMAKURU"}},{"type":"Feature","geometry":{"type":"Point","coordinates":[77.77647,13.15766]},"properties":{"cell_id":72265,"case_count":15,"gi_zscore":1.8867,"gi_pvalue":0.001,"significance":"hot_99","district":"TUMAKURU"}},{"type":"Feature","geometry":{"type":"Point","coordinates":[77.78824,13.15766]},"properties":{"cell_id":72266,"case_count":5,"gi_zscore":1.8867,"gi_pvalue":0.001,"significance":"hot_99","district":"TUMAKURU"}},{"type":"Feature","geometry":{"type":"Point","coordinates":[76.45882,13.16667]},"properties":{"cell_id":72544,"case_count":1,"gi_zscore":-0.389,"gi_pvalue":0.095,"significance":"cold_90","district":"TUMAKURU"}},{"type":"Feature","geometry":{"type":"Point","coordinates":[77.78824,13.16667]},"properties":{"cell_id":72657,"case_count":22,"gi_zscore":1.8867,"gi_pvalue":0.002,"significance":"hot_99","district":"TUMAKURU"}},{"type":"Feature","geometry":{"type":"Point","coordinates":[76.47059,13.17568]},"properties":{"cell_id":72936,"case_count":1,"gi_zscore":-0.389,"gi_pvalue":0.095,"significance":"cold_90","district":"TUMAKURU"}},{"type":"Feature","geometry":{"type":"Point","coordinates":[76.62353,13.17568]},"properties":{"cell_id":72949,"case_count":1,"gi_zscore":-0.389,"gi_pvalue":0.095,"significance":"cold_90","district":"TUMAKURU"}},{"type":"Feature","geometry":{"type":"Point","coordinates":[76.84706,13.17568]},"properties":{"cell_id":72968,"case_count":1,"gi_zscore":-0.389,"gi_pvalue":0.095,"significance":"cold_90","district":"TUMAKURU"}},{"type":"Feature","geometry":{"type":"Point","coordinates":[77.8,13.17568]},"properties":{"cell_id":73049,"case_count":1,"gi_zscore":1.8867,"gi_pvalue":0.001,"significance":"hot_99","district":"TUMAKURU"}},{"type":"Feature","geometry":{"type":"Point","coordinates":[76.55294,13.18468]},"properties":{"cell_id":73334,"case_count":1,"gi_zscore":-0.389,"gi_pvalue":0.095,"significance":"cold_90","district":"TUMAKURU"}},{"type":"Feature","geometry":{"type":"Point","coordinates":[76.71765,13.18468]},"properties":{"cell_id":73348,"case_count":1,"gi_zscore":-0.389,"gi_pvalue":0.095,"significance":"cold_90","district":"TUMAKURU"}},{"type":"Feature","geometry":{"type":"Point","coordinates":[77.17647,13.2027]},"properties":{"cell_id":74169,"case_count":1,"gi_zscore":-0.3637,"gi_pvalue":0.164,"significance":"not_sig","district":"TUMAKURU"}},{"type":"Feature","geometry":{"type":"Point","coordinates":[76.61176,13.21171]},"properties":{"cell_id":74512,"case_count":1,"gi_zscore":-0.389,"gi_pvalue":0.095,"significance":"cold_90","district":"TUMAKURU"}},{"type":"Feature","geometry":{"type":"Point","coordinates":[77.03529,13.21171]},"properties":{"cell_id":74548,"case_count":1,"gi_zscore":-0.3384,"gi_pvalue":0.164,"significance":"not_sig","district":"TUMAKURU"}},{"type":"Feature","geometry":{"type":"Point","coordinates":[77.15294,13.21171]},"properties":{"cell_id":74558,"case_count":1,"gi_zscore":-0.3637,"gi_pvalue":0.164,"significance":"not_sig","district":"TUMAKURU"}},{"type":"Feature","geometry":{"type":"Point","coordinates":[76.48235,13.22072]},"properties":{"cell_id":74892,"case_count":1,"gi_zscore":-0.3637,"gi_pvalue":0.095,"significance":"cold_90","district":"TUMAKURU"}},{"type":"Feature","geometry":{"type":"Point","coordinates":[77.05882,13.22072]},"properties":{"cell_id":74941,"case_count":2,"gi_zscore":-0.3384,"gi_pvalue":0.097,"significance":"cold_90","district":"TUMAKURU"}},{"type":"Feature","geometry":{"type":"Point","coordinates":[77.10588,13.22973]},"properties":{"cell_id":75336,"case_count":2,"gi_zscore":-0.3384,"gi_pvalue":0.097,"significance":"cold_90","district":"TUMAKURU"}},{"type":"Feature","geometry":{"type":"Point","coordinates":[76.61176,13.24775]},"properties":{"cell_id":76076,"case_count":1,"gi_zscore":-0.389,"gi_pvalue":0.095,"significance":"cold_90","district":"TUMAKURU"}},{"type":"Feature","geometry":{"type":"Point","coordinates":[76.48235,13.25676]},"properties":{"cell_id":76456,"case_count":1,"gi_zscore":-0.3637,"gi_pvalue":0.095,"significance":"cold_90","district":"TUMAKURU"}},{"type":"Feature","geometry":{"type":"Point","coordinates":[77.11765,13.25676]},"properties":{"cell_id":76510,"case_count":1,"gi_zscore":-0.3384,"gi_pvalue":0.163,"significance":"not_sig","district":"TUMAKURU"}},{"type":"Feature","geometry":{"type":"Point","coordinates":[76.38824,13.26577]},"properties":{"cell_id":76839,"case_count":1,"gi_zscore":-0.3637,"gi_pvalue":0.095,"significance":"cold_90","district":"TUMAKURU"}},{"type":"Feature","geometry":{"type":"Point","coordinates":[76.45882,13.26577]},"properties":{"cell_id":76845,"case_count":1,"gi_zscore":-0.3637,"gi_pvalue":0.095,"significance":"cold_90","district":"TUMAKURU"}},{"type":"Feature","geometry":{"type":"Point","coordinates":[76.47059,13.26577]},"properties":{"cell_id":76846,"case_count":1,"gi_zscore":-0.3637,"gi_pvalue":0.095,"significance":"cold_90","district":"TUMAKURU"}},{"type":"Feature","geometry":{"type":"Point","coordinates":[76.65882,13.26577]},"properties":{"cell_id":76862,"case_count":1,"gi_zscore":-0.389,"gi_pvalue":0.095,"significance":"cold_90","district":"TUMAKURU"}},{"type":"Feature","geometry":{"type":"Point","coordinates":[77.02353,13.26577]},"properties":{"cell_id":76893,"case_count":1,"gi_zscore":-0.3637,"gi_pvalue":0.163,"significance":"not_sig","district":"TUMAKURU"}},{"type":"Feature","geometry":{"type":"Point","coordinates":[77.08235,13.26577]},"properties":{"cell_id":76898,"case_count":1,"gi_zscore":-0.3384,"gi_pvalue":0.215,"significance":"not_sig","district":"TUMAKURU"}},{"type":"Feature","geometry":{"type":"Point","coordinates":[76.48235,13.27477]},"properties":{"cell_id":77238,"case_count":1,"gi_zscore":-0.3637,"gi_pvalue":0.095,"significance":"cold_90","district":"TUMAKURU"}},{"type":"Feature","geometry":{"type":"Point","coordinates":[76.52941,13.27477]},"properties":{"cell_id":77242,"case_count":1,"gi_zscore":-0.3637,"gi_pvalue":0.095,"significance":"cold_90","district":"TUMAKURU"}},{"type":"Feature","geometry":{"type":"Point","coordinates":[76.81176,13.27477]},"properties":{"cell_id":77266,"case_count":1,"gi_zscore":-0.389,"gi_pvalue":0.095,"significance":"cold_90","district":"TUMAKURU"}},{"type":"Feature","geometry":{"type":"Point","coordinates":[77.08235,13.27477]},"properties":{"cell_id":77289,"case_count":1,"gi_zscore":-0.3132,"gi_pvalue":0.223,"significance":"not_sig","district":"TUMAKURU"}},{"type":"Feature","geometry":{"type":"Point","coordinates":[77.14118,13.27477]},"properties":{"cell_id":77294,"case_count":1,"gi_zscore":-0.3132,"gi_pvalue":0.223,"significance":"not_sig","district":"TUMAKURU"}},{"type":"Feature","geometry":{"type":"Point","coordinates":[76.48235,13.28378]},"properties":{"cell_id":77629,"case_count":2,"gi_zscore":-0.3637,"gi_pvalue":0.001,"significance":"cold_99","district":"TUMAKURU"}},{"type":"Feature","geometry":{"type":"Point","coordinates":[76.88235,13.28378]},"properties":{"cell_id":77663,"case_count":1,"gi_zscore":-0.389,"gi_pvalue":0.096,"significance":"cold_90","district":"TUMAKURU"}},{"type":"Feature","geometry":{"type":"Point","coordinates":[76.95294,13.28378]},"properties":{"cell_id":77669,"case_count":1,"gi_zscore":-0.389,"gi_pvalue":0.096,"significance":"cold_90","district":"TUMAKURU"}},{"type":"Feature","geometry":{"type":"Point","coordinates":[77.15294,13.28378]},"properties":{"cell_id":77686,"case_count":1,"gi_zscore":-0.3132,"gi_pvalue":0.225,"significance":"not_sig","district":"TUMAKURU"}},{"type":"Feature","geometry":{"type":"Point","coordinates":[77.18824,13.28378]},"properties":{"cell_id":77689,"case_count":1,"gi_zscore":-0.3384,"gi_pvalue":0.16,"significance":"not_sig","district":"TUMAKURU"}},{"type":"Feature","geometry":{"type":"Point","coordinates":[76.95294,13.29279]},"properties":{"cell_id":78060,"case_count":1,"gi_zscore":-0.389,"gi_pvalue":0.096,"significance":"cold_90","district":"TUMAKURU"}},{"type":"Feature","geometry":{"type":"Point","coordinates":[77.16471,13.29279]},"properties":{"cell_id":78078,"case_count":1,"gi_zscore":-0.3384,"gi_pvalue":0.16,"significance":"not_sig","district":"TUMAKURU"}},{"type":"Feature","geometry":{"type":"Point","coordinates":[77.17647,13.29279]},"properties":{"cell_id":78079,"case_count":1,"gi_zscore":-0.3384,"gi_pvalue":0.16,"significance":"not_sig","district":"TUMAKURU"}},{"type":"Feature","geometry":{"type":"Point","coordinates":[76.37647,13.3018]},"properties":{"cell_id":78402,"case_count":1,"gi_zscore":-0.3637,"gi_pvalue":0.096,"significance":"cold_90","district":"TUMAKURU"}},{"type":"Feature","geometry":{"type":"Point","coordinates":[76.94118,13.3018]},"properties":{"cell_id":78450,"case_count":1,"gi_zscore":-0.389,"gi_pvalue":0.096,"significance":"cold_90","district":"TUMAKURU"}},{"type":"Feature","geometry":{"type":"Point","coordinates":[76.95294,13.3018]},"properties":{"cell_id":78451,"case_count":1,"gi_zscore":-0.389,"gi_pvalue":0.096,"significance":"cold_90","district":"TUMAKURU"}},{"type":"Feature","geometry":{"type":"Point","coordinates":[77.16471,13.3018]},"properties":{"cell_id":78469,"case_count":2,"gi_zscore":-0.3132,"gi_pvalue":0.167,"significance":"not_sig","district":"TUMAKURU"}},{"type":"Feature","geometry":{"type":"Point","coordinates":[76.91765,13.31081]},"properties":{"cell_id":78839,"case_count":1,"gi_zscore":-0.389,"gi_pvalue":0.096,"significance":"cold_90","district":"TUMAKURU"}},{"type":"Feature","geometry":{"type":"Point","coordinates":[76.95294,13.31081]},"properties":{"cell_id":78842,"case_count":1,"gi_zscore":-0.389,"gi_pvalue":0.096,"significance":"cold_90","district":"TUMAKURU"}},{"type":"Feature","geometry":{"type":"Point","coordinates":[77.09412,13.31081]},"properties":{"cell_id":78854,"case_count":1,"gi_zscore":-0.2373,"gi_pvalue":0.35,"significance":"not_sig","district":"TUMAKURU"}},{"type":"Feature","geometry":{"type":"Point","coordinates":[77.11765,13.31081]},"properties":{"cell_id":78856,"case_count":1,"gi_zscore":-0.2373,"gi_pvalue":0.342,"significance":"not_sig","district":"TUMAKURU"}},{"type":"Feature","geometry":{"type":"Point","coordinates":[77.14118,13.31081]},"properties":{"cell_id":78858,"case_count":2,"gi_zscore":-0.2373,"gi_pvalue":0.34,"significance":"not_sig","district":"TUMAKURU"}},{"type":"Feature","geometry":{"type":"Point","coordinates":[77.15294,13.31081]},"properties":{"cell_id":78859,"case_count":2,"gi_zscore":-0.3132,"gi_pvalue":0.166,"significance":"not_sig","district":"TUMAKURU"}},{"type":"Feature","geometry":{"type":"Point","coordinates":[77.17647,13.31081]},"properties":{"cell_id":78861,"case_count":1,"gi_zscore":-0.3384,"gi_pvalue":0.164,"significance":"not_sig","district":"TUMAKURU"}},{"type":"Feature","geometry":{"type":"Point","coordinates":[76.64706,13.31982]},"properties":{"cell_id":79207,"case_count":1,"gi_zscore":-0.389,"gi_pvalue":0.097,"significance":"cold_90","district":"TUMAKURU"}},{"type":"Feature","geometry":{"type":"Point","coordinates":[76.85882,13.31982]},"properties":{"cell_id":79225,"case_count":1,"gi_zscore":-0.389,"gi_pvalue":0.097,"significance":"cold_90","district":"TUMAKURU"}},{"type":"Feature","geometry":{"type":"Point","coordinates":[76.87059,13.31982]},"properties":{"cell_id":79226,"case_count":1,"gi_zscore":-0.389,"gi_pvalue":0.097,"significance":"cold_90","district":"TUMAKURU"}},{"type":"Feature","geometry":{"type":"Point","coordinates":[77.09412,13.31982]},"properties":{"cell_id":79245,"case_count":1,"gi_zscore":-0.2373,"gi_pvalue":0.352,"significance":"not_sig","district":"TUMAKURU"}},{"type":"Feature","geometry":{"type":"Point","coordinates":[77.11765,13.31982]},"properties":{"cell_id":79247,"case_count":2,"gi_zscore":-0.1614,"gi_pvalue":0.409,"significance":"not_sig","district":"TUMAKURU"}},{"type":"Feature","geometry":{"type":"Point","coordinates":[77.15294,13.31982]},"properties":{"cell_id":79250,"case_count":1,"gi_zscore":-0.2626,"gi_pvalue":0.307,"significance":"not_sig","district":"TUMAKURU"}},{"type":"Feature","geometry":{"type":"Point","coordinates":[77.17647,13.31982]},"properties":{"cell_id":79252,"case_count":1,"gi_zscore":-0.3132,"gi_pvalue":0.226,"significance":"not_sig","district":"TUMAKURU"}},{"type":"Feature","geometry":{"type":"Point","coordinates":[76.45882,13.32883]},"properties":{"cell_id":79582,"case_count":1,"gi_zscore":-0.3384,"gi_pvalue":0.169,"significance":"not_sig","district":"TUMAKURU"}},{"type":"Feature","geometry":{"type":"Point","coordinates":[77.08235,13.32883]},"properties":{"cell_id":79635,"case_count":1,"gi_zscore":-0.2626,"gi_pvalue":0.307,"significance":"not_sig","district":"TUMAKURU"}},{"type":"Feature","geometry":{"type":"Point","coordinates":[77.09412,13.32883]},"properties":{"cell_id":79636,"case_count":3,"gi_zscore":-0.212,"gi_pvalue":0.313,"significance":"not_sig","district":"TUMAKURU"}},{"type":"Feature","geometry":{"type":"Point","coordinates":[77.10588,13.32883]},"properties":{"cell_id":79637,"case_count":1,"gi_zscore":-0.1362,"gi_pvalue":0.463,"significance":"not_sig","district":"TUMAKURU"}},{"type":"Feature","geometry":{"type":"Point","coordinates":[77.11765,13.32883]},"properties":{"cell_id":79638,"case_count":1,"gi_zscore":-0.1362,"gi_pvalue":0.463,"significance":"not_sig","district":"TUMAKURU"}},{"type":"Feature","geometry":{"type":"Point","coordinates":[77.12941,13.32883]},"properties":{"cell_id":79639,"case_count":3,"gi_zscore":-0.2373,"gi_pvalue":0.295,"significance":"not_sig","district":"TUMAKURU"}},{"type":"Feature","geometry":{"type":"Point","coordinates":[77.15294,13.32883]},"properties":{"cell_id":79641,"case_count":1,"gi_zscore":-0.2626,"gi_pvalue":0.318,"significance":"not_sig","district":"TUMAKURU"}},{"type":"Feature","geometry":{"type":"Point","coordinates":[77.27059,13.32883]},"properties":{"cell_id":79651,"case_count":1,"gi_zscore":-0.389,"gi_pvalue":0.091,"significance":"cold_90","district":"TUMAKURU"}},{"type":"Feature","geometry":{"type":"Point","coordinates":[77.09412,13.33784]},"properties":{"cell_id":80027,"case_count":1,"gi_zscore":-0.212,"gi_pvalue":0.389,"significance":"not_sig","district":"TUMAKURU"}},{"type":"Feature","geometry":{"type":"Point","coordinates":[77.10588,13.33784]},"properties":{"cell_id":80028,"case_count":4,"gi_zscore":-0.1614,"gi_pvalue":0.357,"significance":"not_sig","district":"TUMAKURU"}},{"type":"Feature","geometry":{"type":"Point","coordinates":[77.11765,13.33784]},"properties":{"cell_id":80029,"case_count":3,"gi_zscore":-0.1362,"gi_pvalue":0.406,"significance":"not_sig","district":"TUMAKURU"}},{"type":"Feature","geometry":{"type":"Point","coordinates":[77.21176,13.33784]},"properties":{"cell_id":80037,"case_count":1,"gi_zscore":-0.3637,"gi_pvalue":0.156,"significance":"not_sig","district":"TUMAKURU"}},{"type":"Feature","geometry":{"type":"Point","coordinates":[76.34118,13.34685]},"properties":{"cell_id":80354,"case_count":1,"gi_zscore":-0.3637,"gi_pvalue":0.085,"significance":"cold_90","district":"TUMAKURU"}},{"type":"Feature","geometry":{"type":"Point","coordinates":[77.09412,13.34685]},"properties":{"cell_id":80418,"case_count":1,"gi_zscore":-0.212,"gi_pvalue":0.384,"significance":"not_sig","district":"TUMAKURU"}},{"type":"Feature","geometry":{"type":"Point","coordinates":[77.10588,13.34685]},"properties":{"cell_id":80419,"case_count":3,"gi_zscore":-0.212,"gi_pvalue":0.323,"significance":"not_sig","district":"TUMAKURU"}},{"type":"Feature","geometry":{"type":"Point","coordinates":[77.11765,13.34685]},"properties":{"cell_id":80420,"case_count":1,"gi_zscore":-0.1614,"gi_pvalue":0.428,"significance":"not_sig","district":"TUMAKURU"}},{"type":"Feature","geometry":{"type":"Point","coordinates":[77.24706,13.34685]},"properties":{"cell_id":80431,"case_count":1,"gi_zscore":-0.389,"gi_pvalue":0.081,"significance":"cold_90","district":"TUMAKURU"}},{"type":"Feature","geometry":{"type":"Point","coordinates":[77.08235,13.35586]},"properties":{"cell_id":80808,"case_count":1,"gi_zscore":-0.212,"gi_pvalue":0.383,"significance":"not_sig","district":"TUMAKURU"}},{"type":"Feature","geometry":{"type":"Point","coordinates":[76.37647,13.36486]},"properties":{"cell_id":81139,"case_count":1,"gi_zscore":-0.3637,"gi_pvalue":0.081,"significance":"cold_90","district":"TUMAKURU"}},{"type":"Feature","geometry":{"type":"Point","coordinates":[76.38824,13.36486]},"properties":{"cell_id":81140,"case_count":2,"gi_zscore":-0.3637,"gi_pvalue":0.001,"significance":"cold_99","district":"TUMAKURU"}},{"type":"Feature","geometry":{"type":"Point","coordinates":[76.52941,13.36486]},"properties":{"cell_id":81152,"case_count":1,"gi_zscore":-0.3637,"gi_pvalue":0.083,"significance":"cold_90","district":"TUMAKURU"}},{"type":"Feature","geometry":{"type":"Point","coordinates":[76.65882,13.36486]},"properties":{"cell_id":81163,"case_count":1,"gi_zscore":-0.389,"gi_pvalue":0.083,"significance":"cold_90","district":"TUMAKURU"}},{"type":"Feature","geometry":{"type":"Point","coordinates":[77.11765,13.36486]},"properties":{"cell_id":81202,"case_count":1,"gi_zscore":-0.212,"gi_pvalue":0.382,"significance":"not_sig","district":"TUMAKURU"}},{"type":"Feature","geometry":{"type":"Point","coordinates":[77.22353,13.36486]},"properties":{"cell_id":81211,"case_count":1,"gi_zscore":-0.389,"gi_pvalue":0.083,"significance":"cold_90","district":"TUMAKURU"}},{"type":"Feature","geometry":{"type":"Point","coordinates":[77.30588,13.36486]},"properties":{"cell_id":81218,"case_count":1,"gi_zscore":-0.389,"gi_pvalue":0.083,"significance":"cold_90","district":"TUMAKURU"}},{"type":"Feature","geometry":{"type":"Point","coordinates":[77.34118,13.36486]},"properties":{"cell_id":81221,"case_count":1,"gi_zscore":-0.389,"gi_pvalue":0.083,"significance":"cold_90","district":"TUMAKURU"}},{"type":"Feature","geometry":{"type":"Point","coordinates":[76.48235,13.37387]},"properties":{"cell_id":81539,"case_count":1,"gi_zscore":-0.3384,"gi_pvalue":0.153,"significance":"not_sig","district":"TUMAKURU"}},{"type":"Feature","geometry":{"type":"Point","coordinates":[77.21176,13.37387]},"properties":{"cell_id":81601,"case_count":1,"gi_zscore":-0.389,"gi_pvalue":0.083,"significance":"cold_90","district":"TUMAKURU"}},{"type":"Feature","geometry":{"type":"Point","coordinates":[76.88235,13.38288]},"properties":{"cell_id":81964,"case_count":1,"gi_zscore":-0.389,"gi_pvalue":0.083,"significance":"cold_90","district":"TUMAKURU"}},{"type":"Feature","geometry":{"type":"Point","coordinates":[77.10588,13.38288]},"properties":{"cell_id":81983,"case_count":1,"gi_zscore":-0.2626,"gi_pvalue":0.34,"significance":"not_sig","district":"TUMAKURU"}},{"type":"Feature","geometry":{"type":"Point","coordinates":[76.4,13.39189]},"properties":{"cell_id":82314,"case_count":1,"gi_zscore":-0.3637,"gi_pvalue":0.083,"significance":"cold_90","district":"TUMAKURU"}},{"type":"Feature","geometry":{"type":"Point","coordinates":[77.07059,13.4009]},"properties":{"cell_id":82762,"case_count":1,"gi_zscore":-0.3384,"gi_pvalue":0.207,"significance":"not_sig","district":"TUMAKURU"}},{"type":"Feature","geometry":{"type":"Point","coordinates":[77.08235,13.40991]},"properties":{"cell_id":83154,"case_count":1,"gi_zscore":-0.3384,"gi_pvalue":0.207,"significance":"not_sig","district":"TUMAKURU"}},{"type":"Feature","geometry":{"type":"Point","coordinates":[76.62353,13.41892]},"properties":{"cell_id":83506,"case_count":1,"gi_zscore":-0.389,"gi_pvalue":0.083,"significance":"cold_90","district":"TUMAKURU"}},{"type":"Feature","geometry":{"type":"Point","coordinates":[77.12941,13.42793]},"properties":{"cell_id":83940,"case_count":1,"gi_zscore":-0.3384,"gi_pvalue":0.207,"significance":"not_sig","district":"TUMAKURU"}},{"type":"Feature","geometry":{"type":"Point","coordinates":[77.08235,13.43694]},"properties":{"cell_id":84327,"case_count":1,"gi_zscore":-0.3384,"gi_pvalue":0.207,"significance":"not_sig","district":"TUMAKURU"}},{"type":"Feature","geometry":{"type":"Point","coordinates":[77.23529,13.45495]},"properties":{"cell_id":85122,"case_count":1,"gi_zscore":-0.3384,"gi_pvalue":0.153,"significance":"not_sig","district":"TUMAKURU"}},{"type":"Feature","geometry":{"type":"Point","coordinates":[77.17647,13.46396]},"properties":{"cell_id":85508,"case_count":1,"gi_zscore":-0.3384,"gi_pvalue":0.153,"significance":"not_sig","district":"TUMAKURU"}},{"type":"Feature","geometry":{"type":"Point","coordinates":[77.30588,13.47297]},"properties":{"cell_id":85910,"case_count":1,"gi_zscore":-0.3384,"gi_pvalue":0.153,"significance":"not_sig","district":"TUMAKURU"}},{"type":"Feature","geometry":{"type":"Point","coordinates":[77.22353,13.51802]},"properties":{"cell_id":87858,"case_count":1,"gi_zscore":-0.3384,"gi_pvalue":0.153,"significance":"not_sig","district":"TUMAKURU"}},{"type":"Feature","geometry":{"type":"Point","coordinates":[77.23529,13.51802]},"properties":{"cell_id":87859,"case_count":2,"gi_zscore":-0.3384,"gi_pvalue":0.088,"significance":"cold_90","district":"TUMAKURU"}},{"type":"Feature","geometry":{"type":"Point","coordinates":[77.22353,13.52703]},"properties":{"cell_id":88249,"case_count":1,"gi_zscore":-0.3132,"gi_pvalue":0.219,"significance":"not_sig","district":"TUMAKURU"}},{"type":"Feature","geometry":{"type":"Point","coordinates":[77.24706,13.52703]},"properties":{"cell_id":88251,"case_count":2,"gi_zscore":-0.3132,"gi_pvalue":0.157,"significance":"not_sig","district":"TUMAKURU"}},{"type":"Feature","geometry":{"type":"Point","coordinates":[76.52941,13.54505]},"properties":{"cell_id":88972,"case_count":1,"gi_zscore":-0.3637,"gi_pvalue":0.089,"significance":"cold_90","district":"TUMAKURU"}},{"type":"Feature","geometry":{"type":"Point","coordinates":[76.4,13.55405]},"properties":{"cell_id":89352,"case_count":1,"gi_zscore":-0.3384,"gi_pvalue":0.154,"significance":"not_sig","district":"TUMAKURU"}},{"type":"Feature","geometry":{"type":"Point","coordinates":[76.42353,13.56306]},"properties":{"cell_id":89745,"case_count":1,"gi_zscore":-0.3384,"gi_pvalue":0.154,"significance":"not_sig","district":"TUMAKURU"}},{"type":"Feature","geometry":{"type":"Point","coordinates":[76.90588,13.57207]},"properties":{"cell_id":90177,"case_count":1,"gi_zscore":-0.3384,"gi_pvalue":0.154,"significance":"not_sig","district":"TUMAKURU"}},{"type":"Feature","geometry":{"type":"Point","coordinates":[77.05882,13.57207]},"properties":{"cell_id":90190,"case_count":1,"gi_zscore":-0.3384,"gi_pvalue":0.154,"significance":"not_sig","district":"TUMAKURU"}},{"type":"Feature","geometry":{"type":"Point","coordinates":[76.54118,13.58108]},"properties":{"cell_id":90537,"case_count":2,"gi_zscore":-0.3637,"gi_pvalue":0.001,"significance":"cold_99","district":"TUMAKURU"}},{"type":"Feature","geometry":{"type":"Point","coordinates":[76.84706,13.60811]},"properties":{"cell_id":91736,"case_count":1,"gi_zscore":-0.3132,"gi_pvalue":0.224,"significance":"not_sig","district":"TUMAKURU"}},{"type":"Feature","geometry":{"type":"Point","coordinates":[76.95294,13.61712]},"properties":{"cell_id":92136,"case_count":1,"gi_zscore":-0.3384,"gi_pvalue":0.152,"significance":"not_sig","district":"TUMAKURU"}},{"type":"Feature","geometry":{"type":"Point","coordinates":[76.94118,13.63514]},"properties":{"cell_id":92917,"case_count":1,"gi_zscore":-0.3384,"gi_pvalue":0.152,"significance":"not_sig","district":"TUMAKURU"}},{"type":"Feature","geometry":{"type":"Point","coordinates":[76.91765,13.64414]},"properties":{"cell_id":93306,"case_count":1,"gi_zscore":-0.3384,"gi_pvalue":0.152,"significance":"not_sig","district":"TUMAKURU"}},{"type":"Feature","geometry":{"type":"Point","coordinates":[76.94118,13.64414]},"properties":{"cell_id":93308,"case_count":3,"gi_zscore":-0.3384,"gi_pvalue":0.087,"significance":"cold_90","district":"TUMAKURU"}},{"type":"Feature","geometry":{"type":"Point","coordinates":[76.75294,13.65315]},"properties":{"cell_id":93683,"case_count":1,"gi_zscore":-0.3384,"gi_pvalue":0.154,"significance":"not_sig","district":"TUMAKURU"}},{"type":"Feature","geometry":{"type":"Point","coordinates":[77.0,13.65315]},"properties":{"cell_id":93704,"case_count":1,"gi_zscore":-0.3384,"gi_pvalue":0.154,"significance":"not_sig","district":"TUMAKURU"}},{"type":"Feature","geometry":{"type":"Point","coordinates":[77.15294,13.65315]},"properties":{"cell_id":93717,"case_count":1,"gi_zscore":-0.3637,"gi_pvalue":0.154,"significance":"not_sig","district":"TUMAKURU"}},{"type":"Feature","geometry":{"type":"Point","coordinates":[77.21176,13.66216]},"properties":{"cell_id":94113,"case_count":2,"gi_zscore":-0.3384,"gi_pvalue":0.09,"significance":"cold_90","district":"TUMAKURU"}},{"type":"Feature","geometry":{"type":"Point","coordinates":[77.16471,13.67117]},"properties":{"cell_id":94500,"case_count":1,"gi_zscore":-0.3637,"gi_pvalue":0.155,"significance":"not_sig","district":"TUMAKURU"}},{"type":"Feature","geometry":{"type":"Point","coordinates":[76.36471,13.6982]},"properties":{"cell_id":95605,"case_count":1,"gi_zscore":-0.3384,"gi_pvalue":0.155,"significance":"not_sig","district":"TUMAKURU"}},{"type":"Feature","geometry":{"type":"Point","coordinates":[77.34118,13.6982]},"properties":{"cell_id":95688,"case_count":1,"gi_zscore":-0.3384,"gi_pvalue":0.218,"significance":"not_sig","district":"TUMAKURU"}},{"type":"Feature","geometry":{"type":"Point","coordinates":[76.81176,13.70721]},"properties":{"cell_id":96034,"case_count":2,"gi_zscore":-0.3384,"gi_pvalue":0.089,"significance":"cold_90","district":"TUMAKURU"}},{"type":"Feature","geometry":{"type":"Point","coordinates":[77.01176,13.70721]},"properties":{"cell_id":96051,"case_count":1,"gi_zscore":-0.3384,"gi_pvalue":0.217,"significance":"not_sig","district":"TUMAKURU"}},{"type":"Feature","geometry":{"type":"Point","coordinates":[77.09412,13.70721]},"properties":{"cell_id":96058,"case_count":1,"gi_zscore":-0.389,"gi_pvalue":0.085,"significance":"cold_90","district":"TUMAKURU"}},{"type":"Feature","geometry":{"type":"Point","coordinates":[76.82353,13.71622]},"properties":{"cell_id":96426,"case_count":1,"gi_zscore":-0.3384,"gi_pvalue":0.154,"significance":"not_sig","district":"TUMAKURU"}},{"type":"Feature","geometry":{"type":"Point","coordinates":[76.90588,13.71622]},"properties":{"cell_id":96433,"case_count":1,"gi_zscore":-0.0603,"gi_pvalue":0.46,"significance":"not_sig","district":"TUMAKURU"}},{"type":"Feature","geometry":{"type":"Point","coordinates":[77.07059,13.71622]},"properties":{"cell_id":96447,"case_count":1,"gi_zscore":-0.389,"gi_pvalue":0.085,"significance":"cold_90","district":"TUMAKURU"}},{"type":"Feature","geometry":{"type":"Point","coordinates":[77.08235,13.71622]},"properties":{"cell_id":96448,"case_count":1,"gi_zscore":-0.389,"gi_pvalue":0.085,"significance":"cold_90","district":"TUMAKURU"}},{"type":"Feature","geometry":{"type":"Point","coordinates":[77.35294,13.71622]},"properties":{"cell_id":96471,"case_count":1,"gi_zscore":-0.3384,"gi_pvalue":0.217,"significance":"not_sig","district":"TUMAKURU"}},{"type":"Feature","geometry":{"type":"Point","coordinates":[76.88235,13.72523]},"properties":{"cell_id":96822,"case_count":1,"gi_zscore":-0.035,"gi_pvalue":0.448,"significance":"not_sig","district":"TUMAKURU"}},{"type":"Feature","geometry":{"type":"Point","coordinates":[76.8,13.73423]},"properties":{"cell_id":97206,"case_count":1,"gi_zscore":-0.3384,"gi_pvalue":0.154,"significance":"not_sig","district":"TUMAKURU"}},{"type":"Feature","geometry":{"type":"Point","coordinates":[76.90588,13.73423]},"properties":{"cell_id":97215,"case_count":1,"gi_zscore":-0.0603,"gi_pvalue":0.46,"significance":"not_sig","district":"TUMAKURU"}},{"type":"Feature","geometry":{"type":"Point","coordinates":[76.97647,13.73423]},"properties":{"cell_id":97221,"case_count":1,"gi_zscore":-0.0856,"gi_pvalue":0.494,"significance":"not_sig","district":"TUMAKURU"}},{"type":"Feature","geometry":{"type":"Point","coordinates":[77.10588,13.73423]},"properties":{"cell_id":97232,"case_count":1,"gi_zscore":-0.3637,"gi_pvalue":0.154,"significance":"not_sig","district":"TUMAKURU"}},{"type":"Feature","geometry":{"type":"Point","coordinates":[76.84706,13.74324]},"properties":{"cell_id":97601,"case_count":1,"gi_zscore":-0.3384,"gi_pvalue":0.154,"significance":"not_sig","district":"TUMAKURU"}},{"type":"Feature","geometry":{"type":"Point","coordinates":[76.85882,13.74324]},"properties":{"cell_id":97602,"case_count":2,"gi_zscore":-0.035,"gi_pvalue":0.459,"significance":"not_sig","district":"TUMAKURU"}},{"type":"Feature","geometry":{"type":"Point","coordinates":[76.87059,13.74324]},"properties":{"cell_id":97603,"case_count":1,"gi_zscore":-0.035,"gi_pvalue":0.447,"significance":"not_sig","district":"TUMAKURU"}},{"type":"Feature","geometry":{"type":"Point","coordinates":[76.89412,13.74324]},"properties":{"cell_id":97605,"case_count":2,"gi_zscore":-0.0603,"gi_pvalue":0.498,"significance":"not_sig","district":"TUMAKURU"}},{"type":"Feature","geometry":{"type":"Point","coordinates":[76.90588,13.74324]},"properties":{"cell_id":97606,"case_count":13,"gi_zscore":-0.0603,"gi_pvalue":0.084,"significance":"cold_90","district":"TUMAKURU"}},{"type":"Feature","geometry":{"type":"Point","coordinates":[76.91765,13.74324]},"properties":{"cell_id":97607,"case_count":1,"gi_zscore":-0.0603,"gi_pvalue":0.464,"significance":"not_sig","district":"TUMAKURU"}},{"type":"Feature","geometry":{"type":"Point","coordinates":[77.36471,13.74324]},"properties":{"cell_id":97645,"case_count":1,"gi_zscore":-0.3384,"gi_pvalue":0.222,"significance":"not_sig","district":"TUMAKURU"}},{"type":"Feature","geometry":{"type":"Point","coordinates":[76.87059,13.75225]},"properties":{"cell_id":97994,"case_count":1,"gi_zscore":-0.035,"gi_pvalue":0.45,"significance":"not_sig","district":"TUMAKURU"}},{"type":"Feature","geometry":{"type":"Point","coordinates":[76.88235,13.75225]},"properties":{"cell_id":97995,"case_count":1,"gi_zscore":-0.035,"gi_pvalue":0.45,"significance":"not_sig","district":"TUMAKURU"}},{"type":"Feature","geometry":{"type":"Point","coordinates":[76.90588,13.75225]},"properties":{"cell_id":97997,"case_count":1,"gi_zscore":-0.0603,"gi_pvalue":0.464,"significance":"not_sig","district":"TUMAKURU"}},{"type":"Feature","geometry":{"type":"Point","coordinates":[76.90588,13.76126]},"properties":{"cell_id":98388,"case_count":1,"gi_zscore":-0.0603,"gi_pvalue":0.464,"significance":"not_sig","district":"TUMAKURU"}},{"type":"Feature","geometry":{"type":"Point","coordinates":[76.91765,13.76126]},"properties":{"cell_id":98389,"case_count":1,"gi_zscore":-0.0603,"gi_pvalue":0.464,"significance":"not_sig","district":"TUMAKURU"}},{"type":"Feature","geometry":{"type":"Point","coordinates":[76.91765,13.77928]},"properties":{"cell_id":99171,"case_count":1,"gi_zscore":-0.0603,"gi_pvalue":0.464,"significance":"not_sig","district":"TUMAKURU"}},{"type":"Feature","geometry":{"type":"Point","coordinates":[76.92941,13.78829]},"properties":{"cell_id":99563,"case_count":1,"gi_zscore":-0.0603,"gi_pvalue":0.464,"significance":"not_sig","district":"TUMAKURU"}},{"type":"Feature","geometry":{"type":"Point","coordinates":[77.25882,13.78829]},"properties":{"cell_id":99591,"case_count":1,"gi_zscore":-0.3637,"gi_pvalue":0.154,"significance":"not_sig","district":"TUMAKURU"}},{"type":"Feature","geometry":{"type":"Point","coordinates":[76.8,13.7973]},"properties":{"cell_id":99943,"case_count":1,"gi_zscore":-0.3384,"gi_pvalue":0.154,"significance":"not_sig","district":"TUMAKURU"}},{"type":"Feature","geometry":{"type":"Point","coordinates":[76.84706,13.7973]},"properties":{"cell_id":99947,"case_count":1,"gi_zscore":-0.3384,"gi_pvalue":0.154,"significance":"not_sig","district":"TUMAKURU"}},{"type":"Feature","geometry":{"type":"Point","coordinates":[77.22353,13.80631]},"properties":{"cell_id":100370,"case_count":1,"gi_zscore":-0.3637,"gi_pvalue":0.154,"significance":"not_sig","district":"TUMAKURU"}},{"type":"Feature","geometry":{"type":"Point","coordinates":[76.94118,13.81532]},"properties":{"cell_id":100737,"case_count":1,"gi_zscore":-0.0603,"gi_pvalue":0.464,"significance":"not_sig","district":"TUMAKURU"}},{"type":"Feature","geometry":{"type":"Point","coordinates":[76.89412,13.91441]},"properties":{"cell_id":105034,"case_count":1,"gi_zscore":-0.389,"gi_pvalue":0.081,"significance":"cold_90","district":"TUMAKURU"}},{"type":"Feature","geometry":{"type":"Point","coordinates":[77.28235,14.03153]},"properties":{"cell_id":110150,"case_count":1,"gi_zscore":-0.3637,"gi_pvalue":0.081,"significance":"cold_90","district":"TUMAKURU"}},{"type":"Feature","geometry":{"type":"Point","coordinates":[77.05882,14.05856]},"properties":{"cell_id":111304,"case_count":1,"gi_zscore":-0.3637,"gi_pvalue":0.081,"significance":"cold_90","district":"TUMAKURU"}},{"type":"Feature","geometry":{"type":"Point","coordinates":[77.05882,14.07658]},"properties":{"cell_id":112086,"case_count":1,"gi_zscore":-0.3637,"gi_pvalue":0.081,"significance":"cold_90","district":"TUMAKURU"}},{"type":"Feature","geometry":{"type":"Point","coordinates":[77.2,14.07658]},"properties":{"cell_id":112098,"case_count":1,"gi_zscore":-0.3637,"gi_pvalue":0.081,"significance":"cold_90","district":"TUMAKURU"}},{"type":"Feature","geometry":{"type":"Point","coordinates":[77.03529,14.08559]},"properties":{"cell_id":112475,"case_count":1,"gi_zscore":-0.389,"gi_pvalue":0.081,"significance":"cold_90","district":"TUMAKURU"}},{"type":"Feature","geometry":{"type":"Point","coordinates":[77.28235,14.09459]},"properties":{"cell_id":112887,"case_count":2,"gi_zscore":-0.3637,"gi_pvalue":0.082,"significance":"cold_90","district":"TUMAKURU"}},{"type":"Feature","geometry":{"type":"Point","coordinates":[77.28235,14.1036]},"properties":{"cell_id":113278,"case_count":1,"gi_zscore":-0.3637,"gi_pvalue":0.154,"significance":"not_sig","district":"TUMAKURU"}},{"type":"Feature","geometry":{"type":"Point","coordinates":[77.14118,14.2027]},"properties":{"cell_id":117567,"case_count":1,"gi_zscore":-0.389,"gi_pvalue":0.079,"significance":"cold_90","district":"TUMAKURU"}},{"type":"Feature","geometry":{"type":"Point","coordinates":[77.04706,14.22973]},"properties":{"cell_id":118732,"case_count":1,"gi_zscore":-0.389,"gi_pvalue":0.079,"significance":"cold_90","district":"TUMAKURU"}},{"type":"Feature","geometry":{"type":"Point","coordinates":[77.27059,14.22973]},"properties":{"cell_id":118751,"case_count":1,"gi_zscore":-0.3637,"gi_pvalue":0.154,"significance":"not_sig","district":"TUMAKURU"}},{"type":"Feature","geometry":{"type":"Point","coordinates":[77.17647,14.27477]},"properties":{"cell_id":120698,"case_count":1,"gi_zscore":-0.389,"gi_pvalue":0.079,"significance":"cold_90","district":"TUMAKURU"}},{"type":"Feature","geometry":{"type":"Point","coordinates":[77.21176,14.27477]},"properties":{"cell_id":120701,"case_count":1,"gi_zscore":-0.3637,"gi_pvalue":0.154,"significance":"not_sig","district":"TUMAKURU"}},{"type":"Feature","geometry":{"type":"Point","coordinates":[77.17647,14.28378]},"properties":{"cell_id":121089,"case_count":1,"gi_zscore":-0.389,"gi_pvalue":0.079,"significance":"cold_90","district":"TUMAKURU"}},{"type":"Feature","geometry":{"type":"Point","coordinates":[77.27059,14.31982]},"properties":{"cell_id":122661,"case_count":1,"gi_zscore":-0.3637,"gi_pvalue":0.154,"significance":"not_sig","district":"TUMAKURU"}},{"type":"Feature","geometry":{"type":"Point","coordinates":[75.70588,15.31081]},"properties":{"cell_id":165538,"case_count":1,"gi_zscore":-0.3637,"gi_pvalue":0.079,"significance":"cold_90","district":"TUMAKURU"}},{"type":"Feature","geometry":{"type":"Point","coordinates":[75.70588,15.31982]},"properties":{"cell_id":165929,"case_count":1,"gi_zscore":-0.3637,"gi_pvalue":0.079,"significance":"cold_90","district":"TUMAKURU"}},{"type":"Feature","geometry":{"type":"Point","coordinates":[75.71765,15.31982]},"properties":{"cell_id":165930,"case_count":2,"gi_zscore":-0.3637,"gi_pvalue":0.001,"significance":"cold_99","district":"TUMAKURU"}},{"type":"Feature","geometry":{"type":"Point","coordinates":[77.6,12.97748]},"properties":{"cell_id":64430,"case_count":3,"gi_zscore":0.772,"gi_pvalue":0.022,"significance":"hot_95","district":"UDUPI"}},{"type":"Feature","geometry":{"type":"Point","coordinates":[77.61176,12.98649]},"properties":{"cell_id":64822,"case_count":6,"gi_zscore":0.772,"gi_pvalue":0.037,"significance":"hot_95","district":"UDUPI"}},{"type":"Feature","geometry":{"type":"Point","coordinates":[77.61176,12.9955]},"properties":{"cell_id":65213,"case_count":3,"gi_zscore":0.772,"gi_pvalue":0.021,"significance":"hot_95","district":"UDUPI"}},{"type":"Feature","geometry":{"type":"Point","coordinates":[77.62353,12.9955]},"properties":{"cell_id":65214,"case_count":5,"gi_zscore":0.772,"gi_pvalue":0.039,"significance":"hot_95","district":"UDUPI"}},{"type":"Feature","geometry":{"type":"Point","coordinates":[77.62353,13.0045]},"properties":{"cell_id":65605,"case_count":3,"gi_zscore":0.772,"gi_pvalue":0.023,"significance":"hot_95","district":"UDUPI"}},{"type":"Feature","geometry":{"type":"Point","coordinates":[77.63529,13.0045]},"properties":{"cell_id":65606,"case_count":2,"gi_zscore":0.6489,"gi_pvalue":0.026,"significance":"hot_95","district":"UDUPI"}},{"type":"Feature","geometry":{"type":"Point","coordinates":[77.63529,13.01351]},"properties":{"cell_id":65997,"case_count":3,"gi_zscore":0.6489,"gi_pvalue":0.036,"significance":"hot_95","district":"UDUPI"}},{"type":"Feature","geometry":{"type":"Point","coordinates":[77.64706,13.02252]},"properties":{"cell_id":66389,"case_count":4,"gi_zscore":0.6489,"gi_pvalue":0.061,"significance":"hot_90","district":"UDUPI"}},{"type":"Feature","geometry":{"type":"Point","coordinates":[77.64706,13.03153]},"properties":{"cell_id":66780,"case_count":2,"gi_zscore":0.6489,"gi_pvalue":0.035,"significance":"hot_95","district":"UDUPI"}},{"type":"Feature","geometry":{"type":"Point","coordinates":[77.65882,13.03153]},"properties":{"cell_id":66781,"case_count":1,"gi_zscore":0.8336,"gi_pvalue":0.011,"significance":"hot_95","district":"UDUPI"}},{"type":"Feature","geometry":{"type":"Point","coordinates":[77.65882,13.04054]},"properties":{"cell_id":67172,"case_count":4,"gi_zscore":0.9566,"gi_pvalue":0.013,"significance":"hot_95","district":"UDUPI"}},{"type":"Feature","geometry":{"type":"Point","coordinates":[77.67059,13.04054]},"properties":{"cell_id":67173,"case_count":4,"gi_zscore":1.0182,"gi_pvalue":0.009,"significance":"hot_99","district":"UDUPI"}},{"type":"Feature","geometry":{"type":"Point","coordinates":[77.67059,13.04955]},"properties":{"cell_id":67564,"case_count":6,"gi_zscore":1.0182,"gi_pvalue":0.016,"significance":"hot_95","district":"UDUPI"}},{"type":"Feature","geometry":{"type":"Point","coordinates":[77.68235,13.05856]},"properties":{"cell_id":67956,"case_count":6,"gi_zscore":1.3874,"gi_pvalue":0.002,"significance":"hot_99","district":"UDUPI"}},{"type":"Feature","geometry":{"type":"Point","coordinates":[77.68235,13.06757]},"properties":{"cell_id":68347,"case_count":4,"gi_zscore":1.3874,"gi_pvalue":0.002,"significance":"hot_99","district":"UDUPI"}},{"type":"Feature","geometry":{"type":"Point","coordinates":[77.69412,13.06757]},"properties":{"cell_id":68348,"case_count":4,"gi_zscore":1.2028,"gi_pvalue":0.003,"significance":"hot_99","district":"UDUPI"}},{"type":"Feature","geometry":{"type":"Point","coordinates":[77.69412,13.07658]},"properties":{"cell_id":68739,"case_count":7,"gi_zscore":0.8336,"gi_pvalue":0.057,"significance":"hot_90","district":"UDUPI"}},{"type":"Feature","geometry":{"type":"Point","coordinates":[77.70588,13.07658]},"properties":{"cell_id":68740,"case_count":2,"gi_zscore":0.8336,"gi_pvalue":0.013,"significance":"hot_95","district":"UDUPI"}},{"type":"Feature","geometry":{"type":"Point","coordinates":[77.70588,13.08559]},"properties":{"cell_id":69131,"case_count":4,"gi_zscore":1.0182,"gi_pvalue":0.009,"significance":"hot_99","district":"UDUPI"}},{"type":"Feature","geometry":{"type":"Point","coordinates":[77.71765,13.08559]},"properties":{"cell_id":69132,"case_count":1,"gi_zscore":0.8336,"gi_pvalue":0.01,"significance":"hot_99","district":"UDUPI"}},{"type":"Feature","geometry":{"type":"Point","coordinates":[77.71765,13.09459]},"properties":{"cell_id":69523,"case_count":3,"gi_zscore":0.7105,"gi_pvalue":0.036,"significance":"hot_95","district":"UDUPI"}},{"type":"Feature","geometry":{"type":"Point","coordinates":[77.71765,13.1036]},"properties":{"cell_id":69914,"case_count":1,"gi_zscore":0.772,"gi_pvalue":0.01,"significance":"hot_99","district":"UDUPI"}},{"type":"Feature","geometry":{"type":"Point","coordinates":[77.72941,13.1036]},"properties":{"cell_id":69915,"case_count":9,"gi_zscore":0.772,"gi_pvalue":0.094,"significance":"hot_90","district":"UDUPI"}},{"type":"Feature","geometry":{"type":"Point","coordinates":[74.89412,13.11261]},"properties":{"cell_id":70065,"case_count":1,"gi_zscore":-0.4587,"gi_pvalue":0.049,"significance":"cold_95","district":"UDUPI"}},{"type":"Feature","geometry":{"type":"Point","coordinates":[77.72941,13.11261]},"properties":{"cell_id":70306,"case_count":1,"gi_zscore":0.8336,"gi_pvalue":0.006,"significance":"hot_99","district":"UDUPI"}},{"type":"Feature","geometry":{"type":"Point","coordinates":[77.74118,13.11261]},"properties":{"cell_id":70307,"case_count":2,"gi_zscore":1.0797,"gi_pvalue":0.002,"significance":"hot_99","district":"UDUPI"}},{"type":"Feature","geometry":{"type":"Point","coordinates":[77.74118,13.12162]},"properties":{"cell_id":70698,"case_count":8,"gi_zscore":1.0797,"gi_pvalue":0.015,"significance":"hot_95","district":"UDUPI"}},{"type":"Feature","geometry":{"type":"Point","coordinates":[74.77647,13.13063]},"properties":{"cell_id":70837,"case_count":1,"gi_zscore":-0.5203,"gi_pvalue":0.05,"significance":"cold_95","district":"UDUPI"}},{"type":"Feature","geometry":{"type":"Point","coordinates":[77.75294,13.13063]},"properties":{"cell_id":71090,"case_count":3,"gi_zscore":1.2028,"gi_pvalue":0.001,"significance":"hot_99","district":"UDUPI"}},{"type":"Feature","geometry":{"type":"Point","coordinates":[74.76471,13.13964]},"properties":{"cell_id":71227,"case_count":2,"gi_zscore":-0.5203,"gi_pvalue":0.021,"significance":"cold_95","district":"UDUPI"}},{"type":"Feature","geometry":{"type":"Point","coordinates":[74.77647,13.13964]},"properties":{"cell_id":71228,"case_count":1,"gi_zscore":-0.5203,"gi_pvalue":0.048,"significance":"cold_95","district":"UDUPI"}},{"type":"Feature","geometry":{"type":"Point","coordinates":[77.75294,13.13964]},"properties":{"cell_id":71481,"case_count":1,"gi_zscore":1.0797,"gi_pvalue":0.001,"significance":"hot_99","district":"UDUPI"}},{"type":"Feature","geometry":{"type":"Point","coordinates":[77.76471,13.13964]},"properties":{"cell_id":71482,"case_count":8,"gi_zscore":1.1413,"gi_pvalue":0.006,"significance":"hot_99","district":"UDUPI"}},{"type":"Feature","geometry":{"type":"Point","coordinates":[77.76471,13.14865]},"properties":{"cell_id":71873,"case_count":4,"gi_zscore":1.1413,"gi_pvalue":0.001,"significance":"hot_99","district":"UDUPI"}},{"type":"Feature","geometry":{"type":"Point","coordinates":[77.77647,13.14865]},"properties":{"cell_id":71874,"case_count":2,"gi_zscore":1.1413,"gi_pvalue":0.001,"significance":"hot_99","district":"UDUPI"}},{"type":"Feature","geometry":{"type":"Point","coordinates":[74.75294,13.15766]},"properties":{"cell_id":72008,"case_count":1,"gi_zscore":-0.5203,"gi_pvalue":0.045,"significance":"cold_95","district":"UDUPI"}},{"type":"Feature","geometry":{"type":"Point","coordinates":[77.77647,13.15766]},"properties":{"cell_id":72265,"case_count":7,"gi_zscore":1.1413,"gi_pvalue":0.003,"significance":"hot_99","district":"UDUPI"}},{"type":"Feature","geometry":{"type":"Point","coordinates":[77.78824,13.15766]},"properties":{"cell_id":72266,"case_count":2,"gi_zscore":1.1413,"gi_pvalue":0.001,"significance":"hot_99","district":"UDUPI"}},{"type":"Feature","geometry":{"type":"Point","coordinates":[77.78824,13.16667]},"properties":{"cell_id":72657,"case_count":2,"gi_zscore":1.1413,"gi_pvalue":0.001,"significance":"hot_99","district":"UDUPI"}},{"type":"Feature","geometry":{"type":"Point","coordinates":[74.75294,13.19369]},"properties":{"cell_id":73572,"case_count":1,"gi_zscore":-0.5203,"gi_pvalue":0.047,"significance":"cold_95","district":"UDUPI"}},{"type":"Feature","geometry":{"type":"Point","coordinates":[75.07059,13.2027]},"properties":{"cell_id":73990,"case_count":1,"gi_zscore":-0.5203,"gi_pvalue":0.047,"significance":"cold_95","district":"UDUPI"}},{"type":"Feature","geometry":{"type":"Point","coordinates":[74.07059,13.21171]},"properties":{"cell_id":74296,"case_count":1,"gi_zscore":-0.5818,"gi_pvalue":0.019,"significance":"cold_95","district":"UDUPI"}},{"type":"Feature","geometry":{"type":"Point","coordinates":[74.75294,13.21171]},"properties":{"cell_id":74354,"case_count":1,"gi_zscore":-0.5203,"gi_pvalue":0.047,"significance":"cold_95","district":"UDUPI"}},{"type":"Feature","geometry":{"type":"Point","coordinates":[74.83529,13.21171]},"properties":{"cell_id":74361,"case_count":2,"gi_zscore":-0.5203,"gi_pvalue":0.001,"significance":"cold_99","district":"UDUPI"}},{"type":"Feature","geometry":{"type":"Point","coordinates":[74.47059,13.22072]},"properties":{"cell_id":74721,"case_count":1,"gi_zscore":-0.5818,"gi_pvalue":0.017,"significance":"cold_95","district":"UDUPI"}},{"type":"Feature","geometry":{"type":"Point","coordinates":[74.76471,13.22072]},"properties":{"cell_id":74746,"case_count":1,"gi_zscore":-0.4587,"gi_pvalue":0.05,"significance":"cold_95","district":"UDUPI"}},{"type":"Feature","geometry":{"type":"Point","coordinates":[74.8,13.22072]},"properties":{"cell_id":74749,"case_count":1,"gi_zscore":-0.5203,"gi_pvalue":0.017,"significance":"cold_95","district":"UDUPI"}},{"type":"Feature","geometry":{"type":"Point","coordinates":[74.76471,13.22973]},"properties":{"cell_id":75137,"case_count":1,"gi_zscore":-0.5203,"gi_pvalue":0.05,"significance":"cold_95","district":"UDUPI"}},{"type":"Feature","geometry":{"type":"Point","coordinates":[74.97647,13.23874]},"properties":{"cell_id":75546,"case_count":1,"gi_zscore":-0.5203,"gi_pvalue":0.05,"significance":"cold_95","district":"UDUPI"}},{"type":"Feature","geometry":{"type":"Point","coordinates":[75.07059,13.25676]},"properties":{"cell_id":76336,"case_count":1,"gi_zscore":-0.5203,"gi_pvalue":0.05,"significance":"cold_95","district":"UDUPI"}},{"type":"Feature","geometry":{"type":"Point","coordinates":[74.8,13.27477]},"properties":{"cell_id":77095,"case_count":1,"gi_zscore":-0.3972,"gi_pvalue":0.115,"significance":"not_sig","district":"UDUPI"}},{"type":"Feature","geometry":{"type":"Point","coordinates":[74.74118,13.31081]},"properties":{"cell_id":78654,"case_count":1,"gi_zscore":-0.5203,"gi_pvalue":0.05,"significance":"cold_95","district":"UDUPI"}},{"type":"Feature","geometry":{"type":"Point","coordinates":[74.72941,13.32883]},"properties":{"cell_id":79435,"case_count":1,"gi_zscore":-0.5203,"gi_pvalue":0.05,"significance":"cold_95","district":"UDUPI"}},{"type":"Feature","geometry":{"type":"Point","coordinates":[74.75294,13.32883]},"properties":{"cell_id":79437,"case_count":2,"gi_zscore":-0.4587,"gi_pvalue":0.018,"significance":"cold_95","district":"UDUPI"}},{"type":"Feature","geometry":{"type":"Point","coordinates":[75.0,13.32883]},"properties":{"cell_id":79458,"case_count":1,"gi_zscore":-0.5203,"gi_pvalue":0.048,"significance":"cold_95","district":"UDUPI"}},{"type":"Feature","geometry":{"type":"Point","coordinates":[74.74118,13.33784]},"properties":{"cell_id":79827,"case_count":1,"gi_zscore":-0.5203,"gi_pvalue":0.048,"significance":"cold_95","district":"UDUPI"}},{"type":"Feature","geometry":{"type":"Point","coordinates":[74.76471,13.33784]},"properties":{"cell_id":79829,"case_count":1,"gi_zscore":-0.3972,"gi_pvalue":0.109,"significance":"not_sig","district":"UDUPI"}},{"type":"Feature","geometry":{"type":"Point","coordinates":[74.70588,13.34685]},"properties":{"cell_id":80215,"case_count":1,"gi_zscore":-0.5203,"gi_pvalue":0.048,"significance":"cold_95","district":"UDUPI"}},{"type":"Feature","geometry":{"type":"Point","coordinates":[74.72941,13.34685]},"properties":{"cell_id":80217,"case_count":1,"gi_zscore":-0.4587,"gi_pvalue":0.048,"significance":"cold_95","district":"UDUPI"}},{"type":"Feature","geometry":{"type":"Point","coordinates":[74.74118,13.34685]},"properties":{"cell_id":80218,"case_count":1,"gi_zscore":-0.4587,"gi_pvalue":0.048,"significance":"cold_95","district":"UDUPI"}},{"type":"Feature","geometry":{"type":"Point","coordinates":[74.76471,13.34685]},"properties":{"cell_id":80220,"case_count":1,"gi_zscore":-0.3357,"gi_pvalue":0.214,"significance":"not_sig","district":"UDUPI"}},{"type":"Feature","geometry":{"type":"Point","coordinates":[74.78824,13.34685]},"properties":{"cell_id":80222,"case_count":2,"gi_zscore":-0.3357,"gi_pvalue":0.113,"significance":"not_sig","district":"UDUPI"}},{"type":"Feature","geometry":{"type":"Point","coordinates":[74.82353,13.34685]},"properties":{"cell_id":80225,"case_count":1,"gi_zscore":-0.3357,"gi_pvalue":0.166,"significance":"not_sig","district":"UDUPI"}},{"type":"Feature","geometry":{"type":"Point","coordinates":[74.78824,13.35586]},"properties":{"cell_id":80613,"case_count":2,"gi_zscore":-0.3357,"gi_pvalue":0.113,"significance":"not_sig","district":"UDUPI"}},{"type":"Feature","geometry":{"type":"Point","coordinates":[74.70588,13.36486]},"properties":{"cell_id":80997,"case_count":1,"gi_zscore":-0.4587,"gi_pvalue":0.05,"significance":"cold_95","district":"UDUPI"}},{"type":"Feature","geometry":{"type":"Point","coordinates":[74.77647,13.36486]},"properties":{"cell_id":81003,"case_count":1,"gi_zscore":-0.3357,"gi_pvalue":0.216,"significance":"not_sig","district":"UDUPI"}},{"type":"Feature","geometry":{"type":"Point","coordinates":[74.75294,13.37387]},"properties":{"cell_id":81392,"case_count":2,"gi_zscore":-0.4587,"gi_pvalue":0.018,"significance":"cold_95","district":"UDUPI"}},{"type":"Feature","geometry":{"type":"Point","coordinates":[74.74118,13.38288]},"properties":{"cell_id":81782,"case_count":1,"gi_zscore":-0.5203,"gi_pvalue":0.017,"significance":"cold_95","district":"UDUPI"}},{"type":"Feature","geometry":{"type":"Point","coordinates":[74.84706,13.39189]},"properties":{"cell_id":82182,"case_count":1,"gi_zscore":-0.3972,"gi_pvalue":0.093,"significance":"cold_90","district":"UDUPI"}},{"type":"Feature","geometry":{"type":"Point","coordinates":[74.55294,13.40991]},"properties":{"cell_id":82939,"case_count":1,"gi_zscore":-0.5203,"gi_pvalue":0.017,"significance":"cold_95","district":"UDUPI"}},{"type":"Feature","geometry":{"type":"Point","coordinates":[74.76471,13.42793]},"properties":{"cell_id":83739,"case_count":1,"gi_zscore":-0.3972,"gi_pvalue":0.106,"significance":"not_sig","district":"UDUPI"}},{"type":"Feature","geometry":{"type":"Point","coordinates":[74.87059,13.42793]},"properties":{"cell_id":83748,"case_count":1,"gi_zscore":-0.4587,"gi_pvalue":0.093,"significance":"cold_90","district":"UDUPI"}},{"type":"Feature","geometry":{"type":"Point","coordinates":[74.71765,13.47297]},"properties":{"cell_id":85690,"case_count":1,"gi_zscore":-0.3972,"gi_pvalue":0.106,"significance":"not_sig","district":"UDUPI"}},{"type":"Feature","geometry":{"type":"Point","coordinates":[74.75294,13.47297]},"properties":{"cell_id":85693,"case_count":1,"gi_zscore":-0.3972,"gi_pvalue":0.106,"significance":"not_sig","district":"UDUPI"}},{"type":"Feature","geometry":{"type":"Point","coordinates":[74.94118,13.49099]},"properties":{"cell_id":86491,"case_count":1,"gi_zscore":-0.5203,"gi_pvalue":0.017,"significance":"cold_95","district":"UDUPI"}},{"type":"Feature","geometry":{"type":"Point","coordinates":[74.88235,13.50901]},"properties":{"cell_id":87268,"case_count":1,"gi_zscore":-0.5203,"gi_pvalue":0.017,"significance":"cold_95","district":"UDUPI"}},{"type":"Feature","geometry":{"type":"Point","coordinates":[74.70588,13.53604]},"properties":{"cell_id":88426,"case_count":2,"gi_zscore":-0.3357,"gi_pvalue":0.113,"significance":"not_sig","district":"UDUPI"}},{"type":"Feature","geometry":{"type":"Point","coordinates":[74.71765,13.53604]},"properties":{"cell_id":88427,"case_count":2,"gi_zscore":-0.3357,"gi_pvalue":0.113,"significance":"not_sig","district":"UDUPI"}},{"type":"Feature","geometry":{"type":"Point","coordinates":[74.72941,13.54505]},"properties":{"cell_id":88819,"case_count":1,"gi_zscore":-0.3357,"gi_pvalue":0.161,"significance":"not_sig","district":"UDUPI"}},{"type":"Feature","geometry":{"type":"Point","coordinates":[75.45882,13.56306]},"properties":{"cell_id":89663,"case_count":1,"gi_zscore":-0.5203,"gi_pvalue":0.019,"significance":"cold_95","district":"UDUPI"}},{"type":"Feature","geometry":{"type":"Point","coordinates":[74.88235,13.57207]},"properties":{"cell_id":90005,"case_count":1,"gi_zscore":-0.5203,"gi_pvalue":0.019,"significance":"cold_95","district":"UDUPI"}},{"type":"Feature","geometry":{"type":"Point","coordinates":[74.67059,13.60811]},"properties":{"cell_id":91551,"case_count":1,"gi_zscore":-0.3972,"gi_pvalue":0.105,"significance":"not_sig","district":"UDUPI"}},{"type":"Feature","geometry":{"type":"Point","coordinates":[74.91765,13.60811]},"properties":{"cell_id":91572,"case_count":2,"gi_zscore":-0.5203,"gi_pvalue":0.001,"significance":"cold_99","district":"UDUPI"}},{"type":"Feature","geometry":{"type":"Point","coordinates":[74.67059,13.61712]},"properties":{"cell_id":91942,"case_count":1,"gi_zscore":-0.3972,"gi_pvalue":0.11,"significance":"not_sig","district":"UDUPI"}},{"type":"Feature","geometry":{"type":"Point","coordinates":[74.92941,13.61712]},"properties":{"cell_id":91964,"case_count":1,"gi_zscore":-0.5203,"gi_pvalue":0.018,"significance":"cold_95","district":"UDUPI"}},{"type":"Feature","geometry":{"type":"Point","coordinates":[74.69412,13.62613]},"properties":{"cell_id":92335,"case_count":3,"gi_zscore":-0.4587,"gi_pvalue":0.019,"significance":"cold_95","district":"UDUPI"}},{"type":"Feature","geometry":{"type":"Point","coordinates":[74.75294,13.62613]},"properties":{"cell_id":92340,"case_count":1,"gi_zscore":-0.3972,"gi_pvalue":0.112,"significance":"not_sig","district":"UDUPI"}},{"type":"Feature","geometry":{"type":"Point","coordinates":[74.68235,13.63514]},"properties":{"cell_id":92725,"case_count":1,"gi_zscore":-0.4587,"gi_pvalue":0.041,"significance":"cold_95","district":"UDUPI"}},{"type":"Feature","geometry":{"type":"Point","coordinates":[74.72941,13.65315]},"properties":{"cell_id":93511,"case_count":1,"gi_zscore":-0.4587,"gi_pvalue":0.041,"significance":"cold_95","district":"UDUPI"}},{"type":"Feature","geometry":{"type":"Point","coordinates":[74.64706,13.67117]},"properties":{"cell_id":94286,"case_count":1,"gi_zscore":-0.4587,"gi_pvalue":0.099,"significance":"cold_90","district":"UDUPI"}},{"type":"Feature","geometry":{"type":"Point","coordinates":[74.68235,13.68018]},"properties":{"cell_id":94680,"case_count":1,"gi_zscore":-0.4587,"gi_pvalue":0.099,"significance":"cold_90","district":"UDUPI"}},{"type":"Feature","geometry":{"type":"Point","coordinates":[74.63529,13.80631]},"properties":{"cell_id":100150,"case_count":1,"gi_zscore":-0.5818,"gi_pvalue":0.018,"significance":"cold_95","district":"UDUPI"}},{"type":"Feature","geometry":{"type":"Point","coordinates":[74.62353,13.83333]},"properties":{"cell_id":101322,"case_count":1,"gi_zscore":-0.5818,"gi_pvalue":0.018,"significance":"cold_95","district":"UDUPI"}},{"type":"Feature","geometry":{"type":"Point","coordinates":[74.63529,13.84234]},"properties":{"cell_id":101714,"case_count":1,"gi_zscore":-0.5818,"gi_pvalue":0.018,"significance":"cold_95","district":"UDUPI"}},{"type":"Feature","geometry":{"type":"Point","coordinates":[74.62353,13.86937]},"properties":{"cell_id":102886,"case_count":1,"gi_zscore":-0.5818,"gi_pvalue":0.018,"significance":"cold_95","district":"UDUPI"}},{"type":"Feature","geometry":{"type":"Point","coordinates":[74.6,13.87838]},"properties":{"cell_id":103275,"case_count":1,"gi_zscore":-0.5818,"gi_pvalue":0.018,"significance":"cold_95","district":"UDUPI"}},{"type":"Feature","geometry":{"type":"Point","coordinates":[74.61176,13.90541]},"properties":{"cell_id":104449,"case_count":1,"gi_zscore":-0.5818,"gi_pvalue":0.018,"significance":"cold_95","district":"UDUPI"}},{"type":"Feature","geometry":{"type":"Point","coordinates":[74.6,13.91441]},"properties":{"cell_id":104839,"case_count":1,"gi_zscore":-0.5818,"gi_pvalue":0.018,"significance":"cold_95","district":"UDUPI"}},{"type":"Feature","geometry":{"type":"Point","coordinates":[74.74118,15.52703]},"properties":{"cell_id":174840,"case_count":1,"gi_zscore":-0.5818,"gi_pvalue":0.018,"significance":"cold_95","district":"UDUPI"}},{"type":"Feature","geometry":{"type":"Point","coordinates":[77.6,12.96847]},"properties":{"cell_id":64039,"case_count":3,"gi_zscore":1.1977,"gi_pvalue":0.002,"significance":"hot_99","district":"UTTARA KANNADA"}},{"type":"Feature","geometry":{"type":"Point","coordinates":[77.6,12.97748]},"properties":{"cell_id":64430,"case_count":6,"gi_zscore":1.1977,"gi_pvalue":0.003,"significance":"hot_99","district":"UTTARA KANNADA"}},{"type":"Feature","geometry":{"type":"Point","coordinates":[77.61176,12.98649]},"properties":{"cell_id":64822,"case_count":11,"gi_zscore":1.1977,"gi_pvalue":0.009,"significance":"hot_99","district":"UTTARA KANNADA"}},{"type":"Feature","geometry":{"type":"Point","coordinates":[77.61176,12.9955]},"properties":{"cell_id":65213,"case_count":6,"gi_zscore":1.1977,"gi_pvalue":0.003,"significance":"hot_99","district":"UTTARA KANNADA"}},{"type":"Feature","geometry":{"type":"Point","coordinates":[77.62353,12.9955]},"properties":{"cell_id":65214,"case_count":1,"gi_zscore":1.1977,"gi_pvalue":0.001,"significance":"hot_99","district":"UTTARA KANNADA"}},{"type":"Feature","geometry":{"type":"Point","coordinates":[77.62353,13.0045]},"properties":{"cell_id":65605,"case_count":4,"gi_zscore":1.1977,"gi_pvalue":0.001,"significance":"hot_99","district":"UTTARA KANNADA"}},{"type":"Feature","geometry":{"type":"Point","coordinates":[77.63529,13.01351]},"properties":{"cell_id":65997,"case_count":12,"gi_zscore":1.158,"gi_pvalue":0.005,"significance":"hot_99","district":"UTTARA KANNADA"}},{"type":"Feature","geometry":{"type":"Point","coordinates":[77.64706,13.02252]},"properties":{"cell_id":66389,"case_count":8,"gi_zscore":0.6812,"gi_pvalue":0.08,"significance":"hot_90","district":"UTTARA KANNADA"}},{"type":"Feature","geometry":{"type":"Point","coordinates":[77.64706,13.03153]},"properties":{"cell_id":66780,"case_count":2,"gi_zscore":0.6812,"gi_pvalue":0.022,"significance":"hot_95","district":"UTTARA KANNADA"}},{"type":"Feature","geometry":{"type":"Point","coordinates":[77.65882,13.03153]},"properties":{"cell_id":66781,"case_count":3,"gi_zscore":0.9593,"gi_pvalue":0.005,"significance":"hot_99","district":"UTTARA KANNADA"}},{"type":"Feature","geometry":{"type":"Point","coordinates":[77.65882,13.04054]},"properties":{"cell_id":67172,"case_count":5,"gi_zscore":0.8401,"gi_pvalue":0.016,"significance":"hot_95","district":"UTTARA KANNADA"}},{"type":"Feature","geometry":{"type":"Point","coordinates":[77.67059,13.04054]},"properties":{"cell_id":67173,"case_count":3,"gi_zscore":0.4428,"gi_pvalue":0.092,"significance":"hot_90","district":"UTTARA KANNADA"}},{"type":"Feature","geometry":{"type":"Point","coordinates":[77.67059,13.04955]},"properties":{"cell_id":67564,"case_count":2,"gi_zscore":0.4428,"gi_pvalue":0.069,"significance":"hot_90","district":"UTTARA KANNADA"}},{"type":"Feature","geometry":{"type":"Point","coordinates":[77.68235,13.05856]},"properties":{"cell_id":67956,"case_count":8,"gi_zscore":0.6415,"gi_pvalue":0.089,"significance":"hot_90","district":"UTTARA KANNADA"}},{"type":"Feature","geometry":{"type":"Point","coordinates":[77.69412,13.06757]},"properties":{"cell_id":68348,"case_count":1,"gi_zscore":0.8401,"gi_pvalue":0.005,"significance":"hot_99","district":"UTTARA KANNADA"}},{"type":"Feature","geometry":{"type":"Point","coordinates":[77.69412,13.07658]},"properties":{"cell_id":68739,"case_count":2,"gi_zscore":0.8401,"gi_pvalue":0.011,"significance":"hot_95","district":"UTTARA KANNADA"}},{"type":"Feature","geometry":{"type":"Point","coordinates":[77.70588,13.07658]},"properties":{"cell_id":68740,"case_count":3,"gi_zscore":0.9196,"gi_pvalue":0.008,"significance":"hot_99","district":"UTTARA KANNADA"}},{"type":"Feature","geometry":{"type":"Point","coordinates":[77.70588,13.08559]},"properties":{"cell_id":69131,"case_count":12,"gi_zscore":0.8004,"gi_pvalue":0.07,"significance":"hot_90","district":"UTTARA KANNADA"}},{"type":"Feature","geometry":{"type":"Point","coordinates":[77.71765,13.08559]},"properties":{"cell_id":69132,"case_count":4,"gi_zscore":0.8004,"gi_pvalue":0.018,"significance":"hot_95","district":"UTTARA KANNADA"}},{"type":"Feature","geometry":{"type":"Point","coordinates":[77.71765,13.09459]},"properties":{"cell_id":69523,"case_count":9,"gi_zscore":0.8799,"gi_pvalue":0.027,"significance":"hot_95","district":"UTTARA KANNADA"}},{"type":"Feature","geometry":{"type":"Point","coordinates":[77.71765,13.1036]},"properties":{"cell_id":69914,"case_count":3,"gi_zscore":1.1182,"gi_pvalue":0.002,"significance":"hot_99","district":"UTTARA KANNADA"}},{"type":"Feature","geometry":{"type":"Point","coordinates":[77.72941,13.1036]},"properties":{"cell_id":69915,"case_count":4,"gi_zscore":1.0785,"gi_pvalue":0.002,"significance":"hot_99","district":"UTTARA KANNADA"}},{"type":"Feature","geometry":{"type":"Point","coordinates":[77.72941,13.11261]},"properties":{"cell_id":70306,"case_count":5,"gi_zscore":0.8401,"gi_pvalue":0.013,"significance":"hot_95","district":"UTTARA KANNADA"}},{"type":"Feature","geometry":{"type":"Point","coordinates":[77.74118,13.11261]},"properties":{"cell_id":70307,"case_count":3,"gi_zscore":0.8401,"gi_pvalue":0.006,"significance":"hot_99","district":"UTTARA KANNADA"}},{"type":"Feature","geometry":{"type":"Point","coordinates":[77.74118,13.12162]},"properties":{"cell_id":70698,"case_count":8,"gi_zscore":0.562,"gi_pvalue":0.118,"significance":"not_sig","district":"UTTARA KANNADA"}},{"type":"Feature","geometry":{"type":"Point","coordinates":[77.75294,13.12162]},"properties":{"cell_id":70699,"case_count":2,"gi_zscore":0.7209,"gi_pvalue":0.019,"significance":"hot_95","district":"UTTARA KANNADA"}},{"type":"Feature","geometry":{"type":"Point","coordinates":[77.75294,13.13063]},"properties":{"cell_id":71090,"case_count":6,"gi_zscore":0.8004,"gi_pvalue":0.029,"significance":"hot_95","district":"UTTARA KANNADA"}},{"type":"Feature","geometry":{"type":"Point","coordinates":[77.76471,13.13964]},"properties":{"cell_id":71482,"case_count":3,"gi_zscore":1.0785,"gi_pvalue":0.001,"significance":"hot_99","district":"UTTARA KANNADA"}},{"type":"Feature","geometry":{"type":"Point","coordinates":[77.76471,13.14865]},"properties":{"cell_id":71873,"case_count":3,"gi_zscore":1.0785,"gi_pvalue":0.001,"significance":"hot_99","district":"UTTARA KANNADA"}},{"type":"Feature","geometry":{"type":"Point","coordinates":[77.77647,13.14865]},"properties":{"cell_id":71874,"case_count":7,"gi_zscore":0.999,"gi_pvalue":0.011,"significance":"hot_95","district":"UTTARA KANNADA"}},{"type":"Feature","geometry":{"type":"Point","coordinates":[77.77647,13.15766]},"properties":{"cell_id":72265,"case_count":6,"gi_zscore":0.999,"gi_pvalue":0.009,"significance":"hot_99","district":"UTTARA KANNADA"}},{"type":"Feature","geometry":{"type":"Point","coordinates":[77.78824,13.16667]},"properties":{"cell_id":72657,"case_count":12,"gi_zscore":0.999,"gi_pvalue":0.024,"significance":"hot_95","district":"UTTARA KANNADA"}},{"type":"Feature","geometry":{"type":"Point","coordinates":[77.8,13.17568]},"properties":{"cell_id":73049,"case_count":1,"gi_zscore":0.999,"gi_pvalue":0.001,"significance":"hot_99","district":"UTTARA KANNADA"}},{"type":"Feature","geometry":{"type":"Point","coordinates":[74.32941,13.58108]},"properties":{"cell_id":90349,"case_count":1,"gi_zscore":-0.5107,"gi_pvalue":0.021,"significance":"cold_95","district":"UTTARA KANNADA"}},{"type":"Feature","geometry":{"type":"Point","coordinates":[74.6,13.94144]},"properties":{"cell_id":106012,"case_count":1,"gi_zscore":-0.5107,"gi_pvalue":0.021,"significance":"cold_95","district":"UTTARA KANNADA"}},{"type":"Feature","geometry":{"type":"Point","coordinates":[74.58824,13.95946]},"properties":{"cell_id":106793,"case_count":1,"gi_zscore":-0.5107,"gi_pvalue":0.021,"significance":"cold_95","district":"UTTARA KANNADA"}},{"type":"Feature","geometry":{"type":"Point","coordinates":[74.54118,13.9955]},"properties":{"cell_id":108353,"case_count":1,"gi_zscore":-0.5107,"gi_pvalue":0.021,"significance":"cold_95","district":"UTTARA KANNADA"}},{"type":"Feature","geometry":{"type":"Point","coordinates":[74.55294,13.9955]},"properties":{"cell_id":108354,"case_count":1,"gi_zscore":-0.5107,"gi_pvalue":0.021,"significance":"cold_95","district":"UTTARA KANNADA"}},{"type":"Feature","geometry":{"type":"Point","coordinates":[74.51765,14.01351]},"properties":{"cell_id":109133,"case_count":2,"gi_zscore":-0.5107,"gi_pvalue":0.023,"significance":"cold_95","district":"UTTARA KANNADA"}},{"type":"Feature","geometry":{"type":"Point","coordinates":[74.52941,14.03153]},"properties":{"cell_id":109916,"case_count":1,"gi_zscore":-0.5107,"gi_pvalue":0.036,"significance":"cold_95","district":"UTTARA KANNADA"}},{"type":"Feature","geometry":{"type":"Point","coordinates":[74.51765,14.04955]},"properties":{"cell_id":110697,"case_count":1,"gi_zscore":-0.5107,"gi_pvalue":0.036,"significance":"cold_95","district":"UTTARA KANNADA"}},{"type":"Feature","geometry":{"type":"Point","coordinates":[74.48235,14.1036]},"properties":{"cell_id":113040,"case_count":1,"gi_zscore":-0.5107,"gi_pvalue":0.036,"significance":"cold_95","district":"UTTARA KANNADA"}},{"type":"Feature","geometry":{"type":"Point","coordinates":[74.49412,14.1036]},"properties":{"cell_id":113041,"case_count":1,"gi_zscore":-0.5107,"gi_pvalue":0.036,"significance":"cold_95","district":"UTTARA KANNADA"}},{"type":"Feature","geometry":{"type":"Point","coordinates":[74.50588,14.12162]},"properties":{"cell_id":113824,"case_count":1,"gi_zscore":-0.5107,"gi_pvalue":0.036,"significance":"cold_95","district":"UTTARA KANNADA"}},{"type":"Feature","geometry":{"type":"Point","coordinates":[74.54118,14.17568]},"properties":{"cell_id":116173,"case_count":1,"gi_zscore":-0.5504,"gi_pvalue":0.019,"significance":"cold_95","district":"UTTARA KANNADA"}},{"type":"Feature","geometry":{"type":"Point","coordinates":[74.52941,14.22072]},"properties":{"cell_id":118127,"case_count":1,"gi_zscore":-0.5504,"gi_pvalue":0.019,"significance":"cold_95","district":"UTTARA KANNADA"}},{"type":"Feature","geometry":{"type":"Point","coordinates":[74.62353,14.23874]},"properties":{"cell_id":118917,"case_count":1,"gi_zscore":-0.5504,"gi_pvalue":0.019,"significance":"cold_95","district":"UTTARA KANNADA"}},{"type":"Feature","geometry":{"type":"Point","coordinates":[74.43529,14.26577]},"properties":{"cell_id":120074,"case_count":1,"gi_zscore":-0.5504,"gi_pvalue":0.019,"significance":"cold_95","district":"UTTARA KANNADA"}},{"type":"Feature","geometry":{"type":"Point","coordinates":[74.45882,14.28378]},"properties":{"cell_id":120858,"case_count":1,"gi_zscore":-0.5504,"gi_pvalue":0.019,"significance":"cold_95","district":"UTTARA KANNADA"}},{"type":"Feature","geometry":{"type":"Point","coordinates":[74.50588,14.28378]},"properties":{"cell_id":120862,"case_count":1,"gi_zscore":-0.5504,"gi_pvalue":0.019,"significance":"cold_95","district":"UTTARA KANNADA"}},{"type":"Feature","geometry":{"type":"Point","coordinates":[74.51765,14.29279]},"properties":{"cell_id":121254,"case_count":1,"gi_zscore":-0.5504,"gi_pvalue":0.019,"significance":"cold_95","district":"UTTARA KANNADA"}},{"type":"Feature","geometry":{"type":"Point","coordinates":[74.91765,14.31982]},"properties":{"cell_id":122461,"case_count":1,"gi_zscore":-0.5107,"gi_pvalue":0.019,"significance":"cold_95","district":"UTTARA KANNADA"}},{"type":"Feature","geometry":{"type":"Point","coordinates":[74.70588,14.33784]},"properties":{"cell_id":123225,"case_count":1,"gi_zscore":-0.5504,"gi_pvalue":0.019,"significance":"cold_95","district":"UTTARA KANNADA"}},{"type":"Feature","geometry":{"type":"Point","coordinates":[74.68235,14.37387]},"properties":{"cell_id":124787,"case_count":1,"gi_zscore":-0.5504,"gi_pvalue":0.019,"significance":"cold_95","district":"UTTARA KANNADA"}},{"type":"Feature","geometry":{"type":"Point","coordinates":[74.94118,14.39189]},"properties":{"cell_id":125591,"case_count":1,"gi_zscore":-0.5107,"gi_pvalue":0.019,"significance":"cold_95","district":"UTTARA KANNADA"}},{"type":"Feature","geometry":{"type":"Point","coordinates":[74.42353,14.4009]},"properties":{"cell_id":125938,"case_count":1,"gi_zscore":-0.5504,"gi_pvalue":0.019,"significance":"cold_95","district":"UTTARA KANNADA"}},{"type":"Feature","geometry":{"type":"Point","coordinates":[74.42353,14.42793]},"properties":{"cell_id":127111,"case_count":1,"gi_zscore":-0.5504,"gi_pvalue":0.019,"significance":"cold_95","district":"UTTARA KANNADA"}},{"type":"Feature","geometry":{"type":"Point","coordinates":[74.49412,14.42793]},"properties":{"cell_id":127117,"case_count":1,"gi_zscore":-0.5504,"gi_pvalue":0.019,"significance":"cold_95","district":"UTTARA KANNADA"}},{"type":"Feature","geometry":{"type":"Point","coordinates":[74.64706,14.52703]},"properties":{"cell_id":131431,"case_count":1,"gi_zscore":-0.5107,"gi_pvalue":0.019,"significance":"cold_95","district":"UTTARA KANNADA"}},{"type":"Feature","geometry":{"type":"Point","coordinates":[74.97647,14.58108]},"properties":{"cell_id":133805,"case_count":1,"gi_zscore":-0.5107,"gi_pvalue":0.019,"significance":"cold_95","district":"UTTARA KANNADA"}},{"type":"Feature","geometry":{"type":"Point","coordinates":[74.83529,14.61712]},"properties":{"cell_id":135357,"case_count":1,"gi_zscore":-0.5107,"gi_pvalue":0.019,"significance":"cold_95","district":"UTTARA KANNADA"}},{"type":"Feature","geometry":{"type":"Point","coordinates":[74.84706,14.61712]},"properties":{"cell_id":135358,"case_count":2,"gi_zscore":-0.5107,"gi_pvalue":0.001,"significance":"cold_99","district":"UTTARA KANNADA"}},{"type":"Feature","geometry":{"type":"Point","coordinates":[74.30588,14.66216]},"properties":{"cell_id":137267,"case_count":1,"gi_zscore":-0.5504,"gi_pvalue":0.017,"significance":"cold_95","district":"UTTARA KANNADA"}},{"type":"Feature","geometry":{"type":"Point","coordinates":[74.30588,14.67117]},"properties":{"cell_id":137658,"case_count":1,"gi_zscore":-0.5504,"gi_pvalue":0.017,"significance":"cold_95","district":"UTTARA KANNADA"}},{"type":"Feature","geometry":{"type":"Point","coordinates":[74.31765,14.67117]},"properties":{"cell_id":137659,"case_count":1,"gi_zscore":-0.5504,"gi_pvalue":0.017,"significance":"cold_95","district":"UTTARA KANNADA"}},{"type":"Feature","geometry":{"type":"Point","coordinates":[75.01176,14.70721]},"properties":{"cell_id":139282,"case_count":1,"gi_zscore":-0.5107,"gi_pvalue":0.035,"significance":"cold_95","district":"UTTARA KANNADA"}},{"type":"Feature","geometry":{"type":"Point","coordinates":[74.28235,14.72523]},"properties":{"cell_id":140002,"case_count":1,"gi_zscore":-0.5504,"gi_pvalue":0.017,"significance":"cold_95","district":"UTTARA KANNADA"}},{"type":"Feature","geometry":{"type":"Point","coordinates":[74.16471,14.76126]},"properties":{"cell_id":141556,"case_count":1,"gi_zscore":-0.5504,"gi_pvalue":0.017,"significance":"cold_95","district":"UTTARA KANNADA"}},{"type":"Feature","geometry":{"type":"Point","coordinates":[74.12941,14.78829]},"properties":{"cell_id":142726,"case_count":1,"gi_zscore":-0.5504,"gi_pvalue":0.017,"significance":"cold_95","district":"UTTARA KANNADA"}},{"type":"Feature","geometry":{"type":"Point","coordinates":[75.0,14.7973]},"properties":{"cell_id":143191,"case_count":1,"gi_zscore":-0.5504,"gi_pvalue":0.017,"significance":"cold_95","district":"UTTARA KANNADA"}},{"type":"Feature","geometry":{"type":"Point","coordinates":[75.03529,14.7973]},"properties":{"cell_id":143194,"case_count":1,"gi_zscore":-0.5504,"gi_pvalue":0.017,"significance":"cold_95","district":"UTTARA KANNADA"}},{"type":"Feature","geometry":{"type":"Point","coordinates":[74.12941,14.81532]},"properties":{"cell_id":143899,"case_count":1,"gi_zscore":-0.5504,"gi_pvalue":0.017,"significance":"cold_95","district":"UTTARA KANNADA"}},{"type":"Feature","geometry":{"type":"Point","coordinates":[74.11765,14.87838]},"properties":{"cell_id":146635,"case_count":1,"gi_zscore":-0.5504,"gi_pvalue":0.017,"significance":"cold_95","district":"UTTARA KANNADA"}},{"type":"Feature","geometry":{"type":"Point","coordinates":[74.32941,14.90541]},"properties":{"cell_id":147826,"case_count":1,"gi_zscore":-0.5504,"gi_pvalue":0.017,"significance":"cold_95","district":"UTTARA KANNADA"}},{"type":"Feature","geometry":{"type":"Point","coordinates":[75.04706,14.90541]},"properties":{"cell_id":147887,"case_count":1,"gi_zscore":-0.5504,"gi_pvalue":0.017,"significance":"cold_95","district":"UTTARA KANNADA"}},{"type":"Feature","geometry":{"type":"Point","coordinates":[75.03529,14.94144]},"properties":{"cell_id":149450,"case_count":1,"gi_zscore":-0.5504,"gi_pvalue":0.017,"significance":"cold_95","district":"UTTARA KANNADA"}},{"type":"Feature","geometry":{"type":"Point","coordinates":[75.03529,14.95045]},"properties":{"cell_id":149841,"case_count":1,"gi_zscore":-0.5504,"gi_pvalue":0.017,"significance":"cold_95","district":"UTTARA KANNADA"}},{"type":"Feature","geometry":{"type":"Point","coordinates":[75.03529,14.95946]},"properties":{"cell_id":150232,"case_count":1,"gi_zscore":-0.5504,"gi_pvalue":0.017,"significance":"cold_95","district":"UTTARA KANNADA"}},{"type":"Feature","geometry":{"type":"Point","coordinates":[75.04706,15.0045]},"properties":{"cell_id":152188,"case_count":1,"gi_zscore":-0.5504,"gi_pvalue":0.017,"significance":"cold_95","district":"UTTARA KANNADA"}},{"type":"Feature","geometry":{"type":"Point","coordinates":[74.42353,15.08559]},"properties":{"cell_id":155654,"case_count":1,"gi_zscore":-0.5504,"gi_pvalue":0.017,"significance":"cold_95","district":"UTTARA KANNADA"}},{"type":"Feature","geometry":{"type":"Point","coordinates":[74.52941,15.23874]},"properties":{"cell_id":162310,"case_count":1,"gi_zscore":-0.5504,"gi_pvalue":0.017,"significance":"cold_95","district":"UTTARA KANNADA"}},{"type":"Feature","geometry":{"type":"Point","coordinates":[74.85882,15.25676]},"properties":{"cell_id":163120,"case_count":1,"gi_zscore":-0.5504,"gi_pvalue":0.017,"significance":"cold_95","district":"UTTARA KANNADA"}},{"type":"Feature","geometry":{"type":"Point","coordinates":[74.52941,15.28378]},"properties":{"cell_id":164265,"case_count":1,"gi_zscore":-0.5504,"gi_pvalue":0.017,"significance":"cold_95","district":"UTTARA KANNADA"}},{"type":"Feature","geometry":{"type":"Point","coordinates":[74.88235,15.28378]},"properties":{"cell_id":164295,"case_count":1,"gi_zscore":-0.5504,"gi_pvalue":0.017,"significance":"cold_95","district":"UTTARA KANNADA"}},{"type":"Feature","geometry":{"type":"Point","coordinates":[74.51765,15.32883]},"properties":{"cell_id":166219,"case_count":1,"gi_zscore":-0.5504,"gi_pvalue":0.017,"significance":"cold_95","district":"UTTARA KANNADA"}},{"type":"Feature","geometry":{"type":"Point","coordinates":[74.72941,15.32883]},"properties":{"cell_id":166237,"case_count":1,"gi_zscore":-0.5504,"gi_pvalue":0.017,"significance":"cold_95","district":"UTTARA KANNADA"}},{"type":"Feature","geometry":{"type":"Point","coordinates":[74.8,15.32883]},"properties":{"cell_id":166243,"case_count":1,"gi_zscore":-0.5504,"gi_pvalue":0.017,"significance":"cold_95","district":"UTTARA KANNADA"}},{"type":"Feature","geometry":{"type":"Point","coordinates":[74.48235,15.41892]},"properties":{"cell_id":170126,"case_count":1,"gi_zscore":-0.5504,"gi_pvalue":0.017,"significance":"cold_95","district":"UTTARA KANNADA"}},{"type":"Feature","geometry":{"type":"Point","coordinates":[74.49412,15.43694]},"properties":{"cell_id":170909,"case_count":1,"gi_zscore":-0.5504,"gi_pvalue":0.017,"significance":"cold_95","district":"UTTARA KANNADA"}},{"type":"Feature","geometry":{"type":"Point","coordinates":[77.6,12.96847]},"properties":{"cell_id":64039,"case_count":4,"gi_zscore":0.4544,"gi_pvalue":0.059,"significance":"hot_90","district":"VIJAYANAGARA"}},{"type":"Feature","geometry":{"type":"Point","coordinates":[77.6,12.97748]},"properties":{"cell_id":64430,"case_count":32,"gi_zscore":0.4544,"gi_pvalue":0.258,"significance":"not_sig","district":"VIJAYANAGARA"}},{"type":"Feature","geometry":{"type":"Point","coordinates":[77.6,12.98649]},"properties":{"cell_id":64821,"case_count":2,"gi_zscore":0.4544,"gi_pvalue":0.053,"significance":"hot_90","district":"VIJAYANAGARA"}},{"type":"Feature","geometry":{"type":"Point","coordinates":[77.61176,12.98649]},"properties":{"cell_id":64822,"case_count":11,"gi_zscore":0.4544,"gi_pvalue":0.096,"significance":"hot_90","district":"VIJAYANAGARA"}},{"type":"Feature","geometry":{"type":"Point","coordinates":[77.61176,12.9955]},"properties":{"cell_id":65213,"case_count":7,"gi_zscore":0.4544,"gi_pvalue":0.076,"significance":"hot_90","district":"VIJAYANAGARA"}},{"type":"Feature","geometry":{"type":"Point","coordinates":[77.62353,12.9955]},"properties":{"cell_id":65214,"case_count":12,"gi_zscore":0.4544,"gi_pvalue":0.108,"significance":"not_sig","district":"VIJAYANAGARA"}},{"type":"Feature","geometry":{"type":"Point","coordinates":[77.62353,13.0045]},"properties":{"cell_id":65605,"case_count":9,"gi_zscore":0.6113,"gi_pvalue":0.037,"significance":"hot_95","district":"VIJAYANAGARA"}},{"type":"Feature","geometry":{"type":"Point","coordinates":[77.63529,13.0045]},"properties":{"cell_id":65606,"case_count":5,"gi_zscore":0.4283,"gi_pvalue":0.083,"significance":"hot_90","district":"VIJAYANAGARA"}},{"type":"Feature","geometry":{"type":"Point","coordinates":[77.63529,13.01351]},"properties":{"cell_id":65997,"case_count":22,"gi_zscore":0.4152,"gi_pvalue":0.194,"significance":"not_sig","district":"VIJAYANAGARA"}},{"type":"Feature","geometry":{"type":"Point","coordinates":[77.64706,13.02252]},"properties":{"cell_id":66389,"case_count":16,"gi_zscore":0.3891,"gi_pvalue":0.167,"significance":"not_sig","district":"VIJAYANAGARA"}},{"type":"Feature","geometry":{"type":"Point","coordinates":[77.64706,13.03153]},"properties":{"cell_id":66780,"case_count":6,"gi_zscore":0.4675,"gi_pvalue":0.067,"significance":"hot_90","district":"VIJAYANAGARA"}},{"type":"Feature","geometry":{"type":"Point","coordinates":[77.65882,13.03153]},"properties":{"cell_id":66781,"case_count":14,"gi_zscore":0.5328,"gi_pvalue":0.073,"significance":"hot_90","district":"VIJAYANAGARA"}},{"type":"Feature","geometry":{"type":"Point","coordinates":[77.65882,13.04054]},"properties":{"cell_id":67172,"case_count":10,"gi_zscore":0.6243,"gi_pvalue":0.036,"significance":"hot_95","district":"VIJAYANAGARA"}},{"type":"Feature","geometry":{"type":"Point","coordinates":[77.67059,13.04054]},"properties":{"cell_id":67173,"case_count":5,"gi_zscore":0.5067,"gi_pvalue":0.048,"significance":"hot_95","district":"VIJAYANAGARA"}},{"type":"Feature","geometry":{"type":"Point","coordinates":[77.67059,13.04955]},"properties":{"cell_id":67564,"case_count":18,"gi_zscore":0.6374,"gi_pvalue":0.053,"significance":"hot_90","district":"VIJAYANAGARA"}},{"type":"Feature","geometry":{"type":"Point","coordinates":[77.68235,13.05856]},"properties":{"cell_id":67956,"case_count":14,"gi_zscore":1.0295,"gi_pvalue":0.002,"significance":"hot_99","district":"VIJAYANAGARA"}},{"type":"Feature","geometry":{"type":"Point","coordinates":[77.68235,13.06757]},"properties":{"cell_id":68347,"case_count":12,"gi_zscore":1.0295,"gi_pvalue":0.002,"significance":"hot_99","district":"VIJAYANAGARA"}},{"type":"Feature","geometry":{"type":"Point","coordinates":[77.69412,13.06757]},"properties":{"cell_id":68348,"case_count":13,"gi_zscore":0.9772,"gi_pvalue":0.003,"significance":"hot_99","district":"VIJAYANAGARA"}},{"type":"Feature","geometry":{"type":"Point","coordinates":[77.69412,13.07658]},"properties":{"cell_id":68739,"case_count":26,"gi_zscore":1.3562,"gi_pvalue":0.001,"significance":"hot_99","district":"VIJAYANAGARA"}},{"type":"Feature","geometry":{"type":"Point","coordinates":[77.70588,13.07658]},"properties":{"cell_id":68740,"case_count":21,"gi_zscore":1.2386,"gi_pvalue":0.001,"significance":"hot_99","district":"VIJAYANAGARA"}},{"type":"Feature","geometry":{"type":"Point","coordinates":[77.70588,13.08559]},"properties":{"cell_id":69131,"case_count":29,"gi_zscore":1.3824,"gi_pvalue":0.001,"significance":"hot_99","district":"VIJAYANAGARA"}},{"type":"Feature","geometry":{"type":"Point","coordinates":[77.71765,13.08559]},"properties":{"cell_id":69132,"case_count":6,"gi_zscore":1.3693,"gi_pvalue":0.001,"significance":"hot_99","district":"VIJAYANAGARA"}},{"type":"Feature","geometry":{"type":"Point","coordinates":[77.71765,13.09459]},"properties":{"cell_id":69523,"case_count":34,"gi_zscore":1.3432,"gi_pvalue":0.003,"significance":"hot_99","district":"VIJAYANAGARA"}},{"type":"Feature","geometry":{"type":"Point","coordinates":[77.71765,13.1036]},"properties":{"cell_id":69914,"case_count":9,"gi_zscore":1.1863,"gi_pvalue":0.002,"significance":"hot_99","district":"VIJAYANAGARA"}},{"type":"Feature","geometry":{"type":"Point","coordinates":[77.72941,13.1036]},"properties":{"cell_id":69915,"case_count":25,"gi_zscore":0.9249,"gi_pvalue":0.016,"significance":"hot_95","district":"VIJAYANAGARA"}},{"type":"Feature","geometry":{"type":"Point","coordinates":[77.72941,13.11261]},"properties":{"cell_id":70306,"case_count":11,"gi_zscore":0.6766,"gi_pvalue":0.029,"significance":"hot_95","district":"VIJAYANAGARA"}},{"type":"Feature","geometry":{"type":"Point","coordinates":[77.74118,13.11261]},"properties":{"cell_id":70307,"case_count":11,"gi_zscore":0.6505,"gi_pvalue":0.037,"significance":"hot_95","district":"VIJAYANAGARA"}},{"type":"Feature","geometry":{"type":"Point","coordinates":[77.74118,13.12162]},"properties":{"cell_id":70698,"case_count":14,"gi_zscore":0.376,"gi_pvalue":0.172,"significance":"not_sig","district":"VIJAYANAGARA"}},{"type":"Feature","geometry":{"type":"Point","coordinates":[77.75294,13.12162]},"properties":{"cell_id":70699,"case_count":1,"gi_zscore":0.3499,"gi_pvalue":0.098,"significance":"hot_90","district":"VIJAYANAGARA"}},{"type":"Feature","geometry":{"type":"Point","coordinates":[77.75294,13.13063]},"properties":{"cell_id":71090,"case_count":10,"gi_zscore":0.0493,"gi_pvalue":0.441,"significance":"not_sig","district":"VIJAYANAGARA"}},{"type":"Feature","geometry":{"type":"Point","coordinates":[77.75294,13.13964]},"properties":{"cell_id":71481,"case_count":4,"gi_zscore":0.0231,"gi_pvalue":0.385,"significance":"not_sig","district":"VIJAYANAGARA"}},{"type":"Feature","geometry":{"type":"Point","coordinates":[77.76471,13.13964]},"properties":{"cell_id":71482,"case_count":13,"gi_zscore":-0.003,"gi_pvalue":0.45,"significance":"not_sig","district":"VIJAYANAGARA"}},{"type":"Feature","geometry":{"type":"Point","coordinates":[77.76471,13.14865]},"properties":{"cell_id":71873,"case_count":7,"gi_zscore":0.0493,"gi_pvalue":0.398,"significance":"not_sig","district":"VIJAYANAGARA"}},{"type":"Feature","geometry":{"type":"Point","coordinates":[77.77647,13.14865]},"properties":{"cell_id":71874,"case_count":2,"gi_zscore":0.0493,"gi_pvalue":0.327,"significance":"not_sig","district":"VIJAYANAGARA"}},{"type":"Feature","geometry":{"type":"Point","coordinates":[77.77647,13.15766]},"properties":{"cell_id":72265,"case_count":9,"gi_zscore":0.0493,"gi_pvalue":0.422,"significance":"not_sig","district":"VIJAYANAGARA"}},{"type":"Feature","geometry":{"type":"Point","coordinates":[77.78824,13.15766]},"properties":{"cell_id":72266,"case_count":9,"gi_zscore":0.0493,"gi_pvalue":0.422,"significance":"not_sig","district":"VIJAYANAGARA"}},{"type":"Feature","geometry":{"type":"Point","coordinates":[77.78824,13.16667]},"properties":{"cell_id":72657,"case_count":18,"gi_zscore":0.0493,"gi_pvalue":0.441,"significance":"not_sig","district":"VIJAYANAGARA"}},{"type":"Feature","geometry":{"type":"Point","coordinates":[76.02353,14.5991]},"properties":{"cell_id":134676,"case_count":1,"gi_zscore":-0.7872,"gi_pvalue":0.002,"significance":"cold_99","district":"VIJAYANAGARA"}},{"type":"Feature","geometry":{"type":"Point","coordinates":[75.88235,14.61712]},"properties":{"cell_id":135446,"case_count":1,"gi_zscore":-0.7872,"gi_pvalue":0.002,"significance":"cold_99","district":"VIJAYANAGARA"}},{"type":"Feature","geometry":{"type":"Point","coordinates":[75.87059,14.63514]},"properties":{"cell_id":136227,"case_count":1,"gi_zscore":-0.7872,"gi_pvalue":0.002,"significance":"cold_99","district":"VIJAYANAGARA"}},{"type":"Feature","geometry":{"type":"Point","coordinates":[76.23529,14.75225]},"properties":{"cell_id":141341,"case_count":1,"gi_zscore":-0.7872,"gi_pvalue":0.002,"significance":"cold_99","district":"VIJAYANAGARA"}},{"type":"Feature","geometry":{"type":"Point","coordinates":[75.98824,14.78829]},"properties":{"cell_id":142884,"case_count":1,"gi_zscore":-0.7872,"gi_pvalue":0.002,"significance":"cold_99","district":"VIJAYANAGARA"}},{"type":"Feature","geometry":{"type":"Point","coordinates":[75.98824,14.7973]},"properties":{"cell_id":143275,"case_count":1,"gi_zscore":-0.7872,"gi_pvalue":0.002,"significance":"cold_99","district":"VIJAYANAGARA"}},{"type":"Feature","geometry":{"type":"Point","coordinates":[76.15294,14.80631]},"properties":{"cell_id":143680,"case_count":1,"gi_zscore":-0.7872,"gi_pvalue":0.002,"significance":"cold_99","district":"VIJAYANAGARA"}},{"type":"Feature","geometry":{"type":"Point","coordinates":[75.98824,14.84234]},"properties":{"cell_id":145230,"case_count":1,"gi_zscore":-0.7741,"gi_pvalue":0.002,"significance":"cold_99","district":"VIJAYANAGARA"}},{"type":"Feature","geometry":{"type":"Point","coordinates":[75.90588,14.86036]},"properties":{"cell_id":146005,"case_count":1,"gi_zscore":-0.7741,"gi_pvalue":0.002,"significance":"cold_99","district":"VIJAYANAGARA"}},{"type":"Feature","geometry":{"type":"Point","coordinates":[76.38824,14.8964]},"properties":{"cell_id":147610,"case_count":1,"gi_zscore":-0.7872,"gi_pvalue":0.002,"significance":"cold_99","district":"VIJAYANAGARA"}},{"type":"Feature","geometry":{"type":"Point","coordinates":[75.88235,14.94144]},"properties":{"cell_id":149522,"case_count":1,"gi_zscore":-0.7741,"gi_pvalue":0.002,"significance":"cold_99","district":"VIJAYANAGARA"}},{"type":"Feature","geometry":{"type":"Point","coordinates":[76.30588,14.94144]},"properties":{"cell_id":149558,"case_count":1,"gi_zscore":-0.7872,"gi_pvalue":0.002,"significance":"cold_99","district":"VIJAYANAGARA"}},{"type":"Feature","geometry":{"type":"Point","coordinates":[76.11765,14.95045]},"properties":{"cell_id":149933,"case_count":1,"gi_zscore":-0.7741,"gi_pvalue":0.002,"significance":"cold_99","district":"VIJAYANAGARA"}},{"type":"Feature","geometry":{"type":"Point","coordinates":[75.98824,14.95946]},"properties":{"cell_id":150313,"case_count":1,"gi_zscore":-0.7741,"gi_pvalue":0.002,"significance":"cold_99","district":"VIJAYANAGARA"}},{"type":"Feature","geometry":{"type":"Point","coordinates":[75.83529,14.9955]},"properties":{"cell_id":151864,"case_count":1,"gi_zscore":-0.7741,"gi_pvalue":0.002,"significance":"cold_99","district":"VIJAYANAGARA"}},{"type":"Feature","geometry":{"type":"Point","coordinates":[75.92941,15.01351]},"properties":{"cell_id":152654,"case_count":2,"gi_zscore":-0.7741,"gi_pvalue":0.001,"significance":"cold_99","district":"VIJAYANAGARA"}},{"type":"Feature","geometry":{"type":"Point","coordinates":[75.92941,15.02252]},"properties":{"cell_id":153045,"case_count":1,"gi_zscore":-0.7741,"gi_pvalue":0.002,"significance":"cold_99","district":"VIJAYANAGARA"}},{"type":"Feature","geometry":{"type":"Point","coordinates":[76.15294,15.04955]},"properties":{"cell_id":154237,"case_count":1,"gi_zscore":-0.7741,"gi_pvalue":0.002,"significance":"cold_99","district":"VIJAYANAGARA"}},{"type":"Feature","geometry":{"type":"Point","coordinates":[76.78824,15.08559]},"properties":{"cell_id":155855,"case_count":1,"gi_zscore":-0.7872,"gi_pvalue":0.002,"significance":"cold_99","district":"VIJAYANAGARA"}},{"type":"Feature","geometry":{"type":"Point","coordinates":[76.35294,15.15766]},"properties":{"cell_id":158946,"case_count":1,"gi_zscore":-0.7872,"gi_pvalue":0.002,"significance":"cold_99","district":"VIJAYANAGARA"}},{"type":"Feature","geometry":{"type":"Point","coordinates":[76.37647,15.26577]},"properties":{"cell_id":163640,"case_count":1,"gi_zscore":-0.7872,"gi_pvalue":0.002,"significance":"cold_99","district":"VIJAYANAGARA"}},{"type":"Feature","geometry":{"type":"Point","coordinates":[76.4,15.26577]},"properties":{"cell_id":163642,"case_count":1,"gi_zscore":-0.7872,"gi_pvalue":0.002,"significance":"cold_99","district":"VIJAYANAGARA"}},{"type":"Feature","geometry":{"type":"Point","coordinates":[76.38824,15.27477]},"properties":{"cell_id":164032,"case_count":1,"gi_zscore":-0.7872,"gi_pvalue":0.002,"significance":"cold_99","district":"VIJAYANAGARA"}},{"type":"Feature","geometry":{"type":"Point","coordinates":[76.4,15.27477]},"properties":{"cell_id":164033,"case_count":1,"gi_zscore":-0.7872,"gi_pvalue":0.002,"significance":"cold_99","district":"VIJAYANAGARA"}},{"type":"Feature","geometry":{"type":"Point","coordinates":[76.47059,15.31081]},"properties":{"cell_id":165603,"case_count":1,"gi_zscore":-0.7872,"gi_pvalue":0.002,"significance":"cold_99","district":"VIJAYANAGARA"}},{"type":"Feature","geometry":{"type":"Point","coordinates":[75.70588,15.31982]},"properties":{"cell_id":165929,"case_count":1,"gi_zscore":-0.7741,"gi_pvalue":0.002,"significance":"cold_99","district":"VIJAYANAGARA"}},{"type":"Feature","geometry":{"type":"Point","coordinates":[75.71765,15.31982]},"properties":{"cell_id":165930,"case_count":1,"gi_zscore":-0.7741,"gi_pvalue":0.002,"significance":"cold_99","district":"VIJAYANAGARA"}},{"type":"Feature","geometry":{"type":"Point","coordinates":[75.71765,15.32883]},"properties":{"cell_id":166321,"case_count":1,"gi_zscore":-0.7741,"gi_pvalue":0.002,"significance":"cold_99","district":"VIJAYANAGARA"}},{"type":"Feature","geometry":{"type":"Point","coordinates":[77.6,12.96847]},"properties":{"cell_id":64039,"case_count":1,"gi_zscore":0.9065,"gi_pvalue":0.009,"significance":"hot_99","district":"VIJAYAPUR"}},{"type":"Feature","geometry":{"type":"Point","coordinates":[77.6,12.97748]},"properties":{"cell_id":64430,"case_count":15,"gi_zscore":0.9065,"gi_pvalue":0.051,"significance":"hot_90","district":"VIJAYAPUR"}},{"type":"Feature","geometry":{"type":"Point","coordinates":[77.61176,12.98649]},"properties":{"cell_id":64822,"case_count":11,"gi_zscore":0.9065,"gi_pvalue":0.026,"significance":"hot_95","district":"VIJAYAPUR"}},{"type":"Feature","geometry":{"type":"Point","coordinates":[77.61176,12.9955]},"properties":{"cell_id":65213,"case_count":4,"gi_zscore":0.9065,"gi_pvalue":0.015,"significance":"hot_95","district":"VIJAYAPUR"}},{"type":"Feature","geometry":{"type":"Point","coordinates":[77.62353,12.9955]},"properties":{"cell_id":65214,"case_count":4,"gi_zscore":0.9065,"gi_pvalue":0.015,"significance":"hot_95","district":"VIJAYAPUR"}},{"type":"Feature","geometry":{"type":"Point","coordinates":[77.62353,13.0045]},"properties":{"cell_id":65605,"case_count":7,"gi_zscore":1.1091,"gi_pvalue":0.007,"significance":"hot_99","district":"VIJAYAPUR"}},{"type":"Feature","geometry":{"type":"Point","coordinates":[77.63529,13.0045]},"properties":{"cell_id":65606,"case_count":1,"gi_zscore":1.0838,"gi_pvalue":0.004,"significance":"hot_99","district":"VIJAYAPUR"}},{"type":"Feature","geometry":{"type":"Point","coordinates":[77.63529,13.01351]},"properties":{"cell_id":65997,"case_count":10,"gi_zscore":1.0838,"gi_pvalue":0.011,"significance":"hot_95","district":"VIJAYAPUR"}},{"type":"Feature","geometry":{"type":"Point","coordinates":[77.64706,13.02252]},"properties":{"cell_id":66389,"case_count":9,"gi_zscore":0.9825,"gi_pvalue":0.015,"significance":"hot_95","district":"VIJAYAPUR"}},{"type":"Feature","geometry":{"type":"Point","coordinates":[77.64706,13.03153]},"properties":{"cell_id":66780,"case_count":9,"gi_zscore":1.1091,"gi_pvalue":0.009,"significance":"hot_99","district":"VIJAYAPUR"}},{"type":"Feature","geometry":{"type":"Point","coordinates":[77.65882,13.03153]},"properties":{"cell_id":66781,"case_count":14,"gi_zscore":0.9572,"gi_pvalue":0.03,"significance":"hot_95","district":"VIJAYAPUR"}},{"type":"Feature","geometry":{"type":"Point","coordinates":[77.65882,13.04054]},"properties":{"cell_id":67172,"case_count":9,"gi_zscore":1.3877,"gi_pvalue":0.001,"significance":"hot_99","district":"VIJAYAPUR"}},{"type":"Feature","geometry":{"type":"Point","coordinates":[77.67059,13.04054]},"properties":{"cell_id":67173,"case_count":2,"gi_zscore":1.6156,"gi_pvalue":0.001,"significance":"hot_99","district":"VIJAYAPUR"}},{"type":"Feature","geometry":{"type":"Point","coordinates":[77.67059,13.04955]},"properties":{"cell_id":67564,"case_count":9,"gi_zscore":1.6156,"gi_pvalue":0.001,"significance":"hot_99","district":"VIJAYAPUR"}},{"type":"Feature","geometry":{"type":"Point","coordinates":[77.68235,13.04955]},"properties":{"cell_id":67565,"case_count":1,"gi_zscore":1.5396,"gi_pvalue":0.001,"significance":"hot_99","district":"VIJAYAPUR"}},{"type":"Feature","geometry":{"type":"Point","coordinates":[77.68235,13.05856]},"properties":{"cell_id":67956,"case_count":18,"gi_zscore":1.5396,"gi_pvalue":0.001,"significance":"hot_99","district":"VIJAYAPUR"}},{"type":"Feature","geometry":{"type":"Point","coordinates":[77.69412,13.06757]},"properties":{"cell_id":68348,"case_count":19,"gi_zscore":1.5903,"gi_pvalue":0.001,"significance":"hot_99","district":"VIJAYAPUR"}},{"type":"Feature","geometry":{"type":"Point","coordinates":[77.69412,13.07658]},"properties":{"cell_id":68739,"case_count":9,"gi_zscore":2.0967,"gi_pvalue":0.001,"significance":"hot_99","district":"VIJAYAPUR"}},{"type":"Feature","geometry":{"type":"Point","coordinates":[77.70588,13.07658]},"properties":{"cell_id":68740,"case_count":6,"gi_zscore":1.8941,"gi_pvalue":0.001,"significance":"hot_99","district":"VIJAYAPUR"}},{"type":"Feature","geometry":{"type":"Point","coordinates":[77.70588,13.08559]},"properties":{"cell_id":69131,"case_count":20,"gi_zscore":1.9194,"gi_pvalue":0.001,"significance":"hot_99","district":"VIJAYAPUR"}},{"type":"Feature","geometry":{"type":"Point","coordinates":[77.71765,13.08559]},"properties":{"cell_id":69132,"case_count":5,"gi_zscore":1.9194,"gi_pvalue":0.001,"significance":"hot_99","district":"VIJAYAPUR"}},{"type":"Feature","geometry":{"type":"Point","coordinates":[77.71765,13.09459]},"properties":{"cell_id":69523,"case_count":22,"gi_zscore":1.8182,"gi_pvalue":0.001,"significance":"hot_99","district":"VIJAYAPUR"}},{"type":"Feature","geometry":{"type":"Point","coordinates":[77.71765,13.1036]},"properties":{"cell_id":69914,"case_count":1,"gi_zscore":1.9954,"gi_pvalue":0.001,"significance":"hot_99","district":"VIJAYAPUR"}},{"type":"Feature","geometry":{"type":"Point","coordinates":[77.72941,13.1036]},"properties":{"cell_id":69915,"case_count":16,"gi_zscore":1.9194,"gi_pvalue":0.001,"significance":"hot_99","district":"VIJAYAPUR"}},{"type":"Feature","geometry":{"type":"Point","coordinates":[77.72941,13.11261]},"properties":{"cell_id":70306,"case_count":4,"gi_zscore":1.9448,"gi_pvalue":0.001,"significance":"hot_99","district":"VIJAYAPUR"}},{"type":"Feature","geometry":{"type":"Point","coordinates":[77.74118,13.11261]},"properties":{"cell_id":70307,"case_count":15,"gi_zscore":1.8941,"gi_pvalue":0.001,"significance":"hot_99","district":"VIJAYAPUR"}},{"type":"Feature","geometry":{"type":"Point","coordinates":[77.74118,13.12162]},"properties":{"cell_id":70698,"case_count":16,"gi_zscore":1.6662,"gi_pvalue":0.001,"significance":"hot_99","district":"VIJAYAPUR"}},{"type":"Feature","geometry":{"type":"Point","coordinates":[77.75294,13.12162]},"properties":{"cell_id":70699,"case_count":3,"gi_zscore":1.8941,"gi_pvalue":0.001,"significance":"hot_99","district":"VIJAYAPUR"}},{"type":"Feature","geometry":{"type":"Point","coordinates":[77.75294,13.13063]},"properties":{"cell_id":71090,"case_count":21,"gi_zscore":1.6662,"gi_pvalue":0.003,"significance":"hot_99","district":"VIJAYAPUR"}},{"type":"Feature","geometry":{"type":"Point","coordinates":[77.75294,13.13964]},"properties":{"cell_id":71481,"case_count":3,"gi_zscore":1.7928,"gi_pvalue":0.001,"significance":"hot_99","district":"VIJAYAPUR"}},{"type":"Feature","geometry":{"type":"Point","coordinates":[77.76471,13.13964]},"properties":{"cell_id":71482,"case_count":13,"gi_zscore":1.5143,"gi_pvalue":0.005,"significance":"hot_99","district":"VIJAYAPUR"}},{"type":"Feature","geometry":{"type":"Point","coordinates":[77.76471,13.14865]},"properties":{"cell_id":71873,"case_count":10,"gi_zscore":1.3117,"gi_pvalue":0.006,"significance":"hot_99","district":"VIJAYAPUR"}},{"type":"Feature","geometry":{"type":"Point","coordinates":[77.77647,13.14865]},"properties":{"cell_id":71874,"case_count":7,"gi_zscore":1.3117,"gi_pvalue":0.006,"significance":"hot_99","district":"VIJAYAPUR"}},{"type":"Feature","geometry":{"type":"Point","coordinates":[77.77647,13.15766]},"properties":{"cell_id":72265,"case_count":9,"gi_zscore":1.3117,"gi_pvalue":0.006,"significance":"hot_99","district":"VIJAYAPUR"}},{"type":"Feature","geometry":{"type":"Point","coordinates":[77.78824,13.15766]},"properties":{"cell_id":72266,"case_count":4,"gi_zscore":1.3117,"gi_pvalue":0.005,"significance":"hot_99","district":"VIJAYAPUR"}},{"type":"Feature","geometry":{"type":"Point","coordinates":[77.78824,13.16667]},"properties":{"cell_id":72657,"case_count":8,"gi_zscore":1.3117,"gi_pvalue":0.006,"significance":"hot_99","district":"VIJAYAPUR"}},{"type":"Feature","geometry":{"type":"Point","coordinates":[75.70588,15.31081]},"properties":{"cell_id":165538,"case_count":1,"gi_zscore":-0.3849,"gi_pvalue":0.153,"significance":"not_sig","district":"VIJAYAPUR"}},{"type":"Feature","geometry":{"type":"Point","coordinates":[75.71765,15.31081]},"properties":{"cell_id":165539,"case_count":3,"gi_zscore":-0.3849,"gi_pvalue":0.072,"significance":"cold_90","district":"VIJAYAPUR"}},{"type":"Feature","geometry":{"type":"Point","coordinates":[75.09412,16.05856]},"properties":{"cell_id":197939,"case_count":1,"gi_zscore":-0.4356,"gi_pvalue":0.067,"significance":"cold_90","district":"VIJAYAPUR"}},{"type":"Feature","geometry":{"type":"Point","coordinates":[75.54118,16.26577]},"properties":{"cell_id":206970,"case_count":1,"gi_zscore":-0.4356,"gi_pvalue":0.067,"significance":"cold_90","district":"VIJAYAPUR"}},{"type":"Feature","geometry":{"type":"Point","coordinates":[76.32941,16.26577]},"properties":{"cell_id":207037,"case_count":1,"gi_zscore":-0.4103,"gi_pvalue":0.067,"significance":"cold_90","district":"VIJAYAPUR"}},{"type":"Feature","geometry":{"type":"Point","coordinates":[76.01176,16.31081]},"properties":{"cell_id":208965,"case_count":1,"gi_zscore":-0.4356,"gi_pvalue":0.067,"significance":"cold_90","district":"VIJAYAPUR"}},{"type":"Feature","geometry":{"type":"Point","coordinates":[76.14118,16.31081]},"properties":{"cell_id":208976,"case_count":1,"gi_zscore":-0.4356,"gi_pvalue":0.067,"significance":"cold_90","district":"VIJAYAPUR"}},{"type":"Feature","geometry":{"type":"Point","coordinates":[76.27059,16.31982]},"properties":{"cell_id":209378,"case_count":1,"gi_zscore":-0.4103,"gi_pvalue":0.067,"significance":"cold_90","district":"VIJAYAPUR"}},{"type":"Feature","geometry":{"type":"Point","coordinates":[75.90588,16.34685]},"properties":{"cell_id":210520,"case_count":1,"gi_zscore":-0.4356,"gi_pvalue":0.067,"significance":"cold_90","district":"VIJAYAPUR"}},{"type":"Feature","geometry":{"type":"Point","coordinates":[75.58824,16.35586]},"properties":{"cell_id":210884,"case_count":1,"gi_zscore":-0.4356,"gi_pvalue":0.067,"significance":"cold_90","district":"VIJAYAPUR"}},{"type":"Feature","geometry":{"type":"Point","coordinates":[75.92941,16.35586]},"properties":{"cell_id":210913,"case_count":1,"gi_zscore":-0.4356,"gi_pvalue":0.067,"significance":"cold_90","district":"VIJAYAPUR"}},{"type":"Feature","geometry":{"type":"Point","coordinates":[75.77647,16.41892]},"properties":{"cell_id":213637,"case_count":1,"gi_zscore":-0.4356,"gi_pvalue":0.067,"significance":"cold_90","district":"VIJAYAPUR"}},{"type":"Feature","geometry":{"type":"Point","coordinates":[75.82353,16.41892]},"properties":{"cell_id":213641,"case_count":1,"gi_zscore":-0.4356,"gi_pvalue":0.067,"significance":"cold_90","district":"VIJAYAPUR"}},{"type":"Feature","geometry":{"type":"Point","coordinates":[75.90588,16.42793]},"properties":{"cell_id":214039,"case_count":1,"gi_zscore":-0.4356,"gi_pvalue":0.067,"significance":"cold_90","district":"VIJAYAPUR"}},{"type":"Feature","geometry":{"type":"Point","coordinates":[75.69412,16.45495]},"properties":{"cell_id":215194,"case_count":1,"gi_zscore":-0.4356,"gi_pvalue":0.067,"significance":"cold_90","district":"VIJAYAPUR"}},{"type":"Feature","geometry":{"type":"Point","coordinates":[75.75294,16.45495]},"properties":{"cell_id":215199,"case_count":1,"gi_zscore":-0.4356,"gi_pvalue":0.067,"significance":"cold_90","district":"VIJAYAPUR"}},{"type":"Feature","geometry":{"type":"Point","coordinates":[76.30588,16.45495]},"properties":{"cell_id":215246,"case_count":1,"gi_zscore":-0.4103,"gi_pvalue":0.112,"significance":"not_sig","district":"VIJAYAPUR"}},{"type":"Feature","geometry":{"type":"Point","coordinates":[76.04706,16.47297]},"properties":{"cell_id":216006,"case_count":1,"gi_zscore":-0.4356,"gi_pvalue":0.067,"significance":"cold_90","district":"VIJAYAPUR"}},{"type":"Feature","geometry":{"type":"Point","coordinates":[76.30588,16.47297]},"properties":{"cell_id":216028,"case_count":2,"gi_zscore":-0.4103,"gi_pvalue":0.075,"significance":"cold_90","district":"VIJAYAPUR"}},{"type":"Feature","geometry":{"type":"Point","coordinates":[76.29412,16.48198]},"properties":{"cell_id":216418,"case_count":1,"gi_zscore":-0.4103,"gi_pvalue":0.11,"significance":"not_sig","district":"VIJAYAPUR"}},{"type":"Feature","geometry":{"type":"Point","coordinates":[76.30588,16.48198]},"properties":{"cell_id":216419,"case_count":1,"gi_zscore":-0.4103,"gi_pvalue":0.11,"significance":"not_sig","district":"VIJAYAPUR"}},{"type":"Feature","geometry":{"type":"Point","coordinates":[76.45882,16.49099]},"properties":{"cell_id":216823,"case_count":1,"gi_zscore":-0.3849,"gi_pvalue":0.11,"significance":"not_sig","district":"VIJAYAPUR"}},{"type":"Feature","geometry":{"type":"Point","coordinates":[76.0,16.5]},"properties":{"cell_id":217175,"case_count":1,"gi_zscore":-0.4356,"gi_pvalue":0.072,"significance":"cold_90","district":"VIJAYAPUR"}},{"type":"Feature","geometry":{"type":"Point","coordinates":[75.27059,16.50901]},"properties":{"cell_id":217504,"case_count":1,"gi_zscore":-0.4356,"gi_pvalue":0.072,"significance":"cold_90","district":"VIJAYAPUR"}},{"type":"Feature","geometry":{"type":"Point","coordinates":[75.78824,16.50901]},"properties":{"cell_id":217548,"case_count":1,"gi_zscore":-0.4356,"gi_pvalue":0.072,"significance":"cold_90","district":"VIJAYAPUR"}},{"type":"Feature","geometry":{"type":"Point","coordinates":[76.23529,16.50901]},"properties":{"cell_id":217586,"case_count":1,"gi_zscore":-0.4103,"gi_pvalue":0.11,"significance":"not_sig","district":"VIJAYAPUR"}},{"type":"Feature","geometry":{"type":"Point","coordinates":[75.83529,16.52703]},"properties":{"cell_id":218334,"case_count":1,"gi_zscore":-0.4356,"gi_pvalue":0.072,"significance":"cold_90","district":"VIJAYAPUR"}},{"type":"Feature","geometry":{"type":"Point","coordinates":[76.08235,16.55405]},"properties":{"cell_id":219528,"case_count":1,"gi_zscore":-0.4356,"gi_pvalue":0.072,"significance":"cold_90","district":"VIJAYAPUR"}},{"type":"Feature","geometry":{"type":"Point","coordinates":[75.89412,16.56306]},"properties":{"cell_id":219903,"case_count":1,"gi_zscore":-0.4356,"gi_pvalue":0.072,"significance":"cold_90","district":"VIJAYAPUR"}},{"type":"Feature","geometry":{"type":"Point","coordinates":[76.07059,16.56306]},"properties":{"cell_id":219918,"case_count":1,"gi_zscore":-0.4356,"gi_pvalue":0.072,"significance":"cold_90","district":"VIJAYAPUR"}},{"type":"Feature","geometry":{"type":"Point","coordinates":[75.55294,16.57207]},"properties":{"cell_id":220265,"case_count":1,"gi_zscore":-0.4356,"gi_pvalue":0.072,"significance":"cold_90","district":"VIJAYAPUR"}},{"type":"Feature","geometry":{"type":"Point","coordinates":[75.69412,16.58108]},"properties":{"cell_id":220668,"case_count":1,"gi_zscore":-0.4356,"gi_pvalue":0.072,"significance":"cold_90","district":"VIJAYAPUR"}},{"type":"Feature","geometry":{"type":"Point","coordinates":[75.54118,16.5991]},"properties":{"cell_id":221437,"case_count":1,"gi_zscore":-0.4356,"gi_pvalue":0.072,"significance":"cold_90","district":"VIJAYAPUR"}},{"type":"Feature","geometry":{"type":"Point","coordinates":[76.22353,16.5991]},"properties":{"cell_id":221495,"case_count":1,"gi_zscore":-0.3849,"gi_pvalue":0.11,"significance":"not_sig","district":"VIJAYAPUR"}},{"type":"Feature","geometry":{"type":"Point","coordinates":[76.35294,16.62613]},"properties":{"cell_id":222679,"case_count":1,"gi_zscore":-0.3849,"gi_pvalue":0.11,"significance":"not_sig","district":"VIJAYAPUR"}},{"type":"Feature","geometry":{"type":"Point","coordinates":[76.01176,16.65315]},"properties":{"cell_id":223823,"case_count":1,"gi_zscore":-0.4103,"gi_pvalue":0.072,"significance":"cold_90","district":"VIJAYAPUR"}},{"type":"Feature","geometry":{"type":"Point","coordinates":[75.95294,16.66216]},"properties":{"cell_id":224209,"case_count":1,"gi_zscore":-0.3849,"gi_pvalue":0.11,"significance":"not_sig","district":"VIJAYAPUR"}},{"type":"Feature","geometry":{"type":"Point","coordinates":[76.30588,16.67117]},"properties":{"cell_id":224630,"case_count":2,"gi_zscore":-0.4103,"gi_pvalue":0.001,"significance":"cold_99","district":"VIJAYAPUR"}},{"type":"Feature","geometry":{"type":"Point","coordinates":[75.83529,16.68018]},"properties":{"cell_id":224981,"case_count":1,"gi_zscore":-0.3849,"gi_pvalue":0.11,"significance":"not_sig","district":"VIJAYAPUR"}},{"type":"Feature","geometry":{"type":"Point","coordinates":[76.2,16.68919]},"properties":{"cell_id":225403,"case_count":1,"gi_zscore":-0.4103,"gi_pvalue":0.11,"significance":"not_sig","district":"VIJAYAPUR"}},{"type":"Feature","geometry":{"type":"Point","coordinates":[75.81176,16.71622]},"properties":{"cell_id":226543,"case_count":1,"gi_zscore":-0.3596,"gi_pvalue":0.156,"significance":"not_sig","district":"VIJAYAPUR"}},{"type":"Feature","geometry":{"type":"Point","coordinates":[75.84706,16.72523]},"properties":{"cell_id":226937,"case_count":2,"gi_zscore":-0.3596,"gi_pvalue":0.114,"significance":"not_sig","district":"VIJAYAPUR"}},{"type":"Feature","geometry":{"type":"Point","coordinates":[75.98824,16.73423]},"properties":{"cell_id":227340,"case_count":2,"gi_zscore":-0.3849,"gi_pvalue":0.075,"significance":"cold_90","district":"VIJAYAPUR"}},{"type":"Feature","geometry":{"type":"Point","coordinates":[75.71765,16.74324]},"properties":{"cell_id":227708,"case_count":1,"gi_zscore":-0.3343,"gi_pvalue":0.19,"significance":"not_sig","district":"VIJAYAPUR"}},{"type":"Feature","geometry":{"type":"Point","coordinates":[76.15294,16.77027]},"properties":{"cell_id":228918,"case_count":1,"gi_zscore":-0.4356,"gi_pvalue":0.07,"significance":"cold_90","district":"VIJAYAPUR"}},{"type":"Feature","geometry":{"type":"Point","coordinates":[75.55294,16.77928]},"properties":{"cell_id":229258,"case_count":1,"gi_zscore":-0.4356,"gi_pvalue":0.07,"significance":"cold_90","district":"VIJAYAPUR"}},{"type":"Feature","geometry":{"type":"Point","coordinates":[76.09412,16.77928]},"properties":{"cell_id":229304,"case_count":1,"gi_zscore":-0.4103,"gi_pvalue":0.113,"significance":"not_sig","district":"VIJAYAPUR"}},{"type":"Feature","geometry":{"type":"Point","coordinates":[75.49412,16.78829]},"properties":{"cell_id":229644,"case_count":1,"gi_zscore":-0.4356,"gi_pvalue":0.07,"significance":"cold_90","district":"VIJAYAPUR"}},{"type":"Feature","geometry":{"type":"Point","coordinates":[75.71765,16.78829]},"properties":{"cell_id":229663,"case_count":1,"gi_zscore":-0.3343,"gi_pvalue":0.19,"significance":"not_sig","district":"VIJAYAPUR"}},{"type":"Feature","geometry":{"type":"Point","coordinates":[75.72941,16.7973]},"properties":{"cell_id":230055,"case_count":1,"gi_zscore":-0.233,"gi_pvalue":0.297,"significance":"not_sig","district":"VIJAYAPUR"}},{"type":"Feature","geometry":{"type":"Point","coordinates":[75.42353,16.80631]},"properties":{"cell_id":230420,"case_count":1,"gi_zscore":-0.4356,"gi_pvalue":0.07,"significance":"cold_90","district":"VIJAYAPUR"}},{"type":"Feature","geometry":{"type":"Point","coordinates":[75.71765,16.80631]},"properties":{"cell_id":230445,"case_count":1,"gi_zscore":-0.1824,"gi_pvalue":0.375,"significance":"not_sig","district":"VIJAYAPUR"}},{"type":"Feature","geometry":{"type":"Point","coordinates":[75.74118,16.80631]},"properties":{"cell_id":230447,"case_count":1,"gi_zscore":-0.2583,"gi_pvalue":0.269,"significance":"not_sig","district":"VIJAYAPUR"}},{"type":"Feature","geometry":{"type":"Point","coordinates":[76.04706,16.81532]},"properties":{"cell_id":230864,"case_count":1,"gi_zscore":-0.4103,"gi_pvalue":0.113,"significance":"not_sig","district":"VIJAYAPUR"}},{"type":"Feature","geometry":{"type":"Point","coordinates":[76.05882,16.81532]},"properties":{"cell_id":230865,"case_count":1,"gi_zscore":-0.4103,"gi_pvalue":0.113,"significance":"not_sig","district":"VIJAYAPUR"}},{"type":"Feature","geometry":{"type":"Point","coordinates":[76.18824,16.81532]},"properties":{"cell_id":230876,"case_count":1,"gi_zscore":-0.4103,"gi_pvalue":0.07,"significance":"cold_90","district":"VIJAYAPUR"}},{"type":"Feature","geometry":{"type":"Point","coordinates":[76.24706,16.81532]},"properties":{"cell_id":230881,"case_count":1,"gi_zscore":-0.3849,"gi_pvalue":0.113,"significance":"not_sig","district":"VIJAYAPUR"}},{"type":"Feature","geometry":{"type":"Point","coordinates":[75.68235,16.82432]},"properties":{"cell_id":231224,"case_count":1,"gi_zscore":-0.2583,"gi_pvalue":0.269,"significance":"not_sig","district":"VIJAYAPUR"}},{"type":"Feature","geometry":{"type":"Point","coordinates":[75.69412,16.82432]},"properties":{"cell_id":231225,"case_count":1,"gi_zscore":-0.2836,"gi_pvalue":0.249,"significance":"not_sig","district":"VIJAYAPUR"}},{"type":"Feature","geometry":{"type":"Point","coordinates":[75.70588,16.82432]},"properties":{"cell_id":231226,"case_count":2,"gi_zscore":-0.1317,"gi_pvalue":0.417,"significance":"not_sig","district":"VIJAYAPUR"}},{"type":"Feature","geometry":{"type":"Point","coordinates":[75.71765,16.82432]},"properties":{"cell_id":231227,"case_count":1,"gi_zscore":-0.1064,"gi_pvalue":0.468,"significance":"not_sig","district":"VIJAYAPUR"}},{"type":"Feature","geometry":{"type":"Point","coordinates":[75.72941,16.82432]},"properties":{"cell_id":231228,"case_count":3,"gi_zscore":-0.157,"gi_pvalue":0.349,"significance":"not_sig","district":"VIJAYAPUR"}},{"type":"Feature","geometry":{"type":"Point","coordinates":[75.74118,16.82432]},"properties":{"cell_id":231229,"case_count":2,"gi_zscore":-0.2583,"gi_pvalue":0.252,"significance":"not_sig","district":"VIJAYAPUR"}},{"type":"Feature","geometry":{"type":"Point","coordinates":[75.77647,16.82432]},"properties":{"cell_id":231232,"case_count":2,"gi_zscore":-0.3343,"gi_pvalue":0.162,"significance":"not_sig","district":"VIJAYAPUR"}},{"type":"Feature","geometry":{"type":"Point","coordinates":[76.02353,16.82432]},"properties":{"cell_id":231253,"case_count":1,"gi_zscore":-0.4103,"gi_pvalue":0.12,"significance":"not_sig","district":"VIJAYAPUR"}},{"type":"Feature","geometry":{"type":"Point","coordinates":[75.68235,16.83333]},"properties":{"cell_id":231615,"case_count":1,"gi_zscore":-0.2583,"gi_pvalue":0.274,"significance":"not_sig","district":"VIJAYAPUR"}},{"type":"Feature","geometry":{"type":"Point","coordinates":[75.69412,16.83333]},"properties":{"cell_id":231616,"case_count":1,"gi_zscore":-0.2583,"gi_pvalue":0.274,"significance":"not_sig","district":"VIJAYAPUR"}},{"type":"Feature","geometry":{"type":"Point","coordinates":[75.70588,16.83333]},"properties":{"cell_id":231617,"case_count":4,"gi_zscore":-0.157,"gi_pvalue":0.303,"significance":"not_sig","district":"VIJAYAPUR"}},{"type":"Feature","geometry":{"type":"Point","coordinates":[75.71765,16.83333]},"properties":{"cell_id":231618,"case_count":5,"gi_zscore":-0.1064,"gi_pvalue":0.347,"significance":"not_sig","district":"VIJAYAPUR"}},{"type":"Feature","geometry":{"type":"Point","coordinates":[75.75294,16.83333]},"properties":{"cell_id":231621,"case_count":1,"gi_zscore":-0.233,"gi_pvalue":0.301,"significance":"not_sig","district":"VIJAYAPUR"}},{"type":"Feature","geometry":{"type":"Point","coordinates":[75.51765,16.84234]},"properties":{"cell_id":231992,"case_count":1,"gi_zscore":-0.4356,"gi_pvalue":0.073,"significance":"cold_90","district":"VIJAYAPUR"}},{"type":"Feature","geometry":{"type":"Point","coordinates":[75.52941,16.84234]},"properties":{"cell_id":231993,"case_count":1,"gi_zscore":-0.4356,"gi_pvalue":0.073,"significance":"cold_90","district":"VIJAYAPUR"}},{"type":"Feature","geometry":{"type":"Point","coordinates":[75.68235,16.84234]},"properties":{"cell_id":232006,"case_count":1,"gi_zscore":-0.2583,"gi_pvalue":0.275,"significance":"not_sig","district":"VIJAYAPUR"}},{"type":"Feature","geometry":{"type":"Point","coordinates":[75.70588,16.84234]},"properties":{"cell_id":232008,"case_count":3,"gi_zscore":-0.157,"gi_pvalue":0.349,"significance":"not_sig","district":"VIJAYAPUR"}},{"type":"Feature","geometry":{"type":"Point","coordinates":[75.74118,16.84234]},"properties":{"cell_id":232011,"case_count":1,"gi_zscore":-0.2077,"gi_pvalue":0.34,"significance":"not_sig","district":"VIJAYAPUR"}},{"type":"Feature","geometry":{"type":"Point","coordinates":[75.69412,16.85135]},"properties":{"cell_id":232398,"case_count":2,"gi_zscore":-0.2583,"gi_pvalue":0.252,"significance":"not_sig","district":"VIJAYAPUR"}},{"type":"Feature","geometry":{"type":"Point","coordinates":[76.24706,16.85135]},"properties":{"cell_id":232445,"case_count":1,"gi_zscore":-0.3849,"gi_pvalue":0.123,"significance":"not_sig","district":"VIJAYAPUR"}},{"type":"Feature","geometry":{"type":"Point","coordinates":[75.70588,16.86036]},"properties":{"cell_id":232790,"case_count":1,"gi_zscore":-0.157,"gi_pvalue":0.414,"significance":"not_sig","district":"VIJAYAPUR"}},{"type":"Feature","geometry":{"type":"Point","coordinates":[75.75294,16.86036]},"properties":{"cell_id":232794,"case_count":1,"gi_zscore":-0.233,"gi_pvalue":0.31,"significance":"not_sig","district":"VIJAYAPUR"}},{"type":"Feature","geometry":{"type":"Point","coordinates":[76.10588,16.86937]},"properties":{"cell_id":233215,"case_count":1,"gi_zscore":-0.4103,"gi_pvalue":0.07,"significance":"cold_90","district":"VIJAYAPUR"}},{"type":"Feature","geometry":{"type":"Point","coordinates":[76.31765,16.87838]},"properties":{"cell_id":233624,"case_count":1,"gi_zscore":-0.3849,"gi_pvalue":0.123,"significance":"not_sig","district":"VIJAYAPUR"}},{"type":"Feature","geometry":{"type":"Point","coordinates":[75.78824,16.88739]},"properties":{"cell_id":233970,"case_count":1,"gi_zscore":-0.3343,"gi_pvalue":0.214,"significance":"not_sig","district":"VIJAYAPUR"}},{"type":"Feature","geometry":{"type":"Point","coordinates":[76.32941,16.90541]},"properties":{"cell_id":234798,"case_count":1,"gi_zscore":-0.3849,"gi_pvalue":0.123,"significance":"not_sig","district":"VIJAYAPUR"}},{"type":"Feature","geometry":{"type":"Point","coordinates":[75.42353,16.91441]},"properties":{"cell_id":235112,"case_count":1,"gi_zscore":-0.4356,"gi_pvalue":0.07,"significance":"cold_90","district":"VIJAYAPUR"}},{"type":"Feature","geometry":{"type":"Point","coordinates":[75.70588,16.91441]},"properties":{"cell_id":235136,"case_count":1,"gi_zscore":-0.3596,"gi_pvalue":0.165,"significance":"not_sig","district":"VIJAYAPUR"}},{"type":"Feature","geometry":{"type":"Point","coordinates":[76.22353,16.91441]},"properties":{"cell_id":235180,"case_count":2,"gi_zscore":-0.3849,"gi_pvalue":0.072,"significance":"cold_90","district":"VIJAYAPUR"}},{"type":"Feature","geometry":{"type":"Point","coordinates":[76.23529,16.91441]},"properties":{"cell_id":235181,"case_count":1,"gi_zscore":-0.3849,"gi_pvalue":0.121,"significance":"not_sig","district":"VIJAYAPUR"}},{"type":"Feature","geometry":{"type":"Point","coordinates":[76.22353,16.92342]},"properties":{"cell_id":235571,"case_count":1,"gi_zscore":-0.3849,"gi_pvalue":0.121,"significance":"not_sig","district":"VIJAYAPUR"}},{"type":"Feature","geometry":{"type":"Point","coordinates":[76.23529,16.92342]},"properties":{"cell_id":235572,"case_count":2,"gi_zscore":-0.3849,"gi_pvalue":0.071,"significance":"cold_90","district":"VIJAYAPUR"}},{"type":"Feature","geometry":{"type":"Point","coordinates":[75.37647,16.93243]},"properties":{"cell_id":235890,"case_count":1,"gi_zscore":-0.4356,"gi_pvalue":0.066,"significance":"cold_90","district":"VIJAYAPUR"}},{"type":"Feature","geometry":{"type":"Point","coordinates":[75.61176,16.93243]},"properties":{"cell_id":235910,"case_count":1,"gi_zscore":-0.4103,"gi_pvalue":0.119,"significance":"not_sig","district":"VIJAYAPUR"}},{"type":"Feature","geometry":{"type":"Point","coordinates":[75.62353,16.93243]},"properties":{"cell_id":235911,"case_count":1,"gi_zscore":-0.4103,"gi_pvalue":0.119,"significance":"not_sig","district":"VIJAYAPUR"}},{"type":"Feature","geometry":{"type":"Point","coordinates":[75.52941,16.94144]},"properties":{"cell_id":236294,"case_count":1,"gi_zscore":-0.4356,"gi_pvalue":0.066,"significance":"cold_90","district":"VIJAYAPUR"}},{"type":"Feature","geometry":{"type":"Point","coordinates":[75.97647,16.95045]},"properties":{"cell_id":236723,"case_count":1,"gi_zscore":-0.4356,"gi_pvalue":0.066,"significance":"cold_90","district":"VIJAYAPUR"}},{"type":"Feature","geometry":{"type":"Point","coordinates":[75.95294,16.96847]},"properties":{"cell_id":237503,"case_count":1,"gi_zscore":-0.4356,"gi_pvalue":0.066,"significance":"cold_90","district":"VIJAYAPUR"}},{"type":"Feature","geometry":{"type":"Point","coordinates":[75.75294,16.97748]},"properties":{"cell_id":237877,"case_count":1,"gi_zscore":-0.4356,"gi_pvalue":0.066,"significance":"cold_90","district":"VIJAYAPUR"}},{"type":"Feature","geometry":{"type":"Point","coordinates":[75.68235,16.98649]},"properties":{"cell_id":238262,"case_count":1,"gi_zscore":-0.4356,"gi_pvalue":0.066,"significance":"cold_90","district":"VIJAYAPUR"}},{"type":"Feature","geometry":{"type":"Point","coordinates":[75.8,16.98649]},"properties":{"cell_id":238272,"case_count":1,"gi_zscore":-0.4356,"gi_pvalue":0.066,"significance":"cold_90","district":"VIJAYAPUR"}},{"type":"Feature","geometry":{"type":"Point","coordinates":[75.88235,16.98649]},"properties":{"cell_id":238279,"case_count":1,"gi_zscore":-0.4356,"gi_pvalue":0.066,"significance":"cold_90","district":"VIJAYAPUR"}},{"type":"Feature","geometry":{"type":"Point","coordinates":[75.90588,16.98649]},"properties":{"cell_id":238281,"case_count":1,"gi_zscore":-0.4356,"gi_pvalue":0.066,"significance":"cold_90","district":"VIJAYAPUR"}},{"type":"Feature","geometry":{"type":"Point","coordinates":[76.05882,16.98649]},"properties":{"cell_id":238294,"case_count":1,"gi_zscore":-0.4356,"gi_pvalue":0.066,"significance":"cold_90","district":"VIJAYAPUR"}},{"type":"Feature","geometry":{"type":"Point","coordinates":[75.8,17.02252]},"properties":{"cell_id":239836,"case_count":1,"gi_zscore":-0.4356,"gi_pvalue":0.066,"significance":"cold_90","district":"VIJAYAPUR"}},{"type":"Feature","geometry":{"type":"Point","coordinates":[75.70588,17.03153]},"properties":{"cell_id":240219,"case_count":1,"gi_zscore":-0.4356,"gi_pvalue":0.066,"significance":"cold_90","district":"VIJAYAPUR"}},{"type":"Feature","geometry":{"type":"Point","coordinates":[75.92941,17.03153]},"properties":{"cell_id":240238,"case_count":1,"gi_zscore":-0.4356,"gi_pvalue":0.066,"significance":"cold_90","district":"VIJAYAPUR"}},{"type":"Feature","geometry":{"type":"Point","coordinates":[76.08235,17.05856]},"properties":{"cell_id":241424,"case_count":1,"gi_zscore":-0.4356,"gi_pvalue":0.066,"significance":"cold_90","district":"VIJAYAPUR"}},{"type":"Feature","geometry":{"type":"Point","coordinates":[75.78824,17.08559]},"properties":{"cell_id":242572,"case_count":1,"gi_zscore":-0.4356,"gi_pvalue":0.066,"significance":"cold_90","district":"VIJAYAPUR"}},{"type":"Feature","geometry":{"type":"Point","coordinates":[75.95294,17.08559]},"properties":{"cell_id":242586,"case_count":1,"gi_zscore":-0.4356,"gi_pvalue":0.066,"significance":"cold_90","district":"VIJAYAPUR"}},{"type":"Feature","geometry":{"type":"Point","coordinates":[75.96471,17.08559]},"properties":{"cell_id":242587,"case_count":1,"gi_zscore":-0.4356,"gi_pvalue":0.066,"significance":"cold_90","district":"VIJAYAPUR"}},{"type":"Feature","geometry":{"type":"Point","coordinates":[76.22353,17.09459]},"properties":{"cell_id":243000,"case_count":1,"gi_zscore":-0.3849,"gi_pvalue":0.158,"significance":"not_sig","district":"VIJAYAPUR"}},{"type":"Feature","geometry":{"type":"Point","coordinates":[75.85882,17.11261]},"properties":{"cell_id":243751,"case_count":1,"gi_zscore":-0.4356,"gi_pvalue":0.066,"significance":"cold_90","district":"VIJAYAPUR"}},{"type":"Feature","geometry":{"type":"Point","coordinates":[75.67059,17.12162]},"properties":{"cell_id":244126,"case_count":1,"gi_zscore":-0.4356,"gi_pvalue":0.066,"significance":"cold_90","district":"VIJAYAPUR"}},{"type":"Feature","geometry":{"type":"Point","coordinates":[75.78824,17.12162]},"properties":{"cell_id":244136,"case_count":1,"gi_zscore":-0.4356,"gi_pvalue":0.066,"significance":"cold_90","district":"VIJAYAPUR"}},{"type":"Feature","geometry":{"type":"Point","coordinates":[75.77647,17.15766]},"properties":{"cell_id":245699,"case_count":1,"gi_zscore":-0.4356,"gi_pvalue":0.066,"significance":"cold_90","district":"VIJAYAPUR"}},{"type":"Feature","geometry":{"type":"Point","coordinates":[76.09412,17.16667]},"properties":{"cell_id":246117,"case_count":1,"gi_zscore":-0.4356,"gi_pvalue":0.066,"significance":"cold_90","district":"VIJAYAPUR"}},{"type":"Feature","geometry":{"type":"Point","coordinates":[76.2,17.16667]},"properties":{"cell_id":246126,"case_count":1,"gi_zscore":-0.4356,"gi_pvalue":0.066,"significance":"cold_90","district":"VIJAYAPUR"}},{"type":"Feature","geometry":{"type":"Point","coordinates":[75.94118,17.17568]},"properties":{"cell_id":246495,"case_count":1,"gi_zscore":-0.4356,"gi_pvalue":0.066,"significance":"cold_90","district":"VIJAYAPUR"}},{"type":"Feature","geometry":{"type":"Point","coordinates":[75.95294,17.17568]},"properties":{"cell_id":246496,"case_count":1,"gi_zscore":-0.4356,"gi_pvalue":0.066,"significance":"cold_90","district":"VIJAYAPUR"}},{"type":"Feature","geometry":{"type":"Point","coordinates":[76.16471,17.17568]},"properties":{"cell_id":246514,"case_count":1,"gi_zscore":-0.4356,"gi_pvalue":0.066,"significance":"cold_90","district":"VIJAYAPUR"}},{"type":"Feature","geometry":{"type":"Point","coordinates":[76.17647,17.17568]},"properties":{"cell_id":246515,"case_count":1,"gi_zscore":-0.4356,"gi_pvalue":0.066,"significance":"cold_90","district":"VIJAYAPUR"}},{"type":"Feature","geometry":{"type":"Point","coordinates":[75.95294,17.18468]},"properties":{"cell_id":246887,"case_count":1,"gi_zscore":-0.4356,"gi_pvalue":0.066,"significance":"cold_90","district":"VIJAYAPUR"}},{"type":"Feature","geometry":{"type":"Point","coordinates":[75.96471,17.18468]},"properties":{"cell_id":246888,"case_count":1,"gi_zscore":-0.4356,"gi_pvalue":0.066,"significance":"cold_90","district":"VIJAYAPUR"}},{"type":"Feature","geometry":{"type":"Point","coordinates":[76.04706,17.22072]},"properties":{"cell_id":248459,"case_count":1,"gi_zscore":-0.4356,"gi_pvalue":0.066,"significance":"cold_90","district":"VIJAYAPUR"}},{"type":"Feature","geometry":{"type":"Point","coordinates":[75.8,17.23874]},"properties":{"cell_id":249220,"case_count":1,"gi_zscore":-0.4103,"gi_pvalue":0.066,"significance":"cold_90","district":"VIJAYAPUR"}},{"type":"Feature","geometry":{"type":"Point","coordinates":[76.0,17.24775]},"properties":{"cell_id":249628,"case_count":1,"gi_zscore":-0.4356,"gi_pvalue":0.066,"significance":"cold_90","district":"VIJAYAPUR"}},{"type":"Feature","geometry":{"type":"Point","coordinates":[76.11765,17.24775]},"properties":{"cell_id":249638,"case_count":1,"gi_zscore":-0.4356,"gi_pvalue":0.066,"significance":"cold_90","district":"VIJAYAPUR"}},{"type":"Feature","geometry":{"type":"Point","coordinates":[75.8,17.25676]},"properties":{"cell_id":250002,"case_count":1,"gi_zscore":-0.4103,"gi_pvalue":0.066,"significance":"cold_90","district":"VIJAYAPUR"}},{"type":"Feature","geometry":{"type":"Point","coordinates":[75.68235,17.27477]},"properties":{"cell_id":250774,"case_count":1,"gi_zscore":-0.4103,"gi_pvalue":0.066,"significance":"cold_90","district":"VIJAYAPUR"}},{"type":"Feature","geometry":{"type":"Point","coordinates":[75.94118,17.29279]},"properties":{"cell_id":251578,"case_count":1,"gi_zscore":-0.4356,"gi_pvalue":0.066,"significance":"cold_90","district":"VIJAYAPUR"}},{"type":"Feature","geometry":{"type":"Point","coordinates":[75.65882,17.31081]},"properties":{"cell_id":252336,"case_count":1,"gi_zscore":-0.4103,"gi_pvalue":0.066,"significance":"cold_90","district":"VIJAYAPUR"}},{"type":"Feature","geometry":{"type":"Point","coordinates":[75.67059,17.31081]},"properties":{"cell_id":252337,"case_count":2,"gi_zscore":-0.4103,"gi_pvalue":0.001,"significance":"cold_99","district":"VIJAYAPUR"}},{"type":"Feature","geometry":{"type":"Point","coordinates":[75.68235,17.32883]},"properties":{"cell_id":253120,"case_count":1,"gi_zscore":-0.4103,"gi_pvalue":0.071,"significance":"cold_90","district":"VIJAYAPUR"}},{"type":"Feature","geometry":{"type":"Point","coordinates":[75.62353,17.34685]},"properties":{"cell_id":253897,"case_count":1,"gi_zscore":-0.4103,"gi_pvalue":0.071,"significance":"cold_90","district":"VIJAYAPUR"}},{"type":"Feature","geometry":{"type":"Point","coordinates":[75.68235,17.37387]},"properties":{"cell_id":255075,"case_count":1,"gi_zscore":-0.4103,"gi_pvalue":0.071,"significance":"cold_90","district":"VIJAYAPUR"}},{"type":"Feature","geometry":{"type":"Point","coordinates":[77.68235,12.82432]},"properties":{"cell_id":57790,"case_count":1,"gi_zscore":0.9084,"gi_pvalue":0.003,"significance":"hot_99","district":"YADGIR"}},{"type":"Feature","geometry":{"type":"Point","coordinates":[77.6,12.96847]},"properties":{"cell_id":64039,"case_count":3,"gi_zscore":1.1585,"gi_pvalue":0.001,"significance":"hot_99","district":"YADGIR"}},{"type":"Feature","geometry":{"type":"Point","coordinates":[77.6,12.97748]},"properties":{"cell_id":64430,"case_count":20,"gi_zscore":1.1585,"gi_pvalue":0.015,"significance":"hot_95","district":"YADGIR"}},{"type":"Feature","geometry":{"type":"Point","coordinates":[77.6,12.98649]},"properties":{"cell_id":64821,"case_count":1,"gi_zscore":1.1585,"gi_pvalue":0.001,"significance":"hot_99","district":"YADGIR"}},{"type":"Feature","geometry":{"type":"Point","coordinates":[77.61176,12.98649]},"properties":{"cell_id":64822,"case_count":12,"gi_zscore":1.1585,"gi_pvalue":0.005,"significance":"hot_99","district":"YADGIR"}},{"type":"Feature","geometry":{"type":"Point","coordinates":[77.61176,12.9955]},"properties":{"cell_id":65213,"case_count":1,"gi_zscore":1.1585,"gi_pvalue":0.001,"significance":"hot_99","district":"YADGIR"}},{"type":"Feature","geometry":{"type":"Point","coordinates":[77.62353,12.9955]},"properties":{"cell_id":65214,"case_count":10,"gi_zscore":1.3807,"gi_pvalue":0.001,"significance":"hot_99","district":"YADGIR"}},{"type":"Feature","geometry":{"type":"Point","coordinates":[77.62353,13.0045]},"properties":{"cell_id":65605,"case_count":10,"gi_zscore":1.3807,"gi_pvalue":0.001,"significance":"hot_99","district":"YADGIR"}},{"type":"Feature","geometry":{"type":"Point","coordinates":[77.63529,13.0045]},"properties":{"cell_id":65606,"case_count":5,"gi_zscore":1.1307,"gi_pvalue":0.003,"significance":"hot_99","district":"YADGIR"}},{"type":"Feature","geometry":{"type":"Point","coordinates":[77.63529,13.01351]},"properties":{"cell_id":65997,"case_count":10,"gi_zscore":1.1307,"gi_pvalue":0.005,"significance":"hot_99","district":"YADGIR"}},{"type":"Feature","geometry":{"type":"Point","coordinates":[77.64706,13.02252]},"properties":{"cell_id":66389,"case_count":11,"gi_zscore":1.0196,"gi_pvalue":0.015,"significance":"hot_95","district":"YADGIR"}},{"type":"Feature","geometry":{"type":"Point","coordinates":[77.64706,13.03153]},"properties":{"cell_id":66780,"case_count":6,"gi_zscore":1.1585,"gi_pvalue":0.003,"significance":"hot_99","district":"YADGIR"}},{"type":"Feature","geometry":{"type":"Point","coordinates":[77.65882,13.03153]},"properties":{"cell_id":66781,"case_count":6,"gi_zscore":0.9362,"gi_pvalue":0.009,"significance":"hot_99","district":"YADGIR"}},{"type":"Feature","geometry":{"type":"Point","coordinates":[77.65882,13.04054]},"properties":{"cell_id":67172,"case_count":4,"gi_zscore":0.8529,"gi_pvalue":0.012,"significance":"hot_95","district":"YADGIR"}},{"type":"Feature","geometry":{"type":"Point","coordinates":[77.67059,13.04054]},"properties":{"cell_id":67173,"case_count":5,"gi_zscore":0.8529,"gi_pvalue":0.014,"significance":"hot_95","district":"YADGIR"}},{"type":"Feature","geometry":{"type":"Point","coordinates":[77.67059,13.04955]},"properties":{"cell_id":67564,"case_count":15,"gi_zscore":0.8251,"gi_pvalue":0.062,"significance":"hot_90","district":"YADGIR"}},{"type":"Feature","geometry":{"type":"Point","coordinates":[77.68235,13.04955]},"properties":{"cell_id":67565,"case_count":2,"gi_zscore":0.8529,"gi_pvalue":0.011,"significance":"hot_95","district":"YADGIR"}},{"type":"Feature","geometry":{"type":"Point","coordinates":[77.68235,13.05856]},"properties":{"cell_id":67956,"case_count":10,"gi_zscore":0.8251,"gi_pvalue":0.031,"significance":"hot_95","district":"YADGIR"}},{"type":"Feature","geometry":{"type":"Point","coordinates":[77.68235,13.06757]},"properties":{"cell_id":68347,"case_count":2,"gi_zscore":0.8529,"gi_pvalue":0.009,"significance":"hot_99","district":"YADGIR"}},{"type":"Feature","geometry":{"type":"Point","coordinates":[77.69412,13.06757]},"properties":{"cell_id":68348,"case_count":10,"gi_zscore":0.7417,"gi_pvalue":0.051,"significance":"hot_90","district":"YADGIR"}},{"type":"Feature","geometry":{"type":"Point","coordinates":[77.69412,13.07658]},"properties":{"cell_id":68739,"case_count":7,"gi_zscore":0.6028,"gi_pvalue":0.073,"significance":"hot_90","district":"YADGIR"}},{"type":"Feature","geometry":{"type":"Point","coordinates":[77.70588,13.07658]},"properties":{"cell_id":68740,"case_count":5,"gi_zscore":0.575,"gi_pvalue":0.058,"significance":"hot_90","district":"YADGIR"}},{"type":"Feature","geometry":{"type":"Point","coordinates":[77.70588,13.08559]},"properties":{"cell_id":69131,"case_count":5,"gi_zscore":0.5473,"gi_pvalue":0.068,"significance":"hot_90","district":"YADGIR"}},{"type":"Feature","geometry":{"type":"Point","coordinates":[77.71765,13.08559]},"properties":{"cell_id":69132,"case_count":1,"gi_zscore":0.7973,"gi_pvalue":0.009,"significance":"hot_99","district":"YADGIR"}},{"type":"Feature","geometry":{"type":"Point","coordinates":[77.71765,13.09459]},"properties":{"cell_id":69523,"case_count":10,"gi_zscore":0.714,"gi_pvalue":0.052,"significance":"hot_90","district":"YADGIR"}},{"type":"Feature","geometry":{"type":"Point","coordinates":[77.71765,13.1036]},"properties":{"cell_id":69914,"case_count":1,"gi_zscore":0.7417,"gi_pvalue":0.011,"significance":"hot_95","district":"YADGIR"}},{"type":"Feature","geometry":{"type":"Point","coordinates":[77.72941,13.1036]},"properties":{"cell_id":69915,"case_count":9,"gi_zscore":0.6584,"gi_pvalue":0.055,"significance":"hot_90","district":"YADGIR"}},{"type":"Feature","geometry":{"type":"Point","coordinates":[77.72941,13.11261]},"properties":{"cell_id":70306,"case_count":11,"gi_zscore":0.9918,"gi_pvalue":0.011,"significance":"hot_95","district":"YADGIR"}},{"type":"Feature","geometry":{"type":"Point","coordinates":[77.74118,13.11261]},"properties":{"cell_id":70307,"case_count":7,"gi_zscore":0.9918,"gi_pvalue":0.007,"significance":"hot_99","district":"YADGIR"}},{"type":"Feature","geometry":{"type":"Point","coordinates":[77.74118,13.12162]},"properties":{"cell_id":70698,"case_count":8,"gi_zscore":0.9362,"gi_pvalue":0.011,"significance":"hot_95","district":"YADGIR"}},{"type":"Feature","geometry":{"type":"Point","coordinates":[77.75294,13.12162]},"properties":{"cell_id":70699,"case_count":2,"gi_zscore":0.964,"gi_pvalue":0.004,"significance":"hot_99","district":"YADGIR"}},{"type":"Feature","geometry":{"type":"Point","coordinates":[77.75294,13.13063]},"properties":{"cell_id":71090,"case_count":17,"gi_zscore":0.8807,"gi_pvalue":0.043,"significance":"hot_95","district":"YADGIR"}},{"type":"Feature","geometry":{"type":"Point","coordinates":[77.75294,13.13964]},"properties":{"cell_id":71481,"case_count":1,"gi_zscore":0.7973,"gi_pvalue":0.008,"significance":"hot_99","district":"YADGIR"}},{"type":"Feature","geometry":{"type":"Point","coordinates":[77.76471,13.13964]},"properties":{"cell_id":71482,"case_count":8,"gi_zscore":0.6306,"gi_pvalue":0.066,"significance":"hot_90","district":"YADGIR"}},{"type":"Feature","geometry":{"type":"Point","coordinates":[77.76471,13.14865]},"properties":{"cell_id":71873,"case_count":2,"gi_zscore":0.7695,"gi_pvalue":0.011,"significance":"hot_95","district":"YADGIR"}},{"type":"Feature","geometry":{"type":"Point","coordinates":[77.77647,13.14865]},"properties":{"cell_id":71874,"case_count":6,"gi_zscore":0.7695,"gi_pvalue":0.024,"significance":"hot_95","district":"YADGIR"}},{"type":"Feature","geometry":{"type":"Point","coordinates":[77.77647,13.15766]},"properties":{"cell_id":72265,"case_count":8,"gi_zscore":0.7695,"gi_pvalue":0.03,"significance":"hot_95","district":"YADGIR"}},{"type":"Feature","geometry":{"type":"Point","coordinates":[77.78824,13.15766]},"properties":{"cell_id":72266,"case_count":1,"gi_zscore":0.7695,"gi_pvalue":0.01,"significance":"hot_99","district":"YADGIR"}},{"type":"Feature","geometry":{"type":"Point","coordinates":[77.78824,13.16667]},"properties":{"cell_id":72657,"case_count":13,"gi_zscore":0.7695,"gi_pvalue":0.053,"significance":"hot_90","district":"YADGIR"}},{"type":"Feature","geometry":{"type":"Point","coordinates":[77.8,13.17568]},"properties":{"cell_id":73049,"case_count":2,"gi_zscore":0.7695,"gi_pvalue":0.013,"significance":"hot_95","district":"YADGIR"}},{"type":"Feature","geometry":{"type":"Point","coordinates":[76.35294,16.25676]},"properties":{"cell_id":206648,"case_count":1,"gi_zscore":-0.5919,"gi_pvalue":0.014,"significance":"cold_95","district":"YADGIR"}},{"type":"Feature","geometry":{"type":"Point","coordinates":[76.41176,16.35586]},"properties":{"cell_id":210954,"case_count":1,"gi_zscore":-0.5919,"gi_pvalue":0.014,"significance":"cold_95","district":"YADGIR"}},{"type":"Feature","geometry":{"type":"Point","coordinates":[76.65882,16.37387]},"properties":{"cell_id":211757,"case_count":1,"gi_zscore":-0.4529,"gi_pvalue":0.116,"significance":"not_sig","district":"YADGIR"}},{"type":"Feature","geometry":{"type":"Point","coordinates":[76.65882,16.38288]},"properties":{"cell_id":212148,"case_count":1,"gi_zscore":-0.4529,"gi_pvalue":0.116,"significance":"not_sig","district":"YADGIR"}},{"type":"Feature","geometry":{"type":"Point","coordinates":[76.61176,16.4009]},"properties":{"cell_id":212926,"case_count":1,"gi_zscore":-0.4807,"gi_pvalue":0.083,"significance":"cold_90","district":"YADGIR"}},{"type":"Feature","geometry":{"type":"Point","coordinates":[76.52941,16.44595]},"properties":{"cell_id":214874,"case_count":1,"gi_zscore":-0.5919,"gi_pvalue":0.014,"significance":"cold_95","district":"YADGIR"}},{"type":"Feature","geometry":{"type":"Point","coordinates":[76.72941,16.44595]},"properties":{"cell_id":214891,"case_count":5,"gi_zscore":-0.4529,"gi_pvalue":0.035,"significance":"cold_95","district":"YADGIR"}},{"type":"Feature","geometry":{"type":"Point","coordinates":[76.72941,16.45495]},"properties":{"cell_id":215282,"case_count":1,"gi_zscore":-0.4529,"gi_pvalue":0.112,"significance":"not_sig","district":"YADGIR"}},{"type":"Feature","geometry":{"type":"Point","coordinates":[76.83529,16.45495]},"properties":{"cell_id":215291,"case_count":1,"gi_zscore":-0.5363,"gi_pvalue":0.032,"significance":"cold_95","district":"YADGIR"}},{"type":"Feature","geometry":{"type":"Point","coordinates":[76.74118,16.46396]},"properties":{"cell_id":215674,"case_count":1,"gi_zscore":-0.4252,"gi_pvalue":0.147,"significance":"not_sig","district":"YADGIR"}},{"type":"Feature","geometry":{"type":"Point","coordinates":[76.83529,16.47297]},"properties":{"cell_id":216073,"case_count":1,"gi_zscore":-0.5363,"gi_pvalue":0.032,"significance":"cold_95","district":"YADGIR"}},{"type":"Feature","geometry":{"type":"Point","coordinates":[76.57647,16.48198]},"properties":{"cell_id":216442,"case_count":1,"gi_zscore":-0.5919,"gi_pvalue":0.016,"significance":"cold_95","district":"YADGIR"}},{"type":"Feature","geometry":{"type":"Point","coordinates":[76.85882,16.48198]},"properties":{"cell_id":216466,"case_count":1,"gi_zscore":-0.5641,"gi_pvalue":0.032,"significance":"cold_95","district":"YADGIR"}},{"type":"Feature","geometry":{"type":"Point","coordinates":[77.15294,16.48198]},"properties":{"cell_id":216491,"case_count":1,"gi_zscore":-0.5919,"gi_pvalue":0.016,"significance":"cold_95","district":"YADGIR"}},{"type":"Feature","geometry":{"type":"Point","coordinates":[76.85882,16.5]},"properties":{"cell_id":217248,"case_count":1,"gi_zscore":-0.5641,"gi_pvalue":0.032,"significance":"cold_95","district":"YADGIR"}},{"type":"Feature","geometry":{"type":"Point","coordinates":[76.76471,16.50901]},"properties":{"cell_id":217631,"case_count":2,"gi_zscore":-0.4252,"gi_pvalue":0.126,"significance":"not_sig","district":"YADGIR"}},{"type":"Feature","geometry":{"type":"Point","coordinates":[76.85882,16.50901]},"properties":{"cell_id":217639,"case_count":1,"gi_zscore":-0.5641,"gi_pvalue":0.032,"significance":"cold_95","district":"YADGIR"}},{"type":"Feature","geometry":{"type":"Point","coordinates":[76.97647,16.51802]},"properties":{"cell_id":218040,"case_count":1,"gi_zscore":-0.5919,"gi_pvalue":0.017,"significance":"cold_95","district":"YADGIR"}},{"type":"Feature","geometry":{"type":"Point","coordinates":[76.78824,16.53604]},"properties":{"cell_id":218806,"case_count":1,"gi_zscore":-0.5363,"gi_pvalue":0.032,"significance":"cold_95","district":"YADGIR"}},{"type":"Feature","geometry":{"type":"Point","coordinates":[76.8,16.53604]},"properties":{"cell_id":218807,"case_count":2,"gi_zscore":-0.5363,"gi_pvalue":0.018,"significance":"cold_95","district":"YADGIR"}},{"type":"Feature","geometry":{"type":"Point","coordinates":[76.87059,16.53604]},"properties":{"cell_id":218813,"case_count":1,"gi_zscore":-0.4252,"gi_pvalue":0.153,"significance":"not_sig","district":"YADGIR"}},{"type":"Feature","geometry":{"type":"Point","coordinates":[76.8,16.54505]},"properties":{"cell_id":219198,"case_count":1,"gi_zscore":-0.4252,"gi_pvalue":0.139,"significance":"not_sig","district":"YADGIR"}},{"type":"Feature","geometry":{"type":"Point","coordinates":[76.87059,16.54505]},"properties":{"cell_id":219204,"case_count":1,"gi_zscore":-0.3974,"gi_pvalue":0.174,"significance":"not_sig","district":"YADGIR"}},{"type":"Feature","geometry":{"type":"Point","coordinates":[77.03529,16.54505]},"properties":{"cell_id":219218,"case_count":1,"gi_zscore":-0.5919,"gi_pvalue":0.014,"significance":"cold_95","district":"YADGIR"}},{"type":"Feature","geometry":{"type":"Point","coordinates":[76.96471,16.55405]},"properties":{"cell_id":219603,"case_count":1,"gi_zscore":-0.5363,"gi_pvalue":0.032,"significance":"cold_95","district":"YADGIR"}},{"type":"Feature","geometry":{"type":"Point","coordinates":[76.49412,16.56306]},"properties":{"cell_id":219954,"case_count":1,"gi_zscore":-0.5919,"gi_pvalue":0.014,"significance":"cold_95","district":"YADGIR"}},{"type":"Feature","geometry":{"type":"Point","coordinates":[76.56471,16.56306]},"properties":{"cell_id":219960,"case_count":1,"gi_zscore":-0.5919,"gi_pvalue":0.014,"significance":"cold_95","district":"YADGIR"}},{"type":"Feature","geometry":{"type":"Point","coordinates":[77.05882,16.56306]},"properties":{"cell_id":220002,"case_count":1,"gi_zscore":-0.5919,"gi_pvalue":0.014,"significance":"cold_95","district":"YADGIR"}},{"type":"Feature","geometry":{"type":"Point","coordinates":[76.71765,16.57207]},"properties":{"cell_id":220364,"case_count":1,"gi_zscore":-0.5363,"gi_pvalue":0.052,"significance":"cold_90","district":"YADGIR"}},{"type":"Feature","geometry":{"type":"Point","coordinates":[76.87059,16.57207]},"properties":{"cell_id":220377,"case_count":1,"gi_zscore":-0.3974,"gi_pvalue":0.174,"significance":"not_sig","district":"YADGIR"}},{"type":"Feature","geometry":{"type":"Point","coordinates":[76.85882,16.59009]},"properties":{"cell_id":221158,"case_count":5,"gi_zscore":-0.3974,"gi_pvalue":0.08,"significance":"cold_90","district":"YADGIR"}},{"type":"Feature","geometry":{"type":"Point","coordinates":[76.87059,16.59009]},"properties":{"cell_id":221159,"case_count":2,"gi_zscore":-0.3974,"gi_pvalue":0.158,"significance":"not_sig","district":"YADGIR"}},{"type":"Feature","geometry":{"type":"Point","coordinates":[77.02353,16.5991]},"properties":{"cell_id":221563,"case_count":1,"gi_zscore":-0.5085,"gi_pvalue":0.054,"significance":"cold_90","district":"YADGIR"}},{"type":"Feature","geometry":{"type":"Point","coordinates":[76.49412,16.60811]},"properties":{"cell_id":221909,"case_count":1,"gi_zscore":-0.5919,"gi_pvalue":0.015,"significance":"cold_95","district":"YADGIR"}},{"type":"Feature","geometry":{"type":"Point","coordinates":[76.88235,16.60811]},"properties":{"cell_id":221942,"case_count":3,"gi_zscore":-0.3696,"gi_pvalue":0.161,"significance":"not_sig","district":"YADGIR"}},{"type":"Feature","geometry":{"type":"Point","coordinates":[76.62353,16.61712]},"properties":{"cell_id":222311,"case_count":1,"gi_zscore":-0.5919,"gi_pvalue":0.016,"significance":"cold_95","district":"YADGIR"}},{"type":"Feature","geometry":{"type":"Point","coordinates":[76.63529,16.61712]},"properties":{"cell_id":222312,"case_count":1,"gi_zscore":-0.5919,"gi_pvalue":0.016,"significance":"cold_95","district":"YADGIR"}},{"type":"Feature","geometry":{"type":"Point","coordinates":[76.8,16.62613]},"properties":{"cell_id":222717,"case_count":1,"gi_zscore":-0.3696,"gi_pvalue":0.201,"significance":"not_sig","district":"YADGIR"}},{"type":"Feature","geometry":{"type":"Point","coordinates":[76.77647,16.63514]},"properties":{"cell_id":223106,"case_count":1,"gi_zscore":-0.5641,"gi_pvalue":0.034,"significance":"cold_95","district":"YADGIR"}},{"type":"Feature","geometry":{"type":"Point","coordinates":[76.84706,16.63514]},"properties":{"cell_id":223112,"case_count":1,"gi_zscore":-0.0918,"gi_pvalue":0.498,"significance":"not_sig","district":"YADGIR"}},{"type":"Feature","geometry":{"type":"Point","coordinates":[77.09412,16.64414]},"properties":{"cell_id":223524,"case_count":1,"gi_zscore":-0.5919,"gi_pvalue":0.016,"significance":"cold_95","district":"YADGIR"}},{"type":"Feature","geometry":{"type":"Point","coordinates":[76.76471,16.66216]},"properties":{"cell_id":224278,"case_count":1,"gi_zscore":-0.4807,"gi_pvalue":0.082,"significance":"cold_90","district":"YADGIR"}},{"type":"Feature","geometry":{"type":"Point","coordinates":[77.07059,16.67117]},"properties":{"cell_id":224695,"case_count":1,"gi_zscore":-0.5919,"gi_pvalue":0.016,"significance":"cold_95","district":"YADGIR"}},{"type":"Feature","geometry":{"type":"Point","coordinates":[76.84706,16.68018]},"properties":{"cell_id":225067,"case_count":2,"gi_zscore":-0.1473,"gi_pvalue":0.436,"significance":"not_sig","district":"YADGIR"}},{"type":"Feature","geometry":{"type":"Point","coordinates":[76.74118,16.68919]},"properties":{"cell_id":225449,"case_count":1,"gi_zscore":-0.4529,"gi_pvalue":0.097,"significance":"cold_90","district":"YADGIR"}},{"type":"Feature","geometry":{"type":"Point","coordinates":[76.84706,16.6982]},"properties":{"cell_id":225849,"case_count":11,"gi_zscore":-0.1473,"gi_pvalue":0.175,"significance":"not_sig","district":"YADGIR"}},{"type":"Feature","geometry":{"type":"Point","coordinates":[77.16471,16.6982]},"properties":{"cell_id":225876,"case_count":1,"gi_zscore":-0.5919,"gi_pvalue":0.014,"significance":"cold_95","district":"YADGIR"}},{"type":"Feature","geometry":{"type":"Point","coordinates":[76.83529,16.70721]},"properties":{"cell_id":226239,"case_count":1,"gi_zscore":-0.1473,"gi_pvalue":0.474,"significance":"not_sig","district":"YADGIR"}},{"type":"Feature","geometry":{"type":"Point","coordinates":[76.85882,16.70721]},"properties":{"cell_id":226241,"case_count":1,"gi_zscore":-0.1473,"gi_pvalue":0.474,"significance":"not_sig","district":"YADGIR"}},{"type":"Feature","geometry":{"type":"Point","coordinates":[76.64706,16.71622]},"properties":{"cell_id":226614,"case_count":1,"gi_zscore":-0.4529,"gi_pvalue":0.099,"significance":"cold_90","district":"YADGIR"}},{"type":"Feature","geometry":{"type":"Point","coordinates":[76.8,16.72523]},"properties":{"cell_id":227018,"case_count":2,"gi_zscore":-0.1473,"gi_pvalue":0.455,"significance":"not_sig","district":"YADGIR"}},{"type":"Feature","geometry":{"type":"Point","coordinates":[77.24706,16.72523]},"properties":{"cell_id":227056,"case_count":1,"gi_zscore":-0.5919,"gi_pvalue":0.011,"significance":"cold_95","district":"YADGIR"}},{"type":"Feature","geometry":{"type":"Point","coordinates":[76.8,16.73423]},"properties":{"cell_id":227409,"case_count":3,"gi_zscore":-0.1473,"gi_pvalue":0.412,"significance":"not_sig","district":"YADGIR"}},{"type":"Feature","geometry":{"type":"Point","coordinates":[77.32941,16.73423]},"properties":{"cell_id":227454,"case_count":1,"gi_zscore":-0.5641,"gi_pvalue":0.035,"significance":"cold_95","district":"YADGIR"}},{"type":"Feature","geometry":{"type":"Point","coordinates":[77.10588,16.74324]},"properties":{"cell_id":227826,"case_count":1,"gi_zscore":-0.5919,"gi_pvalue":0.013,"significance":"cold_95","district":"YADGIR"}},{"type":"Feature","geometry":{"type":"Point","coordinates":[77.18824,16.74324]},"properties":{"cell_id":227833,"case_count":1,"gi_zscore":-0.5919,"gi_pvalue":0.013,"significance":"cold_95","district":"YADGIR"}},{"type":"Feature","geometry":{"type":"Point","coordinates":[76.78824,16.75225]},"properties":{"cell_id":228190,"case_count":3,"gi_zscore":-0.1473,"gi_pvalue":0.412,"significance":"not_sig","district":"YADGIR"}},{"type":"Feature","geometry":{"type":"Point","coordinates":[77.12941,16.75225]},"properties":{"cell_id":228219,"case_count":1,"gi_zscore":-0.5919,"gi_pvalue":0.015,"significance":"cold_95","district":"YADGIR"}},{"type":"Feature","geometry":{"type":"Point","coordinates":[77.14118,16.76126]},"properties":{"cell_id":228611,"case_count":1,"gi_zscore":-0.5919,"gi_pvalue":0.015,"significance":"cold_95","district":"YADGIR"}},{"type":"Feature","geometry":{"type":"Point","coordinates":[77.14118,16.77027]},"properties":{"cell_id":229002,"case_count":1,"gi_zscore":-0.5919,"gi_pvalue":0.015,"significance":"cold_95","district":"YADGIR"}},{"type":"Feature","geometry":{"type":"Point","coordinates":[77.37647,16.77928]},"properties":{"cell_id":229413,"case_count":1,"gi_zscore":-0.5641,"gi_pvalue":0.037,"significance":"cold_95","district":"YADGIR"}},{"type":"Feature","geometry":{"type":"Point","coordinates":[76.81176,16.78829]},"properties":{"cell_id":229756,"case_count":1,"gi_zscore":-0.1473,"gi_pvalue":0.464,"significance":"not_sig","district":"YADGIR"}},{"type":"Feature","geometry":{"type":"Point","coordinates":[76.95294,16.7973]},"properties":{"cell_id":230159,"case_count":1,"gi_zscore":-0.2307,"gi_pvalue":0.388,"significance":"not_sig","district":"YADGIR"}},{"type":"Feature","geometry":{"type":"Point","coordinates":[77.14118,16.7973]},"properties":{"cell_id":230175,"case_count":1,"gi_zscore":-0.5919,"gi_pvalue":0.015,"significance":"cold_95","district":"YADGIR"}},{"type":"Feature","geometry":{"type":"Point","coordinates":[77.14118,16.80631]},"properties":{"cell_id":230566,"case_count":1,"gi_zscore":-0.5919,"gi_pvalue":0.015,"significance":"cold_95","district":"YADGIR"}},{"type":"Feature","geometry":{"type":"Point","coordinates":[77.37647,16.81532]},"properties":{"cell_id":230977,"case_count":1,"gi_zscore":-0.5641,"gi_pvalue":0.037,"significance":"cold_95","district":"YADGIR"}},{"type":"Feature","geometry":{"type":"Point","coordinates":[77.38824,16.86937]},"properties":{"cell_id":233324,"case_count":2,"gi_zscore":-0.5641,"gi_pvalue":0.015,"significance":"cold_95","district":"YADGIR"}},{"type":"Feature","geometry":{"type":"Point","coordinates":[77.05882,16.90541]},"properties":{"cell_id":234860,"case_count":1,"gi_zscore":-0.5919,"gi_pvalue":0.015,"significance":"cold_95","district":"YADGIR"}},{"type":"Feature","geometry":{"type":"Point","coordinates":[76.58824,16.98649]},"properties":{"cell_id":238339,"case_count":1,"gi_zscore":-0.4529,"gi_pvalue":0.108,"significance":"not_sig","district":"YADGIR"}}]}