{"type":"FeatureCollection","features":[{"type":"Feature","geometry":{"type":"Point","coordinates":[76.75294,11.73423]},"properties":{"cell_id":10400,"case_count":1,"gi_zscore":-0.1207,"gi_pvalue":0.102,"significance":"not_sig"}},{"type":"Feature","geometry":{"type":"Point","coordinates":[77.07059,11.77928]},"properties":{"cell_id":12382,"case_count":1,"gi_zscore":-0.1207,"gi_pvalue":0.102,"significance":"not_sig"}},{"type":"Feature","geometry":{"type":"Point","coordinates":[76.68235,11.80631]},"properties":{"cell_id":13522,"case_count":1,"gi_zscore":-0.1227,"gi_pvalue":0.102,"significance":"not_sig"}},{"type":"Feature","geometry":{"type":"Point","coordinates":[76.69412,11.80631]},"properties":{"cell_id":13523,"case_count":2,"gi_zscore":-0.1227,"gi_pvalue":0.035,"significance":"cold_95"}},{"type":"Feature","geometry":{"type":"Point","coordinates":[76.78824,11.81532]},"properties":{"cell_id":13922,"case_count":1,"gi_zscore":-0.1207,"gi_pvalue":0.102,"significance":"not_sig"}},{"type":"Feature","geometry":{"type":"Point","coordinates":[76.8,11.82432]},"properties":{"cell_id":14314,"case_count":1,"gi_zscore":-0.1207,"gi_pvalue":0.102,"significance":"not_sig"}},{"type":"Feature","geometry":{"type":"Point","coordinates":[76.67059,11.85135]},"properties":{"cell_id":15476,"case_count":1,"gi_zscore":-0.1227,"gi_pvalue":0.102,"significance":"not_sig"}},{"type":"Feature","geometry":{"type":"Point","coordinates":[76.95294,11.87838]},"properties":{"cell_id":16673,"case_count":1,"gi_zscore":-0.1207,"gi_pvalue":0.102,"significance":"not_sig"}},{"type":"Feature","geometry":{"type":"Point","coordinates":[76.97647,11.88739]},"properties":{"cell_id":17066,"case_count":1,"gi_zscore":-0.1207,"gi_pvalue":0.102,"significance":"not_sig"}},{"type":"Feature","geometry":{"type":"Point","coordinates":[76.94118,11.90541]},"properties":{"cell_id":17845,"case_count":2,"gi_zscore":-0.1207,"gi_pvalue":0.035,"significance":"cold_95"}},{"type":"Feature","geometry":{"type":"Point","coordinates":[76.94118,11.92342]},"properties":{"cell_id":18627,"case_count":1,"gi_zscore":-0.1207,"gi_pvalue":0.102,"significance":"not_sig"}},{"type":"Feature","geometry":{"type":"Point","coordinates":[76.95294,11.92342]},"properties":{"cell_id":18628,"case_count":1,"gi_zscore":-0.1207,"gi_pvalue":0.102,"significance":"not_sig"}},{"type":"Feature","geometry":{"type":"Point","coordinates":[76.96471,11.93243]},"properties":{"cell_id":19020,"case_count":2,"gi_zscore":-0.1207,"gi_pvalue":0.035,"significance":"cold_95"}},{"type":"Feature","geometry":{"type":"Point","coordinates":[77.01176,11.93243]},"properties":{"cell_id":19024,"case_count":1,"gi_zscore":-0.1207,"gi_pvalue":0.102,"significance":"not_sig"}},{"type":"Feature","geometry":{"type":"Point","coordinates":[76.05882,11.96847]},"properties":{"cell_id":20507,"case_count":1,"gi_zscore":-0.1207,"gi_pvalue":0.102,"significance":"not_sig"}},{"type":"Feature","geometry":{"type":"Point","coordinates":[74.0,11.9955]},"properties":{"cell_id":21505,"case_count":3,"gi_zscore":-0.1106,"gi_pvalue":0.382,"significance":"not_sig"}},{"type":"Feature","geometry":{"type":"Point","coordinates":[76.52941,11.9955]},"properties":{"cell_id":21720,"case_count":1,"gi_zscore":-0.1247,"gi_pvalue":0.035,"significance":"cold_95"}},{"type":"Feature","geometry":{"type":"Point","coordinates":[76.03529,12.0045]},"properties":{"cell_id":22069,"case_count":1,"gi_zscore":-0.1207,"gi_pvalue":0.102,"significance":"not_sig"}},{"type":"Feature","geometry":{"type":"Point","coordinates":[76.54118,12.0045]},"properties":{"cell_id":22112,"case_count":1,"gi_zscore":-0.1247,"gi_pvalue":0.035,"significance":"cold_95"}},{"type":"Feature","geometry":{"type":"Point","coordinates":[77.4,12.0045]},"properties":{"cell_id":22185,"case_count":1,"gi_zscore":-0.1187,"gi_pvalue":0.214,"significance":"not_sig"}},{"type":"Feature","geometry":{"type":"Point","coordinates":[76.69412,12.01351]},"properties":{"cell_id":22516,"case_count":1,"gi_zscore":-0.1247,"gi_pvalue":0.035,"significance":"cold_95"}},{"type":"Feature","geometry":{"type":"Point","coordinates":[77.35294,12.03153]},"properties":{"cell_id":23354,"case_count":1,"gi_zscore":-0.1207,"gi_pvalue":0.102,"significance":"not_sig"}},{"type":"Feature","geometry":{"type":"Point","coordinates":[77.42353,12.03153]},"properties":{"cell_id":23360,"case_count":1,"gi_zscore":-0.1187,"gi_pvalue":0.214,"significance":"not_sig"}},{"type":"Feature","geometry":{"type":"Point","coordinates":[77.58824,12.03153]},"properties":{"cell_id":23374,"case_count":1,"gi_zscore":-0.1187,"gi_pvalue":0.214,"significance":"not_sig"}},{"type":"Feature","geometry":{"type":"Point","coordinates":[77.6,12.03153]},"properties":{"cell_id":23375,"case_count":1,"gi_zscore":-0.1187,"gi_pvalue":0.214,"significance":"not_sig"}},{"type":"Feature","geometry":{"type":"Point","coordinates":[76.58824,12.04054]},"properties":{"cell_id":23680,"case_count":1,"gi_zscore":-0.1247,"gi_pvalue":0.035,"significance":"cold_95"}},{"type":"Feature","geometry":{"type":"Point","coordinates":[77.02353,12.04955]},"properties":{"cell_id":24108,"case_count":1,"gi_zscore":-0.1167,"gi_pvalue":0.338,"significance":"not_sig"}},{"type":"Feature","geometry":{"type":"Point","coordinates":[76.90588,12.05856]},"properties":{"cell_id":24489,"case_count":1,"gi_zscore":-0.1207,"gi_pvalue":0.102,"significance":"not_sig"}},{"type":"Feature","geometry":{"type":"Point","coordinates":[77.67059,12.08559]},"properties":{"cell_id":25727,"case_count":1,"gi_zscore":-0.1187,"gi_pvalue":0.214,"significance":"not_sig"}},{"type":"Feature","geometry":{"type":"Point","coordinates":[75.75294,12.09459]},"properties":{"cell_id":25955,"case_count":1,"gi_zscore":-0.1106,"gi_pvalue":0.479,"significance":"not_sig"}},{"type":"Feature","geometry":{"type":"Point","coordinates":[76.32941,12.09459]},"properties":{"cell_id":26004,"case_count":1,"gi_zscore":-0.1207,"gi_pvalue":0.102,"significance":"not_sig"}},{"type":"Feature","geometry":{"type":"Point","coordinates":[77.0,12.09459]},"properties":{"cell_id":26061,"case_count":1,"gi_zscore":-0.1147,"gi_pvalue":0.425,"significance":"not_sig"}},{"type":"Feature","geometry":{"type":"Point","coordinates":[77.2,12.09459]},"properties":{"cell_id":26078,"case_count":1,"gi_zscore":-0.1147,"gi_pvalue":0.425,"significance":"not_sig"}},{"type":"Feature","geometry":{"type":"Point","coordinates":[77.56471,12.09459]},"properties":{"cell_id":26109,"case_count":2,"gi_zscore":-0.1187,"gi_pvalue":0.102,"significance":"not_sig"}},{"type":"Feature","geometry":{"type":"Point","coordinates":[77.6,12.09459]},"properties":{"cell_id":26112,"case_count":3,"gi_zscore":-0.1187,"gi_pvalue":0.102,"significance":"not_sig"}},{"type":"Feature","geometry":{"type":"Point","coordinates":[76.47059,12.1036]},"properties":{"cell_id":26407,"case_count":1,"gi_zscore":-0.1247,"gi_pvalue":0.036,"significance":"cold_95"}},{"type":"Feature","geometry":{"type":"Point","coordinates":[76.6,12.1036]},"properties":{"cell_id":26418,"case_count":1,"gi_zscore":-0.1247,"gi_pvalue":0.036,"significance":"cold_95"}},{"type":"Feature","geometry":{"type":"Point","coordinates":[75.11765,12.12162]},"properties":{"cell_id":27074,"case_count":3,"gi_zscore":-0.1187,"gi_pvalue":0.102,"significance":"not_sig"}},{"type":"Feature","geometry":{"type":"Point","coordinates":[76.05882,12.12162]},"properties":{"cell_id":27154,"case_count":1,"gi_zscore":-0.1207,"gi_pvalue":0.101,"significance":"not_sig"}},{"type":"Feature","geometry":{"type":"Point","coordinates":[76.11765,12.12162]},"properties":{"cell_id":27159,"case_count":2,"gi_zscore":-0.1207,"gi_pvalue":0.037,"significance":"cold_95"}},{"type":"Feature","geometry":{"type":"Point","coordinates":[76.16471,12.12162]},"properties":{"cell_id":27163,"case_count":2,"gi_zscore":-0.1207,"gi_pvalue":0.037,"significance":"cold_95"}},{"type":"Feature","geometry":{"type":"Point","coordinates":[76.68235,12.12162]},"properties":{"cell_id":27207,"case_count":1,"gi_zscore":-0.1247,"gi_pvalue":0.037,"significance":"cold_95"}},{"type":"Feature","geometry":{"type":"Point","coordinates":[77.0,12.12162]},"properties":{"cell_id":27234,"case_count":1,"gi_zscore":-0.1147,"gi_pvalue":0.424,"significance":"not_sig"}},{"type":"Feature","geometry":{"type":"Point","coordinates":[77.12941,12.12162]},"properties":{"cell_id":27245,"case_count":1,"gi_zscore":-0.1147,"gi_pvalue":0.424,"significance":"not_sig"}},{"type":"Feature","geometry":{"type":"Point","coordinates":[77.22353,12.12162]},"properties":{"cell_id":27253,"case_count":1,"gi_zscore":-0.1207,"gi_pvalue":0.101,"significance":"not_sig"}},{"type":"Feature","geometry":{"type":"Point","coordinates":[77.65882,12.12162]},"properties":{"cell_id":27290,"case_count":1,"gi_zscore":-0.1187,"gi_pvalue":0.213,"significance":"not_sig"}},{"type":"Feature","geometry":{"type":"Point","coordinates":[76.85882,12.13063]},"properties":{"cell_id":27613,"case_count":1,"gi_zscore":-0.1227,"gi_pvalue":0.101,"significance":"not_sig"}},{"type":"Feature","geometry":{"type":"Point","coordinates":[77.12941,12.13063]},"properties":{"cell_id":27636,"case_count":1,"gi_zscore":-0.1147,"gi_pvalue":0.377,"significance":"not_sig"}},{"type":"Feature","geometry":{"type":"Point","coordinates":[76.0,12.13964]},"properties":{"cell_id":27931,"case_count":1,"gi_zscore":-0.1147,"gi_pvalue":0.377,"significance":"not_sig"}},{"type":"Feature","geometry":{"type":"Point","coordinates":[75.94118,12.14865]},"properties":{"cell_id":28317,"case_count":1,"gi_zscore":-0.1167,"gi_pvalue":0.334,"significance":"not_sig"}},{"type":"Feature","geometry":{"type":"Point","coordinates":[76.6,12.14865]},"properties":{"cell_id":28373,"case_count":1,"gi_zscore":-0.1227,"gi_pvalue":0.101,"significance":"not_sig"}},{"type":"Feature","geometry":{"type":"Point","coordinates":[77.09412,12.14865]},"properties":{"cell_id":28415,"case_count":4,"gi_zscore":-0.1147,"gi_pvalue":0.199,"significance":"not_sig"}},{"type":"Feature","geometry":{"type":"Point","coordinates":[77.10588,12.15766]},"properties":{"cell_id":28807,"case_count":2,"gi_zscore":-0.1147,"gi_pvalue":0.334,"significance":"not_sig"}},{"type":"Feature","geometry":{"type":"Point","coordinates":[77.11765,12.15766]},"properties":{"cell_id":28808,"case_count":2,"gi_zscore":-0.1147,"gi_pvalue":0.334,"significance":"not_sig"}},{"type":"Feature","geometry":{"type":"Point","coordinates":[77.14118,12.15766]},"properties":{"cell_id":28810,"case_count":1,"gi_zscore":-0.1147,"gi_pvalue":0.377,"significance":"not_sig"}},{"type":"Feature","geometry":{"type":"Point","coordinates":[75.8,12.16667]},"properties":{"cell_id":29087,"case_count":1,"gi_zscore":-0.1106,"gi_pvalue":0.477,"significance":"not_sig"}},{"type":"Feature","geometry":{"type":"Point","coordinates":[75.83529,12.16667]},"properties":{"cell_id":29090,"case_count":4,"gi_zscore":-0.1106,"gi_pvalue":0.287,"significance":"not_sig"}},{"type":"Feature","geometry":{"type":"Point","coordinates":[75.91765,12.18468]},"properties":{"cell_id":29879,"case_count":1,"gi_zscore":-0.1147,"gi_pvalue":0.424,"significance":"not_sig"}},{"type":"Feature","geometry":{"type":"Point","coordinates":[75.92941,12.18468]},"properties":{"cell_id":29880,"case_count":1,"gi_zscore":-0.1147,"gi_pvalue":0.424,"significance":"not_sig"}},{"type":"Feature","geometry":{"type":"Point","coordinates":[76.38824,12.18468]},"properties":{"cell_id":29919,"case_count":1,"gi_zscore":-0.1227,"gi_pvalue":0.1,"significance":"cold_90"}},{"type":"Feature","geometry":{"type":"Point","coordinates":[75.8,12.19369]},"properties":{"cell_id":30260,"case_count":2,"gi_zscore":-0.1106,"gi_pvalue":0.427,"significance":"not_sig"}},{"type":"Feature","geometry":{"type":"Point","coordinates":[75.81176,12.19369]},"properties":{"cell_id":30261,"case_count":1,"gi_zscore":-0.1106,"gi_pvalue":0.476,"significance":"not_sig"}},{"type":"Feature","geometry":{"type":"Point","coordinates":[77.05882,12.19369]},"properties":{"cell_id":30367,"case_count":1,"gi_zscore":-0.1147,"gi_pvalue":0.424,"significance":"not_sig"}},{"type":"Feature","geometry":{"type":"Point","coordinates":[75.8,12.2027]},"properties":{"cell_id":30651,"case_count":3,"gi_zscore":-0.1106,"gi_pvalue":0.382,"significance":"not_sig"}},{"type":"Feature","geometry":{"type":"Point","coordinates":[76.31765,12.21171]},"properties":{"cell_id":31086,"case_count":1,"gi_zscore":-0.1207,"gi_pvalue":0.099,"significance":"cold_90"}},{"type":"Feature","geometry":{"type":"Point","coordinates":[76.89412,12.21171]},"properties":{"cell_id":31135,"case_count":2,"gi_zscore":-0.1187,"gi_pvalue":0.099,"significance":"cold_90"}},{"type":"Feature","geometry":{"type":"Point","coordinates":[77.12941,12.21171]},"properties":{"cell_id":31155,"case_count":1,"gi_zscore":-0.1126,"gi_pvalue":0.475,"significance":"not_sig"}},{"type":"Feature","geometry":{"type":"Point","coordinates":[77.25882,12.21171]},"properties":{"cell_id":31166,"case_count":1,"gi_zscore":-0.1207,"gi_pvalue":0.099,"significance":"cold_90"}},{"type":"Feature","geometry":{"type":"Point","coordinates":[76.90588,12.22072]},"properties":{"cell_id":31527,"case_count":1,"gi_zscore":-0.1187,"gi_pvalue":0.213,"significance":"not_sig"}},{"type":"Feature","geometry":{"type":"Point","coordinates":[77.14118,12.22072]},"properties":{"cell_id":31547,"case_count":1,"gi_zscore":-0.1126,"gi_pvalue":0.475,"significance":"not_sig"}},{"type":"Feature","geometry":{"type":"Point","coordinates":[77.30588,12.22072]},"properties":{"cell_id":31561,"case_count":2,"gi_zscore":-0.1167,"gi_pvalue":0.213,"significance":"not_sig"}},{"type":"Feature","geometry":{"type":"Point","coordinates":[76.57647,12.22973]},"properties":{"cell_id":31890,"case_count":1,"gi_zscore":-0.1066,"gi_pvalue":0.428,"significance":"not_sig"}},{"type":"Feature","geometry":{"type":"Point","coordinates":[75.85882,12.23874]},"properties":{"cell_id":32220,"case_count":2,"gi_zscore":-0.1046,"gi_pvalue":0.429,"significance":"not_sig"}},{"type":"Feature","geometry":{"type":"Point","coordinates":[76.90588,12.23874]},"properties":{"cell_id":32309,"case_count":1,"gi_zscore":-0.1187,"gi_pvalue":0.213,"significance":"not_sig"}},{"type":"Feature","geometry":{"type":"Point","coordinates":[76.95294,12.23874]},"properties":{"cell_id":32313,"case_count":1,"gi_zscore":-0.1187,"gi_pvalue":0.213,"significance":"not_sig"}},{"type":"Feature","geometry":{"type":"Point","coordinates":[77.23529,12.23874]},"properties":{"cell_id":32337,"case_count":1,"gi_zscore":-0.1207,"gi_pvalue":0.099,"significance":"cold_90"}},{"type":"Feature","geometry":{"type":"Point","coordinates":[77.4,12.23874]},"properties":{"cell_id":32351,"case_count":1,"gi_zscore":-0.1187,"gi_pvalue":0.213,"significance":"not_sig"}},{"type":"Feature","geometry":{"type":"Point","coordinates":[77.14118,12.24775]},"properties":{"cell_id":32720,"case_count":1,"gi_zscore":-0.1187,"gi_pvalue":0.213,"significance":"not_sig"}},{"type":"Feature","geometry":{"type":"Point","coordinates":[76.63529,12.25676]},"properties":{"cell_id":33068,"case_count":1,"gi_zscore":-0.1046,"gi_pvalue":0.36,"significance":"not_sig"}},{"type":"Feature","geometry":{"type":"Point","coordinates":[77.17647,12.25676]},"properties":{"cell_id":33114,"case_count":2,"gi_zscore":-0.1207,"gi_pvalue":0.037,"significance":"cold_95"}},{"type":"Feature","geometry":{"type":"Point","coordinates":[77.21176,12.25676]},"properties":{"cell_id":33117,"case_count":1,"gi_zscore":-0.1187,"gi_pvalue":0.213,"significance":"not_sig"}},{"type":"Feature","geometry":{"type":"Point","coordinates":[75.71765,12.26577]},"properties":{"cell_id":33381,"case_count":1,"gi_zscore":-0.1167,"gi_pvalue":0.286,"significance":"not_sig"}},{"type":"Feature","geometry":{"type":"Point","coordinates":[76.63529,12.26577]},"properties":{"cell_id":33459,"case_count":2,"gi_zscore":-0.1066,"gi_pvalue":0.473,"significance":"not_sig"}},{"type":"Feature","geometry":{"type":"Point","coordinates":[76.64706,12.26577]},"properties":{"cell_id":33460,"case_count":1,"gi_zscore":-0.1046,"gi_pvalue":0.36,"significance":"not_sig"}},{"type":"Feature","geometry":{"type":"Point","coordinates":[76.65882,12.26577]},"properties":{"cell_id":33461,"case_count":1,"gi_zscore":-0.1046,"gi_pvalue":0.36,"significance":"not_sig"}},{"type":"Feature","geometry":{"type":"Point","coordinates":[75.65882,12.27477]},"properties":{"cell_id":33767,"case_count":1,"gi_zscore":-0.1187,"gi_pvalue":0.213,"significance":"not_sig"}},{"type":"Feature","geometry":{"type":"Point","coordinates":[76.61176,12.28378]},"properties":{"cell_id":34239,"case_count":1,"gi_zscore":-0.1066,"gi_pvalue":0.428,"significance":"not_sig"}},{"type":"Feature","geometry":{"type":"Point","coordinates":[76.63529,12.28378]},"properties":{"cell_id":34241,"case_count":9,"gi_zscore":-0.1066,"gi_pvalue":0.038,"significance":"cold_95"}},{"type":"Feature","geometry":{"type":"Point","coordinates":[76.64706,12.28378]},"properties":{"cell_id":34242,"case_count":1,"gi_zscore":-0.1046,"gi_pvalue":0.361,"significance":"not_sig"}},{"type":"Feature","geometry":{"type":"Point","coordinates":[76.65882,12.28378]},"properties":{"cell_id":34243,"case_count":2,"gi_zscore":-0.1046,"gi_pvalue":0.394,"significance":"not_sig"}},{"type":"Feature","geometry":{"type":"Point","coordinates":[76.55294,12.29279]},"properties":{"cell_id":34625,"case_count":1,"gi_zscore":-0.1247,"gi_pvalue":0.037,"significance":"cold_95"}},{"type":"Feature","geometry":{"type":"Point","coordinates":[76.61176,12.29279]},"properties":{"cell_id":34630,"case_count":1,"gi_zscore":-0.1086,"gi_pvalue":0.427,"significance":"not_sig"}},{"type":"Feature","geometry":{"type":"Point","coordinates":[76.62353,12.29279]},"properties":{"cell_id":34631,"case_count":1,"gi_zscore":-0.1086,"gi_pvalue":0.427,"significance":"not_sig"}},{"type":"Feature","geometry":{"type":"Point","coordinates":[76.63529,12.29279]},"properties":{"cell_id":34632,"case_count":1,"gi_zscore":-0.0986,"gi_pvalue":0.3,"significance":"not_sig"}},{"type":"Feature","geometry":{"type":"Point","coordinates":[76.64706,12.29279]},"properties":{"cell_id":34633,"case_count":1,"gi_zscore":-0.0785,"gi_pvalue":0.182,"significance":"not_sig"}},{"type":"Feature","geometry":{"type":"Point","coordinates":[76.69412,12.29279]},"properties":{"cell_id":34637,"case_count":1,"gi_zscore":-0.1086,"gi_pvalue":0.427,"significance":"not_sig"}},{"type":"Feature","geometry":{"type":"Point","coordinates":[75.87059,12.3018]},"properties":{"cell_id":34958,"case_count":4,"gi_zscore":-0.1106,"gi_pvalue":0.288,"significance":"not_sig"}},{"type":"Feature","geometry":{"type":"Point","coordinates":[76.62353,12.3018]},"properties":{"cell_id":35022,"case_count":1,"gi_zscore":-0.1086,"gi_pvalue":0.426,"significance":"not_sig"}},{"type":"Feature","geometry":{"type":"Point","coordinates":[76.64706,12.3018]},"properties":{"cell_id":35024,"case_count":1,"gi_zscore":-0.0785,"gi_pvalue":0.182,"significance":"not_sig"}},{"type":"Feature","geometry":{"type":"Point","coordinates":[76.65882,12.3018]},"properties":{"cell_id":35025,"case_count":2,"gi_zscore":-0.0865,"gi_pvalue":0.231,"significance":"not_sig"}},{"type":"Feature","geometry":{"type":"Point","coordinates":[76.87059,12.3018]},"properties":{"cell_id":35043,"case_count":1,"gi_zscore":-0.1167,"gi_pvalue":0.288,"significance":"not_sig"}},{"type":"Feature","geometry":{"type":"Point","coordinates":[76.94118,12.3018]},"properties":{"cell_id":35049,"case_count":1,"gi_zscore":-0.1187,"gi_pvalue":0.217,"significance":"not_sig"}},{"type":"Feature","geometry":{"type":"Point","coordinates":[75.69412,12.31081]},"properties":{"cell_id":35334,"case_count":1,"gi_zscore":-0.1187,"gi_pvalue":0.217,"significance":"not_sig"}},{"type":"Feature","geometry":{"type":"Point","coordinates":[75.87059,12.31081]},"properties":{"cell_id":35349,"case_count":1,"gi_zscore":-0.1106,"gi_pvalue":0.473,"significance":"not_sig"}},{"type":"Feature","geometry":{"type":"Point","coordinates":[76.64706,12.31081]},"properties":{"cell_id":35415,"case_count":6,"gi_zscore":-0.0905,"gi_pvalue":0.317,"significance":"not_sig"}},{"type":"Feature","geometry":{"type":"Point","coordinates":[76.65882,12.31081]},"properties":{"cell_id":35416,"case_count":9,"gi_zscore":-0.0845,"gi_pvalue":0.317,"significance":"not_sig"}},{"type":"Feature","geometry":{"type":"Point","coordinates":[76.67059,12.31081]},"properties":{"cell_id":35417,"case_count":3,"gi_zscore":-0.0926,"gi_pvalue":0.287,"significance":"not_sig"}},{"type":"Feature","geometry":{"type":"Point","coordinates":[76.69412,12.31081]},"properties":{"cell_id":35419,"case_count":2,"gi_zscore":-0.1106,"gi_pvalue":0.472,"significance":"not_sig"}},{"type":"Feature","geometry":{"type":"Point","coordinates":[76.70588,12.31081]},"properties":{"cell_id":35420,"case_count":2,"gi_zscore":-0.1106,"gi_pvalue":0.472,"significance":"not_sig"}},{"type":"Feature","geometry":{"type":"Point","coordinates":[75.88235,12.31982]},"properties":{"cell_id":35741,"case_count":1,"gi_zscore":-0.1126,"gi_pvalue":0.472,"significance":"not_sig"}},{"type":"Feature","geometry":{"type":"Point","coordinates":[76.6,12.31982]},"properties":{"cell_id":35802,"case_count":1,"gi_zscore":-0.1247,"gi_pvalue":0.038,"significance":"cold_95"}},{"type":"Feature","geometry":{"type":"Point","coordinates":[76.61176,12.31982]},"properties":{"cell_id":35803,"case_count":1,"gi_zscore":-0.1247,"gi_pvalue":0.038,"significance":"cold_95"}},{"type":"Feature","geometry":{"type":"Point","coordinates":[76.63529,12.31982]},"properties":{"cell_id":35805,"case_count":1,"gi_zscore":-0.1106,"gi_pvalue":0.473,"significance":"not_sig"}},{"type":"Feature","geometry":{"type":"Point","coordinates":[76.64706,12.31982]},"properties":{"cell_id":35806,"case_count":2,"gi_zscore":-0.0905,"gi_pvalue":0.25,"significance":"not_sig"}},{"type":"Feature","geometry":{"type":"Point","coordinates":[76.65882,12.31982]},"properties":{"cell_id":35807,"case_count":2,"gi_zscore":-0.0845,"gi_pvalue":0.222,"significance":"not_sig"}},{"type":"Feature","geometry":{"type":"Point","coordinates":[76.67059,12.31982]},"properties":{"cell_id":35808,"case_count":2,"gi_zscore":-0.0926,"gi_pvalue":0.265,"significance":"not_sig"}},{"type":"Feature","geometry":{"type":"Point","coordinates":[76.68235,12.31982]},"properties":{"cell_id":35809,"case_count":2,"gi_zscore":-0.0946,"gi_pvalue":0.287,"significance":"not_sig"}},{"type":"Feature","geometry":{"type":"Point","coordinates":[76.69412,12.31982]},"properties":{"cell_id":35810,"case_count":1,"gi_zscore":-0.1106,"gi_pvalue":0.473,"significance":"not_sig"}},{"type":"Feature","geometry":{"type":"Point","coordinates":[75.70588,12.32883]},"properties":{"cell_id":36117,"case_count":1,"gi_zscore":-0.1126,"gi_pvalue":0.472,"significance":"not_sig"}},{"type":"Feature","geometry":{"type":"Point","coordinates":[76.63529,12.32883]},"properties":{"cell_id":36196,"case_count":1,"gi_zscore":-0.1086,"gi_pvalue":0.473,"significance":"not_sig"}},{"type":"Feature","geometry":{"type":"Point","coordinates":[76.64706,12.32883]},"properties":{"cell_id":36197,"case_count":2,"gi_zscore":-0.1147,"gi_pvalue":0.334,"significance":"not_sig"}},{"type":"Feature","geometry":{"type":"Point","coordinates":[76.65882,12.32883]},"properties":{"cell_id":36198,"case_count":2,"gi_zscore":-0.0966,"gi_pvalue":0.295,"significance":"not_sig"}},{"type":"Feature","geometry":{"type":"Point","coordinates":[76.67059,12.32883]},"properties":{"cell_id":36199,"case_count":1,"gi_zscore":-0.1086,"gi_pvalue":0.43,"significance":"not_sig"}},{"type":"Feature","geometry":{"type":"Point","coordinates":[76.68235,12.32883]},"properties":{"cell_id":36200,"case_count":2,"gi_zscore":-0.1106,"gi_pvalue":0.472,"significance":"not_sig"}},{"type":"Feature","geometry":{"type":"Point","coordinates":[76.88235,12.32883]},"properties":{"cell_id":36217,"case_count":3,"gi_zscore":-0.1167,"gi_pvalue":0.101,"significance":"not_sig"}},{"type":"Feature","geometry":{"type":"Point","coordinates":[76.08235,12.33784]},"properties":{"cell_id":36540,"case_count":1,"gi_zscore":-0.1066,"gi_pvalue":0.429,"significance":"not_sig"}},{"type":"Feature","geometry":{"type":"Point","coordinates":[76.09412,12.33784]},"properties":{"cell_id":36541,"case_count":3,"gi_zscore":-0.1066,"gi_pvalue":0.489,"significance":"not_sig"}},{"type":"Feature","geometry":{"type":"Point","coordinates":[76.45882,12.33784]},"properties":{"cell_id":36572,"case_count":2,"gi_zscore":-0.1187,"gi_pvalue":0.102,"significance":"not_sig"}},{"type":"Feature","geometry":{"type":"Point","coordinates":[76.48235,12.33784]},"properties":{"cell_id":36574,"case_count":1,"gi_zscore":-0.1207,"gi_pvalue":0.101,"significance":"not_sig"}},{"type":"Feature","geometry":{"type":"Point","coordinates":[76.58824,12.33784]},"properties":{"cell_id":36583,"case_count":1,"gi_zscore":-0.1227,"gi_pvalue":0.101,"significance":"not_sig"}},{"type":"Feature","geometry":{"type":"Point","coordinates":[76.6,12.33784]},"properties":{"cell_id":36584,"case_count":1,"gi_zscore":-0.1227,"gi_pvalue":0.101,"significance":"not_sig"}},{"type":"Feature","geometry":{"type":"Point","coordinates":[76.61176,12.33784]},"properties":{"cell_id":36585,"case_count":1,"gi_zscore":-0.1227,"gi_pvalue":0.101,"significance":"not_sig"}},{"type":"Feature","geometry":{"type":"Point","coordinates":[76.64706,12.33784]},"properties":{"cell_id":36588,"case_count":1,"gi_zscore":-0.1147,"gi_pvalue":0.424,"significance":"not_sig"}},{"type":"Feature","geometry":{"type":"Point","coordinates":[76.65882,12.33784]},"properties":{"cell_id":36589,"case_count":2,"gi_zscore":-0.1147,"gi_pvalue":0.334,"significance":"not_sig"}},{"type":"Feature","geometry":{"type":"Point","coordinates":[76.90588,12.33784]},"properties":{"cell_id":36610,"case_count":1,"gi_zscore":-0.1187,"gi_pvalue":0.219,"significance":"not_sig"}},{"type":"Feature","geometry":{"type":"Point","coordinates":[76.43529,12.34685]},"properties":{"cell_id":36961,"case_count":1,"gi_zscore":-0.1187,"gi_pvalue":0.219,"significance":"not_sig"}},{"type":"Feature","geometry":{"type":"Point","coordinates":[76.50588,12.34685]},"properties":{"cell_id":36967,"case_count":1,"gi_zscore":-0.1227,"gi_pvalue":0.101,"significance":"not_sig"}},{"type":"Feature","geometry":{"type":"Point","coordinates":[76.58824,12.34685]},"properties":{"cell_id":36974,"case_count":1,"gi_zscore":-0.1227,"gi_pvalue":0.101,"significance":"not_sig"}},{"type":"Feature","geometry":{"type":"Point","coordinates":[76.61176,12.34685]},"properties":{"cell_id":36976,"case_count":1,"gi_zscore":-0.1227,"gi_pvalue":0.101,"significance":"not_sig"}},{"type":"Feature","geometry":{"type":"Point","coordinates":[76.62353,12.34685]},"properties":{"cell_id":36977,"case_count":1,"gi_zscore":-0.1227,"gi_pvalue":0.101,"significance":"not_sig"}},{"type":"Feature","geometry":{"type":"Point","coordinates":[76.63529,12.34685]},"properties":{"cell_id":36978,"case_count":2,"gi_zscore":-0.1207,"gi_pvalue":0.037,"significance":"cold_95"}},{"type":"Feature","geometry":{"type":"Point","coordinates":[76.64706,12.34685]},"properties":{"cell_id":36979,"case_count":1,"gi_zscore":-0.1167,"gi_pvalue":0.334,"significance":"not_sig"}},{"type":"Feature","geometry":{"type":"Point","coordinates":[76.67059,12.34685]},"properties":{"cell_id":36981,"case_count":1,"gi_zscore":-0.1167,"gi_pvalue":0.334,"significance":"not_sig"}},{"type":"Feature","geometry":{"type":"Point","coordinates":[76.31765,12.35586]},"properties":{"cell_id":37342,"case_count":1,"gi_zscore":-0.1207,"gi_pvalue":0.101,"significance":"not_sig"}},{"type":"Feature","geometry":{"type":"Point","coordinates":[76.51765,12.35586]},"properties":{"cell_id":37359,"case_count":1,"gi_zscore":-0.1227,"gi_pvalue":0.101,"significance":"not_sig"}},{"type":"Feature","geometry":{"type":"Point","coordinates":[76.63529,12.35586]},"properties":{"cell_id":37369,"case_count":1,"gi_zscore":-0.1207,"gi_pvalue":0.101,"significance":"not_sig"}},{"type":"Feature","geometry":{"type":"Point","coordinates":[76.64706,12.35586]},"properties":{"cell_id":37370,"case_count":1,"gi_zscore":-0.1187,"gi_pvalue":0.219,"significance":"not_sig"}},{"type":"Feature","geometry":{"type":"Point","coordinates":[77.25882,12.36486]},"properties":{"cell_id":37813,"case_count":2,"gi_zscore":-0.1167,"gi_pvalue":0.219,"significance":"not_sig"}},{"type":"Feature","geometry":{"type":"Point","coordinates":[77.36471,12.36486]},"properties":{"cell_id":37822,"case_count":2,"gi_zscore":-0.1207,"gi_pvalue":0.102,"significance":"not_sig"}},{"type":"Feature","geometry":{"type":"Point","coordinates":[77.41176,12.36486]},"properties":{"cell_id":37826,"case_count":1,"gi_zscore":-0.1167,"gi_pvalue":0.289,"significance":"not_sig"}},{"type":"Feature","geometry":{"type":"Point","coordinates":[77.65882,12.36486]},"properties":{"cell_id":37847,"case_count":1,"gi_zscore":-0.1187,"gi_pvalue":0.218,"significance":"not_sig"}},{"type":"Feature","geometry":{"type":"Point","coordinates":[76.4,12.39189]},"properties":{"cell_id":38913,"case_count":2,"gi_zscore":-0.1187,"gi_pvalue":0.101,"significance":"not_sig"}},{"type":"Feature","geometry":{"type":"Point","coordinates":[76.34118,12.4009]},"properties":{"cell_id":39299,"case_count":1,"gi_zscore":-0.1207,"gi_pvalue":0.101,"significance":"not_sig"}},{"type":"Feature","geometry":{"type":"Point","coordinates":[75.94118,12.40991]},"properties":{"cell_id":39656,"case_count":1,"gi_zscore":-0.1106,"gi_pvalue":0.472,"significance":"not_sig"}},{"type":"Feature","geometry":{"type":"Point","coordinates":[75.72941,12.42793]},"properties":{"cell_id":40420,"case_count":1,"gi_zscore":-0.1247,"gi_pvalue":0.037,"significance":"cold_95"}},{"type":"Feature","geometry":{"type":"Point","coordinates":[76.30588,12.42793]},"properties":{"cell_id":40469,"case_count":1,"gi_zscore":-0.1227,"gi_pvalue":0.101,"significance":"not_sig"}},{"type":"Feature","geometry":{"type":"Point","coordinates":[77.22353,12.42793]},"properties":{"cell_id":40547,"case_count":1,"gi_zscore":-0.1207,"gi_pvalue":0.204,"significance":"not_sig"}},{"type":"Feature","geometry":{"type":"Point","coordinates":[77.87059,12.42793]},"properties":{"cell_id":40602,"case_count":2,"gi_zscore":-0.1126,"gi_pvalue":0.426,"significance":"not_sig"}},{"type":"Feature","geometry":{"type":"Point","coordinates":[76.37647,12.43694]},"properties":{"cell_id":40866,"case_count":1,"gi_zscore":-0.1207,"gi_pvalue":0.101,"significance":"not_sig"}},{"type":"Feature","geometry":{"type":"Point","coordinates":[76.38824,12.43694]},"properties":{"cell_id":40867,"case_count":2,"gi_zscore":-0.1207,"gi_pvalue":0.037,"significance":"cold_95"}},{"type":"Feature","geometry":{"type":"Point","coordinates":[75.97647,12.44595]},"properties":{"cell_id":41223,"case_count":1,"gi_zscore":-0.1106,"gi_pvalue":0.472,"significance":"not_sig"}},{"type":"Feature","geometry":{"type":"Point","coordinates":[76.24706,12.44595]},"properties":{"cell_id":41246,"case_count":1,"gi_zscore":-0.1227,"gi_pvalue":0.101,"significance":"not_sig"}},{"type":"Feature","geometry":{"type":"Point","coordinates":[76.37647,12.44595]},"properties":{"cell_id":41257,"case_count":1,"gi_zscore":-0.1207,"gi_pvalue":0.101,"significance":"not_sig"}},{"type":"Feature","geometry":{"type":"Point","coordinates":[75.82353,12.45495]},"properties":{"cell_id":41601,"case_count":1,"gi_zscore":-0.1106,"gi_pvalue":0.472,"significance":"not_sig"}},{"type":"Feature","geometry":{"type":"Point","coordinates":[75.83529,12.45495]},"properties":{"cell_id":41602,"case_count":1,"gi_zscore":-0.1106,"gi_pvalue":0.472,"significance":"not_sig"}},{"type":"Feature","geometry":{"type":"Point","coordinates":[75.96471,12.45495]},"properties":{"cell_id":41613,"case_count":4,"gi_zscore":-0.1106,"gi_pvalue":0.358,"significance":"not_sig"}},{"type":"Feature","geometry":{"type":"Point","coordinates":[76.10588,12.45495]},"properties":{"cell_id":41625,"case_count":1,"gi_zscore":-0.1066,"gi_pvalue":0.428,"significance":"not_sig"}},{"type":"Feature","geometry":{"type":"Point","coordinates":[76.24706,12.45495]},"properties":{"cell_id":41637,"case_count":1,"gi_zscore":-0.1227,"gi_pvalue":0.1,"significance":"cold_90"}},{"type":"Feature","geometry":{"type":"Point","coordinates":[77.37647,12.45495]},"properties":{"cell_id":41733,"case_count":1,"gi_zscore":-0.1187,"gi_pvalue":0.217,"significance":"not_sig"}},{"type":"Feature","geometry":{"type":"Point","coordinates":[77.45882,12.45495]},"properties":{"cell_id":41740,"case_count":1,"gi_zscore":-0.1167,"gi_pvalue":0.288,"significance":"not_sig"}},{"type":"Feature","geometry":{"type":"Point","coordinates":[77.54118,12.45495]},"properties":{"cell_id":41747,"case_count":1,"gi_zscore":-0.1207,"gi_pvalue":0.1,"significance":"cold_90"}},{"type":"Feature","geometry":{"type":"Point","coordinates":[77.55294,12.45495]},"properties":{"cell_id":41748,"case_count":2,"gi_zscore":-0.1207,"gi_pvalue":0.037,"significance":"cold_95"}},{"type":"Feature","geometry":{"type":"Point","coordinates":[77.57647,12.45495]},"properties":{"cell_id":41750,"case_count":1,"gi_zscore":-0.1207,"gi_pvalue":0.1,"significance":"cold_90"}},{"type":"Feature","geometry":{"type":"Point","coordinates":[75.94118,12.46396]},"properties":{"cell_id":42002,"case_count":1,"gi_zscore":-0.1106,"gi_pvalue":0.472,"significance":"not_sig"}},{"type":"Feature","geometry":{"type":"Point","coordinates":[75.96471,12.46396]},"properties":{"cell_id":42004,"case_count":5,"gi_zscore":-0.1106,"gi_pvalue":0.288,"significance":"not_sig"}},{"type":"Feature","geometry":{"type":"Point","coordinates":[76.38824,12.47297]},"properties":{"cell_id":42431,"case_count":1,"gi_zscore":-0.1207,"gi_pvalue":0.1,"significance":"cold_90"}},{"type":"Feature","geometry":{"type":"Point","coordinates":[75.90588,12.49099]},"properties":{"cell_id":43172,"case_count":1,"gi_zscore":-0.1106,"gi_pvalue":0.47,"significance":"not_sig"}},{"type":"Feature","geometry":{"type":"Point","coordinates":[75.95294,12.5]},"properties":{"cell_id":43567,"case_count":1,"gi_zscore":-0.1106,"gi_pvalue":0.47,"significance":"not_sig"}},{"type":"Feature","geometry":{"type":"Point","coordinates":[76.67059,12.5]},"properties":{"cell_id":43628,"case_count":5,"gi_zscore":-0.1126,"gi_pvalue":0.203,"significance":"not_sig"}},{"type":"Feature","geometry":{"type":"Point","coordinates":[77.35294,12.5]},"properties":{"cell_id":43686,"case_count":1,"gi_zscore":-0.1167,"gi_pvalue":0.286,"significance":"not_sig"}},{"type":"Feature","geometry":{"type":"Point","coordinates":[77.37647,12.5]},"properties":{"cell_id":43688,"case_count":1,"gi_zscore":-0.1167,"gi_pvalue":0.332,"significance":"not_sig"}},{"type":"Feature","geometry":{"type":"Point","coordinates":[74.50588,12.50901]},"properties":{"cell_id":43835,"case_count":1,"gi_zscore":-0.1086,"gi_pvalue":0.471,"significance":"not_sig"}},{"type":"Feature","geometry":{"type":"Point","coordinates":[76.88235,12.50901]},"properties":{"cell_id":44037,"case_count":1,"gi_zscore":-0.1106,"gi_pvalue":0.471,"significance":"not_sig"}},{"type":"Feature","geometry":{"type":"Point","coordinates":[77.36471,12.50901]},"properties":{"cell_id":44078,"case_count":1,"gi_zscore":-0.1167,"gi_pvalue":0.332,"significance":"not_sig"}},{"type":"Feature","geometry":{"type":"Point","coordinates":[77.37647,12.50901]},"properties":{"cell_id":44079,"case_count":2,"gi_zscore":-0.1187,"gi_pvalue":0.101,"significance":"not_sig"}},{"type":"Feature","geometry":{"type":"Point","coordinates":[77.38824,12.50901]},"properties":{"cell_id":44080,"case_count":3,"gi_zscore":-0.1187,"gi_pvalue":0.101,"significance":"not_sig"}},{"type":"Feature","geometry":{"type":"Point","coordinates":[76.88235,12.51802]},"properties":{"cell_id":44428,"case_count":2,"gi_zscore":-0.1147,"gi_pvalue":0.332,"significance":"not_sig"}},{"type":"Feature","geometry":{"type":"Point","coordinates":[77.36471,12.51802]},"properties":{"cell_id":44469,"case_count":1,"gi_zscore":-0.1167,"gi_pvalue":0.285,"significance":"not_sig"}},{"type":"Feature","geometry":{"type":"Point","coordinates":[75.97647,12.52703]},"properties":{"cell_id":44742,"case_count":1,"gi_zscore":-0.1106,"gi_pvalue":0.472,"significance":"not_sig"}},{"type":"Feature","geometry":{"type":"Point","coordinates":[75.98824,12.52703]},"properties":{"cell_id":44743,"case_count":1,"gi_zscore":-0.1106,"gi_pvalue":0.472,"significance":"not_sig"}},{"type":"Feature","geometry":{"type":"Point","coordinates":[76.89412,12.52703]},"properties":{"cell_id":44820,"case_count":3,"gi_zscore":-0.1147,"gi_pvalue":0.285,"significance":"not_sig"}},{"type":"Feature","geometry":{"type":"Point","coordinates":[76.90588,12.52703]},"properties":{"cell_id":44821,"case_count":2,"gi_zscore":-0.1147,"gi_pvalue":0.332,"significance":"not_sig"}},{"type":"Feature","geometry":{"type":"Point","coordinates":[77.35294,12.52703]},"properties":{"cell_id":44859,"case_count":2,"gi_zscore":-0.1187,"gi_pvalue":0.098,"significance":"cold_90"}},{"type":"Feature","geometry":{"type":"Point","coordinates":[77.36471,12.52703]},"properties":{"cell_id":44860,"case_count":1,"gi_zscore":-0.1167,"gi_pvalue":0.284,"significance":"not_sig"}},{"type":"Feature","geometry":{"type":"Point","coordinates":[77.37647,12.52703]},"properties":{"cell_id":44861,"case_count":1,"gi_zscore":-0.1167,"gi_pvalue":0.284,"significance":"not_sig"}},{"type":"Feature","geometry":{"type":"Point","coordinates":[76.32941,12.53604]},"properties":{"cell_id":45163,"case_count":1,"gi_zscore":-0.1227,"gi_pvalue":0.098,"significance":"cold_90"}},{"type":"Feature","geometry":{"type":"Point","coordinates":[77.35294,12.53604]},"properties":{"cell_id":45250,"case_count":3,"gi_zscore":-0.1167,"gi_pvalue":0.202,"significance":"not_sig"}},{"type":"Feature","geometry":{"type":"Point","coordinates":[77.37647,12.53604]},"properties":{"cell_id":45252,"case_count":1,"gi_zscore":-0.1167,"gi_pvalue":0.333,"significance":"not_sig"}},{"type":"Feature","geometry":{"type":"Point","coordinates":[77.83529,12.53604]},"properties":{"cell_id":45291,"case_count":1,"gi_zscore":-0.1147,"gi_pvalue":0.427,"significance":"not_sig"}},{"type":"Feature","geometry":{"type":"Point","coordinates":[76.89412,12.54505]},"properties":{"cell_id":45602,"case_count":2,"gi_zscore":-0.1147,"gi_pvalue":0.333,"significance":"not_sig"}},{"type":"Feature","geometry":{"type":"Point","coordinates":[77.09412,12.54505]},"properties":{"cell_id":45619,"case_count":1,"gi_zscore":-0.1207,"gi_pvalue":0.099,"significance":"cold_90"}},{"type":"Feature","geometry":{"type":"Point","coordinates":[77.24706,12.54505]},"properties":{"cell_id":45632,"case_count":1,"gi_zscore":-0.1187,"gi_pvalue":0.216,"significance":"not_sig"}},{"type":"Feature","geometry":{"type":"Point","coordinates":[77.29412,12.54505]},"properties":{"cell_id":45636,"case_count":1,"gi_zscore":-0.0926,"gi_pvalue":0.26,"significance":"not_sig"}},{"type":"Feature","geometry":{"type":"Point","coordinates":[77.38824,12.54505]},"properties":{"cell_id":45644,"case_count":1,"gi_zscore":-0.1247,"gi_pvalue":0.035,"significance":"cold_95"}},{"type":"Feature","geometry":{"type":"Point","coordinates":[77.42353,12.54505]},"properties":{"cell_id":45647,"case_count":1,"gi_zscore":-0.1247,"gi_pvalue":0.035,"significance":"cold_95"}},{"type":"Feature","geometry":{"type":"Point","coordinates":[77.56471,12.54505]},"properties":{"cell_id":45659,"case_count":2,"gi_zscore":-0.1207,"gi_pvalue":0.035,"significance":"cold_95"}},{"type":"Feature","geometry":{"type":"Point","coordinates":[75.38824,12.55405]},"properties":{"cell_id":45865,"case_count":1,"gi_zscore":-0.1207,"gi_pvalue":0.099,"significance":"cold_90"}},{"type":"Feature","geometry":{"type":"Point","coordinates":[77.32941,12.55405]},"properties":{"cell_id":46030,"case_count":1,"gi_zscore":-0.0644,"gi_pvalue":0.154,"significance":"not_sig"}},{"type":"Feature","geometry":{"type":"Point","coordinates":[77.35294,12.55405]},"properties":{"cell_id":46032,"case_count":1,"gi_zscore":-0.1126,"gi_pvalue":0.471,"significance":"not_sig"}},{"type":"Feature","geometry":{"type":"Point","coordinates":[77.37647,12.55405]},"properties":{"cell_id":46034,"case_count":1,"gi_zscore":-0.1247,"gi_pvalue":0.035,"significance":"cold_95"}},{"type":"Feature","geometry":{"type":"Point","coordinates":[77.41176,12.55405]},"properties":{"cell_id":46037,"case_count":1,"gi_zscore":-0.1247,"gi_pvalue":0.035,"significance":"cold_95"}},{"type":"Feature","geometry":{"type":"Point","coordinates":[77.42353,12.55405]},"properties":{"cell_id":46038,"case_count":1,"gi_zscore":-0.1247,"gi_pvalue":0.035,"significance":"cold_95"}},{"type":"Feature","geometry":{"type":"Point","coordinates":[76.0,12.56306]},"properties":{"cell_id":46308,"case_count":1,"gi_zscore":-0.1106,"gi_pvalue":0.47,"significance":"not_sig"}},{"type":"Feature","geometry":{"type":"Point","coordinates":[76.25882,12.56306]},"properties":{"cell_id":46330,"case_count":2,"gi_zscore":-0.1227,"gi_pvalue":0.035,"significance":"cold_95"}},{"type":"Feature","geometry":{"type":"Point","coordinates":[76.29412,12.56306]},"properties":{"cell_id":46333,"case_count":1,"gi_zscore":-0.1227,"gi_pvalue":0.098,"significance":"cold_90"}},{"type":"Feature","geometry":{"type":"Point","coordinates":[77.28235,12.56306]},"properties":{"cell_id":46417,"case_count":1,"gi_zscore":-0.1167,"gi_pvalue":0.333,"significance":"not_sig"}},{"type":"Feature","geometry":{"type":"Point","coordinates":[77.29412,12.56306]},"properties":{"cell_id":46418,"case_count":1,"gi_zscore":-0.0926,"gi_pvalue":0.251,"significance":"not_sig"}},{"type":"Feature","geometry":{"type":"Point","coordinates":[77.31765,12.56306]},"properties":{"cell_id":46420,"case_count":4,"gi_zscore":-0.0624,"gi_pvalue":0.162,"significance":"not_sig"}},{"type":"Feature","geometry":{"type":"Point","coordinates":[77.34118,12.56306]},"properties":{"cell_id":46422,"case_count":2,"gi_zscore":-0.0584,"gi_pvalue":0.151,"significance":"not_sig"}},{"type":"Feature","geometry":{"type":"Point","coordinates":[77.38824,12.56306]},"properties":{"cell_id":46426,"case_count":1,"gi_zscore":-0.1247,"gi_pvalue":0.035,"significance":"cold_95"}},{"type":"Feature","geometry":{"type":"Point","coordinates":[77.4,12.56306]},"properties":{"cell_id":46427,"case_count":1,"gi_zscore":-0.1247,"gi_pvalue":0.035,"significance":"cold_95"}},{"type":"Feature","geometry":{"type":"Point","coordinates":[77.56471,12.56306]},"properties":{"cell_id":46441,"case_count":1,"gi_zscore":-0.1207,"gi_pvalue":0.097,"significance":"cold_90"}},{"type":"Feature","geometry":{"type":"Point","coordinates":[75.38824,12.57207]},"properties":{"cell_id":46647,"case_count":1,"gi_zscore":-0.1207,"gi_pvalue":0.097,"significance":"cold_90"}},{"type":"Feature","geometry":{"type":"Point","coordinates":[77.29412,12.57207]},"properties":{"cell_id":46809,"case_count":1,"gi_zscore":-0.0986,"gi_pvalue":0.303,"significance":"not_sig"}},{"type":"Feature","geometry":{"type":"Point","coordinates":[77.30588,12.57207]},"properties":{"cell_id":46810,"case_count":4,"gi_zscore":-0.0926,"gi_pvalue":0.297,"significance":"not_sig"}},{"type":"Feature","geometry":{"type":"Point","coordinates":[77.31765,12.57207]},"properties":{"cell_id":46811,"case_count":10,"gi_zscore":-0.0624,"gi_pvalue":0.197,"significance":"not_sig"}},{"type":"Feature","geometry":{"type":"Point","coordinates":[77.32941,12.57207]},"properties":{"cell_id":46812,"case_count":16,"gi_zscore":-0.0584,"gi_pvalue":0.237,"significance":"not_sig"}},{"type":"Feature","geometry":{"type":"Point","coordinates":[77.34118,12.57207]},"properties":{"cell_id":46813,"case_count":3,"gi_zscore":-0.0423,"gi_pvalue":0.133,"significance":"not_sig"}},{"type":"Feature","geometry":{"type":"Point","coordinates":[77.38824,12.57207]},"properties":{"cell_id":46817,"case_count":1,"gi_zscore":-0.1247,"gi_pvalue":0.034,"significance":"cold_95"}},{"type":"Feature","geometry":{"type":"Point","coordinates":[77.42353,12.57207]},"properties":{"cell_id":46820,"case_count":1,"gi_zscore":-0.1247,"gi_pvalue":0.034,"significance":"cold_95"}},{"type":"Feature","geometry":{"type":"Point","coordinates":[77.52941,12.57207]},"properties":{"cell_id":46829,"case_count":1,"gi_zscore":-0.1227,"gi_pvalue":0.096,"significance":"cold_90"}},{"type":"Feature","geometry":{"type":"Point","coordinates":[77.57647,12.57207]},"properties":{"cell_id":46833,"case_count":1,"gi_zscore":-0.1207,"gi_pvalue":0.202,"significance":"not_sig"}},{"type":"Feature","geometry":{"type":"Point","coordinates":[76.27059,12.58108]},"properties":{"cell_id":47113,"case_count":1,"gi_zscore":-0.1227,"gi_pvalue":0.096,"significance":"cold_90"}},{"type":"Feature","geometry":{"type":"Point","coordinates":[77.28235,12.58108]},"properties":{"cell_id":47199,"case_count":1,"gi_zscore":-0.1167,"gi_pvalue":0.333,"significance":"not_sig"}},{"type":"Feature","geometry":{"type":"Point","coordinates":[77.30588,12.58108]},"properties":{"cell_id":47201,"case_count":2,"gi_zscore":-0.0926,"gi_pvalue":0.264,"significance":"not_sig"}},{"type":"Feature","geometry":{"type":"Point","coordinates":[77.31765,12.58108]},"properties":{"cell_id":47202,"case_count":1,"gi_zscore":-0.0624,"gi_pvalue":0.152,"significance":"not_sig"}},{"type":"Feature","geometry":{"type":"Point","coordinates":[77.32941,12.58108]},"properties":{"cell_id":47203,"case_count":1,"gi_zscore":-0.0604,"gi_pvalue":0.151,"significance":"not_sig"}},{"type":"Feature","geometry":{"type":"Point","coordinates":[76.35294,12.59009]},"properties":{"cell_id":47511,"case_count":1,"gi_zscore":-0.1227,"gi_pvalue":0.097,"significance":"cold_90"}},{"type":"Feature","geometry":{"type":"Point","coordinates":[76.90588,12.59009]},"properties":{"cell_id":47558,"case_count":1,"gi_zscore":-0.1147,"gi_pvalue":0.425,"significance":"not_sig"}},{"type":"Feature","geometry":{"type":"Point","coordinates":[77.03529,12.59009]},"properties":{"cell_id":47569,"case_count":1,"gi_zscore":-0.1167,"gi_pvalue":0.333,"significance":"not_sig"}},{"type":"Feature","geometry":{"type":"Point","coordinates":[77.04706,12.59009]},"properties":{"cell_id":47570,"case_count":1,"gi_zscore":-0.1167,"gi_pvalue":0.333,"significance":"not_sig"}},{"type":"Feature","geometry":{"type":"Point","coordinates":[77.16471,12.59009]},"properties":{"cell_id":47580,"case_count":1,"gi_zscore":-0.1167,"gi_pvalue":0.285,"significance":"not_sig"}},{"type":"Feature","geometry":{"type":"Point","coordinates":[77.28235,12.59009]},"properties":{"cell_id":47590,"case_count":1,"gi_zscore":-0.1167,"gi_pvalue":0.333,"significance":"not_sig"}},{"type":"Feature","geometry":{"type":"Point","coordinates":[77.29412,12.59009]},"properties":{"cell_id":47591,"case_count":1,"gi_zscore":-0.1167,"gi_pvalue":0.333,"significance":"not_sig"}},{"type":"Feature","geometry":{"type":"Point","coordinates":[77.31765,12.59009]},"properties":{"cell_id":47593,"case_count":1,"gi_zscore":-0.0684,"gi_pvalue":0.16,"significance":"not_sig"}},{"type":"Feature","geometry":{"type":"Point","coordinates":[77.34118,12.59009]},"properties":{"cell_id":47595,"case_count":4,"gi_zscore":-0.0624,"gi_pvalue":0.162,"significance":"not_sig"}},{"type":"Feature","geometry":{"type":"Point","coordinates":[77.35294,12.59009]},"properties":{"cell_id":47596,"case_count":12,"gi_zscore":-0.0604,"gi_pvalue":0.208,"significance":"not_sig"}},{"type":"Feature","geometry":{"type":"Point","coordinates":[77.36471,12.59009]},"properties":{"cell_id":47597,"case_count":1,"gi_zscore":-0.0905,"gi_pvalue":0.25,"significance":"not_sig"}},{"type":"Feature","geometry":{"type":"Point","coordinates":[77.52941,12.59009]},"properties":{"cell_id":47611,"case_count":1,"gi_zscore":-0.1207,"gi_pvalue":0.098,"significance":"cold_90"}},{"type":"Feature","geometry":{"type":"Point","coordinates":[75.84706,12.5991]},"properties":{"cell_id":47859,"case_count":4,"gi_zscore":-0.1167,"gi_pvalue":0.098,"significance":"cold_90"}},{"type":"Feature","geometry":{"type":"Point","coordinates":[76.35294,12.5991]},"properties":{"cell_id":47902,"case_count":1,"gi_zscore":-0.1227,"gi_pvalue":0.098,"significance":"cold_90"}},{"type":"Feature","geometry":{"type":"Point","coordinates":[77.28235,12.5991]},"properties":{"cell_id":47981,"case_count":1,"gi_zscore":-0.1167,"gi_pvalue":0.285,"significance":"not_sig"}},{"type":"Feature","geometry":{"type":"Point","coordinates":[77.32941,12.5991]},"properties":{"cell_id":47985,"case_count":1,"gi_zscore":-0.0443,"gi_pvalue":0.131,"significance":"not_sig"}},{"type":"Feature","geometry":{"type":"Point","coordinates":[77.58824,12.5991]},"properties":{"cell_id":48007,"case_count":1,"gi_zscore":-0.1207,"gi_pvalue":0.098,"significance":"cold_90"}},{"type":"Feature","geometry":{"type":"Point","coordinates":[77.03529,12.61712]},"properties":{"cell_id":48742,"case_count":1,"gi_zscore":-0.1207,"gi_pvalue":0.202,"significance":"not_sig"}},{"type":"Feature","geometry":{"type":"Point","coordinates":[76.04706,12.62613]},"properties":{"cell_id":49049,"case_count":1,"gi_zscore":-0.1227,"gi_pvalue":0.098,"significance":"cold_90"}},{"type":"Feature","geometry":{"type":"Point","coordinates":[77.21176,12.64414]},"properties":{"cell_id":49930,"case_count":1,"gi_zscore":-0.1167,"gi_pvalue":0.334,"significance":"not_sig"}},{"type":"Feature","geometry":{"type":"Point","coordinates":[75.92941,12.65315]},"properties":{"cell_id":50212,"case_count":1,"gi_zscore":-0.1147,"gi_pvalue":0.426,"significance":"not_sig"}},{"type":"Feature","geometry":{"type":"Point","coordinates":[77.2,12.65315]},"properties":{"cell_id":50320,"case_count":3,"gi_zscore":-0.1167,"gi_pvalue":0.202,"significance":"not_sig"}},{"type":"Feature","geometry":{"type":"Point","coordinates":[77.21176,12.65315]},"properties":{"cell_id":50321,"case_count":3,"gi_zscore":-0.1167,"gi_pvalue":0.202,"significance":"not_sig"}},{"type":"Feature","geometry":{"type":"Point","coordinates":[77.65882,12.65315]},"properties":{"cell_id":50359,"case_count":1,"gi_zscore":-0.1167,"gi_pvalue":0.334,"significance":"not_sig"}},{"type":"Feature","geometry":{"type":"Point","coordinates":[75.37647,12.66216]},"properties":{"cell_id":50556,"case_count":1,"gi_zscore":-0.1207,"gi_pvalue":0.099,"significance":"cold_90"}},{"type":"Feature","geometry":{"type":"Point","coordinates":[76.49412,12.66216]},"properties":{"cell_id":50651,"case_count":1,"gi_zscore":-0.1227,"gi_pvalue":0.099,"significance":"cold_90"}},{"type":"Feature","geometry":{"type":"Point","coordinates":[77.2,12.66216]},"properties":{"cell_id":50711,"case_count":1,"gi_zscore":-0.1167,"gi_pvalue":0.334,"significance":"not_sig"}},{"type":"Feature","geometry":{"type":"Point","coordinates":[77.21176,12.66216]},"properties":{"cell_id":50712,"case_count":1,"gi_zscore":-0.1167,"gi_pvalue":0.334,"significance":"not_sig"}},{"type":"Feature","geometry":{"type":"Point","coordinates":[77.22353,12.66216]},"properties":{"cell_id":50713,"case_count":1,"gi_zscore":-0.1167,"gi_pvalue":0.334,"significance":"not_sig"}},{"type":"Feature","geometry":{"type":"Point","coordinates":[77.44706,12.66216]},"properties":{"cell_id":50732,"case_count":1,"gi_zscore":-0.1227,"gi_pvalue":0.099,"significance":"cold_90"}},{"type":"Feature","geometry":{"type":"Point","coordinates":[75.61176,12.67117]},"properties":{"cell_id":50967,"case_count":1,"gi_zscore":-0.1167,"gi_pvalue":0.334,"significance":"not_sig"}},{"type":"Feature","geometry":{"type":"Point","coordinates":[77.47059,12.68018]},"properties":{"cell_id":51516,"case_count":2,"gi_zscore":-0.1227,"gi_pvalue":0.035,"significance":"cold_95"}},{"type":"Feature","geometry":{"type":"Point","coordinates":[77.67059,12.68919]},"properties":{"cell_id":51924,"case_count":1,"gi_zscore":-0.1167,"gi_pvalue":0.334,"significance":"not_sig"}},{"type":"Feature","geometry":{"type":"Point","coordinates":[77.72941,12.68919]},"properties":{"cell_id":51929,"case_count":2,"gi_zscore":-0.1167,"gi_pvalue":0.215,"significance":"not_sig"}},{"type":"Feature","geometry":{"type":"Point","coordinates":[77.70588,12.6982]},"properties":{"cell_id":52318,"case_count":4,"gi_zscore":-0.1167,"gi_pvalue":0.102,"significance":"not_sig"}},{"type":"Feature","geometry":{"type":"Point","coordinates":[77.72941,12.6982]},"properties":{"cell_id":52320,"case_count":1,"gi_zscore":-0.1167,"gi_pvalue":0.333,"significance":"not_sig"}},{"type":"Feature","geometry":{"type":"Point","coordinates":[77.27059,12.70721]},"properties":{"cell_id":52672,"case_count":1,"gi_zscore":-0.1167,"gi_pvalue":0.333,"significance":"not_sig"}},{"type":"Feature","geometry":{"type":"Point","coordinates":[77.68235,12.70721]},"properties":{"cell_id":52707,"case_count":1,"gi_zscore":-0.1187,"gi_pvalue":0.283,"significance":"not_sig"}},{"type":"Feature","geometry":{"type":"Point","coordinates":[77.69412,12.70721]},"properties":{"cell_id":52708,"case_count":1,"gi_zscore":-0.1187,"gi_pvalue":0.283,"significance":"not_sig"}},{"type":"Feature","geometry":{"type":"Point","coordinates":[75.90588,12.71622]},"properties":{"cell_id":52947,"case_count":1,"gi_zscore":-0.1126,"gi_pvalue":0.472,"significance":"not_sig"}},{"type":"Feature","geometry":{"type":"Point","coordinates":[77.27059,12.71622]},"properties":{"cell_id":53063,"case_count":1,"gi_zscore":-0.1167,"gi_pvalue":0.333,"significance":"not_sig"}},{"type":"Feature","geometry":{"type":"Point","coordinates":[77.69412,12.71622]},"properties":{"cell_id":53099,"case_count":1,"gi_zscore":-0.1187,"gi_pvalue":0.283,"significance":"not_sig"}},{"type":"Feature","geometry":{"type":"Point","coordinates":[77.70588,12.71622]},"properties":{"cell_id":53100,"case_count":1,"gi_zscore":-0.1167,"gi_pvalue":0.333,"significance":"not_sig"}},{"type":"Feature","geometry":{"type":"Point","coordinates":[75.89412,12.72523]},"properties":{"cell_id":53337,"case_count":2,"gi_zscore":-0.1126,"gi_pvalue":0.425,"significance":"not_sig"}},{"type":"Feature","geometry":{"type":"Point","coordinates":[75.22353,12.73423]},"properties":{"cell_id":53671,"case_count":2,"gi_zscore":-0.1187,"gi_pvalue":0.101,"significance":"not_sig"}},{"type":"Feature","geometry":{"type":"Point","coordinates":[77.67059,12.73423]},"properties":{"cell_id":53879,"case_count":1,"gi_zscore":-0.1207,"gi_pvalue":0.099,"significance":"cold_90"}},{"type":"Feature","geometry":{"type":"Point","coordinates":[75.04706,12.74324]},"properties":{"cell_id":54047,"case_count":1,"gi_zscore":-0.1207,"gi_pvalue":0.099,"significance":"cold_90"}},{"type":"Feature","geometry":{"type":"Point","coordinates":[75.22353,12.74324]},"properties":{"cell_id":54062,"case_count":1,"gi_zscore":-0.1187,"gi_pvalue":0.214,"significance":"not_sig"}},{"type":"Feature","geometry":{"type":"Point","coordinates":[75.90588,12.74324]},"properties":{"cell_id":54120,"case_count":2,"gi_zscore":-0.1126,"gi_pvalue":0.424,"significance":"not_sig"}},{"type":"Feature","geometry":{"type":"Point","coordinates":[77.61176,12.74324]},"properties":{"cell_id":54265,"case_count":1,"gi_zscore":-0.1167,"gi_pvalue":0.334,"significance":"not_sig"}},{"type":"Feature","geometry":{"type":"Point","coordinates":[77.70588,12.74324]},"properties":{"cell_id":54273,"case_count":1,"gi_zscore":-0.1187,"gi_pvalue":0.213,"significance":"not_sig"}},{"type":"Feature","geometry":{"type":"Point","coordinates":[77.77647,12.74324]},"properties":{"cell_id":54279,"case_count":1,"gi_zscore":-0.1066,"gi_pvalue":0.429,"significance":"not_sig"}},{"type":"Feature","geometry":{"type":"Point","coordinates":[77.61176,12.75225]},"properties":{"cell_id":54656,"case_count":1,"gi_zscore":-0.1187,"gi_pvalue":0.213,"significance":"not_sig"}},{"type":"Feature","geometry":{"type":"Point","coordinates":[77.65882,12.75225]},"properties":{"cell_id":54660,"case_count":2,"gi_zscore":-0.1187,"gi_pvalue":0.098,"significance":"cold_90"}},{"type":"Feature","geometry":{"type":"Point","coordinates":[77.74118,12.75225]},"properties":{"cell_id":54667,"case_count":1,"gi_zscore":-0.1167,"gi_pvalue":0.282,"significance":"not_sig"}},{"type":"Feature","geometry":{"type":"Point","coordinates":[77.77647,12.75225]},"properties":{"cell_id":54670,"case_count":1,"gi_zscore":-0.1066,"gi_pvalue":0.43,"significance":"not_sig"}},{"type":"Feature","geometry":{"type":"Point","coordinates":[77.78824,12.75225]},"properties":{"cell_id":54671,"case_count":1,"gi_zscore":-0.1066,"gi_pvalue":0.43,"significance":"not_sig"}},{"type":"Feature","geometry":{"type":"Point","coordinates":[74.87059,12.76126]},"properties":{"cell_id":54814,"case_count":2,"gi_zscore":-0.1167,"gi_pvalue":0.213,"significance":"not_sig"}},{"type":"Feature","geometry":{"type":"Point","coordinates":[75.10588,12.76126]},"properties":{"cell_id":54834,"case_count":2,"gi_zscore":-0.1187,"gi_pvalue":0.098,"significance":"cold_90"}},{"type":"Feature","geometry":{"type":"Point","coordinates":[75.2,12.76126]},"properties":{"cell_id":54842,"case_count":2,"gi_zscore":-0.1187,"gi_pvalue":0.098,"significance":"cold_90"}},{"type":"Feature","geometry":{"type":"Point","coordinates":[76.02353,12.76126]},"properties":{"cell_id":54912,"case_count":1,"gi_zscore":-0.1187,"gi_pvalue":0.213,"significance":"not_sig"}},{"type":"Feature","geometry":{"type":"Point","coordinates":[76.05882,12.76126]},"properties":{"cell_id":54915,"case_count":2,"gi_zscore":-0.1187,"gi_pvalue":0.099,"significance":"cold_90"}},{"type":"Feature","geometry":{"type":"Point","coordinates":[77.67059,12.76126]},"properties":{"cell_id":55052,"case_count":1,"gi_zscore":-0.1126,"gi_pvalue":0.471,"significance":"not_sig"}},{"type":"Feature","geometry":{"type":"Point","coordinates":[77.71765,12.76126]},"properties":{"cell_id":55056,"case_count":1,"gi_zscore":-0.1167,"gi_pvalue":0.335,"significance":"not_sig"}},{"type":"Feature","geometry":{"type":"Point","coordinates":[77.78824,12.76126]},"properties":{"cell_id":55062,"case_count":1,"gi_zscore":-0.1066,"gi_pvalue":0.429,"significance":"not_sig"}},{"type":"Feature","geometry":{"type":"Point","coordinates":[74.87059,12.77027]},"properties":{"cell_id":55205,"case_count":1,"gi_zscore":-0.1167,"gi_pvalue":0.335,"significance":"not_sig"}},{"type":"Feature","geometry":{"type":"Point","coordinates":[75.04706,12.77027]},"properties":{"cell_id":55220,"case_count":1,"gi_zscore":-0.1126,"gi_pvalue":0.471,"significance":"not_sig"}},{"type":"Feature","geometry":{"type":"Point","coordinates":[76.05882,12.77027]},"properties":{"cell_id":55306,"case_count":1,"gi_zscore":-0.1187,"gi_pvalue":0.201,"significance":"not_sig"}},{"type":"Feature","geometry":{"type":"Point","coordinates":[77.05882,12.77027]},"properties":{"cell_id":55391,"case_count":1,"gi_zscore":-0.1247,"gi_pvalue":0.034,"significance":"cold_95"}},{"type":"Feature","geometry":{"type":"Point","coordinates":[77.57647,12.77027]},"properties":{"cell_id":55435,"case_count":1,"gi_zscore":-0.1187,"gi_pvalue":0.212,"significance":"not_sig"}},{"type":"Feature","geometry":{"type":"Point","coordinates":[77.63529,12.77027]},"properties":{"cell_id":55440,"case_count":1,"gi_zscore":-0.1167,"gi_pvalue":0.335,"significance":"not_sig"}},{"type":"Feature","geometry":{"type":"Point","coordinates":[77.64706,12.77027]},"properties":{"cell_id":55441,"case_count":2,"gi_zscore":-0.1167,"gi_pvalue":0.212,"significance":"not_sig"}},{"type":"Feature","geometry":{"type":"Point","coordinates":[77.70588,12.77027]},"properties":{"cell_id":55446,"case_count":4,"gi_zscore":-0.1066,"gi_pvalue":0.451,"significance":"not_sig"}},{"type":"Feature","geometry":{"type":"Point","coordinates":[77.76471,12.77027]},"properties":{"cell_id":55451,"case_count":3,"gi_zscore":-0.1066,"gi_pvalue":0.485,"significance":"not_sig"}},{"type":"Feature","geometry":{"type":"Point","coordinates":[77.77647,12.77027]},"properties":{"cell_id":55452,"case_count":1,"gi_zscore":-0.1066,"gi_pvalue":0.43,"significance":"not_sig"}},{"type":"Feature","geometry":{"type":"Point","coordinates":[75.16471,12.77928]},"properties":{"cell_id":55621,"case_count":1,"gi_zscore":-0.1187,"gi_pvalue":0.212,"significance":"not_sig"}},{"type":"Feature","geometry":{"type":"Point","coordinates":[77.63529,12.77928]},"properties":{"cell_id":55831,"case_count":2,"gi_zscore":-0.1167,"gi_pvalue":0.213,"significance":"not_sig"}},{"type":"Feature","geometry":{"type":"Point","coordinates":[77.68235,12.77928]},"properties":{"cell_id":55835,"case_count":1,"gi_zscore":-0.1106,"gi_pvalue":0.467,"significance":"not_sig"}},{"type":"Feature","geometry":{"type":"Point","coordinates":[77.70588,12.77928]},"properties":{"cell_id":55837,"case_count":1,"gi_zscore":-0.1006,"gi_pvalue":0.345,"significance":"not_sig"}},{"type":"Feature","geometry":{"type":"Point","coordinates":[77.72941,12.77928]},"properties":{"cell_id":55839,"case_count":1,"gi_zscore":-0.1147,"gi_pvalue":0.382,"significance":"not_sig"}},{"type":"Feature","geometry":{"type":"Point","coordinates":[77.74118,12.77928]},"properties":{"cell_id":55840,"case_count":1,"gi_zscore":-0.1167,"gi_pvalue":0.335,"significance":"not_sig"}},{"type":"Feature","geometry":{"type":"Point","coordinates":[77.76471,12.77928]},"properties":{"cell_id":55842,"case_count":1,"gi_zscore":-0.1026,"gi_pvalue":0.345,"significance":"not_sig"}},{"type":"Feature","geometry":{"type":"Point","coordinates":[77.77647,12.77928]},"properties":{"cell_id":55843,"case_count":8,"gi_zscore":-0.1066,"gi_pvalue":0.101,"significance":"not_sig"}},{"type":"Feature","geometry":{"type":"Point","coordinates":[77.62353,12.78829]},"properties":{"cell_id":56221,"case_count":2,"gi_zscore":-0.1187,"gi_pvalue":0.101,"significance":"not_sig"}},{"type":"Feature","geometry":{"type":"Point","coordinates":[77.63529,12.78829]},"properties":{"cell_id":56222,"case_count":1,"gi_zscore":-0.1187,"gi_pvalue":0.213,"significance":"not_sig"}},{"type":"Feature","geometry":{"type":"Point","coordinates":[77.64706,12.78829]},"properties":{"cell_id":56223,"case_count":1,"gi_zscore":-0.1167,"gi_pvalue":0.334,"significance":"not_sig"}},{"type":"Feature","geometry":{"type":"Point","coordinates":[77.70588,12.78829]},"properties":{"cell_id":56228,"case_count":2,"gi_zscore":-0.0986,"gi_pvalue":0.34,"significance":"not_sig"}},{"type":"Feature","geometry":{"type":"Point","coordinates":[77.71765,12.78829]},"properties":{"cell_id":56229,"case_count":1,"gi_zscore":-0.1046,"gi_pvalue":0.369,"significance":"not_sig"}},{"type":"Feature","geometry":{"type":"Point","coordinates":[77.72941,12.78829]},"properties":{"cell_id":56230,"case_count":1,"gi_zscore":-0.1126,"gi_pvalue":0.449,"significance":"not_sig"}},{"type":"Feature","geometry":{"type":"Point","coordinates":[77.74118,12.78829]},"properties":{"cell_id":56231,"case_count":3,"gi_zscore":-0.1147,"gi_pvalue":0.213,"significance":"not_sig"}},{"type":"Feature","geometry":{"type":"Point","coordinates":[77.75294,12.78829]},"properties":{"cell_id":56232,"case_count":1,"gi_zscore":-0.1167,"gi_pvalue":0.334,"significance":"not_sig"}},{"type":"Feature","geometry":{"type":"Point","coordinates":[75.02353,12.7973]},"properties":{"cell_id":56391,"case_count":1,"gi_zscore":-0.1147,"gi_pvalue":0.381,"significance":"not_sig"}},{"type":"Feature","geometry":{"type":"Point","coordinates":[77.61176,12.7973]},"properties":{"cell_id":56611,"case_count":1,"gi_zscore":-0.1187,"gi_pvalue":0.213,"significance":"not_sig"}},{"type":"Feature","geometry":{"type":"Point","coordinates":[77.68235,12.7973]},"properties":{"cell_id":56617,"case_count":2,"gi_zscore":-0.1086,"gi_pvalue":0.468,"significance":"not_sig"}},{"type":"Feature","geometry":{"type":"Point","coordinates":[77.69412,12.7973]},"properties":{"cell_id":56618,"case_count":1,"gi_zscore":-0.1086,"gi_pvalue":0.468,"significance":"not_sig"}},{"type":"Feature","geometry":{"type":"Point","coordinates":[77.70588,12.7973]},"properties":{"cell_id":56619,"case_count":6,"gi_zscore":-0.1026,"gi_pvalue":0.473,"significance":"not_sig"}},{"type":"Feature","geometry":{"type":"Point","coordinates":[77.71765,12.7973]},"properties":{"cell_id":56620,"case_count":4,"gi_zscore":-0.1046,"gi_pvalue":0.467,"significance":"not_sig"}},{"type":"Feature","geometry":{"type":"Point","coordinates":[77.72941,12.7973]},"properties":{"cell_id":56621,"case_count":1,"gi_zscore":-0.1126,"gi_pvalue":0.472,"significance":"not_sig"}},{"type":"Feature","geometry":{"type":"Point","coordinates":[77.76471,12.7973]},"properties":{"cell_id":56624,"case_count":1,"gi_zscore":-0.1026,"gi_pvalue":0.345,"significance":"not_sig"}},{"type":"Feature","geometry":{"type":"Point","coordinates":[74.89412,12.80631]},"properties":{"cell_id":56771,"case_count":1,"gi_zscore":-0.1187,"gi_pvalue":0.213,"significance":"not_sig"}},{"type":"Feature","geometry":{"type":"Point","coordinates":[74.90588,12.80631]},"properties":{"cell_id":56772,"case_count":1,"gi_zscore":-0.1187,"gi_pvalue":0.213,"significance":"not_sig"}},{"type":"Feature","geometry":{"type":"Point","coordinates":[74.95294,12.80631]},"properties":{"cell_id":56776,"case_count":1,"gi_zscore":-0.1227,"gi_pvalue":0.101,"significance":"not_sig"}},{"type":"Feature","geometry":{"type":"Point","coordinates":[77.6,12.80631]},"properties":{"cell_id":57001,"case_count":1,"gi_zscore":-0.1126,"gi_pvalue":0.45,"significance":"not_sig"}},{"type":"Feature","geometry":{"type":"Point","coordinates":[77.63529,12.80631]},"properties":{"cell_id":57004,"case_count":1,"gi_zscore":-0.1187,"gi_pvalue":0.213,"significance":"not_sig"}},{"type":"Feature","geometry":{"type":"Point","coordinates":[77.67059,12.80631]},"properties":{"cell_id":57007,"case_count":2,"gi_zscore":-0.1147,"gi_pvalue":0.336,"significance":"not_sig"}},{"type":"Feature","geometry":{"type":"Point","coordinates":[77.69412,12.80631]},"properties":{"cell_id":57009,"case_count":2,"gi_zscore":-0.1066,"gi_pvalue":0.467,"significance":"not_sig"}},{"type":"Feature","geometry":{"type":"Point","coordinates":[77.70588,12.80631]},"properties":{"cell_id":57010,"case_count":1,"gi_zscore":-0.0986,"gi_pvalue":0.302,"significance":"not_sig"}},{"type":"Feature","geometry":{"type":"Point","coordinates":[77.71765,12.80631]},"properties":{"cell_id":57011,"case_count":2,"gi_zscore":-0.1026,"gi_pvalue":0.371,"significance":"not_sig"}},{"type":"Feature","geometry":{"type":"Point","coordinates":[77.74118,12.80631]},"properties":{"cell_id":57013,"case_count":1,"gi_zscore":-0.1126,"gi_pvalue":0.472,"significance":"not_sig"}},{"type":"Feature","geometry":{"type":"Point","coordinates":[77.78824,12.80631]},"properties":{"cell_id":57017,"case_count":1,"gi_zscore":-0.1106,"gi_pvalue":0.467,"significance":"not_sig"}},{"type":"Feature","geometry":{"type":"Point","coordinates":[74.85882,12.81532]},"properties":{"cell_id":57159,"case_count":2,"gi_zscore":-0.1147,"gi_pvalue":0.336,"significance":"not_sig"}},{"type":"Feature","geometry":{"type":"Point","coordinates":[74.88235,12.81532]},"properties":{"cell_id":57161,"case_count":2,"gi_zscore":-0.1187,"gi_pvalue":0.102,"significance":"not_sig"}},{"type":"Feature","geometry":{"type":"Point","coordinates":[77.55294,12.81532]},"properties":{"cell_id":57388,"case_count":1,"gi_zscore":-0.1167,"gi_pvalue":0.336,"significance":"not_sig"}},{"type":"Feature","geometry":{"type":"Point","coordinates":[77.57647,12.81532]},"properties":{"cell_id":57390,"case_count":3,"gi_zscore":-0.1147,"gi_pvalue":0.283,"significance":"not_sig"}},{"type":"Feature","geometry":{"type":"Point","coordinates":[77.63529,12.81532]},"properties":{"cell_id":57395,"case_count":1,"gi_zscore":-0.1167,"gi_pvalue":0.337,"significance":"not_sig"}},{"type":"Feature","geometry":{"type":"Point","coordinates":[77.67059,12.81532]},"properties":{"cell_id":57398,"case_count":1,"gi_zscore":-0.1006,"gi_pvalue":0.345,"significance":"not_sig"}},{"type":"Feature","geometry":{"type":"Point","coordinates":[77.68235,12.81532]},"properties":{"cell_id":57399,"case_count":1,"gi_zscore":-0.1106,"gi_pvalue":0.467,"significance":"not_sig"}},{"type":"Feature","geometry":{"type":"Point","coordinates":[77.69412,12.81532]},"properties":{"cell_id":57400,"case_count":1,"gi_zscore":-0.1147,"gi_pvalue":0.42,"significance":"not_sig"}},{"type":"Feature","geometry":{"type":"Point","coordinates":[77.70588,12.81532]},"properties":{"cell_id":57401,"case_count":3,"gi_zscore":-0.1006,"gi_pvalue":0.392,"significance":"not_sig"}},{"type":"Feature","geometry":{"type":"Point","coordinates":[77.72941,12.81532]},"properties":{"cell_id":57403,"case_count":1,"gi_zscore":-0.1086,"gi_pvalue":0.442,"significance":"not_sig"}},{"type":"Feature","geometry":{"type":"Point","coordinates":[77.78824,12.81532]},"properties":{"cell_id":57408,"case_count":1,"gi_zscore":-0.1106,"gi_pvalue":0.467,"significance":"not_sig"}},{"type":"Feature","geometry":{"type":"Point","coordinates":[74.85882,12.82432]},"properties":{"cell_id":57550,"case_count":1,"gi_zscore":-0.1126,"gi_pvalue":0.471,"significance":"not_sig"}},{"type":"Feature","geometry":{"type":"Point","coordinates":[77.0,12.82432]},"properties":{"cell_id":57732,"case_count":1,"gi_zscore":-0.1247,"gi_pvalue":0.034,"significance":"cold_95"}},{"type":"Feature","geometry":{"type":"Point","coordinates":[77.03529,12.82432]},"properties":{"cell_id":57735,"case_count":1,"gi_zscore":-0.1247,"gi_pvalue":0.034,"significance":"cold_95"}},{"type":"Feature","geometry":{"type":"Point","coordinates":[77.56471,12.82432]},"properties":{"cell_id":57780,"case_count":1,"gi_zscore":-0.1147,"gi_pvalue":0.419,"significance":"not_sig"}},{"type":"Feature","geometry":{"type":"Point","coordinates":[77.58824,12.82432]},"properties":{"cell_id":57782,"case_count":1,"gi_zscore":-0.1106,"gi_pvalue":0.467,"significance":"not_sig"}},{"type":"Feature","geometry":{"type":"Point","coordinates":[77.63529,12.82432]},"properties":{"cell_id":57786,"case_count":2,"gi_zscore":-0.1106,"gi_pvalue":0.422,"significance":"not_sig"}},{"type":"Feature","geometry":{"type":"Point","coordinates":[77.67059,12.82432]},"properties":{"cell_id":57789,"case_count":2,"gi_zscore":-0.0986,"gi_pvalue":0.338,"significance":"not_sig"}},{"type":"Feature","geometry":{"type":"Point","coordinates":[77.68235,12.82432]},"properties":{"cell_id":57790,"case_count":2,"gi_zscore":-0.1086,"gi_pvalue":0.472,"significance":"not_sig"}},{"type":"Feature","geometry":{"type":"Point","coordinates":[77.69412,12.82432]},"properties":{"cell_id":57791,"case_count":1,"gi_zscore":-0.1106,"gi_pvalue":0.472,"significance":"not_sig"}},{"type":"Feature","geometry":{"type":"Point","coordinates":[77.76471,12.82432]},"properties":{"cell_id":57797,"case_count":1,"gi_zscore":-0.1247,"gi_pvalue":0.034,"significance":"cold_95"}},{"type":"Feature","geometry":{"type":"Point","coordinates":[75.4,12.83333]},"properties":{"cell_id":57987,"case_count":1,"gi_zscore":-0.1207,"gi_pvalue":0.103,"significance":"not_sig"}},{"type":"Feature","geometry":{"type":"Point","coordinates":[75.56471,12.83333]},"properties":{"cell_id":58001,"case_count":1,"gi_zscore":-0.1227,"gi_pvalue":0.103,"significance":"not_sig"}},{"type":"Feature","geometry":{"type":"Point","coordinates":[77.61176,12.83333]},"properties":{"cell_id":58175,"case_count":3,"gi_zscore":-0.1106,"gi_pvalue":0.382,"significance":"not_sig"}},{"type":"Feature","geometry":{"type":"Point","coordinates":[77.62353,12.83333]},"properties":{"cell_id":58176,"case_count":1,"gi_zscore":-0.1126,"gi_pvalue":0.472,"significance":"not_sig"}},{"type":"Feature","geometry":{"type":"Point","coordinates":[77.64706,12.83333]},"properties":{"cell_id":58178,"case_count":1,"gi_zscore":-0.1086,"gi_pvalue":0.468,"significance":"not_sig"}},{"type":"Feature","geometry":{"type":"Point","coordinates":[77.65882,12.83333]},"properties":{"cell_id":58179,"case_count":3,"gi_zscore":-0.1006,"gi_pvalue":0.39,"significance":"not_sig"}},{"type":"Feature","geometry":{"type":"Point","coordinates":[77.67059,12.83333]},"properties":{"cell_id":58180,"case_count":4,"gi_zscore":-0.0986,"gi_pvalue":0.39,"significance":"not_sig"}},{"type":"Feature","geometry":{"type":"Point","coordinates":[77.68235,12.83333]},"properties":{"cell_id":58181,"case_count":4,"gi_zscore":-0.1046,"gi_pvalue":0.467,"significance":"not_sig"}},{"type":"Feature","geometry":{"type":"Point","coordinates":[77.76471,12.83333]},"properties":{"cell_id":58188,"case_count":1,"gi_zscore":-0.1247,"gi_pvalue":0.034,"significance":"cold_95"}},{"type":"Feature","geometry":{"type":"Point","coordinates":[77.77647,12.83333]},"properties":{"cell_id":58189,"case_count":1,"gi_zscore":-0.1247,"gi_pvalue":0.034,"significance":"cold_95"}},{"type":"Feature","geometry":{"type":"Point","coordinates":[74.85882,12.84234]},"properties":{"cell_id":58332,"case_count":1,"gi_zscore":-0.1126,"gi_pvalue":0.45,"significance":"not_sig"}},{"type":"Feature","geometry":{"type":"Point","coordinates":[75.04706,12.84234]},"properties":{"cell_id":58348,"case_count":1,"gi_zscore":-0.1126,"gi_pvalue":0.45,"significance":"not_sig"}},{"type":"Feature","geometry":{"type":"Point","coordinates":[77.57647,12.84234]},"properties":{"cell_id":58563,"case_count":1,"gi_zscore":-0.1046,"gi_pvalue":0.369,"significance":"not_sig"}},{"type":"Feature","geometry":{"type":"Point","coordinates":[77.58824,12.84234]},"properties":{"cell_id":58564,"case_count":2,"gi_zscore":-0.1046,"gi_pvalue":0.399,"significance":"not_sig"}},{"type":"Feature","geometry":{"type":"Point","coordinates":[77.6,12.84234]},"properties":{"cell_id":58565,"case_count":2,"gi_zscore":-0.1046,"gi_pvalue":0.399,"significance":"not_sig"}},{"type":"Feature","geometry":{"type":"Point","coordinates":[77.61176,12.84234]},"properties":{"cell_id":58566,"case_count":1,"gi_zscore":-0.1086,"gi_pvalue":0.429,"significance":"not_sig"}},{"type":"Feature","geometry":{"type":"Point","coordinates":[77.63529,12.84234]},"properties":{"cell_id":58568,"case_count":2,"gi_zscore":-0.1126,"gi_pvalue":0.419,"significance":"not_sig"}},{"type":"Feature","geometry":{"type":"Point","coordinates":[77.64706,12.84234]},"properties":{"cell_id":58569,"case_count":2,"gi_zscore":-0.1046,"gi_pvalue":0.398,"significance":"not_sig"}},{"type":"Feature","geometry":{"type":"Point","coordinates":[77.65882,12.84234]},"properties":{"cell_id":58570,"case_count":2,"gi_zscore":-0.0986,"gi_pvalue":0.338,"significance":"not_sig"}},{"type":"Feature","geometry":{"type":"Point","coordinates":[77.67059,12.84234]},"properties":{"cell_id":58571,"case_count":3,"gi_zscore":-0.0966,"gi_pvalue":0.337,"significance":"not_sig"}},{"type":"Feature","geometry":{"type":"Point","coordinates":[77.68235,12.84234]},"properties":{"cell_id":58572,"case_count":1,"gi_zscore":-0.1046,"gi_pvalue":0.37,"significance":"not_sig"}},{"type":"Feature","geometry":{"type":"Point","coordinates":[77.69412,12.84234]},"properties":{"cell_id":58573,"case_count":1,"gi_zscore":-0.1066,"gi_pvalue":0.428,"significance":"not_sig"}},{"type":"Feature","geometry":{"type":"Point","coordinates":[74.83529,12.85135]},"properties":{"cell_id":58721,"case_count":2,"gi_zscore":-0.0885,"gi_pvalue":0.251,"significance":"not_sig"}},{"type":"Feature","geometry":{"type":"Point","coordinates":[74.84706,12.85135]},"properties":{"cell_id":58722,"case_count":2,"gi_zscore":-0.0905,"gi_pvalue":0.259,"significance":"not_sig"}},{"type":"Feature","geometry":{"type":"Point","coordinates":[74.85882,12.85135]},"properties":{"cell_id":58723,"case_count":2,"gi_zscore":-0.0986,"gi_pvalue":0.338,"significance":"not_sig"}},{"type":"Feature","geometry":{"type":"Point","coordinates":[74.88235,12.85135]},"properties":{"cell_id":58725,"case_count":1,"gi_zscore":-0.1187,"gi_pvalue":0.212,"significance":"not_sig"}},{"type":"Feature","geometry":{"type":"Point","coordinates":[77.0,12.85135]},"properties":{"cell_id":58905,"case_count":1,"gi_zscore":-0.1247,"gi_pvalue":0.035,"significance":"cold_95"}},{"type":"Feature","geometry":{"type":"Point","coordinates":[77.08235,12.85135]},"properties":{"cell_id":58912,"case_count":1,"gi_zscore":-0.1247,"gi_pvalue":0.035,"significance":"cold_95"}},{"type":"Feature","geometry":{"type":"Point","coordinates":[77.14118,12.85135]},"properties":{"cell_id":58917,"case_count":1,"gi_zscore":-0.1227,"gi_pvalue":0.103,"significance":"not_sig"}},{"type":"Feature","geometry":{"type":"Point","coordinates":[77.42353,12.85135]},"properties":{"cell_id":58941,"case_count":1,"gi_zscore":-0.0946,"gi_pvalue":0.278,"significance":"not_sig"}},{"type":"Feature","geometry":{"type":"Point","coordinates":[77.58824,12.85135]},"properties":{"cell_id":58955,"case_count":2,"gi_zscore":-0.1006,"gi_pvalue":0.353,"significance":"not_sig"}},{"type":"Feature","geometry":{"type":"Point","coordinates":[77.62353,12.85135]},"properties":{"cell_id":58958,"case_count":2,"gi_zscore":-0.1126,"gi_pvalue":0.418,"significance":"not_sig"}},{"type":"Feature","geometry":{"type":"Point","coordinates":[77.64706,12.85135]},"properties":{"cell_id":58960,"case_count":1,"gi_zscore":-0.1106,"gi_pvalue":0.47,"significance":"not_sig"}},{"type":"Feature","geometry":{"type":"Point","coordinates":[77.65882,12.85135]},"properties":{"cell_id":58961,"case_count":3,"gi_zscore":-0.1046,"gi_pvalue":0.429,"significance":"not_sig"}},{"type":"Feature","geometry":{"type":"Point","coordinates":[77.69412,12.85135]},"properties":{"cell_id":58964,"case_count":1,"gi_zscore":-0.1126,"gi_pvalue":0.47,"significance":"not_sig"}},{"type":"Feature","geometry":{"type":"Point","coordinates":[77.76471,12.85135]},"properties":{"cell_id":58970,"case_count":1,"gi_zscore":-0.1187,"gi_pvalue":0.21,"significance":"not_sig"}},{"type":"Feature","geometry":{"type":"Point","coordinates":[77.98824,12.85135]},"properties":{"cell_id":58989,"case_count":1,"gi_zscore":-0.1187,"gi_pvalue":0.21,"significance":"not_sig"}},{"type":"Feature","geometry":{"type":"Point","coordinates":[78.2,12.85135]},"properties":{"cell_id":59007,"case_count":2,"gi_zscore":-0.1207,"gi_pvalue":0.036,"significance":"cold_95"}},{"type":"Feature","geometry":{"type":"Point","coordinates":[74.82353,12.86036]},"properties":{"cell_id":59111,"case_count":1,"gi_zscore":-0.0805,"gi_pvalue":0.198,"significance":"not_sig"}},{"type":"Feature","geometry":{"type":"Point","coordinates":[74.83529,12.86036]},"properties":{"cell_id":59112,"case_count":5,"gi_zscore":-0.0825,"gi_pvalue":0.239,"significance":"not_sig"}},{"type":"Feature","geometry":{"type":"Point","coordinates":[74.84706,12.86036]},"properties":{"cell_id":59113,"case_count":3,"gi_zscore":-0.0845,"gi_pvalue":0.232,"significance":"not_sig"}},{"type":"Feature","geometry":{"type":"Point","coordinates":[74.85882,12.86036]},"properties":{"cell_id":59114,"case_count":2,"gi_zscore":-0.0986,"gi_pvalue":0.336,"significance":"not_sig"}},{"type":"Feature","geometry":{"type":"Point","coordinates":[74.87059,12.86036]},"properties":{"cell_id":59115,"case_count":1,"gi_zscore":-0.1167,"gi_pvalue":0.336,"significance":"not_sig"}},{"type":"Feature","geometry":{"type":"Point","coordinates":[74.88235,12.86036]},"properties":{"cell_id":59116,"case_count":1,"gi_zscore":-0.1167,"gi_pvalue":0.336,"significance":"not_sig"}},{"type":"Feature","geometry":{"type":"Point","coordinates":[75.01176,12.86036]},"properties":{"cell_id":59127,"case_count":1,"gi_zscore":-0.1126,"gi_pvalue":0.469,"significance":"not_sig"}},{"type":"Feature","geometry":{"type":"Point","coordinates":[75.03529,12.86036]},"properties":{"cell_id":59129,"case_count":2,"gi_zscore":-0.1126,"gi_pvalue":0.417,"significance":"not_sig"}},{"type":"Feature","geometry":{"type":"Point","coordinates":[76.48235,12.86036]},"properties":{"cell_id":59252,"case_count":2,"gi_zscore":-0.1187,"gi_pvalue":0.102,"significance":"not_sig"}},{"type":"Feature","geometry":{"type":"Point","coordinates":[77.57647,12.86036]},"properties":{"cell_id":59345,"case_count":2,"gi_zscore":-0.0986,"gi_pvalue":0.336,"significance":"not_sig"}},{"type":"Feature","geometry":{"type":"Point","coordinates":[77.58824,12.86036]},"properties":{"cell_id":59346,"case_count":5,"gi_zscore":-0.0946,"gi_pvalue":0.351,"significance":"not_sig"}},{"type":"Feature","geometry":{"type":"Point","coordinates":[77.63529,12.86036]},"properties":{"cell_id":59350,"case_count":1,"gi_zscore":-0.1126,"gi_pvalue":0.447,"significance":"not_sig"}},{"type":"Feature","geometry":{"type":"Point","coordinates":[77.64706,12.86036]},"properties":{"cell_id":59351,"case_count":3,"gi_zscore":-0.1126,"gi_pvalue":0.336,"significance":"not_sig"}},{"type":"Feature","geometry":{"type":"Point","coordinates":[77.67059,12.86036]},"properties":{"cell_id":59353,"case_count":1,"gi_zscore":-0.1106,"gi_pvalue":0.469,"significance":"not_sig"}},{"type":"Feature","geometry":{"type":"Point","coordinates":[77.77647,12.86036]},"properties":{"cell_id":59362,"case_count":1,"gi_zscore":-0.1187,"gi_pvalue":0.207,"significance":"not_sig"}},{"type":"Feature","geometry":{"type":"Point","coordinates":[77.8,12.86036]},"properties":{"cell_id":59364,"case_count":1,"gi_zscore":-0.1207,"gi_pvalue":0.102,"significance":"not_sig"}},{"type":"Feature","geometry":{"type":"Point","coordinates":[74.83529,12.86937]},"properties":{"cell_id":59503,"case_count":4,"gi_zscore":-0.0825,"gi_pvalue":0.225,"significance":"not_sig"}},{"type":"Feature","geometry":{"type":"Point","coordinates":[74.84706,12.86937]},"properties":{"cell_id":59504,"case_count":7,"gi_zscore":-0.0825,"gi_pvalue":0.261,"significance":"not_sig"}},{"type":"Feature","geometry":{"type":"Point","coordinates":[74.85882,12.86937]},"properties":{"cell_id":59505,"case_count":2,"gi_zscore":-0.0986,"gi_pvalue":0.337,"significance":"not_sig"}},{"type":"Feature","geometry":{"type":"Point","coordinates":[74.87059,12.86937]},"properties":{"cell_id":59506,"case_count":2,"gi_zscore":-0.1167,"gi_pvalue":0.207,"significance":"not_sig"}},{"type":"Feature","geometry":{"type":"Point","coordinates":[74.88235,12.86937]},"properties":{"cell_id":59507,"case_count":1,"gi_zscore":-0.1207,"gi_pvalue":0.102,"significance":"not_sig"}},{"type":"Feature","geometry":{"type":"Point","coordinates":[74.89412,12.86937]},"properties":{"cell_id":59508,"case_count":1,"gi_zscore":-0.1207,"gi_pvalue":0.102,"significance":"not_sig"}},{"type":"Feature","geometry":{"type":"Point","coordinates":[74.91765,12.86937]},"properties":{"cell_id":59510,"case_count":1,"gi_zscore":-0.1247,"gi_pvalue":0.034,"significance":"cold_95"}},{"type":"Feature","geometry":{"type":"Point","coordinates":[76.44706,12.86937]},"properties":{"cell_id":59640,"case_count":1,"gi_zscore":-0.1187,"gi_pvalue":0.207,"significance":"not_sig"}},{"type":"Feature","geometry":{"type":"Point","coordinates":[77.01176,12.86937]},"properties":{"cell_id":59688,"case_count":1,"gi_zscore":-0.1207,"gi_pvalue":0.102,"significance":"not_sig"}},{"type":"Feature","geometry":{"type":"Point","coordinates":[77.52941,12.86937]},"properties":{"cell_id":59732,"case_count":1,"gi_zscore":-0.1147,"gi_pvalue":0.381,"significance":"not_sig"}},{"type":"Feature","geometry":{"type":"Point","coordinates":[77.56471,12.86937]},"properties":{"cell_id":59735,"case_count":2,"gi_zscore":-0.0986,"gi_pvalue":0.336,"significance":"not_sig"}},{"type":"Feature","geometry":{"type":"Point","coordinates":[77.57647,12.86937]},"properties":{"cell_id":59736,"case_count":5,"gi_zscore":-0.0946,"gi_pvalue":0.352,"significance":"not_sig"}},{"type":"Feature","geometry":{"type":"Point","coordinates":[77.63529,12.86937]},"properties":{"cell_id":59741,"case_count":2,"gi_zscore":-0.1147,"gi_pvalue":0.336,"significance":"not_sig"}},{"type":"Feature","geometry":{"type":"Point","coordinates":[77.64706,12.86937]},"properties":{"cell_id":59742,"case_count":1,"gi_zscore":-0.1187,"gi_pvalue":0.208,"significance":"not_sig"}},{"type":"Feature","geometry":{"type":"Point","coordinates":[77.65882,12.86937]},"properties":{"cell_id":59743,"case_count":1,"gi_zscore":-0.1167,"gi_pvalue":0.336,"significance":"not_sig"}},{"type":"Feature","geometry":{"type":"Point","coordinates":[77.69412,12.86937]},"properties":{"cell_id":59746,"case_count":1,"gi_zscore":-0.1247,"gi_pvalue":0.034,"significance":"cold_95"}},{"type":"Feature","geometry":{"type":"Point","coordinates":[78.0,12.86937]},"properties":{"cell_id":59772,"case_count":2,"gi_zscore":-0.1187,"gi_pvalue":0.103,"significance":"not_sig"}},{"type":"Feature","geometry":{"type":"Point","coordinates":[78.30588,12.86937]},"properties":{"cell_id":59798,"case_count":1,"gi_zscore":-0.1167,"gi_pvalue":0.336,"significance":"not_sig"}},{"type":"Feature","geometry":{"type":"Point","coordinates":[74.83529,12.87838]},"properties":{"cell_id":59894,"case_count":4,"gi_zscore":-0.0745,"gi_pvalue":0.187,"significance":"not_sig"}},{"type":"Feature","geometry":{"type":"Point","coordinates":[74.84706,12.87838]},"properties":{"cell_id":59895,"case_count":2,"gi_zscore":-0.0946,"gi_pvalue":0.295,"significance":"not_sig"}},{"type":"Feature","geometry":{"type":"Point","coordinates":[74.85882,12.87838]},"properties":{"cell_id":59896,"case_count":1,"gi_zscore":-0.1046,"gi_pvalue":0.372,"significance":"not_sig"}},{"type":"Feature","geometry":{"type":"Point","coordinates":[74.94118,12.87838]},"properties":{"cell_id":59903,"case_count":1,"gi_zscore":-0.1247,"gi_pvalue":0.034,"significance":"cold_95"}},{"type":"Feature","geometry":{"type":"Point","coordinates":[75.02353,12.87838]},"properties":{"cell_id":59910,"case_count":1,"gi_zscore":-0.1126,"gi_pvalue":0.472,"significance":"not_sig"}},{"type":"Feature","geometry":{"type":"Point","coordinates":[75.03529,12.87838]},"properties":{"cell_id":59911,"case_count":5,"gi_zscore":-0.1126,"gi_pvalue":0.2,"significance":"not_sig"}},{"type":"Feature","geometry":{"type":"Point","coordinates":[77.50588,12.87838]},"properties":{"cell_id":60121,"case_count":1,"gi_zscore":-0.1126,"gi_pvalue":0.452,"significance":"not_sig"}},{"type":"Feature","geometry":{"type":"Point","coordinates":[77.54118,12.87838]},"properties":{"cell_id":60124,"case_count":1,"gi_zscore":-0.1106,"gi_pvalue":0.466,"significance":"not_sig"}},{"type":"Feature","geometry":{"type":"Point","coordinates":[77.55294,12.87838]},"properties":{"cell_id":60125,"case_count":2,"gi_zscore":-0.1086,"gi_pvalue":0.465,"significance":"not_sig"}},{"type":"Feature","geometry":{"type":"Point","coordinates":[77.56471,12.87838]},"properties":{"cell_id":60126,"case_count":3,"gi_zscore":-0.0986,"gi_pvalue":0.355,"significance":"not_sig"}},{"type":"Feature","geometry":{"type":"Point","coordinates":[77.57647,12.87838]},"properties":{"cell_id":60127,"case_count":1,"gi_zscore":-0.0946,"gi_pvalue":0.261,"significance":"not_sig"}},{"type":"Feature","geometry":{"type":"Point","coordinates":[77.58824,12.87838]},"properties":{"cell_id":60128,"case_count":1,"gi_zscore":-0.0865,"gi_pvalue":0.222,"significance":"not_sig"}},{"type":"Feature","geometry":{"type":"Point","coordinates":[77.6,12.87838]},"properties":{"cell_id":60129,"case_count":4,"gi_zscore":-0.0745,"gi_pvalue":0.197,"significance":"not_sig"}},{"type":"Feature","geometry":{"type":"Point","coordinates":[77.61176,12.87838]},"properties":{"cell_id":60130,"case_count":1,"gi_zscore":-0.0845,"gi_pvalue":0.216,"significance":"not_sig"}},{"type":"Feature","geometry":{"type":"Point","coordinates":[77.62353,12.87838]},"properties":{"cell_id":60131,"case_count":1,"gi_zscore":-0.1046,"gi_pvalue":0.374,"significance":"not_sig"}},{"type":"Feature","geometry":{"type":"Point","coordinates":[77.64706,12.87838]},"properties":{"cell_id":60133,"case_count":1,"gi_zscore":-0.1167,"gi_pvalue":0.34,"significance":"not_sig"}},{"type":"Feature","geometry":{"type":"Point","coordinates":[77.65882,12.87838]},"properties":{"cell_id":60134,"case_count":1,"gi_zscore":-0.1247,"gi_pvalue":0.034,"significance":"cold_95"}},{"type":"Feature","geometry":{"type":"Point","coordinates":[77.67059,12.87838]},"properties":{"cell_id":60135,"case_count":1,"gi_zscore":-0.1247,"gi_pvalue":0.034,"significance":"cold_95"}},{"type":"Feature","geometry":{"type":"Point","coordinates":[77.76471,12.87838]},"properties":{"cell_id":60143,"case_count":3,"gi_zscore":-0.1167,"gi_pvalue":0.201,"significance":"not_sig"}},{"type":"Feature","geometry":{"type":"Point","coordinates":[78.21176,12.87838]},"properties":{"cell_id":60181,"case_count":1,"gi_zscore":-0.1207,"gi_pvalue":0.106,"significance":"not_sig"}},{"type":"Feature","geometry":{"type":"Point","coordinates":[74.82353,12.88739]},"properties":{"cell_id":60284,"case_count":3,"gi_zscore":-0.0926,"gi_pvalue":0.295,"significance":"not_sig"}},{"type":"Feature","geometry":{"type":"Point","coordinates":[74.83529,12.88739]},"properties":{"cell_id":60285,"case_count":2,"gi_zscore":-0.0926,"gi_pvalue":0.275,"significance":"not_sig"}},{"type":"Feature","geometry":{"type":"Point","coordinates":[74.84706,12.88739]},"properties":{"cell_id":60286,"case_count":1,"gi_zscore":-0.0966,"gi_pvalue":0.282,"significance":"not_sig"}},{"type":"Feature","geometry":{"type":"Point","coordinates":[74.85882,12.88739]},"properties":{"cell_id":60287,"case_count":1,"gi_zscore":-0.1126,"gi_pvalue":0.475,"significance":"not_sig"}},{"type":"Feature","geometry":{"type":"Point","coordinates":[74.87059,12.88739]},"properties":{"cell_id":60288,"case_count":1,"gi_zscore":-0.1147,"gi_pvalue":0.426,"significance":"not_sig"}},{"type":"Feature","geometry":{"type":"Point","coordinates":[75.02353,12.88739]},"properties":{"cell_id":60301,"case_count":1,"gi_zscore":-0.1126,"gi_pvalue":0.475,"significance":"not_sig"}},{"type":"Feature","geometry":{"type":"Point","coordinates":[75.03529,12.88739]},"properties":{"cell_id":60302,"case_count":2,"gi_zscore":-0.1126,"gi_pvalue":0.426,"significance":"not_sig"}},{"type":"Feature","geometry":{"type":"Point","coordinates":[76.41176,12.88739]},"properties":{"cell_id":60419,"case_count":1,"gi_zscore":-0.1187,"gi_pvalue":0.214,"significance":"not_sig"}},{"type":"Feature","geometry":{"type":"Point","coordinates":[77.44706,12.88739]},"properties":{"cell_id":60507,"case_count":1,"gi_zscore":-0.0926,"gi_pvalue":0.255,"significance":"not_sig"}},{"type":"Feature","geometry":{"type":"Point","coordinates":[77.54118,12.88739]},"properties":{"cell_id":60515,"case_count":1,"gi_zscore":-0.1126,"gi_pvalue":0.453,"significance":"not_sig"}},{"type":"Feature","geometry":{"type":"Point","coordinates":[77.55294,12.88739]},"properties":{"cell_id":60516,"case_count":2,"gi_zscore":-0.1086,"gi_pvalue":0.476,"significance":"not_sig"}},{"type":"Feature","geometry":{"type":"Point","coordinates":[77.56471,12.88739]},"properties":{"cell_id":60517,"case_count":2,"gi_zscore":-0.1066,"gi_pvalue":0.463,"significance":"not_sig"}},{"type":"Feature","geometry":{"type":"Point","coordinates":[77.57647,12.88739]},"properties":{"cell_id":60518,"case_count":3,"gi_zscore":-0.0966,"gi_pvalue":0.338,"significance":"not_sig"}},{"type":"Feature","geometry":{"type":"Point","coordinates":[77.6,12.88739]},"properties":{"cell_id":60520,"case_count":1,"gi_zscore":-0.0725,"gi_pvalue":0.176,"significance":"not_sig"}},{"type":"Feature","geometry":{"type":"Point","coordinates":[77.61176,12.88739]},"properties":{"cell_id":60521,"case_count":7,"gi_zscore":-0.0845,"gi_pvalue":0.282,"significance":"not_sig"}},{"type":"Feature","geometry":{"type":"Point","coordinates":[77.62353,12.88739]},"properties":{"cell_id":60522,"case_count":1,"gi_zscore":-0.0946,"gi_pvalue":0.275,"significance":"not_sig"}},{"type":"Feature","geometry":{"type":"Point","coordinates":[77.63529,12.88739]},"properties":{"cell_id":60523,"case_count":2,"gi_zscore":-0.1106,"gi_pvalue":0.429,"significance":"not_sig"}},{"type":"Feature","geometry":{"type":"Point","coordinates":[77.64706,12.88739]},"properties":{"cell_id":60524,"case_count":1,"gi_zscore":-0.1126,"gi_pvalue":0.476,"significance":"not_sig"}},{"type":"Feature","geometry":{"type":"Point","coordinates":[77.65882,12.88739]},"properties":{"cell_id":60525,"case_count":1,"gi_zscore":-0.1187,"gi_pvalue":0.212,"significance":"not_sig"}},{"type":"Feature","geometry":{"type":"Point","coordinates":[77.67059,12.88739]},"properties":{"cell_id":60526,"case_count":1,"gi_zscore":-0.1247,"gi_pvalue":0.034,"significance":"cold_95"}},{"type":"Feature","geometry":{"type":"Point","coordinates":[77.71765,12.88739]},"properties":{"cell_id":60530,"case_count":1,"gi_zscore":-0.1147,"gi_pvalue":0.426,"significance":"not_sig"}},{"type":"Feature","geometry":{"type":"Point","coordinates":[77.72941,12.88739]},"properties":{"cell_id":60531,"case_count":1,"gi_zscore":-0.1106,"gi_pvalue":0.46,"significance":"not_sig"}},{"type":"Feature","geometry":{"type":"Point","coordinates":[77.74118,12.88739]},"properties":{"cell_id":60532,"case_count":1,"gi_zscore":-0.1126,"gi_pvalue":0.476,"significance":"not_sig"}},{"type":"Feature","geometry":{"type":"Point","coordinates":[77.75294,12.88739]},"properties":{"cell_id":60533,"case_count":2,"gi_zscore":-0.1167,"gi_pvalue":0.212,"significance":"not_sig"}},{"type":"Feature","geometry":{"type":"Point","coordinates":[74.81176,12.8964]},"properties":{"cell_id":60674,"case_count":1,"gi_zscore":-0.0966,"gi_pvalue":0.282,"significance":"not_sig"}},{"type":"Feature","geometry":{"type":"Point","coordinates":[74.82353,12.8964]},"properties":{"cell_id":60675,"case_count":1,"gi_zscore":-0.0966,"gi_pvalue":0.282,"significance":"not_sig"}},{"type":"Feature","geometry":{"type":"Point","coordinates":[74.83529,12.8964]},"properties":{"cell_id":60676,"case_count":6,"gi_zscore":-0.0966,"gi_pvalue":0.405,"significance":"not_sig"}},{"type":"Feature","geometry":{"type":"Point","coordinates":[74.84706,12.8964]},"properties":{"cell_id":60677,"case_count":2,"gi_zscore":-0.1006,"gi_pvalue":0.355,"significance":"not_sig"}},{"type":"Feature","geometry":{"type":"Point","coordinates":[74.85882,12.8964]},"properties":{"cell_id":60678,"case_count":4,"gi_zscore":-0.1167,"gi_pvalue":0.107,"significance":"not_sig"}},{"type":"Feature","geometry":{"type":"Point","coordinates":[74.92941,12.8964]},"properties":{"cell_id":60684,"case_count":1,"gi_zscore":-0.1227,"gi_pvalue":0.107,"significance":"not_sig"}},{"type":"Feature","geometry":{"type":"Point","coordinates":[76.10588,12.8964]},"properties":{"cell_id":60784,"case_count":1,"gi_zscore":-0.1227,"gi_pvalue":0.107,"significance":"not_sig"}},{"type":"Feature","geometry":{"type":"Point","coordinates":[77.47059,12.8964]},"properties":{"cell_id":60900,"case_count":1,"gi_zscore":-0.0905,"gi_pvalue":0.248,"significance":"not_sig"}},{"type":"Feature","geometry":{"type":"Point","coordinates":[77.51765,12.8964]},"properties":{"cell_id":60904,"case_count":1,"gi_zscore":-0.1147,"gi_pvalue":0.427,"significance":"not_sig"}},{"type":"Feature","geometry":{"type":"Point","coordinates":[77.52941,12.8964]},"properties":{"cell_id":60905,"case_count":2,"gi_zscore":-0.1086,"gi_pvalue":0.476,"significance":"not_sig"}},{"type":"Feature","geometry":{"type":"Point","coordinates":[77.54118,12.8964]},"properties":{"cell_id":60906,"case_count":3,"gi_zscore":-0.1026,"gi_pvalue":0.398,"significance":"not_sig"}},{"type":"Feature","geometry":{"type":"Point","coordinates":[77.55294,12.8964]},"properties":{"cell_id":60907,"case_count":1,"gi_zscore":-0.1026,"gi_pvalue":0.341,"significance":"not_sig"}},{"type":"Feature","geometry":{"type":"Point","coordinates":[77.56471,12.8964]},"properties":{"cell_id":60908,"case_count":2,"gi_zscore":-0.0926,"gi_pvalue":0.277,"significance":"not_sig"}},{"type":"Feature","geometry":{"type":"Point","coordinates":[77.58824,12.8964]},"properties":{"cell_id":60910,"case_count":2,"gi_zscore":-0.0785,"gi_pvalue":0.198,"significance":"not_sig"}},{"type":"Feature","geometry":{"type":"Point","coordinates":[77.6,12.8964]},"properties":{"cell_id":60911,"case_count":6,"gi_zscore":-0.0705,"gi_pvalue":0.191,"significance":"not_sig"}},{"type":"Feature","geometry":{"type":"Point","coordinates":[77.61176,12.8964]},"properties":{"cell_id":60912,"case_count":7,"gi_zscore":-0.0805,"gi_pvalue":0.256,"significance":"not_sig"}},{"type":"Feature","geometry":{"type":"Point","coordinates":[77.62353,12.8964]},"properties":{"cell_id":60913,"case_count":1,"gi_zscore":-0.0865,"gi_pvalue":0.218,"significance":"not_sig"}},{"type":"Feature","geometry":{"type":"Point","coordinates":[77.63529,12.8964]},"properties":{"cell_id":60914,"case_count":3,"gi_zscore":-0.1026,"gi_pvalue":0.398,"significance":"not_sig"}},{"type":"Feature","geometry":{"type":"Point","coordinates":[77.64706,12.8964]},"properties":{"cell_id":60915,"case_count":4,"gi_zscore":-0.1026,"gi_pvalue":0.428,"significance":"not_sig"}},{"type":"Feature","geometry":{"type":"Point","coordinates":[77.65882,12.8964]},"properties":{"cell_id":60916,"case_count":1,"gi_zscore":-0.1187,"gi_pvalue":0.208,"significance":"not_sig"}},{"type":"Feature","geometry":{"type":"Point","coordinates":[77.67059,12.8964]},"properties":{"cell_id":60917,"case_count":1,"gi_zscore":-0.1247,"gi_pvalue":0.034,"significance":"cold_95"}},{"type":"Feature","geometry":{"type":"Point","coordinates":[77.68235,12.8964]},"properties":{"cell_id":60918,"case_count":1,"gi_zscore":-0.1247,"gi_pvalue":0.034,"significance":"cold_95"}},{"type":"Feature","geometry":{"type":"Point","coordinates":[77.71765,12.8964]},"properties":{"cell_id":60921,"case_count":4,"gi_zscore":-0.1167,"gi_pvalue":0.106,"significance":"not_sig"}},{"type":"Feature","geometry":{"type":"Point","coordinates":[77.74118,12.8964]},"properties":{"cell_id":60923,"case_count":1,"gi_zscore":-0.1106,"gi_pvalue":0.46,"significance":"not_sig"}},{"type":"Feature","geometry":{"type":"Point","coordinates":[77.75294,12.8964]},"properties":{"cell_id":60924,"case_count":1,"gi_zscore":-0.1106,"gi_pvalue":0.46,"significance":"not_sig"}},{"type":"Feature","geometry":{"type":"Point","coordinates":[77.81176,12.8964]},"properties":{"cell_id":60929,"case_count":1,"gi_zscore":-0.1187,"gi_pvalue":0.208,"significance":"not_sig"}},{"type":"Feature","geometry":{"type":"Point","coordinates":[77.82353,12.8964]},"properties":{"cell_id":60930,"case_count":1,"gi_zscore":-0.1227,"gi_pvalue":0.106,"significance":"not_sig"}},{"type":"Feature","geometry":{"type":"Point","coordinates":[77.85882,12.8964]},"properties":{"cell_id":60933,"case_count":1,"gi_zscore":-0.1247,"gi_pvalue":0.034,"significance":"cold_95"}},{"type":"Feature","geometry":{"type":"Point","coordinates":[78.15294,12.8964]},"properties":{"cell_id":60958,"case_count":1,"gi_zscore":-0.1147,"gi_pvalue":0.428,"significance":"not_sig"}},{"type":"Feature","geometry":{"type":"Point","coordinates":[74.83529,12.90541]},"properties":{"cell_id":61067,"case_count":3,"gi_zscore":-0.1026,"gi_pvalue":0.398,"significance":"not_sig"}},{"type":"Feature","geometry":{"type":"Point","coordinates":[74.85882,12.90541]},"properties":{"cell_id":61069,"case_count":1,"gi_zscore":-0.1147,"gi_pvalue":0.427,"significance":"not_sig"}},{"type":"Feature","geometry":{"type":"Point","coordinates":[74.87059,12.90541]},"properties":{"cell_id":61070,"case_count":1,"gi_zscore":-0.1147,"gi_pvalue":0.427,"significance":"not_sig"}},{"type":"Feature","geometry":{"type":"Point","coordinates":[74.91765,12.90541]},"properties":{"cell_id":61074,"case_count":1,"gi_zscore":-0.1227,"gi_pvalue":0.106,"significance":"not_sig"}},{"type":"Feature","geometry":{"type":"Point","coordinates":[74.95294,12.90541]},"properties":{"cell_id":61077,"case_count":1,"gi_zscore":-0.1227,"gi_pvalue":0.106,"significance":"not_sig"}},{"type":"Feature","geometry":{"type":"Point","coordinates":[76.38824,12.90541]},"properties":{"cell_id":61199,"case_count":2,"gi_zscore":-0.1187,"gi_pvalue":0.106,"significance":"not_sig"}},{"type":"Feature","geometry":{"type":"Point","coordinates":[77.47059,12.90541]},"properties":{"cell_id":61291,"case_count":3,"gi_zscore":-0.0905,"gi_pvalue":0.26,"significance":"not_sig"}},{"type":"Feature","geometry":{"type":"Point","coordinates":[77.49412,12.90541]},"properties":{"cell_id":61293,"case_count":3,"gi_zscore":-0.0865,"gi_pvalue":0.248,"significance":"not_sig"}},{"type":"Feature","geometry":{"type":"Point","coordinates":[77.50588,12.90541]},"properties":{"cell_id":61294,"case_count":1,"gi_zscore":-0.1086,"gi_pvalue":0.439,"significance":"not_sig"}},{"type":"Feature","geometry":{"type":"Point","coordinates":[77.51765,12.90541]},"properties":{"cell_id":61295,"case_count":3,"gi_zscore":-0.1126,"gi_pvalue":0.336,"significance":"not_sig"}},{"type":"Feature","geometry":{"type":"Point","coordinates":[77.52941,12.90541]},"properties":{"cell_id":61296,"case_count":2,"gi_zscore":-0.1026,"gi_pvalue":0.373,"significance":"not_sig"}},{"type":"Feature","geometry":{"type":"Point","coordinates":[77.54118,12.90541]},"properties":{"cell_id":61297,"case_count":2,"gi_zscore":-0.0966,"gi_pvalue":0.296,"significance":"not_sig"}},{"type":"Feature","geometry":{"type":"Point","coordinates":[77.55294,12.90541]},"properties":{"cell_id":61298,"case_count":3,"gi_zscore":-0.0865,"gi_pvalue":0.248,"significance":"not_sig"}},{"type":"Feature","geometry":{"type":"Point","coordinates":[77.56471,12.90541]},"properties":{"cell_id":61299,"case_count":4,"gi_zscore":-0.0664,"gi_pvalue":0.178,"significance":"not_sig"}},{"type":"Feature","geometry":{"type":"Point","coordinates":[77.57647,12.90541]},"properties":{"cell_id":61300,"case_count":4,"gi_zscore":-0.0564,"gi_pvalue":0.156,"significance":"not_sig"}},{"type":"Feature","geometry":{"type":"Point","coordinates":[77.58824,12.90541]},"properties":{"cell_id":61301,"case_count":2,"gi_zscore":-0.0363,"gi_pvalue":0.128,"significance":"not_sig"}},{"type":"Feature","geometry":{"type":"Point","coordinates":[77.6,12.90541]},"properties":{"cell_id":61302,"case_count":6,"gi_zscore":-0.0544,"gi_pvalue":0.156,"significance":"not_sig"}},{"type":"Feature","geometry":{"type":"Point","coordinates":[77.61176,12.90541]},"properties":{"cell_id":61303,"case_count":1,"gi_zscore":-0.0705,"gi_pvalue":0.168,"significance":"not_sig"}},{"type":"Feature","geometry":{"type":"Point","coordinates":[77.62353,12.90541]},"properties":{"cell_id":61304,"case_count":1,"gi_zscore":-0.0865,"gi_pvalue":0.221,"significance":"not_sig"}},{"type":"Feature","geometry":{"type":"Point","coordinates":[77.63529,12.90541]},"properties":{"cell_id":61305,"case_count":5,"gi_zscore":-0.0986,"gi_pvalue":0.424,"significance":"not_sig"}},{"type":"Feature","geometry":{"type":"Point","coordinates":[77.67059,12.90541]},"properties":{"cell_id":61308,"case_count":1,"gi_zscore":-0.1207,"gi_pvalue":0.104,"significance":"not_sig"}},{"type":"Feature","geometry":{"type":"Point","coordinates":[77.69412,12.90541]},"properties":{"cell_id":61310,"case_count":1,"gi_zscore":-0.1147,"gi_pvalue":0.427,"significance":"not_sig"}},{"type":"Feature","geometry":{"type":"Point","coordinates":[78.12941,12.90541]},"properties":{"cell_id":61347,"case_count":1,"gi_zscore":-0.1147,"gi_pvalue":0.427,"significance":"not_sig"}},{"type":"Feature","geometry":{"type":"Point","coordinates":[74.84706,12.91441]},"properties":{"cell_id":61459,"case_count":1,"gi_zscore":-0.1006,"gi_pvalue":0.338,"significance":"not_sig"}},{"type":"Feature","geometry":{"type":"Point","coordinates":[74.87059,12.91441]},"properties":{"cell_id":61461,"case_count":1,"gi_zscore":-0.1147,"gi_pvalue":0.427,"significance":"not_sig"}},{"type":"Feature","geometry":{"type":"Point","coordinates":[74.89412,12.91441]},"properties":{"cell_id":61463,"case_count":2,"gi_zscore":-0.1227,"gi_pvalue":0.033,"significance":"cold_95"}},{"type":"Feature","geometry":{"type":"Point","coordinates":[74.90588,12.91441]},"properties":{"cell_id":61464,"case_count":1,"gi_zscore":-0.1227,"gi_pvalue":0.104,"significance":"not_sig"}},{"type":"Feature","geometry":{"type":"Point","coordinates":[76.14118,12.91441]},"properties":{"cell_id":61569,"case_count":1,"gi_zscore":-0.1227,"gi_pvalue":0.104,"significance":"not_sig"}},{"type":"Feature","geometry":{"type":"Point","coordinates":[76.38824,12.91441]},"properties":{"cell_id":61590,"case_count":1,"gi_zscore":-0.1187,"gi_pvalue":0.202,"significance":"not_sig"}},{"type":"Feature","geometry":{"type":"Point","coordinates":[76.50588,12.91441]},"properties":{"cell_id":61600,"case_count":1,"gi_zscore":-0.1187,"gi_pvalue":0.202,"significance":"not_sig"}},{"type":"Feature","geometry":{"type":"Point","coordinates":[77.48235,12.91441]},"properties":{"cell_id":61683,"case_count":5,"gi_zscore":-0.0805,"gi_pvalue":0.221,"significance":"not_sig"}},{"type":"Feature","geometry":{"type":"Point","coordinates":[77.49412,12.91441]},"properties":{"cell_id":61684,"case_count":1,"gi_zscore":-0.0845,"gi_pvalue":0.214,"significance":"not_sig"}},{"type":"Feature","geometry":{"type":"Point","coordinates":[77.50588,12.91441]},"properties":{"cell_id":61685,"case_count":1,"gi_zscore":-0.1006,"gi_pvalue":0.338,"significance":"not_sig"}},{"type":"Feature","geometry":{"type":"Point","coordinates":[77.51765,12.91441]},"properties":{"cell_id":61686,"case_count":2,"gi_zscore":-0.1106,"gi_pvalue":0.48,"significance":"not_sig"}},{"type":"Feature","geometry":{"type":"Point","coordinates":[77.52941,12.91441]},"properties":{"cell_id":61687,"case_count":1,"gi_zscore":-0.0986,"gi_pvalue":0.296,"significance":"not_sig"}},{"type":"Feature","geometry":{"type":"Point","coordinates":[77.54118,12.91441]},"properties":{"cell_id":61688,"case_count":4,"gi_zscore":-0.0825,"gi_pvalue":0.223,"significance":"not_sig"}},{"type":"Feature","geometry":{"type":"Point","coordinates":[77.55294,12.91441]},"properties":{"cell_id":61689,"case_count":5,"gi_zscore":-0.0624,"gi_pvalue":0.166,"significance":"not_sig"}},{"type":"Feature","geometry":{"type":"Point","coordinates":[77.56471,12.91441]},"properties":{"cell_id":61690,"case_count":4,"gi_zscore":-0.0383,"gi_pvalue":0.132,"significance":"not_sig"}},{"type":"Feature","geometry":{"type":"Point","coordinates":[77.57647,12.91441]},"properties":{"cell_id":61691,"case_count":8,"gi_zscore":-0.0263,"gi_pvalue":0.13,"significance":"not_sig"}},{"type":"Feature","geometry":{"type":"Point","coordinates":[77.58824,12.91441]},"properties":{"cell_id":61692,"case_count":7,"gi_zscore":-0.0122,"gi_pvalue":0.119,"significance":"not_sig"}},{"type":"Feature","geometry":{"type":"Point","coordinates":[77.6,12.91441]},"properties":{"cell_id":61693,"case_count":6,"gi_zscore":-0.0122,"gi_pvalue":0.119,"significance":"not_sig"}},{"type":"Feature","geometry":{"type":"Point","coordinates":[77.61176,12.91441]},"properties":{"cell_id":61694,"case_count":7,"gi_zscore":-0.0464,"gi_pvalue":0.15,"significance":"not_sig"}},{"type":"Feature","geometry":{"type":"Point","coordinates":[77.62353,12.91441]},"properties":{"cell_id":61695,"case_count":1,"gi_zscore":-0.0705,"gi_pvalue":0.168,"significance":"not_sig"}},{"type":"Feature","geometry":{"type":"Point","coordinates":[77.63529,12.91441]},"properties":{"cell_id":61696,"case_count":2,"gi_zscore":-0.1006,"gi_pvalue":0.341,"significance":"not_sig"}},{"type":"Feature","geometry":{"type":"Point","coordinates":[77.64706,12.91441]},"properties":{"cell_id":61697,"case_count":2,"gi_zscore":-0.0946,"gi_pvalue":0.282,"significance":"not_sig"}},{"type":"Feature","geometry":{"type":"Point","coordinates":[77.67059,12.91441]},"properties":{"cell_id":61699,"case_count":1,"gi_zscore":-0.1167,"gi_pvalue":0.274,"significance":"not_sig"}},{"type":"Feature","geometry":{"type":"Point","coordinates":[77.69412,12.91441]},"properties":{"cell_id":61701,"case_count":1,"gi_zscore":-0.1187,"gi_pvalue":0.2,"significance":"not_sig"}},{"type":"Feature","geometry":{"type":"Point","coordinates":[77.70588,12.91441]},"properties":{"cell_id":61702,"case_count":2,"gi_zscore":-0.1147,"gi_pvalue":0.332,"significance":"not_sig"}},{"type":"Feature","geometry":{"type":"Point","coordinates":[77.77647,12.91441]},"properties":{"cell_id":61708,"case_count":2,"gi_zscore":-0.1147,"gi_pvalue":0.332,"significance":"not_sig"}},{"type":"Feature","geometry":{"type":"Point","coordinates":[77.84706,12.91441]},"properties":{"cell_id":61714,"case_count":1,"gi_zscore":-0.1247,"gi_pvalue":0.033,"significance":"cold_95"}},{"type":"Feature","geometry":{"type":"Point","coordinates":[74.82353,12.92342]},"properties":{"cell_id":61848,"case_count":1,"gi_zscore":-0.1106,"gi_pvalue":0.459,"significance":"not_sig"}},{"type":"Feature","geometry":{"type":"Point","coordinates":[74.84706,12.92342]},"properties":{"cell_id":61850,"case_count":1,"gi_zscore":-0.1187,"gi_pvalue":0.2,"significance":"not_sig"}},{"type":"Feature","geometry":{"type":"Point","coordinates":[74.85882,12.92342]},"properties":{"cell_id":61851,"case_count":2,"gi_zscore":-0.1227,"gi_pvalue":0.034,"significance":"cold_95"}},{"type":"Feature","geometry":{"type":"Point","coordinates":[74.87059,12.92342]},"properties":{"cell_id":61852,"case_count":1,"gi_zscore":-0.1227,"gi_pvalue":0.103,"significance":"not_sig"}},{"type":"Feature","geometry":{"type":"Point","coordinates":[74.90588,12.92342]},"properties":{"cell_id":61855,"case_count":1,"gi_zscore":-0.1227,"gi_pvalue":0.103,"significance":"not_sig"}},{"type":"Feature","geometry":{"type":"Point","coordinates":[77.47059,12.92342]},"properties":{"cell_id":62073,"case_count":1,"gi_zscore":-0.0865,"gi_pvalue":0.215,"significance":"not_sig"}},{"type":"Feature","geometry":{"type":"Point","coordinates":[77.48235,12.92342]},"properties":{"cell_id":62074,"case_count":8,"gi_zscore":-0.0825,"gi_pvalue":0.276,"significance":"not_sig"}},{"type":"Feature","geometry":{"type":"Point","coordinates":[77.49412,12.92342]},"properties":{"cell_id":62075,"case_count":3,"gi_zscore":-0.0865,"gi_pvalue":0.246,"significance":"not_sig"}},{"type":"Feature","geometry":{"type":"Point","coordinates":[77.52941,12.92342]},"properties":{"cell_id":62078,"case_count":2,"gi_zscore":-0.0644,"gi_pvalue":0.158,"significance":"not_sig"}},{"type":"Feature","geometry":{"type":"Point","coordinates":[77.54118,12.92342]},"properties":{"cell_id":62079,"case_count":4,"gi_zscore":-0.0403,"gi_pvalue":0.133,"significance":"not_sig"}},{"type":"Feature","geometry":{"type":"Point","coordinates":[77.55294,12.92342]},"properties":{"cell_id":62080,"case_count":7,"gi_zscore":-0.0343,"gi_pvalue":0.133,"significance":"not_sig"}},{"type":"Feature","geometry":{"type":"Point","coordinates":[77.56471,12.92342]},"properties":{"cell_id":62081,"case_count":7,"gi_zscore":-0.0202,"gi_pvalue":0.123,"significance":"not_sig"}},{"type":"Feature","geometry":{"type":"Point","coordinates":[77.57647,12.92342]},"properties":{"cell_id":62082,"case_count":10,"gi_zscore":-0.0042,"gi_pvalue":0.118,"significance":"not_sig"}},{"type":"Feature","geometry":{"type":"Point","coordinates":[77.58824,12.92342]},"properties":{"cell_id":62083,"case_count":12,"gi_zscore":0.0139,"gi_pvalue":0.113,"significance":"not_sig"}},{"type":"Feature","geometry":{"type":"Point","coordinates":[77.6,12.92342]},"properties":{"cell_id":62084,"case_count":10,"gi_zscore":0.036,"gi_pvalue":0.11,"significance":"not_sig"}},{"type":"Feature","geometry":{"type":"Point","coordinates":[77.61176,12.92342]},"properties":{"cell_id":62085,"case_count":14,"gi_zscore":-0.0022,"gi_pvalue":0.12,"significance":"not_sig"}},{"type":"Feature","geometry":{"type":"Point","coordinates":[77.62353,12.92342]},"properties":{"cell_id":62086,"case_count":2,"gi_zscore":-0.0363,"gi_pvalue":0.129,"significance":"not_sig"}},{"type":"Feature","geometry":{"type":"Point","coordinates":[77.63529,12.92342]},"properties":{"cell_id":62087,"case_count":3,"gi_zscore":-0.0946,"gi_pvalue":0.298,"significance":"not_sig"}},{"type":"Feature","geometry":{"type":"Point","coordinates":[77.64706,12.92342]},"properties":{"cell_id":62088,"case_count":2,"gi_zscore":-0.0946,"gi_pvalue":0.296,"significance":"not_sig"}},{"type":"Feature","geometry":{"type":"Point","coordinates":[77.65882,12.92342]},"properties":{"cell_id":62089,"case_count":2,"gi_zscore":-0.1126,"gi_pvalue":0.423,"significance":"not_sig"}},{"type":"Feature","geometry":{"type":"Point","coordinates":[77.67059,12.92342]},"properties":{"cell_id":62090,"case_count":2,"gi_zscore":-0.1147,"gi_pvalue":0.332,"significance":"not_sig"}},{"type":"Feature","geometry":{"type":"Point","coordinates":[77.78824,12.92342]},"properties":{"cell_id":62100,"case_count":1,"gi_zscore":-0.1207,"gi_pvalue":0.105,"significance":"not_sig"}},{"type":"Feature","geometry":{"type":"Point","coordinates":[78.28235,12.92342]},"properties":{"cell_id":62142,"case_count":1,"gi_zscore":-0.1147,"gi_pvalue":0.423,"significance":"not_sig"}},{"type":"Feature","geometry":{"type":"Point","coordinates":[74.82353,12.93243]},"properties":{"cell_id":62239,"case_count":1,"gi_zscore":-0.1187,"gi_pvalue":0.202,"significance":"not_sig"}},{"type":"Feature","geometry":{"type":"Point","coordinates":[74.87059,12.93243]},"properties":{"cell_id":62243,"case_count":1,"gi_zscore":-0.1227,"gi_pvalue":0.105,"significance":"not_sig"}},{"type":"Feature","geometry":{"type":"Point","coordinates":[74.95294,12.93243]},"properties":{"cell_id":62250,"case_count":1,"gi_zscore":-0.1227,"gi_pvalue":0.105,"significance":"not_sig"}},{"type":"Feature","geometry":{"type":"Point","coordinates":[77.02353,12.93243]},"properties":{"cell_id":62426,"case_count":1,"gi_zscore":-0.1187,"gi_pvalue":0.202,"significance":"not_sig"}},{"type":"Feature","geometry":{"type":"Point","coordinates":[77.47059,12.93243]},"properties":{"cell_id":62464,"case_count":2,"gi_zscore":-0.0865,"gi_pvalue":0.229,"significance":"not_sig"}},{"type":"Feature","geometry":{"type":"Point","coordinates":[77.48235,12.93243]},"properties":{"cell_id":62465,"case_count":2,"gi_zscore":-0.0905,"gi_pvalue":0.257,"significance":"not_sig"}},{"type":"Feature","geometry":{"type":"Point","coordinates":[77.49412,12.93243]},"properties":{"cell_id":62466,"case_count":5,"gi_zscore":-0.0885,"gi_pvalue":0.296,"significance":"not_sig"}},{"type":"Feature","geometry":{"type":"Point","coordinates":[77.50588,12.93243]},"properties":{"cell_id":62467,"case_count":2,"gi_zscore":-0.0966,"gi_pvalue":0.299,"significance":"not_sig"}},{"type":"Feature","geometry":{"type":"Point","coordinates":[77.51765,12.93243]},"properties":{"cell_id":62468,"case_count":3,"gi_zscore":-0.0001,"gi_pvalue":0.113,"significance":"not_sig"}},{"type":"Feature","geometry":{"type":"Point","coordinates":[77.52941,12.93243]},"properties":{"cell_id":62469,"case_count":10,"gi_zscore":0.0159,"gi_pvalue":0.113,"significance":"not_sig"}},{"type":"Feature","geometry":{"type":"Point","coordinates":[77.54118,12.93243]},"properties":{"cell_id":62470,"case_count":11,"gi_zscore":0.0461,"gi_pvalue":0.109,"significance":"not_sig"}},{"type":"Feature","geometry":{"type":"Point","coordinates":[77.55294,12.93243]},"properties":{"cell_id":62471,"case_count":7,"gi_zscore":-0.0062,"gi_pvalue":0.116,"significance":"not_sig"}},{"type":"Feature","geometry":{"type":"Point","coordinates":[77.56471,12.93243]},"properties":{"cell_id":62472,"case_count":5,"gi_zscore":-0.0102,"gi_pvalue":0.116,"significance":"not_sig"}},{"type":"Feature","geometry":{"type":"Point","coordinates":[77.57647,12.93243]},"properties":{"cell_id":62473,"case_count":8,"gi_zscore":-0.0142,"gi_pvalue":0.12,"significance":"not_sig"}},{"type":"Feature","geometry":{"type":"Point","coordinates":[77.58824,12.93243]},"properties":{"cell_id":62474,"case_count":8,"gi_zscore":0.0039,"gi_pvalue":0.113,"significance":"not_sig"}},{"type":"Feature","geometry":{"type":"Point","coordinates":[77.6,12.93243]},"properties":{"cell_id":62475,"case_count":9,"gi_zscore":0.0481,"gi_pvalue":0.107,"significance":"not_sig"}},{"type":"Feature","geometry":{"type":"Point","coordinates":[77.61176,12.93243]},"properties":{"cell_id":62476,"case_count":16,"gi_zscore":0.0199,"gi_pvalue":0.113,"significance":"not_sig"}},{"type":"Feature","geometry":{"type":"Point","coordinates":[77.62353,12.93243]},"properties":{"cell_id":62477,"case_count":5,"gi_zscore":-0.0162,"gi_pvalue":0.118,"significance":"not_sig"}},{"type":"Feature","geometry":{"type":"Point","coordinates":[77.63529,12.93243]},"properties":{"cell_id":62478,"case_count":3,"gi_zscore":-0.0966,"gi_pvalue":0.336,"significance":"not_sig"}},{"type":"Feature","geometry":{"type":"Point","coordinates":[77.68235,12.93243]},"properties":{"cell_id":62482,"case_count":2,"gi_zscore":-0.1167,"gi_pvalue":0.201,"significance":"not_sig"}},{"type":"Feature","geometry":{"type":"Point","coordinates":[77.69412,12.93243]},"properties":{"cell_id":62483,"case_count":2,"gi_zscore":-0.1167,"gi_pvalue":0.201,"significance":"not_sig"}},{"type":"Feature","geometry":{"type":"Point","coordinates":[77.70588,12.93243]},"properties":{"cell_id":62484,"case_count":1,"gi_zscore":-0.1106,"gi_pvalue":0.465,"significance":"not_sig"}},{"type":"Feature","geometry":{"type":"Point","coordinates":[77.71765,12.93243]},"properties":{"cell_id":62485,"case_count":1,"gi_zscore":-0.1086,"gi_pvalue":0.441,"significance":"not_sig"}},{"type":"Feature","geometry":{"type":"Point","coordinates":[77.74118,12.93243]},"properties":{"cell_id":62487,"case_count":2,"gi_zscore":-0.1126,"gi_pvalue":0.423,"significance":"not_sig"}},{"type":"Feature","geometry":{"type":"Point","coordinates":[77.8,12.93243]},"properties":{"cell_id":62492,"case_count":1,"gi_zscore":-0.1227,"gi_pvalue":0.106,"significance":"not_sig"}},{"type":"Feature","geometry":{"type":"Point","coordinates":[78.27059,12.93243]},"properties":{"cell_id":62532,"case_count":2,"gi_zscore":-0.1147,"gi_pvalue":0.331,"significance":"not_sig"}},{"type":"Feature","geometry":{"type":"Point","coordinates":[74.8,12.94144]},"properties":{"cell_id":62628,"case_count":1,"gi_zscore":-0.1187,"gi_pvalue":0.2,"significance":"not_sig"}},{"type":"Feature","geometry":{"type":"Point","coordinates":[74.85882,12.94144]},"properties":{"cell_id":62633,"case_count":1,"gi_zscore":-0.1227,"gi_pvalue":0.107,"significance":"not_sig"}},{"type":"Feature","geometry":{"type":"Point","coordinates":[77.47059,12.94144]},"properties":{"cell_id":62855,"case_count":1,"gi_zscore":-0.1006,"gi_pvalue":0.335,"significance":"not_sig"}},{"type":"Feature","geometry":{"type":"Point","coordinates":[77.48235,12.94144]},"properties":{"cell_id":62856,"case_count":3,"gi_zscore":-0.0926,"gi_pvalue":0.286,"significance":"not_sig"}},{"type":"Feature","geometry":{"type":"Point","coordinates":[77.49412,12.94144]},"properties":{"cell_id":62857,"case_count":1,"gi_zscore":-0.1026,"gi_pvalue":0.337,"significance":"not_sig"}},{"type":"Feature","geometry":{"type":"Point","coordinates":[77.51765,12.94144]},"properties":{"cell_id":62859,"case_count":5,"gi_zscore":0.0882,"gi_pvalue":0.1,"significance":"hot_90"}},{"type":"Feature","geometry":{"type":"Point","coordinates":[77.52941,12.94144]},"properties":{"cell_id":62860,"case_count":33,"gi_zscore":0.1123,"gi_pvalue":0.103,"significance":"not_sig"}},{"type":"Feature","geometry":{"type":"Point","coordinates":[77.54118,12.94144]},"properties":{"cell_id":62861,"case_count":10,"gi_zscore":0.1365,"gi_pvalue":0.089,"significance":"hot_90"}},{"type":"Feature","geometry":{"type":"Point","coordinates":[77.55294,12.94144]},"properties":{"cell_id":62862,"case_count":10,"gi_zscore":0.0541,"gi_pvalue":0.105,"significance":"not_sig"}},{"type":"Feature","geometry":{"type":"Point","coordinates":[77.56471,12.94144]},"properties":{"cell_id":62863,"case_count":7,"gi_zscore":0.0119,"gi_pvalue":0.113,"significance":"not_sig"}},{"type":"Feature","geometry":{"type":"Point","coordinates":[77.57647,12.94144]},"properties":{"cell_id":62864,"case_count":5,"gi_zscore":-0.0283,"gi_pvalue":0.126,"significance":"not_sig"}},{"type":"Feature","geometry":{"type":"Point","coordinates":[77.58824,12.94144]},"properties":{"cell_id":62865,"case_count":2,"gi_zscore":0.0019,"gi_pvalue":0.113,"significance":"not_sig"}},{"type":"Feature","geometry":{"type":"Point","coordinates":[77.6,12.94144]},"properties":{"cell_id":62866,"case_count":9,"gi_zscore":0.04,"gi_pvalue":0.109,"significance":"not_sig"}},{"type":"Feature","geometry":{"type":"Point","coordinates":[77.61176,12.94144]},"properties":{"cell_id":62867,"case_count":15,"gi_zscore":0.0822,"gi_pvalue":0.101,"significance":"not_sig"}},{"type":"Feature","geometry":{"type":"Point","coordinates":[77.62353,12.94144]},"properties":{"cell_id":62868,"case_count":1,"gi_zscore":0.026,"gi_pvalue":0.109,"significance":"not_sig"}},{"type":"Feature","geometry":{"type":"Point","coordinates":[77.63529,12.94144]},"properties":{"cell_id":62869,"case_count":4,"gi_zscore":-0.0464,"gi_pvalue":0.136,"significance":"not_sig"}},{"type":"Feature","geometry":{"type":"Point","coordinates":[77.64706,12.94144]},"properties":{"cell_id":62870,"case_count":1,"gi_zscore":-0.0986,"gi_pvalue":0.296,"significance":"not_sig"}},{"type":"Feature","geometry":{"type":"Point","coordinates":[77.65882,12.94144]},"properties":{"cell_id":62871,"case_count":1,"gi_zscore":-0.1046,"gi_pvalue":0.368,"significance":"not_sig"}},{"type":"Feature","geometry":{"type":"Point","coordinates":[77.69412,12.94144]},"properties":{"cell_id":62874,"case_count":1,"gi_zscore":-0.1086,"gi_pvalue":0.467,"significance":"not_sig"}},{"type":"Feature","geometry":{"type":"Point","coordinates":[77.72941,12.94144]},"properties":{"cell_id":62877,"case_count":1,"gi_zscore":-0.1066,"gi_pvalue":0.427,"significance":"not_sig"}},{"type":"Feature","geometry":{"type":"Point","coordinates":[77.74118,12.94144]},"properties":{"cell_id":62878,"case_count":1,"gi_zscore":-0.1126,"gi_pvalue":0.479,"significance":"not_sig"}},{"type":"Feature","geometry":{"type":"Point","coordinates":[77.75294,12.94144]},"properties":{"cell_id":62879,"case_count":1,"gi_zscore":-0.1167,"gi_pvalue":0.28,"significance":"not_sig"}},{"type":"Feature","geometry":{"type":"Point","coordinates":[77.83529,12.94144]},"properties":{"cell_id":62886,"case_count":1,"gi_zscore":-0.1207,"gi_pvalue":0.112,"significance":"not_sig"}},{"type":"Feature","geometry":{"type":"Point","coordinates":[78.27059,12.94144]},"properties":{"cell_id":62923,"case_count":1,"gi_zscore":-0.1147,"gi_pvalue":0.421,"significance":"not_sig"}},{"type":"Feature","geometry":{"type":"Point","coordinates":[75.37647,12.95045]},"properties":{"cell_id":63068,"case_count":1,"gi_zscore":-0.1207,"gi_pvalue":0.112,"significance":"not_sig"}},{"type":"Feature","geometry":{"type":"Point","coordinates":[77.48235,12.95045]},"properties":{"cell_id":63247,"case_count":1,"gi_zscore":-0.1126,"gi_pvalue":0.479,"significance":"not_sig"}},{"type":"Feature","geometry":{"type":"Point","coordinates":[77.49412,12.95045]},"properties":{"cell_id":63248,"case_count":2,"gi_zscore":-0.1046,"gi_pvalue":0.398,"significance":"not_sig"}},{"type":"Feature","geometry":{"type":"Point","coordinates":[77.51765,12.95045]},"properties":{"cell_id":63250,"case_count":13,"gi_zscore":0.0842,"gi_pvalue":0.101,"significance":"not_sig"}},{"type":"Feature","geometry":{"type":"Point","coordinates":[77.52941,12.95045]},"properties":{"cell_id":63251,"case_count":20,"gi_zscore":0.1525,"gi_pvalue":0.091,"significance":"hot_90"}},{"type":"Feature","geometry":{"type":"Point","coordinates":[77.54118,12.95045]},"properties":{"cell_id":63252,"case_count":22,"gi_zscore":0.1626,"gi_pvalue":0.089,"significance":"hot_90"}},{"type":"Feature","geometry":{"type":"Point","coordinates":[77.55294,12.95045]},"properties":{"cell_id":63253,"case_count":16,"gi_zscore":0.0862,"gi_pvalue":0.101,"significance":"not_sig"}},{"type":"Feature","geometry":{"type":"Point","coordinates":[77.56471,12.95045]},"properties":{"cell_id":63254,"case_count":10,"gi_zscore":0.1144,"gi_pvalue":0.095,"significance":"hot_90"}},{"type":"Feature","geometry":{"type":"Point","coordinates":[77.57647,12.95045]},"properties":{"cell_id":63255,"case_count":9,"gi_zscore":0.0782,"gi_pvalue":0.101,"significance":"not_sig"}},{"type":"Feature","geometry":{"type":"Point","coordinates":[77.58824,12.95045]},"properties":{"cell_id":63256,"case_count":3,"gi_zscore":0.0943,"gi_pvalue":0.097,"significance":"hot_90"}},{"type":"Feature","geometry":{"type":"Point","coordinates":[77.6,12.95045]},"properties":{"cell_id":63257,"case_count":19,"gi_zscore":0.0541,"gi_pvalue":0.11,"significance":"not_sig"}},{"type":"Feature","geometry":{"type":"Point","coordinates":[77.61176,12.95045]},"properties":{"cell_id":63258,"case_count":10,"gi_zscore":0.0842,"gi_pvalue":0.101,"significance":"not_sig"}},{"type":"Feature","geometry":{"type":"Point","coordinates":[77.62353,12.95045]},"properties":{"cell_id":63259,"case_count":28,"gi_zscore":0.044,"gi_pvalue":0.113,"significance":"not_sig"}},{"type":"Feature","geometry":{"type":"Point","coordinates":[77.64706,12.95045]},"properties":{"cell_id":63261,"case_count":1,"gi_zscore":-0.0845,"gi_pvalue":0.216,"significance":"not_sig"}},{"type":"Feature","geometry":{"type":"Point","coordinates":[77.69412,12.95045]},"properties":{"cell_id":63265,"case_count":1,"gi_zscore":-0.1026,"gi_pvalue":0.337,"significance":"not_sig"}},{"type":"Feature","geometry":{"type":"Point","coordinates":[77.70588,12.95045]},"properties":{"cell_id":63266,"case_count":2,"gi_zscore":-0.0966,"gi_pvalue":0.296,"significance":"not_sig"}},{"type":"Feature","geometry":{"type":"Point","coordinates":[77.71765,12.95045]},"properties":{"cell_id":63267,"case_count":5,"gi_zscore":-0.1026,"gi_pvalue":0.47,"significance":"not_sig"}},{"type":"Feature","geometry":{"type":"Point","coordinates":[77.72941,12.95045]},"properties":{"cell_id":63268,"case_count":1,"gi_zscore":-0.1046,"gi_pvalue":0.399,"significance":"not_sig"}},{"type":"Feature","geometry":{"type":"Point","coordinates":[77.74118,12.95045]},"properties":{"cell_id":63269,"case_count":1,"gi_zscore":-0.1167,"gi_pvalue":0.278,"significance":"not_sig"}},{"type":"Feature","geometry":{"type":"Point","coordinates":[77.83529,12.95045]},"properties":{"cell_id":63277,"case_count":1,"gi_zscore":-0.1207,"gi_pvalue":0.111,"significance":"not_sig"}},{"type":"Feature","geometry":{"type":"Point","coordinates":[78.41176,12.95045]},"properties":{"cell_id":63326,"case_count":1,"gi_zscore":-0.1207,"gi_pvalue":0.192,"significance":"not_sig"}},{"type":"Feature","geometry":{"type":"Point","coordinates":[74.82353,12.95946]},"properties":{"cell_id":63412,"case_count":1,"gi_zscore":-0.1207,"gi_pvalue":0.111,"significance":"not_sig"}},{"type":"Feature","geometry":{"type":"Point","coordinates":[74.87059,12.95946]},"properties":{"cell_id":63416,"case_count":1,"gi_zscore":-0.1227,"gi_pvalue":0.111,"significance":"not_sig"}},{"type":"Feature","geometry":{"type":"Point","coordinates":[75.09412,12.95946]},"properties":{"cell_id":63435,"case_count":1,"gi_zscore":-0.1126,"gi_pvalue":0.477,"significance":"not_sig"}},{"type":"Feature","geometry":{"type":"Point","coordinates":[75.38824,12.95946]},"properties":{"cell_id":63460,"case_count":1,"gi_zscore":-0.1207,"gi_pvalue":0.111,"significance":"not_sig"}},{"type":"Feature","geometry":{"type":"Point","coordinates":[76.09412,12.95946]},"properties":{"cell_id":63520,"case_count":1,"gi_zscore":-0.1227,"gi_pvalue":0.111,"significance":"not_sig"}},{"type":"Feature","geometry":{"type":"Point","coordinates":[76.42353,12.95946]},"properties":{"cell_id":63548,"case_count":1,"gi_zscore":-0.1187,"gi_pvalue":0.206,"significance":"not_sig"}},{"type":"Feature","geometry":{"type":"Point","coordinates":[76.62353,12.95946]},"properties":{"cell_id":63565,"case_count":2,"gi_zscore":-0.1207,"gi_pvalue":0.035,"significance":"cold_95"}},{"type":"Feature","geometry":{"type":"Point","coordinates":[77.22353,12.95946]},"properties":{"cell_id":63616,"case_count":2,"gi_zscore":-0.0986,"gi_pvalue":0.331,"significance":"not_sig"}},{"type":"Feature","geometry":{"type":"Point","coordinates":[77.25882,12.95946]},"properties":{"cell_id":63619,"case_count":1,"gi_zscore":-0.0986,"gi_pvalue":0.296,"significance":"not_sig"}},{"type":"Feature","geometry":{"type":"Point","coordinates":[77.48235,12.95946]},"properties":{"cell_id":63638,"case_count":2,"gi_zscore":-0.1126,"gi_pvalue":0.419,"significance":"not_sig"}},{"type":"Feature","geometry":{"type":"Point","coordinates":[77.49412,12.95946]},"properties":{"cell_id":63639,"case_count":1,"gi_zscore":-0.1026,"gi_pvalue":0.334,"significance":"not_sig"}},{"type":"Feature","geometry":{"type":"Point","coordinates":[77.50588,12.95946]},"properties":{"cell_id":63640,"case_count":2,"gi_zscore":-0.0403,"gi_pvalue":0.131,"significance":"not_sig"}},{"type":"Feature","geometry":{"type":"Point","coordinates":[77.51765,12.95946]},"properties":{"cell_id":63641,"case_count":14,"gi_zscore":0.0601,"gi_pvalue":0.107,"significance":"not_sig"}},{"type":"Feature","geometry":{"type":"Point","coordinates":[77.52941,12.95946]},"properties":{"cell_id":63642,"case_count":15,"gi_zscore":0.1204,"gi_pvalue":0.095,"significance":"hot_90"}},{"type":"Feature","geometry":{"type":"Point","coordinates":[77.54118,12.95946]},"properties":{"cell_id":63643,"case_count":15,"gi_zscore":0.1385,"gi_pvalue":0.091,"significance":"hot_90"}},{"type":"Feature","geometry":{"type":"Point","coordinates":[77.55294,12.95946]},"properties":{"cell_id":63644,"case_count":11,"gi_zscore":0.1264,"gi_pvalue":0.091,"significance":"hot_90"}},{"type":"Feature","geometry":{"type":"Point","coordinates":[77.56471,12.95946]},"properties":{"cell_id":63645,"case_count":13,"gi_zscore":0.3253,"gi_pvalue":0.077,"significance":"hot_90"}},{"type":"Feature","geometry":{"type":"Point","coordinates":[77.57647,12.95946]},"properties":{"cell_id":63646,"case_count":47,"gi_zscore":0.3032,"gi_pvalue":0.083,"significance":"hot_90"}},{"type":"Feature","geometry":{"type":"Point","coordinates":[77.58824,12.95946]},"properties":{"cell_id":63647,"case_count":14,"gi_zscore":0.4759,"gi_pvalue":0.069,"significance":"hot_90"}},{"type":"Feature","geometry":{"type":"Point","coordinates":[77.6,12.95946]},"properties":{"cell_id":63648,"case_count":10,"gi_zscore":0.253,"gi_pvalue":0.083,"significance":"hot_90"}},{"type":"Feature","geometry":{"type":"Point","coordinates":[77.61176,12.95946]},"properties":{"cell_id":63649,"case_count":16,"gi_zscore":0.271,"gi_pvalue":0.082,"significance":"hot_90"}},{"type":"Feature","geometry":{"type":"Point","coordinates":[77.62353,12.95946]},"properties":{"cell_id":63650,"case_count":5,"gi_zscore":0.0521,"gi_pvalue":0.103,"significance":"not_sig"}},{"type":"Feature","geometry":{"type":"Point","coordinates":[77.64706,12.95946]},"properties":{"cell_id":63652,"case_count":5,"gi_zscore":-0.0946,"gi_pvalue":0.345,"significance":"not_sig"}},{"type":"Feature","geometry":{"type":"Point","coordinates":[77.65882,12.95946]},"properties":{"cell_id":63653,"case_count":3,"gi_zscore":-0.0986,"gi_pvalue":0.345,"significance":"not_sig"}},{"type":"Feature","geometry":{"type":"Point","coordinates":[77.67059,12.95946]},"properties":{"cell_id":63654,"case_count":2,"gi_zscore":-0.0986,"gi_pvalue":0.33,"significance":"not_sig"}},{"type":"Feature","geometry":{"type":"Point","coordinates":[77.69412,12.95946]},"properties":{"cell_id":63656,"case_count":4,"gi_zscore":-0.1026,"gi_pvalue":0.472,"significance":"not_sig"}},{"type":"Feature","geometry":{"type":"Point","coordinates":[77.70588,12.95946]},"properties":{"cell_id":63657,"case_count":3,"gi_zscore":-0.0905,"gi_pvalue":0.276,"significance":"not_sig"}},{"type":"Feature","geometry":{"type":"Point","coordinates":[77.71765,12.95946]},"properties":{"cell_id":63658,"case_count":4,"gi_zscore":-0.0966,"gi_pvalue":0.332,"significance":"not_sig"}},{"type":"Feature","geometry":{"type":"Point","coordinates":[77.74118,12.95946]},"properties":{"cell_id":63660,"case_count":2,"gi_zscore":-0.1147,"gi_pvalue":0.332,"significance":"not_sig"}},{"type":"Feature","geometry":{"type":"Point","coordinates":[77.96471,12.95946]},"properties":{"cell_id":63679,"case_count":1,"gi_zscore":-0.1167,"gi_pvalue":0.332,"significance":"not_sig"}},{"type":"Feature","geometry":{"type":"Point","coordinates":[78.24706,12.95946]},"properties":{"cell_id":63703,"case_count":1,"gi_zscore":-0.1167,"gi_pvalue":0.332,"significance":"not_sig"}},{"type":"Feature","geometry":{"type":"Point","coordinates":[78.27059,12.95946]},"properties":{"cell_id":63705,"case_count":2,"gi_zscore":-0.1147,"gi_pvalue":0.333,"significance":"not_sig"}},{"type":"Feature","geometry":{"type":"Point","coordinates":[78.28235,12.95946]},"properties":{"cell_id":63706,"case_count":2,"gi_zscore":-0.1147,"gi_pvalue":0.333,"significance":"not_sig"}},{"type":"Feature","geometry":{"type":"Point","coordinates":[78.29412,12.95946]},"properties":{"cell_id":63707,"case_count":2,"gi_zscore":-0.1147,"gi_pvalue":0.333,"significance":"not_sig"}},{"type":"Feature","geometry":{"type":"Point","coordinates":[76.09412,12.96847]},"properties":{"cell_id":63911,"case_count":1,"gi_zscore":-0.1227,"gi_pvalue":0.111,"significance":"not_sig"}},{"type":"Feature","geometry":{"type":"Point","coordinates":[77.49412,12.96847]},"properties":{"cell_id":64030,"case_count":2,"gi_zscore":-0.0885,"gi_pvalue":0.249,"significance":"not_sig"}},{"type":"Feature","geometry":{"type":"Point","coordinates":[77.50588,12.96847]},"properties":{"cell_id":64031,"case_count":4,"gi_zscore":-0.0484,"gi_pvalue":0.135,"significance":"not_sig"}},{"type":"Feature","geometry":{"type":"Point","coordinates":[77.51765,12.96847]},"properties":{"cell_id":64032,"case_count":8,"gi_zscore":0.0219,"gi_pvalue":0.113,"significance":"not_sig"}},{"type":"Feature","geometry":{"type":"Point","coordinates":[77.52941,12.96847]},"properties":{"cell_id":64033,"case_count":20,"gi_zscore":0.042,"gi_pvalue":0.113,"significance":"not_sig"}},{"type":"Feature","geometry":{"type":"Point","coordinates":[77.54118,12.96847]},"properties":{"cell_id":64034,"case_count":4,"gi_zscore":0.0641,"gi_pvalue":0.101,"significance":"not_sig"}},{"type":"Feature","geometry":{"type":"Point","coordinates":[77.55294,12.96847]},"properties":{"cell_id":64035,"case_count":17,"gi_zscore":0.0702,"gi_pvalue":0.105,"significance":"not_sig"}},{"type":"Feature","geometry":{"type":"Point","coordinates":[77.56471,12.96847]},"properties":{"cell_id":64036,"case_count":26,"gi_zscore":0.3233,"gi_pvalue":0.079,"significance":"hot_90"}},{"type":"Feature","geometry":{"type":"Point","coordinates":[77.57647,12.96847]},"properties":{"cell_id":64037,"case_count":84,"gi_zscore":0.3112,"gi_pvalue":0.083,"significance":"hot_90"}},{"type":"Feature","geometry":{"type":"Point","coordinates":[77.58824,12.96847]},"properties":{"cell_id":64038,"case_count":16,"gi_zscore":1.854,"gi_pvalue":0.003,"significance":"hot_99"}},{"type":"Feature","geometry":{"type":"Point","coordinates":[77.6,12.96847]},"properties":{"cell_id":64039,"case_count":106,"gi_zscore":1.6109,"gi_pvalue":0.005,"significance":"hot_99"}},{"type":"Feature","geometry":{"type":"Point","coordinates":[77.61176,12.96847]},"properties":{"cell_id":64040,"case_count":3,"gi_zscore":1.6029,"gi_pvalue":0.004,"significance":"hot_99"}},{"type":"Feature","geometry":{"type":"Point","coordinates":[77.62353,12.96847]},"properties":{"cell_id":64041,"case_count":9,"gi_zscore":0.0661,"gi_pvalue":0.093,"significance":"hot_90"}},{"type":"Feature","geometry":{"type":"Point","coordinates":[77.63529,12.96847]},"properties":{"cell_id":64042,"case_count":9,"gi_zscore":-0.0243,"gi_pvalue":0.121,"significance":"not_sig"}},{"type":"Feature","geometry":{"type":"Point","coordinates":[77.64706,12.96847]},"properties":{"cell_id":64043,"case_count":2,"gi_zscore":-0.0725,"gi_pvalue":0.173,"significance":"not_sig"}},{"type":"Feature","geometry":{"type":"Point","coordinates":[77.65882,12.96847]},"properties":{"cell_id":64044,"case_count":1,"gi_zscore":-0.0986,"gi_pvalue":0.291,"significance":"not_sig"}},{"type":"Feature","geometry":{"type":"Point","coordinates":[77.67059,12.96847]},"properties":{"cell_id":64045,"case_count":6,"gi_zscore":-0.1066,"gi_pvalue":0.367,"significance":"not_sig"}},{"type":"Feature","geometry":{"type":"Point","coordinates":[77.68235,12.96847]},"properties":{"cell_id":64046,"case_count":2,"gi_zscore":-0.0986,"gi_pvalue":0.326,"significance":"not_sig"}},{"type":"Feature","geometry":{"type":"Point","coordinates":[77.69412,12.96847]},"properties":{"cell_id":64047,"case_count":3,"gi_zscore":-0.1046,"gi_pvalue":0.423,"significance":"not_sig"}},{"type":"Feature","geometry":{"type":"Point","coordinates":[77.70588,12.96847]},"properties":{"cell_id":64048,"case_count":2,"gi_zscore":-0.0966,"gi_pvalue":0.291,"significance":"not_sig"}},{"type":"Feature","geometry":{"type":"Point","coordinates":[77.71765,12.96847]},"properties":{"cell_id":64049,"case_count":2,"gi_zscore":-0.0966,"gi_pvalue":0.291,"significance":"not_sig"}},{"type":"Feature","geometry":{"type":"Point","coordinates":[77.72941,12.96847]},"properties":{"cell_id":64050,"case_count":3,"gi_zscore":-0.0986,"gi_pvalue":0.327,"significance":"not_sig"}},{"type":"Feature","geometry":{"type":"Point","coordinates":[77.74118,12.96847]},"properties":{"cell_id":64051,"case_count":1,"gi_zscore":-0.1066,"gi_pvalue":0.42,"significance":"not_sig"}},{"type":"Feature","geometry":{"type":"Point","coordinates":[77.75294,12.96847]},"properties":{"cell_id":64052,"case_count":3,"gi_zscore":-0.1086,"gi_pvalue":0.463,"significance":"not_sig"}},{"type":"Feature","geometry":{"type":"Point","coordinates":[77.76471,12.96847]},"properties":{"cell_id":64053,"case_count":1,"gi_zscore":-0.1126,"gi_pvalue":0.488,"significance":"not_sig"}},{"type":"Feature","geometry":{"type":"Point","coordinates":[77.83529,12.96847]},"properties":{"cell_id":64059,"case_count":1,"gi_zscore":-0.1207,"gi_pvalue":0.114,"significance":"not_sig"}},{"type":"Feature","geometry":{"type":"Point","coordinates":[78.25882,12.96847]},"properties":{"cell_id":64095,"case_count":2,"gi_zscore":-0.1167,"gi_pvalue":0.209,"significance":"not_sig"}},{"type":"Feature","geometry":{"type":"Point","coordinates":[78.28235,12.96847]},"properties":{"cell_id":64097,"case_count":1,"gi_zscore":-0.1147,"gi_pvalue":0.431,"significance":"not_sig"}},{"type":"Feature","geometry":{"type":"Point","coordinates":[74.88235,12.97748]},"properties":{"cell_id":64199,"case_count":1,"gi_zscore":-0.1227,"gi_pvalue":0.113,"significance":"not_sig"}},{"type":"Feature","geometry":{"type":"Point","coordinates":[74.95294,12.97748]},"properties":{"cell_id":64205,"case_count":1,"gi_zscore":-0.1247,"gi_pvalue":0.036,"significance":"cold_95"}},{"type":"Feature","geometry":{"type":"Point","coordinates":[77.50588,12.97748]},"properties":{"cell_id":64422,"case_count":5,"gi_zscore":-0.0564,"gi_pvalue":0.147,"significance":"not_sig"}},{"type":"Feature","geometry":{"type":"Point","coordinates":[77.51765,12.97748]},"properties":{"cell_id":64423,"case_count":7,"gi_zscore":-0.0062,"gi_pvalue":0.106,"significance":"not_sig"}},{"type":"Feature","geometry":{"type":"Point","coordinates":[77.52941,12.97748]},"properties":{"cell_id":64424,"case_count":7,"gi_zscore":-0.0001,"gi_pvalue":0.104,"significance":"not_sig"}},{"type":"Feature","geometry":{"type":"Point","coordinates":[77.54118,12.97748]},"properties":{"cell_id":64425,"case_count":2,"gi_zscore":0.04,"gi_pvalue":0.096,"significance":"hot_90"}},{"type":"Feature","geometry":{"type":"Point","coordinates":[77.55294,12.97748]},"properties":{"cell_id":64426,"case_count":12,"gi_zscore":0.0621,"gi_pvalue":0.095,"significance":"hot_90"}},{"type":"Feature","geometry":{"type":"Point","coordinates":[77.56471,12.97748]},"properties":{"cell_id":64427,"case_count":6,"gi_zscore":0.2469,"gi_pvalue":0.082,"significance":"hot_90"}},{"type":"Feature","geometry":{"type":"Point","coordinates":[77.57647,12.97748]},"properties":{"cell_id":64428,"case_count":16,"gi_zscore":0.2108,"gi_pvalue":0.083,"significance":"hot_90"}},{"type":"Feature","geometry":{"type":"Point","coordinates":[77.58824,12.97748]},"properties":{"cell_id":64429,"case_count":4,"gi_zscore":1.9102,"gi_pvalue":0.003,"significance":"hot_99"}},{"type":"Feature","geometry":{"type":"Point","coordinates":[77.6,12.97748]},"properties":{"cell_id":64430,"case_count":697,"gi_zscore":2.8745,"gi_pvalue":0.003,"significance":"hot_99"}},{"type":"Feature","geometry":{"type":"Point","coordinates":[77.61176,12.97748]},"properties":{"cell_id":64431,"case_count":7,"gi_zscore":2.8905,"gi_pvalue":0.001,"significance":"hot_99"}},{"type":"Feature","geometry":{"type":"Point","coordinates":[77.62353,12.97748]},"properties":{"cell_id":64432,"case_count":16,"gi_zscore":1.1429,"gi_pvalue":0.03,"significance":"hot_95"}},{"type":"Feature","geometry":{"type":"Point","coordinates":[77.63529,12.97748]},"properties":{"cell_id":64433,"case_count":11,"gi_zscore":-0.0283,"gi_pvalue":0.124,"significance":"not_sig"}},{"type":"Feature","geometry":{"type":"Point","coordinates":[77.64706,12.97748]},"properties":{"cell_id":64434,"case_count":1,"gi_zscore":-0.0725,"gi_pvalue":0.167,"significance":"not_sig"}},{"type":"Feature","geometry":{"type":"Point","coordinates":[77.67059,12.97748]},"properties":{"cell_id":64436,"case_count":1,"gi_zscore":-0.1046,"gi_pvalue":0.358,"significance":"not_sig"}},{"type":"Feature","geometry":{"type":"Point","coordinates":[77.68235,12.97748]},"properties":{"cell_id":64437,"case_count":1,"gi_zscore":-0.1026,"gi_pvalue":0.331,"significance":"not_sig"}},{"type":"Feature","geometry":{"type":"Point","coordinates":[77.69412,12.97748]},"properties":{"cell_id":64438,"case_count":2,"gi_zscore":-0.1006,"gi_pvalue":0.331,"significance":"not_sig"}},{"type":"Feature","geometry":{"type":"Point","coordinates":[77.70588,12.97748]},"properties":{"cell_id":64439,"case_count":1,"gi_zscore":-0.0966,"gi_pvalue":0.288,"significance":"not_sig"}},{"type":"Feature","geometry":{"type":"Point","coordinates":[77.75294,12.97748]},"properties":{"cell_id":64443,"case_count":4,"gi_zscore":-0.1106,"gi_pvalue":0.281,"significance":"not_sig"}},{"type":"Feature","geometry":{"type":"Point","coordinates":[77.77647,12.97748]},"properties":{"cell_id":64445,"case_count":1,"gi_zscore":-0.1147,"gi_pvalue":0.432,"significance":"not_sig"}},{"type":"Feature","geometry":{"type":"Point","coordinates":[77.78824,12.97748]},"properties":{"cell_id":64446,"case_count":1,"gi_zscore":-0.1147,"gi_pvalue":0.432,"significance":"not_sig"}},{"type":"Feature","geometry":{"type":"Point","coordinates":[77.8,12.97748]},"properties":{"cell_id":64447,"case_count":1,"gi_zscore":-0.1167,"gi_pvalue":0.279,"significance":"not_sig"}},{"type":"Feature","geometry":{"type":"Point","coordinates":[77.82353,12.97748]},"properties":{"cell_id":64449,"case_count":3,"gi_zscore":-0.1167,"gi_pvalue":0.114,"significance":"not_sig"}},{"type":"Feature","geometry":{"type":"Point","coordinates":[77.83529,12.97748]},"properties":{"cell_id":64450,"case_count":1,"gi_zscore":-0.1207,"gi_pvalue":0.114,"significance":"not_sig"}},{"type":"Feature","geometry":{"type":"Point","coordinates":[78.27059,12.97748]},"properties":{"cell_id":64487,"case_count":1,"gi_zscore":-0.1167,"gi_pvalue":0.34,"significance":"not_sig"}},{"type":"Feature","geometry":{"type":"Point","coordinates":[78.35294,12.97748]},"properties":{"cell_id":64494,"case_count":1,"gi_zscore":-0.1207,"gi_pvalue":0.199,"significance":"not_sig"}},{"type":"Feature","geometry":{"type":"Point","coordinates":[74.8,12.98649]},"properties":{"cell_id":64583,"case_count":2,"gi_zscore":-0.1207,"gi_pvalue":0.036,"significance":"cold_95"}},{"type":"Feature","geometry":{"type":"Point","coordinates":[75.27059,12.98649]},"properties":{"cell_id":64623,"case_count":1,"gi_zscore":-0.1227,"gi_pvalue":0.114,"significance":"not_sig"}},{"type":"Feature","geometry":{"type":"Point","coordinates":[76.21176,12.98649]},"properties":{"cell_id":64703,"case_count":1,"gi_zscore":-0.1227,"gi_pvalue":0.114,"significance":"not_sig"}},{"type":"Feature","geometry":{"type":"Point","coordinates":[76.95294,12.98649]},"properties":{"cell_id":64766,"case_count":1,"gi_zscore":-0.1086,"gi_pvalue":0.46,"significance":"not_sig"}},{"type":"Feature","geometry":{"type":"Point","coordinates":[77.02353,12.98649]},"properties":{"cell_id":64772,"case_count":1,"gi_zscore":-0.1086,"gi_pvalue":0.46,"significance":"not_sig"}},{"type":"Feature","geometry":{"type":"Point","coordinates":[77.36471,12.98649]},"properties":{"cell_id":64801,"case_count":1,"gi_zscore":-0.1066,"gi_pvalue":0.415,"significance":"not_sig"}},{"type":"Feature","geometry":{"type":"Point","coordinates":[77.44706,12.98649]},"properties":{"cell_id":64808,"case_count":2,"gi_zscore":-0.1106,"gi_pvalue":0.49,"significance":"not_sig"}},{"type":"Feature","geometry":{"type":"Point","coordinates":[77.45882,12.98649]},"properties":{"cell_id":64809,"case_count":3,"gi_zscore":-0.1106,"gi_pvalue":0.436,"significance":"not_sig"}},{"type":"Feature","geometry":{"type":"Point","coordinates":[77.47059,12.98649]},"properties":{"cell_id":64810,"case_count":1,"gi_zscore":-0.1046,"gi_pvalue":0.359,"significance":"not_sig"}},{"type":"Feature","geometry":{"type":"Point","coordinates":[77.48235,12.98649]},"properties":{"cell_id":64811,"case_count":3,"gi_zscore":-0.0926,"gi_pvalue":0.293,"significance":"not_sig"}},{"type":"Feature","geometry":{"type":"Point","coordinates":[77.49412,12.98649]},"properties":{"cell_id":64812,"case_count":5,"gi_zscore":-0.0805,"gi_pvalue":0.234,"significance":"not_sig"}},{"type":"Feature","geometry":{"type":"Point","coordinates":[77.50588,12.98649]},"properties":{"cell_id":64813,"case_count":4,"gi_zscore":-0.0524,"gi_pvalue":0.141,"significance":"not_sig"}},{"type":"Feature","geometry":{"type":"Point","coordinates":[77.51765,12.98649]},"properties":{"cell_id":64814,"case_count":6,"gi_zscore":-0.0182,"gi_pvalue":0.111,"significance":"not_sig"}},{"type":"Feature","geometry":{"type":"Point","coordinates":[77.52941,12.98649]},"properties":{"cell_id":64815,"case_count":7,"gi_zscore":0.034,"gi_pvalue":0.103,"significance":"not_sig"}},{"type":"Feature","geometry":{"type":"Point","coordinates":[77.54118,12.98649]},"properties":{"cell_id":64816,"case_count":10,"gi_zscore":0.0581,"gi_pvalue":0.096,"significance":"hot_90"}},{"type":"Feature","geometry":{"type":"Point","coordinates":[77.55294,12.98649]},"properties":{"cell_id":64817,"case_count":12,"gi_zscore":0.0501,"gi_pvalue":0.101,"significance":"not_sig"}},{"type":"Feature","geometry":{"type":"Point","coordinates":[77.56471,12.98649]},"properties":{"cell_id":64818,"case_count":13,"gi_zscore":0.0621,"gi_pvalue":0.097,"significance":"hot_90"}},{"type":"Feature","geometry":{"type":"Point","coordinates":[77.57647,12.98649]},"properties":{"cell_id":64819,"case_count":8,"gi_zscore":0.0219,"gi_pvalue":0.105,"significance":"not_sig"}},{"type":"Feature","geometry":{"type":"Point","coordinates":[77.58824,12.98649]},"properties":{"cell_id":64820,"case_count":3,"gi_zscore":1.5547,"gi_pvalue":0.003,"significance":"hot_99"}},{"type":"Feature","geometry":{"type":"Point","coordinates":[77.6,12.98649]},"properties":{"cell_id":64821,"case_count":88,"gi_zscore":3.2582,"gi_pvalue":0.001,"significance":"hot_99"}},{"type":"Feature","geometry":{"type":"Point","coordinates":[77.61176,12.98649]},"properties":{"cell_id":64822,"case_count":578,"gi_zscore":4.1842,"gi_pvalue":0.001,"significance":"hot_99"}},{"type":"Feature","geometry":{"type":"Point","coordinates":[77.62353,12.98649]},"properties":{"cell_id":64823,"case_count":6,"gi_zscore":3.5293,"gi_pvalue":0.001,"significance":"hot_99"}},{"type":"Feature","geometry":{"type":"Point","coordinates":[77.63529,12.98649]},"properties":{"cell_id":64824,"case_count":1,"gi_zscore":1.2955,"gi_pvalue":0.011,"significance":"hot_95"}},{"type":"Feature","geometry":{"type":"Point","coordinates":[77.64706,12.98649]},"properties":{"cell_id":64825,"case_count":2,"gi_zscore":0.3554,"gi_pvalue":0.068,"significance":"hot_90"}},{"type":"Feature","geometry":{"type":"Point","coordinates":[77.67059,12.98649]},"properties":{"cell_id":64827,"case_count":1,"gi_zscore":-0.1026,"gi_pvalue":0.334,"significance":"not_sig"}},{"type":"Feature","geometry":{"type":"Point","coordinates":[77.68235,12.98649]},"properties":{"cell_id":64828,"case_count":1,"gi_zscore":-0.1026,"gi_pvalue":0.334,"significance":"not_sig"}},{"type":"Feature","geometry":{"type":"Point","coordinates":[77.76471,12.98649]},"properties":{"cell_id":64835,"case_count":1,"gi_zscore":-0.1086,"gi_pvalue":0.461,"significance":"not_sig"}},{"type":"Feature","geometry":{"type":"Point","coordinates":[77.78824,12.98649]},"properties":{"cell_id":64837,"case_count":3,"gi_zscore":-0.1207,"gi_pvalue":0.037,"significance":"cold_95"}},{"type":"Feature","geometry":{"type":"Point","coordinates":[77.82353,12.98649]},"properties":{"cell_id":64840,"case_count":1,"gi_zscore":-0.1167,"gi_pvalue":0.28,"significance":"not_sig"}},{"type":"Feature","geometry":{"type":"Point","coordinates":[77.98824,12.98649]},"properties":{"cell_id":64854,"case_count":1,"gi_zscore":-0.1167,"gi_pvalue":0.34,"significance":"not_sig"}},{"type":"Feature","geometry":{"type":"Point","coordinates":[78.17647,12.98649]},"properties":{"cell_id":64870,"case_count":5,"gi_zscore":-0.1147,"gi_pvalue":0.113,"significance":"not_sig"}},{"type":"Feature","geometry":{"type":"Point","coordinates":[78.18824,12.98649]},"properties":{"cell_id":64871,"case_count":1,"gi_zscore":-0.1147,"gi_pvalue":0.436,"significance":"not_sig"}},{"type":"Feature","geometry":{"type":"Point","coordinates":[74.81176,12.9955]},"properties":{"cell_id":64975,"case_count":2,"gi_zscore":-0.1207,"gi_pvalue":0.112,"significance":"not_sig"}},{"type":"Feature","geometry":{"type":"Point","coordinates":[75.0,12.9955]},"properties":{"cell_id":64991,"case_count":1,"gi_zscore":-0.1227,"gi_pvalue":0.112,"significance":"not_sig"}},{"type":"Feature","geometry":{"type":"Point","coordinates":[75.05882,12.9955]},"properties":{"cell_id":64996,"case_count":1,"gi_zscore":-0.1207,"gi_pvalue":0.112,"significance":"not_sig"}},{"type":"Feature","geometry":{"type":"Point","coordinates":[75.32941,12.9955]},"properties":{"cell_id":65019,"case_count":2,"gi_zscore":-0.1207,"gi_pvalue":0.034,"significance":"cold_95"}},{"type":"Feature","geometry":{"type":"Point","coordinates":[77.0,12.9955]},"properties":{"cell_id":65161,"case_count":3,"gi_zscore":-0.1086,"gi_pvalue":0.467,"significance":"not_sig"}},{"type":"Feature","geometry":{"type":"Point","coordinates":[77.36471,12.9955]},"properties":{"cell_id":65192,"case_count":1,"gi_zscore":-0.1187,"gi_pvalue":0.207,"significance":"not_sig"}},{"type":"Feature","geometry":{"type":"Point","coordinates":[77.43529,12.9955]},"properties":{"cell_id":65198,"case_count":2,"gi_zscore":-0.1126,"gi_pvalue":0.435,"significance":"not_sig"}},{"type":"Feature","geometry":{"type":"Point","coordinates":[77.44706,12.9955]},"properties":{"cell_id":65199,"case_count":1,"gi_zscore":-0.1147,"gi_pvalue":0.435,"significance":"not_sig"}},{"type":"Feature","geometry":{"type":"Point","coordinates":[77.45882,12.9955]},"properties":{"cell_id":65200,"case_count":2,"gi_zscore":-0.1147,"gi_pvalue":0.34,"significance":"not_sig"}},{"type":"Feature","geometry":{"type":"Point","coordinates":[77.50588,12.9955]},"properties":{"cell_id":65204,"case_count":5,"gi_zscore":-0.0644,"gi_pvalue":0.166,"significance":"not_sig"}},{"type":"Feature","geometry":{"type":"Point","coordinates":[77.51765,12.9955]},"properties":{"cell_id":65205,"case_count":7,"gi_zscore":-0.0102,"gi_pvalue":0.108,"significance":"not_sig"}},{"type":"Feature","geometry":{"type":"Point","coordinates":[77.52941,12.9955]},"properties":{"cell_id":65206,"case_count":14,"gi_zscore":0.0541,"gi_pvalue":0.1,"significance":"hot_90"}},{"type":"Feature","geometry":{"type":"Point","coordinates":[77.54118,12.9955]},"properties":{"cell_id":65207,"case_count":28,"gi_zscore":0.0641,"gi_pvalue":0.105,"significance":"not_sig"}},{"type":"Feature","geometry":{"type":"Point","coordinates":[77.55294,12.9955]},"properties":{"cell_id":65208,"case_count":8,"gi_zscore":0.04,"gi_pvalue":0.102,"significance":"not_sig"}},{"type":"Feature","geometry":{"type":"Point","coordinates":[77.56471,12.9955]},"properties":{"cell_id":65209,"case_count":5,"gi_zscore":0.0782,"gi_pvalue":0.089,"significance":"hot_90"}},{"type":"Feature","geometry":{"type":"Point","coordinates":[77.57647,12.9955]},"properties":{"cell_id":65210,"case_count":22,"gi_zscore":0.0521,"gi_pvalue":0.105,"significance":"not_sig"}},{"type":"Feature","geometry":{"type":"Point","coordinates":[77.58824,12.9955]},"properties":{"cell_id":65211,"case_count":5,"gi_zscore":0.1907,"gi_pvalue":0.081,"significance":"hot_90"}},{"type":"Feature","geometry":{"type":"Point","coordinates":[77.6,12.9955]},"properties":{"cell_id":65212,"case_count":2,"gi_zscore":1.86,"gi_pvalue":0.002,"significance":"hot_99"}},{"type":"Feature","geometry":{"type":"Point","coordinates":[77.61176,12.9955]},"properties":{"cell_id":65213,"case_count":309,"gi_zscore":3.6559,"gi_pvalue":0.001,"significance":"hot_99"}},{"type":"Feature","geometry":{"type":"Point","coordinates":[77.62353,12.9955]},"properties":{"cell_id":65214,"case_count":451,"gi_zscore":3.9452,"gi_pvalue":0.001,"significance":"hot_99"}},{"type":"Feature","geometry":{"type":"Point","coordinates":[77.65882,12.9955]},"properties":{"cell_id":65217,"case_count":2,"gi_zscore":-0.1147,"gi_pvalue":0.34,"significance":"not_sig"}},{"type":"Feature","geometry":{"type":"Point","coordinates":[77.67059,12.9955]},"properties":{"cell_id":65218,"case_count":4,"gi_zscore":-0.1126,"gi_pvalue":0.279,"significance":"not_sig"}},{"type":"Feature","geometry":{"type":"Point","coordinates":[77.68235,12.9955]},"properties":{"cell_id":65219,"case_count":3,"gi_zscore":-0.0986,"gi_pvalue":0.34,"significance":"not_sig"}},{"type":"Feature","geometry":{"type":"Point","coordinates":[77.69412,12.9955]},"properties":{"cell_id":65220,"case_count":5,"gi_zscore":-0.0986,"gi_pvalue":0.412,"significance":"not_sig"}},{"type":"Feature","geometry":{"type":"Point","coordinates":[77.70588,12.9955]},"properties":{"cell_id":65221,"case_count":1,"gi_zscore":-0.0845,"gi_pvalue":0.206,"significance":"not_sig"}},{"type":"Feature","geometry":{"type":"Point","coordinates":[77.71765,12.9955]},"properties":{"cell_id":65222,"case_count":1,"gi_zscore":-0.0825,"gi_pvalue":0.195,"significance":"not_sig"}},{"type":"Feature","geometry":{"type":"Point","coordinates":[77.75294,12.9955]},"properties":{"cell_id":65225,"case_count":2,"gi_zscore":-0.1106,"gi_pvalue":0.492,"significance":"not_sig"}},{"type":"Feature","geometry":{"type":"Point","coordinates":[77.76471,12.9955]},"properties":{"cell_id":65226,"case_count":1,"gi_zscore":-0.1106,"gi_pvalue":0.457,"significance":"not_sig"}},{"type":"Feature","geometry":{"type":"Point","coordinates":[77.78824,12.9955]},"properties":{"cell_id":65228,"case_count":1,"gi_zscore":-0.1207,"gi_pvalue":0.113,"significance":"not_sig"}},{"type":"Feature","geometry":{"type":"Point","coordinates":[77.91765,12.9955]},"properties":{"cell_id":65239,"case_count":1,"gi_zscore":-0.1167,"gi_pvalue":0.341,"significance":"not_sig"}},{"type":"Feature","geometry":{"type":"Point","coordinates":[77.95294,12.9955]},"properties":{"cell_id":65242,"case_count":1,"gi_zscore":-0.1167,"gi_pvalue":0.341,"significance":"not_sig"}},{"type":"Feature","geometry":{"type":"Point","coordinates":[78.18824,12.9955]},"properties":{"cell_id":65262,"case_count":1,"gi_zscore":-0.1147,"gi_pvalue":0.436,"significance":"not_sig"}},{"type":"Feature","geometry":{"type":"Point","coordinates":[78.22353,12.9955]},"properties":{"cell_id":65265,"case_count":1,"gi_zscore":-0.1147,"gi_pvalue":0.436,"significance":"not_sig"}},{"type":"Feature","geometry":{"type":"Point","coordinates":[78.23529,12.9955]},"properties":{"cell_id":65266,"case_count":1,"gi_zscore":-0.1207,"gi_pvalue":0.198,"significance":"not_sig"}},{"type":"Feature","geometry":{"type":"Point","coordinates":[74.84706,13.0045]},"properties":{"cell_id":65369,"case_count":1,"gi_zscore":-0.1207,"gi_pvalue":0.113,"significance":"not_sig"}},{"type":"Feature","geometry":{"type":"Point","coordinates":[76.09412,13.0045]},"properties":{"cell_id":65475,"case_count":1,"gi_zscore":-0.1227,"gi_pvalue":0.113,"significance":"not_sig"}},{"type":"Feature","geometry":{"type":"Point","coordinates":[76.10588,13.0045]},"properties":{"cell_id":65476,"case_count":1,"gi_zscore":-0.1227,"gi_pvalue":0.113,"significance":"not_sig"}},{"type":"Feature","geometry":{"type":"Point","coordinates":[77.0,13.0045]},"properties":{"cell_id":65552,"case_count":2,"gi_zscore":-0.1086,"gi_pvalue":0.492,"significance":"not_sig"}},{"type":"Feature","geometry":{"type":"Point","coordinates":[77.01176,13.0045]},"properties":{"cell_id":65553,"case_count":1,"gi_zscore":-0.1086,"gi_pvalue":0.458,"significance":"not_sig"}},{"type":"Feature","geometry":{"type":"Point","coordinates":[77.03529,13.0045]},"properties":{"cell_id":65555,"case_count":1,"gi_zscore":-0.1086,"gi_pvalue":0.458,"significance":"not_sig"}},{"type":"Feature","geometry":{"type":"Point","coordinates":[77.11765,13.0045]},"properties":{"cell_id":65562,"case_count":1,"gi_zscore":-0.1147,"gi_pvalue":0.436,"significance":"not_sig"}},{"type":"Feature","geometry":{"type":"Point","coordinates":[77.24706,13.0045]},"properties":{"cell_id":65573,"case_count":1,"gi_zscore":-0.0986,"gi_pvalue":0.292,"significance":"not_sig"}},{"type":"Feature","geometry":{"type":"Point","coordinates":[77.29412,13.0045]},"properties":{"cell_id":65577,"case_count":2,"gi_zscore":-0.0966,"gi_pvalue":0.292,"significance":"not_sig"}},{"type":"Feature","geometry":{"type":"Point","coordinates":[77.30588,13.0045]},"properties":{"cell_id":65578,"case_count":7,"gi_zscore":-0.0946,"gi_pvalue":0.411,"significance":"not_sig"}},{"type":"Feature","geometry":{"type":"Point","coordinates":[77.35294,13.0045]},"properties":{"cell_id":65582,"case_count":3,"gi_zscore":-0.0966,"gi_pvalue":0.324,"significance":"not_sig"}},{"type":"Feature","geometry":{"type":"Point","coordinates":[77.38824,13.0045]},"properties":{"cell_id":65585,"case_count":1,"gi_zscore":-0.1167,"gi_pvalue":0.34,"significance":"not_sig"}},{"type":"Feature","geometry":{"type":"Point","coordinates":[77.47059,13.0045]},"properties":{"cell_id":65592,"case_count":1,"gi_zscore":-0.1147,"gi_pvalue":0.393,"significance":"not_sig"}},{"type":"Feature","geometry":{"type":"Point","coordinates":[77.49412,13.0045]},"properties":{"cell_id":65594,"case_count":1,"gi_zscore":-0.0885,"gi_pvalue":0.223,"significance":"not_sig"}},{"type":"Feature","geometry":{"type":"Point","coordinates":[77.50588,13.0045]},"properties":{"cell_id":65595,"case_count":2,"gi_zscore":-0.0664,"gi_pvalue":0.159,"significance":"not_sig"}},{"type":"Feature","geometry":{"type":"Point","coordinates":[77.52941,13.0045]},"properties":{"cell_id":65597,"case_count":14,"gi_zscore":0.1244,"gi_pvalue":0.089,"significance":"hot_90"}},{"type":"Feature","geometry":{"type":"Point","coordinates":[77.54118,13.0045]},"properties":{"cell_id":65598,"case_count":5,"gi_zscore":0.1224,"gi_pvalue":0.087,"significance":"hot_90"}},{"type":"Feature","geometry":{"type":"Point","coordinates":[77.55294,13.0045]},"properties":{"cell_id":65599,"case_count":5,"gi_zscore":0.032,"gi_pvalue":0.102,"significance":"not_sig"}},{"type":"Feature","geometry":{"type":"Point","coordinates":[77.56471,13.0045]},"properties":{"cell_id":65600,"case_count":5,"gi_zscore":0.04,"gi_pvalue":0.099,"significance":"hot_90"}},{"type":"Feature","geometry":{"type":"Point","coordinates":[77.57647,13.0045]},"properties":{"cell_id":65601,"case_count":32,"gi_zscore":0.0199,"gi_pvalue":0.121,"significance":"not_sig"}},{"type":"Feature","geometry":{"type":"Point","coordinates":[77.58824,13.0045]},"properties":{"cell_id":65602,"case_count":4,"gi_zscore":0.024,"gi_pvalue":0.104,"significance":"not_sig"}},{"type":"Feature","geometry":{"type":"Point","coordinates":[77.6,13.0045]},"properties":{"cell_id":65603,"case_count":2,"gi_zscore":0.5563,"gi_pvalue":0.056,"significance":"hot_90"}},{"type":"Feature","geometry":{"type":"Point","coordinates":[77.61176,13.0045]},"properties":{"cell_id":65604,"case_count":6,"gi_zscore":3.5032,"gi_pvalue":0.001,"significance":"hot_99"}},{"type":"Feature","geometry":{"type":"Point","coordinates":[77.62353,13.0045]},"properties":{"cell_id":65605,"case_count":449,"gi_zscore":4.2184,"gi_pvalue":0.001,"significance":"hot_99"}},{"type":"Feature","geometry":{"type":"Point","coordinates":[77.63529,13.0045]},"properties":{"cell_id":65606,"case_count":219,"gi_zscore":3.5756,"gi_pvalue":0.001,"significance":"hot_99"}},{"type":"Feature","geometry":{"type":"Point","coordinates":[77.67059,13.0045]},"properties":{"cell_id":65609,"case_count":1,"gi_zscore":-0.1046,"gi_pvalue":0.354,"significance":"not_sig"}},{"type":"Feature","geometry":{"type":"Point","coordinates":[77.69412,13.0045]},"properties":{"cell_id":65611,"case_count":5,"gi_zscore":-0.0825,"gi_pvalue":0.235,"significance":"not_sig"}},{"type":"Feature","geometry":{"type":"Point","coordinates":[77.70588,13.0045]},"properties":{"cell_id":65612,"case_count":2,"gi_zscore":-0.0805,"gi_pvalue":0.195,"significance":"not_sig"}},{"type":"Feature","geometry":{"type":"Point","coordinates":[77.76471,13.0045]},"properties":{"cell_id":65617,"case_count":1,"gi_zscore":-0.1147,"gi_pvalue":0.433,"significance":"not_sig"}},{"type":"Feature","geometry":{"type":"Point","coordinates":[77.85882,13.0045]},"properties":{"cell_id":65625,"case_count":1,"gi_zscore":-0.1167,"gi_pvalue":0.34,"significance":"not_sig"}},{"type":"Feature","geometry":{"type":"Point","coordinates":[77.94118,13.0045]},"properties":{"cell_id":65632,"case_count":3,"gi_zscore":-0.1167,"gi_pvalue":0.198,"significance":"not_sig"}},{"type":"Feature","geometry":{"type":"Point","coordinates":[78.16471,13.0045]},"properties":{"cell_id":65651,"case_count":1,"gi_zscore":-0.1147,"gi_pvalue":0.432,"significance":"not_sig"}},{"type":"Feature","geometry":{"type":"Point","coordinates":[78.18824,13.0045]},"properties":{"cell_id":65653,"case_count":1,"gi_zscore":-0.1147,"gi_pvalue":0.432,"significance":"not_sig"}},{"type":"Feature","geometry":{"type":"Point","coordinates":[78.30588,13.0045]},"properties":{"cell_id":65663,"case_count":1,"gi_zscore":-0.1187,"gi_pvalue":0.208,"significance":"not_sig"}},{"type":"Feature","geometry":{"type":"Point","coordinates":[78.32941,13.0045]},"properties":{"cell_id":65665,"case_count":1,"gi_zscore":-0.1207,"gi_pvalue":0.197,"significance":"not_sig"}},{"type":"Feature","geometry":{"type":"Point","coordinates":[74.78824,13.01351]},"properties":{"cell_id":65755,"case_count":1,"gi_zscore":-0.1167,"gi_pvalue":0.34,"significance":"not_sig"}},{"type":"Feature","geometry":{"type":"Point","coordinates":[74.91765,13.01351]},"properties":{"cell_id":65766,"case_count":1,"gi_zscore":-0.1247,"gi_pvalue":0.034,"significance":"cold_95"}},{"type":"Feature","geometry":{"type":"Point","coordinates":[76.0,13.01351]},"properties":{"cell_id":65858,"case_count":1,"gi_zscore":-0.1227,"gi_pvalue":0.112,"significance":"not_sig"}},{"type":"Feature","geometry":{"type":"Point","coordinates":[76.09412,13.01351]},"properties":{"cell_id":65866,"case_count":1,"gi_zscore":-0.1227,"gi_pvalue":0.112,"significance":"not_sig"}},{"type":"Feature","geometry":{"type":"Point","coordinates":[76.10588,13.01351]},"properties":{"cell_id":65867,"case_count":2,"gi_zscore":-0.1227,"gi_pvalue":0.034,"significance":"cold_95"}},{"type":"Feature","geometry":{"type":"Point","coordinates":[77.12941,13.01351]},"properties":{"cell_id":65954,"case_count":1,"gi_zscore":-0.1126,"gi_pvalue":0.488,"significance":"not_sig"}},{"type":"Feature","geometry":{"type":"Point","coordinates":[77.30588,13.01351]},"properties":{"cell_id":65969,"case_count":6,"gi_zscore":-0.0946,"gi_pvalue":0.35,"significance":"not_sig"}},{"type":"Feature","geometry":{"type":"Point","coordinates":[77.35294,13.01351]},"properties":{"cell_id":65973,"case_count":2,"gi_zscore":-0.1086,"gi_pvalue":0.459,"significance":"not_sig"}},{"type":"Feature","geometry":{"type":"Point","coordinates":[77.36471,13.01351]},"properties":{"cell_id":65974,"case_count":1,"gi_zscore":-0.1187,"gi_pvalue":0.209,"significance":"not_sig"}},{"type":"Feature","geometry":{"type":"Point","coordinates":[77.44706,13.01351]},"properties":{"cell_id":65981,"case_count":1,"gi_zscore":-0.1187,"gi_pvalue":0.209,"significance":"not_sig"}},{"type":"Feature","geometry":{"type":"Point","coordinates":[77.47059,13.01351]},"properties":{"cell_id":65983,"case_count":1,"gi_zscore":-0.1207,"gi_pvalue":0.111,"significance":"not_sig"}},{"type":"Feature","geometry":{"type":"Point","coordinates":[77.50588,13.01351]},"properties":{"cell_id":65986,"case_count":4,"gi_zscore":-0.0725,"gi_pvalue":0.187,"significance":"not_sig"}},{"type":"Feature","geometry":{"type":"Point","coordinates":[77.51765,13.01351]},"properties":{"cell_id":65987,"case_count":8,"gi_zscore":-0.0022,"gi_pvalue":0.109,"significance":"not_sig"}},{"type":"Feature","geometry":{"type":"Point","coordinates":[77.52941,13.01351]},"properties":{"cell_id":65988,"case_count":29,"gi_zscore":0.0501,"gi_pvalue":0.106,"significance":"not_sig"}},{"type":"Feature","geometry":{"type":"Point","coordinates":[77.54118,13.01351]},"properties":{"cell_id":65989,"case_count":21,"gi_zscore":0.0923,"gi_pvalue":0.095,"significance":"hot_90"}},{"type":"Feature","geometry":{"type":"Point","coordinates":[77.55294,13.01351]},"properties":{"cell_id":65990,"case_count":8,"gi_zscore":0.0179,"gi_pvalue":0.106,"significance":"not_sig"}},{"type":"Feature","geometry":{"type":"Point","coordinates":[77.56471,13.01351]},"properties":{"cell_id":65991,"case_count":2,"gi_zscore":0.028,"gi_pvalue":0.102,"significance":"not_sig"}},{"type":"Feature","geometry":{"type":"Point","coordinates":[77.57647,13.01351]},"properties":{"cell_id":65992,"case_count":4,"gi_zscore":-0.0122,"gi_pvalue":0.108,"significance":"not_sig"}},{"type":"Feature","geometry":{"type":"Point","coordinates":[77.58824,13.01351]},"properties":{"cell_id":65993,"case_count":2,"gi_zscore":0.0179,"gi_pvalue":0.105,"significance":"not_sig"}},{"type":"Feature","geometry":{"type":"Point","coordinates":[77.6,13.01351]},"properties":{"cell_id":65994,"case_count":10,"gi_zscore":-0.0122,"gi_pvalue":0.115,"significance":"not_sig"}},{"type":"Feature","geometry":{"type":"Point","coordinates":[77.61176,13.01351]},"properties":{"cell_id":65995,"case_count":8,"gi_zscore":0.8998,"gi_pvalue":0.041,"significance":"hot_95"}},{"type":"Feature","geometry":{"type":"Point","coordinates":[77.63529,13.01351]},"properties":{"cell_id":65997,"case_count":721,"gi_zscore":4.9556,"gi_pvalue":0.001,"significance":"hot_99"}},{"type":"Feature","geometry":{"type":"Point","coordinates":[77.64706,13.01351]},"properties":{"cell_id":65998,"case_count":1,"gi_zscore":3.5655,"gi_pvalue":0.002,"significance":"hot_99"}},{"type":"Feature","geometry":{"type":"Point","coordinates":[77.65882,13.01351]},"properties":{"cell_id":65999,"case_count":1,"gi_zscore":2.312,"gi_pvalue":0.002,"significance":"hot_99"}},{"type":"Feature","geometry":{"type":"Point","coordinates":[77.68235,13.01351]},"properties":{"cell_id":66001,"case_count":1,"gi_zscore":-0.0885,"gi_pvalue":0.228,"significance":"not_sig"}},{"type":"Feature","geometry":{"type":"Point","coordinates":[77.69412,13.01351]},"properties":{"cell_id":66002,"case_count":2,"gi_zscore":-0.0845,"gi_pvalue":0.21,"significance":"not_sig"}},{"type":"Feature","geometry":{"type":"Point","coordinates":[77.70588,13.01351]},"properties":{"cell_id":66003,"case_count":10,"gi_zscore":-0.0845,"gi_pvalue":0.32,"significance":"not_sig"}},{"type":"Feature","geometry":{"type":"Point","coordinates":[77.71765,13.01351]},"properties":{"cell_id":66004,"case_count":4,"gi_zscore":-0.0966,"gi_pvalue":0.32,"significance":"not_sig"}},{"type":"Feature","geometry":{"type":"Point","coordinates":[77.72941,13.01351]},"properties":{"cell_id":66005,"case_count":1,"gi_zscore":-0.0946,"gi_pvalue":0.258,"significance":"not_sig"}},{"type":"Feature","geometry":{"type":"Point","coordinates":[77.74118,13.01351]},"properties":{"cell_id":66006,"case_count":1,"gi_zscore":-0.1086,"gi_pvalue":0.416,"significance":"not_sig"}},{"type":"Feature","geometry":{"type":"Point","coordinates":[77.76471,13.01351]},"properties":{"cell_id":66008,"case_count":2,"gi_zscore":-0.1187,"gi_pvalue":0.11,"significance":"not_sig"}},{"type":"Feature","geometry":{"type":"Point","coordinates":[77.81176,13.01351]},"properties":{"cell_id":66012,"case_count":1,"gi_zscore":-0.1167,"gi_pvalue":0.341,"significance":"not_sig"}},{"type":"Feature","geometry":{"type":"Point","coordinates":[78.32941,13.01351]},"properties":{"cell_id":66056,"case_count":1,"gi_zscore":-0.1207,"gi_pvalue":0.196,"significance":"not_sig"}},{"type":"Feature","geometry":{"type":"Point","coordinates":[74.78824,13.02252]},"properties":{"cell_id":66146,"case_count":1,"gi_zscore":-0.1167,"gi_pvalue":0.341,"significance":"not_sig"}},{"type":"Feature","geometry":{"type":"Point","coordinates":[76.12941,13.02252]},"properties":{"cell_id":66260,"case_count":1,"gi_zscore":-0.1227,"gi_pvalue":0.11,"significance":"not_sig"}},{"type":"Feature","geometry":{"type":"Point","coordinates":[77.02353,13.02252]},"properties":{"cell_id":66336,"case_count":6,"gi_zscore":-0.1086,"gi_pvalue":0.197,"significance":"not_sig"}},{"type":"Feature","geometry":{"type":"Point","coordinates":[77.14118,13.02252]},"properties":{"cell_id":66346,"case_count":1,"gi_zscore":-0.1227,"gi_pvalue":0.11,"significance":"not_sig"}},{"type":"Feature","geometry":{"type":"Point","coordinates":[77.24706,13.02252]},"properties":{"cell_id":66355,"case_count":1,"gi_zscore":-0.0986,"gi_pvalue":0.289,"significance":"not_sig"}},{"type":"Feature","geometry":{"type":"Point","coordinates":[77.32941,13.02252]},"properties":{"cell_id":66362,"case_count":1,"gi_zscore":-0.0946,"gi_pvalue":0.271,"significance":"not_sig"}},{"type":"Feature","geometry":{"type":"Point","coordinates":[77.42353,13.02252]},"properties":{"cell_id":66370,"case_count":2,"gi_zscore":-0.1207,"gi_pvalue":0.033,"significance":"cold_95"}},{"type":"Feature","geometry":{"type":"Point","coordinates":[77.45882,13.02252]},"properties":{"cell_id":66373,"case_count":1,"gi_zscore":-0.1207,"gi_pvalue":0.111,"significance":"not_sig"}},{"type":"Feature","geometry":{"type":"Point","coordinates":[77.48235,13.02252]},"properties":{"cell_id":66375,"case_count":1,"gi_zscore":-0.0926,"gi_pvalue":0.252,"significance":"not_sig"}},{"type":"Feature","geometry":{"type":"Point","coordinates":[77.50588,13.02252]},"properties":{"cell_id":66377,"case_count":2,"gi_zscore":-0.0604,"gi_pvalue":0.152,"significance":"not_sig"}},{"type":"Feature","geometry":{"type":"Point","coordinates":[77.51765,13.02252]},"properties":{"cell_id":66378,"case_count":2,"gi_zscore":-0.0182,"gi_pvalue":0.111,"significance":"not_sig"}},{"type":"Feature","geometry":{"type":"Point","coordinates":[77.52941,13.02252]},"properties":{"cell_id":66379,"case_count":2,"gi_zscore":0.032,"gi_pvalue":0.102,"significance":"not_sig"}},{"type":"Feature","geometry":{"type":"Point","coordinates":[77.54118,13.02252]},"properties":{"cell_id":66380,"case_count":10,"gi_zscore":0.0661,"gi_pvalue":0.097,"significance":"hot_90"}},{"type":"Feature","geometry":{"type":"Point","coordinates":[77.55294,13.02252]},"properties":{"cell_id":66381,"case_count":23,"gi_zscore":0.0099,"gi_pvalue":0.119,"significance":"not_sig"}},{"type":"Feature","geometry":{"type":"Point","coordinates":[77.56471,13.02252]},"properties":{"cell_id":66382,"case_count":1,"gi_zscore":-0.0283,"gi_pvalue":0.117,"significance":"not_sig"}},{"type":"Feature","geometry":{"type":"Point","coordinates":[77.57647,13.02252]},"properties":{"cell_id":66383,"case_count":5,"gi_zscore":-0.0664,"gi_pvalue":0.177,"significance":"not_sig"}},{"type":"Feature","geometry":{"type":"Point","coordinates":[77.58824,13.02252]},"properties":{"cell_id":66384,"case_count":10,"gi_zscore":-0.0122,"gi_pvalue":0.117,"significance":"not_sig"}},{"type":"Feature","geometry":{"type":"Point","coordinates":[77.6,13.02252]},"properties":{"cell_id":66385,"case_count":11,"gi_zscore":0.034,"gi_pvalue":0.107,"significance":"not_sig"}},{"type":"Feature","geometry":{"type":"Point","coordinates":[77.61176,13.02252]},"properties":{"cell_id":66386,"case_count":12,"gi_zscore":0.024,"gi_pvalue":0.108,"significance":"not_sig"}},{"type":"Feature","geometry":{"type":"Point","coordinates":[77.62353,13.02252]},"properties":{"cell_id":66387,"case_count":2,"gi_zscore":2.2999,"gi_pvalue":0.002,"significance":"hot_99"}},{"type":"Feature","geometry":{"type":"Point","coordinates":[77.63529,13.02252]},"properties":{"cell_id":66388,"case_count":1,"gi_zscore":3.1296,"gi_pvalue":0.002,"significance":"hot_99"}},{"type":"Feature","geometry":{"type":"Point","coordinates":[77.64706,13.02252]},"properties":{"cell_id":66389,"case_count":691,"gi_zscore":4.1641,"gi_pvalue":0.002,"significance":"hot_99"}},{"type":"Feature","geometry":{"type":"Point","coordinates":[77.65882,13.02252]},"properties":{"cell_id":66390,"case_count":1,"gi_zscore":3.5735,"gi_pvalue":0.002,"significance":"hot_99"}},{"type":"Feature","geometry":{"type":"Point","coordinates":[77.67059,13.02252]},"properties":{"cell_id":66391,"case_count":4,"gi_zscore":0.942,"gi_pvalue":0.037,"significance":"hot_95"}},{"type":"Feature","geometry":{"type":"Point","coordinates":[77.68235,13.02252]},"properties":{"cell_id":66392,"case_count":2,"gi_zscore":0.4217,"gi_pvalue":0.067,"significance":"hot_90"}},{"type":"Feature","geometry":{"type":"Point","coordinates":[77.70588,13.02252]},"properties":{"cell_id":66394,"case_count":1,"gi_zscore":-0.0946,"gi_pvalue":0.258,"significance":"not_sig"}},{"type":"Feature","geometry":{"type":"Point","coordinates":[77.71765,13.02252]},"properties":{"cell_id":66395,"case_count":2,"gi_zscore":-0.0966,"gi_pvalue":0.292,"significance":"not_sig"}},{"type":"Feature","geometry":{"type":"Point","coordinates":[77.78824,13.02252]},"properties":{"cell_id":66401,"case_count":1,"gi_zscore":-0.1147,"gi_pvalue":0.389,"significance":"not_sig"}},{"type":"Feature","geometry":{"type":"Point","coordinates":[77.88235,13.02252]},"properties":{"cell_id":66409,"case_count":1,"gi_zscore":-0.1167,"gi_pvalue":0.342,"significance":"not_sig"}},{"type":"Feature","geometry":{"type":"Point","coordinates":[74.8,13.03153]},"properties":{"cell_id":66538,"case_count":1,"gi_zscore":-0.1167,"gi_pvalue":0.342,"significance":"not_sig"}},{"type":"Feature","geometry":{"type":"Point","coordinates":[76.10588,13.03153]},"properties":{"cell_id":66649,"case_count":1,"gi_zscore":-0.1227,"gi_pvalue":0.114,"significance":"not_sig"}},{"type":"Feature","geometry":{"type":"Point","coordinates":[77.08235,13.03153]},"properties":{"cell_id":66732,"case_count":1,"gi_zscore":-0.1147,"gi_pvalue":0.433,"significance":"not_sig"}},{"type":"Feature","geometry":{"type":"Point","coordinates":[77.09412,13.03153]},"properties":{"cell_id":66733,"case_count":1,"gi_zscore":-0.1147,"gi_pvalue":0.433,"significance":"not_sig"}},{"type":"Feature","geometry":{"type":"Point","coordinates":[77.45882,13.03153]},"properties":{"cell_id":66764,"case_count":1,"gi_zscore":-0.1207,"gi_pvalue":0.114,"significance":"not_sig"}},{"type":"Feature","geometry":{"type":"Point","coordinates":[77.48235,13.03153]},"properties":{"cell_id":66766,"case_count":2,"gi_zscore":-0.0905,"gi_pvalue":0.251,"significance":"not_sig"}},{"type":"Feature","geometry":{"type":"Point","coordinates":[77.49412,13.03153]},"properties":{"cell_id":66767,"case_count":10,"gi_zscore":-0.0785,"gi_pvalue":0.27,"significance":"not_sig"}},{"type":"Feature","geometry":{"type":"Point","coordinates":[77.50588,13.03153]},"properties":{"cell_id":66768,"case_count":4,"gi_zscore":-0.0403,"gi_pvalue":0.126,"significance":"not_sig"}},{"type":"Feature","geometry":{"type":"Point","coordinates":[77.51765,13.03153]},"properties":{"cell_id":66769,"case_count":6,"gi_zscore":-0.0584,"gi_pvalue":0.158,"significance":"not_sig"}},{"type":"Feature","geometry":{"type":"Point","coordinates":[77.52941,13.03153]},"properties":{"cell_id":66770,"case_count":5,"gi_zscore":-0.0464,"gi_pvalue":0.134,"significance":"not_sig"}},{"type":"Feature","geometry":{"type":"Point","coordinates":[77.54118,13.03153]},"properties":{"cell_id":66771,"case_count":4,"gi_zscore":-0.0263,"gi_pvalue":0.115,"significance":"not_sig"}},{"type":"Feature","geometry":{"type":"Point","coordinates":[77.55294,13.03153]},"properties":{"cell_id":66772,"case_count":2,"gi_zscore":-0.0202,"gi_pvalue":0.109,"significance":"not_sig"}},{"type":"Feature","geometry":{"type":"Point","coordinates":[77.56471,13.03153]},"properties":{"cell_id":66773,"case_count":5,"gi_zscore":-0.0042,"gi_pvalue":0.104,"significance":"not_sig"}},{"type":"Feature","geometry":{"type":"Point","coordinates":[77.57647,13.03153]},"properties":{"cell_id":66774,"case_count":7,"gi_zscore":-0.0283,"gi_pvalue":0.12,"significance":"not_sig"}},{"type":"Feature","geometry":{"type":"Point","coordinates":[77.58824,13.03153]},"properties":{"cell_id":66775,"case_count":2,"gi_zscore":0.0059,"gi_pvalue":0.104,"significance":"not_sig"}},{"type":"Feature","geometry":{"type":"Point","coordinates":[77.6,13.03153]},"properties":{"cell_id":66776,"case_count":14,"gi_zscore":0.026,"gi_pvalue":0.104,"significance":"not_sig"}},{"type":"Feature","geometry":{"type":"Point","coordinates":[77.61176,13.03153]},"properties":{"cell_id":66777,"case_count":19,"gi_zscore":-0.0022,"gi_pvalue":0.12,"significance":"not_sig"}},{"type":"Feature","geometry":{"type":"Point","coordinates":[77.62353,13.03153]},"properties":{"cell_id":66778,"case_count":1,"gi_zscore":-0.0504,"gi_pvalue":0.126,"significance":"not_sig"}},{"type":"Feature","geometry":{"type":"Point","coordinates":[77.63529,13.03153]},"properties":{"cell_id":66779,"case_count":3,"gi_zscore":1.6913,"gi_pvalue":0.003,"significance":"hot_99"}},{"type":"Feature","geometry":{"type":"Point","coordinates":[77.64706,13.03153]},"properties":{"cell_id":66780,"case_count":208,"gi_zscore":3.5555,"gi_pvalue":0.002,"significance":"hot_99"}},{"type":"Feature","geometry":{"type":"Point","coordinates":[77.65882,13.03153]},"properties":{"cell_id":66781,"case_count":517,"gi_zscore":4.0858,"gi_pvalue":0.002,"significance":"hot_99"}},{"type":"Feature","geometry":{"type":"Point","coordinates":[77.67059,13.03153]},"properties":{"cell_id":66782,"case_count":9,"gi_zscore":2.2939,"gi_pvalue":0.002,"significance":"hot_99"}},{"type":"Feature","geometry":{"type":"Point","coordinates":[77.68235,13.03153]},"properties":{"cell_id":66783,"case_count":4,"gi_zscore":0.4237,"gi_pvalue":0.065,"significance":"hot_90"}},{"type":"Feature","geometry":{"type":"Point","coordinates":[77.69412,13.03153]},"properties":{"cell_id":66784,"case_count":1,"gi_zscore":-0.1066,"gi_pvalue":0.411,"significance":"not_sig"}},{"type":"Feature","geometry":{"type":"Point","coordinates":[77.70588,13.03153]},"properties":{"cell_id":66785,"case_count":2,"gi_zscore":-0.0986,"gi_pvalue":0.305,"significance":"not_sig"}},{"type":"Feature","geometry":{"type":"Point","coordinates":[77.71765,13.03153]},"properties":{"cell_id":66786,"case_count":1,"gi_zscore":-0.1147,"gi_pvalue":0.436,"significance":"not_sig"}},{"type":"Feature","geometry":{"type":"Point","coordinates":[77.74118,13.03153]},"properties":{"cell_id":66788,"case_count":2,"gi_zscore":-0.1187,"gi_pvalue":0.117,"significance":"not_sig"}},{"type":"Feature","geometry":{"type":"Point","coordinates":[77.88235,13.03153]},"properties":{"cell_id":66800,"case_count":2,"gi_zscore":-0.1167,"gi_pvalue":0.209,"significance":"not_sig"}},{"type":"Feature","geometry":{"type":"Point","coordinates":[74.8,13.04054]},"properties":{"cell_id":66929,"case_count":1,"gi_zscore":-0.1167,"gi_pvalue":0.341,"significance":"not_sig"}},{"type":"Feature","geometry":{"type":"Point","coordinates":[75.70588,13.04054]},"properties":{"cell_id":67006,"case_count":1,"gi_zscore":-0.1207,"gi_pvalue":0.116,"significance":"not_sig"}},{"type":"Feature","geometry":{"type":"Point","coordinates":[75.8,13.04054]},"properties":{"cell_id":67014,"case_count":1,"gi_zscore":-0.1207,"gi_pvalue":0.116,"significance":"not_sig"}},{"type":"Feature","geometry":{"type":"Point","coordinates":[77.02353,13.04054]},"properties":{"cell_id":67118,"case_count":1,"gi_zscore":-0.1086,"gi_pvalue":0.464,"significance":"not_sig"}},{"type":"Feature","geometry":{"type":"Point","coordinates":[77.38824,13.04054]},"properties":{"cell_id":67149,"case_count":1,"gi_zscore":-0.1207,"gi_pvalue":0.116,"significance":"not_sig"}},{"type":"Feature","geometry":{"type":"Point","coordinates":[77.4,13.04054]},"properties":{"cell_id":67150,"case_count":1,"gi_zscore":-0.1126,"gi_pvalue":0.492,"significance":"not_sig"}},{"type":"Feature","geometry":{"type":"Point","coordinates":[77.45882,13.04054]},"properties":{"cell_id":67155,"case_count":1,"gi_zscore":-0.1066,"gi_pvalue":0.411,"significance":"not_sig"}},{"type":"Feature","geometry":{"type":"Point","coordinates":[77.48235,13.04054]},"properties":{"cell_id":67157,"case_count":4,"gi_zscore":-0.0865,"gi_pvalue":0.246,"significance":"not_sig"}},{"type":"Feature","geometry":{"type":"Point","coordinates":[77.49412,13.04054]},"properties":{"cell_id":67158,"case_count":3,"gi_zscore":-0.0725,"gi_pvalue":0.175,"significance":"not_sig"}},{"type":"Feature","geometry":{"type":"Point","coordinates":[77.50588,13.04054]},"properties":{"cell_id":67159,"case_count":3,"gi_zscore":-0.0403,"gi_pvalue":0.121,"significance":"not_sig"}},{"type":"Feature","geometry":{"type":"Point","coordinates":[77.51765,13.04054]},"properties":{"cell_id":67160,"case_count":16,"gi_zscore":-0.0544,"gi_pvalue":0.201,"significance":"not_sig"}},{"type":"Feature","geometry":{"type":"Point","coordinates":[77.52941,13.04054]},"properties":{"cell_id":67161,"case_count":2,"gi_zscore":-0.0664,"gi_pvalue":0.151,"significance":"not_sig"}},{"type":"Feature","geometry":{"type":"Point","coordinates":[77.54118,13.04054]},"properties":{"cell_id":67162,"case_count":1,"gi_zscore":-0.0845,"gi_pvalue":0.2,"significance":"not_sig"}},{"type":"Feature","geometry":{"type":"Point","coordinates":[77.55294,13.04054]},"properties":{"cell_id":67163,"case_count":9,"gi_zscore":-0.0765,"gi_pvalue":0.245,"significance":"not_sig"}},{"type":"Feature","geometry":{"type":"Point","coordinates":[77.56471,13.04054]},"properties":{"cell_id":67164,"case_count":6,"gi_zscore":-0.0383,"gi_pvalue":0.124,"significance":"not_sig"}},{"type":"Feature","geometry":{"type":"Point","coordinates":[77.57647,13.04054]},"properties":{"cell_id":67165,"case_count":11,"gi_zscore":-0.0403,"gi_pvalue":0.139,"significance":"not_sig"}},{"type":"Feature","geometry":{"type":"Point","coordinates":[77.58824,13.04054]},"properties":{"cell_id":67166,"case_count":10,"gi_zscore":-0.0001,"gi_pvalue":0.104,"significance":"not_sig"}},{"type":"Feature","geometry":{"type":"Point","coordinates":[77.6,13.04054]},"properties":{"cell_id":67167,"case_count":4,"gi_zscore":-0.0062,"gi_pvalue":0.103,"significance":"not_sig"}},{"type":"Feature","geometry":{"type":"Point","coordinates":[77.61176,13.04054]},"properties":{"cell_id":67168,"case_count":2,"gi_zscore":-0.0222,"gi_pvalue":0.108,"significance":"not_sig"}},{"type":"Feature","geometry":{"type":"Point","coordinates":[77.62353,13.04054]},"properties":{"cell_id":67169,"case_count":5,"gi_zscore":-0.0705,"gi_pvalue":0.178,"significance":"not_sig"}},{"type":"Feature","geometry":{"type":"Point","coordinates":[77.63529,13.04054]},"properties":{"cell_id":67170,"case_count":1,"gi_zscore":0.3072,"gi_pvalue":0.072,"significance":"hot_90"}},{"type":"Feature","geometry":{"type":"Point","coordinates":[77.64706,13.04054]},"properties":{"cell_id":67171,"case_count":1,"gi_zscore":2.1814,"gi_pvalue":0.002,"significance":"hot_99"}},{"type":"Feature","geometry":{"type":"Point","coordinates":[77.65882,13.04054]},"properties":{"cell_id":67172,"case_count":418,"gi_zscore":3.9733,"gi_pvalue":0.002,"significance":"hot_99"}},{"type":"Feature","geometry":{"type":"Point","coordinates":[77.67059,13.04054]},"properties":{"cell_id":67173,"case_count":256,"gi_zscore":3.682,"gi_pvalue":0.002,"significance":"hot_99"}},{"type":"Feature","geometry":{"type":"Point","coordinates":[77.68235,13.04054]},"properties":{"cell_id":67174,"case_count":2,"gi_zscore":1.8078,"gi_pvalue":0.003,"significance":"hot_99"}},{"type":"Feature","geometry":{"type":"Point","coordinates":[77.69412,13.04054]},"properties":{"cell_id":67175,"case_count":3,"gi_zscore":0.0039,"gi_pvalue":0.105,"significance":"not_sig"}},{"type":"Feature","geometry":{"type":"Point","coordinates":[77.70588,13.04054]},"properties":{"cell_id":67176,"case_count":1,"gi_zscore":-0.1167,"gi_pvalue":0.342,"significance":"not_sig"}},{"type":"Feature","geometry":{"type":"Point","coordinates":[77.71765,13.04054]},"properties":{"cell_id":67177,"case_count":1,"gi_zscore":-0.1207,"gi_pvalue":0.2,"significance":"not_sig"}},{"type":"Feature","geometry":{"type":"Point","coordinates":[77.72941,13.04054]},"properties":{"cell_id":67178,"case_count":1,"gi_zscore":-0.1187,"gi_pvalue":0.208,"significance":"not_sig"}},{"type":"Feature","geometry":{"type":"Point","coordinates":[77.74118,13.04054]},"properties":{"cell_id":67179,"case_count":2,"gi_zscore":-0.1207,"gi_pvalue":0.032,"significance":"cold_95"}},{"type":"Feature","geometry":{"type":"Point","coordinates":[78.36471,13.04054]},"properties":{"cell_id":67232,"case_count":1,"gi_zscore":-0.1227,"gi_pvalue":0.115,"significance":"not_sig"}},{"type":"Feature","geometry":{"type":"Point","coordinates":[74.8,13.04955]},"properties":{"cell_id":67320,"case_count":1,"gi_zscore":-0.1167,"gi_pvalue":0.342,"significance":"not_sig"}},{"type":"Feature","geometry":{"type":"Point","coordinates":[74.96471,13.04955]},"properties":{"cell_id":67334,"case_count":1,"gi_zscore":-0.1227,"gi_pvalue":0.115,"significance":"not_sig"}},{"type":"Feature","geometry":{"type":"Point","coordinates":[75.8,13.04955]},"properties":{"cell_id":67405,"case_count":1,"gi_zscore":-0.1207,"gi_pvalue":0.115,"significance":"not_sig"}},{"type":"Feature","geometry":{"type":"Point","coordinates":[77.30588,13.04955]},"properties":{"cell_id":67533,"case_count":1,"gi_zscore":-0.0946,"gi_pvalue":0.253,"significance":"not_sig"}},{"type":"Feature","geometry":{"type":"Point","coordinates":[77.4,13.04955]},"properties":{"cell_id":67541,"case_count":1,"gi_zscore":-0.1106,"gi_pvalue":0.465,"significance":"not_sig"}},{"type":"Feature","geometry":{"type":"Point","coordinates":[77.45882,13.04955]},"properties":{"cell_id":67546,"case_count":2,"gi_zscore":-0.1106,"gi_pvalue":0.489,"significance":"not_sig"}},{"type":"Feature","geometry":{"type":"Point","coordinates":[77.47059,13.04955]},"properties":{"cell_id":67547,"case_count":1,"gi_zscore":-0.1006,"gi_pvalue":0.321,"significance":"not_sig"}},{"type":"Feature","geometry":{"type":"Point","coordinates":[77.48235,13.04955]},"properties":{"cell_id":67548,"case_count":1,"gi_zscore":-0.1026,"gi_pvalue":0.326,"significance":"not_sig"}},{"type":"Feature","geometry":{"type":"Point","coordinates":[77.49412,13.04955]},"properties":{"cell_id":67549,"case_count":3,"gi_zscore":-0.0745,"gi_pvalue":0.184,"significance":"not_sig"}},{"type":"Feature","geometry":{"type":"Point","coordinates":[77.50588,13.04955]},"properties":{"cell_id":67550,"case_count":5,"gi_zscore":-0.0664,"gi_pvalue":0.175,"significance":"not_sig"}},{"type":"Feature","geometry":{"type":"Point","coordinates":[77.51765,13.04955]},"properties":{"cell_id":67551,"case_count":1,"gi_zscore":-0.0684,"gi_pvalue":0.152,"significance":"not_sig"}},{"type":"Feature","geometry":{"type":"Point","coordinates":[77.54118,13.04955]},"properties":{"cell_id":67553,"case_count":2,"gi_zscore":-0.0926,"gi_pvalue":0.253,"significance":"not_sig"}},{"type":"Feature","geometry":{"type":"Point","coordinates":[77.55294,13.04955]},"properties":{"cell_id":67554,"case_count":3,"gi_zscore":-0.0825,"gi_pvalue":0.205,"significance":"not_sig"}},{"type":"Feature","geometry":{"type":"Point","coordinates":[77.56471,13.04955]},"properties":{"cell_id":67555,"case_count":1,"gi_zscore":-0.0504,"gi_pvalue":0.129,"significance":"not_sig"}},{"type":"Feature","geometry":{"type":"Point","coordinates":[77.57647,13.04955]},"properties":{"cell_id":67556,"case_count":8,"gi_zscore":-0.0343,"gi_pvalue":0.127,"significance":"not_sig"}},{"type":"Feature","geometry":{"type":"Point","coordinates":[77.61176,13.04955]},"properties":{"cell_id":67559,"case_count":1,"gi_zscore":-0.0403,"gi_pvalue":0.121,"significance":"not_sig"}},{"type":"Feature","geometry":{"type":"Point","coordinates":[77.62353,13.04955]},"properties":{"cell_id":67560,"case_count":2,"gi_zscore":-0.1066,"gi_pvalue":0.464,"significance":"not_sig"}},{"type":"Feature","geometry":{"type":"Point","coordinates":[77.63529,13.04955]},"properties":{"cell_id":67561,"case_count":2,"gi_zscore":-0.0986,"gi_pvalue":0.319,"significance":"not_sig"}},{"type":"Feature","geometry":{"type":"Point","coordinates":[77.64706,13.04955]},"properties":{"cell_id":67562,"case_count":1,"gi_zscore":1.1449,"gi_pvalue":0.027,"significance":"hot_95"}},{"type":"Feature","geometry":{"type":"Point","coordinates":[77.67059,13.04955]},"properties":{"cell_id":67564,"case_count":638,"gi_zscore":4.4092,"gi_pvalue":0.002,"significance":"hot_99"}},{"type":"Feature","geometry":{"type":"Point","coordinates":[77.68235,13.04955]},"properties":{"cell_id":67565,"case_count":56,"gi_zscore":3.5655,"gi_pvalue":0.002,"significance":"hot_99"}},{"type":"Feature","geometry":{"type":"Point","coordinates":[77.69412,13.04955]},"properties":{"cell_id":67566,"case_count":2,"gi_zscore":2.3964,"gi_pvalue":0.003,"significance":"hot_99"}},{"type":"Feature","geometry":{"type":"Point","coordinates":[77.71765,13.04955]},"properties":{"cell_id":67568,"case_count":1,"gi_zscore":-0.1167,"gi_pvalue":0.343,"significance":"not_sig"}},{"type":"Feature","geometry":{"type":"Point","coordinates":[77.85882,13.04955]},"properties":{"cell_id":67580,"case_count":2,"gi_zscore":-0.1187,"gi_pvalue":0.116,"significance":"not_sig"}},{"type":"Feature","geometry":{"type":"Point","coordinates":[76.70588,13.05856]},"properties":{"cell_id":67873,"case_count":1,"gi_zscore":-0.1227,"gi_pvalue":0.115,"significance":"not_sig"}},{"type":"Feature","geometry":{"type":"Point","coordinates":[77.45882,13.05856]},"properties":{"cell_id":67937,"case_count":5,"gi_zscore":-0.1086,"gi_pvalue":0.372,"significance":"not_sig"}},{"type":"Feature","geometry":{"type":"Point","coordinates":[77.48235,13.05856]},"properties":{"cell_id":67939,"case_count":3,"gi_zscore":-0.1046,"gi_pvalue":0.415,"significance":"not_sig"}},{"type":"Feature","geometry":{"type":"Point","coordinates":[77.50588,13.05856]},"properties":{"cell_id":67941,"case_count":2,"gi_zscore":-0.1046,"gi_pvalue":0.375,"significance":"not_sig"}},{"type":"Feature","geometry":{"type":"Point","coordinates":[77.51765,13.05856]},"properties":{"cell_id":67942,"case_count":1,"gi_zscore":-0.0745,"gi_pvalue":0.172,"significance":"not_sig"}},{"type":"Feature","geometry":{"type":"Point","coordinates":[77.52941,13.05856]},"properties":{"cell_id":67943,"case_count":1,"gi_zscore":-0.0885,"gi_pvalue":0.216,"significance":"not_sig"}},{"type":"Feature","geometry":{"type":"Point","coordinates":[77.54118,13.05856]},"properties":{"cell_id":67944,"case_count":1,"gi_zscore":-0.1167,"gi_pvalue":0.342,"significance":"not_sig"}},{"type":"Feature","geometry":{"type":"Point","coordinates":[77.55294,13.05856]},"properties":{"cell_id":67945,"case_count":2,"gi_zscore":-0.0885,"gi_pvalue":0.241,"significance":"not_sig"}},{"type":"Feature","geometry":{"type":"Point","coordinates":[77.56471,13.05856]},"properties":{"cell_id":67946,"case_count":5,"gi_zscore":-0.0926,"gi_pvalue":0.324,"significance":"not_sig"}},{"type":"Feature","geometry":{"type":"Point","coordinates":[77.57647,13.05856]},"properties":{"cell_id":67947,"case_count":1,"gi_zscore":-0.0524,"gi_pvalue":0.131,"significance":"not_sig"}},{"type":"Feature","geometry":{"type":"Point","coordinates":[77.58824,13.05856]},"properties":{"cell_id":67948,"case_count":5,"gi_zscore":-0.0504,"gi_pvalue":0.138,"significance":"not_sig"}},{"type":"Feature","geometry":{"type":"Point","coordinates":[77.64706,13.05856]},"properties":{"cell_id":67953,"case_count":6,"gi_zscore":-0.1126,"gi_pvalue":0.117,"significance":"not_sig"}},{"type":"Feature","geometry":{"type":"Point","coordinates":[77.68235,13.05856]},"properties":{"cell_id":67956,"case_count":701,"gi_zscore":4.0416,"gi_pvalue":0.002,"significance":"hot_99"}},{"type":"Feature","geometry":{"type":"Point","coordinates":[77.71765,13.05856]},"properties":{"cell_id":67959,"case_count":1,"gi_zscore":1.7777,"gi_pvalue":0.004,"significance":"hot_99"}},{"type":"Feature","geometry":{"type":"Point","coordinates":[77.75294,13.05856]},"properties":{"cell_id":67962,"case_count":1,"gi_zscore":-0.1147,"gi_pvalue":0.434,"significance":"not_sig"}},{"type":"Feature","geometry":{"type":"Point","coordinates":[77.76471,13.05856]},"properties":{"cell_id":67963,"case_count":1,"gi_zscore":-0.0825,"gi_pvalue":0.187,"significance":"not_sig"}},{"type":"Feature","geometry":{"type":"Point","coordinates":[77.78824,13.05856]},"properties":{"cell_id":67965,"case_count":3,"gi_zscore":-0.0785,"gi_pvalue":0.187,"significance":"not_sig"}},{"type":"Feature","geometry":{"type":"Point","coordinates":[77.8,13.05856]},"properties":{"cell_id":67966,"case_count":1,"gi_zscore":-0.0785,"gi_pvalue":0.184,"significance":"not_sig"}},{"type":"Feature","geometry":{"type":"Point","coordinates":[77.81176,13.05856]},"properties":{"cell_id":67967,"case_count":2,"gi_zscore":-0.0885,"gi_pvalue":0.239,"significance":"not_sig"}},{"type":"Feature","geometry":{"type":"Point","coordinates":[77.82353,13.05856]},"properties":{"cell_id":67968,"case_count":1,"gi_zscore":-0.1106,"gi_pvalue":0.488,"significance":"not_sig"}},{"type":"Feature","geometry":{"type":"Point","coordinates":[74.84706,13.06757]},"properties":{"cell_id":68106,"case_count":1,"gi_zscore":-0.1207,"gi_pvalue":0.117,"significance":"not_sig"}},{"type":"Feature","geometry":{"type":"Point","coordinates":[75.0,13.06757]},"properties":{"cell_id":68119,"case_count":2,"gi_zscore":-0.1227,"gi_pvalue":0.034,"significance":"cold_95"}},{"type":"Feature","geometry":{"type":"Point","coordinates":[76.63529,13.06757]},"properties":{"cell_id":68258,"case_count":1,"gi_zscore":-0.1227,"gi_pvalue":0.118,"significance":"not_sig"}},{"type":"Feature","geometry":{"type":"Point","coordinates":[77.36471,13.06757]},"properties":{"cell_id":68320,"case_count":1,"gi_zscore":-0.1126,"gi_pvalue":0.468,"significance":"not_sig"}},{"type":"Feature","geometry":{"type":"Point","coordinates":[77.41176,13.06757]},"properties":{"cell_id":68324,"case_count":1,"gi_zscore":-0.1106,"gi_pvalue":0.463,"significance":"not_sig"}},{"type":"Feature","geometry":{"type":"Point","coordinates":[77.43529,13.06757]},"properties":{"cell_id":68326,"case_count":1,"gi_zscore":-0.1086,"gi_pvalue":0.415,"significance":"not_sig"}},{"type":"Feature","geometry":{"type":"Point","coordinates":[77.44706,13.06757]},"properties":{"cell_id":68327,"case_count":2,"gi_zscore":-0.1086,"gi_pvalue":0.463,"significance":"not_sig"}},{"type":"Feature","geometry":{"type":"Point","coordinates":[77.45882,13.06757]},"properties":{"cell_id":68328,"case_count":1,"gi_zscore":-0.1086,"gi_pvalue":0.415,"significance":"not_sig"}},{"type":"Feature","geometry":{"type":"Point","coordinates":[77.47059,13.06757]},"properties":{"cell_id":68329,"case_count":2,"gi_zscore":-0.1106,"gi_pvalue":0.488,"significance":"not_sig"}},{"type":"Feature","geometry":{"type":"Point","coordinates":[77.48235,13.06757]},"properties":{"cell_id":68330,"case_count":1,"gi_zscore":-0.1147,"gi_pvalue":0.434,"significance":"not_sig"}},{"type":"Feature","geometry":{"type":"Point","coordinates":[77.50588,13.06757]},"properties":{"cell_id":68332,"case_count":1,"gi_zscore":-0.1046,"gi_pvalue":0.351,"significance":"not_sig"}},{"type":"Feature","geometry":{"type":"Point","coordinates":[77.51765,13.06757]},"properties":{"cell_id":68333,"case_count":2,"gi_zscore":-0.1126,"gi_pvalue":0.434,"significance":"not_sig"}},{"type":"Feature","geometry":{"type":"Point","coordinates":[77.55294,13.06757]},"properties":{"cell_id":68336,"case_count":1,"gi_zscore":-0.0986,"gi_pvalue":0.281,"significance":"not_sig"}},{"type":"Feature","geometry":{"type":"Point","coordinates":[77.56471,13.06757]},"properties":{"cell_id":68337,"case_count":3,"gi_zscore":-0.1046,"gi_pvalue":0.415,"significance":"not_sig"}},{"type":"Feature","geometry":{"type":"Point","coordinates":[77.57647,13.06757]},"properties":{"cell_id":68338,"case_count":1,"gi_zscore":-0.0845,"gi_pvalue":0.199,"significance":"not_sig"}},{"type":"Feature","geometry":{"type":"Point","coordinates":[77.6,13.06757]},"properties":{"cell_id":68340,"case_count":1,"gi_zscore":-0.1026,"gi_pvalue":0.325,"significance":"not_sig"}},{"type":"Feature","geometry":{"type":"Point","coordinates":[77.62353,13.06757]},"properties":{"cell_id":68342,"case_count":3,"gi_zscore":-0.1167,"gi_pvalue":0.197,"significance":"not_sig"}},{"type":"Feature","geometry":{"type":"Point","coordinates":[77.63529,13.06757]},"properties":{"cell_id":68343,"case_count":1,"gi_zscore":-0.1066,"gi_pvalue":0.408,"significance":"not_sig"}},{"type":"Feature","geometry":{"type":"Point","coordinates":[77.64706,13.06757]},"properties":{"cell_id":68344,"case_count":1,"gi_zscore":-0.1106,"gi_pvalue":0.463,"significance":"not_sig"}},{"type":"Feature","geometry":{"type":"Point","coordinates":[77.65882,13.06757]},"properties":{"cell_id":68345,"case_count":1,"gi_zscore":1.169,"gi_pvalue":0.023,"significance":"hot_95"}},{"type":"Feature","geometry":{"type":"Point","coordinates":[77.67059,13.06757]},"properties":{"cell_id":68346,"case_count":2,"gi_zscore":3.0432,"gi_pvalue":0.002,"significance":"hot_99"}},{"type":"Feature","geometry":{"type":"Point","coordinates":[77.68235,13.06757]},"properties":{"cell_id":68347,"case_count":184,"gi_zscore":4.8753,"gi_pvalue":0.001,"significance":"hot_99"}},{"type":"Feature","geometry":{"type":"Point","coordinates":[77.69412,13.06757]},"properties":{"cell_id":68348,"case_count":496,"gi_zscore":5.4438,"gi_pvalue":0.001,"significance":"hot_99"}},{"type":"Feature","geometry":{"type":"Point","coordinates":[77.77647,13.06757]},"properties":{"cell_id":68355,"case_count":1,"gi_zscore":-0.0805,"gi_pvalue":0.186,"significance":"not_sig"}},{"type":"Feature","geometry":{"type":"Point","coordinates":[77.78824,13.06757]},"properties":{"cell_id":68356,"case_count":12,"gi_zscore":-0.0785,"gi_pvalue":0.322,"significance":"not_sig"}},{"type":"Feature","geometry":{"type":"Point","coordinates":[77.8,13.06757]},"properties":{"cell_id":68357,"case_count":4,"gi_zscore":-0.0785,"gi_pvalue":0.195,"significance":"not_sig"}},{"type":"Feature","geometry":{"type":"Point","coordinates":[74.8,13.07658]},"properties":{"cell_id":68493,"case_count":3,"gi_zscore":-0.1187,"gi_pvalue":0.116,"significance":"not_sig"}},{"type":"Feature","geometry":{"type":"Point","coordinates":[74.85882,13.07658]},"properties":{"cell_id":68498,"case_count":1,"gi_zscore":-0.1207,"gi_pvalue":0.115,"significance":"not_sig"}},{"type":"Feature","geometry":{"type":"Point","coordinates":[75.01176,13.07658]},"properties":{"cell_id":68511,"case_count":1,"gi_zscore":-0.1227,"gi_pvalue":0.115,"significance":"not_sig"}},{"type":"Feature","geometry":{"type":"Point","coordinates":[77.42353,13.07658]},"properties":{"cell_id":68716,"case_count":6,"gi_zscore":-0.1086,"gi_pvalue":0.282,"significance":"not_sig"}},{"type":"Feature","geometry":{"type":"Point","coordinates":[77.43529,13.07658]},"properties":{"cell_id":68717,"case_count":1,"gi_zscore":-0.1086,"gi_pvalue":0.418,"significance":"not_sig"}},{"type":"Feature","geometry":{"type":"Point","coordinates":[77.44706,13.07658]},"properties":{"cell_id":68718,"case_count":2,"gi_zscore":-0.1126,"gi_pvalue":0.43,"significance":"not_sig"}},{"type":"Feature","geometry":{"type":"Point","coordinates":[77.45882,13.07658]},"properties":{"cell_id":68719,"case_count":1,"gi_zscore":-0.1106,"gi_pvalue":0.464,"significance":"not_sig"}},{"type":"Feature","geometry":{"type":"Point","coordinates":[77.47059,13.07658]},"properties":{"cell_id":68720,"case_count":1,"gi_zscore":-0.1086,"gi_pvalue":0.418,"significance":"not_sig"}},{"type":"Feature","geometry":{"type":"Point","coordinates":[77.50588,13.07658]},"properties":{"cell_id":68723,"case_count":1,"gi_zscore":-0.1106,"gi_pvalue":0.487,"significance":"not_sig"}},{"type":"Feature","geometry":{"type":"Point","coordinates":[77.51765,13.07658]},"properties":{"cell_id":68724,"case_count":5,"gi_zscore":-0.1147,"gi_pvalue":0.111,"significance":"not_sig"}},{"type":"Feature","geometry":{"type":"Point","coordinates":[77.52941,13.07658]},"properties":{"cell_id":68725,"case_count":1,"gi_zscore":-0.1106,"gi_pvalue":0.463,"significance":"not_sig"}},{"type":"Feature","geometry":{"type":"Point","coordinates":[77.54118,13.07658]},"properties":{"cell_id":68726,"case_count":1,"gi_zscore":-0.1126,"gi_pvalue":0.468,"significance":"not_sig"}},{"type":"Feature","geometry":{"type":"Point","coordinates":[77.56471,13.07658]},"properties":{"cell_id":68728,"case_count":2,"gi_zscore":-0.1006,"gi_pvalue":0.337,"significance":"not_sig"}},{"type":"Feature","geometry":{"type":"Point","coordinates":[77.61176,13.07658]},"properties":{"cell_id":68732,"case_count":1,"gi_zscore":-0.1126,"gi_pvalue":0.488,"significance":"not_sig"}},{"type":"Feature","geometry":{"type":"Point","coordinates":[77.63529,13.07658]},"properties":{"cell_id":68734,"case_count":1,"gi_zscore":-0.1066,"gi_pvalue":0.409,"significance":"not_sig"}},{"type":"Feature","geometry":{"type":"Point","coordinates":[77.67059,13.07658]},"properties":{"cell_id":68737,"case_count":1,"gi_zscore":1.6551,"gi_pvalue":0.004,"significance":"hot_99"}},{"type":"Feature","geometry":{"type":"Point","coordinates":[77.68235,13.07658]},"properties":{"cell_id":68738,"case_count":2,"gi_zscore":3.4852,"gi_pvalue":0.002,"significance":"hot_99"}},{"type":"Feature","geometry":{"type":"Point","coordinates":[77.69412,13.07658]},"properties":{"cell_id":68739,"case_count":418,"gi_zscore":5.4417,"gi_pvalue":0.001,"significance":"hot_99"}},{"type":"Feature","geometry":{"type":"Point","coordinates":[77.70588,13.07658]},"properties":{"cell_id":68740,"case_count":335,"gi_zscore":5.3835,"gi_pvalue":0.001,"significance":"hot_99"}},{"type":"Feature","geometry":{"type":"Point","coordinates":[77.74118,13.07658]},"properties":{"cell_id":68743,"case_count":2,"gi_zscore":2.8042,"gi_pvalue":0.002,"significance":"hot_99"}},{"type":"Feature","geometry":{"type":"Point","coordinates":[77.78824,13.07658]},"properties":{"cell_id":68747,"case_count":6,"gi_zscore":-0.0785,"gi_pvalue":0.21,"significance":"not_sig"}},{"type":"Feature","geometry":{"type":"Point","coordinates":[77.8,13.07658]},"properties":{"cell_id":68748,"case_count":2,"gi_zscore":-0.0785,"gi_pvalue":0.182,"significance":"not_sig"}},{"type":"Feature","geometry":{"type":"Point","coordinates":[77.81176,13.07658]},"properties":{"cell_id":68749,"case_count":1,"gi_zscore":-0.1046,"gi_pvalue":0.352,"significance":"not_sig"}},{"type":"Feature","geometry":{"type":"Point","coordinates":[75.70588,13.08559]},"properties":{"cell_id":68961,"case_count":1,"gi_zscore":-0.1207,"gi_pvalue":0.112,"significance":"not_sig"}},{"type":"Feature","geometry":{"type":"Point","coordinates":[76.18824,13.08559]},"properties":{"cell_id":69002,"case_count":1,"gi_zscore":-0.1227,"gi_pvalue":0.112,"significance":"not_sig"}},{"type":"Feature","geometry":{"type":"Point","coordinates":[76.75294,13.08559]},"properties":{"cell_id":69050,"case_count":1,"gi_zscore":-0.1227,"gi_pvalue":0.112,"significance":"not_sig"}},{"type":"Feature","geometry":{"type":"Point","coordinates":[77.36471,13.08559]},"properties":{"cell_id":69102,"case_count":1,"gi_zscore":-0.1026,"gi_pvalue":0.326,"significance":"not_sig"}},{"type":"Feature","geometry":{"type":"Point","coordinates":[77.38824,13.08559]},"properties":{"cell_id":69104,"case_count":1,"gi_zscore":-0.1006,"gi_pvalue":0.321,"significance":"not_sig"}},{"type":"Feature","geometry":{"type":"Point","coordinates":[77.4,13.08559]},"properties":{"cell_id":69105,"case_count":2,"gi_zscore":-0.0986,"gi_pvalue":0.32,"significance":"not_sig"}},{"type":"Feature","geometry":{"type":"Point","coordinates":[77.41176,13.08559]},"properties":{"cell_id":69106,"case_count":1,"gi_zscore":-0.0986,"gi_pvalue":0.281,"significance":"not_sig"}},{"type":"Feature","geometry":{"type":"Point","coordinates":[77.42353,13.08559]},"properties":{"cell_id":69107,"case_count":2,"gi_zscore":-0.1106,"gi_pvalue":0.487,"significance":"not_sig"}},{"type":"Feature","geometry":{"type":"Point","coordinates":[77.50588,13.08559]},"properties":{"cell_id":69114,"case_count":1,"gi_zscore":-0.1126,"gi_pvalue":0.487,"significance":"not_sig"}},{"type":"Feature","geometry":{"type":"Point","coordinates":[77.54118,13.08559]},"properties":{"cell_id":69117,"case_count":2,"gi_zscore":-0.1026,"gi_pvalue":0.351,"significance":"not_sig"}},{"type":"Feature","geometry":{"type":"Point","coordinates":[77.55294,13.08559]},"properties":{"cell_id":69118,"case_count":4,"gi_zscore":-0.1046,"gi_pvalue":0.463,"significance":"not_sig"}},{"type":"Feature","geometry":{"type":"Point","coordinates":[77.56471,13.08559]},"properties":{"cell_id":69119,"case_count":3,"gi_zscore":-0.1086,"gi_pvalue":0.487,"significance":"not_sig"}},{"type":"Feature","geometry":{"type":"Point","coordinates":[77.63529,13.08559]},"properties":{"cell_id":69125,"case_count":1,"gi_zscore":-0.1106,"gi_pvalue":0.463,"significance":"not_sig"}},{"type":"Feature","geometry":{"type":"Point","coordinates":[77.65882,13.08559]},"properties":{"cell_id":69127,"case_count":2,"gi_zscore":-0.1147,"gi_pvalue":0.339,"significance":"not_sig"}},{"type":"Feature","geometry":{"type":"Point","coordinates":[77.67059,13.08559]},"properties":{"cell_id":69128,"case_count":1,"gi_zscore":0.2489,"gi_pvalue":0.078,"significance":"hot_90"}},{"type":"Feature","geometry":{"type":"Point","coordinates":[77.69412,13.08559]},"properties":{"cell_id":69130,"case_count":1,"gi_zscore":4.2706,"gi_pvalue":0.001,"significance":"hot_99"}},{"type":"Feature","geometry":{"type":"Point","coordinates":[77.70588,13.08559]},"properties":{"cell_id":69131,"case_count":642,"gi_zscore":5.6024,"gi_pvalue":0.001,"significance":"hot_99"}},{"type":"Feature","geometry":{"type":"Point","coordinates":[77.71765,13.08559]},"properties":{"cell_id":69132,"case_count":118,"gi_zscore":5.8194,"gi_pvalue":0.001,"significance":"hot_99"}},{"type":"Feature","geometry":{"type":"Point","coordinates":[77.72941,13.08559]},"properties":{"cell_id":69133,"case_count":1,"gi_zscore":5.739,"gi_pvalue":0.001,"significance":"hot_99"}},{"type":"Feature","geometry":{"type":"Point","coordinates":[77.77647,13.08559]},"properties":{"cell_id":69137,"case_count":2,"gi_zscore":-0.0845,"gi_pvalue":0.21,"significance":"not_sig"}},{"type":"Feature","geometry":{"type":"Point","coordinates":[77.8,13.08559]},"properties":{"cell_id":69139,"case_count":1,"gi_zscore":-0.0825,"gi_pvalue":0.187,"significance":"not_sig"}},{"type":"Feature","geometry":{"type":"Point","coordinates":[77.82353,13.08559]},"properties":{"cell_id":69141,"case_count":1,"gi_zscore":-0.1187,"gi_pvalue":0.197,"significance":"not_sig"}},{"type":"Feature","geometry":{"type":"Point","coordinates":[76.21176,13.09459]},"properties":{"cell_id":69395,"case_count":1,"gi_zscore":-0.1227,"gi_pvalue":0.111,"significance":"not_sig"}},{"type":"Feature","geometry":{"type":"Point","coordinates":[76.62353,13.09459]},"properties":{"cell_id":69430,"case_count":1,"gi_zscore":-0.1227,"gi_pvalue":0.111,"significance":"not_sig"}},{"type":"Feature","geometry":{"type":"Point","coordinates":[77.37647,13.09459]},"properties":{"cell_id":69494,"case_count":1,"gi_zscore":-0.0905,"gi_pvalue":0.241,"significance":"not_sig"}},{"type":"Feature","geometry":{"type":"Point","coordinates":[77.38824,13.09459]},"properties":{"cell_id":69495,"case_count":5,"gi_zscore":-0.0905,"gi_pvalue":0.282,"significance":"not_sig"}},{"type":"Feature","geometry":{"type":"Point","coordinates":[77.4,13.09459]},"properties":{"cell_id":69496,"case_count":7,"gi_zscore":-0.1006,"gi_pvalue":0.488,"significance":"not_sig"}},{"type":"Feature","geometry":{"type":"Point","coordinates":[77.41176,13.09459]},"properties":{"cell_id":69497,"case_count":1,"gi_zscore":-0.0905,"gi_pvalue":0.241,"significance":"not_sig"}},{"type":"Feature","geometry":{"type":"Point","coordinates":[77.44706,13.09459]},"properties":{"cell_id":69500,"case_count":1,"gi_zscore":-0.1167,"gi_pvalue":0.338,"significance":"not_sig"}},{"type":"Feature","geometry":{"type":"Point","coordinates":[77.48235,13.09459]},"properties":{"cell_id":69503,"case_count":1,"gi_zscore":-0.1126,"gi_pvalue":0.485,"significance":"not_sig"}},{"type":"Feature","geometry":{"type":"Point","coordinates":[77.49412,13.09459]},"properties":{"cell_id":69504,"case_count":2,"gi_zscore":-0.1147,"gi_pvalue":0.338,"significance":"not_sig"}},{"type":"Feature","geometry":{"type":"Point","coordinates":[77.52941,13.09459]},"properties":{"cell_id":69507,"case_count":1,"gi_zscore":-0.1046,"gi_pvalue":0.352,"significance":"not_sig"}},{"type":"Feature","geometry":{"type":"Point","coordinates":[77.54118,13.09459]},"properties":{"cell_id":69508,"case_count":2,"gi_zscore":-0.1106,"gi_pvalue":0.43,"significance":"not_sig"}},{"type":"Feature","geometry":{"type":"Point","coordinates":[77.56471,13.09459]},"properties":{"cell_id":69510,"case_count":1,"gi_zscore":-0.1106,"gi_pvalue":0.464,"significance":"not_sig"}},{"type":"Feature","geometry":{"type":"Point","coordinates":[77.57647,13.09459]},"properties":{"cell_id":69511,"case_count":1,"gi_zscore":-0.1086,"gi_pvalue":0.434,"significance":"not_sig"}},{"type":"Feature","geometry":{"type":"Point","coordinates":[77.58824,13.09459]},"properties":{"cell_id":69512,"case_count":2,"gi_zscore":-0.1086,"gi_pvalue":0.486,"significance":"not_sig"}},{"type":"Feature","geometry":{"type":"Point","coordinates":[77.6,13.09459]},"properties":{"cell_id":69513,"case_count":3,"gi_zscore":-0.1066,"gi_pvalue":0.485,"significance":"not_sig"}},{"type":"Feature","geometry":{"type":"Point","coordinates":[77.62353,13.09459]},"properties":{"cell_id":69515,"case_count":3,"gi_zscore":-0.1086,"gi_pvalue":0.466,"significance":"not_sig"}},{"type":"Feature","geometry":{"type":"Point","coordinates":[77.63529,13.09459]},"properties":{"cell_id":69516,"case_count":1,"gi_zscore":-0.1106,"gi_pvalue":0.487,"significance":"not_sig"}},{"type":"Feature","geometry":{"type":"Point","coordinates":[77.65882,13.09459]},"properties":{"cell_id":69518,"case_count":1,"gi_zscore":-0.1167,"gi_pvalue":0.284,"significance":"not_sig"}},{"type":"Feature","geometry":{"type":"Point","coordinates":[77.71765,13.09459]},"properties":{"cell_id":69523,"case_count":738,"gi_zscore":5.737,"gi_pvalue":0.001,"significance":"hot_99"}},{"type":"Feature","geometry":{"type":"Point","coordinates":[77.78824,13.09459]},"properties":{"cell_id":69529,"case_count":1,"gi_zscore":-0.0825,"gi_pvalue":0.189,"significance":"not_sig"}},{"type":"Feature","geometry":{"type":"Point","coordinates":[78.10588,13.09459]},"properties":{"cell_id":69556,"case_count":1,"gi_zscore":-0.1167,"gi_pvalue":0.335,"significance":"not_sig"}},{"type":"Feature","geometry":{"type":"Point","coordinates":[75.36471,13.1036]},"properties":{"cell_id":69714,"case_count":1,"gi_zscore":-0.1207,"gi_pvalue":0.112,"significance":"not_sig"}},{"type":"Feature","geometry":{"type":"Point","coordinates":[77.38824,13.1036]},"properties":{"cell_id":69886,"case_count":2,"gi_zscore":-0.0905,"gi_pvalue":0.251,"significance":"not_sig"}},{"type":"Feature","geometry":{"type":"Point","coordinates":[77.42353,13.1036]},"properties":{"cell_id":69889,"case_count":1,"gi_zscore":-0.1106,"gi_pvalue":0.468,"significance":"not_sig"}},{"type":"Feature","geometry":{"type":"Point","coordinates":[77.48235,13.1036]},"properties":{"cell_id":69894,"case_count":3,"gi_zscore":-0.1126,"gi_pvalue":0.359,"significance":"not_sig"}},{"type":"Feature","geometry":{"type":"Point","coordinates":[77.56471,13.1036]},"properties":{"cell_id":69901,"case_count":1,"gi_zscore":-0.1106,"gi_pvalue":0.467,"significance":"not_sig"}},{"type":"Feature","geometry":{"type":"Point","coordinates":[77.57647,13.1036]},"properties":{"cell_id":69902,"case_count":2,"gi_zscore":-0.1126,"gi_pvalue":0.427,"significance":"not_sig"}},{"type":"Feature","geometry":{"type":"Point","coordinates":[77.58824,13.1036]},"properties":{"cell_id":69903,"case_count":5,"gi_zscore":-0.1086,"gi_pvalue":0.287,"significance":"not_sig"}},{"type":"Feature","geometry":{"type":"Point","coordinates":[77.62353,13.1036]},"properties":{"cell_id":69906,"case_count":1,"gi_zscore":-0.1046,"gi_pvalue":0.353,"significance":"not_sig"}},{"type":"Feature","geometry":{"type":"Point","coordinates":[77.64706,13.1036]},"properties":{"cell_id":69908,"case_count":4,"gi_zscore":-0.1106,"gi_pvalue":0.287,"significance":"not_sig"}},{"type":"Feature","geometry":{"type":"Point","coordinates":[77.71765,13.1036]},"properties":{"cell_id":69914,"case_count":111,"gi_zscore":6.4823,"gi_pvalue":0.001,"significance":"hot_99"}},{"type":"Feature","geometry":{"type":"Point","coordinates":[77.72941,13.1036]},"properties":{"cell_id":69915,"case_count":604,"gi_zscore":5.6145,"gi_pvalue":0.001,"significance":"hot_99"}},{"type":"Feature","geometry":{"type":"Point","coordinates":[77.75294,13.1036]},"properties":{"cell_id":69917,"case_count":1,"gi_zscore":5.4699,"gi_pvalue":0.001,"significance":"hot_99"}},{"type":"Feature","geometry":{"type":"Point","coordinates":[77.82353,13.1036]},"properties":{"cell_id":69923,"case_count":2,"gi_zscore":-0.1207,"gi_pvalue":0.032,"significance":"cold_95"}},{"type":"Feature","geometry":{"type":"Point","coordinates":[77.83529,13.1036]},"properties":{"cell_id":69924,"case_count":1,"gi_zscore":-0.1227,"gi_pvalue":0.114,"significance":"not_sig"}},{"type":"Feature","geometry":{"type":"Point","coordinates":[77.87059,13.1036]},"properties":{"cell_id":69927,"case_count":1,"gi_zscore":-0.1227,"gi_pvalue":0.114,"significance":"not_sig"}},{"type":"Feature","geometry":{"type":"Point","coordinates":[76.64706,13.11261]},"properties":{"cell_id":70214,"case_count":1,"gi_zscore":-0.1227,"gi_pvalue":0.114,"significance":"not_sig"}},{"type":"Feature","geometry":{"type":"Point","coordinates":[77.37647,13.11261]},"properties":{"cell_id":70276,"case_count":6,"gi_zscore":-0.1046,"gi_pvalue":0.435,"significance":"not_sig"}},{"type":"Feature","geometry":{"type":"Point","coordinates":[77.38824,13.11261]},"properties":{"cell_id":70277,"case_count":1,"gi_zscore":-0.0926,"gi_pvalue":0.25,"significance":"not_sig"}},{"type":"Feature","geometry":{"type":"Point","coordinates":[77.41176,13.11261]},"properties":{"cell_id":70279,"case_count":1,"gi_zscore":-0.1106,"gi_pvalue":0.466,"significance":"not_sig"}},{"type":"Feature","geometry":{"type":"Point","coordinates":[77.44706,13.11261]},"properties":{"cell_id":70282,"case_count":1,"gi_zscore":-0.1147,"gi_pvalue":0.433,"significance":"not_sig"}},{"type":"Feature","geometry":{"type":"Point","coordinates":[77.45882,13.11261]},"properties":{"cell_id":70283,"case_count":2,"gi_zscore":-0.1187,"gi_pvalue":0.113,"significance":"not_sig"}},{"type":"Feature","geometry":{"type":"Point","coordinates":[77.50588,13.11261]},"properties":{"cell_id":70287,"case_count":3,"gi_zscore":-0.1147,"gi_pvalue":0.197,"significance":"not_sig"}},{"type":"Feature","geometry":{"type":"Point","coordinates":[77.56471,13.11261]},"properties":{"cell_id":70292,"case_count":1,"gi_zscore":-0.1126,"gi_pvalue":0.49,"significance":"not_sig"}},{"type":"Feature","geometry":{"type":"Point","coordinates":[77.57647,13.11261]},"properties":{"cell_id":70293,"case_count":1,"gi_zscore":-0.1126,"gi_pvalue":0.49,"significance":"not_sig"}},{"type":"Feature","geometry":{"type":"Point","coordinates":[77.58824,13.11261]},"properties":{"cell_id":70294,"case_count":1,"gi_zscore":-0.1086,"gi_pvalue":0.438,"significance":"not_sig"}},{"type":"Feature","geometry":{"type":"Point","coordinates":[77.6,13.11261]},"properties":{"cell_id":70295,"case_count":1,"gi_zscore":-0.1086,"gi_pvalue":0.438,"significance":"not_sig"}},{"type":"Feature","geometry":{"type":"Point","coordinates":[77.63529,13.11261]},"properties":{"cell_id":70298,"case_count":2,"gi_zscore":-0.1086,"gi_pvalue":0.466,"significance":"not_sig"}},{"type":"Feature","geometry":{"type":"Point","coordinates":[77.72941,13.11261]},"properties":{"cell_id":70306,"case_count":377,"gi_zscore":5.725,"gi_pvalue":0.001,"significance":"hot_99"}},{"type":"Feature","geometry":{"type":"Point","coordinates":[77.74118,13.11261]},"properties":{"cell_id":70307,"case_count":372,"gi_zscore":5.6888,"gi_pvalue":0.001,"significance":"hot_99"}},{"type":"Feature","geometry":{"type":"Point","coordinates":[77.83529,13.11261]},"properties":{"cell_id":70315,"case_count":1,"gi_zscore":-0.1227,"gi_pvalue":0.112,"significance":"not_sig"}},{"type":"Feature","geometry":{"type":"Point","coordinates":[74.91765,13.12162]},"properties":{"cell_id":70458,"case_count":1,"gi_zscore":-0.1247,"gi_pvalue":0.031,"significance":"cold_95"}},{"type":"Feature","geometry":{"type":"Point","coordinates":[75.0,13.12162]},"properties":{"cell_id":70465,"case_count":1,"gi_zscore":-0.1227,"gi_pvalue":0.112,"significance":"not_sig"}},{"type":"Feature","geometry":{"type":"Point","coordinates":[75.52941,13.12162]},"properties":{"cell_id":70510,"case_count":2,"gi_zscore":-0.1207,"gi_pvalue":0.031,"significance":"cold_95"}},{"type":"Feature","geometry":{"type":"Point","coordinates":[77.11765,13.12162]},"properties":{"cell_id":70645,"case_count":1,"gi_zscore":-0.1247,"gi_pvalue":0.031,"significance":"cold_95"}},{"type":"Feature","geometry":{"type":"Point","coordinates":[77.36471,13.12162]},"properties":{"cell_id":70666,"case_count":1,"gi_zscore":-0.1126,"gi_pvalue":0.492,"significance":"not_sig"}},{"type":"Feature","geometry":{"type":"Point","coordinates":[77.38824,13.12162]},"properties":{"cell_id":70668,"case_count":1,"gi_zscore":-0.0926,"gi_pvalue":0.248,"significance":"not_sig"}},{"type":"Feature","geometry":{"type":"Point","coordinates":[77.43529,13.12162]},"properties":{"cell_id":70672,"case_count":1,"gi_zscore":-0.1207,"gi_pvalue":0.112,"significance":"not_sig"}},{"type":"Feature","geometry":{"type":"Point","coordinates":[77.48235,13.12162]},"properties":{"cell_id":70676,"case_count":1,"gi_zscore":-0.1126,"gi_pvalue":0.492,"significance":"not_sig"}},{"type":"Feature","geometry":{"type":"Point","coordinates":[77.56471,13.12162]},"properties":{"cell_id":70683,"case_count":2,"gi_zscore":-0.1207,"gi_pvalue":0.031,"significance":"cold_95"}},{"type":"Feature","geometry":{"type":"Point","coordinates":[77.68235,13.12162]},"properties":{"cell_id":70693,"case_count":1,"gi_zscore":-0.1187,"gi_pvalue":0.196,"significance":"not_sig"}},{"type":"Feature","geometry":{"type":"Point","coordinates":[77.74118,13.12162]},"properties":{"cell_id":70698,"case_count":544,"gi_zscore":5.6024,"gi_pvalue":0.001,"significance":"hot_99"}},{"type":"Feature","geometry":{"type":"Point","coordinates":[77.75294,13.12162]},"properties":{"cell_id":70699,"case_count":173,"gi_zscore":5.723,"gi_pvalue":0.001,"significance":"hot_99"}},{"type":"Feature","geometry":{"type":"Point","coordinates":[78.08235,13.12162]},"properties":{"cell_id":70727,"case_count":1,"gi_zscore":-0.1167,"gi_pvalue":0.343,"significance":"not_sig"}},{"type":"Feature","geometry":{"type":"Point","coordinates":[78.12941,13.12162]},"properties":{"cell_id":70731,"case_count":1,"gi_zscore":-0.1167,"gi_pvalue":0.343,"significance":"not_sig"}},{"type":"Feature","geometry":{"type":"Point","coordinates":[75.01176,13.13063]},"properties":{"cell_id":70857,"case_count":1,"gi_zscore":-0.1227,"gi_pvalue":0.113,"significance":"not_sig"}},{"type":"Feature","geometry":{"type":"Point","coordinates":[75.12941,13.13063]},"properties":{"cell_id":70867,"case_count":1,"gi_zscore":-0.1227,"gi_pvalue":0.113,"significance":"not_sig"}},{"type":"Feature","geometry":{"type":"Point","coordinates":[75.54118,13.13063]},"properties":{"cell_id":70902,"case_count":1,"gi_zscore":-0.1207,"gi_pvalue":0.113,"significance":"not_sig"}},{"type":"Feature","geometry":{"type":"Point","coordinates":[75.64706,13.13063]},"properties":{"cell_id":70911,"case_count":1,"gi_zscore":-0.1207,"gi_pvalue":0.113,"significance":"not_sig"}},{"type":"Feature","geometry":{"type":"Point","coordinates":[77.32941,13.13063]},"properties":{"cell_id":71054,"case_count":1,"gi_zscore":-0.1207,"gi_pvalue":0.113,"significance":"not_sig"}},{"type":"Feature","geometry":{"type":"Point","coordinates":[77.49412,13.13063]},"properties":{"cell_id":71068,"case_count":1,"gi_zscore":-0.1126,"gi_pvalue":0.493,"significance":"not_sig"}},{"type":"Feature","geometry":{"type":"Point","coordinates":[77.63529,13.13063]},"properties":{"cell_id":71080,"case_count":3,"gi_zscore":-0.1126,"gi_pvalue":0.364,"significance":"not_sig"}},{"type":"Feature","geometry":{"type":"Point","coordinates":[77.65882,13.13063]},"properties":{"cell_id":71082,"case_count":1,"gi_zscore":-0.1126,"gi_pvalue":0.492,"significance":"not_sig"}},{"type":"Feature","geometry":{"type":"Point","coordinates":[77.67059,13.13063]},"properties":{"cell_id":71083,"case_count":1,"gi_zscore":-0.1126,"gi_pvalue":0.492,"significance":"not_sig"}},{"type":"Feature","geometry":{"type":"Point","coordinates":[77.74118,13.13063]},"properties":{"cell_id":71089,"case_count":1,"gi_zscore":5.723,"gi_pvalue":0.001,"significance":"hot_99"}},{"type":"Feature","geometry":{"type":"Point","coordinates":[77.75294,13.13063]},"properties":{"cell_id":71090,"case_count":720,"gi_zscore":5.5422,"gi_pvalue":0.001,"significance":"hot_99"}},{"type":"Feature","geometry":{"type":"Point","coordinates":[77.8,13.13063]},"properties":{"cell_id":71094,"case_count":1,"gi_zscore":4.9998,"gi_pvalue":0.001,"significance":"hot_99"}},{"type":"Feature","geometry":{"type":"Point","coordinates":[77.84706,13.13063]},"properties":{"cell_id":71098,"case_count":1,"gi_zscore":-0.1227,"gi_pvalue":0.113,"significance":"not_sig"}},{"type":"Feature","geometry":{"type":"Point","coordinates":[78.07059,13.13063]},"properties":{"cell_id":71117,"case_count":1,"gi_zscore":-0.1167,"gi_pvalue":0.34,"significance":"not_sig"}},{"type":"Feature","geometry":{"type":"Point","coordinates":[78.11765,13.13063]},"properties":{"cell_id":71121,"case_count":1,"gi_zscore":-0.1167,"gi_pvalue":0.34,"significance":"not_sig"}},{"type":"Feature","geometry":{"type":"Point","coordinates":[78.12941,13.13063]},"properties":{"cell_id":71122,"case_count":4,"gi_zscore":-0.1167,"gi_pvalue":0.114,"significance":"not_sig"}},{"type":"Feature","geometry":{"type":"Point","coordinates":[74.76471,13.13964]},"properties":{"cell_id":71227,"case_count":1,"gi_zscore":-0.1187,"gi_pvalue":0.196,"significance":"not_sig"}},{"type":"Feature","geometry":{"type":"Point","coordinates":[74.77647,13.13964]},"properties":{"cell_id":71228,"case_count":2,"gi_zscore":-0.1187,"gi_pvalue":0.113,"significance":"not_sig"}},{"type":"Feature","geometry":{"type":"Point","coordinates":[75.55294,13.13964]},"properties":{"cell_id":71294,"case_count":1,"gi_zscore":-0.1207,"gi_pvalue":0.112,"significance":"not_sig"}},{"type":"Feature","geometry":{"type":"Point","coordinates":[75.63529,13.13964]},"properties":{"cell_id":71301,"case_count":2,"gi_zscore":-0.1187,"gi_pvalue":0.112,"significance":"not_sig"}},{"type":"Feature","geometry":{"type":"Point","coordinates":[75.64706,13.13964]},"properties":{"cell_id":71302,"case_count":1,"gi_zscore":-0.1207,"gi_pvalue":0.111,"significance":"not_sig"}},{"type":"Feature","geometry":{"type":"Point","coordinates":[76.30588,13.13964]},"properties":{"cell_id":71358,"case_count":1,"gi_zscore":-0.1187,"gi_pvalue":0.193,"significance":"not_sig"}},{"type":"Feature","geometry":{"type":"Point","coordinates":[77.31765,13.13964]},"properties":{"cell_id":71444,"case_count":1,"gi_zscore":-0.1207,"gi_pvalue":0.111,"significance":"not_sig"}},{"type":"Feature","geometry":{"type":"Point","coordinates":[77.32941,13.13964]},"properties":{"cell_id":71445,"case_count":1,"gi_zscore":-0.1207,"gi_pvalue":0.111,"significance":"not_sig"}},{"type":"Feature","geometry":{"type":"Point","coordinates":[77.34118,13.13964]},"properties":{"cell_id":71446,"case_count":1,"gi_zscore":-0.1207,"gi_pvalue":0.111,"significance":"not_sig"}},{"type":"Feature","geometry":{"type":"Point","coordinates":[77.48235,13.13964]},"properties":{"cell_id":71458,"case_count":1,"gi_zscore":-0.1126,"gi_pvalue":0.488,"significance":"not_sig"}},{"type":"Feature","geometry":{"type":"Point","coordinates":[77.56471,13.13964]},"properties":{"cell_id":71465,"case_count":1,"gi_zscore":-0.1207,"gi_pvalue":0.111,"significance":"not_sig"}},{"type":"Feature","geometry":{"type":"Point","coordinates":[77.57647,13.13964]},"properties":{"cell_id":71466,"case_count":1,"gi_zscore":-0.1207,"gi_pvalue":0.111,"significance":"not_sig"}},{"type":"Feature","geometry":{"type":"Point","coordinates":[77.62353,13.13964]},"properties":{"cell_id":71470,"case_count":1,"gi_zscore":-0.1187,"gi_pvalue":0.193,"significance":"not_sig"}},{"type":"Feature","geometry":{"type":"Point","coordinates":[77.67059,13.13964]},"properties":{"cell_id":71474,"case_count":1,"gi_zscore":-0.1126,"gi_pvalue":0.488,"significance":"not_sig"}},{"type":"Feature","geometry":{"type":"Point","coordinates":[77.75294,13.13964]},"properties":{"cell_id":71481,"case_count":68,"gi_zscore":6.4441,"gi_pvalue":0.001,"significance":"hot_99"}},{"type":"Feature","geometry":{"type":"Point","coordinates":[77.76471,13.13964]},"properties":{"cell_id":71482,"case_count":664,"gi_zscore":6.633,"gi_pvalue":0.001,"significance":"hot_99"}},{"type":"Feature","geometry":{"type":"Point","coordinates":[77.85882,13.13964]},"properties":{"cell_id":71490,"case_count":1,"gi_zscore":-0.1227,"gi_pvalue":0.11,"significance":"not_sig"}},{"type":"Feature","geometry":{"type":"Point","coordinates":[77.90588,13.13964]},"properties":{"cell_id":71494,"case_count":1,"gi_zscore":-0.1227,"gi_pvalue":0.11,"significance":"not_sig"}},{"type":"Feature","geometry":{"type":"Point","coordinates":[78.12941,13.13964]},"properties":{"cell_id":71513,"case_count":1,"gi_zscore":-0.1167,"gi_pvalue":0.338,"significance":"not_sig"}},{"type":"Feature","geometry":{"type":"Point","coordinates":[74.82353,13.14865]},"properties":{"cell_id":71623,"case_count":1,"gi_zscore":-0.1187,"gi_pvalue":0.192,"significance":"not_sig"}},{"type":"Feature","geometry":{"type":"Point","coordinates":[77.08235,13.14865]},"properties":{"cell_id":71815,"case_count":1,"gi_zscore":-0.1227,"gi_pvalue":0.11,"significance":"not_sig"}},{"type":"Feature","geometry":{"type":"Point","coordinates":[77.34118,13.14865]},"properties":{"cell_id":71837,"case_count":1,"gi_zscore":-0.1207,"gi_pvalue":0.11,"significance":"not_sig"}},{"type":"Feature","geometry":{"type":"Point","coordinates":[77.36471,13.14865]},"properties":{"cell_id":71839,"case_count":1,"gi_zscore":-0.1106,"gi_pvalue":0.467,"significance":"not_sig"}},{"type":"Feature","geometry":{"type":"Point","coordinates":[77.41176,13.14865]},"properties":{"cell_id":71843,"case_count":1,"gi_zscore":-0.1247,"gi_pvalue":0.032,"significance":"cold_95"}},{"type":"Feature","geometry":{"type":"Point","coordinates":[77.55294,13.14865]},"properties":{"cell_id":71855,"case_count":1,"gi_zscore":-0.1167,"gi_pvalue":0.284,"significance":"not_sig"}},{"type":"Feature","geometry":{"type":"Point","coordinates":[77.56471,13.14865]},"properties":{"cell_id":71856,"case_count":1,"gi_zscore":-0.1167,"gi_pvalue":0.284,"significance":"not_sig"}},{"type":"Feature","geometry":{"type":"Point","coordinates":[77.65882,13.14865]},"properties":{"cell_id":71864,"case_count":1,"gi_zscore":-0.1187,"gi_pvalue":0.192,"significance":"not_sig"}},{"type":"Feature","geometry":{"type":"Point","coordinates":[77.76471,13.14865]},"properties":{"cell_id":71873,"case_count":287,"gi_zscore":5.9761,"gi_pvalue":0.001,"significance":"hot_99"}},{"type":"Feature","geometry":{"type":"Point","coordinates":[77.77647,13.14865]},"properties":{"cell_id":71874,"case_count":450,"gi_zscore":7.1512,"gi_pvalue":0.001,"significance":"hot_99"}},{"type":"Feature","geometry":{"type":"Point","coordinates":[77.89412,13.14865]},"properties":{"cell_id":71884,"case_count":1,"gi_zscore":-0.1227,"gi_pvalue":0.11,"significance":"not_sig"}},{"type":"Feature","geometry":{"type":"Point","coordinates":[78.12941,13.14865]},"properties":{"cell_id":71904,"case_count":2,"gi_zscore":-0.1167,"gi_pvalue":0.192,"significance":"not_sig"}},{"type":"Feature","geometry":{"type":"Point","coordinates":[75.48235,13.15766]},"properties":{"cell_id":72070,"case_count":1,"gi_zscore":-0.1187,"gi_pvalue":0.191,"significance":"not_sig"}},{"type":"Feature","geometry":{"type":"Point","coordinates":[75.56471,13.15766]},"properties":{"cell_id":72077,"case_count":1,"gi_zscore":-0.1187,"gi_pvalue":0.191,"significance":"not_sig"}},{"type":"Feature","geometry":{"type":"Point","coordinates":[75.64706,13.15766]},"properties":{"cell_id":72084,"case_count":2,"gi_zscore":-0.1207,"gi_pvalue":0.032,"significance":"cold_95"}},{"type":"Feature","geometry":{"type":"Point","coordinates":[76.67059,13.15766]},"properties":{"cell_id":72171,"case_count":1,"gi_zscore":-0.1247,"gi_pvalue":0.032,"significance":"cold_95"}},{"type":"Feature","geometry":{"type":"Point","coordinates":[77.03529,13.15766]},"properties":{"cell_id":72202,"case_count":1,"gi_zscore":-0.1227,"gi_pvalue":0.11,"significance":"not_sig"}},{"type":"Feature","geometry":{"type":"Point","coordinates":[77.29412,13.15766]},"properties":{"cell_id":72224,"case_count":1,"gi_zscore":-0.1207,"gi_pvalue":0.11,"significance":"not_sig"}},{"type":"Feature","geometry":{"type":"Point","coordinates":[77.31765,13.15766]},"properties":{"cell_id":72226,"case_count":1,"gi_zscore":-0.1207,"gi_pvalue":0.11,"significance":"not_sig"}},{"type":"Feature","geometry":{"type":"Point","coordinates":[77.34118,13.15766]},"properties":{"cell_id":72228,"case_count":3,"gi_zscore":-0.1207,"gi_pvalue":0.032,"significance":"cold_95"}},{"type":"Feature","geometry":{"type":"Point","coordinates":[77.56471,13.15766]},"properties":{"cell_id":72247,"case_count":2,"gi_zscore":-0.1167,"gi_pvalue":0.191,"significance":"not_sig"}},{"type":"Feature","geometry":{"type":"Point","coordinates":[77.71765,13.15766]},"properties":{"cell_id":72260,"case_count":1,"gi_zscore":3.8749,"gi_pvalue":0.001,"significance":"hot_99"}},{"type":"Feature","geometry":{"type":"Point","coordinates":[77.77647,13.15766]},"properties":{"cell_id":72265,"case_count":466,"gi_zscore":7.2095,"gi_pvalue":0.001,"significance":"hot_99"}},{"type":"Feature","geometry":{"type":"Point","coordinates":[77.78824,13.15766]},"properties":{"cell_id":72266,"case_count":217,"gi_zscore":5.6306,"gi_pvalue":0.001,"significance":"hot_99"}},{"type":"Feature","geometry":{"type":"Point","coordinates":[77.90588,13.15766]},"properties":{"cell_id":72276,"case_count":1,"gi_zscore":-0.1187,"gi_pvalue":0.179,"significance":"not_sig"}},{"type":"Feature","geometry":{"type":"Point","coordinates":[74.87059,13.16667]},"properties":{"cell_id":72409,"case_count":1,"gi_zscore":-0.1227,"gi_pvalue":0.109,"significance":"not_sig"}},{"type":"Feature","geometry":{"type":"Point","coordinates":[74.98824,13.16667]},"properties":{"cell_id":72419,"case_count":1,"gi_zscore":-0.1247,"gi_pvalue":0.032,"significance":"cold_95"}},{"type":"Feature","geometry":{"type":"Point","coordinates":[75.87059,13.16667]},"properties":{"cell_id":72494,"case_count":1,"gi_zscore":-0.1187,"gi_pvalue":0.189,"significance":"not_sig"}},{"type":"Feature","geometry":{"type":"Point","coordinates":[77.03529,13.16667]},"properties":{"cell_id":72593,"case_count":1,"gi_zscore":-0.1227,"gi_pvalue":0.109,"significance":"not_sig"}},{"type":"Feature","geometry":{"type":"Point","coordinates":[77.22353,13.16667]},"properties":{"cell_id":72609,"case_count":1,"gi_zscore":-0.1207,"gi_pvalue":0.109,"significance":"not_sig"}},{"type":"Feature","geometry":{"type":"Point","coordinates":[77.41176,13.16667]},"properties":{"cell_id":72625,"case_count":1,"gi_zscore":-0.1247,"gi_pvalue":0.032,"significance":"cold_95"}},{"type":"Feature","geometry":{"type":"Point","coordinates":[77.6,13.16667]},"properties":{"cell_id":72641,"case_count":1,"gi_zscore":-0.1187,"gi_pvalue":0.179,"significance":"not_sig"}},{"type":"Feature","geometry":{"type":"Point","coordinates":[77.71765,13.16667]},"properties":{"cell_id":72651,"case_count":1,"gi_zscore":4.4514,"gi_pvalue":0.001,"significance":"hot_99"}},{"type":"Feature","geometry":{"type":"Point","coordinates":[77.78824,13.16667]},"properties":{"cell_id":72657,"case_count":758,"gi_zscore":5.6306,"gi_pvalue":0.001,"significance":"hot_99"}},{"type":"Feature","geometry":{"type":"Point","coordinates":[76.68235,13.17568]},"properties":{"cell_id":72954,"case_count":1,"gi_zscore":-0.1247,"gi_pvalue":0.032,"significance":"cold_95"}},{"type":"Feature","geometry":{"type":"Point","coordinates":[77.4,13.17568]},"properties":{"cell_id":73015,"case_count":1,"gi_zscore":-0.1207,"gi_pvalue":0.109,"significance":"not_sig"}},{"type":"Feature","geometry":{"type":"Point","coordinates":[77.54118,13.17568]},"properties":{"cell_id":73027,"case_count":1,"gi_zscore":-0.1187,"gi_pvalue":0.178,"significance":"not_sig"}},{"type":"Feature","geometry":{"type":"Point","coordinates":[77.56471,13.17568]},"properties":{"cell_id":73029,"case_count":3,"gi_zscore":-0.1187,"gi_pvalue":0.032,"significance":"cold_95"}},{"type":"Feature","geometry":{"type":"Point","coordinates":[77.63529,13.17568]},"properties":{"cell_id":73035,"case_count":1,"gi_zscore":-0.1207,"gi_pvalue":0.176,"significance":"not_sig"}},{"type":"Feature","geometry":{"type":"Point","coordinates":[77.8,13.17568]},"properties":{"cell_id":73049,"case_count":30,"gi_zscore":5.6306,"gi_pvalue":0.001,"significance":"hot_99"}},{"type":"Feature","geometry":{"type":"Point","coordinates":[77.81176,13.17568]},"properties":{"cell_id":73050,"case_count":1,"gi_zscore":4.2987,"gi_pvalue":0.001,"significance":"hot_99"}},{"type":"Feature","geometry":{"type":"Point","coordinates":[77.91765,13.17568]},"properties":{"cell_id":73059,"case_count":2,"gi_zscore":-0.1187,"gi_pvalue":0.108,"significance":"not_sig"}},{"type":"Feature","geometry":{"type":"Point","coordinates":[77.94118,13.17568]},"properties":{"cell_id":73061,"case_count":1,"gi_zscore":-0.1187,"gi_pvalue":0.187,"significance":"not_sig"}},{"type":"Feature","geometry":{"type":"Point","coordinates":[74.75294,13.18468]},"properties":{"cell_id":73181,"case_count":1,"gi_zscore":-0.1227,"gi_pvalue":0.108,"significance":"not_sig"}},{"type":"Feature","geometry":{"type":"Point","coordinates":[74.92941,13.18468]},"properties":{"cell_id":73196,"case_count":1,"gi_zscore":-0.1247,"gi_pvalue":0.032,"significance":"cold_95"}},{"type":"Feature","geometry":{"type":"Point","coordinates":[77.09412,13.18468]},"properties":{"cell_id":73380,"case_count":1,"gi_zscore":-0.1227,"gi_pvalue":0.108,"significance":"not_sig"}},{"type":"Feature","geometry":{"type":"Point","coordinates":[77.30588,13.18468]},"properties":{"cell_id":73398,"case_count":1,"gi_zscore":-0.1207,"gi_pvalue":0.108,"significance":"not_sig"}},{"type":"Feature","geometry":{"type":"Point","coordinates":[74.85882,13.19369]},"properties":{"cell_id":73581,"case_count":1,"gi_zscore":-0.1227,"gi_pvalue":0.108,"significance":"not_sig"}},{"type":"Feature","geometry":{"type":"Point","coordinates":[74.98824,13.19369]},"properties":{"cell_id":73592,"case_count":1,"gi_zscore":-0.1247,"gi_pvalue":0.032,"significance":"cold_95"}},{"type":"Feature","geometry":{"type":"Point","coordinates":[77.04706,13.19369]},"properties":{"cell_id":73767,"case_count":1,"gi_zscore":-0.1227,"gi_pvalue":0.108,"significance":"not_sig"}},{"type":"Feature","geometry":{"type":"Point","coordinates":[77.64706,13.19369]},"properties":{"cell_id":73818,"case_count":1,"gi_zscore":-0.1227,"gi_pvalue":0.108,"significance":"not_sig"}},{"type":"Feature","geometry":{"type":"Point","coordinates":[78.01176,13.19369]},"properties":{"cell_id":73849,"case_count":1,"gi_zscore":-0.1187,"gi_pvalue":0.187,"significance":"not_sig"}},{"type":"Feature","geometry":{"type":"Point","coordinates":[74.77647,13.2027]},"properties":{"cell_id":73965,"case_count":1,"gi_zscore":-0.1227,"gi_pvalue":0.108,"significance":"not_sig"}},{"type":"Feature","geometry":{"type":"Point","coordinates":[75.03529,13.2027]},"properties":{"cell_id":73987,"case_count":1,"gi_zscore":-0.1247,"gi_pvalue":0.032,"significance":"cold_95"}},{"type":"Feature","geometry":{"type":"Point","coordinates":[76.82353,13.2027]},"properties":{"cell_id":74139,"case_count":1,"gi_zscore":-0.1247,"gi_pvalue":0.032,"significance":"cold_95"}},{"type":"Feature","geometry":{"type":"Point","coordinates":[76.91765,13.2027]},"properties":{"cell_id":74147,"case_count":1,"gi_zscore":-0.1247,"gi_pvalue":0.032,"significance":"cold_95"}},{"type":"Feature","geometry":{"type":"Point","coordinates":[76.92941,13.2027]},"properties":{"cell_id":74148,"case_count":1,"gi_zscore":-0.1247,"gi_pvalue":0.032,"significance":"cold_95"}},{"type":"Feature","geometry":{"type":"Point","coordinates":[77.54118,13.2027]},"properties":{"cell_id":74200,"case_count":1,"gi_zscore":-0.1187,"gi_pvalue":0.187,"significance":"not_sig"}},{"type":"Feature","geometry":{"type":"Point","coordinates":[77.70588,13.2027]},"properties":{"cell_id":74214,"case_count":1,"gi_zscore":-0.1207,"gi_pvalue":0.108,"significance":"not_sig"}},{"type":"Feature","geometry":{"type":"Point","coordinates":[77.84706,13.2027]},"properties":{"cell_id":74226,"case_count":1,"gi_zscore":1.4542,"gi_pvalue":0.002,"significance":"hot_99"}},{"type":"Feature","geometry":{"type":"Point","coordinates":[77.89412,13.2027]},"properties":{"cell_id":74230,"case_count":1,"gi_zscore":-0.1187,"gi_pvalue":0.187,"significance":"not_sig"}},{"type":"Feature","geometry":{"type":"Point","coordinates":[74.75294,13.21171]},"properties":{"cell_id":74354,"case_count":1,"gi_zscore":-0.1247,"gi_pvalue":0.032,"significance":"cold_95"}},{"type":"Feature","geometry":{"type":"Point","coordinates":[75.0,13.21171]},"properties":{"cell_id":74375,"case_count":1,"gi_zscore":-0.1247,"gi_pvalue":0.032,"significance":"cold_95"}},{"type":"Feature","geometry":{"type":"Point","coordinates":[75.50588,13.21171]},"properties":{"cell_id":74418,"case_count":1,"gi_zscore":-0.1227,"gi_pvalue":0.108,"significance":"not_sig"}},{"type":"Feature","geometry":{"type":"Point","coordinates":[77.03529,13.21171]},"properties":{"cell_id":74548,"case_count":1,"gi_zscore":-0.1227,"gi_pvalue":0.108,"significance":"not_sig"}},{"type":"Feature","geometry":{"type":"Point","coordinates":[77.12941,13.21171]},"properties":{"cell_id":74556,"case_count":1,"gi_zscore":-0.1227,"gi_pvalue":0.108,"significance":"not_sig"}},{"type":"Feature","geometry":{"type":"Point","coordinates":[77.17647,13.21171]},"properties":{"cell_id":74560,"case_count":1,"gi_zscore":-0.1227,"gi_pvalue":0.108,"significance":"not_sig"}},{"type":"Feature","geometry":{"type":"Point","coordinates":[77.23529,13.21171]},"properties":{"cell_id":74565,"case_count":1,"gi_zscore":-0.1187,"gi_pvalue":0.187,"significance":"not_sig"}},{"type":"Feature","geometry":{"type":"Point","coordinates":[77.25882,13.21171]},"properties":{"cell_id":74567,"case_count":1,"gi_zscore":-0.1187,"gi_pvalue":0.187,"significance":"not_sig"}},{"type":"Feature","geometry":{"type":"Point","coordinates":[77.55294,13.21171]},"properties":{"cell_id":74592,"case_count":1,"gi_zscore":-0.1187,"gi_pvalue":0.187,"significance":"not_sig"}},{"type":"Feature","geometry":{"type":"Point","coordinates":[77.6,13.21171]},"properties":{"cell_id":74596,"case_count":1,"gi_zscore":-0.1207,"gi_pvalue":0.108,"significance":"not_sig"}},{"type":"Feature","geometry":{"type":"Point","coordinates":[77.65882,13.21171]},"properties":{"cell_id":74601,"case_count":1,"gi_zscore":-0.1207,"gi_pvalue":0.108,"significance":"not_sig"}},{"type":"Feature","geometry":{"type":"Point","coordinates":[77.87059,13.21171]},"properties":{"cell_id":74619,"case_count":1,"gi_zscore":-0.1187,"gi_pvalue":0.187,"significance":"not_sig"}},{"type":"Feature","geometry":{"type":"Point","coordinates":[74.76471,13.22072]},"properties":{"cell_id":74746,"case_count":1,"gi_zscore":-0.1247,"gi_pvalue":0.032,"significance":"cold_95"}},{"type":"Feature","geometry":{"type":"Point","coordinates":[74.82353,13.22072]},"properties":{"cell_id":74751,"case_count":1,"gi_zscore":-0.1227,"gi_pvalue":0.108,"significance":"not_sig"}},{"type":"Feature","geometry":{"type":"Point","coordinates":[74.97647,13.22072]},"properties":{"cell_id":74764,"case_count":1,"gi_zscore":-0.1247,"gi_pvalue":0.032,"significance":"cold_95"}},{"type":"Feature","geometry":{"type":"Point","coordinates":[76.92941,13.22072]},"properties":{"cell_id":74930,"case_count":1,"gi_zscore":-0.1247,"gi_pvalue":0.032,"significance":"cold_95"}},{"type":"Feature","geometry":{"type":"Point","coordinates":[77.34118,13.22072]},"properties":{"cell_id":74965,"case_count":1,"gi_zscore":-0.1207,"gi_pvalue":0.177,"significance":"not_sig"}},{"type":"Feature","geometry":{"type":"Point","coordinates":[77.45882,13.22072]},"properties":{"cell_id":74975,"case_count":1,"gi_zscore":-0.1187,"gi_pvalue":0.177,"significance":"not_sig"}},{"type":"Feature","geometry":{"type":"Point","coordinates":[77.61176,13.22072]},"properties":{"cell_id":74988,"case_count":2,"gi_zscore":-0.1207,"gi_pvalue":0.032,"significance":"cold_95"}},{"type":"Feature","geometry":{"type":"Point","coordinates":[77.64706,13.22072]},"properties":{"cell_id":74991,"case_count":1,"gi_zscore":-0.1207,"gi_pvalue":0.108,"significance":"not_sig"}},{"type":"Feature","geometry":{"type":"Point","coordinates":[77.68235,13.22072]},"properties":{"cell_id":74994,"case_count":1,"gi_zscore":-0.1167,"gi_pvalue":0.281,"significance":"not_sig"}},{"type":"Feature","geometry":{"type":"Point","coordinates":[77.91765,13.22072]},"properties":{"cell_id":75014,"case_count":3,"gi_zscore":-0.1187,"gi_pvalue":0.108,"significance":"not_sig"}},{"type":"Feature","geometry":{"type":"Point","coordinates":[74.74118,13.22973]},"properties":{"cell_id":75135,"case_count":1,"gi_zscore":-0.1247,"gi_pvalue":0.032,"significance":"cold_95"}},{"type":"Feature","geometry":{"type":"Point","coordinates":[74.75294,13.22973]},"properties":{"cell_id":75136,"case_count":1,"gi_zscore":-0.1247,"gi_pvalue":0.032,"significance":"cold_95"}},{"type":"Feature","geometry":{"type":"Point","coordinates":[76.91765,13.22973]},"properties":{"cell_id":75320,"case_count":1,"gi_zscore":-0.1247,"gi_pvalue":0.032,"significance":"cold_95"}},{"type":"Feature","geometry":{"type":"Point","coordinates":[77.24706,13.22973]},"properties":{"cell_id":75348,"case_count":3,"gi_zscore":-0.1167,"gi_pvalue":0.177,"significance":"not_sig"}},{"type":"Feature","geometry":{"type":"Point","coordinates":[77.54118,13.22973]},"properties":{"cell_id":75373,"case_count":1,"gi_zscore":-0.1207,"gi_pvalue":0.108,"significance":"not_sig"}},{"type":"Feature","geometry":{"type":"Point","coordinates":[77.55294,13.22973]},"properties":{"cell_id":75374,"case_count":1,"gi_zscore":-0.1207,"gi_pvalue":0.108,"significance":"not_sig"}},{"type":"Feature","geometry":{"type":"Point","coordinates":[77.61176,13.22973]},"properties":{"cell_id":75379,"case_count":2,"gi_zscore":-0.1207,"gi_pvalue":0.032,"significance":"cold_95"}},{"type":"Feature","geometry":{"type":"Point","coordinates":[77.62353,13.22973]},"properties":{"cell_id":75380,"case_count":1,"gi_zscore":-0.1187,"gi_pvalue":0.187,"significance":"not_sig"}},{"type":"Feature","geometry":{"type":"Point","coordinates":[77.83529,13.22973]},"properties":{"cell_id":75398,"case_count":1,"gi_zscore":-0.0664,"gi_pvalue":0.153,"significance":"not_sig"}},{"type":"Feature","geometry":{"type":"Point","coordinates":[74.74118,13.23874]},"properties":{"cell_id":75526,"case_count":1,"gi_zscore":-0.1247,"gi_pvalue":0.032,"significance":"cold_95"}},{"type":"Feature","geometry":{"type":"Point","coordinates":[76.47059,13.23874]},"properties":{"cell_id":75673,"case_count":1,"gi_zscore":-0.1106,"gi_pvalue":0.472,"significance":"not_sig"}},{"type":"Feature","geometry":{"type":"Point","coordinates":[76.85882,13.23874]},"properties":{"cell_id":75706,"case_count":1,"gi_zscore":-0.1247,"gi_pvalue":0.032,"significance":"cold_95"}},{"type":"Feature","geometry":{"type":"Point","coordinates":[77.07059,13.23874]},"properties":{"cell_id":75724,"case_count":2,"gi_zscore":-0.1227,"gi_pvalue":0.032,"significance":"cold_95"}},{"type":"Feature","geometry":{"type":"Point","coordinates":[77.17647,13.23874]},"properties":{"cell_id":75733,"case_count":1,"gi_zscore":-0.1227,"gi_pvalue":0.108,"significance":"not_sig"}},{"type":"Feature","geometry":{"type":"Point","coordinates":[77.23529,13.23874]},"properties":{"cell_id":75738,"case_count":1,"gi_zscore":-0.1167,"gi_pvalue":0.335,"significance":"not_sig"}},{"type":"Feature","geometry":{"type":"Point","coordinates":[77.27059,13.23874]},"properties":{"cell_id":75741,"case_count":1,"gi_zscore":-0.1187,"gi_pvalue":0.188,"significance":"not_sig"}},{"type":"Feature","geometry":{"type":"Point","coordinates":[77.48235,13.23874]},"properties":{"cell_id":75759,"case_count":1,"gi_zscore":-0.1227,"gi_pvalue":0.108,"significance":"not_sig"}},{"type":"Feature","geometry":{"type":"Point","coordinates":[77.71765,13.23874]},"properties":{"cell_id":75779,"case_count":3,"gi_zscore":-0.1167,"gi_pvalue":0.11,"significance":"not_sig"}},{"type":"Feature","geometry":{"type":"Point","coordinates":[77.92941,13.23874]},"properties":{"cell_id":75797,"case_count":1,"gi_zscore":-0.1187,"gi_pvalue":0.19,"significance":"not_sig"}},{"type":"Feature","geometry":{"type":"Point","coordinates":[78.32941,13.23874]},"properties":{"cell_id":75831,"case_count":2,"gi_zscore":-0.1147,"gi_pvalue":0.335,"significance":"not_sig"}},{"type":"Feature","geometry":{"type":"Point","coordinates":[74.83529,13.24775]},"properties":{"cell_id":75925,"case_count":2,"gi_zscore":-0.1227,"gi_pvalue":0.034,"significance":"cold_95"}},{"type":"Feature","geometry":{"type":"Point","coordinates":[74.87059,13.24775]},"properties":{"cell_id":75928,"case_count":1,"gi_zscore":-0.1227,"gi_pvalue":0.111,"significance":"not_sig"}},{"type":"Feature","geometry":{"type":"Point","coordinates":[75.64706,13.24775]},"properties":{"cell_id":75994,"case_count":1,"gi_zscore":-0.1207,"gi_pvalue":0.111,"significance":"not_sig"}},{"type":"Feature","geometry":{"type":"Point","coordinates":[76.48235,13.24775]},"properties":{"cell_id":76065,"case_count":1,"gi_zscore":-0.1106,"gi_pvalue":0.472,"significance":"not_sig"}},{"type":"Feature","geometry":{"type":"Point","coordinates":[77.02353,13.24775]},"properties":{"cell_id":76111,"case_count":1,"gi_zscore":-0.1227,"gi_pvalue":0.111,"significance":"not_sig"}},{"type":"Feature","geometry":{"type":"Point","coordinates":[77.08235,13.24775]},"properties":{"cell_id":76116,"case_count":1,"gi_zscore":-0.1207,"gi_pvalue":0.111,"significance":"not_sig"}},{"type":"Feature","geometry":{"type":"Point","coordinates":[77.24706,13.24775]},"properties":{"cell_id":76130,"case_count":1,"gi_zscore":-0.1167,"gi_pvalue":0.335,"significance":"not_sig"}},{"type":"Feature","geometry":{"type":"Point","coordinates":[77.29412,13.24775]},"properties":{"cell_id":76134,"case_count":1,"gi_zscore":-0.1187,"gi_pvalue":0.19,"significance":"not_sig"}},{"type":"Feature","geometry":{"type":"Point","coordinates":[77.55294,13.24775]},"properties":{"cell_id":76156,"case_count":1,"gi_zscore":-0.1207,"gi_pvalue":0.111,"significance":"not_sig"}},{"type":"Feature","geometry":{"type":"Point","coordinates":[77.61176,13.24775]},"properties":{"cell_id":76161,"case_count":1,"gi_zscore":-0.1187,"gi_pvalue":0.19,"significance":"not_sig"}},{"type":"Feature","geometry":{"type":"Point","coordinates":[77.71765,13.24775]},"properties":{"cell_id":76170,"case_count":1,"gi_zscore":-0.1167,"gi_pvalue":0.28,"significance":"not_sig"}},{"type":"Feature","geometry":{"type":"Point","coordinates":[76.01176,13.25676]},"properties":{"cell_id":76416,"case_count":1,"gi_zscore":-0.1227,"gi_pvalue":0.111,"significance":"not_sig"}},{"type":"Feature","geometry":{"type":"Point","coordinates":[76.45882,13.25676]},"properties":{"cell_id":76454,"case_count":3,"gi_zscore":-0.1106,"gi_pvalue":0.428,"significance":"not_sig"}},{"type":"Feature","geometry":{"type":"Point","coordinates":[76.47059,13.25676]},"properties":{"cell_id":76455,"case_count":2,"gi_zscore":-0.1106,"gi_pvalue":0.483,"significance":"not_sig"}},{"type":"Feature","geometry":{"type":"Point","coordinates":[76.48235,13.25676]},"properties":{"cell_id":76456,"case_count":5,"gi_zscore":-0.1106,"gi_pvalue":0.279,"significance":"not_sig"}},{"type":"Feature","geometry":{"type":"Point","coordinates":[76.68235,13.25676]},"properties":{"cell_id":76473,"case_count":1,"gi_zscore":-0.1247,"gi_pvalue":0.034,"significance":"cold_95"}},{"type":"Feature","geometry":{"type":"Point","coordinates":[77.2,13.25676]},"properties":{"cell_id":76517,"case_count":1,"gi_zscore":-0.1227,"gi_pvalue":0.109,"significance":"not_sig"}},{"type":"Feature","geometry":{"type":"Point","coordinates":[77.21176,13.25676]},"properties":{"cell_id":76518,"case_count":2,"gi_zscore":-0.1187,"gi_pvalue":0.109,"significance":"not_sig"}},{"type":"Feature","geometry":{"type":"Point","coordinates":[77.24706,13.25676]},"properties":{"cell_id":76521,"case_count":1,"gi_zscore":-0.1167,"gi_pvalue":0.331,"significance":"not_sig"}},{"type":"Feature","geometry":{"type":"Point","coordinates":[77.25882,13.25676]},"properties":{"cell_id":76522,"case_count":2,"gi_zscore":-0.1167,"gi_pvalue":0.188,"significance":"not_sig"}},{"type":"Feature","geometry":{"type":"Point","coordinates":[77.55294,13.25676]},"properties":{"cell_id":76547,"case_count":1,"gi_zscore":-0.1207,"gi_pvalue":0.11,"significance":"not_sig"}},{"type":"Feature","geometry":{"type":"Point","coordinates":[77.56471,13.25676]},"properties":{"cell_id":76548,"case_count":2,"gi_zscore":-0.1227,"gi_pvalue":0.034,"significance":"cold_95"}},{"type":"Feature","geometry":{"type":"Point","coordinates":[78.25882,13.25676]},"properties":{"cell_id":76607,"case_count":1,"gi_zscore":-0.1147,"gi_pvalue":0.424,"significance":"not_sig"}},{"type":"Feature","geometry":{"type":"Point","coordinates":[74.77647,13.26577]},"properties":{"cell_id":76702,"case_count":1,"gi_zscore":-0.1227,"gi_pvalue":0.11,"significance":"not_sig"}},{"type":"Feature","geometry":{"type":"Point","coordinates":[76.48235,13.26577]},"properties":{"cell_id":76847,"case_count":1,"gi_zscore":-0.1106,"gi_pvalue":0.471,"significance":"not_sig"}},{"type":"Feature","geometry":{"type":"Point","coordinates":[77.12941,13.26577]},"properties":{"cell_id":76902,"case_count":1,"gi_zscore":-0.1227,"gi_pvalue":0.11,"significance":"not_sig"}},{"type":"Feature","geometry":{"type":"Point","coordinates":[77.2,13.26577]},"properties":{"cell_id":76908,"case_count":1,"gi_zscore":-0.1227,"gi_pvalue":0.11,"significance":"not_sig"}},{"type":"Feature","geometry":{"type":"Point","coordinates":[77.32941,13.26577]},"properties":{"cell_id":76919,"case_count":1,"gi_zscore":-0.1227,"gi_pvalue":0.11,"significance":"not_sig"}},{"type":"Feature","geometry":{"type":"Point","coordinates":[77.52941,13.26577]},"properties":{"cell_id":76936,"case_count":2,"gi_zscore":-0.1207,"gi_pvalue":0.034,"significance":"cold_95"}},{"type":"Feature","geometry":{"type":"Point","coordinates":[77.55294,13.26577]},"properties":{"cell_id":76938,"case_count":1,"gi_zscore":-0.1207,"gi_pvalue":0.11,"significance":"not_sig"}},{"type":"Feature","geometry":{"type":"Point","coordinates":[77.69412,13.26577]},"properties":{"cell_id":76950,"case_count":1,"gi_zscore":-0.1147,"gi_pvalue":0.375,"significance":"not_sig"}},{"type":"Feature","geometry":{"type":"Point","coordinates":[77.71765,13.26577]},"properties":{"cell_id":76952,"case_count":3,"gi_zscore":-0.1147,"gi_pvalue":0.276,"significance":"not_sig"}},{"type":"Feature","geometry":{"type":"Point","coordinates":[77.85882,13.26577]},"properties":{"cell_id":76964,"case_count":1,"gi_zscore":-0.1247,"gi_pvalue":0.035,"significance":"cold_95"}},{"type":"Feature","geometry":{"type":"Point","coordinates":[74.76471,13.27477]},"properties":{"cell_id":77092,"case_count":1,"gi_zscore":-0.1227,"gi_pvalue":0.111,"significance":"not_sig"}},{"type":"Feature","geometry":{"type":"Point","coordinates":[76.48235,13.27477]},"properties":{"cell_id":77238,"case_count":1,"gi_zscore":-0.1106,"gi_pvalue":0.47,"significance":"not_sig"}},{"type":"Feature","geometry":{"type":"Point","coordinates":[76.51765,13.27477]},"properties":{"cell_id":77241,"case_count":1,"gi_zscore":-0.1106,"gi_pvalue":0.47,"significance":"not_sig"}},{"type":"Feature","geometry":{"type":"Point","coordinates":[76.81176,13.27477]},"properties":{"cell_id":77266,"case_count":1,"gi_zscore":-0.1247,"gi_pvalue":0.035,"significance":"cold_95"}},{"type":"Feature","geometry":{"type":"Point","coordinates":[77.08235,13.27477]},"properties":{"cell_id":77289,"case_count":1,"gi_zscore":-0.1126,"gi_pvalue":0.479,"significance":"not_sig"}},{"type":"Feature","geometry":{"type":"Point","coordinates":[77.15294,13.27477]},"properties":{"cell_id":77295,"case_count":1,"gi_zscore":-0.1247,"gi_pvalue":0.035,"significance":"cold_95"}},{"type":"Feature","geometry":{"type":"Point","coordinates":[77.56471,13.27477]},"properties":{"cell_id":77330,"case_count":1,"gi_zscore":-0.1227,"gi_pvalue":0.111,"significance":"not_sig"}},{"type":"Feature","geometry":{"type":"Point","coordinates":[77.57647,13.27477]},"properties":{"cell_id":77331,"case_count":1,"gi_zscore":-0.1227,"gi_pvalue":0.111,"significance":"not_sig"}},{"type":"Feature","geometry":{"type":"Point","coordinates":[77.6,13.27477]},"properties":{"cell_id":77333,"case_count":1,"gi_zscore":-0.1207,"gi_pvalue":0.179,"significance":"not_sig"}},{"type":"Feature","geometry":{"type":"Point","coordinates":[77.64706,13.27477]},"properties":{"cell_id":77337,"case_count":2,"gi_zscore":-0.1207,"gi_pvalue":0.035,"significance":"cold_95"}},{"type":"Feature","geometry":{"type":"Point","coordinates":[75.75294,13.28378]},"properties":{"cell_id":77567,"case_count":1,"gi_zscore":-0.1026,"gi_pvalue":0.334,"significance":"not_sig"}},{"type":"Feature","geometry":{"type":"Point","coordinates":[76.95294,13.28378]},"properties":{"cell_id":77669,"case_count":1,"gi_zscore":-0.1247,"gi_pvalue":0.035,"significance":"cold_95"}},{"type":"Feature","geometry":{"type":"Point","coordinates":[77.14118,13.28378]},"properties":{"cell_id":77685,"case_count":1,"gi_zscore":-0.1227,"gi_pvalue":0.111,"significance":"not_sig"}},{"type":"Feature","geometry":{"type":"Point","coordinates":[77.18824,13.28378]},"properties":{"cell_id":77689,"case_count":1,"gi_zscore":-0.1227,"gi_pvalue":0.111,"significance":"not_sig"}},{"type":"Feature","geometry":{"type":"Point","coordinates":[77.41176,13.28378]},"properties":{"cell_id":77708,"case_count":1,"gi_zscore":-0.1207,"gi_pvalue":0.111,"significance":"not_sig"}},{"type":"Feature","geometry":{"type":"Point","coordinates":[77.47059,13.28378]},"properties":{"cell_id":77713,"case_count":1,"gi_zscore":-0.1187,"gi_pvalue":0.189,"significance":"not_sig"}},{"type":"Feature","geometry":{"type":"Point","coordinates":[77.52941,13.28378]},"properties":{"cell_id":77718,"case_count":1,"gi_zscore":-0.1187,"gi_pvalue":0.189,"significance":"not_sig"}},{"type":"Feature","geometry":{"type":"Point","coordinates":[77.58824,13.28378]},"properties":{"cell_id":77723,"case_count":1,"gi_zscore":-0.1227,"gi_pvalue":0.111,"significance":"not_sig"}},{"type":"Feature","geometry":{"type":"Point","coordinates":[74.75294,13.29279]},"properties":{"cell_id":77873,"case_count":1,"gi_zscore":-0.1167,"gi_pvalue":0.276,"significance":"not_sig"}},{"type":"Feature","geometry":{"type":"Point","coordinates":[75.75294,13.29279]},"properties":{"cell_id":77958,"case_count":1,"gi_zscore":-0.0966,"gi_pvalue":0.276,"significance":"not_sig"}},{"type":"Feature","geometry":{"type":"Point","coordinates":[76.67059,13.29279]},"properties":{"cell_id":78036,"case_count":1,"gi_zscore":-0.1247,"gi_pvalue":0.035,"significance":"cold_95"}},{"type":"Feature","geometry":{"type":"Point","coordinates":[76.95294,13.29279]},"properties":{"cell_id":78060,"case_count":1,"gi_zscore":-0.1247,"gi_pvalue":0.035,"significance":"cold_95"}},{"type":"Feature","geometry":{"type":"Point","coordinates":[77.17647,13.29279]},"properties":{"cell_id":78079,"case_count":1,"gi_zscore":-0.1247,"gi_pvalue":0.035,"significance":"cold_95"}},{"type":"Feature","geometry":{"type":"Point","coordinates":[77.42353,13.29279]},"properties":{"cell_id":78100,"case_count":3,"gi_zscore":-0.1207,"gi_pvalue":0.035,"significance":"cold_95"}},{"type":"Feature","geometry":{"type":"Point","coordinates":[77.52941,13.29279]},"properties":{"cell_id":78109,"case_count":1,"gi_zscore":-0.1187,"gi_pvalue":0.189,"significance":"not_sig"}},{"type":"Feature","geometry":{"type":"Point","coordinates":[77.62353,13.29279]},"properties":{"cell_id":78117,"case_count":1,"gi_zscore":-0.1227,"gi_pvalue":0.111,"significance":"not_sig"}},{"type":"Feature","geometry":{"type":"Point","coordinates":[77.78824,13.29279]},"properties":{"cell_id":78131,"case_count":1,"gi_zscore":-0.1207,"gi_pvalue":0.179,"significance":"not_sig"}},{"type":"Feature","geometry":{"type":"Point","coordinates":[77.8,13.29279]},"properties":{"cell_id":78132,"case_count":1,"gi_zscore":-0.1207,"gi_pvalue":0.179,"significance":"not_sig"}},{"type":"Feature","geometry":{"type":"Point","coordinates":[77.81176,13.29279]},"properties":{"cell_id":78133,"case_count":1,"gi_zscore":-0.1227,"gi_pvalue":0.111,"significance":"not_sig"}},{"type":"Feature","geometry":{"type":"Point","coordinates":[74.74118,13.3018]},"properties":{"cell_id":78263,"case_count":2,"gi_zscore":-0.1167,"gi_pvalue":0.19,"significance":"not_sig"}},{"type":"Feature","geometry":{"type":"Point","coordinates":[75.8,13.3018]},"properties":{"cell_id":78353,"case_count":2,"gi_zscore":-0.0946,"gi_pvalue":0.284,"significance":"not_sig"}},{"type":"Feature","geometry":{"type":"Point","coordinates":[76.05882,13.3018]},"properties":{"cell_id":78375,"case_count":1,"gi_zscore":-0.1227,"gi_pvalue":0.111,"significance":"not_sig"}},{"type":"Feature","geometry":{"type":"Point","coordinates":[76.45882,13.3018]},"properties":{"cell_id":78409,"case_count":1,"gi_zscore":-0.1106,"gi_pvalue":0.47,"significance":"not_sig"}},{"type":"Feature","geometry":{"type":"Point","coordinates":[77.16471,13.3018]},"properties":{"cell_id":78469,"case_count":1,"gi_zscore":-0.1207,"gi_pvalue":0.111,"significance":"not_sig"}},{"type":"Feature","geometry":{"type":"Point","coordinates":[77.2,13.3018]},"properties":{"cell_id":78472,"case_count":1,"gi_zscore":-0.1227,"gi_pvalue":0.111,"significance":"not_sig"}},{"type":"Feature","geometry":{"type":"Point","coordinates":[77.48235,13.3018]},"properties":{"cell_id":78496,"case_count":1,"gi_zscore":-0.1187,"gi_pvalue":0.189,"significance":"not_sig"}},{"type":"Feature","geometry":{"type":"Point","coordinates":[77.50588,13.3018]},"properties":{"cell_id":78498,"case_count":1,"gi_zscore":-0.1187,"gi_pvalue":0.189,"significance":"not_sig"}},{"type":"Feature","geometry":{"type":"Point","coordinates":[77.54118,13.3018]},"properties":{"cell_id":78501,"case_count":1,"gi_zscore":-0.1207,"gi_pvalue":0.111,"significance":"not_sig"}},{"type":"Feature","geometry":{"type":"Point","coordinates":[77.55294,13.3018]},"properties":{"cell_id":78502,"case_count":1,"gi_zscore":-0.1207,"gi_pvalue":0.111,"significance":"not_sig"}},{"type":"Feature","geometry":{"type":"Point","coordinates":[77.68235,13.3018]},"properties":{"cell_id":78513,"case_count":1,"gi_zscore":-0.1147,"gi_pvalue":0.422,"significance":"not_sig"}},{"type":"Feature","geometry":{"type":"Point","coordinates":[77.91765,13.3018]},"properties":{"cell_id":78533,"case_count":1,"gi_zscore":-0.1187,"gi_pvalue":0.189,"significance":"not_sig"}},{"type":"Feature","geometry":{"type":"Point","coordinates":[74.78824,13.31081]},"properties":{"cell_id":78658,"case_count":1,"gi_zscore":-0.1187,"gi_pvalue":0.189,"significance":"not_sig"}},{"type":"Feature","geometry":{"type":"Point","coordinates":[75.76471,13.31081]},"properties":{"cell_id":78741,"case_count":1,"gi_zscore":-0.0966,"gi_pvalue":0.276,"significance":"not_sig"}},{"type":"Feature","geometry":{"type":"Point","coordinates":[75.77647,13.31081]},"properties":{"cell_id":78742,"case_count":3,"gi_zscore":-0.0946,"gi_pvalue":0.285,"significance":"not_sig"}},{"type":"Feature","geometry":{"type":"Point","coordinates":[76.24706,13.31081]},"properties":{"cell_id":78782,"case_count":1,"gi_zscore":-0.1227,"gi_pvalue":0.111,"significance":"not_sig"}},{"type":"Feature","geometry":{"type":"Point","coordinates":[76.25882,13.31081]},"properties":{"cell_id":78783,"case_count":2,"gi_zscore":-0.1187,"gi_pvalue":0.112,"significance":"not_sig"}},{"type":"Feature","geometry":{"type":"Point","coordinates":[76.64706,13.31081]},"properties":{"cell_id":78816,"case_count":1,"gi_zscore":-0.1247,"gi_pvalue":0.036,"significance":"cold_95"}},{"type":"Feature","geometry":{"type":"Point","coordinates":[76.91765,13.31081]},"properties":{"cell_id":78839,"case_count":1,"gi_zscore":-0.1247,"gi_pvalue":0.036,"significance":"cold_95"}},{"type":"Feature","geometry":{"type":"Point","coordinates":[77.09412,13.31081]},"properties":{"cell_id":78854,"case_count":2,"gi_zscore":-0.0905,"gi_pvalue":0.255,"significance":"not_sig"}},{"type":"Feature","geometry":{"type":"Point","coordinates":[77.10588,13.31081]},"properties":{"cell_id":78855,"case_count":2,"gi_zscore":-0.0885,"gi_pvalue":0.243,"significance":"not_sig"}},{"type":"Feature","geometry":{"type":"Point","coordinates":[77.11765,13.31081]},"properties":{"cell_id":78856,"case_count":1,"gi_zscore":-0.0966,"gi_pvalue":0.27,"significance":"not_sig"}},{"type":"Feature","geometry":{"type":"Point","coordinates":[77.12941,13.31081]},"properties":{"cell_id":78857,"case_count":2,"gi_zscore":-0.1046,"gi_pvalue":0.387,"significance":"not_sig"}},{"type":"Feature","geometry":{"type":"Point","coordinates":[77.14118,13.31081]},"properties":{"cell_id":78858,"case_count":1,"gi_zscore":-0.1106,"gi_pvalue":0.467,"significance":"not_sig"}},{"type":"Feature","geometry":{"type":"Point","coordinates":[77.15294,13.31081]},"properties":{"cell_id":78859,"case_count":1,"gi_zscore":-0.1187,"gi_pvalue":0.188,"significance":"not_sig"}},{"type":"Feature","geometry":{"type":"Point","coordinates":[77.16471,13.31081]},"properties":{"cell_id":78860,"case_count":1,"gi_zscore":-0.1187,"gi_pvalue":0.188,"significance":"not_sig"}},{"type":"Feature","geometry":{"type":"Point","coordinates":[77.54118,13.31081]},"properties":{"cell_id":78892,"case_count":3,"gi_zscore":-0.1207,"gi_pvalue":0.036,"significance":"cold_95"}},{"type":"Feature","geometry":{"type":"Point","coordinates":[77.58824,13.31081]},"properties":{"cell_id":78896,"case_count":1,"gi_zscore":-0.1247,"gi_pvalue":0.036,"significance":"cold_95"}},{"type":"Feature","geometry":{"type":"Point","coordinates":[74.77647,13.31982]},"properties":{"cell_id":79048,"case_count":1,"gi_zscore":-0.1187,"gi_pvalue":0.189,"significance":"not_sig"}},{"type":"Feature","geometry":{"type":"Point","coordinates":[74.8,13.31982]},"properties":{"cell_id":79050,"case_count":1,"gi_zscore":-0.1126,"gi_pvalue":0.479,"significance":"not_sig"}},{"type":"Feature","geometry":{"type":"Point","coordinates":[75.71765,13.31982]},"properties":{"cell_id":79128,"case_count":1,"gi_zscore":-0.1086,"gi_pvalue":0.467,"significance":"not_sig"}},{"type":"Feature","geometry":{"type":"Point","coordinates":[75.76471,13.31982]},"properties":{"cell_id":79132,"case_count":2,"gi_zscore":-0.0966,"gi_pvalue":0.285,"significance":"not_sig"}},{"type":"Feature","geometry":{"type":"Point","coordinates":[75.77647,13.31982]},"properties":{"cell_id":79133,"case_count":8,"gi_zscore":-0.0966,"gi_pvalue":0.464,"significance":"not_sig"}},{"type":"Feature","geometry":{"type":"Point","coordinates":[75.78824,13.31982]},"properties":{"cell_id":79134,"case_count":1,"gi_zscore":-0.0946,"gi_pvalue":0.27,"significance":"not_sig"}},{"type":"Feature","geometry":{"type":"Point","coordinates":[75.8,13.31982]},"properties":{"cell_id":79135,"case_count":1,"gi_zscore":-0.0946,"gi_pvalue":0.27,"significance":"not_sig"}},{"type":"Feature","geometry":{"type":"Point","coordinates":[76.83529,13.31982]},"properties":{"cell_id":79223,"case_count":1,"gi_zscore":-0.1247,"gi_pvalue":0.036,"significance":"cold_95"}},{"type":"Feature","geometry":{"type":"Point","coordinates":[76.89412,13.31982]},"properties":{"cell_id":79228,"case_count":1,"gi_zscore":-0.1247,"gi_pvalue":0.036,"significance":"cold_95"}},{"type":"Feature","geometry":{"type":"Point","coordinates":[76.90588,13.31982]},"properties":{"cell_id":79229,"case_count":1,"gi_zscore":-0.1247,"gi_pvalue":0.036,"significance":"cold_95"}},{"type":"Feature","geometry":{"type":"Point","coordinates":[77.08235,13.31982]},"properties":{"cell_id":79244,"case_count":1,"gi_zscore":-0.0845,"gi_pvalue":0.201,"significance":"not_sig"}},{"type":"Feature","geometry":{"type":"Point","coordinates":[77.09412,13.31982]},"properties":{"cell_id":79245,"case_count":4,"gi_zscore":-0.0845,"gi_pvalue":0.243,"significance":"not_sig"}},{"type":"Feature","geometry":{"type":"Point","coordinates":[77.10588,13.31982]},"properties":{"cell_id":79246,"case_count":6,"gi_zscore":-0.0885,"gi_pvalue":0.286,"significance":"not_sig"}},{"type":"Feature","geometry":{"type":"Point","coordinates":[77.11765,13.31982]},"properties":{"cell_id":79247,"case_count":1,"gi_zscore":-0.0966,"gi_pvalue":0.276,"significance":"not_sig"}},{"type":"Feature","geometry":{"type":"Point","coordinates":[77.14118,13.31982]},"properties":{"cell_id":79249,"case_count":3,"gi_zscore":-0.1106,"gi_pvalue":0.424,"significance":"not_sig"}},{"type":"Feature","geometry":{"type":"Point","coordinates":[77.23529,13.31982]},"properties":{"cell_id":79257,"case_count":1,"gi_zscore":-0.1207,"gi_pvalue":0.181,"significance":"not_sig"}},{"type":"Feature","geometry":{"type":"Point","coordinates":[77.61176,13.31982]},"properties":{"cell_id":79289,"case_count":1,"gi_zscore":-0.1227,"gi_pvalue":0.115,"significance":"not_sig"}},{"type":"Feature","geometry":{"type":"Point","coordinates":[77.87059,13.31982]},"properties":{"cell_id":79311,"case_count":1,"gi_zscore":-0.1167,"gi_pvalue":0.278,"significance":"not_sig"}},{"type":"Feature","geometry":{"type":"Point","coordinates":[77.96471,13.31982]},"properties":{"cell_id":79319,"case_count":1,"gi_zscore":-0.1167,"gi_pvalue":0.33,"significance":"not_sig"}},{"type":"Feature","geometry":{"type":"Point","coordinates":[74.75294,13.32883]},"properties":{"cell_id":79437,"case_count":2,"gi_zscore":-0.1167,"gi_pvalue":0.191,"significance":"not_sig"}},{"type":"Feature","geometry":{"type":"Point","coordinates":[74.76471,13.32883]},"properties":{"cell_id":79438,"case_count":1,"gi_zscore":-0.1167,"gi_pvalue":0.33,"significance":"not_sig"}},{"type":"Feature","geometry":{"type":"Point","coordinates":[75.76471,13.32883]},"properties":{"cell_id":79523,"case_count":1,"gi_zscore":-0.0966,"gi_pvalue":0.275,"significance":"not_sig"}},{"type":"Feature","geometry":{"type":"Point","coordinates":[75.77647,13.32883]},"properties":{"cell_id":79524,"case_count":5,"gi_zscore":-0.0966,"gi_pvalue":0.357,"significance":"not_sig"}},{"type":"Feature","geometry":{"type":"Point","coordinates":[75.8,13.32883]},"properties":{"cell_id":79526,"case_count":1,"gi_zscore":-0.0966,"gi_pvalue":0.276,"significance":"not_sig"}},{"type":"Feature","geometry":{"type":"Point","coordinates":[76.23529,13.32883]},"properties":{"cell_id":79563,"case_count":1,"gi_zscore":-0.1227,"gi_pvalue":0.114,"significance":"not_sig"}},{"type":"Feature","geometry":{"type":"Point","coordinates":[77.08235,13.32883]},"properties":{"cell_id":79635,"case_count":2,"gi_zscore":-0.0946,"gi_pvalue":0.283,"significance":"not_sig"}},{"type":"Feature","geometry":{"type":"Point","coordinates":[77.09412,13.32883]},"properties":{"cell_id":79636,"case_count":6,"gi_zscore":-0.0765,"gi_pvalue":0.208,"significance":"not_sig"}},{"type":"Feature","geometry":{"type":"Point","coordinates":[77.10588,13.32883]},"properties":{"cell_id":79637,"case_count":2,"gi_zscore":-0.0765,"gi_pvalue":0.184,"significance":"not_sig"}},{"type":"Feature","geometry":{"type":"Point","coordinates":[77.11765,13.32883]},"properties":{"cell_id":79638,"case_count":3,"gi_zscore":-0.0905,"gi_pvalue":0.271,"significance":"not_sig"}},{"type":"Feature","geometry":{"type":"Point","coordinates":[77.12941,13.32883]},"properties":{"cell_id":79639,"case_count":5,"gi_zscore":-0.1046,"gi_pvalue":0.481,"significance":"not_sig"}},{"type":"Feature","geometry":{"type":"Point","coordinates":[77.15294,13.32883]},"properties":{"cell_id":79641,"case_count":1,"gi_zscore":-0.1126,"gi_pvalue":0.481,"significance":"not_sig"}},{"type":"Feature","geometry":{"type":"Point","coordinates":[74.70588,13.33784]},"properties":{"cell_id":79824,"case_count":1,"gi_zscore":-0.1187,"gi_pvalue":0.192,"significance":"not_sig"}},{"type":"Feature","geometry":{"type":"Point","coordinates":[74.74118,13.33784]},"properties":{"cell_id":79827,"case_count":3,"gi_zscore":-0.1167,"gi_pvalue":0.184,"significance":"not_sig"}},{"type":"Feature","geometry":{"type":"Point","coordinates":[74.76471,13.33784]},"properties":{"cell_id":79829,"case_count":1,"gi_zscore":-0.1147,"gi_pvalue":0.425,"significance":"not_sig"}},{"type":"Feature","geometry":{"type":"Point","coordinates":[74.77647,13.33784]},"properties":{"cell_id":79830,"case_count":1,"gi_zscore":-0.1106,"gi_pvalue":0.461,"significance":"not_sig"}},{"type":"Feature","geometry":{"type":"Point","coordinates":[74.78824,13.33784]},"properties":{"cell_id":79831,"case_count":2,"gi_zscore":-0.1126,"gi_pvalue":0.426,"significance":"not_sig"}},{"type":"Feature","geometry":{"type":"Point","coordinates":[75.83529,13.33784]},"properties":{"cell_id":79920,"case_count":1,"gi_zscore":-0.0966,"gi_pvalue":0.276,"significance":"not_sig"}},{"type":"Feature","geometry":{"type":"Point","coordinates":[76.38824,13.33784]},"properties":{"cell_id":79967,"case_count":1,"gi_zscore":-0.1106,"gi_pvalue":0.461,"significance":"not_sig"}},{"type":"Feature","geometry":{"type":"Point","coordinates":[77.09412,13.33784]},"properties":{"cell_id":80027,"case_count":4,"gi_zscore":-0.0684,"gi_pvalue":0.167,"significance":"not_sig"}},{"type":"Feature","geometry":{"type":"Point","coordinates":[77.10588,13.33784]},"properties":{"cell_id":80028,"case_count":6,"gi_zscore":-0.0644,"gi_pvalue":0.167,"significance":"not_sig"}},{"type":"Feature","geometry":{"type":"Point","coordinates":[77.11765,13.33784]},"properties":{"cell_id":80029,"case_count":1,"gi_zscore":-0.0825,"gi_pvalue":0.192,"significance":"not_sig"}},{"type":"Feature","geometry":{"type":"Point","coordinates":[77.12941,13.33784]},"properties":{"cell_id":80030,"case_count":1,"gi_zscore":-0.0966,"gi_pvalue":0.276,"significance":"not_sig"}},{"type":"Feature","geometry":{"type":"Point","coordinates":[77.52941,13.33784]},"properties":{"cell_id":80064,"case_count":1,"gi_zscore":-0.1207,"gi_pvalue":0.114,"significance":"not_sig"}},{"type":"Feature","geometry":{"type":"Point","coordinates":[77.81176,13.33784]},"properties":{"cell_id":80088,"case_count":1,"gi_zscore":-0.1066,"gi_pvalue":0.416,"significance":"not_sig"}},{"type":"Feature","geometry":{"type":"Point","coordinates":[74.70588,13.34685]},"properties":{"cell_id":80215,"case_count":1,"gi_zscore":-0.1187,"gi_pvalue":0.192,"significance":"not_sig"}},{"type":"Feature","geometry":{"type":"Point","coordinates":[74.72941,13.34685]},"properties":{"cell_id":80217,"case_count":1,"gi_zscore":-0.1187,"gi_pvalue":0.192,"significance":"not_sig"}},{"type":"Feature","geometry":{"type":"Point","coordinates":[74.75294,13.34685]},"properties":{"cell_id":80219,"case_count":1,"gi_zscore":-0.1167,"gi_pvalue":0.329,"significance":"not_sig"}},{"type":"Feature","geometry":{"type":"Point","coordinates":[74.78824,13.34685]},"properties":{"cell_id":80222,"case_count":2,"gi_zscore":-0.1126,"gi_pvalue":0.425,"significance":"not_sig"}},{"type":"Feature","geometry":{"type":"Point","coordinates":[75.45882,13.34685]},"properties":{"cell_id":80279,"case_count":1,"gi_zscore":-0.1227,"gi_pvalue":0.114,"significance":"not_sig"}},{"type":"Feature","geometry":{"type":"Point","coordinates":[75.47059,13.34685]},"properties":{"cell_id":80280,"case_count":1,"gi_zscore":-0.1227,"gi_pvalue":0.114,"significance":"not_sig"}},{"type":"Feature","geometry":{"type":"Point","coordinates":[75.74118,13.34685]},"properties":{"cell_id":80303,"case_count":1,"gi_zscore":-0.0966,"gi_pvalue":0.276,"significance":"not_sig"}},{"type":"Feature","geometry":{"type":"Point","coordinates":[77.04706,13.34685]},"properties":{"cell_id":80414,"case_count":2,"gi_zscore":-0.1106,"gi_pvalue":0.426,"significance":"not_sig"}},{"type":"Feature","geometry":{"type":"Point","coordinates":[77.05882,13.34685]},"properties":{"cell_id":80415,"case_count":1,"gi_zscore":-0.1106,"gi_pvalue":0.481,"significance":"not_sig"}},{"type":"Feature","geometry":{"type":"Point","coordinates":[77.07059,13.34685]},"properties":{"cell_id":80416,"case_count":1,"gi_zscore":-0.1006,"gi_pvalue":0.33,"significance":"not_sig"}},{"type":"Feature","geometry":{"type":"Point","coordinates":[77.08235,13.34685]},"properties":{"cell_id":80417,"case_count":2,"gi_zscore":-0.0865,"gi_pvalue":0.216,"significance":"not_sig"}},{"type":"Feature","geometry":{"type":"Point","coordinates":[77.09412,13.34685]},"properties":{"cell_id":80418,"case_count":2,"gi_zscore":-0.0745,"gi_pvalue":0.178,"significance":"not_sig"}},{"type":"Feature","geometry":{"type":"Point","coordinates":[77.10588,13.34685]},"properties":{"cell_id":80419,"case_count":9,"gi_zscore":-0.0745,"gi_pvalue":0.24,"significance":"not_sig"}},{"type":"Feature","geometry":{"type":"Point","coordinates":[77.12941,13.34685]},"properties":{"cell_id":80421,"case_count":2,"gi_zscore":-0.0845,"gi_pvalue":0.208,"significance":"not_sig"}},{"type":"Feature","geometry":{"type":"Point","coordinates":[77.14118,13.34685]},"properties":{"cell_id":80422,"case_count":1,"gi_zscore":-0.1106,"gi_pvalue":0.458,"significance":"not_sig"}},{"type":"Feature","geometry":{"type":"Point","coordinates":[77.16471,13.34685]},"properties":{"cell_id":80424,"case_count":1,"gi_zscore":-0.1187,"gi_pvalue":0.193,"significance":"not_sig"}},{"type":"Feature","geometry":{"type":"Point","coordinates":[77.56471,13.34685]},"properties":{"cell_id":80458,"case_count":1,"gi_zscore":-0.1207,"gi_pvalue":0.114,"significance":"not_sig"}},{"type":"Feature","geometry":{"type":"Point","coordinates":[77.64706,13.34685]},"properties":{"cell_id":80465,"case_count":1,"gi_zscore":-0.1227,"gi_pvalue":0.114,"significance":"not_sig"}},{"type":"Feature","geometry":{"type":"Point","coordinates":[77.88235,13.34685]},"properties":{"cell_id":80485,"case_count":2,"gi_zscore":-0.0966,"gi_pvalue":0.283,"significance":"not_sig"}},{"type":"Feature","geometry":{"type":"Point","coordinates":[74.78824,13.35586]},"properties":{"cell_id":80613,"case_count":5,"gi_zscore":-0.1126,"gi_pvalue":0.115,"significance":"not_sig"}},{"type":"Feature","geometry":{"type":"Point","coordinates":[74.85882,13.35586]},"properties":{"cell_id":80619,"case_count":1,"gi_zscore":-0.1126,"gi_pvalue":0.485,"significance":"not_sig"}},{"type":"Feature","geometry":{"type":"Point","coordinates":[74.87059,13.35586]},"properties":{"cell_id":80620,"case_count":1,"gi_zscore":-0.1126,"gi_pvalue":0.485,"significance":"not_sig"}},{"type":"Feature","geometry":{"type":"Point","coordinates":[75.76471,13.35586]},"properties":{"cell_id":80696,"case_count":1,"gi_zscore":-0.1006,"gi_pvalue":0.325,"significance":"not_sig"}},{"type":"Feature","geometry":{"type":"Point","coordinates":[76.82353,13.35586]},"properties":{"cell_id":80786,"case_count":1,"gi_zscore":-0.1247,"gi_pvalue":0.036,"significance":"cold_95"}},{"type":"Feature","geometry":{"type":"Point","coordinates":[77.03529,13.35586]},"properties":{"cell_id":80804,"case_count":1,"gi_zscore":-0.1167,"gi_pvalue":0.333,"significance":"not_sig"}},{"type":"Feature","geometry":{"type":"Point","coordinates":[77.15294,13.35586]},"properties":{"cell_id":80814,"case_count":1,"gi_zscore":-0.1106,"gi_pvalue":0.458,"significance":"not_sig"}},{"type":"Feature","geometry":{"type":"Point","coordinates":[77.32941,13.35586]},"properties":{"cell_id":80829,"case_count":1,"gi_zscore":-0.1247,"gi_pvalue":0.036,"significance":"cold_95"}},{"type":"Feature","geometry":{"type":"Point","coordinates":[77.36471,13.35586]},"properties":{"cell_id":80832,"case_count":1,"gi_zscore":-0.1207,"gi_pvalue":0.184,"significance":"not_sig"}},{"type":"Feature","geometry":{"type":"Point","coordinates":[77.65882,13.35586]},"properties":{"cell_id":80857,"case_count":1,"gi_zscore":-0.1247,"gi_pvalue":0.036,"significance":"cold_95"}},{"type":"Feature","geometry":{"type":"Point","coordinates":[78.03529,13.35586]},"properties":{"cell_id":80889,"case_count":1,"gi_zscore":-0.1207,"gi_pvalue":0.115,"significance":"not_sig"}},{"type":"Feature","geometry":{"type":"Point","coordinates":[74.70588,13.36486]},"properties":{"cell_id":80997,"case_count":1,"gi_zscore":-0.1207,"gi_pvalue":0.184,"significance":"not_sig"}},{"type":"Feature","geometry":{"type":"Point","coordinates":[74.78824,13.36486]},"properties":{"cell_id":81004,"case_count":1,"gi_zscore":-0.1126,"gi_pvalue":0.462,"significance":"not_sig"}},{"type":"Feature","geometry":{"type":"Point","coordinates":[75.01176,13.36486]},"properties":{"cell_id":81023,"case_count":1,"gi_zscore":-0.1247,"gi_pvalue":0.036,"significance":"cold_95"}},{"type":"Feature","geometry":{"type":"Point","coordinates":[77.09412,13.36486]},"properties":{"cell_id":81200,"case_count":1,"gi_zscore":-0.0845,"gi_pvalue":0.201,"significance":"not_sig"}},{"type":"Feature","geometry":{"type":"Point","coordinates":[77.30588,13.36486]},"properties":{"cell_id":81218,"case_count":1,"gi_zscore":-0.1227,"gi_pvalue":0.115,"significance":"not_sig"}},{"type":"Feature","geometry":{"type":"Point","coordinates":[77.72941,13.36486]},"properties":{"cell_id":81254,"case_count":1,"gi_zscore":-0.1147,"gi_pvalue":0.425,"significance":"not_sig"}},{"type":"Feature","geometry":{"type":"Point","coordinates":[74.71765,13.37387]},"properties":{"cell_id":81389,"case_count":1,"gi_zscore":-0.1207,"gi_pvalue":0.184,"significance":"not_sig"}},{"type":"Feature","geometry":{"type":"Point","coordinates":[74.72941,13.37387]},"properties":{"cell_id":81390,"case_count":1,"gi_zscore":-0.1207,"gi_pvalue":0.184,"significance":"not_sig"}},{"type":"Feature","geometry":{"type":"Point","coordinates":[75.4,13.37387]},"properties":{"cell_id":81447,"case_count":1,"gi_zscore":-0.1187,"gi_pvalue":0.194,"significance":"not_sig"}},{"type":"Feature","geometry":{"type":"Point","coordinates":[77.10588,13.37387]},"properties":{"cell_id":81592,"case_count":2,"gi_zscore":-0.0986,"gi_pvalue":0.301,"significance":"not_sig"}},{"type":"Feature","geometry":{"type":"Point","coordinates":[77.85882,13.37387]},"properties":{"cell_id":81656,"case_count":1,"gi_zscore":-0.0966,"gi_pvalue":0.274,"significance":"not_sig"}},{"type":"Feature","geometry":{"type":"Point","coordinates":[77.09412,13.38288]},"properties":{"cell_id":81982,"case_count":2,"gi_zscore":-0.0986,"gi_pvalue":0.325,"significance":"not_sig"}},{"type":"Feature","geometry":{"type":"Point","coordinates":[77.10588,13.38288]},"properties":{"cell_id":81983,"case_count":1,"gi_zscore":-0.0986,"gi_pvalue":0.281,"significance":"not_sig"}},{"type":"Feature","geometry":{"type":"Point","coordinates":[77.11765,13.38288]},"properties":{"cell_id":81984,"case_count":1,"gi_zscore":-0.1006,"gi_pvalue":0.301,"significance":"not_sig"}},{"type":"Feature","geometry":{"type":"Point","coordinates":[77.41176,13.38288]},"properties":{"cell_id":82009,"case_count":1,"gi_zscore":-0.1207,"gi_pvalue":0.188,"significance":"not_sig"}},{"type":"Feature","geometry":{"type":"Point","coordinates":[77.85882,13.38288]},"properties":{"cell_id":82047,"case_count":2,"gi_zscore":-0.0966,"gi_pvalue":0.283,"significance":"not_sig"}},{"type":"Feature","geometry":{"type":"Point","coordinates":[74.72941,13.39189]},"properties":{"cell_id":82172,"case_count":1,"gi_zscore":-0.1227,"gi_pvalue":0.115,"significance":"not_sig"}},{"type":"Feature","geometry":{"type":"Point","coordinates":[77.11765,13.39189]},"properties":{"cell_id":82375,"case_count":2,"gi_zscore":-0.1006,"gi_pvalue":0.33,"significance":"not_sig"}},{"type":"Feature","geometry":{"type":"Point","coordinates":[77.2,13.39189]},"properties":{"cell_id":82382,"case_count":1,"gi_zscore":-0.1227,"gi_pvalue":0.115,"significance":"not_sig"}},{"type":"Feature","geometry":{"type":"Point","coordinates":[77.74118,13.39189]},"properties":{"cell_id":82428,"case_count":1,"gi_zscore":-0.1147,"gi_pvalue":0.425,"significance":"not_sig"}},{"type":"Feature","geometry":{"type":"Point","coordinates":[77.85882,13.39189]},"properties":{"cell_id":82438,"case_count":8,"gi_zscore":-0.0966,"gi_pvalue":0.454,"significance":"not_sig"}},{"type":"Feature","geometry":{"type":"Point","coordinates":[77.87059,13.39189]},"properties":{"cell_id":82439,"case_count":3,"gi_zscore":-0.0966,"gi_pvalue":0.324,"significance":"not_sig"}},{"type":"Feature","geometry":{"type":"Point","coordinates":[77.92941,13.39189]},"properties":{"cell_id":82444,"case_count":1,"gi_zscore":-0.0966,"gi_pvalue":0.275,"significance":"not_sig"}},{"type":"Feature","geometry":{"type":"Point","coordinates":[78.04706,13.39189]},"properties":{"cell_id":82454,"case_count":2,"gi_zscore":-0.1207,"gi_pvalue":0.036,"significance":"cold_95"}},{"type":"Feature","geometry":{"type":"Point","coordinates":[77.85882,13.4009]},"properties":{"cell_id":82829,"case_count":2,"gi_zscore":-0.0966,"gi_pvalue":0.285,"significance":"not_sig"}},{"type":"Feature","geometry":{"type":"Point","coordinates":[77.87059,13.4009]},"properties":{"cell_id":82830,"case_count":3,"gi_zscore":-0.0966,"gi_pvalue":0.324,"significance":"not_sig"}},{"type":"Feature","geometry":{"type":"Point","coordinates":[78.04706,13.4009]},"properties":{"cell_id":82845,"case_count":1,"gi_zscore":-0.1207,"gi_pvalue":0.116,"significance":"not_sig"}},{"type":"Feature","geometry":{"type":"Point","coordinates":[78.05882,13.4009]},"properties":{"cell_id":82846,"case_count":1,"gi_zscore":-0.1207,"gi_pvalue":0.116,"significance":"not_sig"}},{"type":"Feature","geometry":{"type":"Point","coordinates":[77.4,13.40991]},"properties":{"cell_id":83181,"case_count":1,"gi_zscore":-0.1207,"gi_pvalue":0.116,"significance":"not_sig"}},{"type":"Feature","geometry":{"type":"Point","coordinates":[77.51765,13.40991]},"properties":{"cell_id":83191,"case_count":1,"gi_zscore":-0.1187,"gi_pvalue":0.189,"significance":"not_sig"}},{"type":"Feature","geometry":{"type":"Point","coordinates":[77.69412,13.40991]},"properties":{"cell_id":83206,"case_count":1,"gi_zscore":-0.1147,"gi_pvalue":0.423,"significance":"not_sig"}},{"type":"Feature","geometry":{"type":"Point","coordinates":[77.72941,13.40991]},"properties":{"cell_id":83209,"case_count":1,"gi_zscore":-0.1147,"gi_pvalue":0.423,"significance":"not_sig"}},{"type":"Feature","geometry":{"type":"Point","coordinates":[77.85882,13.40991]},"properties":{"cell_id":83220,"case_count":1,"gi_zscore":-0.0966,"gi_pvalue":0.275,"significance":"not_sig"}},{"type":"Feature","geometry":{"type":"Point","coordinates":[78.05882,13.40991]},"properties":{"cell_id":83237,"case_count":1,"gi_zscore":-0.1207,"gi_pvalue":0.116,"significance":"not_sig"}},{"type":"Feature","geometry":{"type":"Point","coordinates":[74.83529,13.41892]},"properties":{"cell_id":83354,"case_count":1,"gi_zscore":-0.1106,"gi_pvalue":0.457,"significance":"not_sig"}},{"type":"Feature","geometry":{"type":"Point","coordinates":[75.25882,13.41892]},"properties":{"cell_id":83390,"case_count":1,"gi_zscore":-0.1187,"gi_pvalue":0.2,"significance":"not_sig"}},{"type":"Feature","geometry":{"type":"Point","coordinates":[76.62353,13.41892]},"properties":{"cell_id":83506,"case_count":1,"gi_zscore":-0.1247,"gi_pvalue":0.035,"significance":"cold_95"}},{"type":"Feature","geometry":{"type":"Point","coordinates":[77.38824,13.41892]},"properties":{"cell_id":83571,"case_count":1,"gi_zscore":-0.1187,"gi_pvalue":0.2,"significance":"not_sig"}},{"type":"Feature","geometry":{"type":"Point","coordinates":[77.54118,13.41892]},"properties":{"cell_id":83584,"case_count":1,"gi_zscore":-0.1187,"gi_pvalue":0.189,"significance":"not_sig"}},{"type":"Feature","geometry":{"type":"Point","coordinates":[77.61176,13.41892]},"properties":{"cell_id":83590,"case_count":1,"gi_zscore":-0.1227,"gi_pvalue":0.116,"significance":"not_sig"}},{"type":"Feature","geometry":{"type":"Point","coordinates":[77.65882,13.41892]},"properties":{"cell_id":83594,"case_count":1,"gi_zscore":-0.1147,"gi_pvalue":0.423,"significance":"not_sig"}},{"type":"Feature","geometry":{"type":"Point","coordinates":[77.84706,13.41892]},"properties":{"cell_id":83610,"case_count":1,"gi_zscore":-0.0966,"gi_pvalue":0.275,"significance":"not_sig"}},{"type":"Feature","geometry":{"type":"Point","coordinates":[74.74118,13.42793]},"properties":{"cell_id":83737,"case_count":2,"gi_zscore":-0.1227,"gi_pvalue":0.036,"significance":"cold_95"}},{"type":"Feature","geometry":{"type":"Point","coordinates":[77.08235,13.42793]},"properties":{"cell_id":83936,"case_count":1,"gi_zscore":-0.1187,"gi_pvalue":0.2,"significance":"not_sig"}},{"type":"Feature","geometry":{"type":"Point","coordinates":[77.51765,13.42793]},"properties":{"cell_id":83973,"case_count":2,"gi_zscore":-0.1187,"gi_pvalue":0.116,"significance":"not_sig"}},{"type":"Feature","geometry":{"type":"Point","coordinates":[77.74118,13.42793]},"properties":{"cell_id":83992,"case_count":1,"gi_zscore":-0.1147,"gi_pvalue":0.422,"significance":"not_sig"}},{"type":"Feature","geometry":{"type":"Point","coordinates":[74.74118,13.43694]},"properties":{"cell_id":84128,"case_count":1,"gi_zscore":-0.1227,"gi_pvalue":0.116,"significance":"not_sig"}},{"type":"Feature","geometry":{"type":"Point","coordinates":[75.91765,13.43694]},"properties":{"cell_id":84228,"case_count":1,"gi_zscore":-0.1207,"gi_pvalue":0.116,"significance":"not_sig"}},{"type":"Feature","geometry":{"type":"Point","coordinates":[76.12941,13.43694]},"properties":{"cell_id":84246,"case_count":1,"gi_zscore":-0.1247,"gi_pvalue":0.036,"significance":"cold_95"}},{"type":"Feature","geometry":{"type":"Point","coordinates":[76.90588,13.43694]},"properties":{"cell_id":84312,"case_count":1,"gi_zscore":-0.1247,"gi_pvalue":0.036,"significance":"cold_95"}},{"type":"Feature","geometry":{"type":"Point","coordinates":[77.07059,13.43694]},"properties":{"cell_id":84326,"case_count":1,"gi_zscore":-0.1207,"gi_pvalue":0.116,"significance":"not_sig"}},{"type":"Feature","geometry":{"type":"Point","coordinates":[77.47059,13.43694]},"properties":{"cell_id":84360,"case_count":1,"gi_zscore":-0.1187,"gi_pvalue":0.189,"significance":"not_sig"}},{"type":"Feature","geometry":{"type":"Point","coordinates":[77.57647,13.43694]},"properties":{"cell_id":84369,"case_count":1,"gi_zscore":-0.1187,"gi_pvalue":0.189,"significance":"not_sig"}},{"type":"Feature","geometry":{"type":"Point","coordinates":[77.71765,13.43694]},"properties":{"cell_id":84381,"case_count":1,"gi_zscore":-0.1147,"gi_pvalue":0.422,"significance":"not_sig"}},{"type":"Feature","geometry":{"type":"Point","coordinates":[77.72941,13.43694]},"properties":{"cell_id":84382,"case_count":6,"gi_zscore":-0.1147,"gi_pvalue":0.036,"significance":"cold_95"}},{"type":"Feature","geometry":{"type":"Point","coordinates":[76.90588,13.44595]},"properties":{"cell_id":84703,"case_count":1,"gi_zscore":-0.1247,"gi_pvalue":0.036,"significance":"cold_95"}},{"type":"Feature","geometry":{"type":"Point","coordinates":[77.50588,13.44595]},"properties":{"cell_id":84754,"case_count":3,"gi_zscore":-0.1187,"gi_pvalue":0.036,"significance":"cold_95"}},{"type":"Feature","geometry":{"type":"Point","coordinates":[74.98824,13.45495]},"properties":{"cell_id":84931,"case_count":1,"gi_zscore":-0.1247,"gi_pvalue":0.036,"significance":"cold_95"}},{"type":"Feature","geometry":{"type":"Point","coordinates":[74.75294,13.46396]},"properties":{"cell_id":85302,"case_count":1,"gi_zscore":-0.1227,"gi_pvalue":0.117,"significance":"not_sig"}},{"type":"Feature","geometry":{"type":"Point","coordinates":[76.11765,13.46396]},"properties":{"cell_id":85418,"case_count":1,"gi_zscore":-0.1207,"gi_pvalue":0.117,"significance":"not_sig"}},{"type":"Feature","geometry":{"type":"Point","coordinates":[77.18824,13.46396]},"properties":{"cell_id":85509,"case_count":1,"gi_zscore":-0.1187,"gi_pvalue":0.202,"significance":"not_sig"}},{"type":"Feature","geometry":{"type":"Point","coordinates":[77.29412,13.47297]},"properties":{"cell_id":85909,"case_count":2,"gi_zscore":-0.1207,"gi_pvalue":0.036,"significance":"cold_95"}},{"type":"Feature","geometry":{"type":"Point","coordinates":[76.12941,13.48198]},"properties":{"cell_id":86201,"case_count":1,"gi_zscore":-0.1207,"gi_pvalue":0.118,"significance":"not_sig"}},{"type":"Feature","geometry":{"type":"Point","coordinates":[77.03529,13.48198]},"properties":{"cell_id":86278,"case_count":1,"gi_zscore":-0.1207,"gi_pvalue":0.19,"significance":"not_sig"}},{"type":"Feature","geometry":{"type":"Point","coordinates":[74.71765,13.49099]},"properties":{"cell_id":86472,"case_count":1,"gi_zscore":-0.1207,"gi_pvalue":0.118,"significance":"not_sig"}},{"type":"Feature","geometry":{"type":"Point","coordinates":[75.84706,13.49099]},"properties":{"cell_id":86568,"case_count":1,"gi_zscore":-0.1207,"gi_pvalue":0.118,"significance":"not_sig"}},{"type":"Feature","geometry":{"type":"Point","coordinates":[77.04706,13.49099]},"properties":{"cell_id":86670,"case_count":1,"gi_zscore":-0.1207,"gi_pvalue":0.19,"significance":"not_sig"}},{"type":"Feature","geometry":{"type":"Point","coordinates":[77.08235,13.49099]},"properties":{"cell_id":86673,"case_count":1,"gi_zscore":-0.1207,"gi_pvalue":0.19,"significance":"not_sig"}},{"type":"Feature","geometry":{"type":"Point","coordinates":[75.2,13.5]},"properties":{"cell_id":86904,"case_count":1,"gi_zscore":-0.1187,"gi_pvalue":0.202,"significance":"not_sig"}},{"type":"Feature","geometry":{"type":"Point","coordinates":[75.41176,13.5]},"properties":{"cell_id":86922,"case_count":2,"gi_zscore":-0.1167,"gi_pvalue":0.202,"significance":"not_sig"}},{"type":"Feature","geometry":{"type":"Point","coordinates":[77.51765,13.5]},"properties":{"cell_id":87101,"case_count":1,"gi_zscore":-0.1187,"gi_pvalue":0.202,"significance":"not_sig"}},{"type":"Feature","geometry":{"type":"Point","coordinates":[74.70588,13.50901]},"properties":{"cell_id":87253,"case_count":1,"gi_zscore":-0.1207,"gi_pvalue":0.118,"significance":"not_sig"}},{"type":"Feature","geometry":{"type":"Point","coordinates":[74.77647,13.50901]},"properties":{"cell_id":87259,"case_count":1,"gi_zscore":-0.1207,"gi_pvalue":0.118,"significance":"not_sig"}},{"type":"Feature","geometry":{"type":"Point","coordinates":[77.23529,13.50901]},"properties":{"cell_id":87468,"case_count":2,"gi_zscore":-0.1207,"gi_pvalue":0.118,"significance":"not_sig"}},{"type":"Feature","geometry":{"type":"Point","coordinates":[76.17647,13.51802]},"properties":{"cell_id":87769,"case_count":1,"gi_zscore":-0.1247,"gi_pvalue":0.037,"significance":"cold_95"}},{"type":"Feature","geometry":{"type":"Point","coordinates":[77.23529,13.51802]},"properties":{"cell_id":87859,"case_count":1,"gi_zscore":-0.1207,"gi_pvalue":0.19,"significance":"not_sig"}},{"type":"Feature","geometry":{"type":"Point","coordinates":[77.61176,13.51802]},"properties":{"cell_id":87891,"case_count":1,"gi_zscore":-0.1247,"gi_pvalue":0.037,"significance":"cold_95"}},{"type":"Feature","geometry":{"type":"Point","coordinates":[74.91765,13.52703]},"properties":{"cell_id":88053,"case_count":1,"gi_zscore":-0.1247,"gi_pvalue":0.037,"significance":"cold_95"}},{"type":"Feature","geometry":{"type":"Point","coordinates":[77.23529,13.52703]},"properties":{"cell_id":88250,"case_count":1,"gi_zscore":-0.1207,"gi_pvalue":0.19,"significance":"not_sig"}},{"type":"Feature","geometry":{"type":"Point","coordinates":[77.24706,13.52703]},"properties":{"cell_id":88251,"case_count":1,"gi_zscore":-0.1207,"gi_pvalue":0.19,"significance":"not_sig"}},{"type":"Feature","geometry":{"type":"Point","coordinates":[75.36471,13.53604]},"properties":{"cell_id":88482,"case_count":1,"gi_zscore":-0.1187,"gi_pvalue":0.203,"significance":"not_sig"}},{"type":"Feature","geometry":{"type":"Point","coordinates":[77.27059,13.53604]},"properties":{"cell_id":88644,"case_count":1,"gi_zscore":-0.1207,"gi_pvalue":0.19,"significance":"not_sig"}},{"type":"Feature","geometry":{"type":"Point","coordinates":[74.97647,13.54505]},"properties":{"cell_id":88840,"case_count":1,"gi_zscore":-0.1247,"gi_pvalue":0.037,"significance":"cold_95"}},{"type":"Feature","geometry":{"type":"Point","coordinates":[76.01176,13.54505]},"properties":{"cell_id":88928,"case_count":1,"gi_zscore":-0.1207,"gi_pvalue":0.118,"significance":"not_sig"}},{"type":"Feature","geometry":{"type":"Point","coordinates":[76.07059,13.54505]},"properties":{"cell_id":88933,"case_count":1,"gi_zscore":-0.1207,"gi_pvalue":0.118,"significance":"not_sig"}},{"type":"Feature","geometry":{"type":"Point","coordinates":[76.22353,13.54505]},"properties":{"cell_id":88946,"case_count":1,"gi_zscore":-0.1247,"gi_pvalue":0.037,"significance":"cold_95"}},{"type":"Feature","geometry":{"type":"Point","coordinates":[76.98824,13.54505]},"properties":{"cell_id":89011,"case_count":1,"gi_zscore":-0.1247,"gi_pvalue":0.037,"significance":"cold_95"}},{"type":"Feature","geometry":{"type":"Point","coordinates":[75.12941,13.55405]},"properties":{"cell_id":89244,"case_count":1,"gi_zscore":-0.1207,"gi_pvalue":0.118,"significance":"not_sig"}},{"type":"Feature","geometry":{"type":"Point","coordinates":[75.32941,13.55405]},"properties":{"cell_id":89261,"case_count":2,"gi_zscore":-0.1187,"gi_pvalue":0.118,"significance":"not_sig"}},{"type":"Feature","geometry":{"type":"Point","coordinates":[76.01176,13.55405]},"properties":{"cell_id":89319,"case_count":3,"gi_zscore":-0.1207,"gi_pvalue":0.037,"significance":"cold_95"}},{"type":"Feature","geometry":{"type":"Point","coordinates":[75.32941,13.56306]},"properties":{"cell_id":89652,"case_count":2,"gi_zscore":-0.1187,"gi_pvalue":0.118,"significance":"not_sig"}},{"type":"Feature","geometry":{"type":"Point","coordinates":[77.65882,13.56306]},"properties":{"cell_id":89850,"case_count":1,"gi_zscore":-0.1247,"gi_pvalue":0.037,"significance":"cold_95"}},{"type":"Feature","geometry":{"type":"Point","coordinates":[74.70588,13.57207]},"properties":{"cell_id":89990,"case_count":2,"gi_zscore":-0.1207,"gi_pvalue":0.037,"significance":"cold_95"}},{"type":"Feature","geometry":{"type":"Point","coordinates":[75.89412,13.57207]},"properties":{"cell_id":90091,"case_count":1,"gi_zscore":-0.1187,"gi_pvalue":0.203,"significance":"not_sig"}},{"type":"Feature","geometry":{"type":"Point","coordinates":[76.4,13.57207]},"properties":{"cell_id":90134,"case_count":1,"gi_zscore":-0.1207,"gi_pvalue":0.116,"significance":"not_sig"}},{"type":"Feature","geometry":{"type":"Point","coordinates":[77.72941,13.57207]},"properties":{"cell_id":90247,"case_count":1,"gi_zscore":-0.1147,"gi_pvalue":0.423,"significance":"not_sig"}},{"type":"Feature","geometry":{"type":"Point","coordinates":[76.37647,13.58108]},"properties":{"cell_id":90523,"case_count":1,"gi_zscore":-0.1207,"gi_pvalue":0.116,"significance":"not_sig"}},{"type":"Feature","geometry":{"type":"Point","coordinates":[76.52941,13.58108]},"properties":{"cell_id":90536,"case_count":1,"gi_zscore":-0.1207,"gi_pvalue":0.116,"significance":"not_sig"}},{"type":"Feature","geometry":{"type":"Point","coordinates":[77.32941,13.58108]},"properties":{"cell_id":90604,"case_count":1,"gi_zscore":-0.1207,"gi_pvalue":0.19,"significance":"not_sig"}},{"type":"Feature","geometry":{"type":"Point","coordinates":[78.14118,13.58108]},"properties":{"cell_id":90673,"case_count":1,"gi_zscore":-0.1227,"gi_pvalue":0.116,"significance":"not_sig"}},{"type":"Feature","geometry":{"type":"Point","coordinates":[74.69412,13.59009]},"properties":{"cell_id":90771,"case_count":1,"gi_zscore":-0.1207,"gi_pvalue":0.116,"significance":"not_sig"}},{"type":"Feature","geometry":{"type":"Point","coordinates":[75.48235,13.59009]},"properties":{"cell_id":90838,"case_count":1,"gi_zscore":-0.1167,"gi_pvalue":0.337,"significance":"not_sig"}},{"type":"Feature","geometry":{"type":"Point","coordinates":[76.47059,13.59009]},"properties":{"cell_id":90922,"case_count":1,"gi_zscore":-0.1207,"gi_pvalue":0.116,"significance":"not_sig"}},{"type":"Feature","geometry":{"type":"Point","coordinates":[76.50588,13.59009]},"properties":{"cell_id":90925,"case_count":2,"gi_zscore":-0.1207,"gi_pvalue":0.037,"significance":"cold_95"}},{"type":"Feature","geometry":{"type":"Point","coordinates":[76.54118,13.59009]},"properties":{"cell_id":90928,"case_count":1,"gi_zscore":-0.1207,"gi_pvalue":0.115,"significance":"not_sig"}},{"type":"Feature","geometry":{"type":"Point","coordinates":[77.50588,13.59009]},"properties":{"cell_id":91010,"case_count":1,"gi_zscore":-0.1207,"gi_pvalue":0.189,"significance":"not_sig"}},{"type":"Feature","geometry":{"type":"Point","coordinates":[77.78824,13.59009]},"properties":{"cell_id":91034,"case_count":1,"gi_zscore":-0.1247,"gi_pvalue":0.037,"significance":"cold_95"}},{"type":"Feature","geometry":{"type":"Point","coordinates":[74.81176,13.5991]},"properties":{"cell_id":91172,"case_count":1,"gi_zscore":-0.1187,"gi_pvalue":0.202,"significance":"not_sig"}},{"type":"Feature","geometry":{"type":"Point","coordinates":[77.32941,13.5991]},"properties":{"cell_id":91386,"case_count":1,"gi_zscore":-0.1247,"gi_pvalue":0.037,"significance":"cold_95"}},{"type":"Feature","geometry":{"type":"Point","coordinates":[77.52941,13.5991]},"properties":{"cell_id":91403,"case_count":1,"gi_zscore":-0.1207,"gi_pvalue":0.189,"significance":"not_sig"}},{"type":"Feature","geometry":{"type":"Point","coordinates":[74.67059,13.60811]},"properties":{"cell_id":91551,"case_count":1,"gi_zscore":-0.1207,"gi_pvalue":0.115,"significance":"not_sig"}},{"type":"Feature","geometry":{"type":"Point","coordinates":[74.76471,13.60811]},"properties":{"cell_id":91559,"case_count":1,"gi_zscore":-0.1187,"gi_pvalue":0.202,"significance":"not_sig"}},{"type":"Feature","geometry":{"type":"Point","coordinates":[75.50588,13.60811]},"properties":{"cell_id":91622,"case_count":1,"gi_zscore":-0.1187,"gi_pvalue":0.202,"significance":"not_sig"}},{"type":"Feature","geometry":{"type":"Point","coordinates":[75.51765,13.60811]},"properties":{"cell_id":91623,"case_count":2,"gi_zscore":-0.1207,"gi_pvalue":0.037,"significance":"cold_95"}},{"type":"Feature","geometry":{"type":"Point","coordinates":[76.50588,13.60811]},"properties":{"cell_id":91707,"case_count":1,"gi_zscore":-0.1207,"gi_pvalue":0.115,"significance":"not_sig"}},{"type":"Feature","geometry":{"type":"Point","coordinates":[76.54118,13.60811]},"properties":{"cell_id":91710,"case_count":1,"gi_zscore":-0.1207,"gi_pvalue":0.115,"significance":"not_sig"}},{"type":"Feature","geometry":{"type":"Point","coordinates":[74.67059,13.61712]},"properties":{"cell_id":91942,"case_count":1,"gi_zscore":-0.1167,"gi_pvalue":0.283,"significance":"not_sig"}},{"type":"Feature","geometry":{"type":"Point","coordinates":[75.15294,13.61712]},"properties":{"cell_id":91983,"case_count":1,"gi_zscore":-0.1207,"gi_pvalue":0.115,"significance":"not_sig"}},{"type":"Feature","geometry":{"type":"Point","coordinates":[76.15294,13.61712]},"properties":{"cell_id":92068,"case_count":1,"gi_zscore":-0.1207,"gi_pvalue":0.115,"significance":"not_sig"}},{"type":"Feature","geometry":{"type":"Point","coordinates":[76.42353,13.61712]},"properties":{"cell_id":92091,"case_count":2,"gi_zscore":-0.1207,"gi_pvalue":0.037,"significance":"cold_95"}},{"type":"Feature","geometry":{"type":"Point","coordinates":[77.51765,13.61712]},"properties":{"cell_id":92184,"case_count":1,"gi_zscore":-0.1247,"gi_pvalue":0.037,"significance":"cold_95"}},{"type":"Feature","geometry":{"type":"Point","coordinates":[77.78824,13.61712]},"properties":{"cell_id":92207,"case_count":1,"gi_zscore":-0.1247,"gi_pvalue":0.037,"significance":"cold_95"}},{"type":"Feature","geometry":{"type":"Point","coordinates":[74.69412,13.62613]},"properties":{"cell_id":92335,"case_count":1,"gi_zscore":-0.1207,"gi_pvalue":0.114,"significance":"not_sig"}},{"type":"Feature","geometry":{"type":"Point","coordinates":[77.21176,13.62613]},"properties":{"cell_id":92549,"case_count":1,"gi_zscore":-0.1207,"gi_pvalue":0.114,"significance":"not_sig"}},{"type":"Feature","geometry":{"type":"Point","coordinates":[74.69412,13.63514]},"properties":{"cell_id":92726,"case_count":2,"gi_zscore":-0.1207,"gi_pvalue":0.037,"significance":"cold_95"}},{"type":"Feature","geometry":{"type":"Point","coordinates":[74.74118,13.63514]},"properties":{"cell_id":92730,"case_count":1,"gi_zscore":-0.1187,"gi_pvalue":0.204,"significance":"not_sig"}},{"type":"Feature","geometry":{"type":"Point","coordinates":[74.76471,13.63514]},"properties":{"cell_id":92732,"case_count":2,"gi_zscore":-0.1187,"gi_pvalue":0.115,"significance":"not_sig"}},{"type":"Feature","geometry":{"type":"Point","coordinates":[74.77647,13.63514]},"properties":{"cell_id":92733,"case_count":1,"gi_zscore":-0.1187,"gi_pvalue":0.203,"significance":"not_sig"}},{"type":"Feature","geometry":{"type":"Point","coordinates":[75.94118,13.63514]},"properties":{"cell_id":92832,"case_count":1,"gi_zscore":-0.1187,"gi_pvalue":0.203,"significance":"not_sig"}},{"type":"Feature","geometry":{"type":"Point","coordinates":[76.08235,13.63514]},"properties":{"cell_id":92844,"case_count":1,"gi_zscore":-0.1207,"gi_pvalue":0.189,"significance":"not_sig"}},{"type":"Feature","geometry":{"type":"Point","coordinates":[76.74118,13.63514]},"properties":{"cell_id":92900,"case_count":1,"gi_zscore":-0.1227,"gi_pvalue":0.115,"significance":"not_sig"}},{"type":"Feature","geometry":{"type":"Point","coordinates":[74.67059,13.64414]},"properties":{"cell_id":93115,"case_count":1,"gi_zscore":-0.1187,"gi_pvalue":0.203,"significance":"not_sig"}},{"type":"Feature","geometry":{"type":"Point","coordinates":[76.91765,13.64414]},"properties":{"cell_id":93306,"case_count":1,"gi_zscore":-0.1227,"gi_pvalue":0.115,"significance":"not_sig"}},{"type":"Feature","geometry":{"type":"Point","coordinates":[77.30588,13.64414]},"properties":{"cell_id":93339,"case_count":1,"gi_zscore":-0.1207,"gi_pvalue":0.115,"significance":"not_sig"}},{"type":"Feature","geometry":{"type":"Point","coordinates":[74.83529,13.65315]},"properties":{"cell_id":93520,"case_count":1,"gi_zscore":-0.1187,"gi_pvalue":0.203,"significance":"not_sig"}},{"type":"Feature","geometry":{"type":"Point","coordinates":[76.88235,13.65315]},"properties":{"cell_id":93694,"case_count":1,"gi_zscore":-0.1227,"gi_pvalue":0.115,"significance":"not_sig"}},{"type":"Feature","geometry":{"type":"Point","coordinates":[77.21176,13.65315]},"properties":{"cell_id":93722,"case_count":1,"gi_zscore":-0.1207,"gi_pvalue":0.115,"significance":"not_sig"}},{"type":"Feature","geometry":{"type":"Point","coordinates":[77.56471,13.65315]},"properties":{"cell_id":93752,"case_count":1,"gi_zscore":-0.1247,"gi_pvalue":0.037,"significance":"cold_95"}},{"type":"Feature","geometry":{"type":"Point","coordinates":[77.65882,13.65315]},"properties":{"cell_id":93760,"case_count":1,"gi_zscore":-0.1247,"gi_pvalue":0.037,"significance":"cold_95"}},{"type":"Feature","geometry":{"type":"Point","coordinates":[74.72941,13.66216]},"properties":{"cell_id":93902,"case_count":2,"gi_zscore":-0.1187,"gi_pvalue":0.115,"significance":"not_sig"}},{"type":"Feature","geometry":{"type":"Point","coordinates":[76.94118,13.66216]},"properties":{"cell_id":94090,"case_count":1,"gi_zscore":-0.1227,"gi_pvalue":0.114,"significance":"not_sig"}},{"type":"Feature","geometry":{"type":"Point","coordinates":[77.21176,13.66216]},"properties":{"cell_id":94113,"case_count":3,"gi_zscore":-0.1207,"gi_pvalue":0.038,"significance":"cold_95"}},{"type":"Feature","geometry":{"type":"Point","coordinates":[77.22353,13.66216]},"properties":{"cell_id":94114,"case_count":1,"gi_zscore":-0.1207,"gi_pvalue":0.115,"significance":"not_sig"}},{"type":"Feature","geometry":{"type":"Point","coordinates":[77.23529,13.66216]},"properties":{"cell_id":94115,"case_count":1,"gi_zscore":-0.1207,"gi_pvalue":0.115,"significance":"not_sig"}},{"type":"Feature","geometry":{"type":"Point","coordinates":[75.67059,13.67117]},"properties":{"cell_id":94373,"case_count":1,"gi_zscore":-0.1167,"gi_pvalue":0.336,"significance":"not_sig"}},{"type":"Feature","geometry":{"type":"Point","coordinates":[76.91765,13.67117]},"properties":{"cell_id":94479,"case_count":1,"gi_zscore":-0.1227,"gi_pvalue":0.115,"significance":"not_sig"}},{"type":"Feature","geometry":{"type":"Point","coordinates":[76.96471,13.67117]},"properties":{"cell_id":94483,"case_count":1,"gi_zscore":-0.1227,"gi_pvalue":0.115,"significance":"not_sig"}},{"type":"Feature","geometry":{"type":"Point","coordinates":[77.70588,13.67117]},"properties":{"cell_id":94546,"case_count":1,"gi_zscore":-0.1247,"gi_pvalue":0.038,"significance":"cold_95"}},{"type":"Feature","geometry":{"type":"Point","coordinates":[74.69412,13.68018]},"properties":{"cell_id":94681,"case_count":1,"gi_zscore":-0.1167,"gi_pvalue":0.282,"significance":"not_sig"}},{"type":"Feature","geometry":{"type":"Point","coordinates":[77.07059,13.68018]},"properties":{"cell_id":94883,"case_count":1,"gi_zscore":-0.1207,"gi_pvalue":0.189,"significance":"not_sig"}},{"type":"Feature","geometry":{"type":"Point","coordinates":[74.64706,13.68919]},"properties":{"cell_id":95068,"case_count":1,"gi_zscore":-0.1187,"gi_pvalue":0.203,"significance":"not_sig"}},{"type":"Feature","geometry":{"type":"Point","coordinates":[74.65882,13.68919]},"properties":{"cell_id":95069,"case_count":1,"gi_zscore":-0.1187,"gi_pvalue":0.203,"significance":"not_sig"}},{"type":"Feature","geometry":{"type":"Point","coordinates":[74.67059,13.68919]},"properties":{"cell_id":95070,"case_count":3,"gi_zscore":-0.1167,"gi_pvalue":0.189,"significance":"not_sig"}},{"type":"Feature","geometry":{"type":"Point","coordinates":[74.70588,13.68919]},"properties":{"cell_id":95073,"case_count":1,"gi_zscore":-0.1167,"gi_pvalue":0.284,"significance":"not_sig"}},{"type":"Feature","geometry":{"type":"Point","coordinates":[75.24706,13.68919]},"properties":{"cell_id":95119,"case_count":1,"gi_zscore":-0.1207,"gi_pvalue":0.189,"significance":"not_sig"}},{"type":"Feature","geometry":{"type":"Point","coordinates":[76.04706,13.68919]},"properties":{"cell_id":95187,"case_count":1,"gi_zscore":-0.1207,"gi_pvalue":0.189,"significance":"not_sig"}},{"type":"Feature","geometry":{"type":"Point","coordinates":[77.85882,13.68919]},"properties":{"cell_id":95341,"case_count":1,"gi_zscore":-0.1247,"gi_pvalue":0.039,"significance":"cold_95"}},{"type":"Feature","geometry":{"type":"Point","coordinates":[75.64706,13.6982]},"properties":{"cell_id":95544,"case_count":1,"gi_zscore":-0.1167,"gi_pvalue":0.338,"significance":"not_sig"}},{"type":"Feature","geometry":{"type":"Point","coordinates":[76.84706,13.6982]},"properties":{"cell_id":95646,"case_count":1,"gi_zscore":-0.1227,"gi_pvalue":0.116,"significance":"not_sig"}},{"type":"Feature","geometry":{"type":"Point","coordinates":[77.2,13.6982]},"properties":{"cell_id":95676,"case_count":1,"gi_zscore":-0.1207,"gi_pvalue":0.116,"significance":"not_sig"}},{"type":"Feature","geometry":{"type":"Point","coordinates":[77.83529,13.6982]},"properties":{"cell_id":95730,"case_count":1,"gi_zscore":-0.1207,"gi_pvalue":0.116,"significance":"not_sig"}},{"type":"Feature","geometry":{"type":"Point","coordinates":[75.64706,13.70721]},"properties":{"cell_id":95935,"case_count":1,"gi_zscore":-0.1167,"gi_pvalue":0.338,"significance":"not_sig"}},{"type":"Feature","geometry":{"type":"Point","coordinates":[75.67059,13.70721]},"properties":{"cell_id":95937,"case_count":1,"gi_zscore":-0.1167,"gi_pvalue":0.338,"significance":"not_sig"}},{"type":"Feature","geometry":{"type":"Point","coordinates":[75.70588,13.70721]},"properties":{"cell_id":95940,"case_count":2,"gi_zscore":-0.1147,"gi_pvalue":0.338,"significance":"not_sig"}},{"type":"Feature","geometry":{"type":"Point","coordinates":[75.81176,13.70721]},"properties":{"cell_id":95949,"case_count":2,"gi_zscore":-0.1147,"gi_pvalue":0.338,"significance":"not_sig"}},{"type":"Feature","geometry":{"type":"Point","coordinates":[76.74118,13.70721]},"properties":{"cell_id":96028,"case_count":1,"gi_zscore":-0.1227,"gi_pvalue":0.116,"significance":"not_sig"}},{"type":"Feature","geometry":{"type":"Point","coordinates":[75.95294,13.71622]},"properties":{"cell_id":96352,"case_count":1,"gi_zscore":-0.1207,"gi_pvalue":0.116,"significance":"not_sig"}},{"type":"Feature","geometry":{"type":"Point","coordinates":[77.38824,13.71622]},"properties":{"cell_id":96474,"case_count":1,"gi_zscore":-0.1247,"gi_pvalue":0.039,"significance":"cold_95"}},{"type":"Feature","geometry":{"type":"Point","coordinates":[75.29412,13.72523]},"properties":{"cell_id":96687,"case_count":1,"gi_zscore":-0.1207,"gi_pvalue":0.189,"significance":"not_sig"}},{"type":"Feature","geometry":{"type":"Point","coordinates":[75.34118,13.72523]},"properties":{"cell_id":96691,"case_count":1,"gi_zscore":-0.1207,"gi_pvalue":0.189,"significance":"not_sig"}},{"type":"Feature","geometry":{"type":"Point","coordinates":[75.71765,13.72523]},"properties":{"cell_id":96723,"case_count":2,"gi_zscore":-0.1147,"gi_pvalue":0.339,"significance":"not_sig"}},{"type":"Feature","geometry":{"type":"Point","coordinates":[76.0,13.72523]},"properties":{"cell_id":96747,"case_count":1,"gi_zscore":-0.1187,"gi_pvalue":0.204,"significance":"not_sig"}},{"type":"Feature","geometry":{"type":"Point","coordinates":[76.91765,13.72523]},"properties":{"cell_id":96825,"case_count":1,"gi_zscore":-0.1227,"gi_pvalue":0.116,"significance":"not_sig"}},{"type":"Feature","geometry":{"type":"Point","coordinates":[77.38824,13.72523]},"properties":{"cell_id":96865,"case_count":1,"gi_zscore":-0.1247,"gi_pvalue":0.04,"significance":"cold_95"}},{"type":"Feature","geometry":{"type":"Point","coordinates":[77.78824,13.72523]},"properties":{"cell_id":96899,"case_count":1,"gi_zscore":-0.1207,"gi_pvalue":0.116,"significance":"not_sig"}},{"type":"Feature","geometry":{"type":"Point","coordinates":[74.64706,13.73423]},"properties":{"cell_id":97023,"case_count":1,"gi_zscore":-0.1207,"gi_pvalue":0.116,"significance":"not_sig"}},{"type":"Feature","geometry":{"type":"Point","coordinates":[75.32941,13.73423]},"properties":{"cell_id":97081,"case_count":1,"gi_zscore":-0.1207,"gi_pvalue":0.189,"significance":"not_sig"}},{"type":"Feature","geometry":{"type":"Point","coordinates":[75.76471,13.73423]},"properties":{"cell_id":97118,"case_count":1,"gi_zscore":-0.1147,"gi_pvalue":0.422,"significance":"not_sig"}},{"type":"Feature","geometry":{"type":"Point","coordinates":[76.90588,13.73423]},"properties":{"cell_id":97215,"case_count":1,"gi_zscore":-0.1227,"gi_pvalue":0.116,"significance":"not_sig"}},{"type":"Feature","geometry":{"type":"Point","coordinates":[77.05882,13.73423]},"properties":{"cell_id":97228,"case_count":1,"gi_zscore":-0.1247,"gi_pvalue":0.04,"significance":"cold_95"}},{"type":"Feature","geometry":{"type":"Point","coordinates":[77.30588,13.73423]},"properties":{"cell_id":97249,"case_count":1,"gi_zscore":-0.1207,"gi_pvalue":0.189,"significance":"not_sig"}},{"type":"Feature","geometry":{"type":"Point","coordinates":[75.69412,13.74324]},"properties":{"cell_id":97503,"case_count":1,"gi_zscore":-0.1147,"gi_pvalue":0.422,"significance":"not_sig"}},{"type":"Feature","geometry":{"type":"Point","coordinates":[76.04706,13.74324]},"properties":{"cell_id":97533,"case_count":1,"gi_zscore":-0.1227,"gi_pvalue":0.116,"significance":"not_sig"}},{"type":"Feature","geometry":{"type":"Point","coordinates":[76.90588,13.74324]},"properties":{"cell_id":97606,"case_count":2,"gi_zscore":-0.1227,"gi_pvalue":0.04,"significance":"cold_95"}},{"type":"Feature","geometry":{"type":"Point","coordinates":[77.17647,13.74324]},"properties":{"cell_id":97629,"case_count":1,"gi_zscore":-0.1207,"gi_pvalue":0.188,"significance":"not_sig"}},{"type":"Feature","geometry":{"type":"Point","coordinates":[77.84706,13.74324]},"properties":{"cell_id":97686,"case_count":1,"gi_zscore":-0.1207,"gi_pvalue":0.116,"significance":"not_sig"}},{"type":"Feature","geometry":{"type":"Point","coordinates":[77.8,13.75225]},"properties":{"cell_id":98073,"case_count":1,"gi_zscore":-0.1207,"gi_pvalue":0.116,"significance":"not_sig"}},{"type":"Feature","geometry":{"type":"Point","coordinates":[77.95294,13.75225]},"properties":{"cell_id":98086,"case_count":1,"gi_zscore":-0.1247,"gi_pvalue":0.039,"significance":"cold_95"}},{"type":"Feature","geometry":{"type":"Point","coordinates":[75.68235,13.76126]},"properties":{"cell_id":98284,"case_count":2,"gi_zscore":-0.1167,"gi_pvalue":0.203,"significance":"not_sig"}},{"type":"Feature","geometry":{"type":"Point","coordinates":[75.70588,13.76126]},"properties":{"cell_id":98286,"case_count":2,"gi_zscore":-0.1167,"gi_pvalue":0.203,"significance":"not_sig"}},{"type":"Feature","geometry":{"type":"Point","coordinates":[75.71765,13.76126]},"properties":{"cell_id":98287,"case_count":2,"gi_zscore":-0.1167,"gi_pvalue":0.203,"significance":"not_sig"}},{"type":"Feature","geometry":{"type":"Point","coordinates":[75.74118,13.76126]},"properties":{"cell_id":98289,"case_count":1,"gi_zscore":-0.1147,"gi_pvalue":0.423,"significance":"not_sig"}},{"type":"Feature","geometry":{"type":"Point","coordinates":[78.0,13.76126]},"properties":{"cell_id":98481,"case_count":1,"gi_zscore":-0.1247,"gi_pvalue":0.04,"significance":"cold_95"}},{"type":"Feature","geometry":{"type":"Point","coordinates":[74.63529,13.77027]},"properties":{"cell_id":98586,"case_count":1,"gi_zscore":-0.1207,"gi_pvalue":0.187,"significance":"not_sig"}},{"type":"Feature","geometry":{"type":"Point","coordinates":[75.69412,13.77928]},"properties":{"cell_id":99067,"case_count":1,"gi_zscore":-0.1167,"gi_pvalue":0.339,"significance":"not_sig"}},{"type":"Feature","geometry":{"type":"Point","coordinates":[77.78824,13.77928]},"properties":{"cell_id":99245,"case_count":1,"gi_zscore":-0.1207,"gi_pvalue":0.116,"significance":"not_sig"}},{"type":"Feature","geometry":{"type":"Point","coordinates":[77.8,13.77928]},"properties":{"cell_id":99246,"case_count":1,"gi_zscore":-0.1207,"gi_pvalue":0.116,"significance":"not_sig"}},{"type":"Feature","geometry":{"type":"Point","coordinates":[77.98824,13.77928]},"properties":{"cell_id":99262,"case_count":1,"gi_zscore":-0.1247,"gi_pvalue":0.04,"significance":"cold_95"}},{"type":"Feature","geometry":{"type":"Point","coordinates":[74.63529,13.78829]},"properties":{"cell_id":99368,"case_count":1,"gi_zscore":-0.1207,"gi_pvalue":0.187,"significance":"not_sig"}},{"type":"Feature","geometry":{"type":"Point","coordinates":[76.08235,13.78829]},"properties":{"cell_id":99491,"case_count":1,"gi_zscore":-0.1227,"gi_pvalue":0.116,"significance":"not_sig"}},{"type":"Feature","geometry":{"type":"Point","coordinates":[77.74118,13.78829]},"properties":{"cell_id":99632,"case_count":1,"gi_zscore":-0.1207,"gi_pvalue":0.116,"significance":"not_sig"}},{"type":"Feature","geometry":{"type":"Point","coordinates":[77.8,13.78829]},"properties":{"cell_id":99637,"case_count":3,"gi_zscore":-0.1207,"gi_pvalue":0.041,"significance":"cold_95"}},{"type":"Feature","geometry":{"type":"Point","coordinates":[74.81176,13.7973]},"properties":{"cell_id":99774,"case_count":1,"gi_zscore":-0.1207,"gi_pvalue":0.115,"significance":"not_sig"}},{"type":"Feature","geometry":{"type":"Point","coordinates":[76.8,13.7973]},"properties":{"cell_id":99943,"case_count":1,"gi_zscore":-0.1227,"gi_pvalue":0.115,"significance":"not_sig"}},{"type":"Feature","geometry":{"type":"Point","coordinates":[76.97647,13.7973]},"properties":{"cell_id":99958,"case_count":1,"gi_zscore":-0.1227,"gi_pvalue":0.115,"significance":"not_sig"}},{"type":"Feature","geometry":{"type":"Point","coordinates":[77.87059,13.7973]},"properties":{"cell_id":100034,"case_count":1,"gi_zscore":-0.1207,"gi_pvalue":0.115,"significance":"not_sig"}},{"type":"Feature","geometry":{"type":"Point","coordinates":[74.81176,13.80631]},"properties":{"cell_id":100165,"case_count":1,"gi_zscore":-0.1227,"gi_pvalue":0.115,"significance":"not_sig"}},{"type":"Feature","geometry":{"type":"Point","coordinates":[75.68235,13.80631]},"properties":{"cell_id":100239,"case_count":1,"gi_zscore":-0.1187,"gi_pvalue":0.185,"significance":"not_sig"}},{"type":"Feature","geometry":{"type":"Point","coordinates":[75.69412,13.80631]},"properties":{"cell_id":100240,"case_count":1,"gi_zscore":-0.1167,"gi_pvalue":0.34,"significance":"not_sig"}},{"type":"Feature","geometry":{"type":"Point","coordinates":[75.24706,13.81532]},"properties":{"cell_id":100593,"case_count":1,"gi_zscore":-0.1227,"gi_pvalue":0.115,"significance":"not_sig"}},{"type":"Feature","geometry":{"type":"Point","coordinates":[75.68235,13.81532]},"properties":{"cell_id":100630,"case_count":1,"gi_zscore":-0.1187,"gi_pvalue":0.185,"significance":"not_sig"}},{"type":"Feature","geometry":{"type":"Point","coordinates":[74.62353,13.82432]},"properties":{"cell_id":100931,"case_count":1,"gi_zscore":-0.1247,"gi_pvalue":0.04,"significance":"cold_95"}},{"type":"Feature","geometry":{"type":"Point","coordinates":[75.68235,13.82432]},"properties":{"cell_id":101021,"case_count":1,"gi_zscore":-0.1187,"gi_pvalue":0.185,"significance":"not_sig"}},{"type":"Feature","geometry":{"type":"Point","coordinates":[75.69412,13.82432]},"properties":{"cell_id":101022,"case_count":2,"gi_zscore":-0.1167,"gi_pvalue":0.2,"significance":"not_sig"}},{"type":"Feature","geometry":{"type":"Point","coordinates":[75.97647,13.82432]},"properties":{"cell_id":101046,"case_count":2,"gi_zscore":-0.1227,"gi_pvalue":0.04,"significance":"cold_95"}},{"type":"Feature","geometry":{"type":"Point","coordinates":[76.96471,13.82432]},"properties":{"cell_id":101130,"case_count":1,"gi_zscore":-0.1227,"gi_pvalue":0.115,"significance":"not_sig"}},{"type":"Feature","geometry":{"type":"Point","coordinates":[75.65882,13.83333]},"properties":{"cell_id":101410,"case_count":1,"gi_zscore":-0.1187,"gi_pvalue":0.199,"significance":"not_sig"}},{"type":"Feature","geometry":{"type":"Point","coordinates":[77.2,13.83333]},"properties":{"cell_id":101541,"case_count":1,"gi_zscore":-0.1207,"gi_pvalue":0.184,"significance":"not_sig"}},{"type":"Feature","geometry":{"type":"Point","coordinates":[74.70588,13.84234]},"properties":{"cell_id":101720,"case_count":1,"gi_zscore":-0.1247,"gi_pvalue":0.04,"significance":"cold_95"}},{"type":"Feature","geometry":{"type":"Point","coordinates":[75.56471,13.84234]},"properties":{"cell_id":101793,"case_count":1,"gi_zscore":-0.1126,"gi_pvalue":0.487,"significance":"not_sig"}},{"type":"Feature","geometry":{"type":"Point","coordinates":[75.69412,13.84234]},"properties":{"cell_id":101804,"case_count":3,"gi_zscore":-0.1147,"gi_pvalue":0.283,"significance":"not_sig"}},{"type":"Feature","geometry":{"type":"Point","coordinates":[75.70588,13.84234]},"properties":{"cell_id":101805,"case_count":1,"gi_zscore":-0.1126,"gi_pvalue":0.487,"significance":"not_sig"}},{"type":"Feature","geometry":{"type":"Point","coordinates":[75.71765,13.84234]},"properties":{"cell_id":101806,"case_count":2,"gi_zscore":-0.1126,"gi_pvalue":0.423,"significance":"not_sig"}},{"type":"Feature","geometry":{"type":"Point","coordinates":[75.54118,13.85135]},"properties":{"cell_id":102182,"case_count":1,"gi_zscore":-0.1106,"gi_pvalue":0.487,"significance":"not_sig"}},{"type":"Feature","geometry":{"type":"Point","coordinates":[75.70588,13.85135]},"properties":{"cell_id":102196,"case_count":1,"gi_zscore":-0.1126,"gi_pvalue":0.487,"significance":"not_sig"}},{"type":"Feature","geometry":{"type":"Point","coordinates":[75.71765,13.85135]},"properties":{"cell_id":102197,"case_count":2,"gi_zscore":-0.1126,"gi_pvalue":0.423,"significance":"not_sig"}},{"type":"Feature","geometry":{"type":"Point","coordinates":[77.91765,13.85135]},"properties":{"cell_id":102384,"case_count":1,"gi_zscore":-0.1207,"gi_pvalue":0.117,"significance":"not_sig"}},{"type":"Feature","geometry":{"type":"Point","coordinates":[75.63529,13.86036]},"properties":{"cell_id":102581,"case_count":1,"gi_zscore":-0.1187,"gi_pvalue":0.2,"significance":"not_sig"}},{"type":"Feature","geometry":{"type":"Point","coordinates":[75.68235,13.86036]},"properties":{"cell_id":102585,"case_count":1,"gi_zscore":-0.1187,"gi_pvalue":0.2,"significance":"not_sig"}},{"type":"Feature","geometry":{"type":"Point","coordinates":[75.71765,13.86036]},"properties":{"cell_id":102588,"case_count":2,"gi_zscore":-0.1147,"gi_pvalue":0.342,"significance":"not_sig"}},{"type":"Feature","geometry":{"type":"Point","coordinates":[74.63529,13.86937]},"properties":{"cell_id":102887,"case_count":1,"gi_zscore":-0.1247,"gi_pvalue":0.04,"significance":"cold_95"}},{"type":"Feature","geometry":{"type":"Point","coordinates":[75.67059,13.86937]},"properties":{"cell_id":102975,"case_count":1,"gi_zscore":-0.1207,"gi_pvalue":0.186,"significance":"not_sig"}},{"type":"Feature","geometry":{"type":"Point","coordinates":[75.70588,13.86937]},"properties":{"cell_id":102978,"case_count":1,"gi_zscore":-0.1147,"gi_pvalue":0.378,"significance":"not_sig"}},{"type":"Feature","geometry":{"type":"Point","coordinates":[76.91765,13.88739]},"properties":{"cell_id":103863,"case_count":1,"gi_zscore":-0.1207,"gi_pvalue":0.117,"significance":"not_sig"}},{"type":"Feature","geometry":{"type":"Point","coordinates":[74.6,13.8964]},"properties":{"cell_id":104057,"case_count":1,"gi_zscore":-0.1247,"gi_pvalue":0.04,"significance":"cold_95"}},{"type":"Feature","geometry":{"type":"Point","coordinates":[75.57647,13.8964]},"properties":{"cell_id":104140,"case_count":1,"gi_zscore":-0.0986,"gi_pvalue":0.286,"significance":"not_sig"}},{"type":"Feature","geometry":{"type":"Point","coordinates":[75.70588,13.8964]},"properties":{"cell_id":104151,"case_count":1,"gi_zscore":-0.1187,"gi_pvalue":0.186,"significance":"not_sig"}},{"type":"Feature","geometry":{"type":"Point","coordinates":[74.61176,13.90541]},"properties":{"cell_id":104449,"case_count":1,"gi_zscore":-0.1247,"gi_pvalue":0.04,"significance":"cold_95"}},{"type":"Feature","geometry":{"type":"Point","coordinates":[74.6,13.91441]},"properties":{"cell_id":104839,"case_count":1,"gi_zscore":-0.1247,"gi_pvalue":0.04,"significance":"cold_95"}},{"type":"Feature","geometry":{"type":"Point","coordinates":[75.57647,13.91441]},"properties":{"cell_id":104922,"case_count":1,"gi_zscore":-0.0986,"gi_pvalue":0.286,"significance":"not_sig"}},{"type":"Feature","geometry":{"type":"Point","coordinates":[75.55294,13.92342]},"properties":{"cell_id":105311,"case_count":4,"gi_zscore":-0.0946,"gi_pvalue":0.321,"significance":"not_sig"}},{"type":"Feature","geometry":{"type":"Point","coordinates":[75.56471,13.92342]},"properties":{"cell_id":105312,"case_count":4,"gi_zscore":-0.0946,"gi_pvalue":0.321,"significance":"not_sig"}},{"type":"Feature","geometry":{"type":"Point","coordinates":[75.58824,13.92342]},"properties":{"cell_id":105314,"case_count":1,"gi_zscore":-0.1046,"gi_pvalue":0.352,"significance":"not_sig"}},{"type":"Feature","geometry":{"type":"Point","coordinates":[75.54118,13.93243]},"properties":{"cell_id":105701,"case_count":2,"gi_zscore":-0.0946,"gi_pvalue":0.276,"significance":"not_sig"}},{"type":"Feature","geometry":{"type":"Point","coordinates":[75.55294,13.93243]},"properties":{"cell_id":105702,"case_count":1,"gi_zscore":-0.0946,"gi_pvalue":0.254,"significance":"not_sig"}},{"type":"Feature","geometry":{"type":"Point","coordinates":[75.56471,13.93243]},"properties":{"cell_id":105703,"case_count":1,"gi_zscore":-0.0946,"gi_pvalue":0.254,"significance":"not_sig"}},{"type":"Feature","geometry":{"type":"Point","coordinates":[75.57647,13.93243]},"properties":{"cell_id":105704,"case_count":7,"gi_zscore":-0.1026,"gi_pvalue":0.427,"significance":"not_sig"}},{"type":"Feature","geometry":{"type":"Point","coordinates":[75.58824,13.93243]},"properties":{"cell_id":105705,"case_count":2,"gi_zscore":-0.1106,"gi_pvalue":0.426,"significance":"not_sig"}},{"type":"Feature","geometry":{"type":"Point","coordinates":[75.6,13.93243]},"properties":{"cell_id":105706,"case_count":1,"gi_zscore":-0.1106,"gi_pvalue":0.462,"significance":"not_sig"}},{"type":"Feature","geometry":{"type":"Point","coordinates":[77.37647,13.93243]},"properties":{"cell_id":105857,"case_count":1,"gi_zscore":-0.1247,"gi_pvalue":0.041,"significance":"cold_95"}},{"type":"Feature","geometry":{"type":"Point","coordinates":[75.16471,13.94144]},"properties":{"cell_id":106060,"case_count":1,"gi_zscore":-0.1227,"gi_pvalue":0.12,"significance":"not_sig"}},{"type":"Feature","geometry":{"type":"Point","coordinates":[75.54118,13.94144]},"properties":{"cell_id":106092,"case_count":6,"gi_zscore":-0.0986,"gi_pvalue":0.434,"significance":"not_sig"}},{"type":"Feature","geometry":{"type":"Point","coordinates":[75.55294,13.94144]},"properties":{"cell_id":106093,"case_count":3,"gi_zscore":-0.1046,"gi_pvalue":0.419,"significance":"not_sig"}},{"type":"Feature","geometry":{"type":"Point","coordinates":[75.56471,13.94144]},"properties":{"cell_id":106094,"case_count":2,"gi_zscore":-0.1006,"gi_pvalue":0.338,"significance":"not_sig"}},{"type":"Feature","geometry":{"type":"Point","coordinates":[75.57647,13.94144]},"properties":{"cell_id":106095,"case_count":1,"gi_zscore":-0.1026,"gi_pvalue":0.328,"significance":"not_sig"}},{"type":"Feature","geometry":{"type":"Point","coordinates":[75.58824,13.94144]},"properties":{"cell_id":106096,"case_count":1,"gi_zscore":-0.1086,"gi_pvalue":0.419,"significance":"not_sig"}},{"type":"Feature","geometry":{"type":"Point","coordinates":[76.61176,13.94144]},"properties":{"cell_id":106183,"case_count":2,"gi_zscore":-0.1207,"gi_pvalue":0.041,"significance":"cold_95"}},{"type":"Feature","geometry":{"type":"Point","coordinates":[75.54118,13.95045]},"properties":{"cell_id":106483,"case_count":2,"gi_zscore":-0.1046,"gi_pvalue":0.386,"significance":"not_sig"}},{"type":"Feature","geometry":{"type":"Point","coordinates":[75.55294,13.95045]},"properties":{"cell_id":106484,"case_count":1,"gi_zscore":-0.1046,"gi_pvalue":0.352,"significance":"not_sig"}},{"type":"Feature","geometry":{"type":"Point","coordinates":[75.56471,13.95045]},"properties":{"cell_id":106485,"case_count":1,"gi_zscore":-0.1046,"gi_pvalue":0.352,"significance":"not_sig"}},{"type":"Feature","geometry":{"type":"Point","coordinates":[75.6,13.95045]},"properties":{"cell_id":106488,"case_count":1,"gi_zscore":-0.1106,"gi_pvalue":0.462,"significance":"not_sig"}},{"type":"Feature","geometry":{"type":"Point","coordinates":[75.58824,13.95946]},"properties":{"cell_id":106878,"case_count":1,"gi_zscore":-0.1086,"gi_pvalue":0.462,"significance":"not_sig"}},{"type":"Feature","geometry":{"type":"Point","coordinates":[75.67059,13.95946]},"properties":{"cell_id":106885,"case_count":1,"gi_zscore":-0.1187,"gi_pvalue":0.203,"significance":"not_sig"}},{"type":"Feature","geometry":{"type":"Point","coordinates":[76.61176,13.95946]},"properties":{"cell_id":106965,"case_count":2,"gi_zscore":-0.1207,"gi_pvalue":0.041,"significance":"cold_95"}},{"type":"Feature","geometry":{"type":"Point","coordinates":[74.52941,13.96847]},"properties":{"cell_id":107179,"case_count":1,"gi_zscore":-0.1247,"gi_pvalue":0.041,"significance":"cold_95"}},{"type":"Feature","geometry":{"type":"Point","coordinates":[75.54118,13.96847]},"properties":{"cell_id":107265,"case_count":1,"gi_zscore":-0.1046,"gi_pvalue":0.352,"significance":"not_sig"}},{"type":"Feature","geometry":{"type":"Point","coordinates":[77.35294,13.96847]},"properties":{"cell_id":107419,"case_count":1,"gi_zscore":-0.1247,"gi_pvalue":0.041,"significance":"cold_95"}},{"type":"Feature","geometry":{"type":"Point","coordinates":[75.25882,13.97748]},"properties":{"cell_id":107632,"case_count":1,"gi_zscore":-0.1227,"gi_pvalue":0.118,"significance":"not_sig"}},{"type":"Feature","geometry":{"type":"Point","coordinates":[75.56471,13.97748]},"properties":{"cell_id":107658,"case_count":1,"gi_zscore":-0.1167,"gi_pvalue":0.347,"significance":"not_sig"}},{"type":"Feature","geometry":{"type":"Point","coordinates":[75.68235,13.98649]},"properties":{"cell_id":108059,"case_count":2,"gi_zscore":-0.1207,"gi_pvalue":0.041,"significance":"cold_95"}},{"type":"Feature","geometry":{"type":"Point","coordinates":[74.55294,13.9955]},"properties":{"cell_id":108354,"case_count":1,"gi_zscore":-0.1247,"gi_pvalue":0.04,"significance":"cold_95"}},{"type":"Feature","geometry":{"type":"Point","coordinates":[75.95294,13.9955]},"properties":{"cell_id":108473,"case_count":1,"gi_zscore":-0.1187,"gi_pvalue":0.203,"significance":"not_sig"}},{"type":"Feature","geometry":{"type":"Point","coordinates":[74.54118,14.0045]},"properties":{"cell_id":108744,"case_count":1,"gi_zscore":-0.1247,"gi_pvalue":0.04,"significance":"cold_95"}},{"type":"Feature","geometry":{"type":"Point","coordinates":[75.74118,14.0045]},"properties":{"cell_id":108846,"case_count":2,"gi_zscore":-0.1207,"gi_pvalue":0.04,"significance":"cold_95"}},{"type":"Feature","geometry":{"type":"Point","coordinates":[77.03529,14.0045]},"properties":{"cell_id":108956,"case_count":2,"gi_zscore":-0.1227,"gi_pvalue":0.04,"significance":"cold_95"}},{"type":"Feature","geometry":{"type":"Point","coordinates":[74.54118,14.01351]},"properties":{"cell_id":109135,"case_count":1,"gi_zscore":-0.1247,"gi_pvalue":0.04,"significance":"cold_95"}},{"type":"Feature","geometry":{"type":"Point","coordinates":[75.17647,14.01351]},"properties":{"cell_id":109189,"case_count":2,"gi_zscore":-0.1227,"gi_pvalue":0.04,"significance":"cold_95"}},{"type":"Feature","geometry":{"type":"Point","coordinates":[75.92941,14.01351]},"properties":{"cell_id":109253,"case_count":1,"gi_zscore":-0.1187,"gi_pvalue":0.202,"significance":"not_sig"}},{"type":"Feature","geometry":{"type":"Point","coordinates":[74.50588,14.02252]},"properties":{"cell_id":109523,"case_count":1,"gi_zscore":-0.1247,"gi_pvalue":0.04,"significance":"cold_95"}},{"type":"Feature","geometry":{"type":"Point","coordinates":[75.15294,14.02252]},"properties":{"cell_id":109578,"case_count":1,"gi_zscore":-0.1227,"gi_pvalue":0.117,"significance":"not_sig"}},{"type":"Feature","geometry":{"type":"Point","coordinates":[75.91765,14.02252]},"properties":{"cell_id":109643,"case_count":1,"gi_zscore":-0.1187,"gi_pvalue":0.202,"significance":"not_sig"}},{"type":"Feature","geometry":{"type":"Point","coordinates":[75.92941,14.02252]},"properties":{"cell_id":109644,"case_count":4,"gi_zscore":-0.1187,"gi_pvalue":0.04,"significance":"cold_95"}},{"type":"Feature","geometry":{"type":"Point","coordinates":[75.50588,14.03153]},"properties":{"cell_id":109999,"case_count":1,"gi_zscore":-0.1086,"gi_pvalue":0.421,"significance":"not_sig"}},{"type":"Feature","geometry":{"type":"Point","coordinates":[75.74118,14.03153]},"properties":{"cell_id":110019,"case_count":1,"gi_zscore":-0.1207,"gi_pvalue":0.116,"significance":"not_sig"}},{"type":"Feature","geometry":{"type":"Point","coordinates":[75.92941,14.04054]},"properties":{"cell_id":110426,"case_count":1,"gi_zscore":-0.1187,"gi_pvalue":0.201,"significance":"not_sig"}},{"type":"Feature","geometry":{"type":"Point","coordinates":[76.18824,14.04054]},"properties":{"cell_id":110448,"case_count":2,"gi_zscore":-0.1227,"gi_pvalue":0.04,"significance":"cold_95"}},{"type":"Feature","geometry":{"type":"Point","coordinates":[77.16471,14.04054]},"properties":{"cell_id":110531,"case_count":1,"gi_zscore":-0.1227,"gi_pvalue":0.116,"significance":"not_sig"}},{"type":"Feature","geometry":{"type":"Point","coordinates":[75.45882,14.04955]},"properties":{"cell_id":110777,"case_count":1,"gi_zscore":-0.1066,"gi_pvalue":0.413,"significance":"not_sig"}},{"type":"Feature","geometry":{"type":"Point","coordinates":[75.10588,14.05856]},"properties":{"cell_id":111138,"case_count":1,"gi_zscore":-0.1207,"gi_pvalue":0.116,"significance":"not_sig"}},{"type":"Feature","geometry":{"type":"Point","coordinates":[75.74118,14.05856]},"properties":{"cell_id":111192,"case_count":1,"gi_zscore":-0.1207,"gi_pvalue":0.116,"significance":"not_sig"}},{"type":"Feature","geometry":{"type":"Point","coordinates":[77.18824,14.05856]},"properties":{"cell_id":111315,"case_count":1,"gi_zscore":-0.1227,"gi_pvalue":0.116,"significance":"not_sig"}},{"type":"Feature","geometry":{"type":"Point","coordinates":[75.16471,14.06757]},"properties":{"cell_id":111534,"case_count":1,"gi_zscore":-0.1227,"gi_pvalue":0.116,"significance":"not_sig"}},{"type":"Feature","geometry":{"type":"Point","coordinates":[75.92941,14.06757]},"properties":{"cell_id":111599,"case_count":1,"gi_zscore":-0.1187,"gi_pvalue":0.202,"significance":"not_sig"}},{"type":"Feature","geometry":{"type":"Point","coordinates":[76.94118,14.06757]},"properties":{"cell_id":111685,"case_count":1,"gi_zscore":-0.1227,"gi_pvalue":0.116,"significance":"not_sig"}},{"type":"Feature","geometry":{"type":"Point","coordinates":[77.23529,14.06757]},"properties":{"cell_id":111710,"case_count":1,"gi_zscore":-0.1227,"gi_pvalue":0.116,"significance":"not_sig"}},{"type":"Feature","geometry":{"type":"Point","coordinates":[74.48235,14.09459]},"properties":{"cell_id":112649,"case_count":1,"gi_zscore":-0.1247,"gi_pvalue":0.04,"significance":"cold_95"}},{"type":"Feature","geometry":{"type":"Point","coordinates":[76.27059,14.09459]},"properties":{"cell_id":112801,"case_count":1,"gi_zscore":-0.1227,"gi_pvalue":0.116,"significance":"not_sig"}},{"type":"Feature","geometry":{"type":"Point","coordinates":[77.27059,14.09459]},"properties":{"cell_id":112886,"case_count":1,"gi_zscore":-0.1247,"gi_pvalue":0.04,"significance":"cold_95"}},{"type":"Feature","geometry":{"type":"Point","coordinates":[75.64706,14.1036]},"properties":{"cell_id":113139,"case_count":1,"gi_zscore":-0.1227,"gi_pvalue":0.116,"significance":"not_sig"}},{"type":"Feature","geometry":{"type":"Point","coordinates":[75.87059,14.1036]},"properties":{"cell_id":113158,"case_count":1,"gi_zscore":-0.1187,"gi_pvalue":0.202,"significance":"not_sig"}},{"type":"Feature","geometry":{"type":"Point","coordinates":[75.92941,14.1036]},"properties":{"cell_id":113163,"case_count":1,"gi_zscore":-0.1187,"gi_pvalue":0.202,"significance":"not_sig"}},{"type":"Feature","geometry":{"type":"Point","coordinates":[77.28235,14.11261]},"properties":{"cell_id":113669,"case_count":1,"gi_zscore":-0.1247,"gi_pvalue":0.04,"significance":"cold_95"}},{"type":"Feature","geometry":{"type":"Point","coordinates":[74.11765,14.12162]},"properties":{"cell_id":113791,"case_count":1,"gi_zscore":-0.1247,"gi_pvalue":0.04,"significance":"cold_95"}},{"type":"Feature","geometry":{"type":"Point","coordinates":[75.67059,14.12162]},"properties":{"cell_id":113923,"case_count":1,"gi_zscore":-0.1247,"gi_pvalue":0.04,"significance":"cold_95"}},{"type":"Feature","geometry":{"type":"Point","coordinates":[76.14118,14.13063]},"properties":{"cell_id":114354,"case_count":1,"gi_zscore":-0.1227,"gi_pvalue":0.116,"significance":"not_sig"}},{"type":"Feature","geometry":{"type":"Point","coordinates":[75.03529,14.13964]},"properties":{"cell_id":114651,"case_count":1,"gi_zscore":-0.1227,"gi_pvalue":0.116,"significance":"not_sig"}},{"type":"Feature","geometry":{"type":"Point","coordinates":[75.22353,14.13964]},"properties":{"cell_id":114667,"case_count":1,"gi_zscore":-0.1227,"gi_pvalue":0.116,"significance":"not_sig"}},{"type":"Feature","geometry":{"type":"Point","coordinates":[77.14118,14.13964]},"properties":{"cell_id":114830,"case_count":1,"gi_zscore":-0.1227,"gi_pvalue":0.116,"significance":"not_sig"}},{"type":"Feature","geometry":{"type":"Point","coordinates":[75.57647,14.14865]},"properties":{"cell_id":115088,"case_count":1,"gi_zscore":-0.1247,"gi_pvalue":0.04,"significance":"cold_95"}},{"type":"Feature","geometry":{"type":"Point","coordinates":[75.89412,14.14865]},"properties":{"cell_id":115115,"case_count":1,"gi_zscore":-0.1227,"gi_pvalue":0.116,"significance":"not_sig"}},{"type":"Feature","geometry":{"type":"Point","coordinates":[76.0,14.14865]},"properties":{"cell_id":115124,"case_count":1,"gi_zscore":-0.1247,"gi_pvalue":0.04,"significance":"cold_95"}},{"type":"Feature","geometry":{"type":"Point","coordinates":[76.01176,14.14865]},"properties":{"cell_id":115125,"case_count":1,"gi_zscore":-0.1247,"gi_pvalue":0.04,"significance":"cold_95"}},{"type":"Feature","geometry":{"type":"Point","coordinates":[75.01176,14.16667]},"properties":{"cell_id":115822,"case_count":1,"gi_zscore":-0.1227,"gi_pvalue":0.116,"significance":"not_sig"}},{"type":"Feature","geometry":{"type":"Point","coordinates":[75.02353,14.16667]},"properties":{"cell_id":115823,"case_count":2,"gi_zscore":-0.1227,"gi_pvalue":0.04,"significance":"cold_95"}},{"type":"Feature","geometry":{"type":"Point","coordinates":[75.04706,14.16667]},"properties":{"cell_id":115825,"case_count":1,"gi_zscore":-0.1227,"gi_pvalue":0.115,"significance":"not_sig"}},{"type":"Feature","geometry":{"type":"Point","coordinates":[75.05882,14.16667]},"properties":{"cell_id":115826,"case_count":1,"gi_zscore":-0.1227,"gi_pvalue":0.115,"significance":"not_sig"}},{"type":"Feature","geometry":{"type":"Point","coordinates":[77.48235,14.16667]},"properties":{"cell_id":116032,"case_count":1,"gi_zscore":-0.1247,"gi_pvalue":0.04,"significance":"cold_95"}},{"type":"Feature","geometry":{"type":"Point","coordinates":[74.49412,14.17568]},"properties":{"cell_id":116169,"case_count":1,"gi_zscore":-0.1247,"gi_pvalue":0.04,"significance":"cold_95"}},{"type":"Feature","geometry":{"type":"Point","coordinates":[74.48235,14.18468]},"properties":{"cell_id":116559,"case_count":1,"gi_zscore":-0.1247,"gi_pvalue":0.04,"significance":"cold_95"}},{"type":"Feature","geometry":{"type":"Point","coordinates":[75.35294,14.19369]},"properties":{"cell_id":117024,"case_count":1,"gi_zscore":-0.1207,"gi_pvalue":0.115,"significance":"not_sig"}},{"type":"Feature","geometry":{"type":"Point","coordinates":[76.0,14.19369]},"properties":{"cell_id":117079,"case_count":1,"gi_zscore":-0.1247,"gi_pvalue":0.04,"significance":"cold_95"}},{"type":"Feature","geometry":{"type":"Point","coordinates":[76.41176,14.21171]},"properties":{"cell_id":117896,"case_count":1,"gi_zscore":-0.1227,"gi_pvalue":0.115,"significance":"not_sig"}},{"type":"Feature","geometry":{"type":"Point","coordinates":[74.47059,14.22072]},"properties":{"cell_id":118122,"case_count":1,"gi_zscore":-0.1247,"gi_pvalue":0.04,"significance":"cold_95"}},{"type":"Feature","geometry":{"type":"Point","coordinates":[74.48235,14.22072]},"properties":{"cell_id":118123,"case_count":1,"gi_zscore":-0.1247,"gi_pvalue":0.04,"significance":"cold_95"}},{"type":"Feature","geometry":{"type":"Point","coordinates":[76.01176,14.22072]},"properties":{"cell_id":118253,"case_count":1,"gi_zscore":-0.1227,"gi_pvalue":0.115,"significance":"not_sig"}},{"type":"Feature","geometry":{"type":"Point","coordinates":[76.43529,14.22072]},"properties":{"cell_id":118289,"case_count":1,"gi_zscore":-0.1227,"gi_pvalue":0.115,"significance":"not_sig"}},{"type":"Feature","geometry":{"type":"Point","coordinates":[74.47059,14.22973]},"properties":{"cell_id":118513,"case_count":1,"gi_zscore":-0.1247,"gi_pvalue":0.04,"significance":"cold_95"}},{"type":"Feature","geometry":{"type":"Point","coordinates":[75.65882,14.22973]},"properties":{"cell_id":118614,"case_count":1,"gi_zscore":-0.1247,"gi_pvalue":0.04,"significance":"cold_95"}},{"type":"Feature","geometry":{"type":"Point","coordinates":[75.68235,14.22973]},"properties":{"cell_id":118616,"case_count":1,"gi_zscore":-0.1247,"gi_pvalue":0.04,"significance":"cold_95"}},{"type":"Feature","geometry":{"type":"Point","coordinates":[76.37647,14.22973]},"properties":{"cell_id":118675,"case_count":1,"gi_zscore":-0.1227,"gi_pvalue":0.115,"significance":"not_sig"}},{"type":"Feature","geometry":{"type":"Point","coordinates":[76.38824,14.22973]},"properties":{"cell_id":118676,"case_count":1,"gi_zscore":-0.1227,"gi_pvalue":0.115,"significance":"not_sig"}},{"type":"Feature","geometry":{"type":"Point","coordinates":[74.58824,14.23874]},"properties":{"cell_id":118914,"case_count":1,"gi_zscore":-0.1247,"gi_pvalue":0.04,"significance":"cold_95"}},{"type":"Feature","geometry":{"type":"Point","coordinates":[75.64706,14.23874]},"properties":{"cell_id":119004,"case_count":1,"gi_zscore":-0.1247,"gi_pvalue":0.04,"significance":"cold_95"}},{"type":"Feature","geometry":{"type":"Point","coordinates":[75.65882,14.23874]},"properties":{"cell_id":119005,"case_count":1,"gi_zscore":-0.1247,"gi_pvalue":0.04,"significance":"cold_95"}},{"type":"Feature","geometry":{"type":"Point","coordinates":[75.37647,14.24775]},"properties":{"cell_id":119372,"case_count":1,"gi_zscore":-0.1207,"gi_pvalue":0.115,"significance":"not_sig"}},{"type":"Feature","geometry":{"type":"Point","coordinates":[75.88235,14.24775]},"properties":{"cell_id":119415,"case_count":2,"gi_zscore":-0.1227,"gi_pvalue":0.04,"significance":"cold_95"}},{"type":"Feature","geometry":{"type":"Point","coordinates":[75.8,14.25676]},"properties":{"cell_id":119799,"case_count":1,"gi_zscore":-0.1207,"gi_pvalue":0.115,"significance":"not_sig"}},{"type":"Feature","geometry":{"type":"Point","coordinates":[76.09412,14.25676]},"properties":{"cell_id":119824,"case_count":1,"gi_zscore":-0.1247,"gi_pvalue":0.04,"significance":"cold_95"}},{"type":"Feature","geometry":{"type":"Point","coordinates":[75.35294,14.26577]},"properties":{"cell_id":120152,"case_count":1,"gi_zscore":-0.1207,"gi_pvalue":0.115,"significance":"not_sig"}},{"type":"Feature","geometry":{"type":"Point","coordinates":[75.34118,14.27477]},"properties":{"cell_id":120542,"case_count":1,"gi_zscore":-0.1207,"gi_pvalue":0.115,"significance":"not_sig"}},{"type":"Feature","geometry":{"type":"Point","coordinates":[75.35294,14.27477]},"properties":{"cell_id":120543,"case_count":3,"gi_zscore":-0.1167,"gi_pvalue":0.115,"significance":"not_sig"}},{"type":"Feature","geometry":{"type":"Point","coordinates":[74.42353,14.28378]},"properties":{"cell_id":120855,"case_count":1,"gi_zscore":-0.1247,"gi_pvalue":0.04,"significance":"cold_95"}},{"type":"Feature","geometry":{"type":"Point","coordinates":[74.43529,14.28378]},"properties":{"cell_id":120856,"case_count":1,"gi_zscore":-0.1247,"gi_pvalue":0.04,"significance":"cold_95"}},{"type":"Feature","geometry":{"type":"Point","coordinates":[74.44706,14.28378]},"properties":{"cell_id":120857,"case_count":1,"gi_zscore":-0.1247,"gi_pvalue":0.04,"significance":"cold_95"}},{"type":"Feature","geometry":{"type":"Point","coordinates":[74.45882,14.28378]},"properties":{"cell_id":120858,"case_count":1,"gi_zscore":-0.1247,"gi_pvalue":0.04,"significance":"cold_95"}},{"type":"Feature","geometry":{"type":"Point","coordinates":[75.78824,14.28378]},"properties":{"cell_id":120971,"case_count":1,"gi_zscore":-0.1207,"gi_pvalue":0.115,"significance":"not_sig"}},{"type":"Feature","geometry":{"type":"Point","coordinates":[75.88235,14.28378]},"properties":{"cell_id":120979,"case_count":1,"gi_zscore":-0.1227,"gi_pvalue":0.115,"significance":"not_sig"}},{"type":"Feature","geometry":{"type":"Point","coordinates":[75.97647,14.28378]},"properties":{"cell_id":120987,"case_count":1,"gi_zscore":-0.1227,"gi_pvalue":0.115,"significance":"not_sig"}},{"type":"Feature","geometry":{"type":"Point","coordinates":[76.0,14.28378]},"properties":{"cell_id":120989,"case_count":1,"gi_zscore":-0.1227,"gi_pvalue":0.115,"significance":"not_sig"}},{"type":"Feature","geometry":{"type":"Point","coordinates":[77.17647,14.28378]},"properties":{"cell_id":121089,"case_count":1,"gi_zscore":-0.1227,"gi_pvalue":0.115,"significance":"not_sig"}},{"type":"Feature","geometry":{"type":"Point","coordinates":[75.76471,14.3018]},"properties":{"cell_id":121751,"case_count":1,"gi_zscore":-0.1227,"gi_pvalue":0.115,"significance":"not_sig"}},{"type":"Feature","geometry":{"type":"Point","coordinates":[74.42353,14.31081]},"properties":{"cell_id":122028,"case_count":1,"gi_zscore":-0.1247,"gi_pvalue":0.04,"significance":"cold_95"}},{"type":"Feature","geometry":{"type":"Point","coordinates":[75.83529,14.32883]},"properties":{"cell_id":122930,"case_count":1,"gi_zscore":-0.1247,"gi_pvalue":0.04,"significance":"cold_95"}},{"type":"Feature","geometry":{"type":"Point","coordinates":[74.89412,14.33784]},"properties":{"cell_id":123241,"case_count":1,"gi_zscore":-0.1187,"gi_pvalue":0.204,"significance":"not_sig"}},{"type":"Feature","geometry":{"type":"Point","coordinates":[74.78824,14.35586]},"properties":{"cell_id":124014,"case_count":1,"gi_zscore":-0.1167,"gi_pvalue":0.347,"significance":"not_sig"}},{"type":"Feature","geometry":{"type":"Point","coordinates":[75.74118,14.35586]},"properties":{"cell_id":124095,"case_count":2,"gi_zscore":-0.1227,"gi_pvalue":0.04,"significance":"cold_95"}},{"type":"Feature","geometry":{"type":"Point","coordinates":[75.89412,14.35586]},"properties":{"cell_id":124108,"case_count":1,"gi_zscore":-0.1247,"gi_pvalue":0.04,"significance":"cold_95"}},{"type":"Feature","geometry":{"type":"Point","coordinates":[75.74118,14.36486]},"properties":{"cell_id":124486,"case_count":1,"gi_zscore":-0.1227,"gi_pvalue":0.115,"significance":"not_sig"}},{"type":"Feature","geometry":{"type":"Point","coordinates":[75.89412,14.36486]},"properties":{"cell_id":124499,"case_count":1,"gi_zscore":-0.1247,"gi_pvalue":0.04,"significance":"cold_95"}},{"type":"Feature","geometry":{"type":"Point","coordinates":[76.18824,14.36486]},"properties":{"cell_id":124524,"case_count":1,"gi_zscore":-0.1247,"gi_pvalue":0.04,"significance":"cold_95"}},{"type":"Feature","geometry":{"type":"Point","coordinates":[75.89412,14.37387]},"properties":{"cell_id":124890,"case_count":1,"gi_zscore":-0.1247,"gi_pvalue":0.04,"significance":"cold_95"}},{"type":"Feature","geometry":{"type":"Point","coordinates":[75.97647,14.37387]},"properties":{"cell_id":124897,"case_count":1,"gi_zscore":-0.1247,"gi_pvalue":0.04,"significance":"cold_95"}},{"type":"Feature","geometry":{"type":"Point","coordinates":[75.24706,14.38288]},"properties":{"cell_id":125226,"case_count":1,"gi_zscore":-0.1147,"gi_pvalue":0.387,"significance":"not_sig"}},{"type":"Feature","geometry":{"type":"Point","coordinates":[74.48235,14.39189]},"properties":{"cell_id":125552,"case_count":1,"gi_zscore":-0.1227,"gi_pvalue":0.115,"significance":"not_sig"}},{"type":"Feature","geometry":{"type":"Point","coordinates":[75.37647,14.39189]},"properties":{"cell_id":125628,"case_count":1,"gi_zscore":-0.1147,"gi_pvalue":0.431,"significance":"not_sig"}},{"type":"Feature","geometry":{"type":"Point","coordinates":[75.90588,14.39189]},"properties":{"cell_id":125673,"case_count":1,"gi_zscore":-0.1247,"gi_pvalue":0.04,"significance":"cold_95"}},{"type":"Feature","geometry":{"type":"Point","coordinates":[76.05882,14.39189]},"properties":{"cell_id":125686,"case_count":1,"gi_zscore":-0.1247,"gi_pvalue":0.04,"significance":"cold_95"}},{"type":"Feature","geometry":{"type":"Point","coordinates":[74.47059,14.4009]},"properties":{"cell_id":125942,"case_count":1,"gi_zscore":-0.1227,"gi_pvalue":0.115,"significance":"not_sig"}},{"type":"Feature","geometry":{"type":"Point","coordinates":[74.48235,14.4009]},"properties":{"cell_id":125943,"case_count":1,"gi_zscore":-0.1227,"gi_pvalue":0.115,"significance":"not_sig"}},{"type":"Feature","geometry":{"type":"Point","coordinates":[76.11765,14.4009]},"properties":{"cell_id":126082,"case_count":1,"gi_zscore":-0.1247,"gi_pvalue":0.04,"significance":"cold_95"}},{"type":"Feature","geometry":{"type":"Point","coordinates":[75.87059,14.40991]},"properties":{"cell_id":126452,"case_count":1,"gi_zscore":-0.1207,"gi_pvalue":0.115,"significance":"not_sig"}},{"type":"Feature","geometry":{"type":"Point","coordinates":[75.50588,14.41892]},"properties":{"cell_id":126812,"case_count":1,"gi_zscore":-0.1187,"gi_pvalue":0.188,"significance":"not_sig"}},{"type":"Feature","geometry":{"type":"Point","coordinates":[75.94118,14.41892]},"properties":{"cell_id":126849,"case_count":1,"gi_zscore":-0.1187,"gi_pvalue":0.203,"significance":"not_sig"}},{"type":"Feature","geometry":{"type":"Point","coordinates":[74.41176,14.42793]},"properties":{"cell_id":127110,"case_count":1,"gi_zscore":-0.1227,"gi_pvalue":0.115,"significance":"not_sig"}},{"type":"Feature","geometry":{"type":"Point","coordinates":[75.41176,14.42793]},"properties":{"cell_id":127195,"case_count":1,"gi_zscore":-0.1147,"gi_pvalue":0.431,"significance":"not_sig"}},{"type":"Feature","geometry":{"type":"Point","coordinates":[75.62353,14.42793]},"properties":{"cell_id":127213,"case_count":1,"gi_zscore":-0.1227,"gi_pvalue":0.115,"significance":"not_sig"}},{"type":"Feature","geometry":{"type":"Point","coordinates":[75.89412,14.42793]},"properties":{"cell_id":127236,"case_count":1,"gi_zscore":-0.1187,"gi_pvalue":0.203,"significance":"not_sig"}},{"type":"Feature","geometry":{"type":"Point","coordinates":[75.91765,14.42793]},"properties":{"cell_id":127238,"case_count":1,"gi_zscore":-0.1167,"gi_pvalue":0.347,"significance":"not_sig"}},{"type":"Feature","geometry":{"type":"Point","coordinates":[75.92941,14.42793]},"properties":{"cell_id":127239,"case_count":1,"gi_zscore":-0.1167,"gi_pvalue":0.347,"significance":"not_sig"}},{"type":"Feature","geometry":{"type":"Point","coordinates":[75.96471,14.42793]},"properties":{"cell_id":127242,"case_count":1,"gi_zscore":-0.1187,"gi_pvalue":0.188,"significance":"not_sig"}},{"type":"Feature","geometry":{"type":"Point","coordinates":[74.4,14.43694]},"properties":{"cell_id":127500,"case_count":1,"gi_zscore":-0.1227,"gi_pvalue":0.115,"significance":"not_sig"}},{"type":"Feature","geometry":{"type":"Point","coordinates":[75.94118,14.43694]},"properties":{"cell_id":127631,"case_count":1,"gi_zscore":-0.1187,"gi_pvalue":0.203,"significance":"not_sig"}},{"type":"Feature","geometry":{"type":"Point","coordinates":[74.41176,14.44595]},"properties":{"cell_id":127892,"case_count":2,"gi_zscore":-0.1227,"gi_pvalue":0.04,"significance":"cold_95"}},{"type":"Feature","geometry":{"type":"Point","coordinates":[74.44706,14.44595]},"properties":{"cell_id":127895,"case_count":1,"gi_zscore":-0.1227,"gi_pvalue":0.116,"significance":"not_sig"}},{"type":"Feature","geometry":{"type":"Point","coordinates":[75.90588,14.44595]},"properties":{"cell_id":128019,"case_count":2,"gi_zscore":-0.1086,"gi_pvalue":0.46,"significance":"not_sig"}},{"type":"Feature","geometry":{"type":"Point","coordinates":[75.91765,14.44595]},"properties":{"cell_id":128020,"case_count":2,"gi_zscore":-0.1086,"gi_pvalue":0.46,"significance":"not_sig"}},{"type":"Feature","geometry":{"type":"Point","coordinates":[75.92941,14.44595]},"properties":{"cell_id":128021,"case_count":2,"gi_zscore":-0.1147,"gi_pvalue":0.348,"significance":"not_sig"}},{"type":"Feature","geometry":{"type":"Point","coordinates":[76.0,14.44595]},"properties":{"cell_id":128027,"case_count":1,"gi_zscore":-0.1187,"gi_pvalue":0.205,"significance":"not_sig"}},{"type":"Feature","geometry":{"type":"Point","coordinates":[75.38824,14.45495]},"properties":{"cell_id":128366,"case_count":3,"gi_zscore":-0.1187,"gi_pvalue":0.039,"significance":"cold_95"}},{"type":"Feature","geometry":{"type":"Point","coordinates":[75.4,14.45495]},"properties":{"cell_id":128367,"case_count":2,"gi_zscore":-0.1187,"gi_pvalue":0.117,"significance":"not_sig"}},{"type":"Feature","geometry":{"type":"Point","coordinates":[75.91765,14.45495]},"properties":{"cell_id":128411,"case_count":2,"gi_zscore":-0.1026,"gi_pvalue":0.355,"significance":"not_sig"}},{"type":"Feature","geometry":{"type":"Point","coordinates":[75.92941,14.45495]},"properties":{"cell_id":128412,"case_count":2,"gi_zscore":-0.1086,"gi_pvalue":0.489,"significance":"not_sig"}},{"type":"Feature","geometry":{"type":"Point","coordinates":[75.94118,14.45495]},"properties":{"cell_id":128413,"case_count":1,"gi_zscore":-0.1086,"gi_pvalue":0.46,"significance":"not_sig"}},{"type":"Feature","geometry":{"type":"Point","coordinates":[75.90588,14.46396]},"properties":{"cell_id":128801,"case_count":1,"gi_zscore":-0.1046,"gi_pvalue":0.355,"significance":"not_sig"}},{"type":"Feature","geometry":{"type":"Point","coordinates":[75.91765,14.46396]},"properties":{"cell_id":128802,"case_count":4,"gi_zscore":-0.1046,"gi_pvalue":0.46,"significance":"not_sig"}},{"type":"Feature","geometry":{"type":"Point","coordinates":[75.94118,14.46396]},"properties":{"cell_id":128804,"case_count":2,"gi_zscore":-0.1026,"gi_pvalue":0.386,"significance":"not_sig"}},{"type":"Feature","geometry":{"type":"Point","coordinates":[76.10588,14.46396]},"properties":{"cell_id":128818,"case_count":1,"gi_zscore":-0.1247,"gi_pvalue":0.04,"significance":"cold_95"}},{"type":"Feature","geometry":{"type":"Point","coordinates":[75.91765,14.47297]},"properties":{"cell_id":129193,"case_count":4,"gi_zscore":-0.1046,"gi_pvalue":0.46,"significance":"not_sig"}},{"type":"Feature","geometry":{"type":"Point","coordinates":[75.92941,14.47297]},"properties":{"cell_id":129194,"case_count":1,"gi_zscore":-0.1046,"gi_pvalue":0.354,"significance":"not_sig"}},{"type":"Feature","geometry":{"type":"Point","coordinates":[75.67059,14.48198]},"properties":{"cell_id":129563,"case_count":1,"gi_zscore":-0.1227,"gi_pvalue":0.116,"significance":"not_sig"}},{"type":"Feature","geometry":{"type":"Point","coordinates":[75.84706,14.48198]},"properties":{"cell_id":129578,"case_count":1,"gi_zscore":-0.1167,"gi_pvalue":0.35,"significance":"not_sig"}},{"type":"Feature","geometry":{"type":"Point","coordinates":[75.90588,14.48198]},"properties":{"cell_id":129583,"case_count":1,"gi_zscore":-0.1046,"gi_pvalue":0.354,"significance":"not_sig"}},{"type":"Feature","geometry":{"type":"Point","coordinates":[75.92941,14.48198]},"properties":{"cell_id":129585,"case_count":2,"gi_zscore":-0.1046,"gi_pvalue":0.386,"significance":"not_sig"}},{"type":"Feature","geometry":{"type":"Point","coordinates":[76.16471,14.49099]},"properties":{"cell_id":129996,"case_count":1,"gi_zscore":-0.1247,"gi_pvalue":0.041,"significance":"cold_95"}},{"type":"Feature","geometry":{"type":"Point","coordinates":[75.97647,14.5]},"properties":{"cell_id":130371,"case_count":1,"gi_zscore":-0.1066,"gi_pvalue":0.412,"significance":"not_sig"}},{"type":"Feature","geometry":{"type":"Point","coordinates":[74.4,14.50901]},"properties":{"cell_id":130628,"case_count":1,"gi_zscore":-0.1227,"gi_pvalue":0.115,"significance":"not_sig"}},{"type":"Feature","geometry":{"type":"Point","coordinates":[75.8,14.50901]},"properties":{"cell_id":130747,"case_count":2,"gi_zscore":-0.1167,"gi_pvalue":0.209,"significance":"not_sig"}},{"type":"Feature","geometry":{"type":"Point","coordinates":[75.81176,14.50901]},"properties":{"cell_id":130748,"case_count":2,"gi_zscore":-0.1167,"gi_pvalue":0.209,"significance":"not_sig"}},{"type":"Feature","geometry":{"type":"Point","coordinates":[75.65882,14.51802]},"properties":{"cell_id":131126,"case_count":1,"gi_zscore":-0.1247,"gi_pvalue":0.042,"significance":"cold_95"}},{"type":"Feature","geometry":{"type":"Point","coordinates":[75.8,14.51802]},"properties":{"cell_id":131138,"case_count":1,"gi_zscore":-0.1167,"gi_pvalue":0.35,"significance":"not_sig"}},{"type":"Feature","geometry":{"type":"Point","coordinates":[75.81176,14.51802]},"properties":{"cell_id":131139,"case_count":2,"gi_zscore":-0.1167,"gi_pvalue":0.209,"significance":"not_sig"}},{"type":"Feature","geometry":{"type":"Point","coordinates":[76.34118,14.51802]},"properties":{"cell_id":131184,"case_count":1,"gi_zscore":-0.1247,"gi_pvalue":0.042,"significance":"cold_95"}},{"type":"Feature","geometry":{"type":"Point","coordinates":[76.14118,14.52703]},"properties":{"cell_id":131558,"case_count":1,"gi_zscore":-0.1247,"gi_pvalue":0.042,"significance":"cold_95"}},{"type":"Feature","geometry":{"type":"Point","coordinates":[76.15294,14.52703]},"properties":{"cell_id":131559,"case_count":1,"gi_zscore":-0.1247,"gi_pvalue":0.042,"significance":"cold_95"}},{"type":"Feature","geometry":{"type":"Point","coordinates":[76.24706,14.52703]},"properties":{"cell_id":131567,"case_count":1,"gi_zscore":-0.1247,"gi_pvalue":0.042,"significance":"cold_95"}},{"type":"Feature","geometry":{"type":"Point","coordinates":[74.31765,14.53604]},"properties":{"cell_id":131794,"case_count":1,"gi_zscore":-0.1227,"gi_pvalue":0.115,"significance":"not_sig"}},{"type":"Feature","geometry":{"type":"Point","coordinates":[75.54118,14.53604]},"properties":{"cell_id":131898,"case_count":1,"gi_zscore":-0.1207,"gi_pvalue":0.115,"significance":"not_sig"}},{"type":"Feature","geometry":{"type":"Point","coordinates":[75.81176,14.53604]},"properties":{"cell_id":131921,"case_count":1,"gi_zscore":-0.1167,"gi_pvalue":0.35,"significance":"not_sig"}},{"type":"Feature","geometry":{"type":"Point","coordinates":[75.01176,14.54505]},"properties":{"cell_id":132244,"case_count":1,"gi_zscore":-0.1147,"gi_pvalue":0.43,"significance":"not_sig"}},{"type":"Feature","geometry":{"type":"Point","coordinates":[75.81176,14.54505]},"properties":{"cell_id":132312,"case_count":2,"gi_zscore":-0.1167,"gi_pvalue":0.208,"significance":"not_sig"}},{"type":"Feature","geometry":{"type":"Point","coordinates":[74.31765,14.55405]},"properties":{"cell_id":132576,"case_count":1,"gi_zscore":-0.1227,"gi_pvalue":0.115,"significance":"not_sig"}},{"type":"Feature","geometry":{"type":"Point","coordinates":[75.16471,14.55405]},"properties":{"cell_id":132648,"case_count":1,"gi_zscore":-0.1227,"gi_pvalue":0.115,"significance":"not_sig"}},{"type":"Feature","geometry":{"type":"Point","coordinates":[75.41176,14.55405]},"properties":{"cell_id":132669,"case_count":1,"gi_zscore":-0.1187,"gi_pvalue":0.208,"significance":"not_sig"}},{"type":"Feature","geometry":{"type":"Point","coordinates":[75.6,14.55405]},"properties":{"cell_id":132685,"case_count":1,"gi_zscore":-0.1207,"gi_pvalue":0.115,"significance":"not_sig"}},{"type":"Feature","geometry":{"type":"Point","coordinates":[74.30588,14.56306]},"properties":{"cell_id":132966,"case_count":1,"gi_zscore":-0.1227,"gi_pvalue":0.115,"significance":"not_sig"}},{"type":"Feature","geometry":{"type":"Point","coordinates":[75.36471,14.57207]},"properties":{"cell_id":133447,"case_count":1,"gi_zscore":-0.1187,"gi_pvalue":0.208,"significance":"not_sig"}},{"type":"Feature","geometry":{"type":"Point","coordinates":[75.64706,14.59009]},"properties":{"cell_id":134253,"case_count":1,"gi_zscore":-0.1207,"gi_pvalue":0.115,"significance":"not_sig"}},{"type":"Feature","geometry":{"type":"Point","coordinates":[75.63529,14.60811]},"properties":{"cell_id":135034,"case_count":1,"gi_zscore":-0.1207,"gi_pvalue":0.115,"significance":"not_sig"}},{"type":"Feature","geometry":{"type":"Point","coordinates":[76.15294,14.60811]},"properties":{"cell_id":135078,"case_count":1,"gi_zscore":-0.1247,"gi_pvalue":0.042,"significance":"cold_95"}},{"type":"Feature","geometry":{"type":"Point","coordinates":[74.82353,14.61712]},"properties":{"cell_id":135356,"case_count":2,"gi_zscore":-0.1147,"gi_pvalue":0.351,"significance":"not_sig"}},{"type":"Feature","geometry":{"type":"Point","coordinates":[74.83529,14.61712]},"properties":{"cell_id":135357,"case_count":1,"gi_zscore":-0.1147,"gi_pvalue":0.43,"significance":"not_sig"}},{"type":"Feature","geometry":{"type":"Point","coordinates":[74.84706,14.61712]},"properties":{"cell_id":135358,"case_count":3,"gi_zscore":-0.1147,"gi_pvalue":0.288,"significance":"not_sig"}},{"type":"Feature","geometry":{"type":"Point","coordinates":[75.62353,14.61712]},"properties":{"cell_id":135424,"case_count":1,"gi_zscore":-0.1207,"gi_pvalue":0.116,"significance":"not_sig"}},{"type":"Feature","geometry":{"type":"Point","coordinates":[75.63529,14.61712]},"properties":{"cell_id":135425,"case_count":1,"gi_zscore":-0.1207,"gi_pvalue":0.116,"significance":"not_sig"}},{"type":"Feature","geometry":{"type":"Point","coordinates":[74.30588,14.62613]},"properties":{"cell_id":135703,"case_count":1,"gi_zscore":-0.1247,"gi_pvalue":0.042,"significance":"cold_95"}},{"type":"Feature","geometry":{"type":"Point","coordinates":[74.82353,14.62613]},"properties":{"cell_id":135747,"case_count":1,"gi_zscore":-0.1147,"gi_pvalue":0.429,"significance":"not_sig"}},{"type":"Feature","geometry":{"type":"Point","coordinates":[74.83529,14.62613]},"properties":{"cell_id":135748,"case_count":2,"gi_zscore":-0.1147,"gi_pvalue":0.348,"significance":"not_sig"}},{"type":"Feature","geometry":{"type":"Point","coordinates":[74.84706,14.62613]},"properties":{"cell_id":135749,"case_count":1,"gi_zscore":-0.1147,"gi_pvalue":0.429,"significance":"not_sig"}},{"type":"Feature","geometry":{"type":"Point","coordinates":[74.85882,14.62613]},"properties":{"cell_id":135750,"case_count":2,"gi_zscore":-0.1147,"gi_pvalue":0.347,"significance":"not_sig"}},{"type":"Feature","geometry":{"type":"Point","coordinates":[75.23529,14.62613]},"properties":{"cell_id":135782,"case_count":1,"gi_zscore":-0.1227,"gi_pvalue":0.116,"significance":"not_sig"}},{"type":"Feature","geometry":{"type":"Point","coordinates":[75.62353,14.62613]},"properties":{"cell_id":135815,"case_count":3,"gi_zscore":-0.1207,"gi_pvalue":0.045,"significance":"cold_95"}},{"type":"Feature","geometry":{"type":"Point","coordinates":[75.63529,14.62613]},"properties":{"cell_id":135816,"case_count":1,"gi_zscore":-0.1207,"gi_pvalue":0.116,"significance":"not_sig"}},{"type":"Feature","geometry":{"type":"Point","coordinates":[74.84706,14.63514]},"properties":{"cell_id":136140,"case_count":1,"gi_zscore":-0.1147,"gi_pvalue":0.431,"significance":"not_sig"}},{"type":"Feature","geometry":{"type":"Point","coordinates":[75.30588,14.64414]},"properties":{"cell_id":136570,"case_count":1,"gi_zscore":-0.1227,"gi_pvalue":0.116,"significance":"not_sig"}},{"type":"Feature","geometry":{"type":"Point","coordinates":[74.28235,14.68018]},"properties":{"cell_id":138047,"case_count":1,"gi_zscore":-0.1247,"gi_pvalue":0.044,"significance":"cold_95"}},{"type":"Feature","geometry":{"type":"Point","coordinates":[75.36471,14.68919]},"properties":{"cell_id":138530,"case_count":1,"gi_zscore":-0.1187,"gi_pvalue":0.209,"significance":"not_sig"}},{"type":"Feature","geometry":{"type":"Point","coordinates":[74.49412,14.6982]},"properties":{"cell_id":138847,"case_count":1,"gi_zscore":-0.1247,"gi_pvalue":0.044,"significance":"cold_95"}},{"type":"Feature","geometry":{"type":"Point","coordinates":[74.27059,14.70721]},"properties":{"cell_id":139219,"case_count":1,"gi_zscore":-0.1247,"gi_pvalue":0.044,"significance":"cold_95"}},{"type":"Feature","geometry":{"type":"Point","coordinates":[75.77647,14.70721]},"properties":{"cell_id":139347,"case_count":1,"gi_zscore":-0.1187,"gi_pvalue":0.209,"significance":"not_sig"}},{"type":"Feature","geometry":{"type":"Point","coordinates":[76.74118,14.71622]},"properties":{"cell_id":139820,"case_count":2,"gi_zscore":-0.1187,"gi_pvalue":0.117,"significance":"not_sig"}},{"type":"Feature","geometry":{"type":"Point","coordinates":[74.28235,14.72523]},"properties":{"cell_id":140002,"case_count":1,"gi_zscore":-0.1247,"gi_pvalue":0.044,"significance":"cold_95"}},{"type":"Feature","geometry":{"type":"Point","coordinates":[74.29412,14.72523]},"properties":{"cell_id":140003,"case_count":1,"gi_zscore":-0.1247,"gi_pvalue":0.044,"significance":"cold_95"}},{"type":"Feature","geometry":{"type":"Point","coordinates":[74.09412,14.75225]},"properties":{"cell_id":141159,"case_count":1,"gi_zscore":-0.1086,"gi_pvalue":0.462,"significance":"not_sig"}},{"type":"Feature","geometry":{"type":"Point","coordinates":[75.12941,14.76126]},"properties":{"cell_id":141638,"case_count":1,"gi_zscore":-0.1207,"gi_pvalue":0.117,"significance":"not_sig"}},{"type":"Feature","geometry":{"type":"Point","coordinates":[74.16471,14.77027]},"properties":{"cell_id":141947,"case_count":1,"gi_zscore":-0.1086,"gi_pvalue":0.462,"significance":"not_sig"}},{"type":"Feature","geometry":{"type":"Point","coordinates":[75.12941,14.77027]},"properties":{"cell_id":142029,"case_count":2,"gi_zscore":-0.1207,"gi_pvalue":0.044,"significance":"cold_95"}},{"type":"Feature","geometry":{"type":"Point","coordinates":[75.24706,14.77027]},"properties":{"cell_id":142039,"case_count":2,"gi_zscore":-0.1207,"gi_pvalue":0.117,"significance":"not_sig"}},{"type":"Feature","geometry":{"type":"Point","coordinates":[75.74118,14.77027]},"properties":{"cell_id":142081,"case_count":1,"gi_zscore":-0.1207,"gi_pvalue":0.117,"significance":"not_sig"}},{"type":"Feature","geometry":{"type":"Point","coordinates":[75.12941,14.77928]},"properties":{"cell_id":142420,"case_count":1,"gi_zscore":-0.1207,"gi_pvalue":0.117,"significance":"not_sig"}},{"type":"Feature","geometry":{"type":"Point","coordinates":[75.29412,14.77928]},"properties":{"cell_id":142434,"case_count":1,"gi_zscore":-0.1167,"gi_pvalue":0.346,"significance":"not_sig"}},{"type":"Feature","geometry":{"type":"Point","coordinates":[75.30588,14.77928]},"properties":{"cell_id":142435,"case_count":1,"gi_zscore":-0.1167,"gi_pvalue":0.346,"significance":"not_sig"}},{"type":"Feature","geometry":{"type":"Point","coordinates":[75.35294,14.77928]},"properties":{"cell_id":142439,"case_count":1,"gi_zscore":-0.1126,"gi_pvalue":0.489,"significance":"not_sig"}},{"type":"Feature","geometry":{"type":"Point","coordinates":[75.36471,14.77928]},"properties":{"cell_id":142440,"case_count":1,"gi_zscore":-0.1126,"gi_pvalue":0.489,"significance":"not_sig"}},{"type":"Feature","geometry":{"type":"Point","coordinates":[75.44706,14.77928]},"properties":{"cell_id":142447,"case_count":1,"gi_zscore":-0.1126,"gi_pvalue":0.489,"significance":"not_sig"}},{"type":"Feature","geometry":{"type":"Point","coordinates":[74.12941,14.78829]},"properties":{"cell_id":142726,"case_count":1,"gi_zscore":-0.1086,"gi_pvalue":0.461,"significance":"not_sig"}},{"type":"Feature","geometry":{"type":"Point","coordinates":[75.10588,14.78829]},"properties":{"cell_id":142809,"case_count":1,"gi_zscore":-0.1207,"gi_pvalue":0.197,"significance":"not_sig"}},{"type":"Feature","geometry":{"type":"Point","coordinates":[75.38824,14.78829]},"properties":{"cell_id":142833,"case_count":1,"gi_zscore":-0.1126,"gi_pvalue":0.489,"significance":"not_sig"}},{"type":"Feature","geometry":{"type":"Point","coordinates":[75.4,14.78829]},"properties":{"cell_id":142834,"case_count":4,"gi_zscore":-0.1126,"gi_pvalue":0.291,"significance":"not_sig"}},{"type":"Feature","geometry":{"type":"Point","coordinates":[75.41176,14.78829]},"properties":{"cell_id":142835,"case_count":1,"gi_zscore":-0.1126,"gi_pvalue":0.489,"significance":"not_sig"}},{"type":"Feature","geometry":{"type":"Point","coordinates":[75.98824,14.78829]},"properties":{"cell_id":142884,"case_count":1,"gi_zscore":-0.1227,"gi_pvalue":0.117,"significance":"not_sig"}},{"type":"Feature","geometry":{"type":"Point","coordinates":[74.11765,14.7973]},"properties":{"cell_id":143116,"case_count":4,"gi_zscore":-0.1086,"gi_pvalue":0.389,"significance":"not_sig"}},{"type":"Feature","geometry":{"type":"Point","coordinates":[75.38824,14.7973]},"properties":{"cell_id":143224,"case_count":1,"gi_zscore":-0.1126,"gi_pvalue":0.489,"significance":"not_sig"}},{"type":"Feature","geometry":{"type":"Point","coordinates":[75.4,14.7973]},"properties":{"cell_id":143225,"case_count":4,"gi_zscore":-0.1126,"gi_pvalue":0.293,"significance":"not_sig"}},{"type":"Feature","geometry":{"type":"Point","coordinates":[75.98824,14.7973]},"properties":{"cell_id":143275,"case_count":1,"gi_zscore":-0.1247,"gi_pvalue":0.044,"significance":"cold_95"}},{"type":"Feature","geometry":{"type":"Point","coordinates":[74.12941,14.80631]},"properties":{"cell_id":143508,"case_count":6,"gi_zscore":-0.1086,"gi_pvalue":0.199,"significance":"not_sig"}},{"type":"Feature","geometry":{"type":"Point","coordinates":[75.41176,14.80631]},"properties":{"cell_id":143617,"case_count":1,"gi_zscore":-0.1126,"gi_pvalue":0.49,"significance":"not_sig"}},{"type":"Feature","geometry":{"type":"Point","coordinates":[74.12941,14.81532]},"properties":{"cell_id":143899,"case_count":1,"gi_zscore":-0.1086,"gi_pvalue":0.46,"significance":"not_sig"}},{"type":"Feature","geometry":{"type":"Point","coordinates":[74.14118,14.81532]},"properties":{"cell_id":143900,"case_count":1,"gi_zscore":-0.1086,"gi_pvalue":0.438,"significance":"not_sig"}},{"type":"Feature","geometry":{"type":"Point","coordinates":[76.72941,14.81532]},"properties":{"cell_id":144120,"case_count":1,"gi_zscore":-0.1187,"gi_pvalue":0.21,"significance":"not_sig"}},{"type":"Feature","geometry":{"type":"Point","coordinates":[76.22353,14.82432]},"properties":{"cell_id":144468,"case_count":1,"gi_zscore":-0.1207,"gi_pvalue":0.116,"significance":"not_sig"}},{"type":"Feature","geometry":{"type":"Point","coordinates":[74.14118,14.83333]},"properties":{"cell_id":144682,"case_count":1,"gi_zscore":-0.1086,"gi_pvalue":0.438,"significance":"not_sig"}},{"type":"Feature","geometry":{"type":"Point","coordinates":[76.64706,14.83333]},"properties":{"cell_id":144895,"case_count":1,"gi_zscore":-0.1187,"gi_pvalue":0.21,"significance":"not_sig"}},{"type":"Feature","geometry":{"type":"Point","coordinates":[74.12941,14.84234]},"properties":{"cell_id":145072,"case_count":1,"gi_zscore":-0.1066,"gi_pvalue":0.387,"significance":"not_sig"}},{"type":"Feature","geometry":{"type":"Point","coordinates":[76.23529,14.84234]},"properties":{"cell_id":145251,"case_count":1,"gi_zscore":-0.1207,"gi_pvalue":0.116,"significance":"not_sig"}},{"type":"Feature","geometry":{"type":"Point","coordinates":[75.32941,14.85135]},"properties":{"cell_id":145565,"case_count":1,"gi_zscore":-0.1187,"gi_pvalue":0.21,"significance":"not_sig"}},{"type":"Feature","geometry":{"type":"Point","coordinates":[76.83529,14.85135]},"properties":{"cell_id":145693,"case_count":1,"gi_zscore":-0.1187,"gi_pvalue":0.21,"significance":"not_sig"}},{"type":"Feature","geometry":{"type":"Point","coordinates":[75.68235,14.86036]},"properties":{"cell_id":145986,"case_count":1,"gi_zscore":-0.1187,"gi_pvalue":0.21,"significance":"not_sig"}},{"type":"Feature","geometry":{"type":"Point","coordinates":[75.69412,14.86036]},"properties":{"cell_id":145987,"case_count":1,"gi_zscore":-0.1187,"gi_pvalue":0.21,"significance":"not_sig"}},{"type":"Feature","geometry":{"type":"Point","coordinates":[76.81176,14.87838]},"properties":{"cell_id":146864,"case_count":1,"gi_zscore":-0.1187,"gi_pvalue":0.21,"significance":"not_sig"}},{"type":"Feature","geometry":{"type":"Point","coordinates":[74.11765,14.88739]},"properties":{"cell_id":147026,"case_count":1,"gi_zscore":-0.1066,"gi_pvalue":0.387,"significance":"not_sig"}},{"type":"Feature","geometry":{"type":"Point","coordinates":[74.22353,14.88739]},"properties":{"cell_id":147035,"case_count":1,"gi_zscore":-0.1126,"gi_pvalue":0.49,"significance":"not_sig"}},{"type":"Feature","geometry":{"type":"Point","coordinates":[74.10588,14.8964]},"properties":{"cell_id":147416,"case_count":2,"gi_zscore":-0.1066,"gi_pvalue":0.422,"significance":"not_sig"}},{"type":"Feature","geometry":{"type":"Point","coordinates":[74.09412,14.90541]},"properties":{"cell_id":147806,"case_count":1,"gi_zscore":-0.1066,"gi_pvalue":0.387,"significance":"not_sig"}},{"type":"Feature","geometry":{"type":"Point","coordinates":[75.04706,14.90541]},"properties":{"cell_id":147887,"case_count":1,"gi_zscore":-0.1227,"gi_pvalue":0.116,"significance":"not_sig"}},{"type":"Feature","geometry":{"type":"Point","coordinates":[76.38824,14.90541]},"properties":{"cell_id":148001,"case_count":3,"gi_zscore":-0.1207,"gi_pvalue":0.044,"significance":"cold_95"}},{"type":"Feature","geometry":{"type":"Point","coordinates":[75.25882,14.94144]},"properties":{"cell_id":149469,"case_count":1,"gi_zscore":-0.1227,"gi_pvalue":0.117,"significance":"not_sig"}},{"type":"Feature","geometry":{"type":"Point","coordinates":[75.22353,14.95045]},"properties":{"cell_id":149857,"case_count":1,"gi_zscore":-0.1227,"gi_pvalue":0.117,"significance":"not_sig"}},{"type":"Feature","geometry":{"type":"Point","coordinates":[74.70588,14.95946]},"properties":{"cell_id":150204,"case_count":1,"gi_zscore":-0.1207,"gi_pvalue":0.117,"significance":"not_sig"}},{"type":"Feature","geometry":{"type":"Point","coordinates":[74.70588,14.96847]},"properties":{"cell_id":150595,"case_count":1,"gi_zscore":-0.1207,"gi_pvalue":0.117,"significance":"not_sig"}},{"type":"Feature","geometry":{"type":"Point","coordinates":[74.71765,14.96847]},"properties":{"cell_id":150596,"case_count":1,"gi_zscore":-0.1207,"gi_pvalue":0.117,"significance":"not_sig"}},{"type":"Feature","geometry":{"type":"Point","coordinates":[75.03529,14.96847]},"properties":{"cell_id":150623,"case_count":1,"gi_zscore":-0.1247,"gi_pvalue":0.044,"significance":"cold_95"}},{"type":"Feature","geometry":{"type":"Point","coordinates":[75.04706,14.96847]},"properties":{"cell_id":150624,"case_count":1,"gi_zscore":-0.1247,"gi_pvalue":0.044,"significance":"cold_95"}},{"type":"Feature","geometry":{"type":"Point","coordinates":[75.32941,14.96847]},"properties":{"cell_id":150648,"case_count":2,"gi_zscore":-0.1227,"gi_pvalue":0.044,"significance":"cold_95"}},{"type":"Feature","geometry":{"type":"Point","coordinates":[75.34118,14.96847]},"properties":{"cell_id":150649,"case_count":1,"gi_zscore":-0.1227,"gi_pvalue":0.115,"significance":"not_sig"}},{"type":"Feature","geometry":{"type":"Point","coordinates":[75.34118,14.97748]},"properties":{"cell_id":151040,"case_count":1,"gi_zscore":-0.1227,"gi_pvalue":0.115,"significance":"not_sig"}},{"type":"Feature","geometry":{"type":"Point","coordinates":[75.22353,14.98649]},"properties":{"cell_id":151421,"case_count":1,"gi_zscore":-0.1227,"gi_pvalue":0.115,"significance":"not_sig"}},{"type":"Feature","geometry":{"type":"Point","coordinates":[75.45882,14.98649]},"properties":{"cell_id":151441,"case_count":1,"gi_zscore":-0.1187,"gi_pvalue":0.21,"significance":"not_sig"}},{"type":"Feature","geometry":{"type":"Point","coordinates":[75.25882,15.0045]},"properties":{"cell_id":152206,"case_count":1,"gi_zscore":-0.1227,"gi_pvalue":0.115,"significance":"not_sig"}},{"type":"Feature","geometry":{"type":"Point","coordinates":[75.02353,15.02252]},"properties":{"cell_id":152968,"case_count":1,"gi_zscore":-0.1227,"gi_pvalue":0.115,"significance":"not_sig"}},{"type":"Feature","geometry":{"type":"Point","coordinates":[75.50588,15.02252]},"properties":{"cell_id":153009,"case_count":1,"gi_zscore":-0.1207,"gi_pvalue":0.115,"significance":"not_sig"}},{"type":"Feature","geometry":{"type":"Point","coordinates":[75.4,15.04054]},"properties":{"cell_id":153782,"case_count":1,"gi_zscore":-0.1187,"gi_pvalue":0.21,"significance":"not_sig"}},{"type":"Feature","geometry":{"type":"Point","coordinates":[75.02353,15.05856]},"properties":{"cell_id":154532,"case_count":1,"gi_zscore":-0.1207,"gi_pvalue":0.115,"significance":"not_sig"}},{"type":"Feature","geometry":{"type":"Point","coordinates":[75.28235,15.08559]},"properties":{"cell_id":155727,"case_count":1,"gi_zscore":-0.1227,"gi_pvalue":0.115,"significance":"not_sig"}},{"type":"Feature","geometry":{"type":"Point","coordinates":[75.88235,15.08559]},"properties":{"cell_id":155778,"case_count":1,"gi_zscore":-0.1227,"gi_pvalue":0.115,"significance":"not_sig"}},{"type":"Feature","geometry":{"type":"Point","coordinates":[75.71765,15.1036]},"properties":{"cell_id":156546,"case_count":2,"gi_zscore":-0.1227,"gi_pvalue":0.042,"significance":"cold_95"}},{"type":"Feature","geometry":{"type":"Point","coordinates":[75.76471,15.11261]},"properties":{"cell_id":156941,"case_count":1,"gi_zscore":-0.1227,"gi_pvalue":0.115,"significance":"not_sig"}},{"type":"Feature","geometry":{"type":"Point","coordinates":[75.47059,15.12162]},"properties":{"cell_id":157307,"case_count":3,"gi_zscore":-0.1147,"gi_pvalue":0.211,"significance":"not_sig"}},{"type":"Feature","geometry":{"type":"Point","coordinates":[75.57647,15.12162]},"properties":{"cell_id":157316,"case_count":1,"gi_zscore":-0.1126,"gi_pvalue":0.487,"significance":"not_sig"}},{"type":"Feature","geometry":{"type":"Point","coordinates":[75.76471,15.12162]},"properties":{"cell_id":157332,"case_count":1,"gi_zscore":-0.1227,"gi_pvalue":0.116,"significance":"not_sig"}},{"type":"Feature","geometry":{"type":"Point","coordinates":[76.12941,15.12162]},"properties":{"cell_id":157363,"case_count":1,"gi_zscore":-0.1247,"gi_pvalue":0.042,"significance":"cold_95"}},{"type":"Feature","geometry":{"type":"Point","coordinates":[75.36471,15.13063]},"properties":{"cell_id":157689,"case_count":1,"gi_zscore":-0.1207,"gi_pvalue":0.199,"significance":"not_sig"}},{"type":"Feature","geometry":{"type":"Point","coordinates":[75.45882,15.13063]},"properties":{"cell_id":157697,"case_count":1,"gi_zscore":-0.1147,"gi_pvalue":0.388,"significance":"not_sig"}},{"type":"Feature","geometry":{"type":"Point","coordinates":[75.05882,15.14865]},"properties":{"cell_id":158445,"case_count":1,"gi_zscore":-0.1207,"gi_pvalue":0.116,"significance":"not_sig"}},{"type":"Feature","geometry":{"type":"Point","coordinates":[75.95294,15.14865]},"properties":{"cell_id":158521,"case_count":1,"gi_zscore":-0.1247,"gi_pvalue":0.042,"significance":"cold_95"}},{"type":"Feature","geometry":{"type":"Point","coordinates":[76.91765,15.14865]},"properties":{"cell_id":158603,"case_count":1,"gi_zscore":-0.1247,"gi_pvalue":0.042,"significance":"cold_95"}},{"type":"Feature","geometry":{"type":"Point","coordinates":[74.48235,15.15766]},"properties":{"cell_id":158787,"case_count":1,"gi_zscore":-0.1187,"gi_pvalue":0.211,"significance":"not_sig"}},{"type":"Feature","geometry":{"type":"Point","coordinates":[76.35294,15.15766]},"properties":{"cell_id":158946,"case_count":1,"gi_zscore":-0.1227,"gi_pvalue":0.116,"significance":"not_sig"}},{"type":"Feature","geometry":{"type":"Point","coordinates":[76.88235,15.15766]},"properties":{"cell_id":158991,"case_count":1,"gi_zscore":-0.1247,"gi_pvalue":0.042,"significance":"cold_95"}},{"type":"Feature","geometry":{"type":"Point","coordinates":[75.27059,15.16667]},"properties":{"cell_id":159245,"case_count":1,"gi_zscore":-0.1227,"gi_pvalue":0.116,"significance":"not_sig"}},{"type":"Feature","geometry":{"type":"Point","coordinates":[75.84706,15.16667]},"properties":{"cell_id":159294,"case_count":1,"gi_zscore":-0.1227,"gi_pvalue":0.116,"significance":"not_sig"}},{"type":"Feature","geometry":{"type":"Point","coordinates":[75.27059,15.17568]},"properties":{"cell_id":159636,"case_count":1,"gi_zscore":-0.1227,"gi_pvalue":0.116,"significance":"not_sig"}},{"type":"Feature","geometry":{"type":"Point","coordinates":[74.97647,15.18468]},"properties":{"cell_id":160002,"case_count":2,"gi_zscore":-0.1187,"gi_pvalue":0.116,"significance":"not_sig"}},{"type":"Feature","geometry":{"type":"Point","coordinates":[74.98824,15.18468]},"properties":{"cell_id":160003,"case_count":1,"gi_zscore":-0.1187,"gi_pvalue":0.211,"significance":"not_sig"}},{"type":"Feature","geometry":{"type":"Point","coordinates":[75.49412,15.18468]},"properties":{"cell_id":160046,"case_count":1,"gi_zscore":-0.1147,"gi_pvalue":0.432,"significance":"not_sig"}},{"type":"Feature","geometry":{"type":"Point","coordinates":[75.21176,15.19369]},"properties":{"cell_id":160413,"case_count":1,"gi_zscore":-0.1207,"gi_pvalue":0.116,"significance":"not_sig"}},{"type":"Feature","geometry":{"type":"Point","coordinates":[75.87059,15.2027]},"properties":{"cell_id":160860,"case_count":1,"gi_zscore":-0.1247,"gi_pvalue":0.042,"significance":"cold_95"}},{"type":"Feature","geometry":{"type":"Point","coordinates":[76.09412,15.2027]},"properties":{"cell_id":160879,"case_count":1,"gi_zscore":-0.1247,"gi_pvalue":0.042,"significance":"cold_95"}},{"type":"Feature","geometry":{"type":"Point","coordinates":[74.97647,15.22072]},"properties":{"cell_id":161566,"case_count":2,"gi_zscore":-0.1187,"gi_pvalue":0.116,"significance":"not_sig"}},{"type":"Feature","geometry":{"type":"Point","coordinates":[75.24706,15.22072]},"properties":{"cell_id":161589,"case_count":1,"gi_zscore":-0.1207,"gi_pvalue":0.115,"significance":"not_sig"}},{"type":"Feature","geometry":{"type":"Point","coordinates":[75.64706,15.22072]},"properties":{"cell_id":161623,"case_count":1,"gi_zscore":0.3454,"gi_pvalue":0.08,"significance":"hot_90"}},{"type":"Feature","geometry":{"type":"Point","coordinates":[76.6,15.22072]},"properties":{"cell_id":161704,"case_count":1,"gi_zscore":-0.1187,"gi_pvalue":0.21,"significance":"not_sig"}},{"type":"Feature","geometry":{"type":"Point","coordinates":[75.57647,15.22973]},"properties":{"cell_id":162008,"case_count":4,"gi_zscore":-0.0343,"gi_pvalue":0.126,"significance":"not_sig"}},{"type":"Feature","geometry":{"type":"Point","coordinates":[74.61176,15.23874]},"properties":{"cell_id":162317,"case_count":2,"gi_zscore":-0.1187,"gi_pvalue":0.115,"significance":"not_sig"}},{"type":"Feature","geometry":{"type":"Point","coordinates":[74.62353,15.23874]},"properties":{"cell_id":162318,"case_count":2,"gi_zscore":-0.1187,"gi_pvalue":0.115,"significance":"not_sig"}},{"type":"Feature","geometry":{"type":"Point","coordinates":[74.76471,15.23874]},"properties":{"cell_id":162330,"case_count":1,"gi_zscore":-0.1147,"gi_pvalue":0.433,"significance":"not_sig"}},{"type":"Feature","geometry":{"type":"Point","coordinates":[75.0,15.23874]},"properties":{"cell_id":162350,"case_count":1,"gi_zscore":-0.1187,"gi_pvalue":0.21,"significance":"not_sig"}},{"type":"Feature","geometry":{"type":"Point","coordinates":[75.58824,15.23874]},"properties":{"cell_id":162400,"case_count":1,"gi_zscore":0.0481,"gi_pvalue":0.101,"significance":"not_sig"}},{"type":"Feature","geometry":{"type":"Point","coordinates":[74.62353,15.24775]},"properties":{"cell_id":162709,"case_count":1,"gi_zscore":-0.1187,"gi_pvalue":0.21,"significance":"not_sig"}},{"type":"Feature","geometry":{"type":"Point","coordinates":[74.61176,15.25676]},"properties":{"cell_id":163099,"case_count":1,"gi_zscore":-0.1187,"gi_pvalue":0.21,"significance":"not_sig"}},{"type":"Feature","geometry":{"type":"Point","coordinates":[74.62353,15.25676]},"properties":{"cell_id":163100,"case_count":1,"gi_zscore":-0.1187,"gi_pvalue":0.21,"significance":"not_sig"}},{"type":"Feature","geometry":{"type":"Point","coordinates":[75.23529,15.25676]},"properties":{"cell_id":163152,"case_count":1,"gi_zscore":-0.1207,"gi_pvalue":0.115,"significance":"not_sig"}},{"type":"Feature","geometry":{"type":"Point","coordinates":[75.24706,15.25676]},"properties":{"cell_id":163153,"case_count":2,"gi_zscore":-0.1207,"gi_pvalue":0.043,"significance":"cold_95"}},{"type":"Feature","geometry":{"type":"Point","coordinates":[74.61176,15.26577]},"properties":{"cell_id":163490,"case_count":1,"gi_zscore":-0.1187,"gi_pvalue":0.21,"significance":"not_sig"}},{"type":"Feature","geometry":{"type":"Point","coordinates":[75.16471,15.26577]},"properties":{"cell_id":163537,"case_count":1,"gi_zscore":-0.0986,"gi_pvalue":0.29,"significance":"not_sig"}},{"type":"Feature","geometry":{"type":"Point","coordinates":[75.34118,15.26577]},"properties":{"cell_id":163552,"case_count":1,"gi_zscore":-0.1207,"gi_pvalue":0.115,"significance":"not_sig"}},{"type":"Feature","geometry":{"type":"Point","coordinates":[76.37647,15.26577]},"properties":{"cell_id":163640,"case_count":1,"gi_zscore":-0.1227,"gi_pvalue":0.115,"significance":"not_sig"}},{"type":"Feature","geometry":{"type":"Point","coordinates":[74.61176,15.27477]},"properties":{"cell_id":163881,"case_count":2,"gi_zscore":-0.1187,"gi_pvalue":0.115,"significance":"not_sig"}},{"type":"Feature","geometry":{"type":"Point","coordinates":[75.16471,15.27477]},"properties":{"cell_id":163928,"case_count":2,"gi_zscore":-0.0905,"gi_pvalue":0.25,"significance":"not_sig"}},{"type":"Feature","geometry":{"type":"Point","coordinates":[76.34118,15.27477]},"properties":{"cell_id":164028,"case_count":2,"gi_zscore":-0.1207,"gi_pvalue":0.043,"significance":"cold_95"}},{"type":"Feature","geometry":{"type":"Point","coordinates":[76.38824,15.27477]},"properties":{"cell_id":164032,"case_count":1,"gi_zscore":-0.1227,"gi_pvalue":0.114,"significance":"not_sig"}},{"type":"Feature","geometry":{"type":"Point","coordinates":[75.94118,15.28378]},"properties":{"cell_id":164385,"case_count":1,"gi_zscore":-0.1247,"gi_pvalue":0.043,"significance":"cold_95"}},{"type":"Feature","geometry":{"type":"Point","coordinates":[76.21176,15.28378]},"properties":{"cell_id":164408,"case_count":1,"gi_zscore":-0.1207,"gi_pvalue":0.114,"significance":"not_sig"}},{"type":"Feature","geometry":{"type":"Point","coordinates":[76.38824,15.28378]},"properties":{"cell_id":164423,"case_count":1,"gi_zscore":-0.1227,"gi_pvalue":0.114,"significance":"not_sig"}},{"type":"Feature","geometry":{"type":"Point","coordinates":[75.77647,15.29279]},"properties":{"cell_id":164762,"case_count":1,"gi_zscore":0.2951,"gi_pvalue":0.086,"significance":"hot_90"}},{"type":"Feature","geometry":{"type":"Point","coordinates":[74.91765,15.3018]},"properties":{"cell_id":165080,"case_count":1,"gi_zscore":-0.1187,"gi_pvalue":0.211,"significance":"not_sig"}},{"type":"Feature","geometry":{"type":"Point","coordinates":[75.08235,15.3018]},"properties":{"cell_id":165094,"case_count":1,"gi_zscore":-0.0845,"gi_pvalue":0.201,"significance":"not_sig"}},{"type":"Feature","geometry":{"type":"Point","coordinates":[76.31765,15.3018]},"properties":{"cell_id":165199,"case_count":1,"gi_zscore":-0.1207,"gi_pvalue":0.114,"significance":"not_sig"}},{"type":"Feature","geometry":{"type":"Point","coordinates":[76.32941,15.3018]},"properties":{"cell_id":165200,"case_count":1,"gi_zscore":-0.1207,"gi_pvalue":0.114,"significance":"not_sig"}},{"type":"Feature","geometry":{"type":"Point","coordinates":[76.34118,15.3018]},"properties":{"cell_id":165201,"case_count":1,"gi_zscore":-0.1207,"gi_pvalue":0.114,"significance":"not_sig"}},{"type":"Feature","geometry":{"type":"Point","coordinates":[75.14118,15.31081]},"properties":{"cell_id":165490,"case_count":1,"gi_zscore":-0.0182,"gi_pvalue":0.112,"significance":"not_sig"}},{"type":"Feature","geometry":{"type":"Point","coordinates":[75.70588,15.31081]},"properties":{"cell_id":165538,"case_count":41,"gi_zscore":0.4096,"gi_pvalue":0.08,"significance":"hot_90"}},{"type":"Feature","geometry":{"type":"Point","coordinates":[75.71765,15.31081]},"properties":{"cell_id":165539,"case_count":79,"gi_zscore":0.4096,"gi_pvalue":0.088,"significance":"hot_90"}},{"type":"Feature","geometry":{"type":"Point","coordinates":[75.72941,15.31081]},"properties":{"cell_id":165540,"case_count":2,"gi_zscore":0.4096,"gi_pvalue":0.078,"significance":"hot_90"}},{"type":"Feature","geometry":{"type":"Point","coordinates":[76.34118,15.31081]},"properties":{"cell_id":165592,"case_count":1,"gi_zscore":-0.1207,"gi_pvalue":0.115,"significance":"not_sig"}},{"type":"Feature","geometry":{"type":"Point","coordinates":[75.12941,15.31982]},"properties":{"cell_id":165880,"case_count":3,"gi_zscore":-0.0202,"gi_pvalue":0.111,"significance":"not_sig"}},{"type":"Feature","geometry":{"type":"Point","coordinates":[75.14118,15.31982]},"properties":{"cell_id":165881,"case_count":2,"gi_zscore":-0.0182,"gi_pvalue":0.111,"significance":"not_sig"}},{"type":"Feature","geometry":{"type":"Point","coordinates":[75.70588,15.31982]},"properties":{"cell_id":165929,"case_count":44,"gi_zscore":0.4096,"gi_pvalue":0.083,"significance":"hot_90"}},{"type":"Feature","geometry":{"type":"Point","coordinates":[75.71765,15.31982]},"properties":{"cell_id":165930,"case_count":70,"gi_zscore":0.4096,"gi_pvalue":0.088,"significance":"hot_90"}},{"type":"Feature","geometry":{"type":"Point","coordinates":[75.72941,15.31982]},"properties":{"cell_id":165931,"case_count":2,"gi_zscore":0.4096,"gi_pvalue":0.078,"significance":"hot_90"}},{"type":"Feature","geometry":{"type":"Point","coordinates":[76.30588,15.31982]},"properties":{"cell_id":165980,"case_count":2,"gi_zscore":-0.1207,"gi_pvalue":0.044,"significance":"cold_95"}},{"type":"Feature","geometry":{"type":"Point","coordinates":[74.76471,15.32883]},"properties":{"cell_id":166240,"case_count":4,"gi_zscore":-0.1066,"gi_pvalue":0.463,"significance":"not_sig"}},{"type":"Feature","geometry":{"type":"Point","coordinates":[74.77647,15.32883]},"properties":{"cell_id":166241,"case_count":1,"gi_zscore":-0.1066,"gi_pvalue":0.412,"significance":"not_sig"}},{"type":"Feature","geometry":{"type":"Point","coordinates":[75.11765,15.32883]},"properties":{"cell_id":166270,"case_count":1,"gi_zscore":-0.0403,"gi_pvalue":0.126,"significance":"not_sig"}},{"type":"Feature","geometry":{"type":"Point","coordinates":[75.12941,15.32883]},"properties":{"cell_id":166271,"case_count":7,"gi_zscore":-0.0162,"gi_pvalue":0.117,"significance":"not_sig"}},{"type":"Feature","geometry":{"type":"Point","coordinates":[75.14118,15.32883]},"properties":{"cell_id":166272,"case_count":3,"gi_zscore":-0.0182,"gi_pvalue":0.115,"significance":"not_sig"}},{"type":"Feature","geometry":{"type":"Point","coordinates":[75.15294,15.32883]},"properties":{"cell_id":166273,"case_count":2,"gi_zscore":-0.0022,"gi_pvalue":0.111,"significance":"not_sig"}},{"type":"Feature","geometry":{"type":"Point","coordinates":[75.70588,15.32883]},"properties":{"cell_id":166320,"case_count":15,"gi_zscore":0.4096,"gi_pvalue":0.08,"significance":"hot_90"}},{"type":"Feature","geometry":{"type":"Point","coordinates":[75.71765,15.32883]},"properties":{"cell_id":166321,"case_count":21,"gi_zscore":0.4096,"gi_pvalue":0.08,"significance":"hot_90"}},{"type":"Feature","geometry":{"type":"Point","coordinates":[75.72941,15.32883]},"properties":{"cell_id":166322,"case_count":1,"gi_zscore":0.4096,"gi_pvalue":0.078,"significance":"hot_90"}},{"type":"Feature","geometry":{"type":"Point","coordinates":[75.81176,15.32883]},"properties":{"cell_id":166329,"case_count":1,"gi_zscore":0.2429,"gi_pvalue":0.089,"significance":"hot_90"}},{"type":"Feature","geometry":{"type":"Point","coordinates":[76.31765,15.32883]},"properties":{"cell_id":166372,"case_count":1,"gi_zscore":-0.1207,"gi_pvalue":0.116,"significance":"not_sig"}},{"type":"Feature","geometry":{"type":"Point","coordinates":[75.01176,15.33784]},"properties":{"cell_id":166652,"case_count":2,"gi_zscore":-0.1106,"gi_pvalue":0.49,"significance":"not_sig"}},{"type":"Feature","geometry":{"type":"Point","coordinates":[75.10588,15.33784]},"properties":{"cell_id":166660,"case_count":5,"gi_zscore":-0.0403,"gi_pvalue":0.128,"significance":"not_sig"}},{"type":"Feature","geometry":{"type":"Point","coordinates":[75.11765,15.33784]},"properties":{"cell_id":166661,"case_count":5,"gi_zscore":-0.0464,"gi_pvalue":0.132,"significance":"not_sig"}},{"type":"Feature","geometry":{"type":"Point","coordinates":[75.12941,15.33784]},"properties":{"cell_id":166662,"case_count":19,"gi_zscore":0.036,"gi_pvalue":0.11,"significance":"not_sig"}},{"type":"Feature","geometry":{"type":"Point","coordinates":[75.14118,15.33784]},"properties":{"cell_id":166663,"case_count":20,"gi_zscore":0.044,"gi_pvalue":0.11,"significance":"not_sig"}},{"type":"Feature","geometry":{"type":"Point","coordinates":[75.15294,15.33784]},"properties":{"cell_id":166664,"case_count":5,"gi_zscore":0.0079,"gi_pvalue":0.11,"significance":"not_sig"}},{"type":"Feature","geometry":{"type":"Point","coordinates":[75.42353,15.33784]},"properties":{"cell_id":166687,"case_count":2,"gi_zscore":-0.1126,"gi_pvalue":0.43,"significance":"not_sig"}},{"type":"Feature","geometry":{"type":"Point","coordinates":[76.32941,15.33784]},"properties":{"cell_id":166764,"case_count":1,"gi_zscore":-0.1227,"gi_pvalue":0.116,"significance":"not_sig"}},{"type":"Feature","geometry":{"type":"Point","coordinates":[76.45882,15.33784]},"properties":{"cell_id":166775,"case_count":1,"gi_zscore":-0.1227,"gi_pvalue":0.116,"significance":"not_sig"}},{"type":"Feature","geometry":{"type":"Point","coordinates":[75.07059,15.34685]},"properties":{"cell_id":167048,"case_count":1,"gi_zscore":-0.0946,"gi_pvalue":0.258,"significance":"not_sig"}},{"type":"Feature","geometry":{"type":"Point","coordinates":[75.10588,15.34685]},"properties":{"cell_id":167051,"case_count":5,"gi_zscore":-0.0805,"gi_pvalue":0.213,"significance":"not_sig"}},{"type":"Feature","geometry":{"type":"Point","coordinates":[75.12941,15.34685]},"properties":{"cell_id":167053,"case_count":3,"gi_zscore":0.042,"gi_pvalue":0.103,"significance":"not_sig"}},{"type":"Feature","geometry":{"type":"Point","coordinates":[75.14118,15.34685]},"properties":{"cell_id":167054,"case_count":28,"gi_zscore":0.044,"gi_pvalue":0.113,"significance":"not_sig"}},{"type":"Feature","geometry":{"type":"Point","coordinates":[75.15294,15.34685]},"properties":{"cell_id":167055,"case_count":6,"gi_zscore":0.0039,"gi_pvalue":0.112,"significance":"not_sig"}},{"type":"Feature","geometry":{"type":"Point","coordinates":[75.16471,15.34685]},"properties":{"cell_id":167056,"case_count":3,"gi_zscore":-0.0443,"gi_pvalue":0.128,"significance":"not_sig"}},{"type":"Feature","geometry":{"type":"Point","coordinates":[75.62353,15.34685]},"properties":{"cell_id":167095,"case_count":1,"gi_zscore":-0.1106,"gi_pvalue":0.455,"significance":"not_sig"}},{"type":"Feature","geometry":{"type":"Point","coordinates":[76.15294,15.34685]},"properties":{"cell_id":167140,"case_count":1,"gi_zscore":-0.1227,"gi_pvalue":0.116,"significance":"not_sig"}},{"type":"Feature","geometry":{"type":"Point","coordinates":[76.18824,15.34685]},"properties":{"cell_id":167143,"case_count":1,"gi_zscore":-0.1227,"gi_pvalue":0.116,"significance":"not_sig"}},{"type":"Feature","geometry":{"type":"Point","coordinates":[76.22353,15.34685]},"properties":{"cell_id":167146,"case_count":1,"gi_zscore":-0.1227,"gi_pvalue":0.116,"significance":"not_sig"}},{"type":"Feature","geometry":{"type":"Point","coordinates":[76.37647,15.34685]},"properties":{"cell_id":167159,"case_count":1,"gi_zscore":-0.1247,"gi_pvalue":0.044,"significance":"cold_95"}},{"type":"Feature","geometry":{"type":"Point","coordinates":[75.08235,15.35586]},"properties":{"cell_id":167440,"case_count":1,"gi_zscore":-0.0966,"gi_pvalue":0.276,"significance":"not_sig"}},{"type":"Feature","geometry":{"type":"Point","coordinates":[75.09412,15.35586]},"properties":{"cell_id":167441,"case_count":6,"gi_zscore":-0.0885,"gi_pvalue":0.287,"significance":"not_sig"}},{"type":"Feature","geometry":{"type":"Point","coordinates":[75.10588,15.35586]},"properties":{"cell_id":167442,"case_count":2,"gi_zscore":-0.0745,"gi_pvalue":0.176,"significance":"not_sig"}},{"type":"Feature","geometry":{"type":"Point","coordinates":[75.11765,15.35586]},"properties":{"cell_id":167443,"case_count":1,"gi_zscore":-0.0805,"gi_pvalue":0.183,"significance":"not_sig"}},{"type":"Feature","geometry":{"type":"Point","coordinates":[75.12941,15.35586]},"properties":{"cell_id":167444,"case_count":4,"gi_zscore":0.0039,"gi_pvalue":0.111,"significance":"not_sig"}},{"type":"Feature","geometry":{"type":"Point","coordinates":[75.14118,15.35586]},"properties":{"cell_id":167445,"case_count":7,"gi_zscore":-0.0283,"gi_pvalue":0.126,"significance":"not_sig"}},{"type":"Feature","geometry":{"type":"Point","coordinates":[75.15294,15.35586]},"properties":{"cell_id":167446,"case_count":1,"gi_zscore":-0.0343,"gi_pvalue":0.123,"significance":"not_sig"}},{"type":"Feature","geometry":{"type":"Point","coordinates":[75.16471,15.35586]},"properties":{"cell_id":167447,"case_count":1,"gi_zscore":-0.0343,"gi_pvalue":0.123,"significance":"not_sig"}},{"type":"Feature","geometry":{"type":"Point","coordinates":[75.17647,15.35586]},"properties":{"cell_id":167448,"case_count":1,"gi_zscore":-0.0865,"gi_pvalue":0.21,"significance":"not_sig"}},{"type":"Feature","geometry":{"type":"Point","coordinates":[76.14118,15.35586]},"properties":{"cell_id":167530,"case_count":1,"gi_zscore":-0.1227,"gi_pvalue":0.117,"significance":"not_sig"}},{"type":"Feature","geometry":{"type":"Point","coordinates":[76.15294,15.35586]},"properties":{"cell_id":167531,"case_count":1,"gi_zscore":-0.1227,"gi_pvalue":0.117,"significance":"not_sig"}},{"type":"Feature","geometry":{"type":"Point","coordinates":[74.52941,15.36486]},"properties":{"cell_id":167784,"case_count":1,"gi_zscore":-0.1227,"gi_pvalue":0.117,"significance":"not_sig"}},{"type":"Feature","geometry":{"type":"Point","coordinates":[75.10588,15.36486]},"properties":{"cell_id":167833,"case_count":1,"gi_zscore":-0.0905,"gi_pvalue":0.223,"significance":"not_sig"}},{"type":"Feature","geometry":{"type":"Point","coordinates":[75.11765,15.36486]},"properties":{"cell_id":167834,"case_count":5,"gi_zscore":-0.0946,"gi_pvalue":0.333,"significance":"not_sig"}},{"type":"Feature","geometry":{"type":"Point","coordinates":[75.12941,15.36486]},"properties":{"cell_id":167835,"case_count":5,"gi_zscore":-0.0805,"gi_pvalue":0.211,"significance":"not_sig"}},{"type":"Feature","geometry":{"type":"Point","coordinates":[75.15294,15.36486]},"properties":{"cell_id":167837,"case_count":2,"gi_zscore":-0.0423,"gi_pvalue":0.128,"significance":"not_sig"}},{"type":"Feature","geometry":{"type":"Point","coordinates":[75.51765,15.36486]},"properties":{"cell_id":167868,"case_count":1,"gi_zscore":-0.1187,"gi_pvalue":0.216,"significance":"not_sig"}},{"type":"Feature","geometry":{"type":"Point","coordinates":[75.68235,15.36486]},"properties":{"cell_id":167882,"case_count":1,"gi_zscore":0.2489,"gi_pvalue":0.089,"significance":"hot_90"}},{"type":"Feature","geometry":{"type":"Point","coordinates":[76.14118,15.36486]},"properties":{"cell_id":167921,"case_count":1,"gi_zscore":-0.1227,"gi_pvalue":0.117,"significance":"not_sig"}},{"type":"Feature","geometry":{"type":"Point","coordinates":[76.15294,15.36486]},"properties":{"cell_id":167922,"case_count":1,"gi_zscore":-0.1227,"gi_pvalue":0.117,"significance":"not_sig"}},{"type":"Feature","geometry":{"type":"Point","coordinates":[76.16471,15.36486]},"properties":{"cell_id":167923,"case_count":1,"gi_zscore":-0.1227,"gi_pvalue":0.117,"significance":"not_sig"}},{"type":"Feature","geometry":{"type":"Point","coordinates":[76.17647,15.36486]},"properties":{"cell_id":167924,"case_count":2,"gi_zscore":-0.1227,"gi_pvalue":0.044,"significance":"cold_95"}},{"type":"Feature","geometry":{"type":"Point","coordinates":[75.01176,15.37387]},"properties":{"cell_id":168216,"case_count":1,"gi_zscore":-0.1167,"gi_pvalue":0.354,"significance":"not_sig"}},{"type":"Feature","geometry":{"type":"Point","coordinates":[75.11765,15.37387]},"properties":{"cell_id":168225,"case_count":4,"gi_zscore":-0.1026,"gi_pvalue":0.417,"significance":"not_sig"}},{"type":"Feature","geometry":{"type":"Point","coordinates":[75.12941,15.37387]},"properties":{"cell_id":168226,"case_count":1,"gi_zscore":-0.0966,"gi_pvalue":0.281,"significance":"not_sig"}},{"type":"Feature","geometry":{"type":"Point","coordinates":[75.14118,15.37387]},"properties":{"cell_id":168227,"case_count":1,"gi_zscore":-0.0966,"gi_pvalue":0.281,"significance":"not_sig"}},{"type":"Feature","geometry":{"type":"Point","coordinates":[76.51765,15.37387]},"properties":{"cell_id":168344,"case_count":1,"gi_zscore":-0.1147,"gi_pvalue":0.434,"significance":"not_sig"}},{"type":"Feature","geometry":{"type":"Point","coordinates":[75.10588,15.38288]},"properties":{"cell_id":168615,"case_count":1,"gi_zscore":-0.1066,"gi_pvalue":0.38,"significance":"not_sig"}},{"type":"Feature","geometry":{"type":"Point","coordinates":[75.11765,15.38288]},"properties":{"cell_id":168616,"case_count":1,"gi_zscore":-0.1026,"gi_pvalue":0.326,"significance":"not_sig"}},{"type":"Feature","geometry":{"type":"Point","coordinates":[75.12941,15.38288]},"properties":{"cell_id":168617,"case_count":1,"gi_zscore":-0.1026,"gi_pvalue":0.326,"significance":"not_sig"}},{"type":"Feature","geometry":{"type":"Point","coordinates":[75.14118,15.38288]},"properties":{"cell_id":168618,"case_count":1,"gi_zscore":-0.0966,"gi_pvalue":0.281,"significance":"not_sig"}},{"type":"Feature","geometry":{"type":"Point","coordinates":[75.6,15.38288]},"properties":{"cell_id":168657,"case_count":1,"gi_zscore":-0.1106,"gi_pvalue":0.455,"significance":"not_sig"}},{"type":"Feature","geometry":{"type":"Point","coordinates":[75.62353,15.38288]},"properties":{"cell_id":168659,"case_count":1,"gi_zscore":-0.1106,"gi_pvalue":0.455,"significance":"not_sig"}},{"type":"Feature","geometry":{"type":"Point","coordinates":[76.03529,15.38288]},"properties":{"cell_id":168694,"case_count":1,"gi_zscore":-0.1247,"gi_pvalue":0.044,"significance":"cold_95"}},{"type":"Feature","geometry":{"type":"Point","coordinates":[76.04706,15.38288]},"properties":{"cell_id":168695,"case_count":1,"gi_zscore":-0.1247,"gi_pvalue":0.044,"significance":"cold_95"}},{"type":"Feature","geometry":{"type":"Point","coordinates":[74.92941,15.39189]},"properties":{"cell_id":168991,"case_count":1,"gi_zscore":-0.1207,"gi_pvalue":0.117,"significance":"not_sig"}},{"type":"Feature","geometry":{"type":"Point","coordinates":[74.94118,15.39189]},"properties":{"cell_id":168992,"case_count":1,"gi_zscore":-0.1207,"gi_pvalue":0.117,"significance":"not_sig"}},{"type":"Feature","geometry":{"type":"Point","coordinates":[75.07059,15.39189]},"properties":{"cell_id":169003,"case_count":1,"gi_zscore":-0.1086,"gi_pvalue":0.417,"significance":"not_sig"}},{"type":"Feature","geometry":{"type":"Point","coordinates":[75.08235,15.39189]},"properties":{"cell_id":169004,"case_count":2,"gi_zscore":-0.1086,"gi_pvalue":0.455,"significance":"not_sig"}},{"type":"Feature","geometry":{"type":"Point","coordinates":[75.09412,15.39189]},"properties":{"cell_id":169005,"case_count":2,"gi_zscore":-0.1046,"gi_pvalue":0.38,"significance":"not_sig"}},{"type":"Feature","geometry":{"type":"Point","coordinates":[75.71765,15.39189]},"properties":{"cell_id":169058,"case_count":1,"gi_zscore":0.1706,"gi_pvalue":0.089,"significance":"hot_90"}},{"type":"Feature","geometry":{"type":"Point","coordinates":[76.14118,15.39189]},"properties":{"cell_id":169094,"case_count":1,"gi_zscore":-0.1227,"gi_pvalue":0.118,"significance":"not_sig"}},{"type":"Feature","geometry":{"type":"Point","coordinates":[76.31765,15.39189]},"properties":{"cell_id":169109,"case_count":1,"gi_zscore":-0.1227,"gi_pvalue":0.118,"significance":"not_sig"}},{"type":"Feature","geometry":{"type":"Point","coordinates":[76.51765,15.39189]},"properties":{"cell_id":169126,"case_count":1,"gi_zscore":-0.1147,"gi_pvalue":0.434,"significance":"not_sig"}},{"type":"Feature","geometry":{"type":"Point","coordinates":[75.0,15.4009]},"properties":{"cell_id":169388,"case_count":2,"gi_zscore":-0.1167,"gi_pvalue":0.205,"significance":"not_sig"}},{"type":"Feature","geometry":{"type":"Point","coordinates":[75.21176,15.4009]},"properties":{"cell_id":169406,"case_count":1,"gi_zscore":-0.1187,"gi_pvalue":0.216,"significance":"not_sig"}},{"type":"Feature","geometry":{"type":"Point","coordinates":[75.61176,15.4009]},"properties":{"cell_id":169440,"case_count":1,"gi_zscore":-0.1086,"gi_pvalue":0.455,"significance":"not_sig"}},{"type":"Feature","geometry":{"type":"Point","coordinates":[76.54118,15.4009]},"properties":{"cell_id":169519,"case_count":1,"gi_zscore":-0.1147,"gi_pvalue":0.434,"significance":"not_sig"}},{"type":"Feature","geometry":{"type":"Point","coordinates":[74.74118,15.40991]},"properties":{"cell_id":169757,"case_count":1,"gi_zscore":-0.1066,"gi_pvalue":0.38,"significance":"not_sig"}},{"type":"Feature","geometry":{"type":"Point","coordinates":[75.07059,15.40991]},"properties":{"cell_id":169785,"case_count":2,"gi_zscore":-0.1167,"gi_pvalue":0.216,"significance":"not_sig"}},{"type":"Feature","geometry":{"type":"Point","coordinates":[75.62353,15.40991]},"properties":{"cell_id":169832,"case_count":4,"gi_zscore":-0.1066,"gi_pvalue":0.462,"significance":"not_sig"}},{"type":"Feature","geometry":{"type":"Point","coordinates":[74.95294,15.41892]},"properties":{"cell_id":170166,"case_count":1,"gi_zscore":-0.1207,"gi_pvalue":0.118,"significance":"not_sig"}},{"type":"Feature","geometry":{"type":"Point","coordinates":[75.43529,15.41892]},"properties":{"cell_id":170207,"case_count":2,"gi_zscore":-0.1187,"gi_pvalue":0.118,"significance":"not_sig"}},{"type":"Feature","geometry":{"type":"Point","coordinates":[75.61176,15.41892]},"properties":{"cell_id":170222,"case_count":2,"gi_zscore":-0.1066,"gi_pvalue":0.456,"significance":"not_sig"}},{"type":"Feature","geometry":{"type":"Point","coordinates":[75.62353,15.41892]},"properties":{"cell_id":170223,"case_count":2,"gi_zscore":-0.1046,"gi_pvalue":0.38,"significance":"not_sig"}},{"type":"Feature","geometry":{"type":"Point","coordinates":[75.63529,15.41892]},"properties":{"cell_id":170224,"case_count":3,"gi_zscore":-0.1026,"gi_pvalue":0.38,"significance":"not_sig"}},{"type":"Feature","geometry":{"type":"Point","coordinates":[75.64706,15.41892]},"properties":{"cell_id":170225,"case_count":1,"gi_zscore":-0.1066,"gi_pvalue":0.381,"significance":"not_sig"}},{"type":"Feature","geometry":{"type":"Point","coordinates":[74.50588,15.42793]},"properties":{"cell_id":170519,"case_count":1,"gi_zscore":-0.1227,"gi_pvalue":0.118,"significance":"not_sig"}},{"type":"Feature","geometry":{"type":"Point","coordinates":[74.74118,15.42793]},"properties":{"cell_id":170539,"case_count":6,"gi_zscore":-0.1066,"gi_pvalue":0.375,"significance":"not_sig"}},{"type":"Feature","geometry":{"type":"Point","coordinates":[75.0,15.42793]},"properties":{"cell_id":170561,"case_count":1,"gi_zscore":-0.1167,"gi_pvalue":0.356,"significance":"not_sig"}},{"type":"Feature","geometry":{"type":"Point","coordinates":[75.03529,15.42793]},"properties":{"cell_id":170564,"case_count":2,"gi_zscore":-0.0986,"gi_pvalue":0.32,"significance":"not_sig"}},{"type":"Feature","geometry":{"type":"Point","coordinates":[75.43529,15.42793]},"properties":{"cell_id":170598,"case_count":2,"gi_zscore":-0.1187,"gi_pvalue":0.119,"significance":"not_sig"}},{"type":"Feature","geometry":{"type":"Point","coordinates":[75.61176,15.42793]},"properties":{"cell_id":170613,"case_count":1,"gi_zscore":-0.1046,"gi_pvalue":0.349,"significance":"not_sig"}},{"type":"Feature","geometry":{"type":"Point","coordinates":[75.62353,15.42793]},"properties":{"cell_id":170614,"case_count":2,"gi_zscore":-0.1046,"gi_pvalue":0.38,"significance":"not_sig"}},{"type":"Feature","geometry":{"type":"Point","coordinates":[75.63529,15.42793]},"properties":{"cell_id":170615,"case_count":2,"gi_zscore":-0.1086,"gi_pvalue":0.457,"significance":"not_sig"}},{"type":"Feature","geometry":{"type":"Point","coordinates":[75.64706,15.42793]},"properties":{"cell_id":170616,"case_count":2,"gi_zscore":-0.1066,"gi_pvalue":0.457,"significance":"not_sig"}},{"type":"Feature","geometry":{"type":"Point","coordinates":[75.65882,15.42793]},"properties":{"cell_id":170617,"case_count":1,"gi_zscore":-0.1066,"gi_pvalue":0.41,"significance":"not_sig"}},{"type":"Feature","geometry":{"type":"Point","coordinates":[76.12941,15.42793]},"properties":{"cell_id":170657,"case_count":1,"gi_zscore":-0.1227,"gi_pvalue":0.118,"significance":"not_sig"}},{"type":"Feature","geometry":{"type":"Point","coordinates":[76.37647,15.42793]},"properties":{"cell_id":170678,"case_count":1,"gi_zscore":-0.1227,"gi_pvalue":0.118,"significance":"not_sig"}},{"type":"Feature","geometry":{"type":"Point","coordinates":[76.51765,15.42793]},"properties":{"cell_id":170690,"case_count":2,"gi_zscore":-0.1147,"gi_pvalue":0.356,"significance":"not_sig"}},{"type":"Feature","geometry":{"type":"Point","coordinates":[76.52941,15.42793]},"properties":{"cell_id":170691,"case_count":4,"gi_zscore":-0.1147,"gi_pvalue":0.205,"significance":"not_sig"}},{"type":"Feature","geometry":{"type":"Point","coordinates":[76.55294,15.42793]},"properties":{"cell_id":170693,"case_count":1,"gi_zscore":-0.1147,"gi_pvalue":0.435,"significance":"not_sig"}},{"type":"Feature","geometry":{"type":"Point","coordinates":[74.74118,15.43694]},"properties":{"cell_id":170930,"case_count":2,"gi_zscore":-0.1066,"gi_pvalue":0.419,"significance":"not_sig"}},{"type":"Feature","geometry":{"type":"Point","coordinates":[74.98824,15.43694]},"properties":{"cell_id":170951,"case_count":1,"gi_zscore":-0.1167,"gi_pvalue":0.354,"significance":"not_sig"}},{"type":"Feature","geometry":{"type":"Point","coordinates":[75.01176,15.43694]},"properties":{"cell_id":170953,"case_count":2,"gi_zscore":-0.1006,"gi_pvalue":0.334,"significance":"not_sig"}},{"type":"Feature","geometry":{"type":"Point","coordinates":[75.02353,15.43694]},"properties":{"cell_id":170954,"case_count":1,"gi_zscore":-0.0905,"gi_pvalue":0.245,"significance":"not_sig"}},{"type":"Feature","geometry":{"type":"Point","coordinates":[75.62353,15.43694]},"properties":{"cell_id":171005,"case_count":1,"gi_zscore":-0.1106,"gi_pvalue":0.457,"significance":"not_sig"}},{"type":"Feature","geometry":{"type":"Point","coordinates":[75.63529,15.43694]},"properties":{"cell_id":171006,"case_count":2,"gi_zscore":-0.1086,"gi_pvalue":0.457,"significance":"not_sig"}},{"type":"Feature","geometry":{"type":"Point","coordinates":[75.64706,15.43694]},"properties":{"cell_id":171007,"case_count":2,"gi_zscore":-0.1106,"gi_pvalue":0.436,"significance":"not_sig"}},{"type":"Feature","geometry":{"type":"Point","coordinates":[75.65882,15.43694]},"properties":{"cell_id":171008,"case_count":3,"gi_zscore":-0.1126,"gi_pvalue":0.354,"significance":"not_sig"}},{"type":"Feature","geometry":{"type":"Point","coordinates":[76.54118,15.43694]},"properties":{"cell_id":171083,"case_count":2,"gi_zscore":-0.1147,"gi_pvalue":0.353,"significance":"not_sig"}},{"type":"Feature","geometry":{"type":"Point","coordinates":[74.48235,15.44595]},"properties":{"cell_id":171299,"case_count":1,"gi_zscore":-0.1207,"gi_pvalue":0.118,"significance":"not_sig"}},{"type":"Feature","geometry":{"type":"Point","coordinates":[74.49412,15.44595]},"properties":{"cell_id":171300,"case_count":1,"gi_zscore":-0.1207,"gi_pvalue":0.118,"significance":"not_sig"}},{"type":"Feature","geometry":{"type":"Point","coordinates":[74.84706,15.44595]},"properties":{"cell_id":171330,"case_count":1,"gi_zscore":-0.1126,"gi_pvalue":0.495,"significance":"not_sig"}},{"type":"Feature","geometry":{"type":"Point","coordinates":[74.97647,15.44595]},"properties":{"cell_id":171341,"case_count":2,"gi_zscore":-0.1207,"gi_pvalue":0.046,"significance":"cold_95"}},{"type":"Feature","geometry":{"type":"Point","coordinates":[74.98824,15.44595]},"properties":{"cell_id":171342,"case_count":1,"gi_zscore":-0.1187,"gi_pvalue":0.218,"significance":"not_sig"}},{"type":"Feature","geometry":{"type":"Point","coordinates":[75.0,15.44595]},"properties":{"cell_id":171343,"case_count":1,"gi_zscore":-0.1026,"gi_pvalue":0.324,"significance":"not_sig"}},{"type":"Feature","geometry":{"type":"Point","coordinates":[75.01176,15.44595]},"properties":{"cell_id":171344,"case_count":2,"gi_zscore":-0.0905,"gi_pvalue":0.256,"significance":"not_sig"}},{"type":"Feature","geometry":{"type":"Point","coordinates":[75.2,15.44595]},"properties":{"cell_id":171360,"case_count":1,"gi_zscore":-0.1227,"gi_pvalue":0.118,"significance":"not_sig"}},{"type":"Feature","geometry":{"type":"Point","coordinates":[75.63529,15.44595]},"properties":{"cell_id":171397,"case_count":1,"gi_zscore":-0.1126,"gi_pvalue":0.462,"significance":"not_sig"}},{"type":"Feature","geometry":{"type":"Point","coordinates":[75.64706,15.44595]},"properties":{"cell_id":171398,"case_count":2,"gi_zscore":-0.1106,"gi_pvalue":0.438,"significance":"not_sig"}},{"type":"Feature","geometry":{"type":"Point","coordinates":[76.01176,15.44595]},"properties":{"cell_id":171429,"case_count":1,"gi_zscore":-0.1247,"gi_pvalue":0.046,"significance":"cold_95"}},{"type":"Feature","geometry":{"type":"Point","coordinates":[76.14118,15.44595]},"properties":{"cell_id":171440,"case_count":1,"gi_zscore":-0.1227,"gi_pvalue":0.118,"significance":"not_sig"}},{"type":"Feature","geometry":{"type":"Point","coordinates":[76.52941,15.44595]},"properties":{"cell_id":171473,"case_count":1,"gi_zscore":-0.1147,"gi_pvalue":0.437,"significance":"not_sig"}},{"type":"Feature","geometry":{"type":"Point","coordinates":[74.77647,15.45495]},"properties":{"cell_id":171715,"case_count":1,"gi_zscore":-0.1066,"gi_pvalue":0.382,"significance":"not_sig"}},{"type":"Feature","geometry":{"type":"Point","coordinates":[74.92941,15.45495]},"properties":{"cell_id":171728,"case_count":1,"gi_zscore":-0.1227,"gi_pvalue":0.118,"significance":"not_sig"}},{"type":"Feature","geometry":{"type":"Point","coordinates":[74.98824,15.45495]},"properties":{"cell_id":171733,"case_count":1,"gi_zscore":-0.1046,"gi_pvalue":0.35,"significance":"not_sig"}},{"type":"Feature","geometry":{"type":"Point","coordinates":[75.0,15.45495]},"properties":{"cell_id":171734,"case_count":2,"gi_zscore":-0.0946,"gi_pvalue":0.287,"significance":"not_sig"}},{"type":"Feature","geometry":{"type":"Point","coordinates":[75.01176,15.45495]},"properties":{"cell_id":171735,"case_count":9,"gi_zscore":-0.0905,"gi_pvalue":0.407,"significance":"not_sig"}},{"type":"Feature","geometry":{"type":"Point","coordinates":[75.64706,15.45495]},"properties":{"cell_id":171789,"case_count":1,"gi_zscore":-0.1126,"gi_pvalue":0.494,"significance":"not_sig"}},{"type":"Feature","geometry":{"type":"Point","coordinates":[75.65882,15.45495]},"properties":{"cell_id":171790,"case_count":1,"gi_zscore":-0.1147,"gi_pvalue":0.437,"significance":"not_sig"}},{"type":"Feature","geometry":{"type":"Point","coordinates":[75.0,15.46396]},"properties":{"cell_id":172125,"case_count":1,"gi_zscore":-0.0946,"gi_pvalue":0.273,"significance":"not_sig"}},{"type":"Feature","geometry":{"type":"Point","coordinates":[75.01176,15.46396]},"properties":{"cell_id":172126,"case_count":6,"gi_zscore":-0.0926,"gi_pvalue":0.333,"significance":"not_sig"}},{"type":"Feature","geometry":{"type":"Point","coordinates":[75.02353,15.46396]},"properties":{"cell_id":172127,"case_count":2,"gi_zscore":-0.0905,"gi_pvalue":0.256,"significance":"not_sig"}},{"type":"Feature","geometry":{"type":"Point","coordinates":[75.52941,15.46396]},"properties":{"cell_id":172170,"case_count":1,"gi_zscore":-0.1187,"gi_pvalue":0.203,"significance":"not_sig"}},{"type":"Feature","geometry":{"type":"Point","coordinates":[75.67059,15.46396]},"properties":{"cell_id":172182,"case_count":1,"gi_zscore":-0.1147,"gi_pvalue":0.436,"significance":"not_sig"}},{"type":"Feature","geometry":{"type":"Point","coordinates":[76.22353,15.46396]},"properties":{"cell_id":172229,"case_count":1,"gi_zscore":-0.1227,"gi_pvalue":0.117,"significance":"not_sig"}},{"type":"Feature","geometry":{"type":"Point","coordinates":[74.98824,15.47297]},"properties":{"cell_id":172515,"case_count":1,"gi_zscore":-0.1106,"gi_pvalue":0.492,"significance":"not_sig"}},{"type":"Feature","geometry":{"type":"Point","coordinates":[75.84706,15.47297]},"properties":{"cell_id":172588,"case_count":1,"gi_zscore":-0.1187,"gi_pvalue":0.217,"significance":"not_sig"}},{"type":"Feature","geometry":{"type":"Point","coordinates":[74.96471,15.49099]},"properties":{"cell_id":173295,"case_count":1,"gi_zscore":-0.1207,"gi_pvalue":0.117,"significance":"not_sig"}},{"type":"Feature","geometry":{"type":"Point","coordinates":[74.97647,15.49099]},"properties":{"cell_id":173296,"case_count":1,"gi_zscore":-0.1106,"gi_pvalue":0.456,"significance":"not_sig"}},{"type":"Feature","geometry":{"type":"Point","coordinates":[76.01176,15.5]},"properties":{"cell_id":173775,"case_count":1,"gi_zscore":-0.1207,"gi_pvalue":0.117,"significance":"not_sig"}},{"type":"Feature","geometry":{"type":"Point","coordinates":[76.56471,15.5]},"properties":{"cell_id":173822,"case_count":1,"gi_zscore":-0.1106,"gi_pvalue":0.492,"significance":"not_sig"}},{"type":"Feature","geometry":{"type":"Point","coordinates":[76.6,15.5]},"properties":{"cell_id":173825,"case_count":3,"gi_zscore":-0.1106,"gi_pvalue":0.391,"significance":"not_sig"}},{"type":"Feature","geometry":{"type":"Point","coordinates":[74.94118,15.50901]},"properties":{"cell_id":174075,"case_count":1,"gi_zscore":-0.1227,"gi_pvalue":0.119,"significance":"not_sig"}},{"type":"Feature","geometry":{"type":"Point","coordinates":[74.97647,15.50901]},"properties":{"cell_id":174078,"case_count":2,"gi_zscore":-0.1126,"gi_pvalue":0.439,"significance":"not_sig"}},{"type":"Feature","geometry":{"type":"Point","coordinates":[76.54118,15.50901]},"properties":{"cell_id":174211,"case_count":1,"gi_zscore":-0.1106,"gi_pvalue":0.495,"significance":"not_sig"}},{"type":"Feature","geometry":{"type":"Point","coordinates":[76.64706,15.50901]},"properties":{"cell_id":174220,"case_count":1,"gi_zscore":-0.1187,"gi_pvalue":0.22,"significance":"not_sig"}},{"type":"Feature","geometry":{"type":"Point","coordinates":[74.87059,15.51802]},"properties":{"cell_id":174460,"case_count":1,"gi_zscore":-0.1247,"gi_pvalue":0.045,"significance":"cold_95"}},{"type":"Feature","geometry":{"type":"Point","coordinates":[75.55294,15.51802]},"properties":{"cell_id":174518,"case_count":1,"gi_zscore":-0.1207,"gi_pvalue":0.206,"significance":"not_sig"}},{"type":"Feature","geometry":{"type":"Point","coordinates":[74.90588,15.52703]},"properties":{"cell_id":174854,"case_count":1,"gi_zscore":-0.1227,"gi_pvalue":0.119,"significance":"not_sig"}},{"type":"Feature","geometry":{"type":"Point","coordinates":[74.85882,15.54505]},"properties":{"cell_id":175632,"case_count":1,"gi_zscore":-0.1247,"gi_pvalue":0.045,"significance":"cold_95"}},{"type":"Feature","geometry":{"type":"Point","coordinates":[76.01176,15.54505]},"properties":{"cell_id":175730,"case_count":1,"gi_zscore":-0.1207,"gi_pvalue":0.119,"significance":"not_sig"}},{"type":"Feature","geometry":{"type":"Point","coordinates":[74.97647,15.55405]},"properties":{"cell_id":176033,"case_count":1,"gi_zscore":-0.1227,"gi_pvalue":0.119,"significance":"not_sig"}},{"type":"Feature","geometry":{"type":"Point","coordinates":[75.34118,15.55405]},"properties":{"cell_id":176064,"case_count":1,"gi_zscore":-0.1106,"gi_pvalue":0.456,"significance":"not_sig"}},{"type":"Feature","geometry":{"type":"Point","coordinates":[75.35294,15.55405]},"properties":{"cell_id":176065,"case_count":1,"gi_zscore":-0.1106,"gi_pvalue":0.456,"significance":"not_sig"}},{"type":"Feature","geometry":{"type":"Point","coordinates":[76.23529,15.55405]},"properties":{"cell_id":176140,"case_count":1,"gi_zscore":-0.1207,"gi_pvalue":0.119,"significance":"not_sig"}},{"type":"Feature","geometry":{"type":"Point","coordinates":[74.65882,15.56306]},"properties":{"cell_id":176397,"case_count":1,"gi_zscore":-0.1126,"gi_pvalue":0.495,"significance":"not_sig"}},{"type":"Feature","geometry":{"type":"Point","coordinates":[75.36471,15.56306]},"properties":{"cell_id":176457,"case_count":1,"gi_zscore":-0.1106,"gi_pvalue":0.456,"significance":"not_sig"}},{"type":"Feature","geometry":{"type":"Point","coordinates":[74.92941,15.57207]},"properties":{"cell_id":176811,"case_count":1,"gi_zscore":-0.1227,"gi_pvalue":0.119,"significance":"not_sig"}},{"type":"Feature","geometry":{"type":"Point","coordinates":[74.96471,15.57207]},"properties":{"cell_id":176814,"case_count":1,"gi_zscore":-0.1227,"gi_pvalue":0.119,"significance":"not_sig"}},{"type":"Feature","geometry":{"type":"Point","coordinates":[75.81176,15.57207]},"properties":{"cell_id":176886,"case_count":2,"gi_zscore":-0.1167,"gi_pvalue":0.22,"significance":"not_sig"}},{"type":"Feature","geometry":{"type":"Point","coordinates":[76.42353,15.57207]},"properties":{"cell_id":176938,"case_count":3,"gi_zscore":-0.1187,"gi_pvalue":0.119,"significance":"not_sig"}},{"type":"Feature","geometry":{"type":"Point","coordinates":[76.69412,15.57207]},"properties":{"cell_id":176961,"case_count":1,"gi_zscore":-0.1187,"gi_pvalue":0.221,"significance":"not_sig"}},{"type":"Feature","geometry":{"type":"Point","coordinates":[75.47059,15.58108]},"properties":{"cell_id":177248,"case_count":1,"gi_zscore":-0.1227,"gi_pvalue":0.119,"significance":"not_sig"}},{"type":"Feature","geometry":{"type":"Point","coordinates":[74.61176,15.59009]},"properties":{"cell_id":177566,"case_count":1,"gi_zscore":-0.1227,"gi_pvalue":0.119,"significance":"not_sig"}},{"type":"Feature","geometry":{"type":"Point","coordinates":[74.78824,15.59009]},"properties":{"cell_id":177581,"case_count":1,"gi_zscore":-0.1247,"gi_pvalue":0.045,"significance":"cold_95"}},{"type":"Feature","geometry":{"type":"Point","coordinates":[75.15294,15.59009]},"properties":{"cell_id":177612,"case_count":1,"gi_zscore":-0.1227,"gi_pvalue":0.119,"significance":"not_sig"}},{"type":"Feature","geometry":{"type":"Point","coordinates":[75.75294,15.59009]},"properties":{"cell_id":177663,"case_count":3,"gi_zscore":-0.1167,"gi_pvalue":0.207,"significance":"not_sig"}},{"type":"Feature","geometry":{"type":"Point","coordinates":[74.65882,15.5991]},"properties":{"cell_id":177961,"case_count":1,"gi_zscore":-0.1227,"gi_pvalue":0.119,"significance":"not_sig"}},{"type":"Feature","geometry":{"type":"Point","coordinates":[74.8,15.5991]},"properties":{"cell_id":177973,"case_count":1,"gi_zscore":-0.1247,"gi_pvalue":0.045,"significance":"cold_95"}},{"type":"Feature","geometry":{"type":"Point","coordinates":[76.37647,15.5991]},"properties":{"cell_id":178107,"case_count":1,"gi_zscore":-0.1167,"gi_pvalue":0.349,"significance":"not_sig"}},{"type":"Feature","geometry":{"type":"Point","coordinates":[74.90588,15.60811]},"properties":{"cell_id":178373,"case_count":1,"gi_zscore":-0.1247,"gi_pvalue":0.045,"significance":"cold_95"}},{"type":"Feature","geometry":{"type":"Point","coordinates":[75.01176,15.60811]},"properties":{"cell_id":178382,"case_count":1,"gi_zscore":-0.1227,"gi_pvalue":0.119,"significance":"not_sig"}},{"type":"Feature","geometry":{"type":"Point","coordinates":[75.8,15.60811]},"properties":{"cell_id":178449,"case_count":1,"gi_zscore":-0.1167,"gi_pvalue":0.349,"significance":"not_sig"}},{"type":"Feature","geometry":{"type":"Point","coordinates":[76.01176,15.60811]},"properties":{"cell_id":178467,"case_count":1,"gi_zscore":-0.1167,"gi_pvalue":0.349,"significance":"not_sig"}},{"type":"Feature","geometry":{"type":"Point","coordinates":[76.64706,15.60811]},"properties":{"cell_id":178521,"case_count":1,"gi_zscore":-0.1187,"gi_pvalue":0.221,"significance":"not_sig"}},{"type":"Feature","geometry":{"type":"Point","coordinates":[76.65882,15.60811]},"properties":{"cell_id":178522,"case_count":1,"gi_zscore":-0.1187,"gi_pvalue":0.221,"significance":"not_sig"}},{"type":"Feature","geometry":{"type":"Point","coordinates":[74.68235,15.61712]},"properties":{"cell_id":178745,"case_count":1,"gi_zscore":-0.1247,"gi_pvalue":0.045,"significance":"cold_95"}},{"type":"Feature","geometry":{"type":"Point","coordinates":[75.88235,15.61712]},"properties":{"cell_id":178847,"case_count":1,"gi_zscore":-0.1126,"gi_pvalue":0.464,"significance":"not_sig"}},{"type":"Feature","geometry":{"type":"Point","coordinates":[76.01176,15.61712]},"properties":{"cell_id":178858,"case_count":3,"gi_zscore":-0.1147,"gi_pvalue":0.221,"significance":"not_sig"}},{"type":"Feature","geometry":{"type":"Point","coordinates":[76.65882,15.61712]},"properties":{"cell_id":178913,"case_count":2,"gi_zscore":-0.1187,"gi_pvalue":0.12,"significance":"not_sig"}},{"type":"Feature","geometry":{"type":"Point","coordinates":[74.50588,15.63514]},"properties":{"cell_id":179512,"case_count":2,"gi_zscore":-0.1227,"gi_pvalue":0.046,"significance":"cold_95"}},{"type":"Feature","geometry":{"type":"Point","coordinates":[75.04706,15.63514]},"properties":{"cell_id":179558,"case_count":1,"gi_zscore":-0.1227,"gi_pvalue":0.12,"significance":"not_sig"}},{"type":"Feature","geometry":{"type":"Point","coordinates":[74.82353,15.65315]},"properties":{"cell_id":180321,"case_count":1,"gi_zscore":-0.1247,"gi_pvalue":0.046,"significance":"cold_95"}},{"type":"Feature","geometry":{"type":"Point","coordinates":[75.67059,15.65315]},"properties":{"cell_id":180393,"case_count":1,"gi_zscore":-0.1167,"gi_pvalue":0.348,"significance":"not_sig"}},{"type":"Feature","geometry":{"type":"Point","coordinates":[75.68235,15.65315]},"properties":{"cell_id":180394,"case_count":1,"gi_zscore":-0.1167,"gi_pvalue":0.348,"significance":"not_sig"}},{"type":"Feature","geometry":{"type":"Point","coordinates":[74.69412,15.67117]},"properties":{"cell_id":181092,"case_count":1,"gi_zscore":-0.1247,"gi_pvalue":0.046,"significance":"cold_95"}},{"type":"Feature","geometry":{"type":"Point","coordinates":[76.63529,15.67117]},"properties":{"cell_id":181257,"case_count":1,"gi_zscore":-0.1227,"gi_pvalue":0.12,"significance":"not_sig"}},{"type":"Feature","geometry":{"type":"Point","coordinates":[76.43529,15.68919]},"properties":{"cell_id":182022,"case_count":1,"gi_zscore":-0.1167,"gi_pvalue":0.348,"significance":"not_sig"}},{"type":"Feature","geometry":{"type":"Point","coordinates":[75.45882,15.6982]},"properties":{"cell_id":182330,"case_count":1,"gi_zscore":-0.1147,"gi_pvalue":0.39,"significance":"not_sig"}},{"type":"Feature","geometry":{"type":"Point","coordinates":[75.56471,15.6982]},"properties":{"cell_id":182339,"case_count":1,"gi_zscore":-0.1227,"gi_pvalue":0.12,"significance":"not_sig"}},{"type":"Feature","geometry":{"type":"Point","coordinates":[75.74118,15.6982]},"properties":{"cell_id":182354,"case_count":2,"gi_zscore":-0.1147,"gi_pvalue":0.348,"significance":"not_sig"}},{"type":"Feature","geometry":{"type":"Point","coordinates":[74.54118,15.70721]},"properties":{"cell_id":182643,"case_count":1,"gi_zscore":-0.1227,"gi_pvalue":0.12,"significance":"not_sig"}},{"type":"Feature","geometry":{"type":"Point","coordinates":[75.37647,15.70721]},"properties":{"cell_id":182714,"case_count":3,"gi_zscore":-0.1147,"gi_pvalue":0.224,"significance":"not_sig"}},{"type":"Feature","geometry":{"type":"Point","coordinates":[75.95294,15.70721]},"properties":{"cell_id":182763,"case_count":1,"gi_zscore":-0.1126,"gi_pvalue":0.497,"significance":"not_sig"}},{"type":"Feature","geometry":{"type":"Point","coordinates":[76.2,15.70721]},"properties":{"cell_id":182784,"case_count":1,"gi_zscore":-0.1147,"gi_pvalue":0.388,"significance":"not_sig"}},{"type":"Feature","geometry":{"type":"Point","coordinates":[74.49412,15.71622]},"properties":{"cell_id":183030,"case_count":1,"gi_zscore":-0.1227,"gi_pvalue":0.121,"significance":"not_sig"}},{"type":"Feature","geometry":{"type":"Point","coordinates":[75.37647,15.71622]},"properties":{"cell_id":183105,"case_count":1,"gi_zscore":-0.1147,"gi_pvalue":0.388,"significance":"not_sig"}},{"type":"Feature","geometry":{"type":"Point","coordinates":[75.38824,15.71622]},"properties":{"cell_id":183106,"case_count":4,"gi_zscore":-0.1147,"gi_pvalue":0.122,"significance":"not_sig"}},{"type":"Feature","geometry":{"type":"Point","coordinates":[75.38824,15.72523]},"properties":{"cell_id":183497,"case_count":1,"gi_zscore":-0.1147,"gi_pvalue":0.387,"significance":"not_sig"}},{"type":"Feature","geometry":{"type":"Point","coordinates":[76.03529,15.72523]},"properties":{"cell_id":183552,"case_count":2,"gi_zscore":-0.1187,"gi_pvalue":0.122,"significance":"not_sig"}},{"type":"Feature","geometry":{"type":"Point","coordinates":[75.96471,15.73423]},"properties":{"cell_id":183937,"case_count":2,"gi_zscore":-0.1167,"gi_pvalue":0.224,"significance":"not_sig"}},{"type":"Feature","geometry":{"type":"Point","coordinates":[75.97647,15.73423]},"properties":{"cell_id":183938,"case_count":2,"gi_zscore":-0.1147,"gi_pvalue":0.345,"significance":"not_sig"}},{"type":"Feature","geometry":{"type":"Point","coordinates":[76.04706,15.73423]},"properties":{"cell_id":183944,"case_count":1,"gi_zscore":-0.1187,"gi_pvalue":0.224,"significance":"not_sig"}},{"type":"Feature","geometry":{"type":"Point","coordinates":[76.47059,15.73423]},"properties":{"cell_id":183980,"case_count":1,"gi_zscore":-0.1207,"gi_pvalue":0.122,"significance":"not_sig"}},{"type":"Feature","geometry":{"type":"Point","coordinates":[75.17647,15.74324]},"properties":{"cell_id":184261,"case_count":1,"gi_zscore":-0.1066,"gi_pvalue":0.412,"significance":"not_sig"}},{"type":"Feature","geometry":{"type":"Point","coordinates":[76.11765,15.74324]},"properties":{"cell_id":184341,"case_count":1,"gi_zscore":-0.1126,"gi_pvalue":0.495,"significance":"not_sig"}},{"type":"Feature","geometry":{"type":"Point","coordinates":[76.2,15.74324]},"properties":{"cell_id":184348,"case_count":1,"gi_zscore":-0.1126,"gi_pvalue":0.462,"significance":"not_sig"}},{"type":"Feature","geometry":{"type":"Point","coordinates":[75.15294,15.75225]},"properties":{"cell_id":184650,"case_count":1,"gi_zscore":-0.1066,"gi_pvalue":0.412,"significance":"not_sig"}},{"type":"Feature","geometry":{"type":"Point","coordinates":[75.71765,15.75225]},"properties":{"cell_id":184698,"case_count":1,"gi_zscore":-0.1207,"gi_pvalue":0.122,"significance":"not_sig"}},{"type":"Feature","geometry":{"type":"Point","coordinates":[75.75294,15.75225]},"properties":{"cell_id":184701,"case_count":1,"gi_zscore":-0.1207,"gi_pvalue":0.122,"significance":"not_sig"}},{"type":"Feature","geometry":{"type":"Point","coordinates":[76.01176,15.75225]},"properties":{"cell_id":184723,"case_count":1,"gi_zscore":-0.1187,"gi_pvalue":0.224,"significance":"not_sig"}},{"type":"Feature","geometry":{"type":"Point","coordinates":[76.18824,15.75225]},"properties":{"cell_id":184738,"case_count":4,"gi_zscore":-0.1126,"gi_pvalue":0.224,"significance":"not_sig"}},{"type":"Feature","geometry":{"type":"Point","coordinates":[76.2,15.75225]},"properties":{"cell_id":184739,"case_count":3,"gi_zscore":-0.1126,"gi_pvalue":0.344,"significance":"not_sig"}},{"type":"Feature","geometry":{"type":"Point","coordinates":[75.11765,15.76126]},"properties":{"cell_id":185038,"case_count":1,"gi_zscore":-0.1066,"gi_pvalue":0.411,"significance":"not_sig"}},{"type":"Feature","geometry":{"type":"Point","coordinates":[75.95294,15.76126]},"properties":{"cell_id":185109,"case_count":1,"gi_zscore":-0.1167,"gi_pvalue":0.344,"significance":"not_sig"}},{"type":"Feature","geometry":{"type":"Point","coordinates":[76.41176,15.76126]},"properties":{"cell_id":185148,"case_count":1,"gi_zscore":-0.1167,"gi_pvalue":0.344,"significance":"not_sig"}},{"type":"Feature","geometry":{"type":"Point","coordinates":[76.6,15.76126]},"properties":{"cell_id":185164,"case_count":1,"gi_zscore":-0.1227,"gi_pvalue":0.121,"significance":"not_sig"}},{"type":"Feature","geometry":{"type":"Point","coordinates":[76.74118,15.76126]},"properties":{"cell_id":185176,"case_count":1,"gi_zscore":-0.1247,"gi_pvalue":0.048,"significance":"cold_95"}},{"type":"Feature","geometry":{"type":"Point","coordinates":[75.10588,15.77027]},"properties":{"cell_id":185428,"case_count":4,"gi_zscore":-0.1066,"gi_pvalue":0.465,"significance":"not_sig"}},{"type":"Feature","geometry":{"type":"Point","coordinates":[75.11765,15.77027]},"properties":{"cell_id":185429,"case_count":5,"gi_zscore":-0.1066,"gi_pvalue":0.389,"significance":"not_sig"}},{"type":"Feature","geometry":{"type":"Point","coordinates":[75.85882,15.77027]},"properties":{"cell_id":185492,"case_count":2,"gi_zscore":-0.1167,"gi_pvalue":0.224,"significance":"not_sig"}},{"type":"Feature","geometry":{"type":"Point","coordinates":[76.4,15.77027]},"properties":{"cell_id":185538,"case_count":3,"gi_zscore":-0.1167,"gi_pvalue":0.21,"significance":"not_sig"}},{"type":"Feature","geometry":{"type":"Point","coordinates":[76.41176,15.77027]},"properties":{"cell_id":185539,"case_count":1,"gi_zscore":-0.1167,"gi_pvalue":0.343,"significance":"not_sig"}},{"type":"Feature","geometry":{"type":"Point","coordinates":[76.62353,15.77928]},"properties":{"cell_id":185948,"case_count":1,"gi_zscore":-0.1247,"gi_pvalue":0.048,"significance":"cold_95"}},{"type":"Feature","geometry":{"type":"Point","coordinates":[76.76471,15.77928]},"properties":{"cell_id":185960,"case_count":1,"gi_zscore":-0.1247,"gi_pvalue":0.048,"significance":"cold_95"}},{"type":"Feature","geometry":{"type":"Point","coordinates":[76.76471,15.78829]},"properties":{"cell_id":186351,"case_count":1,"gi_zscore":-0.1247,"gi_pvalue":0.048,"significance":"cold_95"}},{"type":"Feature","geometry":{"type":"Point","coordinates":[76.2,15.7973]},"properties":{"cell_id":186694,"case_count":1,"gi_zscore":-0.1126,"gi_pvalue":0.463,"significance":"not_sig"}},{"type":"Feature","geometry":{"type":"Point","coordinates":[76.65882,15.7973]},"properties":{"cell_id":186733,"case_count":1,"gi_zscore":-0.1227,"gi_pvalue":0.121,"significance":"not_sig"}},{"type":"Feature","geometry":{"type":"Point","coordinates":[76.81176,15.80631]},"properties":{"cell_id":187137,"case_count":1,"gi_zscore":-0.1247,"gi_pvalue":0.048,"significance":"cold_95"}},{"type":"Feature","geometry":{"type":"Point","coordinates":[76.84706,15.80631]},"properties":{"cell_id":187140,"case_count":1,"gi_zscore":-0.1247,"gi_pvalue":0.048,"significance":"cold_95"}},{"type":"Feature","geometry":{"type":"Point","coordinates":[75.64706,15.81532]},"properties":{"cell_id":187429,"case_count":1,"gi_zscore":-0.1227,"gi_pvalue":0.121,"significance":"not_sig"}},{"type":"Feature","geometry":{"type":"Point","coordinates":[76.0,15.81532]},"properties":{"cell_id":187459,"case_count":1,"gi_zscore":-0.1187,"gi_pvalue":0.223,"significance":"not_sig"}},{"type":"Feature","geometry":{"type":"Point","coordinates":[74.92941,15.82432]},"properties":{"cell_id":187759,"case_count":1,"gi_zscore":-0.1227,"gi_pvalue":0.121,"significance":"not_sig"}},{"type":"Feature","geometry":{"type":"Point","coordinates":[75.64706,15.82432]},"properties":{"cell_id":187820,"case_count":1,"gi_zscore":-0.1227,"gi_pvalue":0.121,"significance":"not_sig"}},{"type":"Feature","geometry":{"type":"Point","coordinates":[76.17647,15.82432]},"properties":{"cell_id":187865,"case_count":1,"gi_zscore":-0.1126,"gi_pvalue":0.463,"significance":"not_sig"}},{"type":"Feature","geometry":{"type":"Point","coordinates":[76.41176,15.83333]},"properties":{"cell_id":188276,"case_count":1,"gi_zscore":-0.1207,"gi_pvalue":0.121,"significance":"not_sig"}},{"type":"Feature","geometry":{"type":"Point","coordinates":[74.8,15.84234]},"properties":{"cell_id":188530,"case_count":1,"gi_zscore":-0.1247,"gi_pvalue":0.048,"significance":"cold_95"}},{"type":"Feature","geometry":{"type":"Point","coordinates":[76.8,15.84234]},"properties":{"cell_id":188700,"case_count":1,"gi_zscore":-0.1247,"gi_pvalue":0.048,"significance":"cold_95"}},{"type":"Feature","geometry":{"type":"Point","coordinates":[74.50588,15.85135]},"properties":{"cell_id":188896,"case_count":1,"gi_zscore":-0.1227,"gi_pvalue":0.121,"significance":"not_sig"}},{"type":"Feature","geometry":{"type":"Point","coordinates":[74.75294,15.85135]},"properties":{"cell_id":188917,"case_count":1,"gi_zscore":-0.1247,"gi_pvalue":0.048,"significance":"cold_95"}},{"type":"Feature","geometry":{"type":"Point","coordinates":[75.11765,15.85135]},"properties":{"cell_id":188948,"case_count":3,"gi_zscore":-0.1066,"gi_pvalue":0.471,"significance":"not_sig"}},{"type":"Feature","geometry":{"type":"Point","coordinates":[76.69412,15.85135]},"properties":{"cell_id":189082,"case_count":1,"gi_zscore":-0.1167,"gi_pvalue":0.296,"significance":"not_sig"}},{"type":"Feature","geometry":{"type":"Point","coordinates":[75.47059,15.86036]},"properties":{"cell_id":189369,"case_count":1,"gi_zscore":-0.1167,"gi_pvalue":0.343,"significance":"not_sig"}},{"type":"Feature","geometry":{"type":"Point","coordinates":[75.89412,15.86036]},"properties":{"cell_id":189405,"case_count":1,"gi_zscore":-0.1187,"gi_pvalue":0.223,"significance":"not_sig"}},{"type":"Feature","geometry":{"type":"Point","coordinates":[76.81176,15.86036]},"properties":{"cell_id":189483,"case_count":1,"gi_zscore":-0.1227,"gi_pvalue":0.121,"significance":"not_sig"}},{"type":"Feature","geometry":{"type":"Point","coordinates":[76.04706,15.86937]},"properties":{"cell_id":189809,"case_count":1,"gi_zscore":-0.1227,"gi_pvalue":0.121,"significance":"not_sig"}},{"type":"Feature","geometry":{"type":"Point","coordinates":[74.78824,15.88739]},"properties":{"cell_id":190484,"case_count":1,"gi_zscore":-0.1227,"gi_pvalue":0.121,"significance":"not_sig"}},{"type":"Feature","geometry":{"type":"Point","coordinates":[74.92941,15.88739]},"properties":{"cell_id":190496,"case_count":1,"gi_zscore":-0.1207,"gi_pvalue":0.121,"significance":"not_sig"}},{"type":"Feature","geometry":{"type":"Point","coordinates":[75.4,15.88739]},"properties":{"cell_id":190536,"case_count":1,"gi_zscore":-0.1187,"gi_pvalue":0.223,"significance":"not_sig"}},{"type":"Feature","geometry":{"type":"Point","coordinates":[75.43529,15.88739]},"properties":{"cell_id":190539,"case_count":2,"gi_zscore":-0.1187,"gi_pvalue":0.121,"significance":"not_sig"}},{"type":"Feature","geometry":{"type":"Point","coordinates":[75.16471,15.8964]},"properties":{"cell_id":190907,"case_count":1,"gi_zscore":-0.1066,"gi_pvalue":0.412,"significance":"not_sig"}},{"type":"Feature","geometry":{"type":"Point","coordinates":[76.16471,15.8964]},"properties":{"cell_id":190992,"case_count":2,"gi_zscore":-0.1126,"gi_pvalue":0.438,"significance":"not_sig"}},{"type":"Feature","geometry":{"type":"Point","coordinates":[74.77647,15.90541]},"properties":{"cell_id":191265,"case_count":1,"gi_zscore":-0.1227,"gi_pvalue":0.122,"significance":"not_sig"}},{"type":"Feature","geometry":{"type":"Point","coordinates":[75.07059,15.90541]},"properties":{"cell_id":191290,"case_count":1,"gi_zscore":-0.1187,"gi_pvalue":0.222,"significance":"not_sig"}},{"type":"Feature","geometry":{"type":"Point","coordinates":[75.41176,15.90541]},"properties":{"cell_id":191319,"case_count":1,"gi_zscore":-0.1187,"gi_pvalue":0.222,"significance":"not_sig"}},{"type":"Feature","geometry":{"type":"Point","coordinates":[74.85882,15.92342]},"properties":{"cell_id":192054,"case_count":1,"gi_zscore":-0.1227,"gi_pvalue":0.122,"significance":"not_sig"}},{"type":"Feature","geometry":{"type":"Point","coordinates":[76.03529,15.92342]},"properties":{"cell_id":192154,"case_count":1,"gi_zscore":-0.1227,"gi_pvalue":0.122,"significance":"not_sig"}},{"type":"Feature","geometry":{"type":"Point","coordinates":[76.82353,15.93243]},"properties":{"cell_id":192612,"case_count":1,"gi_zscore":-0.1187,"gi_pvalue":0.222,"significance":"not_sig"}},{"type":"Feature","geometry":{"type":"Point","coordinates":[74.90588,15.94144]},"properties":{"cell_id":192840,"case_count":1,"gi_zscore":-0.1207,"gi_pvalue":0.122,"significance":"not_sig"}},{"type":"Feature","geometry":{"type":"Point","coordinates":[76.65882,15.94144]},"properties":{"cell_id":192989,"case_count":2,"gi_zscore":-0.1066,"gi_pvalue":0.454,"significance":"not_sig"}},{"type":"Feature","geometry":{"type":"Point","coordinates":[75.28235,15.95045]},"properties":{"cell_id":193263,"case_count":1,"gi_zscore":-0.1207,"gi_pvalue":0.122,"significance":"not_sig"}},{"type":"Feature","geometry":{"type":"Point","coordinates":[75.29412,15.95045]},"properties":{"cell_id":193264,"case_count":3,"gi_zscore":-0.1207,"gi_pvalue":0.048,"significance":"cold_95"}},{"type":"Feature","geometry":{"type":"Point","coordinates":[75.30588,15.95045]},"properties":{"cell_id":193265,"case_count":1,"gi_zscore":-0.1207,"gi_pvalue":0.121,"significance":"not_sig"}},{"type":"Feature","geometry":{"type":"Point","coordinates":[75.31765,15.95045]},"properties":{"cell_id":193266,"case_count":1,"gi_zscore":-0.1207,"gi_pvalue":0.121,"significance":"not_sig"}},{"type":"Feature","geometry":{"type":"Point","coordinates":[76.65882,15.95045]},"properties":{"cell_id":193380,"case_count":4,"gi_zscore":-0.1066,"gi_pvalue":0.464,"significance":"not_sig"}},{"type":"Feature","geometry":{"type":"Point","coordinates":[74.95294,15.95946]},"properties":{"cell_id":193626,"case_count":2,"gi_zscore":-0.1207,"gi_pvalue":0.048,"significance":"cold_95"}},{"type":"Feature","geometry":{"type":"Point","coordinates":[75.02353,15.95946]},"properties":{"cell_id":193632,"case_count":1,"gi_zscore":-0.1207,"gi_pvalue":0.12,"significance":"not_sig"}},{"type":"Feature","geometry":{"type":"Point","coordinates":[75.28235,15.95946]},"properties":{"cell_id":193654,"case_count":1,"gi_zscore":-0.1207,"gi_pvalue":0.12,"significance":"not_sig"}},{"type":"Feature","geometry":{"type":"Point","coordinates":[76.48235,15.95946]},"properties":{"cell_id":193756,"case_count":1,"gi_zscore":-0.1126,"gi_pvalue":0.498,"significance":"not_sig"}},{"type":"Feature","geometry":{"type":"Point","coordinates":[76.64706,15.95946]},"properties":{"cell_id":193770,"case_count":2,"gi_zscore":-0.1066,"gi_pvalue":0.454,"significance":"not_sig"}},{"type":"Feature","geometry":{"type":"Point","coordinates":[76.65882,15.95946]},"properties":{"cell_id":193771,"case_count":2,"gi_zscore":-0.1066,"gi_pvalue":0.454,"significance":"not_sig"}},{"type":"Feature","geometry":{"type":"Point","coordinates":[76.75294,15.95946]},"properties":{"cell_id":193779,"case_count":2,"gi_zscore":-0.1066,"gi_pvalue":0.454,"significance":"not_sig"}},{"type":"Feature","geometry":{"type":"Point","coordinates":[75.02353,15.96847]},"properties":{"cell_id":194023,"case_count":2,"gi_zscore":-0.1207,"gi_pvalue":0.05,"significance":"cold_95"}},{"type":"Feature","geometry":{"type":"Point","coordinates":[75.03529,15.96847]},"properties":{"cell_id":194024,"case_count":1,"gi_zscore":-0.1207,"gi_pvalue":0.12,"significance":"not_sig"}},{"type":"Feature","geometry":{"type":"Point","coordinates":[75.11765,15.96847]},"properties":{"cell_id":194031,"case_count":1,"gi_zscore":-0.1227,"gi_pvalue":0.12,"significance":"not_sig"}},{"type":"Feature","geometry":{"type":"Point","coordinates":[75.37647,15.96847]},"properties":{"cell_id":194053,"case_count":1,"gi_zscore":-0.1187,"gi_pvalue":0.223,"significance":"not_sig"}},{"type":"Feature","geometry":{"type":"Point","coordinates":[76.65882,15.96847]},"properties":{"cell_id":194162,"case_count":1,"gi_zscore":-0.1066,"gi_pvalue":0.412,"significance":"not_sig"}},{"type":"Feature","geometry":{"type":"Point","coordinates":[77.41176,15.97748]},"properties":{"cell_id":194617,"case_count":1,"gi_zscore":-0.1227,"gi_pvalue":0.12,"significance":"not_sig"}},{"type":"Feature","geometry":{"type":"Point","coordinates":[75.14118,15.98649]},"properties":{"cell_id":194815,"case_count":1,"gi_zscore":-0.1227,"gi_pvalue":0.12,"significance":"not_sig"}},{"type":"Feature","geometry":{"type":"Point","coordinates":[76.98824,15.98649]},"properties":{"cell_id":194972,"case_count":1,"gi_zscore":-0.1247,"gi_pvalue":0.05,"significance":"cold_95"}},{"type":"Feature","geometry":{"type":"Point","coordinates":[74.0,15.9955]},"properties":{"cell_id":195109,"case_count":1,"gi_zscore":-0.1227,"gi_pvalue":0.12,"significance":"not_sig"}},{"type":"Feature","geometry":{"type":"Point","coordinates":[75.05882,15.9955]},"properties":{"cell_id":195199,"case_count":1,"gi_zscore":-0.1227,"gi_pvalue":0.12,"significance":"not_sig"}},{"type":"Feature","geometry":{"type":"Point","coordinates":[77.04706,15.9955]},"properties":{"cell_id":195368,"case_count":1,"gi_zscore":-0.1247,"gi_pvalue":0.05,"significance":"cold_95"}},{"type":"Feature","geometry":{"type":"Point","coordinates":[75.01176,16.0045]},"properties":{"cell_id":195586,"case_count":1,"gi_zscore":-0.1207,"gi_pvalue":0.12,"significance":"not_sig"}},{"type":"Feature","geometry":{"type":"Point","coordinates":[77.47059,16.0045]},"properties":{"cell_id":195795,"case_count":1,"gi_zscore":-0.1227,"gi_pvalue":0.12,"significance":"not_sig"}},{"type":"Feature","geometry":{"type":"Point","coordinates":[74.96471,16.01351]},"properties":{"cell_id":195973,"case_count":1,"gi_zscore":-0.1207,"gi_pvalue":0.12,"significance":"not_sig"}},{"type":"Feature","geometry":{"type":"Point","coordinates":[75.27059,16.01351]},"properties":{"cell_id":195999,"case_count":1,"gi_zscore":-0.1207,"gi_pvalue":0.209,"significance":"not_sig"}},{"type":"Feature","geometry":{"type":"Point","coordinates":[76.12941,16.01351]},"properties":{"cell_id":196072,"case_count":1,"gi_zscore":-0.1167,"gi_pvalue":0.344,"significance":"not_sig"}},{"type":"Feature","geometry":{"type":"Point","coordinates":[76.71765,16.01351]},"properties":{"cell_id":196122,"case_count":3,"gi_zscore":-0.1066,"gi_pvalue":0.469,"significance":"not_sig"}},{"type":"Feature","geometry":{"type":"Point","coordinates":[76.64706,16.03153]},"properties":{"cell_id":196898,"case_count":1,"gi_zscore":-0.1066,"gi_pvalue":0.412,"significance":"not_sig"}},{"type":"Feature","geometry":{"type":"Point","coordinates":[76.77647,16.03153]},"properties":{"cell_id":196909,"case_count":1,"gi_zscore":-0.1167,"gi_pvalue":0.344,"significance":"not_sig"}},{"type":"Feature","geometry":{"type":"Point","coordinates":[76.89412,16.04054]},"properties":{"cell_id":197310,"case_count":1,"gi_zscore":-0.1227,"gi_pvalue":0.121,"significance":"not_sig"}},{"type":"Feature","geometry":{"type":"Point","coordinates":[76.54118,16.04955]},"properties":{"cell_id":197671,"case_count":1,"gi_zscore":-0.1207,"gi_pvalue":0.121,"significance":"not_sig"}},{"type":"Feature","geometry":{"type":"Point","coordinates":[77.05882,16.07658]},"properties":{"cell_id":198888,"case_count":1,"gi_zscore":-0.1247,"gi_pvalue":0.051,"significance":"cold_90"}},{"type":"Feature","geometry":{"type":"Point","coordinates":[77.41176,16.07658]},"properties":{"cell_id":198918,"case_count":1,"gi_zscore":-0.1227,"gi_pvalue":0.121,"significance":"not_sig"}},{"type":"Feature","geometry":{"type":"Point","coordinates":[74.68235,16.09459]},"properties":{"cell_id":199468,"case_count":1,"gi_zscore":-0.1247,"gi_pvalue":0.051,"significance":"cold_90"}},{"type":"Feature","geometry":{"type":"Point","coordinates":[76.8,16.1036]},"properties":{"cell_id":200039,"case_count":1,"gi_zscore":-0.1187,"gi_pvalue":0.224,"significance":"not_sig"}},{"type":"Feature","geometry":{"type":"Point","coordinates":[76.45882,16.11261]},"properties":{"cell_id":200401,"case_count":1,"gi_zscore":-0.1227,"gi_pvalue":0.121,"significance":"not_sig"}},{"type":"Feature","geometry":{"type":"Point","coordinates":[74.52941,16.12162]},"properties":{"cell_id":200628,"case_count":1,"gi_zscore":-0.1247,"gi_pvalue":0.051,"significance":"cold_90"}},{"type":"Feature","geometry":{"type":"Point","coordinates":[74.51765,16.13063]},"properties":{"cell_id":201018,"case_count":1,"gi_zscore":-0.1227,"gi_pvalue":0.121,"significance":"not_sig"}},{"type":"Feature","geometry":{"type":"Point","coordinates":[74.65882,16.13063]},"properties":{"cell_id":201030,"case_count":1,"gi_zscore":-0.1247,"gi_pvalue":0.051,"significance":"cold_90"}},{"type":"Feature","geometry":{"type":"Point","coordinates":[74.65882,16.13964]},"properties":{"cell_id":201421,"case_count":1,"gi_zscore":-0.1247,"gi_pvalue":0.051,"significance":"cold_90"}},{"type":"Feature","geometry":{"type":"Point","coordinates":[76.55294,16.15766]},"properties":{"cell_id":202364,"case_count":1,"gi_zscore":-0.1227,"gi_pvalue":0.121,"significance":"not_sig"}},{"type":"Feature","geometry":{"type":"Point","coordinates":[74.63529,16.16667]},"properties":{"cell_id":202592,"case_count":1,"gi_zscore":-0.1247,"gi_pvalue":0.051,"significance":"cold_90"}},{"type":"Feature","geometry":{"type":"Point","coordinates":[76.51765,16.16667]},"properties":{"cell_id":202752,"case_count":1,"gi_zscore":-0.1227,"gi_pvalue":0.121,"significance":"not_sig"}},{"type":"Feature","geometry":{"type":"Point","coordinates":[76.52941,16.16667]},"properties":{"cell_id":202753,"case_count":2,"gi_zscore":-0.1227,"gi_pvalue":0.051,"significance":"cold_90"}},{"type":"Feature","geometry":{"type":"Point","coordinates":[75.09412,16.17568]},"properties":{"cell_id":203022,"case_count":1,"gi_zscore":-0.1247,"gi_pvalue":0.051,"significance":"cold_90"}},{"type":"Feature","geometry":{"type":"Point","coordinates":[76.89412,16.17568]},"properties":{"cell_id":203175,"case_count":1,"gi_zscore":-0.1247,"gi_pvalue":0.051,"significance":"cold_90"}},{"type":"Feature","geometry":{"type":"Point","coordinates":[77.02353,16.17568]},"properties":{"cell_id":203186,"case_count":1,"gi_zscore":-0.1247,"gi_pvalue":0.051,"significance":"cold_90"}},{"type":"Feature","geometry":{"type":"Point","coordinates":[77.34118,16.17568]},"properties":{"cell_id":203213,"case_count":1,"gi_zscore":-0.1227,"gi_pvalue":0.122,"significance":"not_sig"}},{"type":"Feature","geometry":{"type":"Point","coordinates":[76.95294,16.18468]},"properties":{"cell_id":203571,"case_count":1,"gi_zscore":-0.1247,"gi_pvalue":0.051,"significance":"cold_90"}},{"type":"Feature","geometry":{"type":"Point","coordinates":[77.34118,16.18468]},"properties":{"cell_id":203604,"case_count":2,"gi_zscore":-0.1227,"gi_pvalue":0.051,"significance":"cold_90"}},{"type":"Feature","geometry":{"type":"Point","coordinates":[76.67059,16.2027]},"properties":{"cell_id":204329,"case_count":1,"gi_zscore":-0.1187,"gi_pvalue":0.223,"significance":"not_sig"}},{"type":"Feature","geometry":{"type":"Point","coordinates":[77.35294,16.2027]},"properties":{"cell_id":204387,"case_count":1,"gi_zscore":-0.1227,"gi_pvalue":0.122,"significance":"not_sig"}},{"type":"Feature","geometry":{"type":"Point","coordinates":[77.37647,16.2027]},"properties":{"cell_id":204389,"case_count":1,"gi_zscore":-0.1227,"gi_pvalue":0.122,"significance":"not_sig"}},{"type":"Feature","geometry":{"type":"Point","coordinates":[74.56471,16.21171]},"properties":{"cell_id":204541,"case_count":1,"gi_zscore":-0.1227,"gi_pvalue":0.122,"significance":"not_sig"}},{"type":"Feature","geometry":{"type":"Point","coordinates":[74.63529,16.21171]},"properties":{"cell_id":204547,"case_count":1,"gi_zscore":-0.1247,"gi_pvalue":0.051,"significance":"cold_90"}},{"type":"Feature","geometry":{"type":"Point","coordinates":[76.49412,16.21171]},"properties":{"cell_id":204705,"case_count":1,"gi_zscore":-0.1227,"gi_pvalue":0.122,"significance":"not_sig"}},{"type":"Feature","geometry":{"type":"Point","coordinates":[77.35294,16.21171]},"properties":{"cell_id":204778,"case_count":1,"gi_zscore":-0.1227,"gi_pvalue":0.122,"significance":"not_sig"}},{"type":"Feature","geometry":{"type":"Point","coordinates":[74.51765,16.22072]},"properties":{"cell_id":204928,"case_count":1,"gi_zscore":-0.1227,"gi_pvalue":0.122,"significance":"not_sig"}},{"type":"Feature","geometry":{"type":"Point","coordinates":[77.31765,16.22072]},"properties":{"cell_id":205166,"case_count":1,"gi_zscore":-0.1227,"gi_pvalue":0.122,"significance":"not_sig"}},{"type":"Feature","geometry":{"type":"Point","coordinates":[77.35294,16.22072]},"properties":{"cell_id":205169,"case_count":1,"gi_zscore":-0.1227,"gi_pvalue":0.122,"significance":"not_sig"}},{"type":"Feature","geometry":{"type":"Point","coordinates":[77.37647,16.22072]},"properties":{"cell_id":205171,"case_count":1,"gi_zscore":-0.1227,"gi_pvalue":0.122,"significance":"not_sig"}},{"type":"Feature","geometry":{"type":"Point","coordinates":[76.29412,16.23874]},"properties":{"cell_id":205861,"case_count":1,"gi_zscore":-0.1147,"gi_pvalue":0.439,"significance":"not_sig"}},{"type":"Feature","geometry":{"type":"Point","coordinates":[74.91765,16.24775]},"properties":{"cell_id":206135,"case_count":1,"gi_zscore":-0.1227,"gi_pvalue":0.122,"significance":"not_sig"}},{"type":"Feature","geometry":{"type":"Point","coordinates":[74.48235,16.25676]},"properties":{"cell_id":206489,"case_count":2,"gi_zscore":-0.1227,"gi_pvalue":0.051,"significance":"cold_90"}},{"type":"Feature","geometry":{"type":"Point","coordinates":[74.49412,16.25676]},"properties":{"cell_id":206490,"case_count":1,"gi_zscore":-0.1227,"gi_pvalue":0.123,"significance":"not_sig"}},{"type":"Feature","geometry":{"type":"Point","coordinates":[74.96471,16.25676]},"properties":{"cell_id":206530,"case_count":1,"gi_zscore":-0.1227,"gi_pvalue":0.123,"significance":"not_sig"}},{"type":"Feature","geometry":{"type":"Point","coordinates":[74.48235,16.26577]},"properties":{"cell_id":206880,"case_count":1,"gi_zscore":-0.1227,"gi_pvalue":0.123,"significance":"not_sig"}},{"type":"Feature","geometry":{"type":"Point","coordinates":[74.51765,16.26577]},"properties":{"cell_id":206883,"case_count":1,"gi_zscore":-0.1227,"gi_pvalue":0.123,"significance":"not_sig"}},{"type":"Feature","geometry":{"type":"Point","coordinates":[76.57647,16.26577]},"properties":{"cell_id":207058,"case_count":1,"gi_zscore":-0.1227,"gi_pvalue":0.123,"significance":"not_sig"}},{"type":"Feature","geometry":{"type":"Point","coordinates":[74.98824,16.27477]},"properties":{"cell_id":207314,"case_count":1,"gi_zscore":-0.1227,"gi_pvalue":0.123,"significance":"not_sig"}},{"type":"Feature","geometry":{"type":"Point","coordinates":[76.95294,16.27477]},"properties":{"cell_id":207481,"case_count":1,"gi_zscore":-0.1207,"gi_pvalue":0.123,"significance":"not_sig"}},{"type":"Feature","geometry":{"type":"Point","coordinates":[74.35294,16.31081]},"properties":{"cell_id":208824,"case_count":1,"gi_zscore":-0.1227,"gi_pvalue":0.123,"significance":"not_sig"}},{"type":"Feature","geometry":{"type":"Point","coordinates":[74.91765,16.31081]},"properties":{"cell_id":208872,"case_count":1,"gi_zscore":-0.1227,"gi_pvalue":0.123,"significance":"not_sig"}},{"type":"Feature","geometry":{"type":"Point","coordinates":[74.42353,16.31982]},"properties":{"cell_id":209221,"case_count":1,"gi_zscore":-0.1227,"gi_pvalue":0.123,"significance":"not_sig"}},{"type":"Feature","geometry":{"type":"Point","coordinates":[74.45882,16.31982]},"properties":{"cell_id":209224,"case_count":1,"gi_zscore":-0.1227,"gi_pvalue":0.123,"significance":"not_sig"}},{"type":"Feature","geometry":{"type":"Point","coordinates":[74.47059,16.31982]},"properties":{"cell_id":209225,"case_count":1,"gi_zscore":-0.1227,"gi_pvalue":0.123,"significance":"not_sig"}},{"type":"Feature","geometry":{"type":"Point","coordinates":[75.07059,16.32883]},"properties":{"cell_id":209667,"case_count":1,"gi_zscore":-0.1227,"gi_pvalue":0.123,"significance":"not_sig"}},{"type":"Feature","geometry":{"type":"Point","coordinates":[75.92941,16.32883]},"properties":{"cell_id":209740,"case_count":2,"gi_zscore":-0.1187,"gi_pvalue":0.123,"significance":"not_sig"}},{"type":"Feature","geometry":{"type":"Point","coordinates":[76.12941,16.32883]},"properties":{"cell_id":209757,"case_count":2,"gi_zscore":-0.1106,"gi_pvalue":0.498,"significance":"not_sig"}},{"type":"Feature","geometry":{"type":"Point","coordinates":[74.41176,16.33784]},"properties":{"cell_id":210002,"case_count":1,"gi_zscore":-0.1227,"gi_pvalue":0.122,"significance":"not_sig"}},{"type":"Feature","geometry":{"type":"Point","coordinates":[74.76471,16.33784]},"properties":{"cell_id":210032,"case_count":1,"gi_zscore":-0.1187,"gi_pvalue":0.225,"significance":"not_sig"}},{"type":"Feature","geometry":{"type":"Point","coordinates":[74.84706,16.33784]},"properties":{"cell_id":210039,"case_count":1,"gi_zscore":-0.1227,"gi_pvalue":0.122,"significance":"not_sig"}},{"type":"Feature","geometry":{"type":"Point","coordinates":[76.10588,16.33784]},"properties":{"cell_id":210146,"case_count":2,"gi_zscore":-0.1106,"gi_pvalue":0.499,"significance":"not_sig"}},{"type":"Feature","geometry":{"type":"Point","coordinates":[76.12941,16.33784]},"properties":{"cell_id":210148,"case_count":4,"gi_zscore":-0.1106,"gi_pvalue":0.364,"significance":"not_sig"}},{"type":"Feature","geometry":{"type":"Point","coordinates":[76.14118,16.33784]},"properties":{"cell_id":210149,"case_count":2,"gi_zscore":-0.1086,"gi_pvalue":0.452,"significance":"not_sig"}},{"type":"Feature","geometry":{"type":"Point","coordinates":[74.89412,16.34685]},"properties":{"cell_id":210434,"case_count":1,"gi_zscore":-0.1227,"gi_pvalue":0.123,"significance":"not_sig"}},{"type":"Feature","geometry":{"type":"Point","coordinates":[75.01176,16.34685]},"properties":{"cell_id":210444,"case_count":1,"gi_zscore":-0.1227,"gi_pvalue":0.123,"significance":"not_sig"}},{"type":"Feature","geometry":{"type":"Point","coordinates":[76.14118,16.34685]},"properties":{"cell_id":210540,"case_count":1,"gi_zscore":-0.1086,"gi_pvalue":0.421,"significance":"not_sig"}},{"type":"Feature","geometry":{"type":"Point","coordinates":[76.4,16.35586]},"properties":{"cell_id":210953,"case_count":1,"gi_zscore":-0.1207,"gi_pvalue":0.123,"significance":"not_sig"}},{"type":"Feature","geometry":{"type":"Point","coordinates":[76.41176,16.35586]},"properties":{"cell_id":210954,"case_count":1,"gi_zscore":-0.1207,"gi_pvalue":0.123,"significance":"not_sig"}},{"type":"Feature","geometry":{"type":"Point","coordinates":[77.35294,16.35586]},"properties":{"cell_id":211034,"case_count":1,"gi_zscore":-0.1227,"gi_pvalue":0.123,"significance":"not_sig"}},{"type":"Feature","geometry":{"type":"Point","coordinates":[74.95294,16.36486]},"properties":{"cell_id":211221,"case_count":2,"gi_zscore":-0.1227,"gi_pvalue":0.051,"significance":"cold_90"}},{"type":"Feature","geometry":{"type":"Point","coordinates":[76.92941,16.36486]},"properties":{"cell_id":211389,"case_count":1,"gi_zscore":-0.1207,"gi_pvalue":0.123,"significance":"not_sig"}},{"type":"Feature","geometry":{"type":"Point","coordinates":[77.01176,16.36486]},"properties":{"cell_id":211396,"case_count":1,"gi_zscore":-0.1187,"gi_pvalue":0.226,"significance":"not_sig"}},{"type":"Feature","geometry":{"type":"Point","coordinates":[77.35294,16.36486]},"properties":{"cell_id":211425,"case_count":2,"gi_zscore":-0.1227,"gi_pvalue":0.05,"significance":"cold_95"}},{"type":"Feature","geometry":{"type":"Point","coordinates":[77.36471,16.36486]},"properties":{"cell_id":211426,"case_count":1,"gi_zscore":-0.1227,"gi_pvalue":0.123,"significance":"not_sig"}},{"type":"Feature","geometry":{"type":"Point","coordinates":[77.36471,16.37387]},"properties":{"cell_id":211817,"case_count":1,"gi_zscore":-0.1227,"gi_pvalue":0.123,"significance":"not_sig"}},{"type":"Feature","geometry":{"type":"Point","coordinates":[74.37647,16.38288]},"properties":{"cell_id":211954,"case_count":1,"gi_zscore":-0.1227,"gi_pvalue":0.123,"significance":"not_sig"}},{"type":"Feature","geometry":{"type":"Point","coordinates":[76.83529,16.38288]},"properties":{"cell_id":212163,"case_count":1,"gi_zscore":-0.1207,"gi_pvalue":0.123,"significance":"not_sig"}},{"type":"Feature","geometry":{"type":"Point","coordinates":[74.37647,16.39189]},"properties":{"cell_id":212345,"case_count":2,"gi_zscore":-0.1227,"gi_pvalue":0.05,"significance":"cold_95"}},{"type":"Feature","geometry":{"type":"Point","coordinates":[74.38824,16.39189]},"properties":{"cell_id":212346,"case_count":1,"gi_zscore":-0.1227,"gi_pvalue":0.125,"significance":"not_sig"}},{"type":"Feature","geometry":{"type":"Point","coordinates":[75.82353,16.40991]},"properties":{"cell_id":213250,"case_count":1,"gi_zscore":-0.1227,"gi_pvalue":0.125,"significance":"not_sig"}},{"type":"Feature","geometry":{"type":"Point","coordinates":[75.84706,16.41892]},"properties":{"cell_id":213643,"case_count":1,"gi_zscore":-0.1227,"gi_pvalue":0.125,"significance":"not_sig"}},{"type":"Feature","geometry":{"type":"Point","coordinates":[76.54118,16.41892]},"properties":{"cell_id":213702,"case_count":1,"gi_zscore":-0.1207,"gi_pvalue":0.125,"significance":"not_sig"}},{"type":"Feature","geometry":{"type":"Point","coordinates":[76.92941,16.41892]},"properties":{"cell_id":213735,"case_count":3,"gi_zscore":-0.1207,"gi_pvalue":0.05,"significance":"cold_95"}},{"type":"Feature","geometry":{"type":"Point","coordinates":[74.50588,16.42793]},"properties":{"cell_id":213920,"case_count":1,"gi_zscore":-0.1247,"gi_pvalue":0.05,"significance":"cold_95"}},{"type":"Feature","geometry":{"type":"Point","coordinates":[74.58824,16.42793]},"properties":{"cell_id":213927,"case_count":1,"gi_zscore":-0.1247,"gi_pvalue":0.05,"significance":"cold_95"}},{"type":"Feature","geometry":{"type":"Point","coordinates":[74.83529,16.42793]},"properties":{"cell_id":213948,"case_count":1,"gi_zscore":-0.1167,"gi_pvalue":0.342,"significance":"not_sig"}},{"type":"Feature","geometry":{"type":"Point","coordinates":[75.8,16.42793]},"properties":{"cell_id":214030,"case_count":1,"gi_zscore":-0.1227,"gi_pvalue":0.124,"significance":"not_sig"}},{"type":"Feature","geometry":{"type":"Point","coordinates":[75.94118,16.43694]},"properties":{"cell_id":214433,"case_count":1,"gi_zscore":-0.1207,"gi_pvalue":0.124,"significance":"not_sig"}},{"type":"Feature","geometry":{"type":"Point","coordinates":[76.72941,16.43694]},"properties":{"cell_id":214500,"case_count":1,"gi_zscore":-0.1187,"gi_pvalue":0.227,"significance":"not_sig"}},{"type":"Feature","geometry":{"type":"Point","coordinates":[77.18824,16.43694]},"properties":{"cell_id":214539,"case_count":2,"gi_zscore":-0.1167,"gi_pvalue":0.228,"significance":"not_sig"}},{"type":"Feature","geometry":{"type":"Point","coordinates":[74.47059,16.44595]},"properties":{"cell_id":214699,"case_count":1,"gi_zscore":-0.1207,"gi_pvalue":0.125,"significance":"not_sig"}},{"type":"Feature","geometry":{"type":"Point","coordinates":[75.89412,16.45495]},"properties":{"cell_id":215211,"case_count":1,"gi_zscore":-0.1207,"gi_pvalue":0.125,"significance":"not_sig"}},{"type":"Feature","geometry":{"type":"Point","coordinates":[76.51765,16.45495]},"properties":{"cell_id":215264,"case_count":2,"gi_zscore":-0.1207,"gi_pvalue":0.049,"significance":"cold_95"}},{"type":"Feature","geometry":{"type":"Point","coordinates":[74.37647,16.47297]},"properties":{"cell_id":215864,"case_count":1,"gi_zscore":-0.1207,"gi_pvalue":0.125,"significance":"not_sig"}},{"type":"Feature","geometry":{"type":"Point","coordinates":[75.69412,16.47297]},"properties":{"cell_id":215976,"case_count":1,"gi_zscore":-0.1247,"gi_pvalue":0.049,"significance":"cold_95"}},{"type":"Feature","geometry":{"type":"Point","coordinates":[76.30588,16.47297]},"properties":{"cell_id":216028,"case_count":1,"gi_zscore":-0.1227,"gi_pvalue":0.125,"significance":"not_sig"}},{"type":"Feature","geometry":{"type":"Point","coordinates":[74.8,16.48198]},"properties":{"cell_id":216291,"case_count":1,"gi_zscore":-0.1187,"gi_pvalue":0.226,"significance":"not_sig"}},{"type":"Feature","geometry":{"type":"Point","coordinates":[75.6,16.48198]},"properties":{"cell_id":216359,"case_count":1,"gi_zscore":-0.1247,"gi_pvalue":0.049,"significance":"cold_95"}},{"type":"Feature","geometry":{"type":"Point","coordinates":[75.83529,16.48198]},"properties":{"cell_id":216379,"case_count":1,"gi_zscore":-0.1247,"gi_pvalue":0.049,"significance":"cold_95"}},{"type":"Feature","geometry":{"type":"Point","coordinates":[76.30588,16.48198]},"properties":{"cell_id":216419,"case_count":2,"gi_zscore":-0.1227,"gi_pvalue":0.049,"significance":"cold_95"}},{"type":"Feature","geometry":{"type":"Point","coordinates":[74.25882,16.49099]},"properties":{"cell_id":216636,"case_count":1,"gi_zscore":-0.1207,"gi_pvalue":0.125,"significance":"not_sig"}},{"type":"Feature","geometry":{"type":"Point","coordinates":[74.76471,16.49099]},"properties":{"cell_id":216679,"case_count":1,"gi_zscore":-0.1147,"gi_pvalue":0.385,"significance":"not_sig"}},{"type":"Feature","geometry":{"type":"Point","coordinates":[74.77647,16.49099]},"properties":{"cell_id":216680,"case_count":4,"gi_zscore":-0.1147,"gi_pvalue":0.125,"significance":"not_sig"}},{"type":"Feature","geometry":{"type":"Point","coordinates":[76.30588,16.49099]},"properties":{"cell_id":216810,"case_count":1,"gi_zscore":-0.1227,"gi_pvalue":0.124,"significance":"not_sig"}},{"type":"Feature","geometry":{"type":"Point","coordinates":[74.38824,16.50901]},"properties":{"cell_id":217429,"case_count":2,"gi_zscore":-0.1207,"gi_pvalue":0.049,"significance":"cold_95"}},{"type":"Feature","geometry":{"type":"Point","coordinates":[75.70588,16.50901]},"properties":{"cell_id":217541,"case_count":1,"gi_zscore":-0.1247,"gi_pvalue":0.049,"significance":"cold_95"}},{"type":"Feature","geometry":{"type":"Point","coordinates":[74.71765,16.51802]},"properties":{"cell_id":217848,"case_count":1,"gi_zscore":-0.1147,"gi_pvalue":0.386,"significance":"not_sig"}},{"type":"Feature","geometry":{"type":"Point","coordinates":[74.72941,16.51802]},"properties":{"cell_id":217849,"case_count":1,"gi_zscore":-0.1147,"gi_pvalue":0.386,"significance":"not_sig"}},{"type":"Feature","geometry":{"type":"Point","coordinates":[74.81176,16.51802]},"properties":{"cell_id":217856,"case_count":1,"gi_zscore":-0.1187,"gi_pvalue":0.225,"significance":"not_sig"}},{"type":"Feature","geometry":{"type":"Point","coordinates":[74.6,16.52703]},"properties":{"cell_id":218229,"case_count":1,"gi_zscore":-0.1247,"gi_pvalue":0.049,"significance":"cold_95"}},{"type":"Feature","geometry":{"type":"Point","coordinates":[76.77647,16.52703]},"properties":{"cell_id":218414,"case_count":1,"gi_zscore":-0.1167,"gi_pvalue":0.344,"significance":"not_sig"}},{"type":"Feature","geometry":{"type":"Point","coordinates":[74.31765,16.53604]},"properties":{"cell_id":218596,"case_count":1,"gi_zscore":-0.1207,"gi_pvalue":0.124,"significance":"not_sig"}},{"type":"Feature","geometry":{"type":"Point","coordinates":[74.49412,16.53604]},"properties":{"cell_id":218611,"case_count":1,"gi_zscore":-0.1227,"gi_pvalue":0.124,"significance":"not_sig"}},{"type":"Feature","geometry":{"type":"Point","coordinates":[74.32941,16.54505]},"properties":{"cell_id":218988,"case_count":1,"gi_zscore":-0.1207,"gi_pvalue":0.124,"significance":"not_sig"}},{"type":"Feature","geometry":{"type":"Point","coordinates":[74.52941,16.55405]},"properties":{"cell_id":219396,"case_count":1,"gi_zscore":-0.1247,"gi_pvalue":0.049,"significance":"cold_95"}},{"type":"Feature","geometry":{"type":"Point","coordinates":[75.54118,16.56306]},"properties":{"cell_id":219873,"case_count":1,"gi_zscore":-0.1227,"gi_pvalue":0.124,"significance":"not_sig"}},{"type":"Feature","geometry":{"type":"Point","coordinates":[75.96471,16.56306]},"properties":{"cell_id":219909,"case_count":2,"gi_zscore":-0.1227,"gi_pvalue":0.05,"significance":"cold_95"}},{"type":"Feature","geometry":{"type":"Point","coordinates":[76.03529,16.56306]},"properties":{"cell_id":219915,"case_count":1,"gi_zscore":-0.1207,"gi_pvalue":0.124,"significance":"not_sig"}},{"type":"Feature","geometry":{"type":"Point","coordinates":[76.98824,16.56306]},"properties":{"cell_id":219996,"case_count":1,"gi_zscore":-0.1167,"gi_pvalue":0.344,"significance":"not_sig"}},{"type":"Feature","geometry":{"type":"Point","coordinates":[75.96471,16.57207]},"properties":{"cell_id":220300,"case_count":1,"gi_zscore":-0.1227,"gi_pvalue":0.124,"significance":"not_sig"}},{"type":"Feature","geometry":{"type":"Point","coordinates":[75.97647,16.57207]},"properties":{"cell_id":220301,"case_count":1,"gi_zscore":-0.1227,"gi_pvalue":0.124,"significance":"not_sig"}},{"type":"Feature","geometry":{"type":"Point","coordinates":[74.45882,16.59009]},"properties":{"cell_id":220954,"case_count":1,"gi_zscore":-0.1227,"gi_pvalue":0.124,"significance":"not_sig"}},{"type":"Feature","geometry":{"type":"Point","coordinates":[75.71765,16.59009]},"properties":{"cell_id":221061,"case_count":1,"gi_zscore":-0.1247,"gi_pvalue":0.05,"significance":"cold_95"}},{"type":"Feature","geometry":{"type":"Point","coordinates":[74.50588,16.5991]},"properties":{"cell_id":221349,"case_count":1,"gi_zscore":-0.1227,"gi_pvalue":0.124,"significance":"not_sig"}},{"type":"Feature","geometry":{"type":"Point","coordinates":[74.70588,16.61712]},"properties":{"cell_id":222148,"case_count":3,"gi_zscore":-0.1207,"gi_pvalue":0.05,"significance":"cold_95"}},{"type":"Feature","geometry":{"type":"Point","coordinates":[74.8,16.61712]},"properties":{"cell_id":222156,"case_count":1,"gi_zscore":-0.1207,"gi_pvalue":0.212,"significance":"not_sig"}},{"type":"Feature","geometry":{"type":"Point","coordinates":[75.85882,16.61712]},"properties":{"cell_id":222246,"case_count":1,"gi_zscore":-0.1227,"gi_pvalue":0.124,"significance":"not_sig"}},{"type":"Feature","geometry":{"type":"Point","coordinates":[76.35294,16.61712]},"properties":{"cell_id":222288,"case_count":1,"gi_zscore":-0.1227,"gi_pvalue":0.124,"significance":"not_sig"}},{"type":"Feature","geometry":{"type":"Point","coordinates":[74.69412,16.62613]},"properties":{"cell_id":222538,"case_count":1,"gi_zscore":-0.1207,"gi_pvalue":0.212,"significance":"not_sig"}},{"type":"Feature","geometry":{"type":"Point","coordinates":[76.30588,16.63514]},"properties":{"cell_id":223066,"case_count":1,"gi_zscore":-0.1227,"gi_pvalue":0.124,"significance":"not_sig"}},{"type":"Feature","geometry":{"type":"Point","coordinates":[74.47059,16.64414]},"properties":{"cell_id":223301,"case_count":1,"gi_zscore":-0.1227,"gi_pvalue":0.124,"significance":"not_sig"}},{"type":"Feature","geometry":{"type":"Point","coordinates":[74.82353,16.65315]},"properties":{"cell_id":223722,"case_count":1,"gi_zscore":-0.1247,"gi_pvalue":0.05,"significance":"cold_95"}},{"type":"Feature","geometry":{"type":"Point","coordinates":[74.82353,16.66216]},"properties":{"cell_id":224113,"case_count":1,"gi_zscore":-0.1247,"gi_pvalue":0.05,"significance":"cold_95"}},{"type":"Feature","geometry":{"type":"Point","coordinates":[74.82353,16.67117]},"properties":{"cell_id":224504,"case_count":1,"gi_zscore":-0.1247,"gi_pvalue":0.05,"significance":"cold_95"}},{"type":"Feature","geometry":{"type":"Point","coordinates":[74.89412,16.67117]},"properties":{"cell_id":224510,"case_count":1,"gi_zscore":-0.1247,"gi_pvalue":0.05,"significance":"cold_95"}},{"type":"Feature","geometry":{"type":"Point","coordinates":[75.54118,16.67117]},"properties":{"cell_id":224565,"case_count":1,"gi_zscore":-0.1227,"gi_pvalue":0.124,"significance":"not_sig"}},{"type":"Feature","geometry":{"type":"Point","coordinates":[76.30588,16.67117]},"properties":{"cell_id":224630,"case_count":1,"gi_zscore":-0.1227,"gi_pvalue":0.124,"significance":"not_sig"}},{"type":"Feature","geometry":{"type":"Point","coordinates":[76.31765,16.67117]},"properties":{"cell_id":224631,"case_count":1,"gi_zscore":-0.1227,"gi_pvalue":0.124,"significance":"not_sig"}},{"type":"Feature","geometry":{"type":"Point","coordinates":[76.84706,16.68919]},"properties":{"cell_id":225458,"case_count":2,"gi_zscore":-0.1167,"gi_pvalue":0.223,"significance":"not_sig"}},{"type":"Feature","geometry":{"type":"Point","coordinates":[75.52941,16.6982]},"properties":{"cell_id":225737,"case_count":1,"gi_zscore":-0.1227,"gi_pvalue":0.126,"significance":"not_sig"}},{"type":"Feature","geometry":{"type":"Point","coordinates":[76.84706,16.6982]},"properties":{"cell_id":225849,"case_count":1,"gi_zscore":-0.1207,"gi_pvalue":0.126,"significance":"not_sig"}},{"type":"Feature","geometry":{"type":"Point","coordinates":[74.71765,16.70721]},"properties":{"cell_id":226059,"case_count":1,"gi_zscore":-0.1207,"gi_pvalue":0.212,"significance":"not_sig"}},{"type":"Feature","geometry":{"type":"Point","coordinates":[74.89412,16.70721]},"properties":{"cell_id":226074,"case_count":1,"gi_zscore":-0.1247,"gi_pvalue":0.05,"significance":"cold_95"}},{"type":"Feature","geometry":{"type":"Point","coordinates":[75.52941,16.70721]},"properties":{"cell_id":226128,"case_count":2,"gi_zscore":-0.1227,"gi_pvalue":0.05,"significance":"cold_95"}},{"type":"Feature","geometry":{"type":"Point","coordinates":[76.83529,16.70721]},"properties":{"cell_id":226239,"case_count":2,"gi_zscore":-0.1207,"gi_pvalue":0.05,"significance":"cold_95"}},{"type":"Feature","geometry":{"type":"Point","coordinates":[76.85882,16.70721]},"properties":{"cell_id":226241,"case_count":1,"gi_zscore":-0.1207,"gi_pvalue":0.125,"significance":"not_sig"}},{"type":"Feature","geometry":{"type":"Point","coordinates":[74.78824,16.71622]},"properties":{"cell_id":226456,"case_count":1,"gi_zscore":-0.1247,"gi_pvalue":0.05,"significance":"cold_95"}},{"type":"Feature","geometry":{"type":"Point","coordinates":[75.49412,16.71622]},"properties":{"cell_id":226516,"case_count":1,"gi_zscore":-0.1207,"gi_pvalue":0.125,"significance":"not_sig"}},{"type":"Feature","geometry":{"type":"Point","coordinates":[75.63529,16.71622]},"properties":{"cell_id":226528,"case_count":1,"gi_zscore":-0.1227,"gi_pvalue":0.125,"significance":"not_sig"}},{"type":"Feature","geometry":{"type":"Point","coordinates":[74.78824,16.72523]},"properties":{"cell_id":226847,"case_count":1,"gi_zscore":-0.1247,"gi_pvalue":0.05,"significance":"cold_95"}},{"type":"Feature","geometry":{"type":"Point","coordinates":[75.65882,16.72523]},"properties":{"cell_id":226921,"case_count":1,"gi_zscore":-0.1247,"gi_pvalue":0.05,"significance":"cold_95"}},{"type":"Feature","geometry":{"type":"Point","coordinates":[76.8,16.73423]},"properties":{"cell_id":227409,"case_count":1,"gi_zscore":-0.1207,"gi_pvalue":0.125,"significance":"not_sig"}},{"type":"Feature","geometry":{"type":"Point","coordinates":[77.15294,16.73423]},"properties":{"cell_id":227439,"case_count":1,"gi_zscore":-0.1247,"gi_pvalue":0.05,"significance":"cold_95"}},{"type":"Feature","geometry":{"type":"Point","coordinates":[76.32941,16.74324]},"properties":{"cell_id":227760,"case_count":1,"gi_zscore":-0.1187,"gi_pvalue":0.223,"significance":"not_sig"}},{"type":"Feature","geometry":{"type":"Point","coordinates":[77.14118,16.74324]},"properties":{"cell_id":227829,"case_count":1,"gi_zscore":-0.1247,"gi_pvalue":0.05,"significance":"cold_95"}},{"type":"Feature","geometry":{"type":"Point","coordinates":[75.56471,16.75225]},"properties":{"cell_id":228086,"case_count":1,"gi_zscore":-0.1227,"gi_pvalue":0.125,"significance":"not_sig"}},{"type":"Feature","geometry":{"type":"Point","coordinates":[75.72941,16.75225]},"properties":{"cell_id":228100,"case_count":1,"gi_zscore":-0.1207,"gi_pvalue":0.125,"significance":"not_sig"}},{"type":"Feature","geometry":{"type":"Point","coordinates":[77.12941,16.75225]},"properties":{"cell_id":228219,"case_count":1,"gi_zscore":-0.1247,"gi_pvalue":0.05,"significance":"cold_95"}},{"type":"Feature","geometry":{"type":"Point","coordinates":[77.14118,16.75225]},"properties":{"cell_id":228220,"case_count":1,"gi_zscore":-0.1247,"gi_pvalue":0.05,"significance":"cold_95"}},{"type":"Feature","geometry":{"type":"Point","coordinates":[75.67059,16.76126]},"properties":{"cell_id":228486,"case_count":1,"gi_zscore":-0.1247,"gi_pvalue":0.05,"significance":"cold_95"}},{"type":"Feature","geometry":{"type":"Point","coordinates":[75.49412,16.78829]},"properties":{"cell_id":229644,"case_count":1,"gi_zscore":-0.1207,"gi_pvalue":0.125,"significance":"not_sig"}},{"type":"Feature","geometry":{"type":"Point","coordinates":[75.71765,16.78829]},"properties":{"cell_id":229663,"case_count":1,"gi_zscore":-0.1086,"gi_pvalue":0.454,"significance":"not_sig"}},{"type":"Feature","geometry":{"type":"Point","coordinates":[75.74118,16.78829]},"properties":{"cell_id":229665,"case_count":1,"gi_zscore":-0.1187,"gi_pvalue":0.212,"significance":"not_sig"}},{"type":"Feature","geometry":{"type":"Point","coordinates":[75.71765,16.7973]},"properties":{"cell_id":230054,"case_count":1,"gi_zscore":-0.1026,"gi_pvalue":0.325,"significance":"not_sig"}},{"type":"Feature","geometry":{"type":"Point","coordinates":[76.36471,16.7973]},"properties":{"cell_id":230109,"case_count":1,"gi_zscore":-0.1187,"gi_pvalue":0.223,"significance":"not_sig"}},{"type":"Feature","geometry":{"type":"Point","coordinates":[75.42353,16.80631]},"properties":{"cell_id":230420,"case_count":2,"gi_zscore":-0.1207,"gi_pvalue":0.051,"significance":"cold_90"}},{"type":"Feature","geometry":{"type":"Point","coordinates":[75.71765,16.80631]},"properties":{"cell_id":230445,"case_count":2,"gi_zscore":-0.1026,"gi_pvalue":0.352,"significance":"not_sig"}},{"type":"Feature","geometry":{"type":"Point","coordinates":[75.72941,16.80631]},"properties":{"cell_id":230446,"case_count":1,"gi_zscore":-0.1046,"gi_pvalue":0.384,"significance":"not_sig"}},{"type":"Feature","geometry":{"type":"Point","coordinates":[75.70588,16.81532]},"properties":{"cell_id":230835,"case_count":2,"gi_zscore":-0.0885,"gi_pvalue":0.243,"significance":"not_sig"}},{"type":"Feature","geometry":{"type":"Point","coordinates":[75.71765,16.81532]},"properties":{"cell_id":230836,"case_count":2,"gi_zscore":-0.0926,"gi_pvalue":0.27,"significance":"not_sig"}},{"type":"Feature","geometry":{"type":"Point","coordinates":[75.74118,16.81532]},"properties":{"cell_id":230838,"case_count":1,"gi_zscore":-0.1126,"gi_pvalue":0.5,"significance":"not_sig"}},{"type":"Feature","geometry":{"type":"Point","coordinates":[76.05882,16.81532]},"properties":{"cell_id":230865,"case_count":1,"gi_zscore":-0.1247,"gi_pvalue":0.05,"significance":"cold_95"}},{"type":"Feature","geometry":{"type":"Point","coordinates":[76.07059,16.81532]},"properties":{"cell_id":230866,"case_count":1,"gi_zscore":-0.1247,"gi_pvalue":0.05,"significance":"cold_95"}},{"type":"Feature","geometry":{"type":"Point","coordinates":[77.37647,16.81532]},"properties":{"cell_id":230977,"case_count":1,"gi_zscore":-0.1247,"gi_pvalue":0.05,"significance":"cold_95"}},{"type":"Feature","geometry":{"type":"Point","coordinates":[75.64706,16.82432]},"properties":{"cell_id":231221,"case_count":1,"gi_zscore":-0.1086,"gi_pvalue":0.455,"significance":"not_sig"}},{"type":"Feature","geometry":{"type":"Point","coordinates":[75.65882,16.82432]},"properties":{"cell_id":231222,"case_count":1,"gi_zscore":-0.1086,"gi_pvalue":0.455,"significance":"not_sig"}},{"type":"Feature","geometry":{"type":"Point","coordinates":[75.67059,16.82432]},"properties":{"cell_id":231223,"case_count":1,"gi_zscore":-0.1086,"gi_pvalue":0.455,"significance":"not_sig"}},{"type":"Feature","geometry":{"type":"Point","coordinates":[75.68235,16.82432]},"properties":{"cell_id":231224,"case_count":1,"gi_zscore":-0.1066,"gi_pvalue":0.416,"significance":"not_sig"}},{"type":"Feature","geometry":{"type":"Point","coordinates":[75.69412,16.82432]},"properties":{"cell_id":231225,"case_count":2,"gi_zscore":-0.1006,"gi_pvalue":0.352,"significance":"not_sig"}},{"type":"Feature","geometry":{"type":"Point","coordinates":[75.71765,16.82432]},"properties":{"cell_id":231227,"case_count":6,"gi_zscore":-0.0845,"gi_pvalue":0.255,"significance":"not_sig"}},{"type":"Feature","geometry":{"type":"Point","coordinates":[75.72941,16.82432]},"properties":{"cell_id":231228,"case_count":4,"gi_zscore":-0.0946,"gi_pvalue":0.321,"significance":"not_sig"}},{"type":"Feature","geometry":{"type":"Point","coordinates":[75.74118,16.82432]},"properties":{"cell_id":231229,"case_count":2,"gi_zscore":-0.1066,"gi_pvalue":0.453,"significance":"not_sig"}},{"type":"Feature","geometry":{"type":"Point","coordinates":[75.75294,16.82432]},"properties":{"cell_id":231230,"case_count":1,"gi_zscore":-0.1167,"gi_pvalue":0.344,"significance":"not_sig"}},{"type":"Feature","geometry":{"type":"Point","coordinates":[75.76471,16.82432]},"properties":{"cell_id":231231,"case_count":1,"gi_zscore":-0.1167,"gi_pvalue":0.344,"significance":"not_sig"}},{"type":"Feature","geometry":{"type":"Point","coordinates":[75.69412,16.83333]},"properties":{"cell_id":231616,"case_count":2,"gi_zscore":-0.1046,"gi_pvalue":0.387,"significance":"not_sig"}},{"type":"Feature","geometry":{"type":"Point","coordinates":[75.70588,16.83333]},"properties":{"cell_id":231617,"case_count":4,"gi_zscore":-0.0885,"gi_pvalue":0.255,"significance":"not_sig"}},{"type":"Feature","geometry":{"type":"Point","coordinates":[75.71765,16.83333]},"properties":{"cell_id":231618,"case_count":6,"gi_zscore":-0.0865,"gi_pvalue":0.281,"significance":"not_sig"}},{"type":"Feature","geometry":{"type":"Point","coordinates":[75.72941,16.83333]},"properties":{"cell_id":231619,"case_count":1,"gi_zscore":-0.0926,"gi_pvalue":0.248,"significance":"not_sig"}},{"type":"Feature","geometry":{"type":"Point","coordinates":[75.74118,16.83333]},"properties":{"cell_id":231620,"case_count":1,"gi_zscore":-0.1147,"gi_pvalue":0.44,"significance":"not_sig"}},{"type":"Feature","geometry":{"type":"Point","coordinates":[75.51765,16.84234]},"properties":{"cell_id":231992,"case_count":1,"gi_zscore":-0.1207,"gi_pvalue":0.122,"significance":"not_sig"}},{"type":"Feature","geometry":{"type":"Point","coordinates":[75.68235,16.84234]},"properties":{"cell_id":232006,"case_count":1,"gi_zscore":-0.1066,"gi_pvalue":0.416,"significance":"not_sig"}},{"type":"Feature","geometry":{"type":"Point","coordinates":[75.70588,16.84234]},"properties":{"cell_id":232008,"case_count":2,"gi_zscore":-0.0845,"gi_pvalue":0.201,"significance":"not_sig"}},{"type":"Feature","geometry":{"type":"Point","coordinates":[75.74118,16.84234]},"properties":{"cell_id":232011,"case_count":1,"gi_zscore":-0.1126,"gi_pvalue":0.499,"significance":"not_sig"}},{"type":"Feature","geometry":{"type":"Point","coordinates":[76.12941,16.84234]},"properties":{"cell_id":232044,"case_count":1,"gi_zscore":-0.1187,"gi_pvalue":0.22,"significance":"not_sig"}},{"type":"Feature","geometry":{"type":"Point","coordinates":[75.69412,16.85135]},"properties":{"cell_id":232398,"case_count":4,"gi_zscore":-0.1046,"gi_pvalue":0.453,"significance":"not_sig"}},{"type":"Feature","geometry":{"type":"Point","coordinates":[75.70588,16.85135]},"properties":{"cell_id":232399,"case_count":1,"gi_zscore":-0.0946,"gi_pvalue":0.271,"significance":"not_sig"}},{"type":"Feature","geometry":{"type":"Point","coordinates":[75.71765,16.85135]},"properties":{"cell_id":232400,"case_count":2,"gi_zscore":-0.0966,"gi_pvalue":0.29,"significance":"not_sig"}},{"type":"Feature","geometry":{"type":"Point","coordinates":[75.72941,16.85135]},"properties":{"cell_id":232401,"case_count":2,"gi_zscore":-0.1086,"gi_pvalue":0.453,"significance":"not_sig"}},{"type":"Feature","geometry":{"type":"Point","coordinates":[75.75294,16.85135]},"properties":{"cell_id":232403,"case_count":1,"gi_zscore":-0.1207,"gi_pvalue":0.12,"significance":"not_sig"}},{"type":"Feature","geometry":{"type":"Point","coordinates":[76.15294,16.85135]},"properties":{"cell_id":232437,"case_count":1,"gi_zscore":-0.1147,"gi_pvalue":0.39,"significance":"not_sig"}},{"type":"Feature","geometry":{"type":"Point","coordinates":[77.15294,16.85135]},"properties":{"cell_id":232522,"case_count":1,"gi_zscore":-0.1207,"gi_pvalue":0.12,"significance":"not_sig"}},{"type":"Feature","geometry":{"type":"Point","coordinates":[75.75294,16.86937]},"properties":{"cell_id":233185,"case_count":1,"gi_zscore":-0.1207,"gi_pvalue":0.12,"significance":"not_sig"}},{"type":"Feature","geometry":{"type":"Point","coordinates":[76.34118,16.86937]},"properties":{"cell_id":233235,"case_count":1,"gi_zscore":-0.1147,"gi_pvalue":0.39,"significance":"not_sig"}},{"type":"Feature","geometry":{"type":"Point","coordinates":[75.47059,16.87838]},"properties":{"cell_id":233552,"case_count":1,"gi_zscore":-0.1207,"gi_pvalue":0.12,"significance":"not_sig"}},{"type":"Feature","geometry":{"type":"Point","coordinates":[75.47059,16.88739]},"properties":{"cell_id":233943,"case_count":1,"gi_zscore":-0.1227,"gi_pvalue":0.12,"significance":"not_sig"}},{"type":"Feature","geometry":{"type":"Point","coordinates":[76.02353,16.88739]},"properties":{"cell_id":233990,"case_count":1,"gi_zscore":-0.1227,"gi_pvalue":0.12,"significance":"not_sig"}},{"type":"Feature","geometry":{"type":"Point","coordinates":[76.22353,16.90541]},"properties":{"cell_id":234789,"case_count":1,"gi_zscore":-0.1147,"gi_pvalue":0.39,"significance":"not_sig"}},{"type":"Feature","geometry":{"type":"Point","coordinates":[76.22353,16.91441]},"properties":{"cell_id":235180,"case_count":1,"gi_zscore":-0.1147,"gi_pvalue":0.39,"significance":"not_sig"}},{"type":"Feature","geometry":{"type":"Point","coordinates":[76.23529,16.91441]},"properties":{"cell_id":235181,"case_count":4,"gi_zscore":-0.1147,"gi_pvalue":0.121,"significance":"not_sig"}},{"type":"Feature","geometry":{"type":"Point","coordinates":[76.23529,16.92342]},"properties":{"cell_id":235572,"case_count":3,"gi_zscore":-0.1147,"gi_pvalue":0.221,"significance":"not_sig"}},{"type":"Feature","geometry":{"type":"Point","coordinates":[77.31765,16.92342]},"properties":{"cell_id":235664,"case_count":1,"gi_zscore":-0.1247,"gi_pvalue":0.051,"significance":"cold_90"}},{"type":"Feature","geometry":{"type":"Point","coordinates":[75.62353,16.93243]},"properties":{"cell_id":235911,"case_count":1,"gi_zscore":-0.1167,"gi_pvalue":0.342,"significance":"not_sig"}},{"type":"Feature","geometry":{"type":"Point","coordinates":[75.65882,16.93243]},"properties":{"cell_id":235914,"case_count":1,"gi_zscore":-0.1106,"gi_pvalue":0.454,"significance":"not_sig"}},{"type":"Feature","geometry":{"type":"Point","coordinates":[76.22353,16.94144]},"properties":{"cell_id":236353,"case_count":1,"gi_zscore":-0.1147,"gi_pvalue":0.39,"significance":"not_sig"}},{"type":"Feature","geometry":{"type":"Point","coordinates":[76.02353,16.95045]},"properties":{"cell_id":236727,"case_count":1,"gi_zscore":-0.1227,"gi_pvalue":0.12,"significance":"not_sig"}},{"type":"Feature","geometry":{"type":"Point","coordinates":[76.14118,16.95946]},"properties":{"cell_id":237128,"case_count":1,"gi_zscore":-0.1147,"gi_pvalue":0.39,"significance":"not_sig"}},{"type":"Feature","geometry":{"type":"Point","coordinates":[75.92941,16.97748]},"properties":{"cell_id":237892,"case_count":2,"gi_zscore":-0.1227,"gi_pvalue":0.051,"significance":"cold_90"}},{"type":"Feature","geometry":{"type":"Point","coordinates":[76.34118,16.97748]},"properties":{"cell_id":237927,"case_count":1,"gi_zscore":-0.1187,"gi_pvalue":0.219,"significance":"not_sig"}},{"type":"Feature","geometry":{"type":"Point","coordinates":[76.2,16.9955]},"properties":{"cell_id":238697,"case_count":1,"gi_zscore":-0.1106,"gi_pvalue":0.454,"significance":"not_sig"}},{"type":"Feature","geometry":{"type":"Point","coordinates":[76.41176,17.0045]},"properties":{"cell_id":239106,"case_count":1,"gi_zscore":-0.1227,"gi_pvalue":0.12,"significance":"not_sig"}},{"type":"Feature","geometry":{"type":"Point","coordinates":[76.45882,17.01351]},"properties":{"cell_id":239501,"case_count":1,"gi_zscore":-0.1227,"gi_pvalue":0.12,"significance":"not_sig"}},{"type":"Feature","geometry":{"type":"Point","coordinates":[76.37647,17.02252]},"properties":{"cell_id":239885,"case_count":1,"gi_zscore":-0.1227,"gi_pvalue":0.12,"significance":"not_sig"}},{"type":"Feature","geometry":{"type":"Point","coordinates":[75.75294,17.03153]},"properties":{"cell_id":240223,"case_count":1,"gi_zscore":-0.1227,"gi_pvalue":0.12,"significance":"not_sig"}},{"type":"Feature","geometry":{"type":"Point","coordinates":[76.98824,17.04955]},"properties":{"cell_id":241110,"case_count":2,"gi_zscore":-0.1187,"gi_pvalue":0.12,"significance":"not_sig"}},{"type":"Feature","geometry":{"type":"Point","coordinates":[77.4,17.05856]},"properties":{"cell_id":241536,"case_count":1,"gi_zscore":-0.1227,"gi_pvalue":0.12,"significance":"not_sig"}},{"type":"Feature","geometry":{"type":"Point","coordinates":[75.88235,17.06757]},"properties":{"cell_id":241798,"case_count":1,"gi_zscore":-0.1207,"gi_pvalue":0.12,"significance":"not_sig"}},{"type":"Feature","geometry":{"type":"Point","coordinates":[76.27059,17.07658]},"properties":{"cell_id":242222,"case_count":1,"gi_zscore":-0.1187,"gi_pvalue":0.221,"significance":"not_sig"}},{"type":"Feature","geometry":{"type":"Point","coordinates":[76.34118,17.07658]},"properties":{"cell_id":242228,"case_count":1,"gi_zscore":-0.1207,"gi_pvalue":0.12,"significance":"not_sig"}},{"type":"Feature","geometry":{"type":"Point","coordinates":[76.41176,17.07658]},"properties":{"cell_id":242234,"case_count":2,"gi_zscore":-0.1227,"gi_pvalue":0.051,"significance":"cold_90"}},{"type":"Feature","geometry":{"type":"Point","coordinates":[76.42353,17.07658]},"properties":{"cell_id":242235,"case_count":1,"gi_zscore":-0.1227,"gi_pvalue":0.121,"significance":"not_sig"}},{"type":"Feature","geometry":{"type":"Point","coordinates":[75.96471,17.08559]},"properties":{"cell_id":242587,"case_count":1,"gi_zscore":-0.1227,"gi_pvalue":0.121,"significance":"not_sig"}},{"type":"Feature","geometry":{"type":"Point","coordinates":[76.22353,17.08559]},"properties":{"cell_id":242609,"case_count":2,"gi_zscore":-0.1207,"gi_pvalue":0.051,"significance":"cold_90"}},{"type":"Feature","geometry":{"type":"Point","coordinates":[76.78824,17.08559]},"properties":{"cell_id":242657,"case_count":1,"gi_zscore":-0.1207,"gi_pvalue":0.12,"significance":"not_sig"}},{"type":"Feature","geometry":{"type":"Point","coordinates":[76.22353,17.09459]},"properties":{"cell_id":243000,"case_count":2,"gi_zscore":-0.1207,"gi_pvalue":0.05,"significance":"cold_95"}},{"type":"Feature","geometry":{"type":"Point","coordinates":[76.36471,17.1036]},"properties":{"cell_id":243403,"case_count":1,"gi_zscore":-0.1227,"gi_pvalue":0.12,"significance":"not_sig"}},{"type":"Feature","geometry":{"type":"Point","coordinates":[75.85882,17.11261]},"properties":{"cell_id":243751,"case_count":1,"gi_zscore":-0.1207,"gi_pvalue":0.12,"significance":"not_sig"}},{"type":"Feature","geometry":{"type":"Point","coordinates":[77.08235,17.11261]},"properties":{"cell_id":243855,"case_count":2,"gi_zscore":-0.1207,"gi_pvalue":0.05,"significance":"cold_95"}},{"type":"Feature","geometry":{"type":"Point","coordinates":[75.67059,17.12162]},"properties":{"cell_id":244126,"case_count":1,"gi_zscore":-0.1207,"gi_pvalue":0.118,"significance":"not_sig"}},{"type":"Feature","geometry":{"type":"Point","coordinates":[75.78824,17.12162]},"properties":{"cell_id":244136,"case_count":2,"gi_zscore":-0.1207,"gi_pvalue":0.05,"significance":"cold_95"}},{"type":"Feature","geometry":{"type":"Point","coordinates":[75.90588,17.13063]},"properties":{"cell_id":244537,"case_count":1,"gi_zscore":-0.1227,"gi_pvalue":0.118,"significance":"not_sig"}},{"type":"Feature","geometry":{"type":"Point","coordinates":[75.90588,17.13964]},"properties":{"cell_id":244928,"case_count":1,"gi_zscore":-0.1227,"gi_pvalue":0.118,"significance":"not_sig"}},{"type":"Feature","geometry":{"type":"Point","coordinates":[76.02353,17.13964]},"properties":{"cell_id":244938,"case_count":1,"gi_zscore":-0.1227,"gi_pvalue":0.118,"significance":"not_sig"}},{"type":"Feature","geometry":{"type":"Point","coordinates":[75.95294,17.15766]},"properties":{"cell_id":245714,"case_count":1,"gi_zscore":-0.1227,"gi_pvalue":0.118,"significance":"not_sig"}},{"type":"Feature","geometry":{"type":"Point","coordinates":[75.96471,17.16667]},"properties":{"cell_id":246106,"case_count":1,"gi_zscore":-0.1227,"gi_pvalue":0.118,"significance":"not_sig"}},{"type":"Feature","geometry":{"type":"Point","coordinates":[76.74118,17.16667]},"properties":{"cell_id":246172,"case_count":1,"gi_zscore":-0.1187,"gi_pvalue":0.222,"significance":"not_sig"}},{"type":"Feature","geometry":{"type":"Point","coordinates":[75.75294,17.17568]},"properties":{"cell_id":246479,"case_count":1,"gi_zscore":-0.1207,"gi_pvalue":0.118,"significance":"not_sig"}},{"type":"Feature","geometry":{"type":"Point","coordinates":[75.95294,17.17568]},"properties":{"cell_id":246496,"case_count":2,"gi_zscore":-0.1227,"gi_pvalue":0.048,"significance":"cold_95"}},{"type":"Feature","geometry":{"type":"Point","coordinates":[75.96471,17.17568]},"properties":{"cell_id":246497,"case_count":1,"gi_zscore":-0.1227,"gi_pvalue":0.118,"significance":"not_sig"}},{"type":"Feature","geometry":{"type":"Point","coordinates":[76.54118,17.17568]},"properties":{"cell_id":246546,"case_count":1,"gi_zscore":-0.1227,"gi_pvalue":0.118,"significance":"not_sig"}},{"type":"Feature","geometry":{"type":"Point","coordinates":[76.77647,17.18468]},"properties":{"cell_id":246957,"case_count":1,"gi_zscore":-0.1207,"gi_pvalue":0.118,"significance":"not_sig"}},{"type":"Feature","geometry":{"type":"Point","coordinates":[76.78824,17.18468]},"properties":{"cell_id":246958,"case_count":2,"gi_zscore":-0.1207,"gi_pvalue":0.049,"significance":"cold_95"}},{"type":"Feature","geometry":{"type":"Point","coordinates":[77.28235,17.18468]},"properties":{"cell_id":247000,"case_count":1,"gi_zscore":-0.1207,"gi_pvalue":0.118,"significance":"not_sig"}},{"type":"Feature","geometry":{"type":"Point","coordinates":[76.76471,17.2027]},"properties":{"cell_id":247738,"case_count":1,"gi_zscore":-0.1167,"gi_pvalue":0.295,"significance":"not_sig"}},{"type":"Feature","geometry":{"type":"Point","coordinates":[76.8,17.22973]},"properties":{"cell_id":248914,"case_count":1,"gi_zscore":-0.1147,"gi_pvalue":0.391,"significance":"not_sig"}},{"type":"Feature","geometry":{"type":"Point","coordinates":[75.68235,17.23874]},"properties":{"cell_id":249210,"case_count":2,"gi_zscore":-0.1207,"gi_pvalue":0.049,"significance":"cold_95"}},{"type":"Feature","geometry":{"type":"Point","coordinates":[75.81176,17.28378]},"properties":{"cell_id":251176,"case_count":1,"gi_zscore":-0.1207,"gi_pvalue":0.118,"significance":"not_sig"}},{"type":"Feature","geometry":{"type":"Point","coordinates":[75.97647,17.28378]},"properties":{"cell_id":251190,"case_count":1,"gi_zscore":-0.1207,"gi_pvalue":0.118,"significance":"not_sig"}},{"type":"Feature","geometry":{"type":"Point","coordinates":[76.81176,17.29279]},"properties":{"cell_id":251652,"case_count":1,"gi_zscore":-0.1046,"gi_pvalue":0.353,"significance":"not_sig"}},{"type":"Feature","geometry":{"type":"Point","coordinates":[76.83529,17.29279]},"properties":{"cell_id":251654,"case_count":1,"gi_zscore":-0.1066,"gi_pvalue":0.416,"significance":"not_sig"}},{"type":"Feature","geometry":{"type":"Point","coordinates":[76.81176,17.3018]},"properties":{"cell_id":252043,"case_count":2,"gi_zscore":-0.1046,"gi_pvalue":0.386,"significance":"not_sig"}},{"type":"Feature","geometry":{"type":"Point","coordinates":[76.82353,17.3018]},"properties":{"cell_id":252044,"case_count":2,"gi_zscore":-0.1066,"gi_pvalue":0.454,"significance":"not_sig"}},{"type":"Feature","geometry":{"type":"Point","coordinates":[76.83529,17.3018]},"properties":{"cell_id":252045,"case_count":3,"gi_zscore":-0.1066,"gi_pvalue":0.467,"significance":"not_sig"}},{"type":"Feature","geometry":{"type":"Point","coordinates":[76.87059,17.3018]},"properties":{"cell_id":252048,"case_count":1,"gi_zscore":-0.1147,"gi_pvalue":0.444,"significance":"not_sig"}},{"type":"Feature","geometry":{"type":"Point","coordinates":[75.65882,17.31081]},"properties":{"cell_id":252336,"case_count":1,"gi_zscore":-0.1207,"gi_pvalue":0.118,"significance":"not_sig"}},{"type":"Feature","geometry":{"type":"Point","coordinates":[75.67059,17.31081]},"properties":{"cell_id":252337,"case_count":1,"gi_zscore":-0.1207,"gi_pvalue":0.118,"significance":"not_sig"}},{"type":"Feature","geometry":{"type":"Point","coordinates":[76.77647,17.31081]},"properties":{"cell_id":252431,"case_count":3,"gi_zscore":-0.1086,"gi_pvalue":0.45,"significance":"not_sig"}},{"type":"Feature","geometry":{"type":"Point","coordinates":[76.78824,17.31081]},"properties":{"cell_id":252432,"case_count":1,"gi_zscore":-0.1106,"gi_pvalue":0.497,"significance":"not_sig"}},{"type":"Feature","geometry":{"type":"Point","coordinates":[76.82353,17.31081]},"properties":{"cell_id":252435,"case_count":2,"gi_zscore":-0.1006,"gi_pvalue":0.338,"significance":"not_sig"}},{"type":"Feature","geometry":{"type":"Point","coordinates":[76.84706,17.31081]},"properties":{"cell_id":252437,"case_count":1,"gi_zscore":-0.1126,"gi_pvalue":0.474,"significance":"not_sig"}},{"type":"Feature","geometry":{"type":"Point","coordinates":[76.85882,17.31081]},"properties":{"cell_id":252438,"case_count":1,"gi_zscore":-0.1147,"gi_pvalue":0.446,"significance":"not_sig"}},{"type":"Feature","geometry":{"type":"Point","coordinates":[75.98824,17.31982]},"properties":{"cell_id":252755,"case_count":2,"gi_zscore":-0.1207,"gi_pvalue":0.049,"significance":"cold_95"}},{"type":"Feature","geometry":{"type":"Point","coordinates":[76.45882,17.31982]},"properties":{"cell_id":252795,"case_count":1,"gi_zscore":-0.1227,"gi_pvalue":0.116,"significance":"not_sig"}},{"type":"Feature","geometry":{"type":"Point","coordinates":[76.8,17.31982]},"properties":{"cell_id":252824,"case_count":2,"gi_zscore":-0.0986,"gi_pvalue":0.319,"significance":"not_sig"}},{"type":"Feature","geometry":{"type":"Point","coordinates":[76.82353,17.31982]},"properties":{"cell_id":252826,"case_count":5,"gi_zscore":-0.0966,"gi_pvalue":0.354,"significance":"not_sig"}},{"type":"Feature","geometry":{"type":"Point","coordinates":[76.83529,17.31982]},"properties":{"cell_id":252827,"case_count":1,"gi_zscore":-0.0905,"gi_pvalue":0.221,"significance":"not_sig"}},{"type":"Feature","geometry":{"type":"Point","coordinates":[76.85882,17.31982]},"properties":{"cell_id":252829,"case_count":1,"gi_zscore":-0.1167,"gi_pvalue":0.343,"significance":"not_sig"}},{"type":"Feature","geometry":{"type":"Point","coordinates":[76.95294,17.31982]},"properties":{"cell_id":252837,"case_count":1,"gi_zscore":-0.1126,"gi_pvalue":0.474,"significance":"not_sig"}},{"type":"Feature","geometry":{"type":"Point","coordinates":[76.8,17.32883]},"properties":{"cell_id":253215,"case_count":1,"gi_zscore":-0.0885,"gi_pvalue":0.219,"significance":"not_sig"}},{"type":"Feature","geometry":{"type":"Point","coordinates":[76.81176,17.32883]},"properties":{"cell_id":253216,"case_count":3,"gi_zscore":-0.0865,"gi_pvalue":0.241,"significance":"not_sig"}},{"type":"Feature","geometry":{"type":"Point","coordinates":[76.82353,17.32883]},"properties":{"cell_id":253217,"case_count":2,"gi_zscore":-0.0845,"gi_pvalue":0.212,"significance":"not_sig"}},{"type":"Feature","geometry":{"type":"Point","coordinates":[76.83529,17.32883]},"properties":{"cell_id":253218,"case_count":2,"gi_zscore":-0.0885,"gi_pvalue":0.241,"significance":"not_sig"}},{"type":"Feature","geometry":{"type":"Point","coordinates":[76.84706,17.32883]},"properties":{"cell_id":253219,"case_count":3,"gi_zscore":-0.1026,"gi_pvalue":0.384,"significance":"not_sig"}},{"type":"Feature","geometry":{"type":"Point","coordinates":[76.85882,17.32883]},"properties":{"cell_id":253220,"case_count":2,"gi_zscore":-0.1046,"gi_pvalue":0.384,"significance":"not_sig"}},{"type":"Feature","geometry":{"type":"Point","coordinates":[76.88235,17.32883]},"properties":{"cell_id":253222,"case_count":1,"gi_zscore":-0.1086,"gi_pvalue":0.452,"significance":"not_sig"}},{"type":"Feature","geometry":{"type":"Point","coordinates":[76.76471,17.33784]},"properties":{"cell_id":253603,"case_count":1,"gi_zscore":-0.1006,"gi_pvalue":0.322,"significance":"not_sig"}},{"type":"Feature","geometry":{"type":"Point","coordinates":[76.81176,17.33784]},"properties":{"cell_id":253607,"case_count":3,"gi_zscore":-0.0825,"gi_pvalue":0.212,"significance":"not_sig"}},{"type":"Feature","geometry":{"type":"Point","coordinates":[76.82353,17.33784]},"properties":{"cell_id":253608,"case_count":4,"gi_zscore":-0.0825,"gi_pvalue":0.213,"significance":"not_sig"}},{"type":"Feature","geometry":{"type":"Point","coordinates":[76.83529,17.33784]},"properties":{"cell_id":253609,"case_count":7,"gi_zscore":-0.0905,"gi_pvalue":0.337,"significance":"not_sig"}},{"type":"Feature","geometry":{"type":"Point","coordinates":[76.84706,17.33784]},"properties":{"cell_id":253610,"case_count":2,"gi_zscore":-0.0905,"gi_pvalue":0.248,"significance":"not_sig"}},{"type":"Feature","geometry":{"type":"Point","coordinates":[76.85882,17.33784]},"properties":{"cell_id":253611,"case_count":1,"gi_zscore":-0.0905,"gi_pvalue":0.22,"significance":"not_sig"}},{"type":"Feature","geometry":{"type":"Point","coordinates":[76.72941,17.34685]},"properties":{"cell_id":253991,"case_count":1,"gi_zscore":-0.1147,"gi_pvalue":0.386,"significance":"not_sig"}},{"type":"Feature","geometry":{"type":"Point","coordinates":[76.81176,17.34685]},"properties":{"cell_id":253998,"case_count":6,"gi_zscore":-0.0926,"gi_pvalue":0.337,"significance":"not_sig"}},{"type":"Feature","geometry":{"type":"Point","coordinates":[76.82353,17.34685]},"properties":{"cell_id":253999,"case_count":2,"gi_zscore":-0.0845,"gi_pvalue":0.211,"significance":"not_sig"}},{"type":"Feature","geometry":{"type":"Point","coordinates":[76.83529,17.34685]},"properties":{"cell_id":254000,"case_count":1,"gi_zscore":-0.0966,"gi_pvalue":0.281,"significance":"not_sig"}},{"type":"Feature","geometry":{"type":"Point","coordinates":[76.84706,17.34685]},"properties":{"cell_id":254001,"case_count":3,"gi_zscore":-0.0926,"gi_pvalue":0.289,"significance":"not_sig"}},{"type":"Feature","geometry":{"type":"Point","coordinates":[76.85882,17.34685]},"properties":{"cell_id":254002,"case_count":5,"gi_zscore":-0.0966,"gi_pvalue":0.354,"significance":"not_sig"}},{"type":"Feature","geometry":{"type":"Point","coordinates":[76.81176,17.35586]},"properties":{"cell_id":254389,"case_count":4,"gi_zscore":-0.0926,"gi_pvalue":0.306,"significance":"not_sig"}},{"type":"Feature","geometry":{"type":"Point","coordinates":[76.82353,17.35586]},"properties":{"cell_id":254390,"case_count":1,"gi_zscore":-0.1026,"gi_pvalue":0.324,"significance":"not_sig"}},{"type":"Feature","geometry":{"type":"Point","coordinates":[76.83529,17.35586]},"properties":{"cell_id":254391,"case_count":1,"gi_zscore":-0.0966,"gi_pvalue":0.281,"significance":"not_sig"}},{"type":"Feature","geometry":{"type":"Point","coordinates":[76.85882,17.35586]},"properties":{"cell_id":254393,"case_count":2,"gi_zscore":-0.1006,"gi_pvalue":0.34,"significance":"not_sig"}},{"type":"Feature","geometry":{"type":"Point","coordinates":[76.36471,17.36486]},"properties":{"cell_id":254742,"case_count":1,"gi_zscore":-0.1227,"gi_pvalue":0.117,"significance":"not_sig"}},{"type":"Feature","geometry":{"type":"Point","coordinates":[76.81176,17.36486]},"properties":{"cell_id":254780,"case_count":1,"gi_zscore":-0.1006,"gi_pvalue":0.321,"significance":"not_sig"}},{"type":"Feature","geometry":{"type":"Point","coordinates":[76.82353,17.36486]},"properties":{"cell_id":254781,"case_count":2,"gi_zscore":-0.1106,"gi_pvalue":0.497,"significance":"not_sig"}},{"type":"Feature","geometry":{"type":"Point","coordinates":[76.83529,17.36486]},"properties":{"cell_id":254782,"case_count":2,"gi_zscore":-0.1066,"gi_pvalue":0.454,"significance":"not_sig"}},{"type":"Feature","geometry":{"type":"Point","coordinates":[76.84706,17.36486]},"properties":{"cell_id":254783,"case_count":4,"gi_zscore":-0.1026,"gi_pvalue":0.418,"significance":"not_sig"}},{"type":"Feature","geometry":{"type":"Point","coordinates":[76.82353,17.37387]},"properties":{"cell_id":255172,"case_count":2,"gi_zscore":-0.1046,"gi_pvalue":0.384,"significance":"not_sig"}},{"type":"Feature","geometry":{"type":"Point","coordinates":[76.85882,17.37387]},"properties":{"cell_id":255175,"case_count":1,"gi_zscore":-0.1006,"gi_pvalue":0.321,"significance":"not_sig"}},{"type":"Feature","geometry":{"type":"Point","coordinates":[76.78824,17.38288]},"properties":{"cell_id":255560,"case_count":1,"gi_zscore":-0.1006,"gi_pvalue":0.306,"significance":"not_sig"}},{"type":"Feature","geometry":{"type":"Point","coordinates":[76.85882,17.38288]},"properties":{"cell_id":255566,"case_count":1,"gi_zscore":-0.1126,"gi_pvalue":0.499,"significance":"not_sig"}},{"type":"Feature","geometry":{"type":"Point","coordinates":[75.84706,17.39189]},"properties":{"cell_id":255871,"case_count":1,"gi_zscore":-0.1207,"gi_pvalue":0.118,"significance":"not_sig"}},{"type":"Feature","geometry":{"type":"Point","coordinates":[76.87059,17.39189]},"properties":{"cell_id":255958,"case_count":2,"gi_zscore":-0.1126,"gi_pvalue":0.438,"significance":"not_sig"}},{"type":"Feature","geometry":{"type":"Point","coordinates":[75.67059,17.4009]},"properties":{"cell_id":256247,"case_count":1,"gi_zscore":-0.1207,"gi_pvalue":0.118,"significance":"not_sig"}},{"type":"Feature","geometry":{"type":"Point","coordinates":[76.70588,17.4009]},"properties":{"cell_id":256335,"case_count":1,"gi_zscore":-0.1106,"gi_pvalue":0.455,"significance":"not_sig"}},{"type":"Feature","geometry":{"type":"Point","coordinates":[76.82353,17.4009]},"properties":{"cell_id":256345,"case_count":2,"gi_zscore":-0.1167,"gi_pvalue":0.225,"significance":"not_sig"}},{"type":"Feature","geometry":{"type":"Point","coordinates":[76.84706,17.4009]},"properties":{"cell_id":256347,"case_count":1,"gi_zscore":-0.1126,"gi_pvalue":0.5,"significance":"not_sig"}},{"type":"Feature","geometry":{"type":"Point","coordinates":[76.88235,17.40991]},"properties":{"cell_id":256741,"case_count":1,"gi_zscore":-0.1147,"gi_pvalue":0.437,"significance":"not_sig"}},{"type":"Feature","geometry":{"type":"Point","coordinates":[76.50588,17.42793]},"properties":{"cell_id":257491,"case_count":1,"gi_zscore":-0.1207,"gi_pvalue":0.118,"significance":"not_sig"}},{"type":"Feature","geometry":{"type":"Point","coordinates":[76.74118,17.42793]},"properties":{"cell_id":257511,"case_count":3,"gi_zscore":-0.1167,"gi_pvalue":0.118,"significance":"not_sig"}},{"type":"Feature","geometry":{"type":"Point","coordinates":[76.84706,17.42793]},"properties":{"cell_id":257520,"case_count":1,"gi_zscore":-0.1187,"gi_pvalue":0.225,"significance":"not_sig"}},{"type":"Feature","geometry":{"type":"Point","coordinates":[76.87059,17.44595]},"properties":{"cell_id":258304,"case_count":1,"gi_zscore":-0.1207,"gi_pvalue":0.118,"significance":"not_sig"}},{"type":"Feature","geometry":{"type":"Point","coordinates":[76.78824,17.45495]},"properties":{"cell_id":258688,"case_count":1,"gi_zscore":-0.1167,"gi_pvalue":0.295,"significance":"not_sig"}},{"type":"Feature","geometry":{"type":"Point","coordinates":[77.42353,17.45495]},"properties":{"cell_id":258742,"case_count":1,"gi_zscore":-0.1227,"gi_pvalue":0.118,"significance":"not_sig"}},{"type":"Feature","geometry":{"type":"Point","coordinates":[76.92941,17.49099]},"properties":{"cell_id":260264,"case_count":1,"gi_zscore":-0.1207,"gi_pvalue":0.118,"significance":"not_sig"}},{"type":"Feature","geometry":{"type":"Point","coordinates":[77.30588,17.54505]},"properties":{"cell_id":262642,"case_count":1,"gi_zscore":-0.1247,"gi_pvalue":0.049,"significance":"cold_95"}},{"type":"Feature","geometry":{"type":"Point","coordinates":[76.74118,17.68018]},"properties":{"cell_id":268459,"case_count":1,"gi_zscore":-0.1207,"gi_pvalue":0.21,"significance":"not_sig"}},{"type":"Feature","geometry":{"type":"Point","coordinates":[77.21176,17.68919]},"properties":{"cell_id":268890,"case_count":1,"gi_zscore":-0.1187,"gi_pvalue":0.21,"significance":"not_sig"}},{"type":"Feature","geometry":{"type":"Point","coordinates":[76.76471,17.6982]},"properties":{"cell_id":269243,"case_count":1,"gi_zscore":-0.1227,"gi_pvalue":0.118,"significance":"not_sig"}},{"type":"Feature","geometry":{"type":"Point","coordinates":[77.37647,17.70721]},"properties":{"cell_id":269686,"case_count":1,"gi_zscore":-0.1227,"gi_pvalue":0.118,"significance":"not_sig"}},{"type":"Feature","geometry":{"type":"Point","coordinates":[77.41176,17.70721]},"properties":{"cell_id":269689,"case_count":1,"gi_zscore":-0.1227,"gi_pvalue":0.118,"significance":"not_sig"}},{"type":"Feature","geometry":{"type":"Point","coordinates":[77.07059,17.72523]},"properties":{"cell_id":270442,"case_count":1,"gi_zscore":-0.1126,"gi_pvalue":0.499,"significance":"not_sig"}},{"type":"Feature","geometry":{"type":"Point","coordinates":[77.37647,17.72523]},"properties":{"cell_id":270468,"case_count":1,"gi_zscore":-0.1227,"gi_pvalue":0.118,"significance":"not_sig"}},{"type":"Feature","geometry":{"type":"Point","coordinates":[77.35294,17.73423]},"properties":{"cell_id":270857,"case_count":1,"gi_zscore":-0.1227,"gi_pvalue":0.118,"significance":"not_sig"}},{"type":"Feature","geometry":{"type":"Point","coordinates":[77.28235,17.74324]},"properties":{"cell_id":271242,"case_count":1,"gi_zscore":-0.1247,"gi_pvalue":0.049,"significance":"cold_95"}},{"type":"Feature","geometry":{"type":"Point","coordinates":[77.31765,17.74324]},"properties":{"cell_id":271245,"case_count":1,"gi_zscore":-0.1247,"gi_pvalue":0.049,"significance":"cold_95"}},{"type":"Feature","geometry":{"type":"Point","coordinates":[77.36471,17.74324]},"properties":{"cell_id":271249,"case_count":1,"gi_zscore":-0.1227,"gi_pvalue":0.118,"significance":"not_sig"}},{"type":"Feature","geometry":{"type":"Point","coordinates":[77.30588,17.75225]},"properties":{"cell_id":271635,"case_count":1,"gi_zscore":-0.1247,"gi_pvalue":0.049,"significance":"cold_95"}},{"type":"Feature","geometry":{"type":"Point","coordinates":[77.4,17.75225]},"properties":{"cell_id":271643,"case_count":2,"gi_zscore":-0.1227,"gi_pvalue":0.05,"significance":"cold_95"}},{"type":"Feature","geometry":{"type":"Point","coordinates":[76.75294,17.76126]},"properties":{"cell_id":271979,"case_count":1,"gi_zscore":-0.1227,"gi_pvalue":0.119,"significance":"not_sig"}},{"type":"Feature","geometry":{"type":"Point","coordinates":[76.82353,17.76126]},"properties":{"cell_id":271985,"case_count":1,"gi_zscore":-0.1227,"gi_pvalue":0.119,"significance":"not_sig"}},{"type":"Feature","geometry":{"type":"Point","coordinates":[77.17647,17.76126]},"properties":{"cell_id":272015,"case_count":2,"gi_zscore":-0.1167,"gi_pvalue":0.227,"significance":"not_sig"}},{"type":"Feature","geometry":{"type":"Point","coordinates":[77.28235,17.76126]},"properties":{"cell_id":272024,"case_count":1,"gi_zscore":-0.1247,"gi_pvalue":0.05,"significance":"cold_95"}},{"type":"Feature","geometry":{"type":"Point","coordinates":[76.75294,17.77027]},"properties":{"cell_id":272370,"case_count":1,"gi_zscore":-0.1227,"gi_pvalue":0.121,"significance":"not_sig"}},{"type":"Feature","geometry":{"type":"Point","coordinates":[77.11765,17.77027]},"properties":{"cell_id":272401,"case_count":2,"gi_zscore":-0.1126,"gi_pvalue":0.433,"significance":"not_sig"}},{"type":"Feature","geometry":{"type":"Point","coordinates":[77.12941,17.77027]},"properties":{"cell_id":272402,"case_count":2,"gi_zscore":-0.1126,"gi_pvalue":0.433,"significance":"not_sig"}},{"type":"Feature","geometry":{"type":"Point","coordinates":[77.22353,17.77027]},"properties":{"cell_id":272410,"case_count":1,"gi_zscore":-0.1227,"gi_pvalue":0.122,"significance":"not_sig"}},{"type":"Feature","geometry":{"type":"Point","coordinates":[77.11765,17.77928]},"properties":{"cell_id":272792,"case_count":1,"gi_zscore":-0.1126,"gi_pvalue":0.498,"significance":"not_sig"}},{"type":"Feature","geometry":{"type":"Point","coordinates":[77.11765,17.78829]},"properties":{"cell_id":273183,"case_count":2,"gi_zscore":-0.1126,"gi_pvalue":0.433,"significance":"not_sig"}},{"type":"Feature","geometry":{"type":"Point","coordinates":[77.04706,17.7973]},"properties":{"cell_id":273568,"case_count":1,"gi_zscore":-0.1147,"gi_pvalue":0.385,"significance":"not_sig"}},{"type":"Feature","geometry":{"type":"Point","coordinates":[77.11765,17.7973]},"properties":{"cell_id":273574,"case_count":1,"gi_zscore":-0.1126,"gi_pvalue":0.467,"significance":"not_sig"}},{"type":"Feature","geometry":{"type":"Point","coordinates":[77.28235,17.7973]},"properties":{"cell_id":273588,"case_count":1,"gi_zscore":-0.1247,"gi_pvalue":0.049,"significance":"cold_95"}},{"type":"Feature","geometry":{"type":"Point","coordinates":[77.09412,17.83333]},"properties":{"cell_id":275136,"case_count":3,"gi_zscore":-0.1147,"gi_pvalue":0.227,"significance":"not_sig"}},{"type":"Feature","geometry":{"type":"Point","coordinates":[77.16471,17.84234]},"properties":{"cell_id":275533,"case_count":1,"gi_zscore":-0.1126,"gi_pvalue":0.466,"significance":"not_sig"}},{"type":"Feature","geometry":{"type":"Point","coordinates":[76.90588,17.85135]},"properties":{"cell_id":275902,"case_count":1,"gi_zscore":-0.1167,"gi_pvalue":0.342,"significance":"not_sig"}},{"type":"Feature","geometry":{"type":"Point","coordinates":[76.95294,17.85135]},"properties":{"cell_id":275906,"case_count":2,"gi_zscore":-0.1167,"gi_pvalue":0.226,"significance":"not_sig"}},{"type":"Feature","geometry":{"type":"Point","coordinates":[77.05882,17.85135]},"properties":{"cell_id":275915,"case_count":1,"gi_zscore":-0.1147,"gi_pvalue":0.432,"significance":"not_sig"}},{"type":"Feature","geometry":{"type":"Point","coordinates":[77.25882,17.85135]},"properties":{"cell_id":275932,"case_count":1,"gi_zscore":-0.1247,"gi_pvalue":0.049,"significance":"cold_95"}},{"type":"Feature","geometry":{"type":"Point","coordinates":[77.47059,17.85135]},"properties":{"cell_id":275950,"case_count":1,"gi_zscore":-0.1207,"gi_pvalue":0.12,"significance":"not_sig"}},{"type":"Feature","geometry":{"type":"Point","coordinates":[76.94118,17.86036]},"properties":{"cell_id":276296,"case_count":1,"gi_zscore":-0.1167,"gi_pvalue":0.342,"significance":"not_sig"}},{"type":"Feature","geometry":{"type":"Point","coordinates":[76.95294,17.86036]},"properties":{"cell_id":276297,"case_count":1,"gi_zscore":-0.1167,"gi_pvalue":0.342,"significance":"not_sig"}},{"type":"Feature","geometry":{"type":"Point","coordinates":[77.44706,17.86036]},"properties":{"cell_id":276339,"case_count":1,"gi_zscore":-0.1207,"gi_pvalue":0.12,"significance":"not_sig"}},{"type":"Feature","geometry":{"type":"Point","coordinates":[76.95294,17.86937]},"properties":{"cell_id":276688,"case_count":2,"gi_zscore":-0.1167,"gi_pvalue":0.226,"significance":"not_sig"}},{"type":"Feature","geometry":{"type":"Point","coordinates":[77.36471,17.86937]},"properties":{"cell_id":276723,"case_count":1,"gi_zscore":-0.1227,"gi_pvalue":0.119,"significance":"not_sig"}},{"type":"Feature","geometry":{"type":"Point","coordinates":[77.47059,17.86937]},"properties":{"cell_id":276732,"case_count":1,"gi_zscore":-0.1207,"gi_pvalue":0.119,"significance":"not_sig"}},{"type":"Feature","geometry":{"type":"Point","coordinates":[76.95294,17.87838]},"properties":{"cell_id":277079,"case_count":3,"gi_zscore":-0.1167,"gi_pvalue":0.208,"significance":"not_sig"}},{"type":"Feature","geometry":{"type":"Point","coordinates":[77.55294,17.87838]},"properties":{"cell_id":277130,"case_count":1,"gi_zscore":-0.1207,"gi_pvalue":0.119,"significance":"not_sig"}},{"type":"Feature","geometry":{"type":"Point","coordinates":[76.95294,17.88739]},"properties":{"cell_id":277470,"case_count":1,"gi_zscore":-0.1167,"gi_pvalue":0.343,"significance":"not_sig"}},{"type":"Feature","geometry":{"type":"Point","coordinates":[76.96471,17.88739]},"properties":{"cell_id":277471,"case_count":1,"gi_zscore":-0.1167,"gi_pvalue":0.343,"significance":"not_sig"}},{"type":"Feature","geometry":{"type":"Point","coordinates":[77.48235,17.88739]},"properties":{"cell_id":277515,"case_count":1,"gi_zscore":-0.1207,"gi_pvalue":0.119,"significance":"not_sig"}},{"type":"Feature","geometry":{"type":"Point","coordinates":[77.55294,17.88739]},"properties":{"cell_id":277521,"case_count":1,"gi_zscore":-0.1207,"gi_pvalue":0.119,"significance":"not_sig"}},{"type":"Feature","geometry":{"type":"Point","coordinates":[77.50588,17.8964]},"properties":{"cell_id":277908,"case_count":1,"gi_zscore":-0.1207,"gi_pvalue":0.119,"significance":"not_sig"}},{"type":"Feature","geometry":{"type":"Point","coordinates":[77.49412,17.90541]},"properties":{"cell_id":278298,"case_count":2,"gi_zscore":-0.1207,"gi_pvalue":0.051,"significance":"cold_90"}},{"type":"Feature","geometry":{"type":"Point","coordinates":[77.50588,17.90541]},"properties":{"cell_id":278299,"case_count":1,"gi_zscore":-0.1207,"gi_pvalue":0.119,"significance":"not_sig"}},{"type":"Feature","geometry":{"type":"Point","coordinates":[77.52941,17.90541]},"properties":{"cell_id":278301,"case_count":1,"gi_zscore":-0.1207,"gi_pvalue":0.119,"significance":"not_sig"}},{"type":"Feature","geometry":{"type":"Point","coordinates":[77.54118,17.90541]},"properties":{"cell_id":278302,"case_count":1,"gi_zscore":-0.1207,"gi_pvalue":0.119,"significance":"not_sig"}},{"type":"Feature","geometry":{"type":"Point","coordinates":[76.96471,17.91441]},"properties":{"cell_id":278644,"case_count":1,"gi_zscore":-0.1147,"gi_pvalue":0.432,"significance":"not_sig"}},{"type":"Feature","geometry":{"type":"Point","coordinates":[77.51765,17.91441]},"properties":{"cell_id":278691,"case_count":2,"gi_zscore":-0.1207,"gi_pvalue":0.051,"significance":"cold_90"}},{"type":"Feature","geometry":{"type":"Point","coordinates":[77.10588,17.93243]},"properties":{"cell_id":279438,"case_count":2,"gi_zscore":-0.1147,"gi_pvalue":0.342,"significance":"not_sig"}},{"type":"Feature","geometry":{"type":"Point","coordinates":[77.15294,17.93243]},"properties":{"cell_id":279442,"case_count":1,"gi_zscore":-0.1167,"gi_pvalue":0.342,"significance":"not_sig"}},{"type":"Feature","geometry":{"type":"Point","coordinates":[77.18824,17.93243]},"properties":{"cell_id":279445,"case_count":1,"gi_zscore":-0.1207,"gi_pvalue":0.12,"significance":"not_sig"}},{"type":"Feature","geometry":{"type":"Point","coordinates":[77.03529,17.95045]},"properties":{"cell_id":280214,"case_count":1,"gi_zscore":-0.1147,"gi_pvalue":0.431,"significance":"not_sig"}},{"type":"Feature","geometry":{"type":"Point","coordinates":[76.97647,17.95946]},"properties":{"cell_id":280600,"case_count":2,"gi_zscore":-0.1167,"gi_pvalue":0.226,"significance":"not_sig"}},{"type":"Feature","geometry":{"type":"Point","coordinates":[77.18824,17.95946]},"properties":{"cell_id":280618,"case_count":2,"gi_zscore":-0.1207,"gi_pvalue":0.052,"significance":"cold_90"}},{"type":"Feature","geometry":{"type":"Point","coordinates":[77.34118,17.95946]},"properties":{"cell_id":280631,"case_count":1,"gi_zscore":-0.1247,"gi_pvalue":0.052,"significance":"cold_90"}},{"type":"Feature","geometry":{"type":"Point","coordinates":[77.49412,17.96847]},"properties":{"cell_id":281035,"case_count":2,"gi_zscore":-0.1187,"gi_pvalue":0.121,"significance":"not_sig"}},{"type":"Feature","geometry":{"type":"Point","coordinates":[77.32941,17.9955]},"properties":{"cell_id":282194,"case_count":1,"gi_zscore":-0.1227,"gi_pvalue":0.121,"significance":"not_sig"}},{"type":"Feature","geometry":{"type":"Point","coordinates":[77.21176,18.01351]},"properties":{"cell_id":282966,"case_count":1,"gi_zscore":-0.1167,"gi_pvalue":0.341,"significance":"not_sig"}},{"type":"Feature","geometry":{"type":"Point","coordinates":[77.21176,18.03153]},"properties":{"cell_id":283748,"case_count":1,"gi_zscore":-0.1167,"gi_pvalue":0.341,"significance":"not_sig"}},{"type":"Feature","geometry":{"type":"Point","coordinates":[77.2,18.04054]},"properties":{"cell_id":284138,"case_count":1,"gi_zscore":-0.1167,"gi_pvalue":0.341,"significance":"not_sig"}},{"type":"Feature","geometry":{"type":"Point","coordinates":[77.21176,18.04054]},"properties":{"cell_id":284139,"case_count":1,"gi_zscore":-0.1167,"gi_pvalue":0.341,"significance":"not_sig"}},{"type":"Feature","geometry":{"type":"Point","coordinates":[77.22353,18.04054]},"properties":{"cell_id":284140,"case_count":1,"gi_zscore":-0.1167,"gi_pvalue":0.341,"significance":"not_sig"}},{"type":"Feature","geometry":{"type":"Point","coordinates":[77.21176,18.04955]},"properties":{"cell_id":284530,"case_count":3,"gi_zscore":-0.1187,"gi_pvalue":0.122,"significance":"not_sig"}},{"type":"Feature","geometry":{"type":"Point","coordinates":[77.22353,18.04955]},"properties":{"cell_id":284531,"case_count":2,"gi_zscore":-0.1167,"gi_pvalue":0.225,"significance":"not_sig"}},{"type":"Feature","geometry":{"type":"Point","coordinates":[77.35294,18.04955]},"properties":{"cell_id":284542,"case_count":1,"gi_zscore":-0.1187,"gi_pvalue":0.206,"significance":"not_sig"}},{"type":"Feature","geometry":{"type":"Point","coordinates":[77.22353,18.05856]},"properties":{"cell_id":284922,"case_count":1,"gi_zscore":-0.1187,"gi_pvalue":0.225,"significance":"not_sig"}},{"type":"Feature","geometry":{"type":"Point","coordinates":[76.94118,18.12162]},"properties":{"cell_id":287635,"case_count":1,"gi_zscore":-0.1227,"gi_pvalue":0.122,"significance":"not_sig"}},{"type":"Feature","geometry":{"type":"Point","coordinates":[77.15294,18.12162]},"properties":{"cell_id":287653,"case_count":1,"gi_zscore":-0.1187,"gi_pvalue":0.225,"significance":"not_sig"}},{"type":"Feature","geometry":{"type":"Point","coordinates":[77.32941,18.15766]},"properties":{"cell_id":289232,"case_count":1,"gi_zscore":-0.1207,"gi_pvalue":0.122,"significance":"not_sig"}},{"type":"Feature","geometry":{"type":"Point","coordinates":[77.15294,18.16667]},"properties":{"cell_id":289608,"case_count":1,"gi_zscore":-0.1187,"gi_pvalue":0.225,"significance":"not_sig"}},{"type":"Feature","geometry":{"type":"Point","coordinates":[77.12941,18.17568]},"properties":{"cell_id":289997,"case_count":1,"gi_zscore":-0.1187,"gi_pvalue":0.225,"significance":"not_sig"}},{"type":"Feature","geometry":{"type":"Point","coordinates":[77.22353,18.21171]},"properties":{"cell_id":291569,"case_count":1,"gi_zscore":-0.1187,"gi_pvalue":0.294,"significance":"not_sig"}},{"type":"Feature","geometry":{"type":"Point","coordinates":[77.47059,18.22072]},"properties":{"cell_id":291981,"case_count":1,"gi_zscore":-0.1227,"gi_pvalue":0.122,"significance":"not_sig"}},{"type":"Feature","geometry":{"type":"Point","coordinates":[77.42353,18.23874]},"properties":{"cell_id":292759,"case_count":1,"gi_zscore":-0.1227,"gi_pvalue":0.122,"significance":"not_sig"}},{"type":"Feature","geometry":{"type":"Point","coordinates":[77.41176,18.24775]},"properties":{"cell_id":293149,"case_count":2,"gi_zscore":-0.1227,"gi_pvalue":0.053,"significance":"cold_90"}},{"type":"Feature","geometry":{"type":"Point","coordinates":[77.42353,18.25676]},"properties":{"cell_id":293541,"case_count":1,"gi_zscore":-0.1227,"gi_pvalue":0.123,"significance":"not_sig"}},{"type":"Feature","geometry":{"type":"Point","coordinates":[77.37647,18.28378]},"properties":{"cell_id":294710,"case_count":1,"gi_zscore":-0.1227,"gi_pvalue":0.123,"significance":"not_sig"}},{"type":"Feature","geometry":{"type":"Point","coordinates":[77.35294,18.42793]},"properties":{"cell_id":300964,"case_count":1,"gi_zscore":-0.1227,"gi_pvalue":0.123,"significance":"not_sig"}}]}