{"type":"FeatureCollection","features":[{"type":"Feature","geometry":{"type":"Point","coordinates":[76.69412,11.80631]},"properties":{"cell_id":13523,"case_count":1,"gi_zscore":-0.1352,"gi_pvalue":0.45,"significance":"not_sig"}},{"type":"Feature","geometry":{"type":"Point","coordinates":[76.94118,11.80631]},"properties":{"cell_id":13544,"case_count":1,"gi_zscore":-0.1352,"gi_pvalue":0.45,"significance":"not_sig"}},{"type":"Feature","geometry":{"type":"Point","coordinates":[76.95294,11.87838]},"properties":{"cell_id":16673,"case_count":1,"gi_zscore":-0.1382,"gi_pvalue":0.311,"significance":"not_sig"}},{"type":"Feature","geometry":{"type":"Point","coordinates":[76.75294,11.88739]},"properties":{"cell_id":17047,"case_count":2,"gi_zscore":-0.1352,"gi_pvalue":0.312,"significance":"not_sig"}},{"type":"Feature","geometry":{"type":"Point","coordinates":[76.90588,11.91441]},"properties":{"cell_id":18233,"case_count":1,"gi_zscore":-0.1382,"gi_pvalue":0.312,"significance":"not_sig"}},{"type":"Feature","geometry":{"type":"Point","coordinates":[76.92941,11.91441]},"properties":{"cell_id":18235,"case_count":2,"gi_zscore":-0.1382,"gi_pvalue":0.152,"significance":"not_sig"}},{"type":"Feature","geometry":{"type":"Point","coordinates":[76.94118,11.92342]},"properties":{"cell_id":18627,"case_count":3,"gi_zscore":-0.1382,"gi_pvalue":0.152,"significance":"not_sig"}},{"type":"Feature","geometry":{"type":"Point","coordinates":[76.95294,11.93243]},"properties":{"cell_id":19019,"case_count":1,"gi_zscore":-0.1382,"gi_pvalue":0.309,"significance":"not_sig"}},{"type":"Feature","geometry":{"type":"Point","coordinates":[77.04706,11.97748]},"properties":{"cell_id":20982,"case_count":1,"gi_zscore":-0.1382,"gi_pvalue":0.309,"significance":"not_sig"}},{"type":"Feature","geometry":{"type":"Point","coordinates":[76.64706,11.9955]},"properties":{"cell_id":21730,"case_count":1,"gi_zscore":-0.1382,"gi_pvalue":0.309,"significance":"not_sig"}},{"type":"Feature","geometry":{"type":"Point","coordinates":[77.0,11.9955]},"properties":{"cell_id":21760,"case_count":1,"gi_zscore":-0.1382,"gi_pvalue":0.309,"significance":"not_sig"}},{"type":"Feature","geometry":{"type":"Point","coordinates":[77.37647,12.0045]},"properties":{"cell_id":22183,"case_count":1,"gi_zscore":-0.1352,"gi_pvalue":0.452,"significance":"not_sig"}},{"type":"Feature","geometry":{"type":"Point","coordinates":[77.38824,12.0045]},"properties":{"cell_id":22184,"case_count":1,"gi_zscore":-0.1352,"gi_pvalue":0.452,"significance":"not_sig"}},{"type":"Feature","geometry":{"type":"Point","coordinates":[76.98824,12.01351]},"properties":{"cell_id":22541,"case_count":1,"gi_zscore":-0.1382,"gi_pvalue":0.389,"significance":"not_sig"}},{"type":"Feature","geometry":{"type":"Point","coordinates":[76.58824,12.04054]},"properties":{"cell_id":23680,"case_count":1,"gi_zscore":-0.1411,"gi_pvalue":0.152,"significance":"not_sig"}},{"type":"Feature","geometry":{"type":"Point","coordinates":[77.03529,12.04054]},"properties":{"cell_id":23718,"case_count":1,"gi_zscore":-0.147,"gi_pvalue":0.057,"significance":"cold_90"}},{"type":"Feature","geometry":{"type":"Point","coordinates":[77.03529,12.05856]},"properties":{"cell_id":24500,"case_count":1,"gi_zscore":-0.147,"gi_pvalue":0.057,"significance":"cold_90"}},{"type":"Feature","geometry":{"type":"Point","coordinates":[76.32941,12.08559]},"properties":{"cell_id":25613,"case_count":1,"gi_zscore":-0.144,"gi_pvalue":0.152,"significance":"not_sig"}},{"type":"Feature","geometry":{"type":"Point","coordinates":[77.30588,12.08559]},"properties":{"cell_id":25696,"case_count":1,"gi_zscore":-0.147,"gi_pvalue":0.057,"significance":"cold_90"}},{"type":"Feature","geometry":{"type":"Point","coordinates":[77.6,12.09459]},"properties":{"cell_id":26112,"case_count":5,"gi_zscore":-0.1352,"gi_pvalue":0.058,"significance":"cold_90"}},{"type":"Feature","geometry":{"type":"Point","coordinates":[76.67059,12.11261]},"properties":{"cell_id":26815,"case_count":2,"gi_zscore":-0.1411,"gi_pvalue":0.058,"significance":"cold_90"}},{"type":"Feature","geometry":{"type":"Point","coordinates":[77.08235,12.11261]},"properties":{"cell_id":26850,"case_count":1,"gi_zscore":-0.147,"gi_pvalue":0.058,"significance":"cold_90"}},{"type":"Feature","geometry":{"type":"Point","coordinates":[75.11765,12.12162]},"properties":{"cell_id":27074,"case_count":2,"gi_zscore":-0.144,"gi_pvalue":0.058,"significance":"cold_90"}},{"type":"Feature","geometry":{"type":"Point","coordinates":[76.07059,12.12162]},"properties":{"cell_id":27155,"case_count":2,"gi_zscore":-0.1382,"gi_pvalue":0.152,"significance":"not_sig"}},{"type":"Feature","geometry":{"type":"Point","coordinates":[77.07059,12.12162]},"properties":{"cell_id":27240,"case_count":1,"gi_zscore":-0.147,"gi_pvalue":0.058,"significance":"cold_90"}},{"type":"Feature","geometry":{"type":"Point","coordinates":[77.08235,12.12162]},"properties":{"cell_id":27241,"case_count":1,"gi_zscore":-0.147,"gi_pvalue":0.058,"significance":"cold_90"}},{"type":"Feature","geometry":{"type":"Point","coordinates":[77.24706,12.12162]},"properties":{"cell_id":27255,"case_count":1,"gi_zscore":-0.147,"gi_pvalue":0.058,"significance":"cold_90"}},{"type":"Feature","geometry":{"type":"Point","coordinates":[77.65882,12.12162]},"properties":{"cell_id":27290,"case_count":1,"gi_zscore":-0.1352,"gi_pvalue":0.451,"significance":"not_sig"}},{"type":"Feature","geometry":{"type":"Point","coordinates":[76.67059,12.13063]},"properties":{"cell_id":27597,"case_count":1,"gi_zscore":-0.1411,"gi_pvalue":0.152,"significance":"not_sig"}},{"type":"Feature","geometry":{"type":"Point","coordinates":[77.03529,12.13063]},"properties":{"cell_id":27628,"case_count":1,"gi_zscore":-0.147,"gi_pvalue":0.058,"significance":"cold_90"}},{"type":"Feature","geometry":{"type":"Point","coordinates":[75.94118,12.13964]},"properties":{"cell_id":27926,"case_count":1,"gi_zscore":-0.1352,"gi_pvalue":0.451,"significance":"not_sig"}},{"type":"Feature","geometry":{"type":"Point","coordinates":[76.04706,12.13964]},"properties":{"cell_id":27935,"case_count":1,"gi_zscore":-0.1352,"gi_pvalue":0.451,"significance":"not_sig"}},{"type":"Feature","geometry":{"type":"Point","coordinates":[77.07059,12.13964]},"properties":{"cell_id":28022,"case_count":1,"gi_zscore":-0.147,"gi_pvalue":0.058,"significance":"cold_90"}},{"type":"Feature","geometry":{"type":"Point","coordinates":[77.15294,12.14865]},"properties":{"cell_id":28420,"case_count":1,"gi_zscore":-0.147,"gi_pvalue":0.058,"significance":"cold_90"}},{"type":"Feature","geometry":{"type":"Point","coordinates":[76.68235,12.15766]},"properties":{"cell_id":28771,"case_count":1,"gi_zscore":-0.1411,"gi_pvalue":0.152,"significance":"not_sig"}},{"type":"Feature","geometry":{"type":"Point","coordinates":[77.15294,12.15766]},"properties":{"cell_id":28811,"case_count":1,"gi_zscore":-0.147,"gi_pvalue":0.058,"significance":"cold_90"}},{"type":"Feature","geometry":{"type":"Point","coordinates":[75.83529,12.16667]},"properties":{"cell_id":29090,"case_count":1,"gi_zscore":-0.1382,"gi_pvalue":0.285,"significance":"not_sig"}},{"type":"Feature","geometry":{"type":"Point","coordinates":[75.82353,12.18468]},"properties":{"cell_id":29871,"case_count":1,"gi_zscore":-0.1382,"gi_pvalue":0.285,"significance":"not_sig"}},{"type":"Feature","geometry":{"type":"Point","coordinates":[75.92941,12.18468]},"properties":{"cell_id":29880,"case_count":3,"gi_zscore":-0.1352,"gi_pvalue":0.285,"significance":"not_sig"}},{"type":"Feature","geometry":{"type":"Point","coordinates":[76.38824,12.18468]},"properties":{"cell_id":29919,"case_count":1,"gi_zscore":-0.147,"gi_pvalue":0.058,"significance":"cold_90"}},{"type":"Feature","geometry":{"type":"Point","coordinates":[76.67059,12.18468]},"properties":{"cell_id":29943,"case_count":1,"gi_zscore":-0.1411,"gi_pvalue":0.152,"significance":"not_sig"}},{"type":"Feature","geometry":{"type":"Point","coordinates":[75.8,12.19369]},"properties":{"cell_id":30260,"case_count":2,"gi_zscore":-0.1382,"gi_pvalue":0.152,"significance":"not_sig"}},{"type":"Feature","geometry":{"type":"Point","coordinates":[77.16471,12.19369]},"properties":{"cell_id":30376,"case_count":1,"gi_zscore":-0.147,"gi_pvalue":0.058,"significance":"cold_90"}},{"type":"Feature","geometry":{"type":"Point","coordinates":[76.63529,12.2027]},"properties":{"cell_id":30722,"case_count":2,"gi_zscore":-0.1411,"gi_pvalue":0.058,"significance":"cold_90"}},{"type":"Feature","geometry":{"type":"Point","coordinates":[77.70588,12.2027]},"properties":{"cell_id":30813,"case_count":1,"gi_zscore":-0.1323,"gi_pvalue":0.451,"significance":"not_sig"}},{"type":"Feature","geometry":{"type":"Point","coordinates":[76.64706,12.21171]},"properties":{"cell_id":31114,"case_count":1,"gi_zscore":-0.1411,"gi_pvalue":0.153,"significance":"not_sig"}},{"type":"Feature","geometry":{"type":"Point","coordinates":[76.89412,12.21171]},"properties":{"cell_id":31135,"case_count":1,"gi_zscore":-0.1411,"gi_pvalue":0.153,"significance":"not_sig"}},{"type":"Feature","geometry":{"type":"Point","coordinates":[77.12941,12.21171]},"properties":{"cell_id":31155,"case_count":1,"gi_zscore":-0.147,"gi_pvalue":0.058,"significance":"cold_90"}},{"type":"Feature","geometry":{"type":"Point","coordinates":[75.74118,12.22072]},"properties":{"cell_id":31428,"case_count":1,"gi_zscore":-0.1382,"gi_pvalue":0.31,"significance":"not_sig"}},{"type":"Feature","geometry":{"type":"Point","coordinates":[75.67059,12.23874]},"properties":{"cell_id":32204,"case_count":1,"gi_zscore":-0.1382,"gi_pvalue":0.31,"significance":"not_sig"}},{"type":"Feature","geometry":{"type":"Point","coordinates":[77.15294,12.23874]},"properties":{"cell_id":32330,"case_count":1,"gi_zscore":-0.147,"gi_pvalue":0.058,"significance":"cold_90"}},{"type":"Feature","geometry":{"type":"Point","coordinates":[77.4,12.23874]},"properties":{"cell_id":32351,"case_count":1,"gi_zscore":-0.147,"gi_pvalue":0.058,"significance":"cold_90"}},{"type":"Feature","geometry":{"type":"Point","coordinates":[76.63529,12.24775]},"properties":{"cell_id":32677,"case_count":1,"gi_zscore":-0.1411,"gi_pvalue":0.153,"significance":"not_sig"}},{"type":"Feature","geometry":{"type":"Point","coordinates":[76.85882,12.24775]},"properties":{"cell_id":32696,"case_count":1,"gi_zscore":-0.1411,"gi_pvalue":0.153,"significance":"not_sig"}},{"type":"Feature","geometry":{"type":"Point","coordinates":[76.62353,12.25676]},"properties":{"cell_id":33067,"case_count":1,"gi_zscore":-0.1411,"gi_pvalue":0.153,"significance":"not_sig"}},{"type":"Feature","geometry":{"type":"Point","coordinates":[76.63529,12.25676]},"properties":{"cell_id":33068,"case_count":1,"gi_zscore":-0.1411,"gi_pvalue":0.153,"significance":"not_sig"}},{"type":"Feature","geometry":{"type":"Point","coordinates":[76.81176,12.25676]},"properties":{"cell_id":33083,"case_count":1,"gi_zscore":-0.1411,"gi_pvalue":0.153,"significance":"not_sig"}},{"type":"Feature","geometry":{"type":"Point","coordinates":[76.90588,12.25676]},"properties":{"cell_id":33091,"case_count":1,"gi_zscore":-0.1411,"gi_pvalue":0.153,"significance":"not_sig"}},{"type":"Feature","geometry":{"type":"Point","coordinates":[77.12941,12.25676]},"properties":{"cell_id":33110,"case_count":1,"gi_zscore":-0.147,"gi_pvalue":0.058,"significance":"cold_90"}},{"type":"Feature","geometry":{"type":"Point","coordinates":[76.62353,12.27477]},"properties":{"cell_id":33849,"case_count":1,"gi_zscore":-0.1411,"gi_pvalue":0.153,"significance":"not_sig"}},{"type":"Feature","geometry":{"type":"Point","coordinates":[76.63529,12.27477]},"properties":{"cell_id":33850,"case_count":2,"gi_zscore":-0.1411,"gi_pvalue":0.058,"significance":"cold_90"}},{"type":"Feature","geometry":{"type":"Point","coordinates":[76.64706,12.27477]},"properties":{"cell_id":33851,"case_count":1,"gi_zscore":-0.1382,"gi_pvalue":0.31,"significance":"not_sig"}},{"type":"Feature","geometry":{"type":"Point","coordinates":[76.25882,12.28378]},"properties":{"cell_id":34209,"case_count":1,"gi_zscore":-0.144,"gi_pvalue":0.058,"significance":"cold_90"}},{"type":"Feature","geometry":{"type":"Point","coordinates":[76.43529,12.28378]},"properties":{"cell_id":34224,"case_count":1,"gi_zscore":-0.1411,"gi_pvalue":0.152,"significance":"not_sig"}},{"type":"Feature","geometry":{"type":"Point","coordinates":[76.63529,12.28378]},"properties":{"cell_id":34241,"case_count":1,"gi_zscore":-0.1382,"gi_pvalue":0.31,"significance":"not_sig"}},{"type":"Feature","geometry":{"type":"Point","coordinates":[76.64706,12.28378]},"properties":{"cell_id":34242,"case_count":2,"gi_zscore":-0.1382,"gi_pvalue":0.152,"significance":"not_sig"}},{"type":"Feature","geometry":{"type":"Point","coordinates":[76.61176,12.29279]},"properties":{"cell_id":34630,"case_count":1,"gi_zscore":-0.1382,"gi_pvalue":0.311,"significance":"not_sig"}},{"type":"Feature","geometry":{"type":"Point","coordinates":[76.64706,12.29279]},"properties":{"cell_id":34633,"case_count":1,"gi_zscore":-0.1176,"gi_pvalue":0.243,"significance":"not_sig"}},{"type":"Feature","geometry":{"type":"Point","coordinates":[76.69412,12.29279]},"properties":{"cell_id":34637,"case_count":1,"gi_zscore":-0.1147,"gi_pvalue":0.236,"significance":"not_sig"}},{"type":"Feature","geometry":{"type":"Point","coordinates":[76.71765,12.29279]},"properties":{"cell_id":34639,"case_count":1,"gi_zscore":-0.1147,"gi_pvalue":0.236,"significance":"not_sig"}},{"type":"Feature","geometry":{"type":"Point","coordinates":[76.61176,12.3018]},"properties":{"cell_id":35021,"case_count":1,"gi_zscore":-0.1382,"gi_pvalue":0.292,"significance":"not_sig"}},{"type":"Feature","geometry":{"type":"Point","coordinates":[76.63529,12.3018]},"properties":{"cell_id":35023,"case_count":1,"gi_zscore":-0.1147,"gi_pvalue":0.236,"significance":"not_sig"}},{"type":"Feature","geometry":{"type":"Point","coordinates":[76.64706,12.3018]},"properties":{"cell_id":35024,"case_count":2,"gi_zscore":-0.1118,"gi_pvalue":0.23,"significance":"not_sig"}},{"type":"Feature","geometry":{"type":"Point","coordinates":[76.70588,12.3018]},"properties":{"cell_id":35029,"case_count":1,"gi_zscore":-0.1147,"gi_pvalue":0.236,"significance":"not_sig"}},{"type":"Feature","geometry":{"type":"Point","coordinates":[76.94118,12.3018]},"properties":{"cell_id":35049,"case_count":1,"gi_zscore":-0.1411,"gi_pvalue":0.152,"significance":"not_sig"}},{"type":"Feature","geometry":{"type":"Point","coordinates":[76.65882,12.31081]},"properties":{"cell_id":35416,"case_count":5,"gi_zscore":-0.1,"gi_pvalue":0.213,"significance":"not_sig"}},{"type":"Feature","geometry":{"type":"Point","coordinates":[76.67059,12.31081]},"properties":{"cell_id":35417,"case_count":4,"gi_zscore":-0.1,"gi_pvalue":0.204,"significance":"not_sig"}},{"type":"Feature","geometry":{"type":"Point","coordinates":[76.68235,12.31081]},"properties":{"cell_id":35418,"case_count":4,"gi_zscore":-0.1147,"gi_pvalue":0.331,"significance":"not_sig"}},{"type":"Feature","geometry":{"type":"Point","coordinates":[76.58824,12.31982]},"properties":{"cell_id":35801,"case_count":1,"gi_zscore":-0.1352,"gi_pvalue":0.453,"significance":"not_sig"}},{"type":"Feature","geometry":{"type":"Point","coordinates":[76.62353,12.31982]},"properties":{"cell_id":35804,"case_count":3,"gi_zscore":-0.1264,"gi_pvalue":0.45,"significance":"not_sig"}},{"type":"Feature","geometry":{"type":"Point","coordinates":[76.64706,12.31982]},"properties":{"cell_id":35806,"case_count":4,"gi_zscore":-0.1176,"gi_pvalue":0.332,"significance":"not_sig"}},{"type":"Feature","geometry":{"type":"Point","coordinates":[76.65882,12.31982]},"properties":{"cell_id":35807,"case_count":1,"gi_zscore":-0.1088,"gi_pvalue":0.206,"significance":"not_sig"}},{"type":"Feature","geometry":{"type":"Point","coordinates":[76.68235,12.31982]},"properties":{"cell_id":35809,"case_count":2,"gi_zscore":-0.1118,"gi_pvalue":0.23,"significance":"not_sig"}},{"type":"Feature","geometry":{"type":"Point","coordinates":[76.69412,12.31982]},"properties":{"cell_id":35810,"case_count":1,"gi_zscore":-0.1264,"gi_pvalue":0.39,"significance":"not_sig"}},{"type":"Feature","geometry":{"type":"Point","coordinates":[75.70588,12.32883]},"properties":{"cell_id":36117,"case_count":1,"gi_zscore":-0.144,"gi_pvalue":0.152,"significance":"not_sig"}},{"type":"Feature","geometry":{"type":"Point","coordinates":[76.6,12.32883]},"properties":{"cell_id":36193,"case_count":1,"gi_zscore":-0.1352,"gi_pvalue":0.45,"significance":"not_sig"}},{"type":"Feature","geometry":{"type":"Point","coordinates":[76.63529,12.32883]},"properties":{"cell_id":36196,"case_count":1,"gi_zscore":-0.1235,"gi_pvalue":0.299,"significance":"not_sig"}},{"type":"Feature","geometry":{"type":"Point","coordinates":[76.64706,12.32883]},"properties":{"cell_id":36197,"case_count":2,"gi_zscore":-0.1206,"gi_pvalue":0.299,"significance":"not_sig"}},{"type":"Feature","geometry":{"type":"Point","coordinates":[76.65882,12.32883]},"properties":{"cell_id":36198,"case_count":2,"gi_zscore":-0.1118,"gi_pvalue":0.229,"significance":"not_sig"}},{"type":"Feature","geometry":{"type":"Point","coordinates":[76.88235,12.32883]},"properties":{"cell_id":36217,"case_count":3,"gi_zscore":-0.1411,"gi_pvalue":0.058,"significance":"cold_90"}},{"type":"Feature","geometry":{"type":"Point","coordinates":[76.09412,12.33784]},"properties":{"cell_id":36541,"case_count":1,"gi_zscore":-0.144,"gi_pvalue":0.058,"significance":"cold_90"}},{"type":"Feature","geometry":{"type":"Point","coordinates":[76.45882,12.33784]},"properties":{"cell_id":36572,"case_count":1,"gi_zscore":-0.1411,"gi_pvalue":0.153,"significance":"not_sig"}},{"type":"Feature","geometry":{"type":"Point","coordinates":[76.58824,12.33784]},"properties":{"cell_id":36583,"case_count":1,"gi_zscore":-0.1352,"gi_pvalue":0.451,"significance":"not_sig"}},{"type":"Feature","geometry":{"type":"Point","coordinates":[76.6,12.33784]},"properties":{"cell_id":36584,"case_count":2,"gi_zscore":-0.1352,"gi_pvalue":0.308,"significance":"not_sig"}},{"type":"Feature","geometry":{"type":"Point","coordinates":[76.64706,12.33784]},"properties":{"cell_id":36588,"case_count":1,"gi_zscore":-0.1294,"gi_pvalue":0.389,"significance":"not_sig"}},{"type":"Feature","geometry":{"type":"Point","coordinates":[76.65882,12.33784]},"properties":{"cell_id":36589,"case_count":1,"gi_zscore":-0.1206,"gi_pvalue":0.266,"significance":"not_sig"}},{"type":"Feature","geometry":{"type":"Point","coordinates":[76.69412,12.33784]},"properties":{"cell_id":36592,"case_count":1,"gi_zscore":-0.1235,"gi_pvalue":0.298,"significance":"not_sig"}},{"type":"Feature","geometry":{"type":"Point","coordinates":[76.62353,12.34685]},"properties":{"cell_id":36977,"case_count":2,"gi_zscore":-0.1235,"gi_pvalue":0.334,"significance":"not_sig"}},{"type":"Feature","geometry":{"type":"Point","coordinates":[76.63529,12.34685]},"properties":{"cell_id":36978,"case_count":1,"gi_zscore":-0.1264,"gi_pvalue":0.334,"significance":"not_sig"}},{"type":"Feature","geometry":{"type":"Point","coordinates":[76.31765,12.35586]},"properties":{"cell_id":37342,"case_count":1,"gi_zscore":-0.144,"gi_pvalue":0.056,"significance":"cold_90"}},{"type":"Feature","geometry":{"type":"Point","coordinates":[76.65882,12.36486]},"properties":{"cell_id":37762,"case_count":1,"gi_zscore":-0.1382,"gi_pvalue":0.308,"significance":"not_sig"}},{"type":"Feature","geometry":{"type":"Point","coordinates":[77.25882,12.36486]},"properties":{"cell_id":37813,"case_count":1,"gi_zscore":-0.1411,"gi_pvalue":0.154,"significance":"not_sig"}},{"type":"Feature","geometry":{"type":"Point","coordinates":[77.32941,12.36486]},"properties":{"cell_id":37819,"case_count":1,"gi_zscore":-0.1411,"gi_pvalue":0.154,"significance":"not_sig"}},{"type":"Feature","geometry":{"type":"Point","coordinates":[75.90588,12.4009]},"properties":{"cell_id":39262,"case_count":1,"gi_zscore":-0.144,"gi_pvalue":0.056,"significance":"cold_90"}},{"type":"Feature","geometry":{"type":"Point","coordinates":[75.74118,12.41892]},"properties":{"cell_id":40030,"case_count":1,"gi_zscore":-0.147,"gi_pvalue":0.056,"significance":"cold_90"}},{"type":"Feature","geometry":{"type":"Point","coordinates":[76.30588,12.41892]},"properties":{"cell_id":40078,"case_count":1,"gi_zscore":-0.144,"gi_pvalue":0.056,"significance":"cold_90"}},{"type":"Feature","geometry":{"type":"Point","coordinates":[75.74118,12.42793]},"properties":{"cell_id":40421,"case_count":1,"gi_zscore":-0.147,"gi_pvalue":0.056,"significance":"cold_90"}},{"type":"Feature","geometry":{"type":"Point","coordinates":[76.70588,12.42793]},"properties":{"cell_id":40503,"case_count":1,"gi_zscore":-0.1382,"gi_pvalue":0.308,"significance":"not_sig"}},{"type":"Feature","geometry":{"type":"Point","coordinates":[75.08235,12.43694]},"properties":{"cell_id":40756,"case_count":1,"gi_zscore":-0.144,"gi_pvalue":0.154,"significance":"not_sig"}},{"type":"Feature","geometry":{"type":"Point","coordinates":[76.37647,12.43694]},"properties":{"cell_id":40866,"case_count":2,"gi_zscore":-0.144,"gi_pvalue":0.001,"significance":"cold_99"}},{"type":"Feature","geometry":{"type":"Point","coordinates":[75.83529,12.45495]},"properties":{"cell_id":41602,"case_count":1,"gi_zscore":-0.147,"gi_pvalue":0.056,"significance":"cold_90"}},{"type":"Feature","geometry":{"type":"Point","coordinates":[75.95294,12.45495]},"properties":{"cell_id":41612,"case_count":1,"gi_zscore":-0.144,"gi_pvalue":0.056,"significance":"cold_90"}},{"type":"Feature","geometry":{"type":"Point","coordinates":[75.96471,12.45495]},"properties":{"cell_id":41613,"case_count":1,"gi_zscore":-0.144,"gi_pvalue":0.056,"significance":"cold_90"}},{"type":"Feature","geometry":{"type":"Point","coordinates":[77.23529,12.45495]},"properties":{"cell_id":41721,"case_count":1,"gi_zscore":-0.1411,"gi_pvalue":0.152,"significance":"not_sig"}},{"type":"Feature","geometry":{"type":"Point","coordinates":[77.44706,12.45495]},"properties":{"cell_id":41739,"case_count":1,"gi_zscore":-0.1382,"gi_pvalue":0.303,"significance":"not_sig"}},{"type":"Feature","geometry":{"type":"Point","coordinates":[77.54118,12.45495]},"properties":{"cell_id":41747,"case_count":1,"gi_zscore":-0.1382,"gi_pvalue":0.303,"significance":"not_sig"}},{"type":"Feature","geometry":{"type":"Point","coordinates":[75.95294,12.46396]},"properties":{"cell_id":42003,"case_count":1,"gi_zscore":-0.144,"gi_pvalue":0.056,"significance":"cold_90"}},{"type":"Feature","geometry":{"type":"Point","coordinates":[75.96471,12.46396]},"properties":{"cell_id":42004,"case_count":2,"gi_zscore":-0.144,"gi_pvalue":0.001,"significance":"cold_99"}},{"type":"Feature","geometry":{"type":"Point","coordinates":[75.89412,12.47297]},"properties":{"cell_id":42389,"case_count":1,"gi_zscore":-0.144,"gi_pvalue":0.056,"significance":"cold_90"}},{"type":"Feature","geometry":{"type":"Point","coordinates":[76.68235,12.47297]},"properties":{"cell_id":42456,"case_count":1,"gi_zscore":-0.1352,"gi_pvalue":0.451,"significance":"not_sig"}},{"type":"Feature","geometry":{"type":"Point","coordinates":[76.23529,12.49099]},"properties":{"cell_id":43200,"case_count":1,"gi_zscore":-0.144,"gi_pvalue":0.056,"significance":"cold_90"}},{"type":"Feature","geometry":{"type":"Point","coordinates":[75.95294,12.5]},"properties":{"cell_id":43567,"case_count":1,"gi_zscore":-0.144,"gi_pvalue":0.056,"significance":"cold_90"}},{"type":"Feature","geometry":{"type":"Point","coordinates":[76.67059,12.5]},"properties":{"cell_id":43628,"case_count":4,"gi_zscore":-0.1352,"gi_pvalue":0.151,"significance":"not_sig"}},{"type":"Feature","geometry":{"type":"Point","coordinates":[77.34118,12.5]},"properties":{"cell_id":43685,"case_count":1,"gi_zscore":-0.1411,"gi_pvalue":0.284,"significance":"not_sig"}},{"type":"Feature","geometry":{"type":"Point","coordinates":[77.35294,12.5]},"properties":{"cell_id":43686,"case_count":1,"gi_zscore":-0.1411,"gi_pvalue":0.15,"significance":"not_sig"}},{"type":"Feature","geometry":{"type":"Point","coordinates":[77.38824,12.5]},"properties":{"cell_id":43689,"case_count":1,"gi_zscore":-0.1411,"gi_pvalue":0.284,"significance":"not_sig"}},{"type":"Feature","geometry":{"type":"Point","coordinates":[76.4,12.50901]},"properties":{"cell_id":43996,"case_count":1,"gi_zscore":-0.144,"gi_pvalue":0.15,"significance":"not_sig"}},{"type":"Feature","geometry":{"type":"Point","coordinates":[77.35294,12.50901]},"properties":{"cell_id":44077,"case_count":3,"gi_zscore":-0.1411,"gi_pvalue":0.055,"significance":"cold_90"}},{"type":"Feature","geometry":{"type":"Point","coordinates":[77.4,12.50901]},"properties":{"cell_id":44081,"case_count":1,"gi_zscore":-0.1411,"gi_pvalue":0.287,"significance":"not_sig"}},{"type":"Feature","geometry":{"type":"Point","coordinates":[76.88235,12.51802]},"properties":{"cell_id":44428,"case_count":2,"gi_zscore":-0.1264,"gi_pvalue":0.388,"significance":"not_sig"}},{"type":"Feature","geometry":{"type":"Point","coordinates":[77.35294,12.51802]},"properties":{"cell_id":44468,"case_count":1,"gi_zscore":-0.1411,"gi_pvalue":0.286,"significance":"not_sig"}},{"type":"Feature","geometry":{"type":"Point","coordinates":[75.83529,12.52703]},"properties":{"cell_id":44730,"case_count":1,"gi_zscore":-0.147,"gi_pvalue":0.056,"significance":"cold_90"}},{"type":"Feature","geometry":{"type":"Point","coordinates":[75.97647,12.52703]},"properties":{"cell_id":44742,"case_count":1,"gi_zscore":-0.144,"gi_pvalue":0.152,"significance":"not_sig"}},{"type":"Feature","geometry":{"type":"Point","coordinates":[76.89412,12.52703]},"properties":{"cell_id":44820,"case_count":1,"gi_zscore":-0.1264,"gi_pvalue":0.334,"significance":"not_sig"}},{"type":"Feature","geometry":{"type":"Point","coordinates":[76.90588,12.52703]},"properties":{"cell_id":44821,"case_count":2,"gi_zscore":-0.1352,"gi_pvalue":0.304,"significance":"not_sig"}},{"type":"Feature","geometry":{"type":"Point","coordinates":[77.35294,12.52703]},"properties":{"cell_id":44859,"case_count":1,"gi_zscore":-0.1411,"gi_pvalue":0.287,"significance":"not_sig"}},{"type":"Feature","geometry":{"type":"Point","coordinates":[77.36471,12.52703]},"properties":{"cell_id":44860,"case_count":1,"gi_zscore":-0.1411,"gi_pvalue":0.287,"significance":"not_sig"}},{"type":"Feature","geometry":{"type":"Point","coordinates":[77.37647,12.52703]},"properties":{"cell_id":44861,"case_count":1,"gi_zscore":-0.147,"gi_pvalue":0.056,"significance":"cold_90"}},{"type":"Feature","geometry":{"type":"Point","coordinates":[77.32941,12.53604]},"properties":{"cell_id":45248,"case_count":1,"gi_zscore":-0.1264,"gi_pvalue":0.334,"significance":"not_sig"}},{"type":"Feature","geometry":{"type":"Point","coordinates":[77.36471,12.53604]},"properties":{"cell_id":45251,"case_count":1,"gi_zscore":-0.1411,"gi_pvalue":0.287,"significance":"not_sig"}},{"type":"Feature","geometry":{"type":"Point","coordinates":[77.36471,12.54505]},"properties":{"cell_id":45642,"case_count":1,"gi_zscore":-0.1382,"gi_pvalue":0.304,"significance":"not_sig"}},{"type":"Feature","geometry":{"type":"Point","coordinates":[76.27059,12.55405]},"properties":{"cell_id":45940,"case_count":1,"gi_zscore":-0.144,"gi_pvalue":0.152,"significance":"not_sig"}},{"type":"Feature","geometry":{"type":"Point","coordinates":[76.55294,12.55405]},"properties":{"cell_id":45964,"case_count":1,"gi_zscore":-0.1323,"gi_pvalue":0.495,"significance":"not_sig"}},{"type":"Feature","geometry":{"type":"Point","coordinates":[77.35294,12.55405]},"properties":{"cell_id":46032,"case_count":1,"gi_zscore":-0.1235,"gi_pvalue":0.333,"significance":"not_sig"}},{"type":"Feature","geometry":{"type":"Point","coordinates":[77.36471,12.55405]},"properties":{"cell_id":46033,"case_count":1,"gi_zscore":-0.1382,"gi_pvalue":0.304,"significance":"not_sig"}},{"type":"Feature","geometry":{"type":"Point","coordinates":[77.42353,12.55405]},"properties":{"cell_id":46038,"case_count":2,"gi_zscore":-0.1411,"gi_pvalue":0.056,"significance":"cold_90"}},{"type":"Feature","geometry":{"type":"Point","coordinates":[76.25882,12.56306]},"properties":{"cell_id":46330,"case_count":1,"gi_zscore":-0.144,"gi_pvalue":0.152,"significance":"not_sig"}},{"type":"Feature","geometry":{"type":"Point","coordinates":[77.29412,12.56306]},"properties":{"cell_id":46418,"case_count":1,"gi_zscore":-0.1147,"gi_pvalue":0.237,"significance":"not_sig"}},{"type":"Feature","geometry":{"type":"Point","coordinates":[77.42353,12.56306]},"properties":{"cell_id":46429,"case_count":1,"gi_zscore":-0.1411,"gi_pvalue":0.152,"significance":"not_sig"}},{"type":"Feature","geometry":{"type":"Point","coordinates":[77.44706,12.56306]},"properties":{"cell_id":46431,"case_count":1,"gi_zscore":-0.1411,"gi_pvalue":0.152,"significance":"not_sig"}},{"type":"Feature","geometry":{"type":"Point","coordinates":[77.30588,12.57207]},"properties":{"cell_id":46810,"case_count":1,"gi_zscore":-0.1147,"gi_pvalue":0.237,"significance":"not_sig"}},{"type":"Feature","geometry":{"type":"Point","coordinates":[77.31765,12.57207]},"properties":{"cell_id":46811,"case_count":2,"gi_zscore":-0.1147,"gi_pvalue":0.255,"significance":"not_sig"}},{"type":"Feature","geometry":{"type":"Point","coordinates":[77.32941,12.57207]},"properties":{"cell_id":46812,"case_count":6,"gi_zscore":-0.1118,"gi_pvalue":0.334,"significance":"not_sig"}},{"type":"Feature","geometry":{"type":"Point","coordinates":[77.34118,12.57207]},"properties":{"cell_id":46813,"case_count":4,"gi_zscore":-0.1118,"gi_pvalue":0.3,"significance":"not_sig"}},{"type":"Feature","geometry":{"type":"Point","coordinates":[77.42353,12.57207]},"properties":{"cell_id":46820,"case_count":2,"gi_zscore":-0.1411,"gi_pvalue":0.056,"significance":"cold_90"}},{"type":"Feature","geometry":{"type":"Point","coordinates":[77.57647,12.57207]},"properties":{"cell_id":46833,"case_count":2,"gi_zscore":-0.1382,"gi_pvalue":0.155,"significance":"not_sig"}},{"type":"Feature","geometry":{"type":"Point","coordinates":[77.04706,12.58108]},"properties":{"cell_id":47179,"case_count":1,"gi_zscore":-0.1411,"gi_pvalue":0.289,"significance":"not_sig"}},{"type":"Feature","geometry":{"type":"Point","coordinates":[77.29412,12.59009]},"properties":{"cell_id":47591,"case_count":3,"gi_zscore":-0.1059,"gi_pvalue":0.214,"significance":"not_sig"}},{"type":"Feature","geometry":{"type":"Point","coordinates":[77.31765,12.59009]},"properties":{"cell_id":47593,"case_count":1,"gi_zscore":-0.1059,"gi_pvalue":0.194,"significance":"not_sig"}},{"type":"Feature","geometry":{"type":"Point","coordinates":[77.35294,12.59009]},"properties":{"cell_id":47596,"case_count":4,"gi_zscore":-0.1118,"gi_pvalue":0.263,"significance":"not_sig"}},{"type":"Feature","geometry":{"type":"Point","coordinates":[75.32941,12.5991]},"properties":{"cell_id":47815,"case_count":1,"gi_zscore":-0.147,"gi_pvalue":0.054,"significance":"cold_90"}},{"type":"Feature","geometry":{"type":"Point","coordinates":[75.92941,12.5991]},"properties":{"cell_id":47866,"case_count":1,"gi_zscore":-0.144,"gi_pvalue":0.153,"significance":"not_sig"}},{"type":"Feature","geometry":{"type":"Point","coordinates":[77.04706,12.5991]},"properties":{"cell_id":47961,"case_count":1,"gi_zscore":-0.1411,"gi_pvalue":0.286,"significance":"not_sig"}},{"type":"Feature","geometry":{"type":"Point","coordinates":[77.30588,12.5991]},"properties":{"cell_id":47983,"case_count":1,"gi_zscore":-0.1059,"gi_pvalue":0.193,"significance":"not_sig"}},{"type":"Feature","geometry":{"type":"Point","coordinates":[76.04706,12.62613]},"properties":{"cell_id":49049,"case_count":1,"gi_zscore":-0.144,"gi_pvalue":0.153,"significance":"not_sig"}},{"type":"Feature","geometry":{"type":"Point","coordinates":[75.82353,12.65315]},"properties":{"cell_id":50203,"case_count":1,"gi_zscore":-0.147,"gi_pvalue":0.054,"significance":"cold_90"}},{"type":"Feature","geometry":{"type":"Point","coordinates":[77.64706,12.65315]},"properties":{"cell_id":50358,"case_count":1,"gi_zscore":-0.144,"gi_pvalue":0.153,"significance":"not_sig"}},{"type":"Feature","geometry":{"type":"Point","coordinates":[75.61176,12.66216]},"properties":{"cell_id":50576,"case_count":1,"gi_zscore":-0.147,"gi_pvalue":0.054,"significance":"cold_90"}},{"type":"Feature","geometry":{"type":"Point","coordinates":[76.67059,12.66216]},"properties":{"cell_id":50666,"case_count":1,"gi_zscore":-0.1294,"gi_pvalue":0.389,"significance":"not_sig"}},{"type":"Feature","geometry":{"type":"Point","coordinates":[77.21176,12.66216]},"properties":{"cell_id":50712,"case_count":1,"gi_zscore":-0.1235,"gi_pvalue":0.333,"significance":"not_sig"}},{"type":"Feature","geometry":{"type":"Point","coordinates":[77.22353,12.66216]},"properties":{"cell_id":50713,"case_count":1,"gi_zscore":-0.1235,"gi_pvalue":0.333,"significance":"not_sig"}},{"type":"Feature","geometry":{"type":"Point","coordinates":[75.48235,12.67117]},"properties":{"cell_id":50956,"case_count":1,"gi_zscore":-0.147,"gi_pvalue":0.054,"significance":"cold_90"}},{"type":"Feature","geometry":{"type":"Point","coordinates":[77.47059,12.68018]},"properties":{"cell_id":51516,"case_count":1,"gi_zscore":-0.1294,"gi_pvalue":0.454,"significance":"not_sig"}},{"type":"Feature","geometry":{"type":"Point","coordinates":[77.72941,12.68018]},"properties":{"cell_id":51538,"case_count":1,"gi_zscore":-0.144,"gi_pvalue":0.054,"significance":"cold_90"}},{"type":"Feature","geometry":{"type":"Point","coordinates":[75.24706,12.6982]},"properties":{"cell_id":52109,"case_count":1,"gi_zscore":-0.147,"gi_pvalue":0.054,"significance":"cold_90"}},{"type":"Feature","geometry":{"type":"Point","coordinates":[77.63529,12.6982]},"properties":{"cell_id":52312,"case_count":1,"gi_zscore":-0.144,"gi_pvalue":0.054,"significance":"cold_90"}},{"type":"Feature","geometry":{"type":"Point","coordinates":[75.22353,12.71622]},"properties":{"cell_id":52889,"case_count":1,"gi_zscore":-0.147,"gi_pvalue":0.054,"significance":"cold_90"}},{"type":"Feature","geometry":{"type":"Point","coordinates":[77.69412,12.71622]},"properties":{"cell_id":53099,"case_count":1,"gi_zscore":-0.144,"gi_pvalue":0.054,"significance":"cold_90"}},{"type":"Feature","geometry":{"type":"Point","coordinates":[77.65882,12.72523]},"properties":{"cell_id":53487,"case_count":1,"gi_zscore":-0.144,"gi_pvalue":0.054,"significance":"cold_90"}},{"type":"Feature","geometry":{"type":"Point","coordinates":[77.70588,12.73423]},"properties":{"cell_id":53882,"case_count":1,"gi_zscore":-0.144,"gi_pvalue":0.054,"significance":"cold_90"}},{"type":"Feature","geometry":{"type":"Point","coordinates":[77.72941,12.73423]},"properties":{"cell_id":53884,"case_count":1,"gi_zscore":-0.1411,"gi_pvalue":0.153,"significance":"not_sig"}},{"type":"Feature","geometry":{"type":"Point","coordinates":[77.75294,12.73423]},"properties":{"cell_id":53886,"case_count":1,"gi_zscore":-0.1323,"gi_pvalue":0.496,"significance":"not_sig"}},{"type":"Feature","geometry":{"type":"Point","coordinates":[75.04706,12.74324]},"properties":{"cell_id":54047,"case_count":1,"gi_zscore":-0.147,"gi_pvalue":0.054,"significance":"cold_90"}},{"type":"Feature","geometry":{"type":"Point","coordinates":[75.10588,12.74324]},"properties":{"cell_id":54052,"case_count":1,"gi_zscore":-0.147,"gi_pvalue":0.054,"significance":"cold_90"}},{"type":"Feature","geometry":{"type":"Point","coordinates":[77.02353,12.75225]},"properties":{"cell_id":54606,"case_count":1,"gi_zscore":-0.147,"gi_pvalue":0.054,"significance":"cold_90"}},{"type":"Feature","geometry":{"type":"Point","coordinates":[77.61176,12.75225]},"properties":{"cell_id":54656,"case_count":1,"gi_zscore":-0.1411,"gi_pvalue":0.153,"significance":"not_sig"}},{"type":"Feature","geometry":{"type":"Point","coordinates":[77.72941,12.75225]},"properties":{"cell_id":54666,"case_count":2,"gi_zscore":-0.1264,"gi_pvalue":0.389,"significance":"not_sig"}},{"type":"Feature","geometry":{"type":"Point","coordinates":[77.78824,12.75225]},"properties":{"cell_id":54671,"case_count":1,"gi_zscore":-0.1323,"gi_pvalue":0.495,"significance":"not_sig"}},{"type":"Feature","geometry":{"type":"Point","coordinates":[74.87059,12.76126]},"properties":{"cell_id":54814,"case_count":1,"gi_zscore":-0.144,"gi_pvalue":0.053,"significance":"cold_90"}},{"type":"Feature","geometry":{"type":"Point","coordinates":[76.05882,12.76126]},"properties":{"cell_id":54915,"case_count":1,"gi_zscore":-0.144,"gi_pvalue":0.053,"significance":"cold_90"}},{"type":"Feature","geometry":{"type":"Point","coordinates":[77.65882,12.76126]},"properties":{"cell_id":55051,"case_count":1,"gi_zscore":-0.1411,"gi_pvalue":0.157,"significance":"not_sig"}},{"type":"Feature","geometry":{"type":"Point","coordinates":[77.64706,12.77027]},"properties":{"cell_id":55441,"case_count":2,"gi_zscore":-0.1411,"gi_pvalue":0.054,"significance":"cold_90"}},{"type":"Feature","geometry":{"type":"Point","coordinates":[77.72941,12.77027]},"properties":{"cell_id":55448,"case_count":1,"gi_zscore":-0.1059,"gi_pvalue":0.193,"significance":"not_sig"}},{"type":"Feature","geometry":{"type":"Point","coordinates":[75.17647,12.77928]},"properties":{"cell_id":55622,"case_count":1,"gi_zscore":-0.147,"gi_pvalue":0.053,"significance":"cold_90"}},{"type":"Feature","geometry":{"type":"Point","coordinates":[77.67059,12.77928]},"properties":{"cell_id":55834,"case_count":1,"gi_zscore":-0.1382,"gi_pvalue":0.301,"significance":"not_sig"}},{"type":"Feature","geometry":{"type":"Point","coordinates":[77.68235,12.77928]},"properties":{"cell_id":55835,"case_count":1,"gi_zscore":-0.1352,"gi_pvalue":0.449,"significance":"not_sig"}},{"type":"Feature","geometry":{"type":"Point","coordinates":[77.69412,12.77928]},"properties":{"cell_id":55836,"case_count":1,"gi_zscore":-0.1118,"gi_pvalue":0.216,"significance":"not_sig"}},{"type":"Feature","geometry":{"type":"Point","coordinates":[77.77647,12.77928]},"properties":{"cell_id":55843,"case_count":1,"gi_zscore":-0.1323,"gi_pvalue":0.454,"significance":"not_sig"}},{"type":"Feature","geometry":{"type":"Point","coordinates":[75.14118,12.78829]},"properties":{"cell_id":56010,"case_count":1,"gi_zscore":-0.147,"gi_pvalue":0.053,"significance":"cold_90"}},{"type":"Feature","geometry":{"type":"Point","coordinates":[76.49412,12.78829]},"properties":{"cell_id":56125,"case_count":2,"gi_zscore":-0.1411,"gi_pvalue":0.054,"significance":"cold_90"}},{"type":"Feature","geometry":{"type":"Point","coordinates":[77.04706,12.78829]},"properties":{"cell_id":56172,"case_count":1,"gi_zscore":-0.147,"gi_pvalue":0.054,"significance":"cold_90"}},{"type":"Feature","geometry":{"type":"Point","coordinates":[77.70588,12.78829]},"properties":{"cell_id":56228,"case_count":3,"gi_zscore":-0.1118,"gi_pvalue":0.243,"significance":"not_sig"}},{"type":"Feature","geometry":{"type":"Point","coordinates":[77.74118,12.78829]},"properties":{"cell_id":56231,"case_count":2,"gi_zscore":-0.1088,"gi_pvalue":0.23,"significance":"not_sig"}},{"type":"Feature","geometry":{"type":"Point","coordinates":[77.75294,12.78829]},"properties":{"cell_id":56232,"case_count":4,"gi_zscore":-0.1264,"gi_pvalue":0.39,"significance":"not_sig"}},{"type":"Feature","geometry":{"type":"Point","coordinates":[77.77647,12.78829]},"properties":{"cell_id":56234,"case_count":1,"gi_zscore":-0.1323,"gi_pvalue":0.455,"significance":"not_sig"}},{"type":"Feature","geometry":{"type":"Point","coordinates":[74.84706,12.7973]},"properties":{"cell_id":56376,"case_count":1,"gi_zscore":-0.147,"gi_pvalue":0.055,"significance":"cold_90"}},{"type":"Feature","geometry":{"type":"Point","coordinates":[74.90588,12.7973]},"properties":{"cell_id":56381,"case_count":1,"gi_zscore":-0.144,"gi_pvalue":0.055,"significance":"cold_90"}},{"type":"Feature","geometry":{"type":"Point","coordinates":[74.96471,12.7973]},"properties":{"cell_id":56386,"case_count":1,"gi_zscore":-0.144,"gi_pvalue":0.158,"significance":"not_sig"}},{"type":"Feature","geometry":{"type":"Point","coordinates":[76.98824,12.7973]},"properties":{"cell_id":56558,"case_count":1,"gi_zscore":-0.1352,"gi_pvalue":0.449,"significance":"not_sig"}},{"type":"Feature","geometry":{"type":"Point","coordinates":[77.67059,12.7973]},"properties":{"cell_id":56616,"case_count":1,"gi_zscore":-0.1323,"gi_pvalue":0.495,"significance":"not_sig"}},{"type":"Feature","geometry":{"type":"Point","coordinates":[77.70588,12.7973]},"properties":{"cell_id":56619,"case_count":8,"gi_zscore":-0.1118,"gi_pvalue":0.453,"significance":"not_sig"}},{"type":"Feature","geometry":{"type":"Point","coordinates":[77.71765,12.7973]},"properties":{"cell_id":56620,"case_count":1,"gi_zscore":-0.1118,"gi_pvalue":0.216,"significance":"not_sig"}},{"type":"Feature","geometry":{"type":"Point","coordinates":[74.88235,12.80631]},"properties":{"cell_id":56770,"case_count":1,"gi_zscore":-0.144,"gi_pvalue":0.055,"significance":"cold_90"}},{"type":"Feature","geometry":{"type":"Point","coordinates":[74.89412,12.80631]},"properties":{"cell_id":56771,"case_count":1,"gi_zscore":-0.144,"gi_pvalue":0.055,"significance":"cold_90"}},{"type":"Feature","geometry":{"type":"Point","coordinates":[74.90588,12.80631]},"properties":{"cell_id":56772,"case_count":2,"gi_zscore":-0.144,"gi_pvalue":0.001,"significance":"cold_99"}},{"type":"Feature","geometry":{"type":"Point","coordinates":[74.91765,12.80631]},"properties":{"cell_id":56773,"case_count":1,"gi_zscore":-0.144,"gi_pvalue":0.057,"significance":"cold_90"}},{"type":"Feature","geometry":{"type":"Point","coordinates":[77.6,12.80631]},"properties":{"cell_id":57001,"case_count":1,"gi_zscore":-0.144,"gi_pvalue":0.156,"significance":"not_sig"}},{"type":"Feature","geometry":{"type":"Point","coordinates":[77.65882,12.80631]},"properties":{"cell_id":57006,"case_count":2,"gi_zscore":-0.1323,"gi_pvalue":0.386,"significance":"not_sig"}},{"type":"Feature","geometry":{"type":"Point","coordinates":[77.67059,12.80631]},"properties":{"cell_id":57007,"case_count":1,"gi_zscore":-0.1264,"gi_pvalue":0.389,"significance":"not_sig"}},{"type":"Feature","geometry":{"type":"Point","coordinates":[77.68235,12.80631]},"properties":{"cell_id":57008,"case_count":2,"gi_zscore":-0.1235,"gi_pvalue":0.389,"significance":"not_sig"}},{"type":"Feature","geometry":{"type":"Point","coordinates":[77.69412,12.80631]},"properties":{"cell_id":57009,"case_count":2,"gi_zscore":-0.1059,"gi_pvalue":0.204,"significance":"not_sig"}},{"type":"Feature","geometry":{"type":"Point","coordinates":[77.70588,12.80631]},"properties":{"cell_id":57010,"case_count":2,"gi_zscore":-0.1118,"gi_pvalue":0.237,"significance":"not_sig"}},{"type":"Feature","geometry":{"type":"Point","coordinates":[74.84706,12.81532]},"properties":{"cell_id":57158,"case_count":1,"gi_zscore":-0.1323,"gi_pvalue":0.457,"significance":"not_sig"}},{"type":"Feature","geometry":{"type":"Point","coordinates":[74.85882,12.81532]},"properties":{"cell_id":57159,"case_count":1,"gi_zscore":-0.147,"gi_pvalue":0.057,"significance":"cold_90"}},{"type":"Feature","geometry":{"type":"Point","coordinates":[77.58824,12.81532]},"properties":{"cell_id":57391,"case_count":2,"gi_zscore":-0.144,"gi_pvalue":0.057,"significance":"cold_90"}},{"type":"Feature","geometry":{"type":"Point","coordinates":[77.63529,12.81532]},"properties":{"cell_id":57395,"case_count":1,"gi_zscore":-0.1264,"gi_pvalue":0.353,"significance":"not_sig"}},{"type":"Feature","geometry":{"type":"Point","coordinates":[77.64706,12.81532]},"properties":{"cell_id":57396,"case_count":1,"gi_zscore":-0.1264,"gi_pvalue":0.353,"significance":"not_sig"}},{"type":"Feature","geometry":{"type":"Point","coordinates":[77.69412,12.81532]},"properties":{"cell_id":57400,"case_count":1,"gi_zscore":-0.1088,"gi_pvalue":0.204,"significance":"not_sig"}},{"type":"Feature","geometry":{"type":"Point","coordinates":[77.75294,12.81532]},"properties":{"cell_id":57405,"case_count":1,"gi_zscore":-0.1352,"gi_pvalue":0.446,"significance":"not_sig"}},{"type":"Feature","geometry":{"type":"Point","coordinates":[74.89412,12.82432]},"properties":{"cell_id":57553,"case_count":1,"gi_zscore":-0.144,"gi_pvalue":0.158,"significance":"not_sig"}},{"type":"Feature","geometry":{"type":"Point","coordinates":[75.57647,12.82432]},"properties":{"cell_id":57611,"case_count":1,"gi_zscore":-0.147,"gi_pvalue":0.057,"significance":"cold_90"}},{"type":"Feature","geometry":{"type":"Point","coordinates":[77.04706,12.82432]},"properties":{"cell_id":57736,"case_count":1,"gi_zscore":-0.1352,"gi_pvalue":0.446,"significance":"not_sig"}},{"type":"Feature","geometry":{"type":"Point","coordinates":[77.56471,12.82432]},"properties":{"cell_id":57780,"case_count":1,"gi_zscore":-0.1411,"gi_pvalue":0.158,"significance":"not_sig"}},{"type":"Feature","geometry":{"type":"Point","coordinates":[77.6,12.82432]},"properties":{"cell_id":57783,"case_count":1,"gi_zscore":-0.1382,"gi_pvalue":0.299,"significance":"not_sig"}},{"type":"Feature","geometry":{"type":"Point","coordinates":[77.65882,12.82432]},"properties":{"cell_id":57788,"case_count":1,"gi_zscore":-0.1206,"gi_pvalue":0.294,"significance":"not_sig"}},{"type":"Feature","geometry":{"type":"Point","coordinates":[77.67059,12.82432]},"properties":{"cell_id":57789,"case_count":3,"gi_zscore":-0.1206,"gi_pvalue":0.353,"significance":"not_sig"}},{"type":"Feature","geometry":{"type":"Point","coordinates":[77.68235,12.82432]},"properties":{"cell_id":57790,"case_count":3,"gi_zscore":-0.1264,"gi_pvalue":0.495,"significance":"not_sig"}},{"type":"Feature","geometry":{"type":"Point","coordinates":[75.14118,12.83333]},"properties":{"cell_id":57965,"case_count":1,"gi_zscore":-0.144,"gi_pvalue":0.057,"significance":"cold_90"}},{"type":"Feature","geometry":{"type":"Point","coordinates":[75.23529,12.83333]},"properties":{"cell_id":57973,"case_count":1,"gi_zscore":-0.147,"gi_pvalue":0.057,"significance":"cold_90"}},{"type":"Feature","geometry":{"type":"Point","coordinates":[75.25882,12.83333]},"properties":{"cell_id":57975,"case_count":1,"gi_zscore":-0.147,"gi_pvalue":0.057,"significance":"cold_90"}},{"type":"Feature","geometry":{"type":"Point","coordinates":[77.54118,12.83333]},"properties":{"cell_id":58169,"case_count":2,"gi_zscore":-0.144,"gi_pvalue":0.057,"significance":"cold_90"}},{"type":"Feature","geometry":{"type":"Point","coordinates":[77.65882,12.83333]},"properties":{"cell_id":58179,"case_count":2,"gi_zscore":-0.1235,"gi_pvalue":0.388,"significance":"not_sig"}},{"type":"Feature","geometry":{"type":"Point","coordinates":[77.67059,12.83333]},"properties":{"cell_id":58180,"case_count":1,"gi_zscore":-0.1147,"gi_pvalue":0.246,"significance":"not_sig"}},{"type":"Feature","geometry":{"type":"Point","coordinates":[77.68235,12.83333]},"properties":{"cell_id":58181,"case_count":2,"gi_zscore":-0.1264,"gi_pvalue":0.388,"significance":"not_sig"}},{"type":"Feature","geometry":{"type":"Point","coordinates":[77.69412,12.83333]},"properties":{"cell_id":58182,"case_count":1,"gi_zscore":-0.1382,"gi_pvalue":0.3,"significance":"not_sig"}},{"type":"Feature","geometry":{"type":"Point","coordinates":[77.70588,12.83333]},"properties":{"cell_id":58183,"case_count":1,"gi_zscore":-0.1352,"gi_pvalue":0.441,"significance":"not_sig"}},{"type":"Feature","geometry":{"type":"Point","coordinates":[78.14118,12.83333]},"properties":{"cell_id":58220,"case_count":1,"gi_zscore":-0.1323,"gi_pvalue":0.457,"significance":"not_sig"}},{"type":"Feature","geometry":{"type":"Point","coordinates":[74.84706,12.84234]},"properties":{"cell_id":58331,"case_count":1,"gi_zscore":-0.1206,"gi_pvalue":0.295,"significance":"not_sig"}},{"type":"Feature","geometry":{"type":"Point","coordinates":[74.85882,12.84234]},"properties":{"cell_id":58332,"case_count":1,"gi_zscore":-0.1206,"gi_pvalue":0.295,"significance":"not_sig"}},{"type":"Feature","geometry":{"type":"Point","coordinates":[77.56471,12.84234]},"properties":{"cell_id":58562,"case_count":1,"gi_zscore":-0.1382,"gi_pvalue":0.3,"significance":"not_sig"}},{"type":"Feature","geometry":{"type":"Point","coordinates":[77.57647,12.84234]},"properties":{"cell_id":58563,"case_count":1,"gi_zscore":-0.1411,"gi_pvalue":0.158,"significance":"not_sig"}},{"type":"Feature","geometry":{"type":"Point","coordinates":[77.6,12.84234]},"properties":{"cell_id":58565,"case_count":1,"gi_zscore":-0.1382,"gi_pvalue":0.3,"significance":"not_sig"}},{"type":"Feature","geometry":{"type":"Point","coordinates":[77.63529,12.84234]},"properties":{"cell_id":58568,"case_count":1,"gi_zscore":-0.1294,"gi_pvalue":0.457,"significance":"not_sig"}},{"type":"Feature","geometry":{"type":"Point","coordinates":[77.65882,12.84234]},"properties":{"cell_id":58570,"case_count":4,"gi_zscore":-0.1235,"gi_pvalue":0.495,"significance":"not_sig"}},{"type":"Feature","geometry":{"type":"Point","coordinates":[77.67059,12.84234]},"properties":{"cell_id":58571,"case_count":3,"gi_zscore":-0.1206,"gi_pvalue":0.353,"significance":"not_sig"}},{"type":"Feature","geometry":{"type":"Point","coordinates":[77.68235,12.84234]},"properties":{"cell_id":58572,"case_count":1,"gi_zscore":-0.1323,"gi_pvalue":0.495,"significance":"not_sig"}},{"type":"Feature","geometry":{"type":"Point","coordinates":[77.69412,12.84234]},"properties":{"cell_id":58573,"case_count":1,"gi_zscore":-0.1323,"gi_pvalue":0.457,"significance":"not_sig"}},{"type":"Feature","geometry":{"type":"Point","coordinates":[77.74118,12.84234]},"properties":{"cell_id":58577,"case_count":1,"gi_zscore":-0.147,"gi_pvalue":0.057,"significance":"cold_90"}},{"type":"Feature","geometry":{"type":"Point","coordinates":[74.83529,12.85135]},"properties":{"cell_id":58721,"case_count":1,"gi_zscore":-0.1147,"gi_pvalue":0.247,"significance":"not_sig"}},{"type":"Feature","geometry":{"type":"Point","coordinates":[74.87059,12.85135]},"properties":{"cell_id":58724,"case_count":1,"gi_zscore":-0.1294,"gi_pvalue":0.457,"significance":"not_sig"}},{"type":"Feature","geometry":{"type":"Point","coordinates":[77.56471,12.85135]},"properties":{"cell_id":58953,"case_count":1,"gi_zscore":-0.1323,"gi_pvalue":0.495,"significance":"not_sig"}},{"type":"Feature","geometry":{"type":"Point","coordinates":[77.58824,12.85135]},"properties":{"cell_id":58955,"case_count":1,"gi_zscore":-0.1411,"gi_pvalue":0.158,"significance":"not_sig"}},{"type":"Feature","geometry":{"type":"Point","coordinates":[77.65882,12.85135]},"properties":{"cell_id":58961,"case_count":1,"gi_zscore":-0.1294,"gi_pvalue":0.457,"significance":"not_sig"}},{"type":"Feature","geometry":{"type":"Point","coordinates":[77.67059,12.85135]},"properties":{"cell_id":58962,"case_count":1,"gi_zscore":-0.1323,"gi_pvalue":0.457,"significance":"not_sig"}},{"type":"Feature","geometry":{"type":"Point","coordinates":[77.70588,12.85135]},"properties":{"cell_id":58965,"case_count":1,"gi_zscore":-0.144,"gi_pvalue":0.158,"significance":"not_sig"}},{"type":"Feature","geometry":{"type":"Point","coordinates":[77.98824,12.85135]},"properties":{"cell_id":58989,"case_count":1,"gi_zscore":-0.147,"gi_pvalue":0.057,"significance":"cold_90"}},{"type":"Feature","geometry":{"type":"Point","coordinates":[74.82353,12.86036]},"properties":{"cell_id":59111,"case_count":3,"gi_zscore":-0.1118,"gi_pvalue":0.246,"significance":"not_sig"}},{"type":"Feature","geometry":{"type":"Point","coordinates":[74.83529,12.86036]},"properties":{"cell_id":59112,"case_count":6,"gi_zscore":-0.1118,"gi_pvalue":0.34,"significance":"not_sig"}},{"type":"Feature","geometry":{"type":"Point","coordinates":[75.02353,12.86036]},"properties":{"cell_id":59128,"case_count":1,"gi_zscore":-0.1411,"gi_pvalue":0.159,"significance":"not_sig"}},{"type":"Feature","geometry":{"type":"Point","coordinates":[75.04706,12.86036]},"properties":{"cell_id":59130,"case_count":1,"gi_zscore":-0.1411,"gi_pvalue":0.159,"significance":"not_sig"}},{"type":"Feature","geometry":{"type":"Point","coordinates":[77.54118,12.86036]},"properties":{"cell_id":59342,"case_count":1,"gi_zscore":-0.144,"gi_pvalue":0.159,"significance":"not_sig"}},{"type":"Feature","geometry":{"type":"Point","coordinates":[77.56471,12.86036]},"properties":{"cell_id":59344,"case_count":1,"gi_zscore":-0.1323,"gi_pvalue":0.496,"significance":"not_sig"}},{"type":"Feature","geometry":{"type":"Point","coordinates":[77.58824,12.86036]},"properties":{"cell_id":59346,"case_count":3,"gi_zscore":-0.1323,"gi_pvalue":0.298,"significance":"not_sig"}},{"type":"Feature","geometry":{"type":"Point","coordinates":[77.67059,12.86036]},"properties":{"cell_id":59353,"case_count":1,"gi_zscore":-0.1323,"gi_pvalue":0.458,"significance":"not_sig"}},{"type":"Feature","geometry":{"type":"Point","coordinates":[77.68235,12.86036]},"properties":{"cell_id":59354,"case_count":1,"gi_zscore":-0.1411,"gi_pvalue":0.28,"significance":"not_sig"}},{"type":"Feature","geometry":{"type":"Point","coordinates":[77.75294,12.86036]},"properties":{"cell_id":59360,"case_count":1,"gi_zscore":-0.1411,"gi_pvalue":0.161,"significance":"not_sig"}},{"type":"Feature","geometry":{"type":"Point","coordinates":[77.76471,12.86036]},"properties":{"cell_id":59361,"case_count":1,"gi_zscore":-0.1411,"gi_pvalue":0.161,"significance":"not_sig"}},{"type":"Feature","geometry":{"type":"Point","coordinates":[77.77647,12.86036]},"properties":{"cell_id":59362,"case_count":1,"gi_zscore":-0.1411,"gi_pvalue":0.161,"significance":"not_sig"}},{"type":"Feature","geometry":{"type":"Point","coordinates":[77.78824,12.86036]},"properties":{"cell_id":59363,"case_count":2,"gi_zscore":-0.1411,"gi_pvalue":0.058,"significance":"cold_90"}},{"type":"Feature","geometry":{"type":"Point","coordinates":[74.84706,12.86937]},"properties":{"cell_id":59504,"case_count":3,"gi_zscore":-0.1059,"gi_pvalue":0.216,"significance":"not_sig"}},{"type":"Feature","geometry":{"type":"Point","coordinates":[74.85882,12.86937]},"properties":{"cell_id":59505,"case_count":3,"gi_zscore":-0.1147,"gi_pvalue":0.295,"significance":"not_sig"}},{"type":"Feature","geometry":{"type":"Point","coordinates":[74.88235,12.86937]},"properties":{"cell_id":59507,"case_count":1,"gi_zscore":-0.1352,"gi_pvalue":0.444,"significance":"not_sig"}},{"type":"Feature","geometry":{"type":"Point","coordinates":[74.89412,12.86937]},"properties":{"cell_id":59508,"case_count":2,"gi_zscore":-0.1382,"gi_pvalue":0.161,"significance":"not_sig"}},{"type":"Feature","geometry":{"type":"Point","coordinates":[74.90588,12.86937]},"properties":{"cell_id":59509,"case_count":1,"gi_zscore":-0.144,"gi_pvalue":0.159,"significance":"not_sig"}},{"type":"Feature","geometry":{"type":"Point","coordinates":[74.92941,12.86937]},"properties":{"cell_id":59511,"case_count":1,"gi_zscore":-0.144,"gi_pvalue":0.159,"significance":"not_sig"}},{"type":"Feature","geometry":{"type":"Point","coordinates":[74.94118,12.86937]},"properties":{"cell_id":59512,"case_count":1,"gi_zscore":-0.144,"gi_pvalue":0.159,"significance":"not_sig"}},{"type":"Feature","geometry":{"type":"Point","coordinates":[74.98824,12.86937]},"properties":{"cell_id":59516,"case_count":1,"gi_zscore":-0.1411,"gi_pvalue":0.159,"significance":"not_sig"}},{"type":"Feature","geometry":{"type":"Point","coordinates":[77.54118,12.86937]},"properties":{"cell_id":59733,"case_count":1,"gi_zscore":-0.1411,"gi_pvalue":0.159,"significance":"not_sig"}},{"type":"Feature","geometry":{"type":"Point","coordinates":[77.58824,12.86937]},"properties":{"cell_id":59737,"case_count":1,"gi_zscore":-0.1206,"gi_pvalue":0.295,"significance":"not_sig"}},{"type":"Feature","geometry":{"type":"Point","coordinates":[77.6,12.86937]},"properties":{"cell_id":59738,"case_count":1,"gi_zscore":-0.1294,"gi_pvalue":0.457,"significance":"not_sig"}},{"type":"Feature","geometry":{"type":"Point","coordinates":[77.61176,12.86937]},"properties":{"cell_id":59739,"case_count":1,"gi_zscore":-0.1264,"gi_pvalue":0.393,"significance":"not_sig"}},{"type":"Feature","geometry":{"type":"Point","coordinates":[77.65882,12.86937]},"properties":{"cell_id":59743,"case_count":1,"gi_zscore":-0.1352,"gi_pvalue":0.445,"significance":"not_sig"}},{"type":"Feature","geometry":{"type":"Point","coordinates":[77.67059,12.86937]},"properties":{"cell_id":59744,"case_count":1,"gi_zscore":-0.1382,"gi_pvalue":0.297,"significance":"not_sig"}},{"type":"Feature","geometry":{"type":"Point","coordinates":[77.76471,12.86937]},"properties":{"cell_id":59752,"case_count":1,"gi_zscore":-0.1411,"gi_pvalue":0.159,"significance":"not_sig"}},{"type":"Feature","geometry":{"type":"Point","coordinates":[77.98824,12.86937]},"properties":{"cell_id":59771,"case_count":1,"gi_zscore":-0.147,"gi_pvalue":0.058,"significance":"cold_90"}},{"type":"Feature","geometry":{"type":"Point","coordinates":[78.0,12.86937]},"properties":{"cell_id":59772,"case_count":1,"gi_zscore":-0.147,"gi_pvalue":0.058,"significance":"cold_90"}},{"type":"Feature","geometry":{"type":"Point","coordinates":[74.84706,12.87838]},"properties":{"cell_id":59895,"case_count":1,"gi_zscore":-0.1118,"gi_pvalue":0.217,"significance":"not_sig"}},{"type":"Feature","geometry":{"type":"Point","coordinates":[74.85882,12.87838]},"properties":{"cell_id":59896,"case_count":2,"gi_zscore":-0.1294,"gi_pvalue":0.461,"significance":"not_sig"}},{"type":"Feature","geometry":{"type":"Point","coordinates":[75.01176,12.87838]},"properties":{"cell_id":59909,"case_count":1,"gi_zscore":-0.1411,"gi_pvalue":0.159,"significance":"not_sig"}},{"type":"Feature","geometry":{"type":"Point","coordinates":[75.02353,12.87838]},"properties":{"cell_id":59910,"case_count":1,"gi_zscore":-0.1411,"gi_pvalue":0.159,"significance":"not_sig"}},{"type":"Feature","geometry":{"type":"Point","coordinates":[75.03529,12.87838]},"properties":{"cell_id":59911,"case_count":2,"gi_zscore":-0.1411,"gi_pvalue":0.06,"significance":"cold_90"}},{"type":"Feature","geometry":{"type":"Point","coordinates":[75.04706,12.87838]},"properties":{"cell_id":59912,"case_count":1,"gi_zscore":-0.1411,"gi_pvalue":0.159,"significance":"not_sig"}},{"type":"Feature","geometry":{"type":"Point","coordinates":[75.12941,12.87838]},"properties":{"cell_id":59919,"case_count":1,"gi_zscore":-0.1411,"gi_pvalue":0.159,"significance":"not_sig"}},{"type":"Feature","geometry":{"type":"Point","coordinates":[77.44706,12.87838]},"properties":{"cell_id":60116,"case_count":1,"gi_zscore":-0.147,"gi_pvalue":0.06,"significance":"cold_90"}},{"type":"Feature","geometry":{"type":"Point","coordinates":[77.50588,12.87838]},"properties":{"cell_id":60121,"case_count":1,"gi_zscore":-0.1382,"gi_pvalue":0.281,"significance":"not_sig"}},{"type":"Feature","geometry":{"type":"Point","coordinates":[77.51765,12.87838]},"properties":{"cell_id":60122,"case_count":1,"gi_zscore":-0.1411,"gi_pvalue":0.159,"significance":"not_sig"}},{"type":"Feature","geometry":{"type":"Point","coordinates":[77.54118,12.87838]},"properties":{"cell_id":60124,"case_count":1,"gi_zscore":-0.1235,"gi_pvalue":0.341,"significance":"not_sig"}},{"type":"Feature","geometry":{"type":"Point","coordinates":[77.57647,12.87838]},"properties":{"cell_id":60127,"case_count":4,"gi_zscore":-0.1176,"gi_pvalue":0.342,"significance":"not_sig"}},{"type":"Feature","geometry":{"type":"Point","coordinates":[77.61176,12.87838]},"properties":{"cell_id":60130,"case_count":1,"gi_zscore":-0.1323,"gi_pvalue":0.46,"significance":"not_sig"}},{"type":"Feature","geometry":{"type":"Point","coordinates":[77.62353,12.87838]},"properties":{"cell_id":60131,"case_count":1,"gi_zscore":-0.1294,"gi_pvalue":0.395,"significance":"not_sig"}},{"type":"Feature","geometry":{"type":"Point","coordinates":[77.64706,12.87838]},"properties":{"cell_id":60133,"case_count":2,"gi_zscore":-0.1206,"gi_pvalue":0.342,"significance":"not_sig"}},{"type":"Feature","geometry":{"type":"Point","coordinates":[77.68235,12.87838]},"properties":{"cell_id":60136,"case_count":1,"gi_zscore":-0.1382,"gi_pvalue":0.28,"significance":"not_sig"}},{"type":"Feature","geometry":{"type":"Point","coordinates":[77.75294,12.87838]},"properties":{"cell_id":60142,"case_count":1,"gi_zscore":-0.1411,"gi_pvalue":0.159,"significance":"not_sig"}},{"type":"Feature","geometry":{"type":"Point","coordinates":[74.82353,12.88739]},"properties":{"cell_id":60284,"case_count":1,"gi_zscore":-0.1206,"gi_pvalue":0.267,"significance":"not_sig"}},{"type":"Feature","geometry":{"type":"Point","coordinates":[74.83529,12.88739]},"properties":{"cell_id":60285,"case_count":2,"gi_zscore":-0.1323,"gi_pvalue":0.471,"significance":"not_sig"}},{"type":"Feature","geometry":{"type":"Point","coordinates":[74.85882,12.88739]},"properties":{"cell_id":60287,"case_count":2,"gi_zscore":-0.1264,"gi_pvalue":0.461,"significance":"not_sig"}},{"type":"Feature","geometry":{"type":"Point","coordinates":[74.87059,12.88739]},"properties":{"cell_id":60288,"case_count":1,"gi_zscore":-0.1352,"gi_pvalue":0.444,"significance":"not_sig"}},{"type":"Feature","geometry":{"type":"Point","coordinates":[74.88235,12.88739]},"properties":{"cell_id":60289,"case_count":1,"gi_zscore":-0.1382,"gi_pvalue":0.296,"significance":"not_sig"}},{"type":"Feature","geometry":{"type":"Point","coordinates":[75.03529,12.88739]},"properties":{"cell_id":60302,"case_count":2,"gi_zscore":-0.1411,"gi_pvalue":0.057,"significance":"cold_90"}},{"type":"Feature","geometry":{"type":"Point","coordinates":[77.44706,12.88739]},"properties":{"cell_id":60507,"case_count":1,"gi_zscore":-0.147,"gi_pvalue":0.057,"significance":"cold_90"}},{"type":"Feature","geometry":{"type":"Point","coordinates":[77.54118,12.88739]},"properties":{"cell_id":60515,"case_count":1,"gi_zscore":-0.1235,"gi_pvalue":0.341,"significance":"not_sig"}},{"type":"Feature","geometry":{"type":"Point","coordinates":[77.56471,12.88739]},"properties":{"cell_id":60517,"case_count":2,"gi_zscore":-0.103,"gi_pvalue":0.199,"significance":"not_sig"}},{"type":"Feature","geometry":{"type":"Point","coordinates":[77.57647,12.88739]},"properties":{"cell_id":60518,"case_count":4,"gi_zscore":-0.1147,"gi_pvalue":0.34,"significance":"not_sig"}},{"type":"Feature","geometry":{"type":"Point","coordinates":[77.6,12.88739]},"properties":{"cell_id":60520,"case_count":2,"gi_zscore":-0.1264,"gi_pvalue":0.393,"significance":"not_sig"}},{"type":"Feature","geometry":{"type":"Point","coordinates":[77.61176,12.88739]},"properties":{"cell_id":60521,"case_count":4,"gi_zscore":-0.1264,"gi_pvalue":0.446,"significance":"not_sig"}},{"type":"Feature","geometry":{"type":"Point","coordinates":[77.62353,12.88739]},"properties":{"cell_id":60522,"case_count":2,"gi_zscore":-0.1264,"gi_pvalue":0.392,"significance":"not_sig"}},{"type":"Feature","geometry":{"type":"Point","coordinates":[77.63529,12.88739]},"properties":{"cell_id":60523,"case_count":2,"gi_zscore":-0.1118,"gi_pvalue":0.235,"significance":"not_sig"}},{"type":"Feature","geometry":{"type":"Point","coordinates":[77.71765,12.88739]},"properties":{"cell_id":60530,"case_count":1,"gi_zscore":-0.1352,"gi_pvalue":0.444,"significance":"not_sig"}},{"type":"Feature","geometry":{"type":"Point","coordinates":[77.74118,12.88739]},"properties":{"cell_id":60532,"case_count":2,"gi_zscore":-0.1352,"gi_pvalue":0.285,"significance":"not_sig"}},{"type":"Feature","geometry":{"type":"Point","coordinates":[78.29412,12.88739]},"properties":{"cell_id":60579,"case_count":1,"gi_zscore":-0.1352,"gi_pvalue":0.444,"significance":"not_sig"}},{"type":"Feature","geometry":{"type":"Point","coordinates":[74.84706,12.8964]},"properties":{"cell_id":60677,"case_count":1,"gi_zscore":-0.1352,"gi_pvalue":0.444,"significance":"not_sig"}},{"type":"Feature","geometry":{"type":"Point","coordinates":[74.89412,12.8964]},"properties":{"cell_id":60681,"case_count":1,"gi_zscore":-0.144,"gi_pvalue":0.161,"significance":"not_sig"}},{"type":"Feature","geometry":{"type":"Point","coordinates":[74.90588,12.8964]},"properties":{"cell_id":60682,"case_count":1,"gi_zscore":-0.144,"gi_pvalue":0.161,"significance":"not_sig"}},{"type":"Feature","geometry":{"type":"Point","coordinates":[76.37647,12.8964]},"properties":{"cell_id":60807,"case_count":1,"gi_zscore":-0.1382,"gi_pvalue":0.3,"significance":"not_sig"}},{"type":"Feature","geometry":{"type":"Point","coordinates":[77.07059,12.8964]},"properties":{"cell_id":60866,"case_count":1,"gi_zscore":-0.1352,"gi_pvalue":0.444,"significance":"not_sig"}},{"type":"Feature","geometry":{"type":"Point","coordinates":[77.48235,12.8964]},"properties":{"cell_id":60901,"case_count":1,"gi_zscore":-0.144,"gi_pvalue":0.056,"significance":"cold_90"}},{"type":"Feature","geometry":{"type":"Point","coordinates":[77.54118,12.8964]},"properties":{"cell_id":60906,"case_count":2,"gi_zscore":-0.1147,"gi_pvalue":0.268,"significance":"not_sig"}},{"type":"Feature","geometry":{"type":"Point","coordinates":[77.58824,12.8964]},"properties":{"cell_id":60910,"case_count":1,"gi_zscore":-0.1147,"gi_pvalue":0.235,"significance":"not_sig"}},{"type":"Feature","geometry":{"type":"Point","coordinates":[77.61176,12.8964]},"properties":{"cell_id":60912,"case_count":1,"gi_zscore":-0.1235,"gi_pvalue":0.34,"significance":"not_sig"}},{"type":"Feature","geometry":{"type":"Point","coordinates":[77.62353,12.8964]},"properties":{"cell_id":60913,"case_count":1,"gi_zscore":-0.1147,"gi_pvalue":0.238,"significance":"not_sig"}},{"type":"Feature","geometry":{"type":"Point","coordinates":[77.71765,12.8964]},"properties":{"cell_id":60921,"case_count":2,"gi_zscore":-0.1352,"gi_pvalue":0.301,"significance":"not_sig"}},{"type":"Feature","geometry":{"type":"Point","coordinates":[77.82353,12.8964]},"properties":{"cell_id":60930,"case_count":1,"gi_zscore":-0.144,"gi_pvalue":0.162,"significance":"not_sig"}},{"type":"Feature","geometry":{"type":"Point","coordinates":[74.82353,12.90541]},"properties":{"cell_id":61066,"case_count":1,"gi_zscore":-0.1411,"gi_pvalue":0.162,"significance":"not_sig"}},{"type":"Feature","geometry":{"type":"Point","coordinates":[74.83529,12.90541]},"properties":{"cell_id":61067,"case_count":1,"gi_zscore":-0.1411,"gi_pvalue":0.162,"significance":"not_sig"}},{"type":"Feature","geometry":{"type":"Point","coordinates":[74.84706,12.90541]},"properties":{"cell_id":61068,"case_count":2,"gi_zscore":-0.1352,"gi_pvalue":0.301,"significance":"not_sig"}},{"type":"Feature","geometry":{"type":"Point","coordinates":[74.85882,12.90541]},"properties":{"cell_id":61069,"case_count":1,"gi_zscore":-0.1352,"gi_pvalue":0.446,"significance":"not_sig"}},{"type":"Feature","geometry":{"type":"Point","coordinates":[76.38824,12.90541]},"properties":{"cell_id":61199,"case_count":2,"gi_zscore":-0.1382,"gi_pvalue":0.163,"significance":"not_sig"}},{"type":"Feature","geometry":{"type":"Point","coordinates":[77.47059,12.90541]},"properties":{"cell_id":61291,"case_count":1,"gi_zscore":-0.147,"gi_pvalue":0.057,"significance":"cold_90"}},{"type":"Feature","geometry":{"type":"Point","coordinates":[77.49412,12.90541]},"properties":{"cell_id":61293,"case_count":1,"gi_zscore":-0.1352,"gi_pvalue":0.447,"significance":"not_sig"}},{"type":"Feature","geometry":{"type":"Point","coordinates":[77.51765,12.90541]},"properties":{"cell_id":61295,"case_count":2,"gi_zscore":-0.1294,"gi_pvalue":0.459,"significance":"not_sig"}},{"type":"Feature","geometry":{"type":"Point","coordinates":[77.52941,12.90541]},"properties":{"cell_id":61296,"case_count":1,"gi_zscore":-0.1176,"gi_pvalue":0.245,"significance":"not_sig"}},{"type":"Feature","geometry":{"type":"Point","coordinates":[77.54118,12.90541]},"properties":{"cell_id":61297,"case_count":2,"gi_zscore":-0.1147,"gi_pvalue":0.26,"significance":"not_sig"}},{"type":"Feature","geometry":{"type":"Point","coordinates":[77.55294,12.90541]},"properties":{"cell_id":61298,"case_count":6,"gi_zscore":-0.1147,"gi_pvalue":0.425,"significance":"not_sig"}},{"type":"Feature","geometry":{"type":"Point","coordinates":[77.56471,12.90541]},"properties":{"cell_id":61299,"case_count":3,"gi_zscore":-0.1,"gi_pvalue":0.207,"significance":"not_sig"}},{"type":"Feature","geometry":{"type":"Point","coordinates":[77.57647,12.90541]},"properties":{"cell_id":61300,"case_count":1,"gi_zscore":-0.1176,"gi_pvalue":0.245,"significance":"not_sig"}},{"type":"Feature","geometry":{"type":"Point","coordinates":[77.58824,12.90541]},"properties":{"cell_id":61301,"case_count":2,"gi_zscore":-0.0971,"gi_pvalue":0.191,"significance":"not_sig"}},{"type":"Feature","geometry":{"type":"Point","coordinates":[77.6,12.90541]},"properties":{"cell_id":61302,"case_count":2,"gi_zscore":-0.1118,"gi_pvalue":0.245,"significance":"not_sig"}},{"type":"Feature","geometry":{"type":"Point","coordinates":[77.61176,12.90541]},"properties":{"cell_id":61303,"case_count":3,"gi_zscore":-0.1059,"gi_pvalue":0.218,"significance":"not_sig"}},{"type":"Feature","geometry":{"type":"Point","coordinates":[77.62353,12.90541]},"properties":{"cell_id":61304,"case_count":1,"gi_zscore":-0.1059,"gi_pvalue":0.196,"significance":"not_sig"}},{"type":"Feature","geometry":{"type":"Point","coordinates":[77.63529,12.90541]},"properties":{"cell_id":61305,"case_count":5,"gi_zscore":-0.1118,"gi_pvalue":0.297,"significance":"not_sig"}},{"type":"Feature","geometry":{"type":"Point","coordinates":[77.64706,12.90541]},"properties":{"cell_id":61306,"case_count":3,"gi_zscore":-0.1059,"gi_pvalue":0.218,"significance":"not_sig"}},{"type":"Feature","geometry":{"type":"Point","coordinates":[77.67059,12.90541]},"properties":{"cell_id":61308,"case_count":3,"gi_zscore":-0.1235,"gi_pvalue":0.422,"significance":"not_sig"}},{"type":"Feature","geometry":{"type":"Point","coordinates":[77.68235,12.90541]},"properties":{"cell_id":61309,"case_count":1,"gi_zscore":-0.1294,"gi_pvalue":0.389,"significance":"not_sig"}},{"type":"Feature","geometry":{"type":"Point","coordinates":[77.70588,12.90541]},"properties":{"cell_id":61311,"case_count":3,"gi_zscore":-0.1352,"gi_pvalue":0.287,"significance":"not_sig"}},{"type":"Feature","geometry":{"type":"Point","coordinates":[77.71765,12.90541]},"properties":{"cell_id":61312,"case_count":1,"gi_zscore":-0.1352,"gi_pvalue":0.449,"significance":"not_sig"}},{"type":"Feature","geometry":{"type":"Point","coordinates":[74.89412,12.91441]},"properties":{"cell_id":61463,"case_count":1,"gi_zscore":-0.144,"gi_pvalue":0.055,"significance":"cold_90"}},{"type":"Feature","geometry":{"type":"Point","coordinates":[75.44706,12.91441]},"properties":{"cell_id":61510,"case_count":1,"gi_zscore":-0.147,"gi_pvalue":0.055,"significance":"cold_90"}},{"type":"Feature","geometry":{"type":"Point","coordinates":[76.92941,12.91441]},"properties":{"cell_id":61636,"case_count":1,"gi_zscore":-0.1323,"gi_pvalue":0.451,"significance":"not_sig"}},{"type":"Feature","geometry":{"type":"Point","coordinates":[77.47059,12.91441]},"properties":{"cell_id":61682,"case_count":1,"gi_zscore":-0.144,"gi_pvalue":0.055,"significance":"cold_90"}},{"type":"Feature","geometry":{"type":"Point","coordinates":[77.48235,12.91441]},"properties":{"cell_id":61683,"case_count":1,"gi_zscore":-0.144,"gi_pvalue":0.055,"significance":"cold_90"}},{"type":"Feature","geometry":{"type":"Point","coordinates":[77.50588,12.91441]},"properties":{"cell_id":61685,"case_count":3,"gi_zscore":-0.1294,"gi_pvalue":0.476,"significance":"not_sig"}},{"type":"Feature","geometry":{"type":"Point","coordinates":[77.51765,12.91441]},"properties":{"cell_id":61686,"case_count":2,"gi_zscore":-0.1264,"gi_pvalue":0.388,"significance":"not_sig"}},{"type":"Feature","geometry":{"type":"Point","coordinates":[77.54118,12.91441]},"properties":{"cell_id":61688,"case_count":2,"gi_zscore":-0.0883,"gi_pvalue":0.179,"significance":"not_sig"}},{"type":"Feature","geometry":{"type":"Point","coordinates":[77.56471,12.91441]},"properties":{"cell_id":61690,"case_count":1,"gi_zscore":-0.0648,"gi_pvalue":0.162,"significance":"not_sig"}},{"type":"Feature","geometry":{"type":"Point","coordinates":[77.57647,12.91441]},"properties":{"cell_id":61691,"case_count":4,"gi_zscore":-0.1,"gi_pvalue":0.218,"significance":"not_sig"}},{"type":"Feature","geometry":{"type":"Point","coordinates":[77.58824,12.91441]},"properties":{"cell_id":61692,"case_count":1,"gi_zscore":-0.0942,"gi_pvalue":0.182,"significance":"not_sig"}},{"type":"Feature","geometry":{"type":"Point","coordinates":[77.6,12.91441]},"properties":{"cell_id":61693,"case_count":3,"gi_zscore":-0.0707,"gi_pvalue":0.168,"significance":"not_sig"}},{"type":"Feature","geometry":{"type":"Point","coordinates":[77.61176,12.91441]},"properties":{"cell_id":61694,"case_count":6,"gi_zscore":-0.0795,"gi_pvalue":0.182,"significance":"not_sig"}},{"type":"Feature","geometry":{"type":"Point","coordinates":[77.62353,12.91441]},"properties":{"cell_id":61695,"case_count":2,"gi_zscore":-0.0854,"gi_pvalue":0.179,"significance":"not_sig"}},{"type":"Feature","geometry":{"type":"Point","coordinates":[77.63529,12.91441]},"properties":{"cell_id":61696,"case_count":2,"gi_zscore":-0.1118,"gi_pvalue":0.235,"significance":"not_sig"}},{"type":"Feature","geometry":{"type":"Point","coordinates":[77.64706,12.91441]},"properties":{"cell_id":61697,"case_count":2,"gi_zscore":-0.1059,"gi_pvalue":0.205,"significance":"not_sig"}},{"type":"Feature","geometry":{"type":"Point","coordinates":[77.68235,12.91441]},"properties":{"cell_id":61700,"case_count":2,"gi_zscore":-0.1294,"gi_pvalue":0.451,"significance":"not_sig"}},{"type":"Feature","geometry":{"type":"Point","coordinates":[77.69412,12.91441]},"properties":{"cell_id":61701,"case_count":1,"gi_zscore":-0.1294,"gi_pvalue":0.385,"significance":"not_sig"}},{"type":"Feature","geometry":{"type":"Point","coordinates":[77.70588,12.91441]},"properties":{"cell_id":61702,"case_count":1,"gi_zscore":-0.1323,"gi_pvalue":0.479,"significance":"not_sig"}},{"type":"Feature","geometry":{"type":"Point","coordinates":[78.31765,12.91441]},"properties":{"cell_id":61754,"case_count":1,"gi_zscore":-0.1352,"gi_pvalue":0.452,"significance":"not_sig"}},{"type":"Feature","geometry":{"type":"Point","coordinates":[74.83529,12.92342]},"properties":{"cell_id":61849,"case_count":1,"gi_zscore":-0.1411,"gi_pvalue":0.158,"significance":"not_sig"}},{"type":"Feature","geometry":{"type":"Point","coordinates":[74.85882,12.92342]},"properties":{"cell_id":61851,"case_count":2,"gi_zscore":-0.1411,"gi_pvalue":0.055,"significance":"cold_90"}},{"type":"Feature","geometry":{"type":"Point","coordinates":[74.87059,12.92342]},"properties":{"cell_id":61852,"case_count":1,"gi_zscore":-0.1411,"gi_pvalue":0.159,"significance":"not_sig"}},{"type":"Feature","geometry":{"type":"Point","coordinates":[74.88235,12.92342]},"properties":{"cell_id":61853,"case_count":1,"gi_zscore":-0.144,"gi_pvalue":0.055,"significance":"cold_90"}},{"type":"Feature","geometry":{"type":"Point","coordinates":[74.89412,12.92342]},"properties":{"cell_id":61854,"case_count":1,"gi_zscore":-0.144,"gi_pvalue":0.055,"significance":"cold_90"}},{"type":"Feature","geometry":{"type":"Point","coordinates":[76.05882,12.92342]},"properties":{"cell_id":61953,"case_count":1,"gi_zscore":-0.144,"gi_pvalue":0.055,"significance":"cold_90"}},{"type":"Feature","geometry":{"type":"Point","coordinates":[77.4,12.92342]},"properties":{"cell_id":62067,"case_count":1,"gi_zscore":-0.144,"gi_pvalue":0.055,"significance":"cold_90"}},{"type":"Feature","geometry":{"type":"Point","coordinates":[77.47059,12.92342]},"properties":{"cell_id":62073,"case_count":1,"gi_zscore":-0.144,"gi_pvalue":0.055,"significance":"cold_90"}},{"type":"Feature","geometry":{"type":"Point","coordinates":[77.48235,12.92342]},"properties":{"cell_id":62074,"case_count":1,"gi_zscore":-0.144,"gi_pvalue":0.055,"significance":"cold_90"}},{"type":"Feature","geometry":{"type":"Point","coordinates":[77.49412,12.92342]},"properties":{"cell_id":62075,"case_count":2,"gi_zscore":-0.1352,"gi_pvalue":0.303,"significance":"not_sig"}},{"type":"Feature","geometry":{"type":"Point","coordinates":[77.50588,12.92342]},"properties":{"cell_id":62076,"case_count":1,"gi_zscore":-0.1264,"gi_pvalue":0.338,"significance":"not_sig"}},{"type":"Feature","geometry":{"type":"Point","coordinates":[77.51765,12.92342]},"properties":{"cell_id":62077,"case_count":1,"gi_zscore":-0.1235,"gi_pvalue":0.338,"significance":"not_sig"}},{"type":"Feature","geometry":{"type":"Point","coordinates":[77.57647,12.92342]},"properties":{"cell_id":62082,"case_count":2,"gi_zscore":-0.0854,"gi_pvalue":0.179,"significance":"not_sig"}},{"type":"Feature","geometry":{"type":"Point","coordinates":[77.58824,12.92342]},"properties":{"cell_id":62083,"case_count":5,"gi_zscore":-0.0678,"gi_pvalue":0.174,"significance":"not_sig"}},{"type":"Feature","geometry":{"type":"Point","coordinates":[77.6,12.92342]},"properties":{"cell_id":62084,"case_count":7,"gi_zscore":-0.059,"gi_pvalue":0.171,"significance":"not_sig"}},{"type":"Feature","geometry":{"type":"Point","coordinates":[77.61176,12.92342]},"properties":{"cell_id":62085,"case_count":6,"gi_zscore":-0.0736,"gi_pvalue":0.179,"significance":"not_sig"}},{"type":"Feature","geometry":{"type":"Point","coordinates":[77.62353,12.92342]},"properties":{"cell_id":62086,"case_count":2,"gi_zscore":-0.0942,"gi_pvalue":0.184,"significance":"not_sig"}},{"type":"Feature","geometry":{"type":"Point","coordinates":[77.63529,12.92342]},"properties":{"cell_id":62087,"case_count":3,"gi_zscore":-0.1088,"gi_pvalue":0.238,"significance":"not_sig"}},{"type":"Feature","geometry":{"type":"Point","coordinates":[77.65882,12.92342]},"properties":{"cell_id":62089,"case_count":2,"gi_zscore":-0.1206,"gi_pvalue":0.34,"significance":"not_sig"}},{"type":"Feature","geometry":{"type":"Point","coordinates":[77.67059,12.92342]},"properties":{"cell_id":62090,"case_count":2,"gi_zscore":-0.1294,"gi_pvalue":0.451,"significance":"not_sig"}},{"type":"Feature","geometry":{"type":"Point","coordinates":[78.28235,12.92342]},"properties":{"cell_id":62142,"case_count":1,"gi_zscore":-0.1352,"gi_pvalue":0.454,"significance":"not_sig"}},{"type":"Feature","geometry":{"type":"Point","coordinates":[77.48235,12.93243]},"properties":{"cell_id":62465,"case_count":1,"gi_zscore":-0.1411,"gi_pvalue":0.161,"significance":"not_sig"}},{"type":"Feature","geometry":{"type":"Point","coordinates":[77.49412,12.93243]},"properties":{"cell_id":62466,"case_count":1,"gi_zscore":-0.1411,"gi_pvalue":0.161,"significance":"not_sig"}},{"type":"Feature","geometry":{"type":"Point","coordinates":[77.51765,12.93243]},"properties":{"cell_id":62468,"case_count":2,"gi_zscore":-0.0707,"gi_pvalue":0.167,"significance":"not_sig"}},{"type":"Feature","geometry":{"type":"Point","coordinates":[77.52941,12.93243]},"properties":{"cell_id":62469,"case_count":2,"gi_zscore":-0.056,"gi_pvalue":0.162,"significance":"not_sig"}},{"type":"Feature","geometry":{"type":"Point","coordinates":[77.54118,12.93243]},"properties":{"cell_id":62470,"case_count":3,"gi_zscore":-0.0032,"gi_pvalue":0.147,"significance":"not_sig"}},{"type":"Feature","geometry":{"type":"Point","coordinates":[77.55294,12.93243]},"properties":{"cell_id":62471,"case_count":10,"gi_zscore":-0.0619,"gi_pvalue":0.177,"significance":"not_sig"}},{"type":"Feature","geometry":{"type":"Point","coordinates":[77.56471,12.93243]},"properties":{"cell_id":62472,"case_count":4,"gi_zscore":-0.0736,"gi_pvalue":0.177,"significance":"not_sig"}},{"type":"Feature","geometry":{"type":"Point","coordinates":[77.57647,12.93243]},"properties":{"cell_id":62473,"case_count":6,"gi_zscore":-0.0766,"gi_pvalue":0.179,"significance":"not_sig"}},{"type":"Feature","geometry":{"type":"Point","coordinates":[77.58824,12.93243]},"properties":{"cell_id":62474,"case_count":6,"gi_zscore":-0.0795,"gi_pvalue":0.182,"significance":"not_sig"}},{"type":"Feature","geometry":{"type":"Point","coordinates":[77.61176,12.93243]},"properties":{"cell_id":62476,"case_count":3,"gi_zscore":-0.0648,"gi_pvalue":0.164,"significance":"not_sig"}},{"type":"Feature","geometry":{"type":"Point","coordinates":[77.62353,12.93243]},"properties":{"cell_id":62477,"case_count":2,"gi_zscore":-0.0912,"gi_pvalue":0.181,"significance":"not_sig"}},{"type":"Feature","geometry":{"type":"Point","coordinates":[77.63529,12.93243]},"properties":{"cell_id":62478,"case_count":1,"gi_zscore":-0.1176,"gi_pvalue":0.246,"significance":"not_sig"}},{"type":"Feature","geometry":{"type":"Point","coordinates":[77.67059,12.93243]},"properties":{"cell_id":62481,"case_count":1,"gi_zscore":-0.1294,"gi_pvalue":0.387,"significance":"not_sig"}},{"type":"Feature","geometry":{"type":"Point","coordinates":[77.69412,12.93243]},"properties":{"cell_id":62483,"case_count":2,"gi_zscore":-0.1323,"gi_pvalue":0.39,"significance":"not_sig"}},{"type":"Feature","geometry":{"type":"Point","coordinates":[77.70588,12.93243]},"properties":{"cell_id":62484,"case_count":1,"gi_zscore":-0.1235,"gi_pvalue":0.34,"significance":"not_sig"}},{"type":"Feature","geometry":{"type":"Point","coordinates":[77.76471,12.93243]},"properties":{"cell_id":62489,"case_count":1,"gi_zscore":-0.1147,"gi_pvalue":0.239,"significance":"not_sig"}},{"type":"Feature","geometry":{"type":"Point","coordinates":[78.27059,12.93243]},"properties":{"cell_id":62532,"case_count":2,"gi_zscore":-0.1352,"gi_pvalue":0.306,"significance":"not_sig"}},{"type":"Feature","geometry":{"type":"Point","coordinates":[74.81176,12.94144]},"properties":{"cell_id":62629,"case_count":1,"gi_zscore":-0.1352,"gi_pvalue":0.389,"significance":"not_sig"}},{"type":"Feature","geometry":{"type":"Point","coordinates":[76.91765,12.94144]},"properties":{"cell_id":62808,"case_count":1,"gi_zscore":-0.1323,"gi_pvalue":0.453,"significance":"not_sig"}},{"type":"Feature","geometry":{"type":"Point","coordinates":[77.29412,12.94144]},"properties":{"cell_id":62840,"case_count":1,"gi_zscore":-0.1294,"gi_pvalue":0.453,"significance":"not_sig"}},{"type":"Feature","geometry":{"type":"Point","coordinates":[77.48235,12.94144]},"properties":{"cell_id":62856,"case_count":1,"gi_zscore":-0.1411,"gi_pvalue":0.159,"significance":"not_sig"}},{"type":"Feature","geometry":{"type":"Point","coordinates":[77.49412,12.94144]},"properties":{"cell_id":62857,"case_count":2,"gi_zscore":-0.1411,"gi_pvalue":0.056,"significance":"cold_90"}},{"type":"Feature","geometry":{"type":"Point","coordinates":[77.51765,12.94144]},"properties":{"cell_id":62859,"case_count":3,"gi_zscore":-0.059,"gi_pvalue":0.162,"significance":"not_sig"}},{"type":"Feature","geometry":{"type":"Point","coordinates":[77.52941,12.94144]},"properties":{"cell_id":62860,"case_count":10,"gi_zscore":-0.0267,"gi_pvalue":0.16,"significance":"not_sig"}},{"type":"Feature","geometry":{"type":"Point","coordinates":[77.54118,12.94144]},"properties":{"cell_id":62861,"case_count":6,"gi_zscore":0.0026,"gi_pvalue":0.148,"significance":"not_sig"}},{"type":"Feature","geometry":{"type":"Point","coordinates":[77.55294,12.94144]},"properties":{"cell_id":62862,"case_count":4,"gi_zscore":-0.0355,"gi_pvalue":0.156,"significance":"not_sig"}},{"type":"Feature","geometry":{"type":"Point","coordinates":[77.56471,12.94144]},"properties":{"cell_id":62863,"case_count":4,"gi_zscore":-0.0472,"gi_pvalue":0.16,"significance":"not_sig"}},{"type":"Feature","geometry":{"type":"Point","coordinates":[77.57647,12.94144]},"properties":{"cell_id":62864,"case_count":1,"gi_zscore":-0.0766,"gi_pvalue":0.167,"significance":"not_sig"}},{"type":"Feature","geometry":{"type":"Point","coordinates":[77.58824,12.94144]},"properties":{"cell_id":62865,"case_count":1,"gi_zscore":-0.0648,"gi_pvalue":0.162,"significance":"not_sig"}},{"type":"Feature","geometry":{"type":"Point","coordinates":[77.6,12.94144]},"properties":{"cell_id":62866,"case_count":3,"gi_zscore":-0.0795,"gi_pvalue":0.177,"significance":"not_sig"}},{"type":"Feature","geometry":{"type":"Point","coordinates":[77.61176,12.94144]},"properties":{"cell_id":62867,"case_count":5,"gi_zscore":-0.056,"gi_pvalue":0.164,"significance":"not_sig"}},{"type":"Feature","geometry":{"type":"Point","coordinates":[77.62353,12.94144]},"properties":{"cell_id":62868,"case_count":3,"gi_zscore":-0.0824,"gi_pvalue":0.179,"significance":"not_sig"}},{"type":"Feature","geometry":{"type":"Point","coordinates":[77.63529,12.94144]},"properties":{"cell_id":62869,"case_count":3,"gi_zscore":-0.103,"gi_pvalue":0.214,"significance":"not_sig"}},{"type":"Feature","geometry":{"type":"Point","coordinates":[77.64706,12.94144]},"properties":{"cell_id":62870,"case_count":1,"gi_zscore":-0.1235,"gi_pvalue":0.338,"significance":"not_sig"}},{"type":"Feature","geometry":{"type":"Point","coordinates":[77.65882,12.94144]},"properties":{"cell_id":62871,"case_count":1,"gi_zscore":-0.1323,"gi_pvalue":0.455,"significance":"not_sig"}},{"type":"Feature","geometry":{"type":"Point","coordinates":[77.74118,12.94144]},"properties":{"cell_id":62878,"case_count":5,"gi_zscore":-0.1206,"gi_pvalue":0.496,"significance":"not_sig"}},{"type":"Feature","geometry":{"type":"Point","coordinates":[77.75294,12.94144]},"properties":{"cell_id":62879,"case_count":1,"gi_zscore":-0.1176,"gi_pvalue":0.245,"significance":"not_sig"}},{"type":"Feature","geometry":{"type":"Point","coordinates":[78.27059,12.94144]},"properties":{"cell_id":62923,"case_count":1,"gi_zscore":-0.1352,"gi_pvalue":0.448,"significance":"not_sig"}},{"type":"Feature","geometry":{"type":"Point","coordinates":[74.82353,12.95045]},"properties":{"cell_id":63021,"case_count":1,"gi_zscore":-0.1382,"gi_pvalue":0.306,"significance":"not_sig"}},{"type":"Feature","geometry":{"type":"Point","coordinates":[75.18824,12.95045]},"properties":{"cell_id":63052,"case_count":1,"gi_zscore":-0.144,"gi_pvalue":0.056,"significance":"cold_90"}},{"type":"Feature","geometry":{"type":"Point","coordinates":[75.77647,12.95045]},"properties":{"cell_id":63102,"case_count":1,"gi_zscore":-0.147,"gi_pvalue":0.056,"significance":"cold_90"}},{"type":"Feature","geometry":{"type":"Point","coordinates":[76.24706,12.95045]},"properties":{"cell_id":63142,"case_count":1,"gi_zscore":-0.1411,"gi_pvalue":0.163,"significance":"not_sig"}},{"type":"Feature","geometry":{"type":"Point","coordinates":[77.22353,12.95045]},"properties":{"cell_id":63225,"case_count":1,"gi_zscore":-0.1323,"gi_pvalue":0.458,"significance":"not_sig"}},{"type":"Feature","geometry":{"type":"Point","coordinates":[77.48235,12.95045]},"properties":{"cell_id":63247,"case_count":1,"gi_zscore":-0.144,"gi_pvalue":0.056,"significance":"cold_90"}},{"type":"Feature","geometry":{"type":"Point","coordinates":[77.49412,12.95045]},"properties":{"cell_id":63248,"case_count":1,"gi_zscore":-0.1294,"gi_pvalue":0.458,"significance":"not_sig"}},{"type":"Feature","geometry":{"type":"Point","coordinates":[77.51765,12.95045]},"properties":{"cell_id":63250,"case_count":3,"gi_zscore":-0.0326,"gi_pvalue":0.154,"significance":"not_sig"}},{"type":"Feature","geometry":{"type":"Point","coordinates":[77.52941,12.95045]},"properties":{"cell_id":63251,"case_count":11,"gi_zscore":0.0144,"gi_pvalue":0.148,"significance":"not_sig"}},{"type":"Feature","geometry":{"type":"Point","coordinates":[77.54118,12.95045]},"properties":{"cell_id":63252,"case_count":10,"gi_zscore":0.0144,"gi_pvalue":0.147,"significance":"not_sig"}},{"type":"Feature","geometry":{"type":"Point","coordinates":[77.55294,12.95045]},"properties":{"cell_id":63253,"case_count":4,"gi_zscore":-0.0355,"gi_pvalue":0.156,"significance":"not_sig"}},{"type":"Feature","geometry":{"type":"Point","coordinates":[77.56471,12.95045]},"properties":{"cell_id":63254,"case_count":2,"gi_zscore":-0.0179,"gi_pvalue":0.149,"significance":"not_sig"}},{"type":"Feature","geometry":{"type":"Point","coordinates":[77.57647,12.95045]},"properties":{"cell_id":63255,"case_count":8,"gi_zscore":-0.0267,"gi_pvalue":0.157,"significance":"not_sig"}},{"type":"Feature","geometry":{"type":"Point","coordinates":[77.58824,12.95045]},"properties":{"cell_id":63256,"case_count":1,"gi_zscore":-0.0384,"gi_pvalue":0.154,"significance":"not_sig"}},{"type":"Feature","geometry":{"type":"Point","coordinates":[77.6,12.95045]},"properties":{"cell_id":63257,"case_count":6,"gi_zscore":-0.0648,"gi_pvalue":0.175,"significance":"not_sig"}},{"type":"Feature","geometry":{"type":"Point","coordinates":[77.61176,12.95045]},"properties":{"cell_id":63258,"case_count":5,"gi_zscore":-0.0531,"gi_pvalue":0.164,"significance":"not_sig"}},{"type":"Feature","geometry":{"type":"Point","coordinates":[77.62353,12.95045]},"properties":{"cell_id":63259,"case_count":7,"gi_zscore":-0.0648,"gi_pvalue":0.177,"significance":"not_sig"}},{"type":"Feature","geometry":{"type":"Point","coordinates":[77.69412,12.95045]},"properties":{"cell_id":63265,"case_count":1,"gi_zscore":-0.1294,"gi_pvalue":0.456,"significance":"not_sig"}},{"type":"Feature","geometry":{"type":"Point","coordinates":[77.70588,12.95045]},"properties":{"cell_id":63266,"case_count":3,"gi_zscore":-0.1235,"gi_pvalue":0.416,"significance":"not_sig"}},{"type":"Feature","geometry":{"type":"Point","coordinates":[77.71765,12.95045]},"properties":{"cell_id":63267,"case_count":2,"gi_zscore":-0.1235,"gi_pvalue":0.385,"significance":"not_sig"}},{"type":"Feature","geometry":{"type":"Point","coordinates":[77.76471,12.95045]},"properties":{"cell_id":63271,"case_count":1,"gi_zscore":-0.1176,"gi_pvalue":0.243,"significance":"not_sig"}},{"type":"Feature","geometry":{"type":"Point","coordinates":[77.91765,12.95045]},"properties":{"cell_id":63284,"case_count":1,"gi_zscore":-0.144,"gi_pvalue":0.054,"significance":"cold_90"}},{"type":"Feature","geometry":{"type":"Point","coordinates":[75.77647,12.95946]},"properties":{"cell_id":63493,"case_count":1,"gi_zscore":-0.147,"gi_pvalue":0.054,"significance":"cold_90"}},{"type":"Feature","geometry":{"type":"Point","coordinates":[77.50588,12.95946]},"properties":{"cell_id":63640,"case_count":1,"gi_zscore":-0.1059,"gi_pvalue":0.202,"significance":"not_sig"}},{"type":"Feature","geometry":{"type":"Point","coordinates":[77.51765,12.95946]},"properties":{"cell_id":63641,"case_count":6,"gi_zscore":-0.0414,"gi_pvalue":0.161,"significance":"not_sig"}},{"type":"Feature","geometry":{"type":"Point","coordinates":[77.52941,12.95946]},"properties":{"cell_id":63642,"case_count":11,"gi_zscore":-0.015,"gi_pvalue":0.156,"significance":"not_sig"}},{"type":"Feature","geometry":{"type":"Point","coordinates":[77.54118,12.95946]},"properties":{"cell_id":63643,"case_count":4,"gi_zscore":-0.0003,"gi_pvalue":0.147,"significance":"not_sig"}},{"type":"Feature","geometry":{"type":"Point","coordinates":[77.55294,12.95946]},"properties":{"cell_id":63644,"case_count":4,"gi_zscore":-0.0414,"gi_pvalue":0.158,"significance":"not_sig"}},{"type":"Feature","geometry":{"type":"Point","coordinates":[77.56471,12.95946]},"properties":{"cell_id":63645,"case_count":9,"gi_zscore":0.0408,"gi_pvalue":0.144,"significance":"not_sig"}},{"type":"Feature","geometry":{"type":"Point","coordinates":[77.57647,12.95946]},"properties":{"cell_id":63646,"case_count":17,"gi_zscore":0.0378,"gi_pvalue":0.147,"significance":"not_sig"}},{"type":"Feature","geometry":{"type":"Point","coordinates":[77.58824,12.95946]},"properties":{"cell_id":63647,"case_count":7,"gi_zscore":0.1728,"gi_pvalue":0.123,"significance":"not_sig"}},{"type":"Feature","geometry":{"type":"Point","coordinates":[77.6,12.95946]},"properties":{"cell_id":63648,"case_count":2,"gi_zscore":0.0877,"gi_pvalue":0.137,"significance":"not_sig"}},{"type":"Feature","geometry":{"type":"Point","coordinates":[77.61176,12.95946]},"properties":{"cell_id":63649,"case_count":7,"gi_zscore":0.0877,"gi_pvalue":0.137,"significance":"not_sig"}},{"type":"Feature","geometry":{"type":"Point","coordinates":[77.64706,12.95946]},"properties":{"cell_id":63652,"case_count":2,"gi_zscore":-0.1147,"gi_pvalue":0.263,"significance":"not_sig"}},{"type":"Feature","geometry":{"type":"Point","coordinates":[77.67059,12.95946]},"properties":{"cell_id":63654,"case_count":1,"gi_zscore":-0.1323,"gi_pvalue":0.455,"significance":"not_sig"}},{"type":"Feature","geometry":{"type":"Point","coordinates":[77.70588,12.95946]},"properties":{"cell_id":63657,"case_count":3,"gi_zscore":-0.1264,"gi_pvalue":0.456,"significance":"not_sig"}},{"type":"Feature","geometry":{"type":"Point","coordinates":[77.71765,12.95946]},"properties":{"cell_id":63658,"case_count":1,"gi_zscore":-0.1235,"gi_pvalue":0.337,"significance":"not_sig"}},{"type":"Feature","geometry":{"type":"Point","coordinates":[77.74118,12.95946]},"properties":{"cell_id":63660,"case_count":2,"gi_zscore":-0.1147,"gi_pvalue":0.258,"significance":"not_sig"}},{"type":"Feature","geometry":{"type":"Point","coordinates":[78.27059,12.95946]},"properties":{"cell_id":63705,"case_count":3,"gi_zscore":-0.1352,"gi_pvalue":0.29,"significance":"not_sig"}},{"type":"Feature","geometry":{"type":"Point","coordinates":[78.28235,12.95946]},"properties":{"cell_id":63706,"case_count":2,"gi_zscore":-0.1352,"gi_pvalue":0.307,"significance":"not_sig"}},{"type":"Feature","geometry":{"type":"Point","coordinates":[74.81176,12.96847]},"properties":{"cell_id":63802,"case_count":1,"gi_zscore":-0.1411,"gi_pvalue":0.166,"significance":"not_sig"}},{"type":"Feature","geometry":{"type":"Point","coordinates":[74.85882,12.96847]},"properties":{"cell_id":63806,"case_count":1,"gi_zscore":-0.1382,"gi_pvalue":0.306,"significance":"not_sig"}},{"type":"Feature","geometry":{"type":"Point","coordinates":[77.01176,12.96847]},"properties":{"cell_id":63989,"case_count":1,"gi_zscore":-0.1323,"gi_pvalue":0.453,"significance":"not_sig"}},{"type":"Feature","geometry":{"type":"Point","coordinates":[77.4,12.96847]},"properties":{"cell_id":64022,"case_count":2,"gi_zscore":-0.1264,"gi_pvalue":0.386,"significance":"not_sig"}},{"type":"Feature","geometry":{"type":"Point","coordinates":[77.50588,12.96847]},"properties":{"cell_id":64031,"case_count":4,"gi_zscore":-0.1088,"gi_pvalue":0.257,"significance":"not_sig"}},{"type":"Feature","geometry":{"type":"Point","coordinates":[77.51765,12.96847]},"properties":{"cell_id":64032,"case_count":1,"gi_zscore":-0.0678,"gi_pvalue":0.163,"significance":"not_sig"}},{"type":"Feature","geometry":{"type":"Point","coordinates":[77.52941,12.96847]},"properties":{"cell_id":64033,"case_count":6,"gi_zscore":-0.0648,"gi_pvalue":0.172,"significance":"not_sig"}},{"type":"Feature","geometry":{"type":"Point","coordinates":[77.54118,12.96847]},"properties":{"cell_id":64034,"case_count":2,"gi_zscore":-0.0531,"gi_pvalue":0.161,"significance":"not_sig"}},{"type":"Feature","geometry":{"type":"Point","coordinates":[77.55294,12.96847]},"properties":{"cell_id":64035,"case_count":7,"gi_zscore":-0.0648,"gi_pvalue":0.172,"significance":"not_sig"}},{"type":"Feature","geometry":{"type":"Point","coordinates":[77.56471,12.96847]},"properties":{"cell_id":64036,"case_count":3,"gi_zscore":0.032,"gi_pvalue":0.144,"significance":"not_sig"}},{"type":"Feature","geometry":{"type":"Point","coordinates":[77.57647,12.96847]},"properties":{"cell_id":64037,"case_count":19,"gi_zscore":0.0378,"gi_pvalue":0.148,"significance":"not_sig"}},{"type":"Feature","geometry":{"type":"Point","coordinates":[77.58824,12.96847]},"properties":{"cell_id":64038,"case_count":6,"gi_zscore":1.2405,"gi_pvalue":0.003,"significance":"hot_99"}},{"type":"Feature","geometry":{"type":"Point","coordinates":[77.6,12.96847]},"properties":{"cell_id":64039,"case_count":52,"gi_zscore":1.1525,"gi_pvalue":0.027,"significance":"hot_95"}},{"type":"Feature","geometry":{"type":"Point","coordinates":[77.61176,12.96847]},"properties":{"cell_id":64040,"case_count":3,"gi_zscore":1.1525,"gi_pvalue":0.004,"significance":"hot_99"}},{"type":"Feature","geometry":{"type":"Point","coordinates":[77.62353,12.96847]},"properties":{"cell_id":64041,"case_count":2,"gi_zscore":-0.056,"gi_pvalue":0.163,"significance":"not_sig"}},{"type":"Feature","geometry":{"type":"Point","coordinates":[77.63529,12.96847]},"properties":{"cell_id":64042,"case_count":3,"gi_zscore":-0.0707,"gi_pvalue":0.165,"significance":"not_sig"}},{"type":"Feature","geometry":{"type":"Point","coordinates":[77.64706,12.96847]},"properties":{"cell_id":64043,"case_count":2,"gi_zscore":-0.1059,"gi_pvalue":0.207,"significance":"not_sig"}},{"type":"Feature","geometry":{"type":"Point","coordinates":[77.65882,12.96847]},"properties":{"cell_id":64044,"case_count":3,"gi_zscore":-0.1235,"gi_pvalue":0.415,"significance":"not_sig"}},{"type":"Feature","geometry":{"type":"Point","coordinates":[77.67059,12.96847]},"properties":{"cell_id":64045,"case_count":2,"gi_zscore":-0.1352,"gi_pvalue":0.307,"significance":"not_sig"}},{"type":"Feature","geometry":{"type":"Point","coordinates":[77.68235,12.96847]},"properties":{"cell_id":64046,"case_count":1,"gi_zscore":-0.1382,"gi_pvalue":0.305,"significance":"not_sig"}},{"type":"Feature","geometry":{"type":"Point","coordinates":[77.71765,12.96847]},"properties":{"cell_id":64049,"case_count":3,"gi_zscore":-0.1235,"gi_pvalue":0.414,"significance":"not_sig"}},{"type":"Feature","geometry":{"type":"Point","coordinates":[77.72941,12.96847]},"properties":{"cell_id":64050,"case_count":1,"gi_zscore":-0.1147,"gi_pvalue":0.232,"significance":"not_sig"}},{"type":"Feature","geometry":{"type":"Point","coordinates":[77.75294,12.96847]},"properties":{"cell_id":64052,"case_count":4,"gi_zscore":-0.1235,"gi_pvalue":0.451,"significance":"not_sig"}},{"type":"Feature","geometry":{"type":"Point","coordinates":[78.28235,12.96847]},"properties":{"cell_id":64097,"case_count":1,"gi_zscore":-0.1352,"gi_pvalue":0.394,"significance":"not_sig"}},{"type":"Feature","geometry":{"type":"Point","coordinates":[74.88235,12.97748]},"properties":{"cell_id":64199,"case_count":3,"gi_zscore":-0.1382,"gi_pvalue":0.169,"significance":"not_sig"}},{"type":"Feature","geometry":{"type":"Point","coordinates":[76.74118,12.97748]},"properties":{"cell_id":64357,"case_count":1,"gi_zscore":-0.147,"gi_pvalue":0.059,"significance":"cold_90"}},{"type":"Feature","geometry":{"type":"Point","coordinates":[77.49412,12.97748]},"properties":{"cell_id":64421,"case_count":1,"gi_zscore":-0.1235,"gi_pvalue":0.294,"significance":"not_sig"}},{"type":"Feature","geometry":{"type":"Point","coordinates":[77.50588,12.97748]},"properties":{"cell_id":64422,"case_count":3,"gi_zscore":-0.1235,"gi_pvalue":0.383,"significance":"not_sig"}},{"type":"Feature","geometry":{"type":"Point","coordinates":[77.51765,12.97748]},"properties":{"cell_id":64423,"case_count":2,"gi_zscore":-0.0942,"gi_pvalue":0.18,"significance":"not_sig"}},{"type":"Feature","geometry":{"type":"Point","coordinates":[77.52941,12.97748]},"properties":{"cell_id":64424,"case_count":2,"gi_zscore":-0.0736,"gi_pvalue":0.166,"significance":"not_sig"}},{"type":"Feature","geometry":{"type":"Point","coordinates":[77.54118,12.97748]},"properties":{"cell_id":64425,"case_count":3,"gi_zscore":-0.0707,"gi_pvalue":0.166,"significance":"not_sig"}},{"type":"Feature","geometry":{"type":"Point","coordinates":[77.55294,12.97748]},"properties":{"cell_id":64426,"case_count":2,"gi_zscore":-0.0648,"gi_pvalue":0.163,"significance":"not_sig"}},{"type":"Feature","geometry":{"type":"Point","coordinates":[77.56471,12.97748]},"properties":{"cell_id":64427,"case_count":3,"gi_zscore":-0.012,"gi_pvalue":0.149,"significance":"not_sig"}},{"type":"Feature","geometry":{"type":"Point","coordinates":[77.57647,12.97748]},"properties":{"cell_id":64428,"case_count":6,"gi_zscore":-0.0267,"gi_pvalue":0.154,"significance":"not_sig"}},{"type":"Feature","geometry":{"type":"Point","coordinates":[77.58824,12.97748]},"properties":{"cell_id":64429,"case_count":2,"gi_zscore":1.305,"gi_pvalue":0.003,"significance":"hot_99"}},{"type":"Feature","geometry":{"type":"Point","coordinates":[77.6,12.97748]},"properties":{"cell_id":64430,"case_count":371,"gi_zscore":2.2965,"gi_pvalue":0.002,"significance":"hot_99"}},{"type":"Feature","geometry":{"type":"Point","coordinates":[77.61176,12.97748]},"properties":{"cell_id":64431,"case_count":2,"gi_zscore":2.3082,"gi_pvalue":0.001,"significance":"hot_99"}},{"type":"Feature","geometry":{"type":"Point","coordinates":[77.62353,12.97748]},"properties":{"cell_id":64432,"case_count":8,"gi_zscore":0.9706,"gi_pvalue":0.035,"significance":"hot_95"}},{"type":"Feature","geometry":{"type":"Point","coordinates":[77.63529,12.97748]},"properties":{"cell_id":64433,"case_count":4,"gi_zscore":-0.0883,"gi_pvalue":0.182,"significance":"not_sig"}},{"type":"Feature","geometry":{"type":"Point","coordinates":[77.67059,12.97748]},"properties":{"cell_id":64436,"case_count":1,"gi_zscore":-0.1382,"gi_pvalue":0.308,"significance":"not_sig"}},{"type":"Feature","geometry":{"type":"Point","coordinates":[77.68235,12.97748]},"properties":{"cell_id":64437,"case_count":1,"gi_zscore":-0.1352,"gi_pvalue":0.451,"significance":"not_sig"}},{"type":"Feature","geometry":{"type":"Point","coordinates":[77.75294,12.97748]},"properties":{"cell_id":64443,"case_count":2,"gi_zscore":-0.1206,"gi_pvalue":0.333,"significance":"not_sig"}},{"type":"Feature","geometry":{"type":"Point","coordinates":[77.76471,12.97748]},"properties":{"cell_id":64444,"case_count":2,"gi_zscore":-0.1235,"gi_pvalue":0.333,"significance":"not_sig"}},{"type":"Feature","geometry":{"type":"Point","coordinates":[77.78824,12.97748]},"properties":{"cell_id":64446,"case_count":1,"gi_zscore":-0.1382,"gi_pvalue":0.308,"significance":"not_sig"}},{"type":"Feature","geometry":{"type":"Point","coordinates":[77.8,12.97748]},"properties":{"cell_id":64447,"case_count":1,"gi_zscore":-0.144,"gi_pvalue":0.171,"significance":"not_sig"}},{"type":"Feature","geometry":{"type":"Point","coordinates":[77.82353,12.97748]},"properties":{"cell_id":64449,"case_count":1,"gi_zscore":-0.147,"gi_pvalue":0.059,"significance":"cold_90"}},{"type":"Feature","geometry":{"type":"Point","coordinates":[74.8,12.98649]},"properties":{"cell_id":64583,"case_count":3,"gi_zscore":-0.1382,"gi_pvalue":0.171,"significance":"not_sig"}},{"type":"Feature","geometry":{"type":"Point","coordinates":[77.45882,12.98649]},"properties":{"cell_id":64809,"case_count":3,"gi_zscore":-0.1323,"gi_pvalue":0.396,"significance":"not_sig"}},{"type":"Feature","geometry":{"type":"Point","coordinates":[77.47059,12.98649]},"properties":{"cell_id":64810,"case_count":1,"gi_zscore":-0.1294,"gi_pvalue":0.387,"significance":"not_sig"}},{"type":"Feature","geometry":{"type":"Point","coordinates":[77.49412,12.98649]},"properties":{"cell_id":64812,"case_count":2,"gi_zscore":-0.103,"gi_pvalue":0.198,"significance":"not_sig"}},{"type":"Feature","geometry":{"type":"Point","coordinates":[77.50588,12.98649]},"properties":{"cell_id":64813,"case_count":1,"gi_zscore":-0.1,"gi_pvalue":0.186,"significance":"not_sig"}},{"type":"Feature","geometry":{"type":"Point","coordinates":[77.52941,12.98649]},"properties":{"cell_id":64815,"case_count":2,"gi_zscore":-0.0648,"gi_pvalue":0.165,"significance":"not_sig"}},{"type":"Feature","geometry":{"type":"Point","coordinates":[77.54118,12.98649]},"properties":{"cell_id":64816,"case_count":5,"gi_zscore":-0.0648,"gi_pvalue":0.17,"significance":"not_sig"}},{"type":"Feature","geometry":{"type":"Point","coordinates":[77.55294,12.98649]},"properties":{"cell_id":64817,"case_count":6,"gi_zscore":-0.056,"gi_pvalue":0.165,"significance":"not_sig"}},{"type":"Feature","geometry":{"type":"Point","coordinates":[77.56471,12.98649]},"properties":{"cell_id":64818,"case_count":6,"gi_zscore":-0.056,"gi_pvalue":0.165,"significance":"not_sig"}},{"type":"Feature","geometry":{"type":"Point","coordinates":[77.57647,12.98649]},"properties":{"cell_id":64819,"case_count":3,"gi_zscore":-0.0707,"gi_pvalue":0.168,"significance":"not_sig"}},{"type":"Feature","geometry":{"type":"Point","coordinates":[77.58824,12.98649]},"properties":{"cell_id":64820,"case_count":2,"gi_zscore":1.1085,"gi_pvalue":0.005,"significance":"hot_99"}},{"type":"Feature","geometry":{"type":"Point","coordinates":[77.6,12.98649]},"properties":{"cell_id":64821,"case_count":43,"gi_zscore":2.801,"gi_pvalue":0.001,"significance":"hot_99"}},{"type":"Feature","geometry":{"type":"Point","coordinates":[77.61176,12.98649]},"properties":{"cell_id":64822,"case_count":361,"gi_zscore":3.3818,"gi_pvalue":0.001,"significance":"hot_99"}},{"type":"Feature","geometry":{"type":"Point","coordinates":[77.62353,12.98649]},"properties":{"cell_id":64823,"case_count":4,"gi_zscore":2.1792,"gi_pvalue":0.001,"significance":"hot_99"}},{"type":"Feature","geometry":{"type":"Point","coordinates":[77.63529,12.98649]},"properties":{"cell_id":64824,"case_count":3,"gi_zscore":0.8826,"gi_pvalue":0.054,"significance":"hot_90"}},{"type":"Feature","geometry":{"type":"Point","coordinates":[77.64706,12.98649]},"properties":{"cell_id":64825,"case_count":2,"gi_zscore":0.161,"gi_pvalue":0.121,"significance":"not_sig"}},{"type":"Feature","geometry":{"type":"Point","coordinates":[77.67059,12.98649]},"properties":{"cell_id":64827,"case_count":1,"gi_zscore":-0.1352,"gi_pvalue":0.446,"significance":"not_sig"}},{"type":"Feature","geometry":{"type":"Point","coordinates":[77.68235,12.98649]},"properties":{"cell_id":64828,"case_count":1,"gi_zscore":-0.1323,"gi_pvalue":0.449,"significance":"not_sig"}},{"type":"Feature","geometry":{"type":"Point","coordinates":[77.74118,12.98649]},"properties":{"cell_id":64833,"case_count":2,"gi_zscore":-0.1264,"gi_pvalue":0.39,"significance":"not_sig"}},{"type":"Feature","geometry":{"type":"Point","coordinates":[77.76471,12.98649]},"properties":{"cell_id":64835,"case_count":2,"gi_zscore":-0.1235,"gi_pvalue":0.337,"significance":"not_sig"}},{"type":"Feature","geometry":{"type":"Point","coordinates":[77.77647,12.98649]},"properties":{"cell_id":64836,"case_count":2,"gi_zscore":-0.1382,"gi_pvalue":0.168,"significance":"not_sig"}},{"type":"Feature","geometry":{"type":"Point","coordinates":[77.78824,12.98649]},"properties":{"cell_id":64837,"case_count":1,"gi_zscore":-0.1382,"gi_pvalue":0.302,"significance":"not_sig"}},{"type":"Feature","geometry":{"type":"Point","coordinates":[77.8,12.98649]},"properties":{"cell_id":64838,"case_count":1,"gi_zscore":-0.144,"gi_pvalue":0.168,"significance":"not_sig"}},{"type":"Feature","geometry":{"type":"Point","coordinates":[77.82353,12.98649]},"properties":{"cell_id":64840,"case_count":1,"gi_zscore":-0.147,"gi_pvalue":0.061,"significance":"cold_90"}},{"type":"Feature","geometry":{"type":"Point","coordinates":[77.98824,12.98649]},"properties":{"cell_id":64854,"case_count":1,"gi_zscore":-0.144,"gi_pvalue":0.061,"significance":"cold_90"}},{"type":"Feature","geometry":{"type":"Point","coordinates":[78.17647,12.98649]},"properties":{"cell_id":64870,"case_count":4,"gi_zscore":-0.1294,"gi_pvalue":0.401,"significance":"not_sig"}},{"type":"Feature","geometry":{"type":"Point","coordinates":[78.2,12.98649]},"properties":{"cell_id":64872,"case_count":1,"gi_zscore":-0.1294,"gi_pvalue":0.391,"significance":"not_sig"}},{"type":"Feature","geometry":{"type":"Point","coordinates":[78.23529,12.98649]},"properties":{"cell_id":64875,"case_count":1,"gi_zscore":-0.1294,"gi_pvalue":0.45,"significance":"not_sig"}},{"type":"Feature","geometry":{"type":"Point","coordinates":[76.0,12.9955]},"properties":{"cell_id":65076,"case_count":1,"gi_zscore":-0.144,"gi_pvalue":0.062,"significance":"cold_90"}},{"type":"Feature","geometry":{"type":"Point","coordinates":[76.09412,12.9955]},"properties":{"cell_id":65084,"case_count":1,"gi_zscore":-0.144,"gi_pvalue":0.062,"significance":"cold_90"}},{"type":"Feature","geometry":{"type":"Point","coordinates":[76.94118,12.9955]},"properties":{"cell_id":65156,"case_count":1,"gi_zscore":-0.1323,"gi_pvalue":0.45,"significance":"not_sig"}},{"type":"Feature","geometry":{"type":"Point","coordinates":[77.0,12.9955]},"properties":{"cell_id":65161,"case_count":5,"gi_zscore":-0.1323,"gi_pvalue":0.171,"significance":"not_sig"}},{"type":"Feature","geometry":{"type":"Point","coordinates":[77.44706,12.9955]},"properties":{"cell_id":65199,"case_count":2,"gi_zscore":-0.1352,"gi_pvalue":0.308,"significance":"not_sig"}},{"type":"Feature","geometry":{"type":"Point","coordinates":[77.45882,12.9955]},"properties":{"cell_id":65200,"case_count":2,"gi_zscore":-0.1352,"gi_pvalue":0.308,"significance":"not_sig"}},{"type":"Feature","geometry":{"type":"Point","coordinates":[77.48235,12.9955]},"properties":{"cell_id":65202,"case_count":1,"gi_zscore":-0.1088,"gi_pvalue":0.21,"significance":"not_sig"}},{"type":"Feature","geometry":{"type":"Point","coordinates":[77.50588,12.9955]},"properties":{"cell_id":65204,"case_count":2,"gi_zscore":-0.1059,"gi_pvalue":0.207,"significance":"not_sig"}},{"type":"Feature","geometry":{"type":"Point","coordinates":[77.51765,12.9955]},"properties":{"cell_id":65205,"case_count":2,"gi_zscore":-0.0707,"gi_pvalue":0.171,"significance":"not_sig"}},{"type":"Feature","geometry":{"type":"Point","coordinates":[77.52941,12.9955]},"properties":{"cell_id":65206,"case_count":7,"gi_zscore":-0.0502,"gi_pvalue":0.168,"significance":"not_sig"}},{"type":"Feature","geometry":{"type":"Point","coordinates":[77.54118,12.9955]},"properties":{"cell_id":65207,"case_count":5,"gi_zscore":-0.0355,"gi_pvalue":0.162,"significance":"not_sig"}},{"type":"Feature","geometry":{"type":"Point","coordinates":[77.55294,12.9955]},"properties":{"cell_id":65208,"case_count":5,"gi_zscore":-0.0384,"gi_pvalue":0.162,"significance":"not_sig"}},{"type":"Feature","geometry":{"type":"Point","coordinates":[77.56471,12.9955]},"properties":{"cell_id":65209,"case_count":5,"gi_zscore":-0.0355,"gi_pvalue":0.161,"significance":"not_sig"}},{"type":"Feature","geometry":{"type":"Point","coordinates":[77.57647,12.9955]},"properties":{"cell_id":65210,"case_count":4,"gi_zscore":-0.0648,"gi_pvalue":0.169,"significance":"not_sig"}},{"type":"Feature","geometry":{"type":"Point","coordinates":[77.58824,12.9955]},"properties":{"cell_id":65211,"case_count":4,"gi_zscore":0.0202,"gi_pvalue":0.144,"significance":"not_sig"}},{"type":"Feature","geometry":{"type":"Point","coordinates":[77.61176,12.9955]},"properties":{"cell_id":65213,"case_count":177,"gi_zscore":4.2882,"gi_pvalue":0.001,"significance":"hot_99"}},{"type":"Feature","geometry":{"type":"Point","coordinates":[77.62353,12.9955]},"properties":{"cell_id":65214,"case_count":242,"gi_zscore":3.3584,"gi_pvalue":0.001,"significance":"hot_99"}},{"type":"Feature","geometry":{"type":"Point","coordinates":[77.63529,12.9955]},"properties":{"cell_id":65215,"case_count":1,"gi_zscore":2.9712,"gi_pvalue":0.001,"significance":"hot_99"}},{"type":"Feature","geometry":{"type":"Point","coordinates":[77.64706,12.9955]},"properties":{"cell_id":65216,"case_count":1,"gi_zscore":2.0472,"gi_pvalue":0.001,"significance":"hot_99"}},{"type":"Feature","geometry":{"type":"Point","coordinates":[77.67059,12.9955]},"properties":{"cell_id":65218,"case_count":1,"gi_zscore":-0.1352,"gi_pvalue":0.452,"significance":"not_sig"}},{"type":"Feature","geometry":{"type":"Point","coordinates":[77.69412,12.9955]},"properties":{"cell_id":65220,"case_count":4,"gi_zscore":-0.1206,"gi_pvalue":0.408,"significance":"not_sig"}},{"type":"Feature","geometry":{"type":"Point","coordinates":[77.71765,12.9955]},"properties":{"cell_id":65222,"case_count":1,"gi_zscore":-0.1088,"gi_pvalue":0.209,"significance":"not_sig"}},{"type":"Feature","geometry":{"type":"Point","coordinates":[77.78824,12.9955]},"properties":{"cell_id":65228,"case_count":1,"gi_zscore":-0.1411,"gi_pvalue":0.174,"significance":"not_sig"}},{"type":"Feature","geometry":{"type":"Point","coordinates":[77.81176,12.9955]},"properties":{"cell_id":65230,"case_count":1,"gi_zscore":-0.147,"gi_pvalue":0.062,"significance":"cold_90"}},{"type":"Feature","geometry":{"type":"Point","coordinates":[77.83529,12.9955]},"properties":{"cell_id":65232,"case_count":1,"gi_zscore":-0.147,"gi_pvalue":0.062,"significance":"cold_90"}},{"type":"Feature","geometry":{"type":"Point","coordinates":[77.98824,12.9955]},"properties":{"cell_id":65245,"case_count":1,"gi_zscore":-0.144,"gi_pvalue":0.062,"significance":"cold_90"}},{"type":"Feature","geometry":{"type":"Point","coordinates":[78.17647,12.9955]},"properties":{"cell_id":65261,"case_count":2,"gi_zscore":-0.1294,"gi_pvalue":0.445,"significance":"not_sig"}},{"type":"Feature","geometry":{"type":"Point","coordinates":[78.21176,12.9955]},"properties":{"cell_id":65264,"case_count":1,"gi_zscore":-0.1264,"gi_pvalue":0.334,"significance":"not_sig"}},{"type":"Feature","geometry":{"type":"Point","coordinates":[78.25882,12.9955]},"properties":{"cell_id":65268,"case_count":1,"gi_zscore":-0.1382,"gi_pvalue":0.314,"significance":"not_sig"}},{"type":"Feature","geometry":{"type":"Point","coordinates":[74.8,13.0045]},"properties":{"cell_id":65365,"case_count":1,"gi_zscore":-0.1382,"gi_pvalue":0.314,"significance":"not_sig"}},{"type":"Feature","geometry":{"type":"Point","coordinates":[76.09412,13.0045]},"properties":{"cell_id":65475,"case_count":2,"gi_zscore":-0.144,"gi_pvalue":0.001,"significance":"cold_99"}},{"type":"Feature","geometry":{"type":"Point","coordinates":[77.03529,13.0045]},"properties":{"cell_id":65555,"case_count":1,"gi_zscore":-0.1323,"gi_pvalue":0.443,"significance":"not_sig"}},{"type":"Feature","geometry":{"type":"Point","coordinates":[77.30588,13.0045]},"properties":{"cell_id":65578,"case_count":3,"gi_zscore":-0.1264,"gi_pvalue":0.496,"significance":"not_sig"}},{"type":"Feature","geometry":{"type":"Point","coordinates":[77.31765,13.0045]},"properties":{"cell_id":65579,"case_count":2,"gi_zscore":-0.1264,"gi_pvalue":0.388,"significance":"not_sig"}},{"type":"Feature","geometry":{"type":"Point","coordinates":[77.34118,13.0045]},"properties":{"cell_id":65581,"case_count":2,"gi_zscore":-0.1294,"gi_pvalue":0.444,"significance":"not_sig"}},{"type":"Feature","geometry":{"type":"Point","coordinates":[77.35294,13.0045]},"properties":{"cell_id":65582,"case_count":3,"gi_zscore":-0.1294,"gi_pvalue":0.483,"significance":"not_sig"}},{"type":"Feature","geometry":{"type":"Point","coordinates":[77.38824,13.0045]},"properties":{"cell_id":65585,"case_count":1,"gi_zscore":-0.1352,"gi_pvalue":0.453,"significance":"not_sig"}},{"type":"Feature","geometry":{"type":"Point","coordinates":[77.43529,13.0045]},"properties":{"cell_id":65589,"case_count":1,"gi_zscore":-0.1352,"gi_pvalue":0.453,"significance":"not_sig"}},{"type":"Feature","geometry":{"type":"Point","coordinates":[77.44706,13.0045]},"properties":{"cell_id":65590,"case_count":1,"gi_zscore":-0.1352,"gi_pvalue":0.453,"significance":"not_sig"}},{"type":"Feature","geometry":{"type":"Point","coordinates":[77.49412,13.0045]},"properties":{"cell_id":65594,"case_count":2,"gi_zscore":-0.1118,"gi_pvalue":0.222,"significance":"not_sig"}},{"type":"Feature","geometry":{"type":"Point","coordinates":[77.50588,13.0045]},"properties":{"cell_id":65595,"case_count":8,"gi_zscore":-0.1088,"gi_pvalue":0.406,"significance":"not_sig"}},{"type":"Feature","geometry":{"type":"Point","coordinates":[77.51765,13.0045]},"properties":{"cell_id":65596,"case_count":1,"gi_zscore":-0.0443,"gi_pvalue":0.157,"significance":"not_sig"}},{"type":"Feature","geometry":{"type":"Point","coordinates":[77.52941,13.0045]},"properties":{"cell_id":65597,"case_count":9,"gi_zscore":-0.0472,"gi_pvalue":0.167,"significance":"not_sig"}},{"type":"Feature","geometry":{"type":"Point","coordinates":[77.54118,13.0045]},"properties":{"cell_id":65598,"case_count":1,"gi_zscore":-0.0179,"gi_pvalue":0.146,"significance":"not_sig"}},{"type":"Feature","geometry":{"type":"Point","coordinates":[77.55294,13.0045]},"properties":{"cell_id":65599,"case_count":7,"gi_zscore":-0.059,"gi_pvalue":0.171,"significance":"not_sig"}},{"type":"Feature","geometry":{"type":"Point","coordinates":[77.56471,13.0045]},"properties":{"cell_id":65600,"case_count":6,"gi_zscore":-0.059,"gi_pvalue":0.169,"significance":"not_sig"}},{"type":"Feature","geometry":{"type":"Point","coordinates":[77.57647,13.0045]},"properties":{"cell_id":65601,"case_count":5,"gi_zscore":-0.0854,"gi_pvalue":0.182,"significance":"not_sig"}},{"type":"Feature","geometry":{"type":"Point","coordinates":[77.58824,13.0045]},"properties":{"cell_id":65602,"case_count":2,"gi_zscore":-0.0883,"gi_pvalue":0.179,"significance":"not_sig"}},{"type":"Feature","geometry":{"type":"Point","coordinates":[77.61176,13.0045]},"properties":{"cell_id":65604,"case_count":4,"gi_zscore":3.2146,"gi_pvalue":0.001,"significance":"hot_99"}},{"type":"Feature","geometry":{"type":"Point","coordinates":[77.62353,13.0045]},"properties":{"cell_id":65605,"case_count":317,"gi_zscore":3.4962,"gi_pvalue":0.001,"significance":"hot_99"}},{"type":"Feature","geometry":{"type":"Point","coordinates":[77.63529,13.0045]},"properties":{"cell_id":65606,"case_count":95,"gi_zscore":2.9624,"gi_pvalue":0.001,"significance":"hot_99"}},{"type":"Feature","geometry":{"type":"Point","coordinates":[77.68235,13.0045]},"properties":{"cell_id":65610,"case_count":2,"gi_zscore":-0.1206,"gi_pvalue":0.332,"significance":"not_sig"}},{"type":"Feature","geometry":{"type":"Point","coordinates":[77.70588,13.0045]},"properties":{"cell_id":65612,"case_count":1,"gi_zscore":-0.1147,"gi_pvalue":0.224,"significance":"not_sig"}},{"type":"Feature","geometry":{"type":"Point","coordinates":[77.72941,13.0045]},"properties":{"cell_id":65614,"case_count":1,"gi_zscore":-0.1206,"gi_pvalue":0.266,"significance":"not_sig"}},{"type":"Feature","geometry":{"type":"Point","coordinates":[77.75294,13.0045]},"properties":{"cell_id":65616,"case_count":1,"gi_zscore":-0.1323,"gi_pvalue":0.441,"significance":"not_sig"}},{"type":"Feature","geometry":{"type":"Point","coordinates":[77.78824,13.0045]},"properties":{"cell_id":65619,"case_count":1,"gi_zscore":-0.144,"gi_pvalue":0.175,"significance":"not_sig"}},{"type":"Feature","geometry":{"type":"Point","coordinates":[77.84706,13.0045]},"properties":{"cell_id":65624,"case_count":1,"gi_zscore":-0.144,"gi_pvalue":0.064,"significance":"cold_90"}},{"type":"Feature","geometry":{"type":"Point","coordinates":[77.94118,13.0045]},"properties":{"cell_id":65632,"case_count":1,"gi_zscore":-0.144,"gi_pvalue":0.064,"significance":"cold_90"}},{"type":"Feature","geometry":{"type":"Point","coordinates":[78.32941,13.0045]},"properties":{"cell_id":65665,"case_count":1,"gi_zscore":-0.1382,"gi_pvalue":0.408,"significance":"not_sig"}},{"type":"Feature","geometry":{"type":"Point","coordinates":[78.41176,13.0045]},"properties":{"cell_id":65672,"case_count":1,"gi_zscore":-0.144,"gi_pvalue":0.175,"significance":"not_sig"}},{"type":"Feature","geometry":{"type":"Point","coordinates":[78.43529,13.0045]},"properties":{"cell_id":65674,"case_count":1,"gi_zscore":-0.144,"gi_pvalue":0.175,"significance":"not_sig"}},{"type":"Feature","geometry":{"type":"Point","coordinates":[74.8,13.01351]},"properties":{"cell_id":65756,"case_count":1,"gi_zscore":-0.1382,"gi_pvalue":0.311,"significance":"not_sig"}},{"type":"Feature","geometry":{"type":"Point","coordinates":[75.12941,13.01351]},"properties":{"cell_id":65784,"case_count":2,"gi_zscore":-0.1382,"gi_pvalue":0.175,"significance":"not_sig"}},{"type":"Feature","geometry":{"type":"Point","coordinates":[77.30588,13.01351]},"properties":{"cell_id":65969,"case_count":1,"gi_zscore":-0.1264,"gi_pvalue":0.332,"significance":"not_sig"}},{"type":"Feature","geometry":{"type":"Point","coordinates":[77.34118,13.01351]},"properties":{"cell_id":65972,"case_count":1,"gi_zscore":-0.1294,"gi_pvalue":0.389,"significance":"not_sig"}},{"type":"Feature","geometry":{"type":"Point","coordinates":[77.50588,13.01351]},"properties":{"cell_id":65986,"case_count":2,"gi_zscore":-0.1059,"gi_pvalue":0.212,"significance":"not_sig"}},{"type":"Feature","geometry":{"type":"Point","coordinates":[77.51765,13.01351]},"properties":{"cell_id":65987,"case_count":3,"gi_zscore":-0.0531,"gi_pvalue":0.167,"significance":"not_sig"}},{"type":"Feature","geometry":{"type":"Point","coordinates":[77.52941,13.01351]},"properties":{"cell_id":65988,"case_count":10,"gi_zscore":-0.0619,"gi_pvalue":0.176,"significance":"not_sig"}},{"type":"Feature","geometry":{"type":"Point","coordinates":[77.54118,13.01351]},"properties":{"cell_id":65989,"case_count":5,"gi_zscore":-0.0238,"gi_pvalue":0.153,"significance":"not_sig"}},{"type":"Feature","geometry":{"type":"Point","coordinates":[77.55294,13.01351]},"properties":{"cell_id":65990,"case_count":4,"gi_zscore":-0.0648,"gi_pvalue":0.169,"significance":"not_sig"}},{"type":"Feature","geometry":{"type":"Point","coordinates":[77.56471,13.01351]},"properties":{"cell_id":65991,"case_count":1,"gi_zscore":-0.0648,"gi_pvalue":0.167,"significance":"not_sig"}},{"type":"Feature","geometry":{"type":"Point","coordinates":[77.57647,13.01351]},"properties":{"cell_id":65992,"case_count":2,"gi_zscore":-0.0942,"gi_pvalue":0.183,"significance":"not_sig"}},{"type":"Feature","geometry":{"type":"Point","coordinates":[77.58824,13.01351]},"properties":{"cell_id":65993,"case_count":1,"gi_zscore":-0.0883,"gi_pvalue":0.176,"significance":"not_sig"}},{"type":"Feature","geometry":{"type":"Point","coordinates":[77.6,13.01351]},"properties":{"cell_id":65994,"case_count":3,"gi_zscore":-0.0678,"gi_pvalue":0.169,"significance":"not_sig"}},{"type":"Feature","geometry":{"type":"Point","coordinates":[77.63529,13.01351]},"properties":{"cell_id":65997,"case_count":407,"gi_zscore":3.4024,"gi_pvalue":0.001,"significance":"hot_99"}},{"type":"Feature","geometry":{"type":"Point","coordinates":[77.64706,13.01351]},"properties":{"cell_id":65998,"case_count":2,"gi_zscore":3.637,"gi_pvalue":0.001,"significance":"hot_99"}},{"type":"Feature","geometry":{"type":"Point","coordinates":[77.67059,13.01351]},"properties":{"cell_id":66000,"case_count":4,"gi_zscore":0.7418,"gi_pvalue":0.07,"significance":"hot_90"}},{"type":"Feature","geometry":{"type":"Point","coordinates":[77.68235,13.01351]},"properties":{"cell_id":66001,"case_count":1,"gi_zscore":-0.1294,"gi_pvalue":0.442,"significance":"not_sig"}},{"type":"Feature","geometry":{"type":"Point","coordinates":[77.69412,13.01351]},"properties":{"cell_id":66002,"case_count":1,"gi_zscore":-0.1118,"gi_pvalue":0.225,"significance":"not_sig"}},{"type":"Feature","geometry":{"type":"Point","coordinates":[77.70588,13.01351]},"properties":{"cell_id":66003,"case_count":6,"gi_zscore":-0.1147,"gi_pvalue":0.383,"significance":"not_sig"}},{"type":"Feature","geometry":{"type":"Point","coordinates":[77.71765,13.01351]},"properties":{"cell_id":66004,"case_count":2,"gi_zscore":-0.1176,"gi_pvalue":0.264,"significance":"not_sig"}},{"type":"Feature","geometry":{"type":"Point","coordinates":[77.72941,13.01351]},"properties":{"cell_id":66005,"case_count":2,"gi_zscore":-0.1206,"gi_pvalue":0.289,"significance":"not_sig"}},{"type":"Feature","geometry":{"type":"Point","coordinates":[77.76471,13.01351]},"properties":{"cell_id":66008,"case_count":1,"gi_zscore":-0.1382,"gi_pvalue":0.317,"significance":"not_sig"}},{"type":"Feature","geometry":{"type":"Point","coordinates":[78.31765,13.01351]},"properties":{"cell_id":66055,"case_count":1,"gi_zscore":-0.1382,"gi_pvalue":0.317,"significance":"not_sig"}},{"type":"Feature","geometry":{"type":"Point","coordinates":[78.4,13.01351]},"properties":{"cell_id":66062,"case_count":1,"gi_zscore":-0.144,"gi_pvalue":0.178,"significance":"not_sig"}},{"type":"Feature","geometry":{"type":"Point","coordinates":[77.02353,13.02252]},"properties":{"cell_id":66336,"case_count":2,"gi_zscore":-0.1323,"gi_pvalue":0.486,"significance":"not_sig"}},{"type":"Feature","geometry":{"type":"Point","coordinates":[77.05882,13.02252]},"properties":{"cell_id":66339,"case_count":1,"gi_zscore":-0.1323,"gi_pvalue":0.44,"significance":"not_sig"}},{"type":"Feature","geometry":{"type":"Point","coordinates":[77.08235,13.02252]},"properties":{"cell_id":66341,"case_count":1,"gi_zscore":-0.1323,"gi_pvalue":0.44,"significance":"not_sig"}},{"type":"Feature","geometry":{"type":"Point","coordinates":[77.12941,13.02252]},"properties":{"cell_id":66345,"case_count":1,"gi_zscore":-0.1323,"gi_pvalue":0.44,"significance":"not_sig"}},{"type":"Feature","geometry":{"type":"Point","coordinates":[77.47059,13.02252]},"properties":{"cell_id":66374,"case_count":1,"gi_zscore":-0.1382,"gi_pvalue":0.316,"significance":"not_sig"}},{"type":"Feature","geometry":{"type":"Point","coordinates":[77.48235,13.02252]},"properties":{"cell_id":66375,"case_count":1,"gi_zscore":-0.1264,"gi_pvalue":0.384,"significance":"not_sig"}},{"type":"Feature","geometry":{"type":"Point","coordinates":[77.49412,13.02252]},"properties":{"cell_id":66376,"case_count":2,"gi_zscore":-0.0912,"gi_pvalue":0.179,"significance":"not_sig"}},{"type":"Feature","geometry":{"type":"Point","coordinates":[77.50588,13.02252]},"properties":{"cell_id":66377,"case_count":1,"gi_zscore":-0.0854,"gi_pvalue":0.173,"significance":"not_sig"}},{"type":"Feature","geometry":{"type":"Point","coordinates":[77.51765,13.02252]},"properties":{"cell_id":66378,"case_count":2,"gi_zscore":-0.0824,"gi_pvalue":0.174,"significance":"not_sig"}},{"type":"Feature","geometry":{"type":"Point","coordinates":[77.52941,13.02252]},"properties":{"cell_id":66379,"case_count":5,"gi_zscore":-0.0736,"gi_pvalue":0.174,"significance":"not_sig"}},{"type":"Feature","geometry":{"type":"Point","coordinates":[77.54118,13.02252]},"properties":{"cell_id":66380,"case_count":2,"gi_zscore":-0.0531,"gi_pvalue":0.165,"significance":"not_sig"}},{"type":"Feature","geometry":{"type":"Point","coordinates":[77.55294,13.02252]},"properties":{"cell_id":66381,"case_count":8,"gi_zscore":-0.0795,"gi_pvalue":0.186,"significance":"not_sig"}},{"type":"Feature","geometry":{"type":"Point","coordinates":[77.56471,13.02252]},"properties":{"cell_id":66382,"case_count":3,"gi_zscore":-0.0883,"gi_pvalue":0.179,"significance":"not_sig"}},{"type":"Feature","geometry":{"type":"Point","coordinates":[77.57647,13.02252]},"properties":{"cell_id":66383,"case_count":1,"gi_zscore":-0.0971,"gi_pvalue":0.186,"significance":"not_sig"}},{"type":"Feature","geometry":{"type":"Point","coordinates":[77.58824,13.02252]},"properties":{"cell_id":66384,"case_count":6,"gi_zscore":-0.0736,"gi_pvalue":0.176,"significance":"not_sig"}},{"type":"Feature","geometry":{"type":"Point","coordinates":[77.6,13.02252]},"properties":{"cell_id":66385,"case_count":5,"gi_zscore":-0.056,"gi_pvalue":0.167,"significance":"not_sig"}},{"type":"Feature","geometry":{"type":"Point","coordinates":[77.61176,13.02252]},"properties":{"cell_id":66386,"case_count":4,"gi_zscore":-0.0854,"gi_pvalue":0.181,"significance":"not_sig"}},{"type":"Feature","geometry":{"type":"Point","coordinates":[77.63529,13.02252]},"properties":{"cell_id":66388,"case_count":1,"gi_zscore":3.725,"gi_pvalue":0.001,"significance":"hot_99"}},{"type":"Feature","geometry":{"type":"Point","coordinates":[77.64706,13.02252]},"properties":{"cell_id":66389,"case_count":390,"gi_zscore":4.0594,"gi_pvalue":0.001,"significance":"hot_99"}},{"type":"Feature","geometry":{"type":"Point","coordinates":[77.65882,13.02252]},"properties":{"cell_id":66390,"case_count":2,"gi_zscore":2.8861,"gi_pvalue":0.001,"significance":"hot_99"}},{"type":"Feature","geometry":{"type":"Point","coordinates":[77.67059,13.02252]},"properties":{"cell_id":66391,"case_count":1,"gi_zscore":1.1965,"gi_pvalue":0.003,"significance":"hot_99"}},{"type":"Feature","geometry":{"type":"Point","coordinates":[77.68235,13.02252]},"properties":{"cell_id":66392,"case_count":3,"gi_zscore":-0.1118,"gi_pvalue":0.246,"significance":"not_sig"}},{"type":"Feature","geometry":{"type":"Point","coordinates":[77.69412,13.02252]},"properties":{"cell_id":66393,"case_count":1,"gi_zscore":-0.1206,"gi_pvalue":0.284,"significance":"not_sig"}},{"type":"Feature","geometry":{"type":"Point","coordinates":[77.70588,13.02252]},"properties":{"cell_id":66394,"case_count":2,"gi_zscore":-0.1176,"gi_pvalue":0.269,"significance":"not_sig"}},{"type":"Feature","geometry":{"type":"Point","coordinates":[77.71765,13.02252]},"properties":{"cell_id":66395,"case_count":2,"gi_zscore":-0.1147,"gi_pvalue":0.246,"significance":"not_sig"}},{"type":"Feature","geometry":{"type":"Point","coordinates":[77.75294,13.02252]},"properties":{"cell_id":66398,"case_count":1,"gi_zscore":-0.1352,"gi_pvalue":0.406,"significance":"not_sig"}},{"type":"Feature","geometry":{"type":"Point","coordinates":[74.78824,13.03153]},"properties":{"cell_id":66537,"case_count":1,"gi_zscore":-0.1382,"gi_pvalue":0.315,"significance":"not_sig"}},{"type":"Feature","geometry":{"type":"Point","coordinates":[77.47059,13.03153]},"properties":{"cell_id":66765,"case_count":1,"gi_zscore":-0.1323,"gi_pvalue":0.443,"significance":"not_sig"}},{"type":"Feature","geometry":{"type":"Point","coordinates":[77.50588,13.03153]},"properties":{"cell_id":66768,"case_count":4,"gi_zscore":-0.0912,"gi_pvalue":0.188,"significance":"not_sig"}},{"type":"Feature","geometry":{"type":"Point","coordinates":[77.51765,13.03153]},"properties":{"cell_id":66769,"case_count":3,"gi_zscore":-0.0854,"gi_pvalue":0.178,"significance":"not_sig"}},{"type":"Feature","geometry":{"type":"Point","coordinates":[77.52941,13.03153]},"properties":{"cell_id":66770,"case_count":1,"gi_zscore":-0.0736,"gi_pvalue":0.168,"significance":"not_sig"}},{"type":"Feature","geometry":{"type":"Point","coordinates":[77.54118,13.03153]},"properties":{"cell_id":66771,"case_count":3,"gi_zscore":-0.0619,"gi_pvalue":0.166,"significance":"not_sig"}},{"type":"Feature","geometry":{"type":"Point","coordinates":[77.55294,13.03153]},"properties":{"cell_id":66772,"case_count":3,"gi_zscore":-0.0678,"gi_pvalue":0.168,"significance":"not_sig"}},{"type":"Feature","geometry":{"type":"Point","coordinates":[77.56471,13.03153]},"properties":{"cell_id":66773,"case_count":3,"gi_zscore":-0.059,"gi_pvalue":0.166,"significance":"not_sig"}},{"type":"Feature","geometry":{"type":"Point","coordinates":[77.57647,13.03153]},"properties":{"cell_id":66774,"case_count":4,"gi_zscore":-0.0502,"gi_pvalue":0.165,"significance":"not_sig"}},{"type":"Feature","geometry":{"type":"Point","coordinates":[77.58824,13.03153]},"properties":{"cell_id":66775,"case_count":5,"gi_zscore":-0.0296,"gi_pvalue":0.157,"significance":"not_sig"}},{"type":"Feature","geometry":{"type":"Point","coordinates":[77.6,13.03153]},"properties":{"cell_id":66776,"case_count":7,"gi_zscore":-0.0384,"gi_pvalue":0.165,"significance":"not_sig"}},{"type":"Feature","geometry":{"type":"Point","coordinates":[77.61176,13.03153]},"properties":{"cell_id":66777,"case_count":4,"gi_zscore":-0.0824,"gi_pvalue":0.176,"significance":"not_sig"}},{"type":"Feature","geometry":{"type":"Point","coordinates":[77.62353,13.03153]},"properties":{"cell_id":66778,"case_count":1,"gi_zscore":-0.1118,"gi_pvalue":0.214,"significance":"not_sig"}},{"type":"Feature","geometry":{"type":"Point","coordinates":[77.63529,13.03153]},"properties":{"cell_id":66779,"case_count":5,"gi_zscore":2.5253,"gi_pvalue":0.001,"significance":"hot_99"}},{"type":"Feature","geometry":{"type":"Point","coordinates":[77.64706,13.03153]},"properties":{"cell_id":66780,"case_count":111,"gi_zscore":4.0594,"gi_pvalue":0.001,"significance":"hot_99"}},{"type":"Feature","geometry":{"type":"Point","coordinates":[77.65882,13.03153]},"properties":{"cell_id":66781,"case_count":290,"gi_zscore":3.3349,"gi_pvalue":0.001,"significance":"hot_99"}},{"type":"Feature","geometry":{"type":"Point","coordinates":[77.67059,13.03153]},"properties":{"cell_id":66782,"case_count":8,"gi_zscore":2.98,"gi_pvalue":0.001,"significance":"hot_99"}},{"type":"Feature","geometry":{"type":"Point","coordinates":[77.68235,13.03153]},"properties":{"cell_id":66783,"case_count":1,"gi_zscore":0.425,"gi_pvalue":0.095,"significance":"hot_90"}},{"type":"Feature","geometry":{"type":"Point","coordinates":[77.69412,13.03153]},"properties":{"cell_id":66784,"case_count":1,"gi_zscore":-0.0326,"gi_pvalue":0.154,"significance":"not_sig"}},{"type":"Feature","geometry":{"type":"Point","coordinates":[77.71765,13.03153]},"properties":{"cell_id":66786,"case_count":2,"gi_zscore":-0.1147,"gi_pvalue":0.248,"significance":"not_sig"}},{"type":"Feature","geometry":{"type":"Point","coordinates":[77.88235,13.03153]},"properties":{"cell_id":66800,"case_count":2,"gi_zscore":-0.144,"gi_pvalue":0.001,"significance":"cold_99"}},{"type":"Feature","geometry":{"type":"Point","coordinates":[75.68235,13.04054]},"properties":{"cell_id":67004,"case_count":1,"gi_zscore":-0.147,"gi_pvalue":0.063,"significance":"cold_90"}},{"type":"Feature","geometry":{"type":"Point","coordinates":[77.37647,13.04054]},"properties":{"cell_id":67148,"case_count":1,"gi_zscore":-0.1382,"gi_pvalue":0.407,"significance":"not_sig"}},{"type":"Feature","geometry":{"type":"Point","coordinates":[77.38824,13.04054]},"properties":{"cell_id":67149,"case_count":1,"gi_zscore":-0.1382,"gi_pvalue":0.313,"significance":"not_sig"}},{"type":"Feature","geometry":{"type":"Point","coordinates":[77.45882,13.04054]},"properties":{"cell_id":67155,"case_count":1,"gi_zscore":-0.1352,"gi_pvalue":0.457,"significance":"not_sig"}},{"type":"Feature","geometry":{"type":"Point","coordinates":[77.48235,13.04054]},"properties":{"cell_id":67157,"case_count":1,"gi_zscore":-0.1294,"gi_pvalue":0.391,"significance":"not_sig"}},{"type":"Feature","geometry":{"type":"Point","coordinates":[77.49412,13.04054]},"properties":{"cell_id":67158,"case_count":3,"gi_zscore":-0.1088,"gi_pvalue":0.242,"significance":"not_sig"}},{"type":"Feature","geometry":{"type":"Point","coordinates":[77.50588,13.04054]},"properties":{"cell_id":67159,"case_count":5,"gi_zscore":-0.0971,"gi_pvalue":0.217,"significance":"not_sig"}},{"type":"Feature","geometry":{"type":"Point","coordinates":[77.51765,13.04054]},"properties":{"cell_id":67160,"case_count":6,"gi_zscore":-0.1,"gi_pvalue":0.231,"significance":"not_sig"}},{"type":"Feature","geometry":{"type":"Point","coordinates":[77.55294,13.04054]},"properties":{"cell_id":67163,"case_count":6,"gi_zscore":-0.0707,"gi_pvalue":0.175,"significance":"not_sig"}},{"type":"Feature","geometry":{"type":"Point","coordinates":[77.56471,13.04054]},"properties":{"cell_id":67164,"case_count":4,"gi_zscore":-0.0736,"gi_pvalue":0.175,"significance":"not_sig"}},{"type":"Feature","geometry":{"type":"Point","coordinates":[77.57647,13.04054]},"properties":{"cell_id":67165,"case_count":7,"gi_zscore":-0.059,"gi_pvalue":0.17,"significance":"not_sig"}},{"type":"Feature","geometry":{"type":"Point","coordinates":[77.58824,13.04054]},"properties":{"cell_id":67166,"case_count":9,"gi_zscore":-0.0326,"gi_pvalue":0.167,"significance":"not_sig"}},{"type":"Feature","geometry":{"type":"Point","coordinates":[77.6,13.04054]},"properties":{"cell_id":67167,"case_count":5,"gi_zscore":-0.059,"gi_pvalue":0.168,"significance":"not_sig"}},{"type":"Feature","geometry":{"type":"Point","coordinates":[77.61176,13.04054]},"properties":{"cell_id":67168,"case_count":1,"gi_zscore":-0.0942,"gi_pvalue":0.185,"significance":"not_sig"}},{"type":"Feature","geometry":{"type":"Point","coordinates":[77.62353,13.04054]},"properties":{"cell_id":67169,"case_count":1,"gi_zscore":-0.1176,"gi_pvalue":0.247,"significance":"not_sig"}},{"type":"Feature","geometry":{"type":"Point","coordinates":[77.65882,13.04054]},"properties":{"cell_id":67172,"case_count":235,"gi_zscore":4.4408,"gi_pvalue":0.001,"significance":"hot_99"}},{"type":"Feature","geometry":{"type":"Point","coordinates":[77.67059,13.04054]},"properties":{"cell_id":67173,"case_count":157,"gi_zscore":3.0621,"gi_pvalue":0.001,"significance":"hot_99"}},{"type":"Feature","geometry":{"type":"Point","coordinates":[77.70588,13.04054]},"properties":{"cell_id":67176,"case_count":2,"gi_zscore":-0.1323,"gi_pvalue":0.484,"significance":"not_sig"}},{"type":"Feature","geometry":{"type":"Point","coordinates":[77.75294,13.04054]},"properties":{"cell_id":67180,"case_count":1,"gi_zscore":-0.1382,"gi_pvalue":0.311,"significance":"not_sig"}},{"type":"Feature","geometry":{"type":"Point","coordinates":[78.14118,13.04054]},"properties":{"cell_id":67213,"case_count":1,"gi_zscore":-0.1294,"gi_pvalue":0.39,"significance":"not_sig"}},{"type":"Feature","geometry":{"type":"Point","coordinates":[78.36471,13.04054]},"properties":{"cell_id":67232,"case_count":1,"gi_zscore":-0.144,"gi_pvalue":0.178,"significance":"not_sig"}},{"type":"Feature","geometry":{"type":"Point","coordinates":[74.8,13.04955]},"properties":{"cell_id":67320,"case_count":2,"gi_zscore":-0.1382,"gi_pvalue":0.179,"significance":"not_sig"}},{"type":"Feature","geometry":{"type":"Point","coordinates":[75.22353,13.04955]},"properties":{"cell_id":67356,"case_count":1,"gi_zscore":-0.1411,"gi_pvalue":0.179,"significance":"not_sig"}},{"type":"Feature","geometry":{"type":"Point","coordinates":[77.29412,13.04955]},"properties":{"cell_id":67532,"case_count":2,"gi_zscore":-0.1264,"gi_pvalue":0.39,"significance":"not_sig"}},{"type":"Feature","geometry":{"type":"Point","coordinates":[77.41176,13.04955]},"properties":{"cell_id":67542,"case_count":1,"gi_zscore":-0.1411,"gi_pvalue":0.179,"significance":"not_sig"}},{"type":"Feature","geometry":{"type":"Point","coordinates":[77.48235,13.04955]},"properties":{"cell_id":67548,"case_count":2,"gi_zscore":-0.1294,"gi_pvalue":0.448,"significance":"not_sig"}},{"type":"Feature","geometry":{"type":"Point","coordinates":[77.50588,13.04955]},"properties":{"cell_id":67550,"case_count":1,"gi_zscore":-0.0971,"gi_pvalue":0.193,"significance":"not_sig"}},{"type":"Feature","geometry":{"type":"Point","coordinates":[77.51765,13.04955]},"properties":{"cell_id":67551,"case_count":1,"gi_zscore":-0.1118,"gi_pvalue":0.22,"significance":"not_sig"}},{"type":"Feature","geometry":{"type":"Point","coordinates":[77.52941,13.04955]},"properties":{"cell_id":67552,"case_count":2,"gi_zscore":-0.1059,"gi_pvalue":0.22,"significance":"not_sig"}},{"type":"Feature","geometry":{"type":"Point","coordinates":[77.54118,13.04955]},"properties":{"cell_id":67553,"case_count":5,"gi_zscore":-0.103,"gi_pvalue":0.243,"significance":"not_sig"}},{"type":"Feature","geometry":{"type":"Point","coordinates":[77.55294,13.04955]},"properties":{"cell_id":67554,"case_count":2,"gi_zscore":-0.0883,"gi_pvalue":0.183,"significance":"not_sig"}},{"type":"Feature","geometry":{"type":"Point","coordinates":[77.57647,13.04955]},"properties":{"cell_id":67556,"case_count":3,"gi_zscore":-0.059,"gi_pvalue":0.169,"significance":"not_sig"}},{"type":"Feature","geometry":{"type":"Point","coordinates":[77.62353,13.04955]},"properties":{"cell_id":67560,"case_count":3,"gi_zscore":-0.1235,"gi_pvalue":0.388,"significance":"not_sig"}},{"type":"Feature","geometry":{"type":"Point","coordinates":[77.63529,13.04955]},"properties":{"cell_id":67561,"case_count":1,"gi_zscore":0.2021,"gi_pvalue":0.119,"significance":"not_sig"}},{"type":"Feature","geometry":{"type":"Point","coordinates":[77.67059,13.04955]},"properties":{"cell_id":67564,"case_count":378,"gi_zscore":4.4026,"gi_pvalue":0.001,"significance":"hot_99"}},{"type":"Feature","geometry":{"type":"Point","coordinates":[77.68235,13.04955]},"properties":{"cell_id":67565,"case_count":31,"gi_zscore":3.7045,"gi_pvalue":0.001,"significance":"hot_99"}},{"type":"Feature","geometry":{"type":"Point","coordinates":[77.71765,13.04955]},"properties":{"cell_id":67568,"case_count":1,"gi_zscore":1.1877,"gi_pvalue":0.005,"significance":"hot_99"}},{"type":"Feature","geometry":{"type":"Point","coordinates":[77.78824,13.04955]},"properties":{"cell_id":67574,"case_count":1,"gi_zscore":-0.1235,"gi_pvalue":0.332,"significance":"not_sig"}},{"type":"Feature","geometry":{"type":"Point","coordinates":[74.98824,13.05856]},"properties":{"cell_id":67727,"case_count":1,"gi_zscore":-0.1352,"gi_pvalue":0.409,"significance":"not_sig"}},{"type":"Feature","geometry":{"type":"Point","coordinates":[77.35294,13.05856]},"properties":{"cell_id":67928,"case_count":1,"gi_zscore":-0.1323,"gi_pvalue":0.439,"significance":"not_sig"}},{"type":"Feature","geometry":{"type":"Point","coordinates":[77.45882,13.05856]},"properties":{"cell_id":67937,"case_count":3,"gi_zscore":-0.1323,"gi_pvalue":0.411,"significance":"not_sig"}},{"type":"Feature","geometry":{"type":"Point","coordinates":[77.47059,13.05856]},"properties":{"cell_id":67938,"case_count":2,"gi_zscore":-0.1323,"gi_pvalue":0.466,"significance":"not_sig"}},{"type":"Feature","geometry":{"type":"Point","coordinates":[77.48235,13.05856]},"properties":{"cell_id":67939,"case_count":2,"gi_zscore":-0.1294,"gi_pvalue":0.445,"significance":"not_sig"}},{"type":"Feature","geometry":{"type":"Point","coordinates":[77.49412,13.05856]},"properties":{"cell_id":67940,"case_count":2,"gi_zscore":-0.1323,"gi_pvalue":0.466,"significance":"not_sig"}},{"type":"Feature","geometry":{"type":"Point","coordinates":[77.52941,13.05856]},"properties":{"cell_id":67943,"case_count":1,"gi_zscore":-0.1147,"gi_pvalue":0.241,"significance":"not_sig"}},{"type":"Feature","geometry":{"type":"Point","coordinates":[77.55294,13.05856]},"properties":{"cell_id":67945,"case_count":1,"gi_zscore":-0.1059,"gi_pvalue":0.199,"significance":"not_sig"}},{"type":"Feature","geometry":{"type":"Point","coordinates":[77.56471,13.05856]},"properties":{"cell_id":67946,"case_count":2,"gi_zscore":-0.0942,"gi_pvalue":0.183,"significance":"not_sig"}},{"type":"Feature","geometry":{"type":"Point","coordinates":[77.58824,13.05856]},"properties":{"cell_id":67948,"case_count":2,"gi_zscore":-0.0824,"gi_pvalue":0.175,"significance":"not_sig"}},{"type":"Feature","geometry":{"type":"Point","coordinates":[77.6,13.05856]},"properties":{"cell_id":67949,"case_count":1,"gi_zscore":-0.1088,"gi_pvalue":0.211,"significance":"not_sig"}},{"type":"Feature","geometry":{"type":"Point","coordinates":[77.61176,13.05856]},"properties":{"cell_id":67950,"case_count":1,"gi_zscore":-0.1264,"gi_pvalue":0.334,"significance":"not_sig"}},{"type":"Feature","geometry":{"type":"Point","coordinates":[77.63529,13.05856]},"properties":{"cell_id":67952,"case_count":2,"gi_zscore":-0.1176,"gi_pvalue":0.27,"significance":"not_sig"}},{"type":"Feature","geometry":{"type":"Point","coordinates":[77.64706,13.05856]},"properties":{"cell_id":67953,"case_count":2,"gi_zscore":1.6658,"gi_pvalue":0.002,"significance":"hot_99"}},{"type":"Feature","geometry":{"type":"Point","coordinates":[77.68235,13.05856]},"properties":{"cell_id":67956,"case_count":371,"gi_zscore":4.3264,"gi_pvalue":0.001,"significance":"hot_99"}},{"type":"Feature","geometry":{"type":"Point","coordinates":[77.71765,13.05856]},"properties":{"cell_id":67959,"case_count":2,"gi_zscore":3.0445,"gi_pvalue":0.001,"significance":"hot_99"}},{"type":"Feature","geometry":{"type":"Point","coordinates":[77.78824,13.05856]},"properties":{"cell_id":67965,"case_count":1,"gi_zscore":-0.1206,"gi_pvalue":0.29,"significance":"not_sig"}},{"type":"Feature","geometry":{"type":"Point","coordinates":[75.0,13.06757]},"properties":{"cell_id":68119,"case_count":2,"gi_zscore":-0.1352,"gi_pvalue":0.298,"significance":"not_sig"}},{"type":"Feature","geometry":{"type":"Point","coordinates":[77.31765,13.06757]},"properties":{"cell_id":68316,"case_count":1,"gi_zscore":-0.1352,"gi_pvalue":0.463,"significance":"not_sig"}},{"type":"Feature","geometry":{"type":"Point","coordinates":[77.44706,13.06757]},"properties":{"cell_id":68327,"case_count":1,"gi_zscore":-0.1382,"gi_pvalue":0.315,"significance":"not_sig"}},{"type":"Feature","geometry":{"type":"Point","coordinates":[77.45882,13.06757]},"properties":{"cell_id":68328,"case_count":1,"gi_zscore":-0.1323,"gi_pvalue":0.44,"significance":"not_sig"}},{"type":"Feature","geometry":{"type":"Point","coordinates":[77.48235,13.06757]},"properties":{"cell_id":68330,"case_count":1,"gi_zscore":-0.1352,"gi_pvalue":0.463,"significance":"not_sig"}},{"type":"Feature","geometry":{"type":"Point","coordinates":[77.49412,13.06757]},"properties":{"cell_id":68331,"case_count":1,"gi_zscore":-0.1382,"gi_pvalue":0.315,"significance":"not_sig"}},{"type":"Feature","geometry":{"type":"Point","coordinates":[77.50588,13.06757]},"properties":{"cell_id":68332,"case_count":1,"gi_zscore":-0.1411,"gi_pvalue":0.178,"significance":"not_sig"}},{"type":"Feature","geometry":{"type":"Point","coordinates":[77.51765,13.06757]},"properties":{"cell_id":68333,"case_count":1,"gi_zscore":-0.1411,"gi_pvalue":0.178,"significance":"not_sig"}},{"type":"Feature","geometry":{"type":"Point","coordinates":[77.56471,13.06757]},"properties":{"cell_id":68337,"case_count":1,"gi_zscore":-0.1294,"gi_pvalue":0.386,"significance":"not_sig"}},{"type":"Feature","geometry":{"type":"Point","coordinates":[77.58824,13.06757]},"properties":{"cell_id":68339,"case_count":1,"gi_zscore":-0.1352,"gi_pvalue":0.463,"significance":"not_sig"}},{"type":"Feature","geometry":{"type":"Point","coordinates":[77.61176,13.06757]},"properties":{"cell_id":68341,"case_count":1,"gi_zscore":-0.1352,"gi_pvalue":0.463,"significance":"not_sig"}},{"type":"Feature","geometry":{"type":"Point","coordinates":[77.62353,13.06757]},"properties":{"cell_id":68342,"case_count":2,"gi_zscore":-0.1206,"gi_pvalue":0.335,"significance":"not_sig"}},{"type":"Feature","geometry":{"type":"Point","coordinates":[77.63529,13.06757]},"properties":{"cell_id":68343,"case_count":2,"gi_zscore":-0.1176,"gi_pvalue":0.273,"significance":"not_sig"}},{"type":"Feature","geometry":{"type":"Point","coordinates":[77.64706,13.06757]},"properties":{"cell_id":68344,"case_count":1,"gi_zscore":0.5629,"gi_pvalue":0.087,"significance":"hot_90"}},{"type":"Feature","geometry":{"type":"Point","coordinates":[77.67059,13.06757]},"properties":{"cell_id":68346,"case_count":1,"gi_zscore":3.2264,"gi_pvalue":0.001,"significance":"hot_99"}},{"type":"Feature","geometry":{"type":"Point","coordinates":[77.68235,13.06757]},"properties":{"cell_id":68347,"case_count":89,"gi_zscore":3.8688,"gi_pvalue":0.001,"significance":"hot_99"}},{"type":"Feature","geometry":{"type":"Point","coordinates":[77.69412,13.06757]},"properties":{"cell_id":68348,"case_count":286,"gi_zscore":4.2882,"gi_pvalue":0.001,"significance":"hot_99"}},{"type":"Feature","geometry":{"type":"Point","coordinates":[77.78824,13.06757]},"properties":{"cell_id":68356,"case_count":4,"gi_zscore":-0.1206,"gi_pvalue":0.403,"significance":"not_sig"}},{"type":"Feature","geometry":{"type":"Point","coordinates":[77.81176,13.06757]},"properties":{"cell_id":68358,"case_count":1,"gi_zscore":-0.1235,"gi_pvalue":0.332,"significance":"not_sig"}},{"type":"Feature","geometry":{"type":"Point","coordinates":[74.81176,13.07658]},"properties":{"cell_id":68494,"case_count":1,"gi_zscore":-0.1382,"gi_pvalue":0.318,"significance":"not_sig"}},{"type":"Feature","geometry":{"type":"Point","coordinates":[75.14118,13.07658]},"properties":{"cell_id":68522,"case_count":1,"gi_zscore":-0.1411,"gi_pvalue":0.181,"significance":"not_sig"}},{"type":"Feature","geometry":{"type":"Point","coordinates":[77.42353,13.07658]},"properties":{"cell_id":68716,"case_count":1,"gi_zscore":-0.1411,"gi_pvalue":0.181,"significance":"not_sig"}},{"type":"Feature","geometry":{"type":"Point","coordinates":[77.47059,13.07658]},"properties":{"cell_id":68720,"case_count":1,"gi_zscore":-0.1352,"gi_pvalue":0.468,"significance":"not_sig"}},{"type":"Feature","geometry":{"type":"Point","coordinates":[77.51765,13.07658]},"properties":{"cell_id":68724,"case_count":2,"gi_zscore":-0.144,"gi_pvalue":0.001,"significance":"cold_99"}},{"type":"Feature","geometry":{"type":"Point","coordinates":[77.55294,13.07658]},"properties":{"cell_id":68727,"case_count":1,"gi_zscore":-0.1382,"gi_pvalue":0.318,"significance":"not_sig"}},{"type":"Feature","geometry":{"type":"Point","coordinates":[77.61176,13.07658]},"properties":{"cell_id":68732,"case_count":1,"gi_zscore":-0.1323,"gi_pvalue":0.436,"significance":"not_sig"}},{"type":"Feature","geometry":{"type":"Point","coordinates":[77.63529,13.07658]},"properties":{"cell_id":68734,"case_count":5,"gi_zscore":-0.1235,"gi_pvalue":0.413,"significance":"not_sig"}},{"type":"Feature","geometry":{"type":"Point","coordinates":[77.68235,13.07658]},"properties":{"cell_id":68738,"case_count":1,"gi_zscore":4.2002,"gi_pvalue":0.001,"significance":"hot_99"}},{"type":"Feature","geometry":{"type":"Point","coordinates":[77.69412,13.07658]},"properties":{"cell_id":68739,"case_count":220,"gi_zscore":4.2002,"gi_pvalue":0.001,"significance":"hot_99"}},{"type":"Feature","geometry":{"type":"Point","coordinates":[77.70588,13.07658]},"properties":{"cell_id":68740,"case_count":166,"gi_zscore":4.4701,"gi_pvalue":0.001,"significance":"hot_99"}},{"type":"Feature","geometry":{"type":"Point","coordinates":[77.77647,13.07658]},"properties":{"cell_id":68746,"case_count":1,"gi_zscore":-0.1206,"gi_pvalue":0.285,"significance":"not_sig"}},{"type":"Feature","geometry":{"type":"Point","coordinates":[77.78824,13.07658]},"properties":{"cell_id":68747,"case_count":5,"gi_zscore":-0.1206,"gi_pvalue":0.481,"significance":"not_sig"}},{"type":"Feature","geometry":{"type":"Point","coordinates":[77.8,13.07658]},"properties":{"cell_id":68748,"case_count":2,"gi_zscore":-0.1206,"gi_pvalue":0.286,"significance":"not_sig"}},{"type":"Feature","geometry":{"type":"Point","coordinates":[77.81176,13.07658]},"properties":{"cell_id":68749,"case_count":1,"gi_zscore":-0.1235,"gi_pvalue":0.286,"significance":"not_sig"}},{"type":"Feature","geometry":{"type":"Point","coordinates":[75.0,13.08559]},"properties":{"cell_id":68901,"case_count":1,"gi_zscore":-0.1352,"gi_pvalue":0.41,"significance":"not_sig"}},{"type":"Feature","geometry":{"type":"Point","coordinates":[76.08235,13.08559]},"properties":{"cell_id":68993,"case_count":1,"gi_zscore":-0.144,"gi_pvalue":0.18,"significance":"not_sig"}},{"type":"Feature","geometry":{"type":"Point","coordinates":[76.21176,13.08559]},"properties":{"cell_id":69004,"case_count":1,"gi_zscore":-0.144,"gi_pvalue":0.18,"significance":"not_sig"}},{"type":"Feature","geometry":{"type":"Point","coordinates":[77.38824,13.08559]},"properties":{"cell_id":69104,"case_count":1,"gi_zscore":-0.1323,"gi_pvalue":0.437,"significance":"not_sig"}},{"type":"Feature","geometry":{"type":"Point","coordinates":[77.41176,13.08559]},"properties":{"cell_id":69106,"case_count":2,"gi_zscore":-0.1323,"gi_pvalue":0.49,"significance":"not_sig"}},{"type":"Feature","geometry":{"type":"Point","coordinates":[77.42353,13.08559]},"properties":{"cell_id":69107,"case_count":1,"gi_zscore":-0.1323,"gi_pvalue":0.437,"significance":"not_sig"}},{"type":"Feature","geometry":{"type":"Point","coordinates":[77.48235,13.08559]},"properties":{"cell_id":69112,"case_count":1,"gi_zscore":-0.1382,"gi_pvalue":0.315,"significance":"not_sig"}},{"type":"Feature","geometry":{"type":"Point","coordinates":[77.50588,13.08559]},"properties":{"cell_id":69114,"case_count":1,"gi_zscore":-0.1411,"gi_pvalue":0.179,"significance":"not_sig"}},{"type":"Feature","geometry":{"type":"Point","coordinates":[77.54118,13.08559]},"properties":{"cell_id":69117,"case_count":1,"gi_zscore":-0.1352,"gi_pvalue":0.465,"significance":"not_sig"}},{"type":"Feature","geometry":{"type":"Point","coordinates":[77.55294,13.08559]},"properties":{"cell_id":69118,"case_count":2,"gi_zscore":-0.1382,"gi_pvalue":0.181,"significance":"not_sig"}},{"type":"Feature","geometry":{"type":"Point","coordinates":[77.56471,13.08559]},"properties":{"cell_id":69119,"case_count":2,"gi_zscore":-0.1382,"gi_pvalue":0.181,"significance":"not_sig"}},{"type":"Feature","geometry":{"type":"Point","coordinates":[77.57647,13.08559]},"properties":{"cell_id":69120,"case_count":1,"gi_zscore":-0.1382,"gi_pvalue":0.316,"significance":"not_sig"}},{"type":"Feature","geometry":{"type":"Point","coordinates":[77.6,13.08559]},"properties":{"cell_id":69122,"case_count":1,"gi_zscore":-0.144,"gi_pvalue":0.062,"significance":"cold_90"}},{"type":"Feature","geometry":{"type":"Point","coordinates":[77.68235,13.08559]},"properties":{"cell_id":69129,"case_count":1,"gi_zscore":3.1178,"gi_pvalue":0.001,"significance":"hot_99"}},{"type":"Feature","geometry":{"type":"Point","coordinates":[77.70588,13.08559]},"properties":{"cell_id":69131,"case_count":356,"gi_zscore":4.3909,"gi_pvalue":0.001,"significance":"hot_99"}},{"type":"Feature","geometry":{"type":"Point","coordinates":[77.71765,13.08559]},"properties":{"cell_id":69132,"case_count":62,"gi_zscore":5.001,"gi_pvalue":0.001,"significance":"hot_99"}},{"type":"Feature","geometry":{"type":"Point","coordinates":[77.77647,13.08559]},"properties":{"cell_id":69137,"case_count":2,"gi_zscore":-0.1206,"gi_pvalue":0.329,"significance":"not_sig"}},{"type":"Feature","geometry":{"type":"Point","coordinates":[77.82353,13.08559]},"properties":{"cell_id":69141,"case_count":1,"gi_zscore":-0.1206,"gi_pvalue":0.267,"significance":"not_sig"}},{"type":"Feature","geometry":{"type":"Point","coordinates":[77.83529,13.08559]},"properties":{"cell_id":69142,"case_count":1,"gi_zscore":-0.1235,"gi_pvalue":0.284,"significance":"not_sig"}},{"type":"Feature","geometry":{"type":"Point","coordinates":[75.61176,13.09459]},"properties":{"cell_id":69344,"case_count":1,"gi_zscore":-0.147,"gi_pvalue":0.062,"significance":"cold_90"}},{"type":"Feature","geometry":{"type":"Point","coordinates":[75.67059,13.09459]},"properties":{"cell_id":69349,"case_count":1,"gi_zscore":-0.147,"gi_pvalue":0.062,"significance":"cold_90"}},{"type":"Feature","geometry":{"type":"Point","coordinates":[76.54118,13.09459]},"properties":{"cell_id":69423,"case_count":1,"gi_zscore":-0.144,"gi_pvalue":0.182,"significance":"not_sig"}},{"type":"Feature","geometry":{"type":"Point","coordinates":[77.38824,13.09459]},"properties":{"cell_id":69495,"case_count":4,"gi_zscore":-0.1323,"gi_pvalue":0.306,"significance":"not_sig"}},{"type":"Feature","geometry":{"type":"Point","coordinates":[77.4,13.09459]},"properties":{"cell_id":69496,"case_count":1,"gi_zscore":-0.1323,"gi_pvalue":0.438,"significance":"not_sig"}},{"type":"Feature","geometry":{"type":"Point","coordinates":[77.41176,13.09459]},"properties":{"cell_id":69497,"case_count":2,"gi_zscore":-0.1323,"gi_pvalue":0.491,"significance":"not_sig"}},{"type":"Feature","geometry":{"type":"Point","coordinates":[77.49412,13.09459]},"properties":{"cell_id":69504,"case_count":2,"gi_zscore":-0.1411,"gi_pvalue":0.062,"significance":"cold_90"}},{"type":"Feature","geometry":{"type":"Point","coordinates":[77.51765,13.09459]},"properties":{"cell_id":69506,"case_count":1,"gi_zscore":-0.1411,"gi_pvalue":0.183,"significance":"not_sig"}},{"type":"Feature","geometry":{"type":"Point","coordinates":[77.52941,13.09459]},"properties":{"cell_id":69507,"case_count":1,"gi_zscore":-0.1382,"gi_pvalue":0.318,"significance":"not_sig"}},{"type":"Feature","geometry":{"type":"Point","coordinates":[77.54118,13.09459]},"properties":{"cell_id":69508,"case_count":1,"gi_zscore":-0.1382,"gi_pvalue":0.318,"significance":"not_sig"}},{"type":"Feature","geometry":{"type":"Point","coordinates":[77.56471,13.09459]},"properties":{"cell_id":69510,"case_count":1,"gi_zscore":-0.1352,"gi_pvalue":0.467,"significance":"not_sig"}},{"type":"Feature","geometry":{"type":"Point","coordinates":[77.57647,13.09459]},"properties":{"cell_id":69511,"case_count":1,"gi_zscore":-0.1352,"gi_pvalue":0.467,"significance":"not_sig"}},{"type":"Feature","geometry":{"type":"Point","coordinates":[77.6,13.09459]},"properties":{"cell_id":69513,"case_count":1,"gi_zscore":-0.144,"gi_pvalue":0.061,"significance":"cold_90"}},{"type":"Feature","geometry":{"type":"Point","coordinates":[77.62353,13.09459]},"properties":{"cell_id":69515,"case_count":1,"gi_zscore":-0.1352,"gi_pvalue":0.491,"significance":"not_sig"}},{"type":"Feature","geometry":{"type":"Point","coordinates":[77.65882,13.09459]},"properties":{"cell_id":69518,"case_count":2,"gi_zscore":-0.1323,"gi_pvalue":0.492,"significance":"not_sig"}},{"type":"Feature","geometry":{"type":"Point","coordinates":[77.71765,13.09459]},"properties":{"cell_id":69523,"case_count":401,"gi_zscore":5.6229,"gi_pvalue":0.001,"significance":"hot_99"}},{"type":"Feature","geometry":{"type":"Point","coordinates":[77.87059,13.09459]},"properties":{"cell_id":69536,"case_count":1,"gi_zscore":-0.1382,"gi_pvalue":0.321,"significance":"not_sig"}},{"type":"Feature","geometry":{"type":"Point","coordinates":[76.24706,13.1036]},"properties":{"cell_id":69789,"case_count":1,"gi_zscore":-0.1411,"gi_pvalue":0.183,"significance":"not_sig"}},{"type":"Feature","geometry":{"type":"Point","coordinates":[77.41176,13.1036]},"properties":{"cell_id":69888,"case_count":1,"gi_zscore":-0.1323,"gi_pvalue":0.434,"significance":"not_sig"}},{"type":"Feature","geometry":{"type":"Point","coordinates":[77.47059,13.1036]},"properties":{"cell_id":69893,"case_count":1,"gi_zscore":-0.144,"gi_pvalue":0.061,"significance":"cold_90"}},{"type":"Feature","geometry":{"type":"Point","coordinates":[77.55294,13.1036]},"properties":{"cell_id":69900,"case_count":2,"gi_zscore":-0.1382,"gi_pvalue":0.184,"significance":"not_sig"}},{"type":"Feature","geometry":{"type":"Point","coordinates":[77.58824,13.1036]},"properties":{"cell_id":69903,"case_count":2,"gi_zscore":-0.144,"gi_pvalue":0.001,"significance":"cold_99"}},{"type":"Feature","geometry":{"type":"Point","coordinates":[77.6,13.1036]},"properties":{"cell_id":69904,"case_count":1,"gi_zscore":-0.144,"gi_pvalue":0.06,"significance":"cold_90"}},{"type":"Feature","geometry":{"type":"Point","coordinates":[77.62353,13.1036]},"properties":{"cell_id":69906,"case_count":1,"gi_zscore":-0.1352,"gi_pvalue":0.491,"significance":"not_sig"}},{"type":"Feature","geometry":{"type":"Point","coordinates":[77.63529,13.1036]},"properties":{"cell_id":69907,"case_count":1,"gi_zscore":-0.1323,"gi_pvalue":0.434,"significance":"not_sig"}},{"type":"Feature","geometry":{"type":"Point","coordinates":[77.64706,13.1036]},"properties":{"cell_id":69908,"case_count":1,"gi_zscore":-0.1323,"gi_pvalue":0.434,"significance":"not_sig"}},{"type":"Feature","geometry":{"type":"Point","coordinates":[77.71765,13.1036]},"properties":{"cell_id":69914,"case_count":63,"gi_zscore":5.9368,"gi_pvalue":0.001,"significance":"hot_99"}},{"type":"Feature","geometry":{"type":"Point","coordinates":[77.72941,13.1036]},"properties":{"cell_id":69915,"case_count":317,"gi_zscore":4.6725,"gi_pvalue":0.001,"significance":"hot_99"}},{"type":"Feature","geometry":{"type":"Point","coordinates":[76.24706,13.11261]},"properties":{"cell_id":70180,"case_count":1,"gi_zscore":-0.1411,"gi_pvalue":0.182,"significance":"not_sig"}},{"type":"Feature","geometry":{"type":"Point","coordinates":[77.36471,13.11261]},"properties":{"cell_id":70275,"case_count":1,"gi_zscore":-0.1294,"gi_pvalue":0.383,"significance":"not_sig"}},{"type":"Feature","geometry":{"type":"Point","coordinates":[77.72941,13.11261]},"properties":{"cell_id":70306,"case_count":177,"gi_zscore":4.6725,"gi_pvalue":0.001,"significance":"hot_99"}},{"type":"Feature","geometry":{"type":"Point","coordinates":[77.74118,13.11261]},"properties":{"cell_id":70307,"case_count":214,"gi_zscore":4.4848,"gi_pvalue":0.001,"significance":"hot_99"}},{"type":"Feature","geometry":{"type":"Point","coordinates":[78.14118,13.11261]},"properties":{"cell_id":70341,"case_count":1,"gi_zscore":-0.1352,"gi_pvalue":0.467,"significance":"not_sig"}},{"type":"Feature","geometry":{"type":"Point","coordinates":[76.11765,13.12162]},"properties":{"cell_id":70560,"case_count":1,"gi_zscore":-0.144,"gi_pvalue":0.182,"significance":"not_sig"}},{"type":"Feature","geometry":{"type":"Point","coordinates":[76.96471,13.12162]},"properties":{"cell_id":70632,"case_count":1,"gi_zscore":-0.144,"gi_pvalue":0.182,"significance":"not_sig"}},{"type":"Feature","geometry":{"type":"Point","coordinates":[77.02353,13.12162]},"properties":{"cell_id":70637,"case_count":1,"gi_zscore":-0.144,"gi_pvalue":0.182,"significance":"not_sig"}},{"type":"Feature","geometry":{"type":"Point","coordinates":[77.56471,13.12162]},"properties":{"cell_id":70683,"case_count":1,"gi_zscore":-0.1411,"gi_pvalue":0.182,"significance":"not_sig"}},{"type":"Feature","geometry":{"type":"Point","coordinates":[77.58824,13.12162]},"properties":{"cell_id":70685,"case_count":1,"gi_zscore":-0.144,"gi_pvalue":0.182,"significance":"not_sig"}},{"type":"Feature","geometry":{"type":"Point","coordinates":[77.62353,13.12162]},"properties":{"cell_id":70688,"case_count":1,"gi_zscore":-0.144,"gi_pvalue":0.059,"significance":"cold_90"}},{"type":"Feature","geometry":{"type":"Point","coordinates":[77.63529,13.12162]},"properties":{"cell_id":70689,"case_count":1,"gi_zscore":-0.1411,"gi_pvalue":0.182,"significance":"not_sig"}},{"type":"Feature","geometry":{"type":"Point","coordinates":[77.74118,13.12162]},"properties":{"cell_id":70698,"case_count":327,"gi_zscore":5.312,"gi_pvalue":0.001,"significance":"hot_99"}},{"type":"Feature","geometry":{"type":"Point","coordinates":[77.75294,13.12162]},"properties":{"cell_id":70699,"case_count":90,"gi_zscore":4.8104,"gi_pvalue":0.001,"significance":"hot_99"}},{"type":"Feature","geometry":{"type":"Point","coordinates":[77.85882,13.12162]},"properties":{"cell_id":70708,"case_count":1,"gi_zscore":-0.1382,"gi_pvalue":0.325,"significance":"not_sig"}},{"type":"Feature","geometry":{"type":"Point","coordinates":[77.90588,13.12162]},"properties":{"cell_id":70712,"case_count":1,"gi_zscore":-0.1382,"gi_pvalue":0.325,"significance":"not_sig"}},{"type":"Feature","geometry":{"type":"Point","coordinates":[74.76471,13.13063]},"properties":{"cell_id":70836,"case_count":1,"gi_zscore":-0.1382,"gi_pvalue":0.325,"significance":"not_sig"}},{"type":"Feature","geometry":{"type":"Point","coordinates":[75.58824,13.13063]},"properties":{"cell_id":70906,"case_count":1,"gi_zscore":-0.147,"gi_pvalue":0.059,"significance":"cold_90"}},{"type":"Feature","geometry":{"type":"Point","coordinates":[77.4,13.13063]},"properties":{"cell_id":71060,"case_count":1,"gi_zscore":-0.1323,"gi_pvalue":0.43,"significance":"not_sig"}},{"type":"Feature","geometry":{"type":"Point","coordinates":[77.52941,13.13063]},"properties":{"cell_id":71071,"case_count":2,"gi_zscore":-0.1411,"gi_pvalue":0.06,"significance":"cold_90"}},{"type":"Feature","geometry":{"type":"Point","coordinates":[77.74118,13.13063]},"properties":{"cell_id":71089,"case_count":1,"gi_zscore":5.312,"gi_pvalue":0.001,"significance":"hot_99"}},{"type":"Feature","geometry":{"type":"Point","coordinates":[77.75294,13.13063]},"properties":{"cell_id":71090,"case_count":368,"gi_zscore":5.0098,"gi_pvalue":0.001,"significance":"hot_99"}},{"type":"Feature","geometry":{"type":"Point","coordinates":[77.92941,13.13063]},"properties":{"cell_id":71105,"case_count":3,"gi_zscore":-0.1382,"gi_pvalue":0.185,"significance":"not_sig"}},{"type":"Feature","geometry":{"type":"Point","coordinates":[75.63529,13.13964]},"properties":{"cell_id":71301,"case_count":1,"gi_zscore":-0.147,"gi_pvalue":0.06,"significance":"cold_90"}},{"type":"Feature","geometry":{"type":"Point","coordinates":[75.64706,13.13964]},"properties":{"cell_id":71302,"case_count":1,"gi_zscore":-0.147,"gi_pvalue":0.06,"significance":"cold_90"}},{"type":"Feature","geometry":{"type":"Point","coordinates":[77.31765,13.13964]},"properties":{"cell_id":71444,"case_count":2,"gi_zscore":-0.144,"gi_pvalue":0.06,"significance":"cold_90"}},{"type":"Feature","geometry":{"type":"Point","coordinates":[77.48235,13.13964]},"properties":{"cell_id":71458,"case_count":1,"gi_zscore":-0.1411,"gi_pvalue":0.185,"significance":"not_sig"}},{"type":"Feature","geometry":{"type":"Point","coordinates":[77.56471,13.13964]},"properties":{"cell_id":71465,"case_count":1,"gi_zscore":-0.1323,"gi_pvalue":0.479,"significance":"not_sig"}},{"type":"Feature","geometry":{"type":"Point","coordinates":[77.63529,13.13964]},"properties":{"cell_id":71471,"case_count":2,"gi_zscore":-0.144,"gi_pvalue":0.06,"significance":"cold_90"}},{"type":"Feature","geometry":{"type":"Point","coordinates":[77.75294,13.13964]},"properties":{"cell_id":71481,"case_count":31,"gi_zscore":5.0098,"gi_pvalue":0.001,"significance":"hot_99"}},{"type":"Feature","geometry":{"type":"Point","coordinates":[77.76471,13.13964]},"properties":{"cell_id":71482,"case_count":345,"gi_zscore":5.1594,"gi_pvalue":0.001,"significance":"hot_99"}},{"type":"Feature","geometry":{"type":"Point","coordinates":[76.68235,13.14865]},"properties":{"cell_id":71781,"case_count":1,"gi_zscore":-0.147,"gi_pvalue":0.06,"significance":"cold_90"}},{"type":"Feature","geometry":{"type":"Point","coordinates":[77.08235,13.14865]},"properties":{"cell_id":71815,"case_count":1,"gi_zscore":-0.147,"gi_pvalue":0.06,"significance":"cold_90"}},{"type":"Feature","geometry":{"type":"Point","coordinates":[77.55294,13.14865]},"properties":{"cell_id":71855,"case_count":1,"gi_zscore":-0.1352,"gi_pvalue":0.414,"significance":"not_sig"}},{"type":"Feature","geometry":{"type":"Point","coordinates":[77.67059,13.14865]},"properties":{"cell_id":71865,"case_count":1,"gi_zscore":-0.144,"gi_pvalue":0.184,"significance":"not_sig"}},{"type":"Feature","geometry":{"type":"Point","coordinates":[77.76471,13.14865]},"properties":{"cell_id":71873,"case_count":146,"gi_zscore":5.8576,"gi_pvalue":0.001,"significance":"hot_99"}},{"type":"Feature","geometry":{"type":"Point","coordinates":[77.77647,13.14865]},"properties":{"cell_id":71874,"case_count":245,"gi_zscore":5.8576,"gi_pvalue":0.001,"significance":"hot_99"}},{"type":"Feature","geometry":{"type":"Point","coordinates":[75.69412,13.15766]},"properties":{"cell_id":72088,"case_count":1,"gi_zscore":-0.144,"gi_pvalue":0.061,"significance":"cold_90"}},{"type":"Feature","geometry":{"type":"Point","coordinates":[76.42353,13.15766]},"properties":{"cell_id":72150,"case_count":2,"gi_zscore":-0.1411,"gi_pvalue":0.061,"significance":"cold_90"}},{"type":"Feature","geometry":{"type":"Point","coordinates":[77.03529,13.15766]},"properties":{"cell_id":72202,"case_count":1,"gi_zscore":-0.144,"gi_pvalue":0.184,"significance":"not_sig"}},{"type":"Feature","geometry":{"type":"Point","coordinates":[77.32941,13.15766]},"properties":{"cell_id":72227,"case_count":1,"gi_zscore":-0.1352,"gi_pvalue":0.472,"significance":"not_sig"}},{"type":"Feature","geometry":{"type":"Point","coordinates":[77.61176,13.15766]},"properties":{"cell_id":72251,"case_count":1,"gi_zscore":-0.144,"gi_pvalue":0.184,"significance":"not_sig"}},{"type":"Feature","geometry":{"type":"Point","coordinates":[77.62353,13.15766]},"properties":{"cell_id":72252,"case_count":1,"gi_zscore":-0.144,"gi_pvalue":0.184,"significance":"not_sig"}},{"type":"Feature","geometry":{"type":"Point","coordinates":[77.63529,13.15766]},"properties":{"cell_id":72253,"case_count":1,"gi_zscore":-0.144,"gi_pvalue":0.184,"significance":"not_sig"}},{"type":"Feature","geometry":{"type":"Point","coordinates":[77.77647,13.15766]},"properties":{"cell_id":72265,"case_count":265,"gi_zscore":4.5493,"gi_pvalue":0.001,"significance":"hot_99"}},{"type":"Feature","geometry":{"type":"Point","coordinates":[77.78824,13.15766]},"properties":{"cell_id":72266,"case_count":145,"gi_zscore":4.4642,"gi_pvalue":0.001,"significance":"hot_99"}},{"type":"Feature","geometry":{"type":"Point","coordinates":[76.48235,13.16667]},"properties":{"cell_id":72546,"case_count":1,"gi_zscore":-0.1411,"gi_pvalue":0.186,"significance":"not_sig"}},{"type":"Feature","geometry":{"type":"Point","coordinates":[76.55294,13.16667]},"properties":{"cell_id":72552,"case_count":1,"gi_zscore":-0.147,"gi_pvalue":0.063,"significance":"cold_90"}},{"type":"Feature","geometry":{"type":"Point","coordinates":[76.85882,13.16667]},"properties":{"cell_id":72578,"case_count":1,"gi_zscore":-0.144,"gi_pvalue":0.063,"significance":"cold_90"}},{"type":"Feature","geometry":{"type":"Point","coordinates":[77.61176,13.16667]},"properties":{"cell_id":72642,"case_count":1,"gi_zscore":-0.144,"gi_pvalue":0.186,"significance":"not_sig"}},{"type":"Feature","geometry":{"type":"Point","coordinates":[77.65882,13.16667]},"properties":{"cell_id":72646,"case_count":1,"gi_zscore":-0.144,"gi_pvalue":0.186,"significance":"not_sig"}},{"type":"Feature","geometry":{"type":"Point","coordinates":[77.78824,13.16667]},"properties":{"cell_id":72657,"case_count":421,"gi_zscore":3.4581,"gi_pvalue":0.001,"significance":"hot_99"}},{"type":"Feature","geometry":{"type":"Point","coordinates":[74.82353,13.17568]},"properties":{"cell_id":72796,"case_count":1,"gi_zscore":-0.144,"gi_pvalue":0.187,"significance":"not_sig"}},{"type":"Feature","geometry":{"type":"Point","coordinates":[76.68235,13.17568]},"properties":{"cell_id":72954,"case_count":1,"gi_zscore":-0.147,"gi_pvalue":0.064,"significance":"cold_90"}},{"type":"Feature","geometry":{"type":"Point","coordinates":[77.56471,13.17568]},"properties":{"cell_id":73029,"case_count":3,"gi_zscore":-0.1411,"gi_pvalue":0.064,"significance":"cold_90"}},{"type":"Feature","geometry":{"type":"Point","coordinates":[77.57647,13.17568]},"properties":{"cell_id":73030,"case_count":1,"gi_zscore":-0.1411,"gi_pvalue":0.186,"significance":"not_sig"}},{"type":"Feature","geometry":{"type":"Point","coordinates":[77.63529,13.17568]},"properties":{"cell_id":73035,"case_count":1,"gi_zscore":-0.144,"gi_pvalue":0.186,"significance":"not_sig"}},{"type":"Feature","geometry":{"type":"Point","coordinates":[77.8,13.17568]},"properties":{"cell_id":73049,"case_count":11,"gi_zscore":3.4581,"gi_pvalue":0.001,"significance":"hot_99"}},{"type":"Feature","geometry":{"type":"Point","coordinates":[77.81176,13.17568]},"properties":{"cell_id":73050,"case_count":2,"gi_zscore":3.4581,"gi_pvalue":0.001,"significance":"hot_99"}},{"type":"Feature","geometry":{"type":"Point","coordinates":[77.95294,13.17568]},"properties":{"cell_id":73062,"case_count":1,"gi_zscore":-0.1382,"gi_pvalue":0.317,"significance":"not_sig"}},{"type":"Feature","geometry":{"type":"Point","coordinates":[74.95294,13.18468]},"properties":{"cell_id":73198,"case_count":1,"gi_zscore":-0.144,"gi_pvalue":0.184,"significance":"not_sig"}},{"type":"Feature","geometry":{"type":"Point","coordinates":[77.22353,13.18468]},"properties":{"cell_id":73391,"case_count":1,"gi_zscore":-0.147,"gi_pvalue":0.063,"significance":"cold_90"}},{"type":"Feature","geometry":{"type":"Point","coordinates":[77.28235,13.18468]},"properties":{"cell_id":73396,"case_count":1,"gi_zscore":-0.144,"gi_pvalue":0.184,"significance":"not_sig"}},{"type":"Feature","geometry":{"type":"Point","coordinates":[77.55294,13.18468]},"properties":{"cell_id":73419,"case_count":1,"gi_zscore":-0.1352,"gi_pvalue":0.473,"significance":"not_sig"}},{"type":"Feature","geometry":{"type":"Point","coordinates":[77.64706,13.18468]},"properties":{"cell_id":73427,"case_count":1,"gi_zscore":-0.147,"gi_pvalue":0.063,"significance":"cold_90"}},{"type":"Feature","geometry":{"type":"Point","coordinates":[77.69412,13.18468]},"properties":{"cell_id":73431,"case_count":1,"gi_zscore":-0.144,"gi_pvalue":0.063,"significance":"cold_90"}},{"type":"Feature","geometry":{"type":"Point","coordinates":[77.8,13.18468]},"properties":{"cell_id":73440,"case_count":1,"gi_zscore":3.4581,"gi_pvalue":0.001,"significance":"hot_99"}},{"type":"Feature","geometry":{"type":"Point","coordinates":[75.45882,13.19369]},"properties":{"cell_id":73632,"case_count":1,"gi_zscore":-0.147,"gi_pvalue":0.063,"significance":"cold_90"}},{"type":"Feature","geometry":{"type":"Point","coordinates":[76.47059,13.19369]},"properties":{"cell_id":73718,"case_count":1,"gi_zscore":-0.1411,"gi_pvalue":0.184,"significance":"not_sig"}},{"type":"Feature","geometry":{"type":"Point","coordinates":[77.28235,13.19369]},"properties":{"cell_id":73787,"case_count":1,"gi_zscore":-0.147,"gi_pvalue":0.063,"significance":"cold_90"}},{"type":"Feature","geometry":{"type":"Point","coordinates":[77.36471,13.19369]},"properties":{"cell_id":73794,"case_count":1,"gi_zscore":-0.144,"gi_pvalue":0.184,"significance":"not_sig"}},{"type":"Feature","geometry":{"type":"Point","coordinates":[77.52941,13.19369]},"properties":{"cell_id":73808,"case_count":1,"gi_zscore":-0.1352,"gi_pvalue":0.473,"significance":"not_sig"}},{"type":"Feature","geometry":{"type":"Point","coordinates":[77.61176,13.19369]},"properties":{"cell_id":73815,"case_count":1,"gi_zscore":-0.1411,"gi_pvalue":0.184,"significance":"not_sig"}},{"type":"Feature","geometry":{"type":"Point","coordinates":[77.68235,13.19369]},"properties":{"cell_id":73821,"case_count":1,"gi_zscore":-0.144,"gi_pvalue":0.063,"significance":"cold_90"}},{"type":"Feature","geometry":{"type":"Point","coordinates":[77.8,13.19369]},"properties":{"cell_id":73831,"case_count":2,"gi_zscore":3.4581,"gi_pvalue":0.001,"significance":"hot_99"}},{"type":"Feature","geometry":{"type":"Point","coordinates":[78.01176,13.19369]},"properties":{"cell_id":73849,"case_count":1,"gi_zscore":-0.1382,"gi_pvalue":0.332,"significance":"not_sig"}},{"type":"Feature","geometry":{"type":"Point","coordinates":[75.41176,13.2027]},"properties":{"cell_id":74019,"case_count":1,"gi_zscore":-0.147,"gi_pvalue":0.063,"significance":"cold_90"}},{"type":"Feature","geometry":{"type":"Point","coordinates":[77.70588,13.2027]},"properties":{"cell_id":74214,"case_count":2,"gi_zscore":-0.1411,"gi_pvalue":0.064,"significance":"cold_90"}},{"type":"Feature","geometry":{"type":"Point","coordinates":[77.90588,13.2027]},"properties":{"cell_id":74231,"case_count":1,"gi_zscore":-0.1352,"gi_pvalue":0.472,"significance":"not_sig"}},{"type":"Feature","geometry":{"type":"Point","coordinates":[74.76471,13.21171]},"properties":{"cell_id":74355,"case_count":1,"gi_zscore":-0.144,"gi_pvalue":0.063,"significance":"cold_90"}},{"type":"Feature","geometry":{"type":"Point","coordinates":[75.0,13.21171]},"properties":{"cell_id":74375,"case_count":1,"gi_zscore":-0.144,"gi_pvalue":0.187,"significance":"not_sig"}},{"type":"Feature","geometry":{"type":"Point","coordinates":[75.98824,13.21171]},"properties":{"cell_id":74459,"case_count":1,"gi_zscore":-0.144,"gi_pvalue":0.063,"significance":"cold_90"}},{"type":"Feature","geometry":{"type":"Point","coordinates":[76.65882,13.21171]},"properties":{"cell_id":74516,"case_count":1,"gi_zscore":-0.147,"gi_pvalue":0.063,"significance":"cold_90"}},{"type":"Feature","geometry":{"type":"Point","coordinates":[77.0,13.21171]},"properties":{"cell_id":74545,"case_count":1,"gi_zscore":-0.147,"gi_pvalue":0.063,"significance":"cold_90"}},{"type":"Feature","geometry":{"type":"Point","coordinates":[77.25882,13.21171]},"properties":{"cell_id":74567,"case_count":1,"gi_zscore":-0.147,"gi_pvalue":0.063,"significance":"cold_90"}},{"type":"Feature","geometry":{"type":"Point","coordinates":[76.42353,13.22072]},"properties":{"cell_id":74887,"case_count":1,"gi_zscore":-0.1352,"gi_pvalue":0.472,"significance":"not_sig"}},{"type":"Feature","geometry":{"type":"Point","coordinates":[77.03529,13.22072]},"properties":{"cell_id":74939,"case_count":1,"gi_zscore":-0.147,"gi_pvalue":0.063,"significance":"cold_90"}},{"type":"Feature","geometry":{"type":"Point","coordinates":[77.24706,13.22072]},"properties":{"cell_id":74957,"case_count":1,"gi_zscore":-0.147,"gi_pvalue":0.063,"significance":"cold_90"}},{"type":"Feature","geometry":{"type":"Point","coordinates":[77.25882,13.22072]},"properties":{"cell_id":74958,"case_count":1,"gi_zscore":-0.147,"gi_pvalue":0.063,"significance":"cold_90"}},{"type":"Feature","geometry":{"type":"Point","coordinates":[77.30588,13.22072]},"properties":{"cell_id":74962,"case_count":1,"gi_zscore":-0.147,"gi_pvalue":0.063,"significance":"cold_90"}},{"type":"Feature","geometry":{"type":"Point","coordinates":[77.50588,13.22072]},"properties":{"cell_id":74979,"case_count":1,"gi_zscore":-0.1352,"gi_pvalue":0.472,"significance":"not_sig"}},{"type":"Feature","geometry":{"type":"Point","coordinates":[77.56471,13.22072]},"properties":{"cell_id":74984,"case_count":1,"gi_zscore":-0.1352,"gi_pvalue":0.472,"significance":"not_sig"}},{"type":"Feature","geometry":{"type":"Point","coordinates":[77.61176,13.22072]},"properties":{"cell_id":74988,"case_count":2,"gi_zscore":-0.1411,"gi_pvalue":0.064,"significance":"cold_90"}},{"type":"Feature","geometry":{"type":"Point","coordinates":[76.50588,13.22973]},"properties":{"cell_id":75285,"case_count":1,"gi_zscore":-0.1382,"gi_pvalue":0.317,"significance":"not_sig"}},{"type":"Feature","geometry":{"type":"Point","coordinates":[77.55294,13.22973]},"properties":{"cell_id":75374,"case_count":2,"gi_zscore":-0.1411,"gi_pvalue":0.064,"significance":"cold_90"}},{"type":"Feature","geometry":{"type":"Point","coordinates":[77.58824,13.22973]},"properties":{"cell_id":75377,"case_count":2,"gi_zscore":-0.1382,"gi_pvalue":0.187,"significance":"not_sig"}},{"type":"Feature","geometry":{"type":"Point","coordinates":[77.24706,13.23874]},"properties":{"cell_id":75739,"case_count":1,"gi_zscore":-0.147,"gi_pvalue":0.064,"significance":"cold_90"}},{"type":"Feature","geometry":{"type":"Point","coordinates":[77.28235,13.23874]},"properties":{"cell_id":75742,"case_count":1,"gi_zscore":-0.147,"gi_pvalue":0.064,"significance":"cold_90"}},{"type":"Feature","geometry":{"type":"Point","coordinates":[77.71765,13.23874]},"properties":{"cell_id":75779,"case_count":1,"gi_zscore":-0.1411,"gi_pvalue":0.187,"significance":"not_sig"}},{"type":"Feature","geometry":{"type":"Point","coordinates":[76.47059,13.24775]},"properties":{"cell_id":76064,"case_count":1,"gi_zscore":-0.1382,"gi_pvalue":0.317,"significance":"not_sig"}},{"type":"Feature","geometry":{"type":"Point","coordinates":[76.61176,13.24775]},"properties":{"cell_id":76076,"case_count":1,"gi_zscore":-0.147,"gi_pvalue":0.064,"significance":"cold_90"}},{"type":"Feature","geometry":{"type":"Point","coordinates":[77.11765,13.24775]},"properties":{"cell_id":76119,"case_count":1,"gi_zscore":-0.1382,"gi_pvalue":0.317,"significance":"not_sig"}},{"type":"Feature","geometry":{"type":"Point","coordinates":[77.71765,13.24775]},"properties":{"cell_id":76170,"case_count":2,"gi_zscore":-0.1411,"gi_pvalue":0.065,"significance":"cold_90"}},{"type":"Feature","geometry":{"type":"Point","coordinates":[76.45882,13.25676]},"properties":{"cell_id":76454,"case_count":1,"gi_zscore":-0.1382,"gi_pvalue":0.317,"significance":"not_sig"}},{"type":"Feature","geometry":{"type":"Point","coordinates":[76.47059,13.25676]},"properties":{"cell_id":76455,"case_count":2,"gi_zscore":-0.1382,"gi_pvalue":0.187,"significance":"not_sig"}},{"type":"Feature","geometry":{"type":"Point","coordinates":[76.48235,13.25676]},"properties":{"cell_id":76456,"case_count":1,"gi_zscore":-0.1382,"gi_pvalue":0.317,"significance":"not_sig"}},{"type":"Feature","geometry":{"type":"Point","coordinates":[76.65882,13.25676]},"properties":{"cell_id":76471,"case_count":1,"gi_zscore":-0.147,"gi_pvalue":0.065,"significance":"cold_90"}},{"type":"Feature","geometry":{"type":"Point","coordinates":[77.11765,13.25676]},"properties":{"cell_id":76510,"case_count":1,"gi_zscore":-0.1382,"gi_pvalue":0.333,"significance":"not_sig"}},{"type":"Feature","geometry":{"type":"Point","coordinates":[77.23529,13.25676]},"properties":{"cell_id":76520,"case_count":1,"gi_zscore":-0.147,"gi_pvalue":0.065,"significance":"cold_90"}},{"type":"Feature","geometry":{"type":"Point","coordinates":[77.55294,13.25676]},"properties":{"cell_id":76547,"case_count":1,"gi_zscore":-0.1294,"gi_pvalue":0.434,"significance":"not_sig"}},{"type":"Feature","geometry":{"type":"Point","coordinates":[77.58824,13.25676]},"properties":{"cell_id":76550,"case_count":1,"gi_zscore":-0.1264,"gi_pvalue":0.343,"significance":"not_sig"}},{"type":"Feature","geometry":{"type":"Point","coordinates":[76.47059,13.26577]},"properties":{"cell_id":76846,"case_count":2,"gi_zscore":-0.1382,"gi_pvalue":0.187,"significance":"not_sig"}},{"type":"Feature","geometry":{"type":"Point","coordinates":[76.48235,13.26577]},"properties":{"cell_id":76847,"case_count":1,"gi_zscore":-0.1382,"gi_pvalue":0.319,"significance":"not_sig"}},{"type":"Feature","geometry":{"type":"Point","coordinates":[77.52941,13.26577]},"properties":{"cell_id":76936,"case_count":1,"gi_zscore":-0.1235,"gi_pvalue":0.315,"significance":"not_sig"}},{"type":"Feature","geometry":{"type":"Point","coordinates":[77.71765,13.26577]},"properties":{"cell_id":76952,"case_count":1,"gi_zscore":-0.1411,"gi_pvalue":0.319,"significance":"not_sig"}},{"type":"Feature","geometry":{"type":"Point","coordinates":[74.82353,13.27477]},"properties":{"cell_id":77097,"case_count":1,"gi_zscore":-0.1382,"gi_pvalue":0.319,"significance":"not_sig"}},{"type":"Feature","geometry":{"type":"Point","coordinates":[75.82353,13.27477]},"properties":{"cell_id":77182,"case_count":1,"gi_zscore":-0.1352,"gi_pvalue":0.476,"significance":"not_sig"}},{"type":"Feature","geometry":{"type":"Point","coordinates":[75.96471,13.27477]},"properties":{"cell_id":77194,"case_count":1,"gi_zscore":-0.144,"gi_pvalue":0.185,"significance":"not_sig"}},{"type":"Feature","geometry":{"type":"Point","coordinates":[76.47059,13.27477]},"properties":{"cell_id":77237,"case_count":2,"gi_zscore":-0.1382,"gi_pvalue":0.185,"significance":"not_sig"}},{"type":"Feature","geometry":{"type":"Point","coordinates":[76.56471,13.27477]},"properties":{"cell_id":77245,"case_count":1,"gi_zscore":-0.1411,"gi_pvalue":0.184,"significance":"not_sig"}},{"type":"Feature","geometry":{"type":"Point","coordinates":[77.14118,13.27477]},"properties":{"cell_id":77294,"case_count":1,"gi_zscore":-0.1382,"gi_pvalue":0.318,"significance":"not_sig"}},{"type":"Feature","geometry":{"type":"Point","coordinates":[77.37647,13.27477]},"properties":{"cell_id":77314,"case_count":1,"gi_zscore":-0.147,"gi_pvalue":0.067,"significance":"cold_90"}},{"type":"Feature","geometry":{"type":"Point","coordinates":[77.37647,13.28378]},"properties":{"cell_id":77705,"case_count":1,"gi_zscore":-0.147,"gi_pvalue":0.067,"significance":"cold_90"}},{"type":"Feature","geometry":{"type":"Point","coordinates":[77.54118,13.28378]},"properties":{"cell_id":77719,"case_count":2,"gi_zscore":-0.1264,"gi_pvalue":0.435,"significance":"not_sig"}},{"type":"Feature","geometry":{"type":"Point","coordinates":[77.55294,13.28378]},"properties":{"cell_id":77720,"case_count":2,"gi_zscore":-0.1264,"gi_pvalue":0.435,"significance":"not_sig"}},{"type":"Feature","geometry":{"type":"Point","coordinates":[77.72941,13.28378]},"properties":{"cell_id":77735,"case_count":1,"gi_zscore":-0.144,"gi_pvalue":0.185,"significance":"not_sig"}},{"type":"Feature","geometry":{"type":"Point","coordinates":[74.77647,13.29279]},"properties":{"cell_id":77875,"case_count":1,"gi_zscore":-0.1411,"gi_pvalue":0.185,"significance":"not_sig"}},{"type":"Feature","geometry":{"type":"Point","coordinates":[76.41176,13.29279]},"properties":{"cell_id":78014,"case_count":1,"gi_zscore":-0.1382,"gi_pvalue":0.333,"significance":"not_sig"}},{"type":"Feature","geometry":{"type":"Point","coordinates":[77.43529,13.29279]},"properties":{"cell_id":78101,"case_count":1,"gi_zscore":-0.144,"gi_pvalue":0.067,"significance":"cold_90"}},{"type":"Feature","geometry":{"type":"Point","coordinates":[77.52941,13.29279]},"properties":{"cell_id":78109,"case_count":1,"gi_zscore":-0.1264,"gi_pvalue":0.369,"significance":"not_sig"}},{"type":"Feature","geometry":{"type":"Point","coordinates":[77.54118,13.29279]},"properties":{"cell_id":78110,"case_count":2,"gi_zscore":-0.1264,"gi_pvalue":0.369,"significance":"not_sig"}},{"type":"Feature","geometry":{"type":"Point","coordinates":[77.55294,13.29279]},"properties":{"cell_id":78111,"case_count":3,"gi_zscore":-0.1264,"gi_pvalue":0.44,"significance":"not_sig"}},{"type":"Feature","geometry":{"type":"Point","coordinates":[77.72941,13.29279]},"properties":{"cell_id":78126,"case_count":1,"gi_zscore":-0.144,"gi_pvalue":0.182,"significance":"not_sig"}},{"type":"Feature","geometry":{"type":"Point","coordinates":[77.75294,13.29279]},"properties":{"cell_id":78128,"case_count":1,"gi_zscore":-0.144,"gi_pvalue":0.182,"significance":"not_sig"}},{"type":"Feature","geometry":{"type":"Point","coordinates":[74.74118,13.3018]},"properties":{"cell_id":78263,"case_count":1,"gi_zscore":-0.144,"gi_pvalue":0.182,"significance":"not_sig"}},{"type":"Feature","geometry":{"type":"Point","coordinates":[76.05882,13.3018]},"properties":{"cell_id":78375,"case_count":2,"gi_zscore":-0.144,"gi_pvalue":0.068,"significance":"cold_90"}},{"type":"Feature","geometry":{"type":"Point","coordinates":[77.27059,13.3018]},"properties":{"cell_id":78478,"case_count":1,"gi_zscore":-0.147,"gi_pvalue":0.068,"significance":"cold_90"}},{"type":"Feature","geometry":{"type":"Point","coordinates":[77.32941,13.3018]},"properties":{"cell_id":78483,"case_count":1,"gi_zscore":-0.147,"gi_pvalue":0.068,"significance":"cold_90"}},{"type":"Feature","geometry":{"type":"Point","coordinates":[77.55294,13.3018]},"properties":{"cell_id":78502,"case_count":3,"gi_zscore":-0.1264,"gi_pvalue":0.438,"significance":"not_sig"}},{"type":"Feature","geometry":{"type":"Point","coordinates":[77.72941,13.3018]},"properties":{"cell_id":78517,"case_count":1,"gi_zscore":-0.144,"gi_pvalue":0.181,"significance":"not_sig"}},{"type":"Feature","geometry":{"type":"Point","coordinates":[77.8,13.3018]},"properties":{"cell_id":78523,"case_count":1,"gi_zscore":-0.147,"gi_pvalue":0.067,"significance":"cold_90"}},{"type":"Feature","geometry":{"type":"Point","coordinates":[77.81176,13.3018]},"properties":{"cell_id":78524,"case_count":1,"gi_zscore":-0.144,"gi_pvalue":0.067,"significance":"cold_90"}},{"type":"Feature","geometry":{"type":"Point","coordinates":[74.74118,13.31081]},"properties":{"cell_id":78654,"case_count":2,"gi_zscore":-0.144,"gi_pvalue":0.067,"significance":"cold_90"}},{"type":"Feature","geometry":{"type":"Point","coordinates":[75.77647,13.31081]},"properties":{"cell_id":78742,"case_count":2,"gi_zscore":-0.1352,"gi_pvalue":0.334,"significance":"not_sig"}},{"type":"Feature","geometry":{"type":"Point","coordinates":[75.8,13.31081]},"properties":{"cell_id":78744,"case_count":1,"gi_zscore":-0.1352,"gi_pvalue":0.472,"significance":"not_sig"}},{"type":"Feature","geometry":{"type":"Point","coordinates":[76.61176,13.31081]},"properties":{"cell_id":78813,"case_count":1,"gi_zscore":-0.144,"gi_pvalue":0.067,"significance":"cold_90"}},{"type":"Feature","geometry":{"type":"Point","coordinates":[76.94118,13.31081]},"properties":{"cell_id":78841,"case_count":1,"gi_zscore":-0.1411,"gi_pvalue":0.181,"significance":"not_sig"}},{"type":"Feature","geometry":{"type":"Point","coordinates":[77.02353,13.31081]},"properties":{"cell_id":78848,"case_count":1,"gi_zscore":-0.1294,"gi_pvalue":0.435,"significance":"not_sig"}},{"type":"Feature","geometry":{"type":"Point","coordinates":[77.12941,13.31081]},"properties":{"cell_id":78857,"case_count":1,"gi_zscore":-0.1352,"gi_pvalue":0.472,"significance":"not_sig"}},{"type":"Feature","geometry":{"type":"Point","coordinates":[77.14118,13.31081]},"properties":{"cell_id":78858,"case_count":2,"gi_zscore":-0.1382,"gi_pvalue":0.182,"significance":"not_sig"}},{"type":"Feature","geometry":{"type":"Point","coordinates":[77.54118,13.31081]},"properties":{"cell_id":78892,"case_count":1,"gi_zscore":-0.1264,"gi_pvalue":0.339,"significance":"not_sig"}},{"type":"Feature","geometry":{"type":"Point","coordinates":[77.76471,13.31081]},"properties":{"cell_id":78911,"case_count":1,"gi_zscore":-0.147,"gi_pvalue":0.067,"significance":"cold_90"}},{"type":"Feature","geometry":{"type":"Point","coordinates":[74.74118,13.31982]},"properties":{"cell_id":79045,"case_count":1,"gi_zscore":-0.144,"gi_pvalue":0.181,"significance":"not_sig"}},{"type":"Feature","geometry":{"type":"Point","coordinates":[74.75294,13.31982]},"properties":{"cell_id":79046,"case_count":1,"gi_zscore":-0.144,"gi_pvalue":0.181,"significance":"not_sig"}},{"type":"Feature","geometry":{"type":"Point","coordinates":[74.8,13.31982]},"properties":{"cell_id":79050,"case_count":1,"gi_zscore":-0.1382,"gi_pvalue":0.32,"significance":"not_sig"}},{"type":"Feature","geometry":{"type":"Point","coordinates":[75.77647,13.31982]},"properties":{"cell_id":79133,"case_count":3,"gi_zscore":-0.1352,"gi_pvalue":0.321,"significance":"not_sig"}},{"type":"Feature","geometry":{"type":"Point","coordinates":[76.84706,13.31982]},"properties":{"cell_id":79224,"case_count":1,"gi_zscore":-0.1411,"gi_pvalue":0.178,"significance":"not_sig"}},{"type":"Feature","geometry":{"type":"Point","coordinates":[76.85882,13.31982]},"properties":{"cell_id":79225,"case_count":2,"gi_zscore":-0.1411,"gi_pvalue":0.067,"significance":"cold_90"}},{"type":"Feature","geometry":{"type":"Point","coordinates":[76.96471,13.31982]},"properties":{"cell_id":79234,"case_count":1,"gi_zscore":-0.144,"gi_pvalue":0.067,"significance":"cold_90"}},{"type":"Feature","geometry":{"type":"Point","coordinates":[77.08235,13.31982]},"properties":{"cell_id":79244,"case_count":1,"gi_zscore":-0.1206,"gi_pvalue":0.274,"significance":"not_sig"}},{"type":"Feature","geometry":{"type":"Point","coordinates":[77.09412,13.31982]},"properties":{"cell_id":79245,"case_count":2,"gi_zscore":-0.1206,"gi_pvalue":0.315,"significance":"not_sig"}},{"type":"Feature","geometry":{"type":"Point","coordinates":[77.12941,13.31982]},"properties":{"cell_id":79248,"case_count":1,"gi_zscore":-0.1352,"gi_pvalue":0.469,"significance":"not_sig"}},{"type":"Feature","geometry":{"type":"Point","coordinates":[77.14118,13.31982]},"properties":{"cell_id":79249,"case_count":2,"gi_zscore":-0.1352,"gi_pvalue":0.333,"significance":"not_sig"}},{"type":"Feature","geometry":{"type":"Point","coordinates":[77.56471,13.31982]},"properties":{"cell_id":79285,"case_count":1,"gi_zscore":-0.1264,"gi_pvalue":0.339,"significance":"not_sig"}},{"type":"Feature","geometry":{"type":"Point","coordinates":[77.87059,13.31982]},"properties":{"cell_id":79311,"case_count":2,"gi_zscore":-0.144,"gi_pvalue":0.069,"significance":"cold_90"}},{"type":"Feature","geometry":{"type":"Point","coordinates":[74.72941,13.32883]},"properties":{"cell_id":79435,"case_count":1,"gi_zscore":-0.144,"gi_pvalue":0.177,"significance":"not_sig"}},{"type":"Feature","geometry":{"type":"Point","coordinates":[74.75294,13.32883]},"properties":{"cell_id":79437,"case_count":1,"gi_zscore":-0.144,"gi_pvalue":0.177,"significance":"not_sig"}},{"type":"Feature","geometry":{"type":"Point","coordinates":[75.6,13.32883]},"properties":{"cell_id":79509,"case_count":1,"gi_zscore":-0.144,"gi_pvalue":0.177,"significance":"not_sig"}},{"type":"Feature","geometry":{"type":"Point","coordinates":[75.74118,13.32883]},"properties":{"cell_id":79521,"case_count":1,"gi_zscore":-0.1352,"gi_pvalue":0.47,"significance":"not_sig"}},{"type":"Feature","geometry":{"type":"Point","coordinates":[75.76471,13.32883]},"properties":{"cell_id":79523,"case_count":2,"gi_zscore":-0.1352,"gi_pvalue":0.337,"significance":"not_sig"}},{"type":"Feature","geometry":{"type":"Point","coordinates":[75.77647,13.32883]},"properties":{"cell_id":79524,"case_count":1,"gi_zscore":-0.1352,"gi_pvalue":0.469,"significance":"not_sig"}},{"type":"Feature","geometry":{"type":"Point","coordinates":[77.09412,13.32883]},"properties":{"cell_id":79636,"case_count":2,"gi_zscore":-0.1206,"gi_pvalue":0.314,"significance":"not_sig"}},{"type":"Feature","geometry":{"type":"Point","coordinates":[77.10588,13.32883]},"properties":{"cell_id":79637,"case_count":2,"gi_zscore":-0.1176,"gi_pvalue":0.255,"significance":"not_sig"}},{"type":"Feature","geometry":{"type":"Point","coordinates":[77.11765,13.32883]},"properties":{"cell_id":79638,"case_count":1,"gi_zscore":-0.1352,"gi_pvalue":0.421,"significance":"not_sig"}},{"type":"Feature","geometry":{"type":"Point","coordinates":[77.12941,13.32883]},"properties":{"cell_id":79639,"case_count":2,"gi_zscore":-0.1352,"gi_pvalue":0.336,"significance":"not_sig"}},{"type":"Feature","geometry":{"type":"Point","coordinates":[77.45882,13.32883]},"properties":{"cell_id":79667,"case_count":1,"gi_zscore":-0.1411,"gi_pvalue":0.177,"significance":"not_sig"}},{"type":"Feature","geometry":{"type":"Point","coordinates":[77.58824,13.32883]},"properties":{"cell_id":79678,"case_count":1,"gi_zscore":-0.1264,"gi_pvalue":0.337,"significance":"not_sig"}},{"type":"Feature","geometry":{"type":"Point","coordinates":[77.67059,13.32883]},"properties":{"cell_id":79685,"case_count":1,"gi_zscore":-0.147,"gi_pvalue":0.069,"significance":"cold_90"}},{"type":"Feature","geometry":{"type":"Point","coordinates":[77.77647,13.32883]},"properties":{"cell_id":79694,"case_count":1,"gi_zscore":-0.147,"gi_pvalue":0.069,"significance":"cold_90"}},{"type":"Feature","geometry":{"type":"Point","coordinates":[74.74118,13.33784]},"properties":{"cell_id":79827,"case_count":1,"gi_zscore":-0.144,"gi_pvalue":0.177,"significance":"not_sig"}},{"type":"Feature","geometry":{"type":"Point","coordinates":[74.75294,13.33784]},"properties":{"cell_id":79828,"case_count":1,"gi_zscore":-0.144,"gi_pvalue":0.177,"significance":"not_sig"}},{"type":"Feature","geometry":{"type":"Point","coordinates":[74.78824,13.33784]},"properties":{"cell_id":79831,"case_count":2,"gi_zscore":-0.1382,"gi_pvalue":0.177,"significance":"not_sig"}},{"type":"Feature","geometry":{"type":"Point","coordinates":[75.55294,13.33784]},"properties":{"cell_id":79896,"case_count":1,"gi_zscore":-0.147,"gi_pvalue":0.07,"significance":"cold_90"}},{"type":"Feature","geometry":{"type":"Point","coordinates":[75.63529,13.33784]},"properties":{"cell_id":79903,"case_count":1,"gi_zscore":-0.144,"gi_pvalue":0.176,"significance":"not_sig"}},{"type":"Feature","geometry":{"type":"Point","coordinates":[75.77647,13.33784]},"properties":{"cell_id":79915,"case_count":1,"gi_zscore":-0.1352,"gi_pvalue":0.47,"significance":"not_sig"}},{"type":"Feature","geometry":{"type":"Point","coordinates":[76.01176,13.33784]},"properties":{"cell_id":79935,"case_count":1,"gi_zscore":-0.144,"gi_pvalue":0.176,"significance":"not_sig"}},{"type":"Feature","geometry":{"type":"Point","coordinates":[77.08235,13.33784]},"properties":{"cell_id":80026,"case_count":1,"gi_zscore":-0.1206,"gi_pvalue":0.275,"significance":"not_sig"}},{"type":"Feature","geometry":{"type":"Point","coordinates":[77.09412,13.33784]},"properties":{"cell_id":80027,"case_count":5,"gi_zscore":-0.1206,"gi_pvalue":0.476,"significance":"not_sig"}},{"type":"Feature","geometry":{"type":"Point","coordinates":[77.10588,13.33784]},"properties":{"cell_id":80028,"case_count":1,"gi_zscore":-0.1206,"gi_pvalue":0.274,"significance":"not_sig"}},{"type":"Feature","geometry":{"type":"Point","coordinates":[77.11765,13.33784]},"properties":{"cell_id":80029,"case_count":1,"gi_zscore":-0.1235,"gi_pvalue":0.313,"significance":"not_sig"}},{"type":"Feature","geometry":{"type":"Point","coordinates":[77.12941,13.33784]},"properties":{"cell_id":80030,"case_count":1,"gi_zscore":-0.1323,"gi_pvalue":0.478,"significance":"not_sig"}},{"type":"Feature","geometry":{"type":"Point","coordinates":[78.21176,13.33784]},"properties":{"cell_id":80122,"case_count":1,"gi_zscore":-0.144,"gi_pvalue":0.067,"significance":"cold_90"}},{"type":"Feature","geometry":{"type":"Point","coordinates":[74.70588,13.34685]},"properties":{"cell_id":80215,"case_count":3,"gi_zscore":-0.1352,"gi_pvalue":0.315,"significance":"not_sig"}},{"type":"Feature","geometry":{"type":"Point","coordinates":[74.72941,13.34685]},"properties":{"cell_id":80217,"case_count":1,"gi_zscore":-0.1382,"gi_pvalue":0.332,"significance":"not_sig"}},{"type":"Feature","geometry":{"type":"Point","coordinates":[74.77647,13.34685]},"properties":{"cell_id":80221,"case_count":1,"gi_zscore":-0.1382,"gi_pvalue":0.313,"significance":"not_sig"}},{"type":"Feature","geometry":{"type":"Point","coordinates":[77.04706,13.34685]},"properties":{"cell_id":80414,"case_count":1,"gi_zscore":-0.1235,"gi_pvalue":0.311,"significance":"not_sig"}},{"type":"Feature","geometry":{"type":"Point","coordinates":[77.10588,13.34685]},"properties":{"cell_id":80419,"case_count":3,"gi_zscore":-0.1235,"gi_pvalue":0.392,"significance":"not_sig"}},{"type":"Feature","geometry":{"type":"Point","coordinates":[77.45882,13.34685]},"properties":{"cell_id":80449,"case_count":1,"gi_zscore":-0.144,"gi_pvalue":0.172,"significance":"not_sig"}},{"type":"Feature","geometry":{"type":"Point","coordinates":[77.8,13.34685]},"properties":{"cell_id":80478,"case_count":1,"gi_zscore":-0.147,"gi_pvalue":0.066,"significance":"cold_90"}},{"type":"Feature","geometry":{"type":"Point","coordinates":[78.21176,13.34685]},"properties":{"cell_id":80513,"case_count":1,"gi_zscore":-0.144,"gi_pvalue":0.066,"significance":"cold_90"}},{"type":"Feature","geometry":{"type":"Point","coordinates":[74.70588,13.35586]},"properties":{"cell_id":80606,"case_count":2,"gi_zscore":-0.1382,"gi_pvalue":0.172,"significance":"not_sig"}},{"type":"Feature","geometry":{"type":"Point","coordinates":[74.78824,13.35586]},"properties":{"cell_id":80613,"case_count":3,"gi_zscore":-0.1382,"gi_pvalue":0.066,"significance":"cold_90"}},{"type":"Feature","geometry":{"type":"Point","coordinates":[75.47059,13.35586]},"properties":{"cell_id":80671,"case_count":1,"gi_zscore":-0.147,"gi_pvalue":0.066,"significance":"cold_90"}},{"type":"Feature","geometry":{"type":"Point","coordinates":[77.09412,13.35586]},"properties":{"cell_id":80809,"case_count":1,"gi_zscore":-0.1235,"gi_pvalue":0.312,"significance":"not_sig"}},{"type":"Feature","geometry":{"type":"Point","coordinates":[77.27059,13.35586]},"properties":{"cell_id":80824,"case_count":1,"gi_zscore":-0.147,"gi_pvalue":0.066,"significance":"cold_90"}},{"type":"Feature","geometry":{"type":"Point","coordinates":[77.69412,13.35586]},"properties":{"cell_id":80860,"case_count":1,"gi_zscore":-0.147,"gi_pvalue":0.066,"significance":"cold_90"}},{"type":"Feature","geometry":{"type":"Point","coordinates":[74.78824,13.36486]},"properties":{"cell_id":81004,"case_count":1,"gi_zscore":-0.1382,"gi_pvalue":0.335,"significance":"not_sig"}},{"type":"Feature","geometry":{"type":"Point","coordinates":[75.64706,13.36486]},"properties":{"cell_id":81077,"case_count":1,"gi_zscore":-0.144,"gi_pvalue":0.172,"significance":"not_sig"}},{"type":"Feature","geometry":{"type":"Point","coordinates":[76.18824,13.36486]},"properties":{"cell_id":81123,"case_count":1,"gi_zscore":-0.144,"gi_pvalue":0.172,"significance":"not_sig"}},{"type":"Feature","geometry":{"type":"Point","coordinates":[77.11765,13.36486]},"properties":{"cell_id":81202,"case_count":1,"gi_zscore":-0.1294,"gi_pvalue":0.365,"significance":"not_sig"}},{"type":"Feature","geometry":{"type":"Point","coordinates":[77.83529,13.36486]},"properties":{"cell_id":81263,"case_count":1,"gi_zscore":-0.144,"gi_pvalue":0.172,"significance":"not_sig"}},{"type":"Feature","geometry":{"type":"Point","coordinates":[74.77647,13.37387]},"properties":{"cell_id":81394,"case_count":1,"gi_zscore":-0.1382,"gi_pvalue":0.335,"significance":"not_sig"}},{"type":"Feature","geometry":{"type":"Point","coordinates":[75.74118,13.37387]},"properties":{"cell_id":81476,"case_count":1,"gi_zscore":-0.1352,"gi_pvalue":0.415,"significance":"not_sig"}},{"type":"Feature","geometry":{"type":"Point","coordinates":[77.50588,13.37387]},"properties":{"cell_id":81626,"case_count":1,"gi_zscore":-0.147,"gi_pvalue":0.066,"significance":"cold_90"}},{"type":"Feature","geometry":{"type":"Point","coordinates":[74.41176,13.38288]},"properties":{"cell_id":81754,"case_count":1,"gi_zscore":-0.1382,"gi_pvalue":0.335,"significance":"not_sig"}},{"type":"Feature","geometry":{"type":"Point","coordinates":[77.10588,13.38288]},"properties":{"cell_id":81983,"case_count":1,"gi_zscore":-0.1294,"gi_pvalue":0.365,"significance":"not_sig"}},{"type":"Feature","geometry":{"type":"Point","coordinates":[77.55294,13.38288]},"properties":{"cell_id":82021,"case_count":1,"gi_zscore":-0.1323,"gi_pvalue":0.438,"significance":"not_sig"}},{"type":"Feature","geometry":{"type":"Point","coordinates":[77.85882,13.38288]},"properties":{"cell_id":82047,"case_count":1,"gi_zscore":-0.144,"gi_pvalue":0.172,"significance":"not_sig"}},{"type":"Feature","geometry":{"type":"Point","coordinates":[74.74118,13.39189]},"properties":{"cell_id":82173,"case_count":1,"gi_zscore":-0.1382,"gi_pvalue":0.335,"significance":"not_sig"}},{"type":"Feature","geometry":{"type":"Point","coordinates":[77.85882,13.39189]},"properties":{"cell_id":82438,"case_count":1,"gi_zscore":-0.144,"gi_pvalue":0.172,"significance":"not_sig"}},{"type":"Feature","geometry":{"type":"Point","coordinates":[75.87059,13.4009]},"properties":{"cell_id":82660,"case_count":1,"gi_zscore":-0.1352,"gi_pvalue":0.468,"significance":"not_sig"}},{"type":"Feature","geometry":{"type":"Point","coordinates":[77.09412,13.4009]},"properties":{"cell_id":82764,"case_count":1,"gi_zscore":-0.1294,"gi_pvalue":0.365,"significance":"not_sig"}},{"type":"Feature","geometry":{"type":"Point","coordinates":[77.70588,13.4009]},"properties":{"cell_id":82816,"case_count":1,"gi_zscore":-0.1411,"gi_pvalue":0.172,"significance":"not_sig"}},{"type":"Feature","geometry":{"type":"Point","coordinates":[77.85882,13.4009]},"properties":{"cell_id":82829,"case_count":1,"gi_zscore":-0.144,"gi_pvalue":0.172,"significance":"not_sig"}},{"type":"Feature","geometry":{"type":"Point","coordinates":[74.69412,13.40991]},"properties":{"cell_id":82951,"case_count":1,"gi_zscore":-0.1382,"gi_pvalue":0.335,"significance":"not_sig"}},{"type":"Feature","geometry":{"type":"Point","coordinates":[76.16471,13.40991]},"properties":{"cell_id":83076,"case_count":1,"gi_zscore":-0.144,"gi_pvalue":0.172,"significance":"not_sig"}},{"type":"Feature","geometry":{"type":"Point","coordinates":[78.03529,13.40991]},"properties":{"cell_id":83235,"case_count":2,"gi_zscore":-0.1411,"gi_pvalue":0.067,"significance":"cold_90"}},{"type":"Feature","geometry":{"type":"Point","coordinates":[74.82353,13.41892]},"properties":{"cell_id":83353,"case_count":1,"gi_zscore":-0.1382,"gi_pvalue":0.335,"significance":"not_sig"}},{"type":"Feature","geometry":{"type":"Point","coordinates":[75.25882,13.41892]},"properties":{"cell_id":83390,"case_count":2,"gi_zscore":-0.144,"gi_pvalue":0.067,"significance":"cold_90"}},{"type":"Feature","geometry":{"type":"Point","coordinates":[75.54118,13.41892]},"properties":{"cell_id":83414,"case_count":1,"gi_zscore":-0.147,"gi_pvalue":0.065,"significance":"cold_90"}},{"type":"Feature","geometry":{"type":"Point","coordinates":[77.75294,13.42793]},"properties":{"cell_id":83993,"case_count":1,"gi_zscore":-0.1411,"gi_pvalue":0.17,"significance":"not_sig"}},{"type":"Feature","geometry":{"type":"Point","coordinates":[77.45882,13.43694]},"properties":{"cell_id":84359,"case_count":1,"gi_zscore":-0.147,"gi_pvalue":0.065,"significance":"cold_90"}},{"type":"Feature","geometry":{"type":"Point","coordinates":[77.72941,13.43694]},"properties":{"cell_id":84382,"case_count":3,"gi_zscore":-0.1411,"gi_pvalue":0.066,"significance":"cold_90"}},{"type":"Feature","geometry":{"type":"Point","coordinates":[75.91765,13.44595]},"properties":{"cell_id":84619,"case_count":1,"gi_zscore":-0.147,"gi_pvalue":0.065,"significance":"cold_90"}},{"type":"Feature","geometry":{"type":"Point","coordinates":[76.0,13.44595]},"properties":{"cell_id":84626,"case_count":1,"gi_zscore":-0.144,"gi_pvalue":0.17,"significance":"not_sig"}},{"type":"Feature","geometry":{"type":"Point","coordinates":[76.90588,13.44595]},"properties":{"cell_id":84703,"case_count":2,"gi_zscore":-0.1411,"gi_pvalue":0.065,"significance":"cold_90"}},{"type":"Feature","geometry":{"type":"Point","coordinates":[77.50588,13.44595]},"properties":{"cell_id":84754,"case_count":1,"gi_zscore":-0.147,"gi_pvalue":0.065,"significance":"cold_90"}},{"type":"Feature","geometry":{"type":"Point","coordinates":[77.74118,13.44595]},"properties":{"cell_id":84774,"case_count":1,"gi_zscore":-0.1411,"gi_pvalue":0.171,"significance":"not_sig"}},{"type":"Feature","geometry":{"type":"Point","coordinates":[76.47059,13.45495]},"properties":{"cell_id":85057,"case_count":1,"gi_zscore":-0.1382,"gi_pvalue":0.335,"significance":"not_sig"}},{"type":"Feature","geometry":{"type":"Point","coordinates":[77.25882,13.45495]},"properties":{"cell_id":85124,"case_count":1,"gi_zscore":-0.144,"gi_pvalue":0.065,"significance":"cold_90"}},{"type":"Feature","geometry":{"type":"Point","coordinates":[77.74118,13.45495]},"properties":{"cell_id":85165,"case_count":1,"gi_zscore":-0.1411,"gi_pvalue":0.171,"significance":"not_sig"}},{"type":"Feature","geometry":{"type":"Point","coordinates":[74.71765,13.47297]},"properties":{"cell_id":85690,"case_count":1,"gi_zscore":-0.147,"gi_pvalue":0.065,"significance":"cold_90"}},{"type":"Feature","geometry":{"type":"Point","coordinates":[74.76471,13.47297]},"properties":{"cell_id":85694,"case_count":1,"gi_zscore":-0.147,"gi_pvalue":0.065,"significance":"cold_90"}},{"type":"Feature","geometry":{"type":"Point","coordinates":[75.8,13.47297]},"properties":{"cell_id":85782,"case_count":1,"gi_zscore":-0.1382,"gi_pvalue":0.412,"significance":"not_sig"}},{"type":"Feature","geometry":{"type":"Point","coordinates":[77.29412,13.47297]},"properties":{"cell_id":85909,"case_count":1,"gi_zscore":-0.144,"gi_pvalue":0.065,"significance":"cold_90"}},{"type":"Feature","geometry":{"type":"Point","coordinates":[77.03529,13.49099]},"properties":{"cell_id":86669,"case_count":1,"gi_zscore":-0.144,"gi_pvalue":0.065,"significance":"cold_90"}},{"type":"Feature","geometry":{"type":"Point","coordinates":[74.70588,13.5]},"properties":{"cell_id":86862,"case_count":1,"gi_zscore":-0.147,"gi_pvalue":0.065,"significance":"cold_90"}},{"type":"Feature","geometry":{"type":"Point","coordinates":[74.83529,13.5]},"properties":{"cell_id":86873,"case_count":1,"gi_zscore":-0.147,"gi_pvalue":0.065,"significance":"cold_90"}},{"type":"Feature","geometry":{"type":"Point","coordinates":[77.2,13.5]},"properties":{"cell_id":87074,"case_count":1,"gi_zscore":-0.144,"gi_pvalue":0.065,"significance":"cold_90"}},{"type":"Feature","geometry":{"type":"Point","coordinates":[77.08235,13.50901]},"properties":{"cell_id":87455,"case_count":1,"gi_zscore":-0.147,"gi_pvalue":0.065,"significance":"cold_90"}},{"type":"Feature","geometry":{"type":"Point","coordinates":[74.96471,13.51802]},"properties":{"cell_id":87666,"case_count":1,"gi_zscore":-0.147,"gi_pvalue":0.065,"significance":"cold_90"}},{"type":"Feature","geometry":{"type":"Point","coordinates":[76.96471,13.51802]},"properties":{"cell_id":87836,"case_count":1,"gi_zscore":-0.144,"gi_pvalue":0.171,"significance":"not_sig"}},{"type":"Feature","geometry":{"type":"Point","coordinates":[74.68235,13.52703]},"properties":{"cell_id":88033,"case_count":1,"gi_zscore":-0.147,"gi_pvalue":0.065,"significance":"cold_90"}},{"type":"Feature","geometry":{"type":"Point","coordinates":[74.70588,13.52703]},"properties":{"cell_id":88035,"case_count":1,"gi_zscore":-0.147,"gi_pvalue":0.065,"significance":"cold_90"}},{"type":"Feature","geometry":{"type":"Point","coordinates":[77.24706,13.52703]},"properties":{"cell_id":88251,"case_count":2,"gi_zscore":-0.144,"gi_pvalue":0.001,"significance":"cold_99"}},{"type":"Feature","geometry":{"type":"Point","coordinates":[75.37647,13.53604]},"properties":{"cell_id":88483,"case_count":1,"gi_zscore":-0.144,"gi_pvalue":0.171,"significance":"not_sig"}},{"type":"Feature","geometry":{"type":"Point","coordinates":[76.32941,13.53604]},"properties":{"cell_id":88564,"case_count":1,"gi_zscore":-0.144,"gi_pvalue":0.171,"significance":"not_sig"}},{"type":"Feature","geometry":{"type":"Point","coordinates":[74.8,13.54505]},"properties":{"cell_id":88825,"case_count":1,"gi_zscore":-0.147,"gi_pvalue":0.065,"significance":"cold_90"}},{"type":"Feature","geometry":{"type":"Point","coordinates":[76.01176,13.54505]},"properties":{"cell_id":88928,"case_count":1,"gi_zscore":-0.147,"gi_pvalue":0.065,"significance":"cold_90"}},{"type":"Feature","geometry":{"type":"Point","coordinates":[78.05882,13.54505]},"properties":{"cell_id":89102,"case_count":1,"gi_zscore":-0.144,"gi_pvalue":0.065,"significance":"cold_90"}},{"type":"Feature","geometry":{"type":"Point","coordinates":[74.74118,13.55405]},"properties":{"cell_id":89211,"case_count":1,"gi_zscore":-0.147,"gi_pvalue":0.065,"significance":"cold_90"}},{"type":"Feature","geometry":{"type":"Point","coordinates":[75.37647,13.55405]},"properties":{"cell_id":89265,"case_count":1,"gi_zscore":-0.144,"gi_pvalue":0.171,"significance":"not_sig"}},{"type":"Feature","geometry":{"type":"Point","coordinates":[77.51765,13.55405]},"properties":{"cell_id":89447,"case_count":1,"gi_zscore":-0.1411,"gi_pvalue":0.171,"significance":"not_sig"}},{"type":"Feature","geometry":{"type":"Point","coordinates":[75.83529,13.56306]},"properties":{"cell_id":89695,"case_count":1,"gi_zscore":-0.147,"gi_pvalue":0.065,"significance":"cold_90"}},{"type":"Feature","geometry":{"type":"Point","coordinates":[76.01176,13.56306]},"properties":{"cell_id":89710,"case_count":1,"gi_zscore":-0.147,"gi_pvalue":0.065,"significance":"cold_90"}},{"type":"Feature","geometry":{"type":"Point","coordinates":[77.65882,13.56306]},"properties":{"cell_id":89850,"case_count":1,"gi_zscore":-0.1411,"gi_pvalue":0.318,"significance":"not_sig"}},{"type":"Feature","geometry":{"type":"Point","coordinates":[76.95294,13.57207]},"properties":{"cell_id":90181,"case_count":1,"gi_zscore":-0.144,"gi_pvalue":0.171,"significance":"not_sig"}},{"type":"Feature","geometry":{"type":"Point","coordinates":[76.51765,13.58108]},"properties":{"cell_id":90535,"case_count":1,"gi_zscore":-0.144,"gi_pvalue":0.171,"significance":"not_sig"}},{"type":"Feature","geometry":{"type":"Point","coordinates":[74.78824,13.59009]},"properties":{"cell_id":90779,"case_count":1,"gi_zscore":-0.147,"gi_pvalue":0.065,"significance":"cold_90"}},{"type":"Feature","geometry":{"type":"Point","coordinates":[74.70588,13.5991]},"properties":{"cell_id":91163,"case_count":1,"gi_zscore":-0.147,"gi_pvalue":0.065,"significance":"cold_90"}},{"type":"Feature","geometry":{"type":"Point","coordinates":[75.97647,13.5991]},"properties":{"cell_id":91271,"case_count":1,"gi_zscore":-0.147,"gi_pvalue":0.065,"significance":"cold_90"}},{"type":"Feature","geometry":{"type":"Point","coordinates":[77.51765,13.5991]},"properties":{"cell_id":91402,"case_count":1,"gi_zscore":-0.1411,"gi_pvalue":0.171,"significance":"not_sig"}},{"type":"Feature","geometry":{"type":"Point","coordinates":[75.50588,13.60811]},"properties":{"cell_id":91622,"case_count":1,"gi_zscore":-0.147,"gi_pvalue":0.065,"significance":"cold_90"}},{"type":"Feature","geometry":{"type":"Point","coordinates":[77.51765,13.60811]},"properties":{"cell_id":91793,"case_count":3,"gi_zscore":-0.1411,"gi_pvalue":0.065,"significance":"cold_90"}},{"type":"Feature","geometry":{"type":"Point","coordinates":[75.52941,13.61712]},"properties":{"cell_id":92015,"case_count":1,"gi_zscore":-0.147,"gi_pvalue":0.065,"significance":"cold_90"}},{"type":"Feature","geometry":{"type":"Point","coordinates":[76.42353,13.61712]},"properties":{"cell_id":92091,"case_count":1,"gi_zscore":-0.147,"gi_pvalue":0.065,"significance":"cold_90"}},{"type":"Feature","geometry":{"type":"Point","coordinates":[77.51765,13.61712]},"properties":{"cell_id":92184,"case_count":1,"gi_zscore":-0.1411,"gi_pvalue":0.17,"significance":"not_sig"}},{"type":"Feature","geometry":{"type":"Point","coordinates":[74.68235,13.62613]},"properties":{"cell_id":92334,"case_count":1,"gi_zscore":-0.147,"gi_pvalue":0.065,"significance":"cold_90"}},{"type":"Feature","geometry":{"type":"Point","coordinates":[74.69412,13.62613]},"properties":{"cell_id":92335,"case_count":1,"gi_zscore":-0.147,"gi_pvalue":0.065,"significance":"cold_90"}},{"type":"Feature","geometry":{"type":"Point","coordinates":[74.72941,13.62613]},"properties":{"cell_id":92338,"case_count":1,"gi_zscore":-0.147,"gi_pvalue":0.065,"significance":"cold_90"}},{"type":"Feature","geometry":{"type":"Point","coordinates":[76.15294,13.62613]},"properties":{"cell_id":92459,"case_count":1,"gi_zscore":-0.147,"gi_pvalue":0.065,"significance":"cold_90"}},{"type":"Feature","geometry":{"type":"Point","coordinates":[76.91765,13.62613]},"properties":{"cell_id":92524,"case_count":1,"gi_zscore":-0.144,"gi_pvalue":0.17,"significance":"not_sig"}},{"type":"Feature","geometry":{"type":"Point","coordinates":[74.67059,13.63514]},"properties":{"cell_id":92724,"case_count":1,"gi_zscore":-0.147,"gi_pvalue":0.065,"significance":"cold_90"}},{"type":"Feature","geometry":{"type":"Point","coordinates":[74.69412,13.63514]},"properties":{"cell_id":92726,"case_count":1,"gi_zscore":-0.147,"gi_pvalue":0.065,"significance":"cold_90"}},{"type":"Feature","geometry":{"type":"Point","coordinates":[74.76471,13.63514]},"properties":{"cell_id":92732,"case_count":1,"gi_zscore":-0.147,"gi_pvalue":0.065,"significance":"cold_90"}},{"type":"Feature","geometry":{"type":"Point","coordinates":[77.69412,13.63514]},"properties":{"cell_id":92981,"case_count":1,"gi_zscore":-0.147,"gi_pvalue":0.065,"significance":"cold_90"}},{"type":"Feature","geometry":{"type":"Point","coordinates":[75.97647,13.64414]},"properties":{"cell_id":93226,"case_count":1,"gi_zscore":-0.147,"gi_pvalue":0.065,"significance":"cold_90"}},{"type":"Feature","geometry":{"type":"Point","coordinates":[77.69412,13.64414]},"properties":{"cell_id":93372,"case_count":1,"gi_zscore":-0.147,"gi_pvalue":0.065,"significance":"cold_90"}},{"type":"Feature","geometry":{"type":"Point","coordinates":[75.84706,13.65315]},"properties":{"cell_id":93606,"case_count":1,"gi_zscore":-0.147,"gi_pvalue":0.065,"significance":"cold_90"}},{"type":"Feature","geometry":{"type":"Point","coordinates":[76.75294,13.65315]},"properties":{"cell_id":93683,"case_count":1,"gi_zscore":-0.144,"gi_pvalue":0.17,"significance":"not_sig"}},{"type":"Feature","geometry":{"type":"Point","coordinates":[77.56471,13.65315]},"properties":{"cell_id":93752,"case_count":1,"gi_zscore":-0.1411,"gi_pvalue":0.17,"significance":"not_sig"}},{"type":"Feature","geometry":{"type":"Point","coordinates":[74.71765,13.66216]},"properties":{"cell_id":93901,"case_count":1,"gi_zscore":-0.147,"gi_pvalue":0.065,"significance":"cold_90"}},{"type":"Feature","geometry":{"type":"Point","coordinates":[74.72941,13.66216]},"properties":{"cell_id":93902,"case_count":1,"gi_zscore":-0.147,"gi_pvalue":0.065,"significance":"cold_90"}},{"type":"Feature","geometry":{"type":"Point","coordinates":[75.96471,13.66216]},"properties":{"cell_id":94007,"case_count":1,"gi_zscore":-0.147,"gi_pvalue":0.065,"significance":"cold_90"}},{"type":"Feature","geometry":{"type":"Point","coordinates":[74.65882,13.67117]},"properties":{"cell_id":94287,"case_count":1,"gi_zscore":-0.147,"gi_pvalue":0.065,"significance":"cold_90"}},{"type":"Feature","geometry":{"type":"Point","coordinates":[77.18824,13.67117]},"properties":{"cell_id":94502,"case_count":1,"gi_zscore":-0.144,"gi_pvalue":0.065,"significance":"cold_90"}},{"type":"Feature","geometry":{"type":"Point","coordinates":[77.22353,13.67117]},"properties":{"cell_id":94505,"case_count":1,"gi_zscore":-0.144,"gi_pvalue":0.065,"significance":"cold_90"}},{"type":"Feature","geometry":{"type":"Point","coordinates":[77.71765,13.67117]},"properties":{"cell_id":94547,"case_count":1,"gi_zscore":-0.144,"gi_pvalue":0.065,"significance":"cold_90"}},{"type":"Feature","geometry":{"type":"Point","coordinates":[77.78824,13.68018]},"properties":{"cell_id":94944,"case_count":1,"gi_zscore":-0.144,"gi_pvalue":0.065,"significance":"cold_90"}},{"type":"Feature","geometry":{"type":"Point","coordinates":[74.65882,13.68919]},"properties":{"cell_id":95069,"case_count":1,"gi_zscore":-0.147,"gi_pvalue":0.065,"significance":"cold_90"}},{"type":"Feature","geometry":{"type":"Point","coordinates":[75.24706,13.68919]},"properties":{"cell_id":95119,"case_count":1,"gi_zscore":-0.144,"gi_pvalue":0.17,"significance":"not_sig"}},{"type":"Feature","geometry":{"type":"Point","coordinates":[74.76471,13.6982]},"properties":{"cell_id":95469,"case_count":1,"gi_zscore":-0.147,"gi_pvalue":0.065,"significance":"cold_90"}},{"type":"Feature","geometry":{"type":"Point","coordinates":[75.23529,13.6982]},"properties":{"cell_id":95509,"case_count":1,"gi_zscore":-0.144,"gi_pvalue":0.17,"significance":"not_sig"}},{"type":"Feature","geometry":{"type":"Point","coordinates":[75.97647,13.6982]},"properties":{"cell_id":95572,"case_count":1,"gi_zscore":-0.147,"gi_pvalue":0.065,"significance":"cold_90"}},{"type":"Feature","geometry":{"type":"Point","coordinates":[75.65882,13.70721]},"properties":{"cell_id":95936,"case_count":1,"gi_zscore":-0.144,"gi_pvalue":0.065,"significance":"cold_90"}},{"type":"Feature","geometry":{"type":"Point","coordinates":[77.78824,13.70721]},"properties":{"cell_id":96117,"case_count":1,"gi_zscore":-0.144,"gi_pvalue":0.065,"significance":"cold_90"}},{"type":"Feature","geometry":{"type":"Point","coordinates":[75.22353,13.71622]},"properties":{"cell_id":96290,"case_count":1,"gi_zscore":-0.144,"gi_pvalue":0.17,"significance":"not_sig"}},{"type":"Feature","geometry":{"type":"Point","coordinates":[75.63529,13.71622]},"properties":{"cell_id":96325,"case_count":1,"gi_zscore":-0.144,"gi_pvalue":0.065,"significance":"cold_90"}},{"type":"Feature","geometry":{"type":"Point","coordinates":[76.92941,13.71622]},"properties":{"cell_id":96435,"case_count":1,"gi_zscore":-0.147,"gi_pvalue":0.065,"significance":"cold_90"}},{"type":"Feature","geometry":{"type":"Point","coordinates":[75.34118,13.72523]},"properties":{"cell_id":96691,"case_count":1,"gi_zscore":-0.147,"gi_pvalue":0.065,"significance":"cold_90"}},{"type":"Feature","geometry":{"type":"Point","coordinates":[75.71765,13.72523]},"properties":{"cell_id":96723,"case_count":1,"gi_zscore":-0.144,"gi_pvalue":0.065,"significance":"cold_90"}},{"type":"Feature","geometry":{"type":"Point","coordinates":[76.0,13.72523]},"properties":{"cell_id":96747,"case_count":1,"gi_zscore":-0.147,"gi_pvalue":0.065,"significance":"cold_90"}},{"type":"Feature","geometry":{"type":"Point","coordinates":[75.91765,13.73423]},"properties":{"cell_id":97131,"case_count":1,"gi_zscore":-0.147,"gi_pvalue":0.065,"significance":"cold_90"}},{"type":"Feature","geometry":{"type":"Point","coordinates":[76.90588,13.73423]},"properties":{"cell_id":97215,"case_count":1,"gi_zscore":-0.147,"gi_pvalue":0.065,"significance":"cold_90"}},{"type":"Feature","geometry":{"type":"Point","coordinates":[75.69412,13.74324]},"properties":{"cell_id":97503,"case_count":1,"gi_zscore":-0.144,"gi_pvalue":0.065,"significance":"cold_90"}},{"type":"Feature","geometry":{"type":"Point","coordinates":[76.90588,13.74324]},"properties":{"cell_id":97606,"case_count":1,"gi_zscore":-0.147,"gi_pvalue":0.065,"significance":"cold_90"}},{"type":"Feature","geometry":{"type":"Point","coordinates":[77.75294,13.74324]},"properties":{"cell_id":97678,"case_count":1,"gi_zscore":-0.144,"gi_pvalue":0.065,"significance":"cold_90"}},{"type":"Feature","geometry":{"type":"Point","coordinates":[75.84706,13.75225]},"properties":{"cell_id":97907,"case_count":1,"gi_zscore":-0.144,"gi_pvalue":0.065,"significance":"cold_90"}},{"type":"Feature","geometry":{"type":"Point","coordinates":[76.11765,13.75225]},"properties":{"cell_id":97930,"case_count":1,"gi_zscore":-0.147,"gi_pvalue":0.065,"significance":"cold_90"}},{"type":"Feature","geometry":{"type":"Point","coordinates":[77.78824,13.75225]},"properties":{"cell_id":98072,"case_count":1,"gi_zscore":-0.144,"gi_pvalue":0.065,"significance":"cold_90"}},{"type":"Feature","geometry":{"type":"Point","coordinates":[75.74118,13.76126]},"properties":{"cell_id":98289,"case_count":2,"gi_zscore":-0.1411,"gi_pvalue":0.065,"significance":"cold_90"}},{"type":"Feature","geometry":{"type":"Point","coordinates":[75.98824,13.76126]},"properties":{"cell_id":98310,"case_count":1,"gi_zscore":-0.147,"gi_pvalue":0.064,"significance":"cold_90"}},{"type":"Feature","geometry":{"type":"Point","coordinates":[77.95294,13.76126]},"properties":{"cell_id":98477,"case_count":1,"gi_zscore":-0.144,"gi_pvalue":0.064,"significance":"cold_90"}},{"type":"Feature","geometry":{"type":"Point","coordinates":[77.8,13.77928]},"properties":{"cell_id":99246,"case_count":2,"gi_zscore":-0.144,"gi_pvalue":0.001,"significance":"cold_99"}},{"type":"Feature","geometry":{"type":"Point","coordinates":[74.8,13.7973]},"properties":{"cell_id":99773,"case_count":1,"gi_zscore":-0.147,"gi_pvalue":0.065,"significance":"cold_90"}},{"type":"Feature","geometry":{"type":"Point","coordinates":[74.81176,13.7973]},"properties":{"cell_id":99774,"case_count":1,"gi_zscore":-0.147,"gi_pvalue":0.065,"significance":"cold_90"}},{"type":"Feature","geometry":{"type":"Point","coordinates":[75.77647,13.7973]},"properties":{"cell_id":99856,"case_count":1,"gi_zscore":-0.1382,"gi_pvalue":0.333,"significance":"not_sig"}},{"type":"Feature","geometry":{"type":"Point","coordinates":[77.91765,13.7973]},"properties":{"cell_id":100038,"case_count":1,"gi_zscore":-0.144,"gi_pvalue":0.065,"significance":"cold_90"}},{"type":"Feature","geometry":{"type":"Point","coordinates":[74.63529,13.82432]},"properties":{"cell_id":100932,"case_count":1,"gi_zscore":-0.147,"gi_pvalue":0.065,"significance":"cold_90"}},{"type":"Feature","geometry":{"type":"Point","coordinates":[75.69412,13.82432]},"properties":{"cell_id":101022,"case_count":1,"gi_zscore":-0.1411,"gi_pvalue":0.17,"significance":"not_sig"}},{"type":"Feature","geometry":{"type":"Point","coordinates":[75.97647,13.82432]},"properties":{"cell_id":101046,"case_count":1,"gi_zscore":-0.147,"gi_pvalue":0.065,"significance":"cold_90"}},{"type":"Feature","geometry":{"type":"Point","coordinates":[75.68235,13.83333]},"properties":{"cell_id":101412,"case_count":1,"gi_zscore":-0.1411,"gi_pvalue":0.17,"significance":"not_sig"}},{"type":"Feature","geometry":{"type":"Point","coordinates":[75.71765,13.83333]},"properties":{"cell_id":101415,"case_count":1,"gi_zscore":-0.1411,"gi_pvalue":0.17,"significance":"not_sig"}},{"type":"Feature","geometry":{"type":"Point","coordinates":[77.4,13.83333]},"properties":{"cell_id":101558,"case_count":1,"gi_zscore":-0.1411,"gi_pvalue":0.316,"significance":"not_sig"}},{"type":"Feature","geometry":{"type":"Point","coordinates":[74.70588,13.84234]},"properties":{"cell_id":101720,"case_count":1,"gi_zscore":-0.147,"gi_pvalue":0.065,"significance":"cold_90"}},{"type":"Feature","geometry":{"type":"Point","coordinates":[75.68235,13.84234]},"properties":{"cell_id":101803,"case_count":1,"gi_zscore":-0.1411,"gi_pvalue":0.17,"significance":"not_sig"}},{"type":"Feature","geometry":{"type":"Point","coordinates":[75.70588,13.84234]},"properties":{"cell_id":101805,"case_count":2,"gi_zscore":-0.1411,"gi_pvalue":0.065,"significance":"cold_90"}},{"type":"Feature","geometry":{"type":"Point","coordinates":[75.70588,13.85135]},"properties":{"cell_id":102196,"case_count":2,"gi_zscore":-0.1411,"gi_pvalue":0.065,"significance":"cold_90"}},{"type":"Feature","geometry":{"type":"Point","coordinates":[75.71765,13.85135]},"properties":{"cell_id":102197,"case_count":1,"gi_zscore":-0.1411,"gi_pvalue":0.171,"significance":"not_sig"}},{"type":"Feature","geometry":{"type":"Point","coordinates":[77.87059,13.85135]},"properties":{"cell_id":102380,"case_count":1,"gi_zscore":-0.144,"gi_pvalue":0.064,"significance":"cold_90"}},{"type":"Feature","geometry":{"type":"Point","coordinates":[75.71765,13.86036]},"properties":{"cell_id":102588,"case_count":1,"gi_zscore":-0.1411,"gi_pvalue":0.171,"significance":"not_sig"}},{"type":"Feature","geometry":{"type":"Point","coordinates":[75.65882,13.86937]},"properties":{"cell_id":102974,"case_count":1,"gi_zscore":-0.1411,"gi_pvalue":0.171,"significance":"not_sig"}},{"type":"Feature","geometry":{"type":"Point","coordinates":[75.67059,13.86937]},"properties":{"cell_id":102975,"case_count":1,"gi_zscore":-0.1411,"gi_pvalue":0.171,"significance":"not_sig"}},{"type":"Feature","geometry":{"type":"Point","coordinates":[74.63529,13.87838]},"properties":{"cell_id":103278,"case_count":1,"gi_zscore":-0.147,"gi_pvalue":0.064,"significance":"cold_90"}},{"type":"Feature","geometry":{"type":"Point","coordinates":[74.81176,13.87838]},"properties":{"cell_id":103293,"case_count":1,"gi_zscore":-0.147,"gi_pvalue":0.064,"significance":"cold_90"}},{"type":"Feature","geometry":{"type":"Point","coordinates":[75.74118,13.88739]},"properties":{"cell_id":103763,"case_count":1,"gi_zscore":-0.1411,"gi_pvalue":0.171,"significance":"not_sig"}},{"type":"Feature","geometry":{"type":"Point","coordinates":[75.55294,13.92342]},"properties":{"cell_id":105311,"case_count":1,"gi_zscore":-0.1382,"gi_pvalue":0.331,"significance":"not_sig"}},{"type":"Feature","geometry":{"type":"Point","coordinates":[75.57647,13.92342]},"properties":{"cell_id":105313,"case_count":1,"gi_zscore":-0.1382,"gi_pvalue":0.331,"significance":"not_sig"}},{"type":"Feature","geometry":{"type":"Point","coordinates":[75.55294,13.93243]},"properties":{"cell_id":105702,"case_count":3,"gi_zscore":-0.1382,"gi_pvalue":0.171,"significance":"not_sig"}},{"type":"Feature","geometry":{"type":"Point","coordinates":[75.56471,13.93243]},"properties":{"cell_id":105703,"case_count":2,"gi_zscore":-0.1382,"gi_pvalue":0.17,"significance":"not_sig"}},{"type":"Feature","geometry":{"type":"Point","coordinates":[76.61176,13.93243]},"properties":{"cell_id":105792,"case_count":1,"gi_zscore":-0.144,"gi_pvalue":0.064,"significance":"cold_90"}},{"type":"Feature","geometry":{"type":"Point","coordinates":[74.87059,13.94144]},"properties":{"cell_id":106035,"case_count":1,"gi_zscore":-0.147,"gi_pvalue":0.064,"significance":"cold_90"}},{"type":"Feature","geometry":{"type":"Point","coordinates":[76.62353,13.94144]},"properties":{"cell_id":106184,"case_count":1,"gi_zscore":-0.1411,"gi_pvalue":0.17,"significance":"not_sig"}},{"type":"Feature","geometry":{"type":"Point","coordinates":[74.57647,13.95045]},"properties":{"cell_id":106401,"case_count":1,"gi_zscore":-0.147,"gi_pvalue":0.064,"significance":"cold_90"}},{"type":"Feature","geometry":{"type":"Point","coordinates":[75.57647,13.95946]},"properties":{"cell_id":106877,"case_count":1,"gi_zscore":-0.1382,"gi_pvalue":0.331,"significance":"not_sig"}},{"type":"Feature","geometry":{"type":"Point","coordinates":[76.61176,13.95946]},"properties":{"cell_id":106965,"case_count":2,"gi_zscore":-0.1411,"gi_pvalue":0.064,"significance":"cold_90"}},{"type":"Feature","geometry":{"type":"Point","coordinates":[74.54118,13.96847]},"properties":{"cell_id":107180,"case_count":1,"gi_zscore":-0.147,"gi_pvalue":0.064,"significance":"cold_90"}},{"type":"Feature","geometry":{"type":"Point","coordinates":[76.03529,13.97748]},"properties":{"cell_id":107698,"case_count":1,"gi_zscore":-0.147,"gi_pvalue":0.064,"significance":"cold_90"}},{"type":"Feature","geometry":{"type":"Point","coordinates":[74.55294,13.9955]},"properties":{"cell_id":108354,"case_count":1,"gi_zscore":-0.147,"gi_pvalue":0.064,"significance":"cold_90"}},{"type":"Feature","geometry":{"type":"Point","coordinates":[75.89412,14.02252]},"properties":{"cell_id":109641,"case_count":1,"gi_zscore":-0.147,"gi_pvalue":0.064,"significance":"cold_90"}},{"type":"Feature","geometry":{"type":"Point","coordinates":[75.91765,14.02252]},"properties":{"cell_id":109643,"case_count":1,"gi_zscore":-0.147,"gi_pvalue":0.064,"significance":"cold_90"}},{"type":"Feature","geometry":{"type":"Point","coordinates":[75.92941,14.02252]},"properties":{"cell_id":109644,"case_count":1,"gi_zscore":-0.147,"gi_pvalue":0.064,"significance":"cold_90"}},{"type":"Feature","geometry":{"type":"Point","coordinates":[75.94118,14.02252]},"properties":{"cell_id":109645,"case_count":1,"gi_zscore":-0.147,"gi_pvalue":0.064,"significance":"cold_90"}},{"type":"Feature","geometry":{"type":"Point","coordinates":[76.02353,14.02252]},"properties":{"cell_id":109652,"case_count":1,"gi_zscore":-0.147,"gi_pvalue":0.064,"significance":"cold_90"}},{"type":"Feature","geometry":{"type":"Point","coordinates":[74.51765,14.03153]},"properties":{"cell_id":109915,"case_count":1,"gi_zscore":-0.147,"gi_pvalue":0.064,"significance":"cold_90"}},{"type":"Feature","geometry":{"type":"Point","coordinates":[74.52941,14.03153]},"properties":{"cell_id":109916,"case_count":1,"gi_zscore":-0.147,"gi_pvalue":0.064,"significance":"cold_90"}},{"type":"Feature","geometry":{"type":"Point","coordinates":[77.15294,14.03153]},"properties":{"cell_id":110139,"case_count":1,"gi_zscore":-0.147,"gi_pvalue":0.064,"significance":"cold_90"}},{"type":"Feature","geometry":{"type":"Point","coordinates":[75.89412,14.04054]},"properties":{"cell_id":110423,"case_count":1,"gi_zscore":-0.147,"gi_pvalue":0.064,"significance":"cold_90"}},{"type":"Feature","geometry":{"type":"Point","coordinates":[76.18824,14.04054]},"properties":{"cell_id":110448,"case_count":1,"gi_zscore":-0.147,"gi_pvalue":0.064,"significance":"cold_90"}},{"type":"Feature","geometry":{"type":"Point","coordinates":[76.92941,14.04054]},"properties":{"cell_id":110511,"case_count":1,"gi_zscore":-0.147,"gi_pvalue":0.064,"significance":"cold_90"}},{"type":"Feature","geometry":{"type":"Point","coordinates":[74.50588,14.05856]},"properties":{"cell_id":111087,"case_count":1,"gi_zscore":-0.147,"gi_pvalue":0.064,"significance":"cold_90"}},{"type":"Feature","geometry":{"type":"Point","coordinates":[75.10588,14.05856]},"properties":{"cell_id":111138,"case_count":1,"gi_zscore":-0.1411,"gi_pvalue":0.169,"significance":"not_sig"}},{"type":"Feature","geometry":{"type":"Point","coordinates":[75.54118,14.06757]},"properties":{"cell_id":111566,"case_count":1,"gi_zscore":-0.1382,"gi_pvalue":0.331,"significance":"not_sig"}},{"type":"Feature","geometry":{"type":"Point","coordinates":[75.69412,14.07658]},"properties":{"cell_id":111970,"case_count":1,"gi_zscore":-0.144,"gi_pvalue":0.064,"significance":"cold_90"}},{"type":"Feature","geometry":{"type":"Point","coordinates":[75.71765,14.08559]},"properties":{"cell_id":112363,"case_count":2,"gi_zscore":-0.144,"gi_pvalue":0.065,"significance":"cold_90"}},{"type":"Feature","geometry":{"type":"Point","coordinates":[77.27059,14.09459]},"properties":{"cell_id":112886,"case_count":1,"gi_zscore":-0.147,"gi_pvalue":0.065,"significance":"cold_90"}},{"type":"Feature","geometry":{"type":"Point","coordinates":[77.28235,14.09459]},"properties":{"cell_id":112887,"case_count":1,"gi_zscore":-0.147,"gi_pvalue":0.065,"significance":"cold_90"}},{"type":"Feature","geometry":{"type":"Point","coordinates":[74.49412,14.1036]},"properties":{"cell_id":113041,"case_count":1,"gi_zscore":-0.147,"gi_pvalue":0.065,"significance":"cold_90"}},{"type":"Feature","geometry":{"type":"Point","coordinates":[75.64706,14.1036]},"properties":{"cell_id":113139,"case_count":1,"gi_zscore":-0.144,"gi_pvalue":0.168,"significance":"not_sig"}},{"type":"Feature","geometry":{"type":"Point","coordinates":[77.28235,14.1036]},"properties":{"cell_id":113278,"case_count":1,"gi_zscore":-0.147,"gi_pvalue":0.065,"significance":"cold_90"}},{"type":"Feature","geometry":{"type":"Point","coordinates":[77.17647,14.11261]},"properties":{"cell_id":113660,"case_count":1,"gi_zscore":-0.147,"gi_pvalue":0.065,"significance":"cold_90"}},{"type":"Feature","geometry":{"type":"Point","coordinates":[75.67059,14.12162]},"properties":{"cell_id":113923,"case_count":1,"gi_zscore":-0.144,"gi_pvalue":0.168,"significance":"not_sig"}},{"type":"Feature","geometry":{"type":"Point","coordinates":[76.0,14.12162]},"properties":{"cell_id":113951,"case_count":1,"gi_zscore":-0.147,"gi_pvalue":0.065,"significance":"cold_90"}},{"type":"Feature","geometry":{"type":"Point","coordinates":[75.48235,14.13063]},"properties":{"cell_id":114298,"case_count":1,"gi_zscore":-0.147,"gi_pvalue":0.065,"significance":"cold_90"}},{"type":"Feature","geometry":{"type":"Point","coordinates":[75.22353,14.13964]},"properties":{"cell_id":114667,"case_count":1,"gi_zscore":-0.1411,"gi_pvalue":0.168,"significance":"not_sig"}},{"type":"Feature","geometry":{"type":"Point","coordinates":[75.02353,14.16667]},"properties":{"cell_id":115823,"case_count":1,"gi_zscore":-0.1411,"gi_pvalue":0.168,"significance":"not_sig"}},{"type":"Feature","geometry":{"type":"Point","coordinates":[75.03529,14.16667]},"properties":{"cell_id":115824,"case_count":3,"gi_zscore":-0.1411,"gi_pvalue":0.065,"significance":"cold_90"}},{"type":"Feature","geometry":{"type":"Point","coordinates":[76.01176,14.16667]},"properties":{"cell_id":115907,"case_count":1,"gi_zscore":-0.147,"gi_pvalue":0.065,"significance":"cold_90"}},{"type":"Feature","geometry":{"type":"Point","coordinates":[75.56471,14.17568]},"properties":{"cell_id":116260,"case_count":1,"gi_zscore":-0.144,"gi_pvalue":0.168,"significance":"not_sig"}},{"type":"Feature","geometry":{"type":"Point","coordinates":[76.15294,14.17568]},"properties":{"cell_id":116310,"case_count":1,"gi_zscore":-0.147,"gi_pvalue":0.065,"significance":"cold_90"}},{"type":"Feature","geometry":{"type":"Point","coordinates":[74.48235,14.18468]},"properties":{"cell_id":116559,"case_count":1,"gi_zscore":-0.144,"gi_pvalue":0.065,"significance":"cold_90"}},{"type":"Feature","geometry":{"type":"Point","coordinates":[75.32941,14.18468]},"properties":{"cell_id":116631,"case_count":1,"gi_zscore":-0.147,"gi_pvalue":0.065,"significance":"cold_90"}},{"type":"Feature","geometry":{"type":"Point","coordinates":[74.47059,14.19369]},"properties":{"cell_id":116949,"case_count":1,"gi_zscore":-0.144,"gi_pvalue":0.065,"significance":"cold_90"}},{"type":"Feature","geometry":{"type":"Point","coordinates":[75.34118,14.21171]},"properties":{"cell_id":117805,"case_count":1,"gi_zscore":-0.147,"gi_pvalue":0.065,"significance":"cold_90"}},{"type":"Feature","geometry":{"type":"Point","coordinates":[75.83529,14.21171]},"properties":{"cell_id":117847,"case_count":1,"gi_zscore":-0.1411,"gi_pvalue":0.168,"significance":"not_sig"}},{"type":"Feature","geometry":{"type":"Point","coordinates":[76.37647,14.21171]},"properties":{"cell_id":117893,"case_count":1,"gi_zscore":-0.144,"gi_pvalue":0.168,"significance":"not_sig"}},{"type":"Feature","geometry":{"type":"Point","coordinates":[77.16471,14.21171]},"properties":{"cell_id":117960,"case_count":1,"gi_zscore":-0.147,"gi_pvalue":0.065,"significance":"cold_90"}},{"type":"Feature","geometry":{"type":"Point","coordinates":[74.49412,14.22072]},"properties":{"cell_id":118124,"case_count":1,"gi_zscore":-0.144,"gi_pvalue":0.065,"significance":"cold_90"}},{"type":"Feature","geometry":{"type":"Point","coordinates":[75.65882,14.22973]},"properties":{"cell_id":118614,"case_count":1,"gi_zscore":-0.1411,"gi_pvalue":0.168,"significance":"not_sig"}},{"type":"Feature","geometry":{"type":"Point","coordinates":[76.4,14.22973]},"properties":{"cell_id":118677,"case_count":2,"gi_zscore":-0.144,"gi_pvalue":0.066,"significance":"cold_90"}},{"type":"Feature","geometry":{"type":"Point","coordinates":[76.41176,14.22973]},"properties":{"cell_id":118678,"case_count":1,"gi_zscore":-0.144,"gi_pvalue":0.168,"significance":"not_sig"}},{"type":"Feature","geometry":{"type":"Point","coordinates":[74.58824,14.23874]},"properties":{"cell_id":118914,"case_count":1,"gi_zscore":-0.144,"gi_pvalue":0.064,"significance":"cold_90"}},{"type":"Feature","geometry":{"type":"Point","coordinates":[76.88235,14.25676]},"properties":{"cell_id":119891,"case_count":1,"gi_zscore":-0.144,"gi_pvalue":0.168,"significance":"not_sig"}},{"type":"Feature","geometry":{"type":"Point","coordinates":[77.43529,14.26577]},"properties":{"cell_id":120329,"case_count":1,"gi_zscore":-0.147,"gi_pvalue":0.064,"significance":"cold_90"}},{"type":"Feature","geometry":{"type":"Point","coordinates":[74.45882,14.27477]},"properties":{"cell_id":120467,"case_count":1,"gi_zscore":-0.144,"gi_pvalue":0.064,"significance":"cold_90"}},{"type":"Feature","geometry":{"type":"Point","coordinates":[75.35294,14.27477]},"properties":{"cell_id":120543,"case_count":1,"gi_zscore":-0.147,"gi_pvalue":0.064,"significance":"cold_90"}},{"type":"Feature","geometry":{"type":"Point","coordinates":[74.44706,14.28378]},"properties":{"cell_id":120857,"case_count":2,"gi_zscore":-0.144,"gi_pvalue":0.001,"significance":"cold_99"}},{"type":"Feature","geometry":{"type":"Point","coordinates":[75.98824,14.32883]},"properties":{"cell_id":122943,"case_count":1,"gi_zscore":-0.147,"gi_pvalue":0.063,"significance":"cold_90"}},{"type":"Feature","geometry":{"type":"Point","coordinates":[75.90588,14.34685]},"properties":{"cell_id":123718,"case_count":1,"gi_zscore":-0.1411,"gi_pvalue":0.169,"significance":"not_sig"}},{"type":"Feature","geometry":{"type":"Point","coordinates":[75.74118,14.35586]},"properties":{"cell_id":124095,"case_count":2,"gi_zscore":-0.1382,"gi_pvalue":0.17,"significance":"not_sig"}},{"type":"Feature","geometry":{"type":"Point","coordinates":[76.18824,14.36486]},"properties":{"cell_id":124524,"case_count":1,"gi_zscore":-0.147,"gi_pvalue":0.064,"significance":"cold_90"}},{"type":"Feature","geometry":{"type":"Point","coordinates":[76.10588,14.37387]},"properties":{"cell_id":124908,"case_count":1,"gi_zscore":-0.147,"gi_pvalue":0.064,"significance":"cold_90"}},{"type":"Feature","geometry":{"type":"Point","coordinates":[75.90588,14.39189]},"properties":{"cell_id":125673,"case_count":1,"gi_zscore":-0.1411,"gi_pvalue":0.17,"significance":"not_sig"}},{"type":"Feature","geometry":{"type":"Point","coordinates":[76.04706,14.39189]},"properties":{"cell_id":125685,"case_count":1,"gi_zscore":-0.147,"gi_pvalue":0.064,"significance":"cold_90"}},{"type":"Feature","geometry":{"type":"Point","coordinates":[76.05882,14.39189]},"properties":{"cell_id":125686,"case_count":1,"gi_zscore":-0.147,"gi_pvalue":0.064,"significance":"cold_90"}},{"type":"Feature","geometry":{"type":"Point","coordinates":[74.41176,14.41892]},"properties":{"cell_id":126719,"case_count":1,"gi_zscore":-0.144,"gi_pvalue":0.064,"significance":"cold_90"}},{"type":"Feature","geometry":{"type":"Point","coordinates":[75.61176,14.41892]},"properties":{"cell_id":126821,"case_count":1,"gi_zscore":-0.144,"gi_pvalue":0.17,"significance":"not_sig"}},{"type":"Feature","geometry":{"type":"Point","coordinates":[75.94118,14.41892]},"properties":{"cell_id":126849,"case_count":1,"gi_zscore":-0.1382,"gi_pvalue":0.332,"significance":"not_sig"}},{"type":"Feature","geometry":{"type":"Point","coordinates":[76.10588,14.41892]},"properties":{"cell_id":126863,"case_count":1,"gi_zscore":-0.147,"gi_pvalue":0.064,"significance":"cold_90"}},{"type":"Feature","geometry":{"type":"Point","coordinates":[75.51765,14.42793]},"properties":{"cell_id":127204,"case_count":1,"gi_zscore":-0.147,"gi_pvalue":0.064,"significance":"cold_90"}},{"type":"Feature","geometry":{"type":"Point","coordinates":[75.89412,14.42793]},"properties":{"cell_id":127236,"case_count":1,"gi_zscore":-0.1264,"gi_pvalue":0.338,"significance":"not_sig"}},{"type":"Feature","geometry":{"type":"Point","coordinates":[74.42353,14.43694]},"properties":{"cell_id":127502,"case_count":1,"gi_zscore":-0.144,"gi_pvalue":0.17,"significance":"not_sig"}},{"type":"Feature","geometry":{"type":"Point","coordinates":[75.94118,14.43694]},"properties":{"cell_id":127631,"case_count":1,"gi_zscore":-0.1294,"gi_pvalue":0.44,"significance":"not_sig"}},{"type":"Feature","geometry":{"type":"Point","coordinates":[75.89412,14.44595]},"properties":{"cell_id":128018,"case_count":1,"gi_zscore":-0.1264,"gi_pvalue":0.338,"significance":"not_sig"}},{"type":"Feature","geometry":{"type":"Point","coordinates":[75.92941,14.44595]},"properties":{"cell_id":128021,"case_count":3,"gi_zscore":-0.1294,"gi_pvalue":0.413,"significance":"not_sig"}},{"type":"Feature","geometry":{"type":"Point","coordinates":[75.94118,14.44595]},"properties":{"cell_id":128022,"case_count":1,"gi_zscore":-0.1294,"gi_pvalue":0.44,"significance":"not_sig"}},{"type":"Feature","geometry":{"type":"Point","coordinates":[75.38824,14.45495]},"properties":{"cell_id":128366,"case_count":1,"gi_zscore":-0.144,"gi_pvalue":0.064,"significance":"cold_90"}},{"type":"Feature","geometry":{"type":"Point","coordinates":[75.87059,14.45495]},"properties":{"cell_id":128407,"case_count":1,"gi_zscore":-0.1323,"gi_pvalue":0.482,"significance":"not_sig"}},{"type":"Feature","geometry":{"type":"Point","coordinates":[75.90588,14.45495]},"properties":{"cell_id":128410,"case_count":1,"gi_zscore":-0.1235,"gi_pvalue":0.314,"significance":"not_sig"}},{"type":"Feature","geometry":{"type":"Point","coordinates":[75.92941,14.45495]},"properties":{"cell_id":128412,"case_count":2,"gi_zscore":-0.1294,"gi_pvalue":0.489,"significance":"not_sig"}},{"type":"Feature","geometry":{"type":"Point","coordinates":[75.94118,14.45495]},"properties":{"cell_id":128413,"case_count":1,"gi_zscore":-0.1264,"gi_pvalue":0.367,"significance":"not_sig"}},{"type":"Feature","geometry":{"type":"Point","coordinates":[75.89412,14.46396]},"properties":{"cell_id":128800,"case_count":2,"gi_zscore":-0.1323,"gi_pvalue":0.49,"significance":"not_sig"}},{"type":"Feature","geometry":{"type":"Point","coordinates":[75.90588,14.46396]},"properties":{"cell_id":128801,"case_count":2,"gi_zscore":-0.1323,"gi_pvalue":0.49,"significance":"not_sig"}},{"type":"Feature","geometry":{"type":"Point","coordinates":[75.91765,14.46396]},"properties":{"cell_id":128802,"case_count":4,"gi_zscore":-0.1294,"gi_pvalue":0.416,"significance":"not_sig"}},{"type":"Feature","geometry":{"type":"Point","coordinates":[75.92941,14.46396]},"properties":{"cell_id":128803,"case_count":1,"gi_zscore":-0.1264,"gi_pvalue":0.367,"significance":"not_sig"}},{"type":"Feature","geometry":{"type":"Point","coordinates":[75.90588,14.47297]},"properties":{"cell_id":129192,"case_count":1,"gi_zscore":-0.1294,"gi_pvalue":0.367,"significance":"not_sig"}},{"type":"Feature","geometry":{"type":"Point","coordinates":[75.91765,14.47297]},"properties":{"cell_id":129193,"case_count":1,"gi_zscore":-0.1294,"gi_pvalue":0.367,"significance":"not_sig"}},{"type":"Feature","geometry":{"type":"Point","coordinates":[76.54118,14.47297]},"properties":{"cell_id":129246,"case_count":1,"gi_zscore":-0.144,"gi_pvalue":0.168,"significance":"not_sig"}},{"type":"Feature","geometry":{"type":"Point","coordinates":[75.91765,14.48198]},"properties":{"cell_id":129584,"case_count":1,"gi_zscore":-0.1323,"gi_pvalue":0.438,"significance":"not_sig"}},{"type":"Feature","geometry":{"type":"Point","coordinates":[75.92941,14.48198]},"properties":{"cell_id":129585,"case_count":2,"gi_zscore":-0.1323,"gi_pvalue":0.489,"significance":"not_sig"}},{"type":"Feature","geometry":{"type":"Point","coordinates":[76.01176,14.48198]},"properties":{"cell_id":129592,"case_count":1,"gi_zscore":-0.1411,"gi_pvalue":0.168,"significance":"not_sig"}},{"type":"Feature","geometry":{"type":"Point","coordinates":[76.02353,14.48198]},"properties":{"cell_id":129593,"case_count":1,"gi_zscore":-0.144,"gi_pvalue":0.065,"significance":"cold_90"}},{"type":"Feature","geometry":{"type":"Point","coordinates":[75.94118,14.49099]},"properties":{"cell_id":129977,"case_count":1,"gi_zscore":-0.1323,"gi_pvalue":0.438,"significance":"not_sig"}},{"type":"Feature","geometry":{"type":"Point","coordinates":[76.15294,14.49099]},"properties":{"cell_id":129995,"case_count":1,"gi_zscore":-0.147,"gi_pvalue":0.065,"significance":"cold_90"}},{"type":"Feature","geometry":{"type":"Point","coordinates":[75.81176,14.50901]},"properties":{"cell_id":130748,"case_count":3,"gi_zscore":-0.1352,"gi_pvalue":0.314,"significance":"not_sig"}},{"type":"Feature","geometry":{"type":"Point","coordinates":[74.31765,14.51802]},"properties":{"cell_id":131012,"case_count":1,"gi_zscore":-0.144,"gi_pvalue":0.168,"significance":"not_sig"}},{"type":"Feature","geometry":{"type":"Point","coordinates":[75.55294,14.51802]},"properties":{"cell_id":131117,"case_count":1,"gi_zscore":-0.144,"gi_pvalue":0.065,"significance":"cold_90"}},{"type":"Feature","geometry":{"type":"Point","coordinates":[75.62353,14.51802]},"properties":{"cell_id":131123,"case_count":1,"gi_zscore":-0.144,"gi_pvalue":0.065,"significance":"cold_90"}},{"type":"Feature","geometry":{"type":"Point","coordinates":[75.81176,14.51802]},"properties":{"cell_id":131139,"case_count":2,"gi_zscore":-0.1352,"gi_pvalue":0.312,"significance":"not_sig"}},{"type":"Feature","geometry":{"type":"Point","coordinates":[75.92941,14.51802]},"properties":{"cell_id":131149,"case_count":1,"gi_zscore":-0.1323,"gi_pvalue":0.438,"significance":"not_sig"}},{"type":"Feature","geometry":{"type":"Point","coordinates":[76.32941,14.51802]},"properties":{"cell_id":131183,"case_count":1,"gi_zscore":-0.144,"gi_pvalue":0.168,"significance":"not_sig"}},{"type":"Feature","geometry":{"type":"Point","coordinates":[74.63529,14.52703]},"properties":{"cell_id":131430,"case_count":1,"gi_zscore":-0.144,"gi_pvalue":0.168,"significance":"not_sig"}},{"type":"Feature","geometry":{"type":"Point","coordinates":[75.78824,14.52703]},"properties":{"cell_id":131528,"case_count":1,"gi_zscore":-0.1352,"gi_pvalue":0.41,"significance":"not_sig"}},{"type":"Feature","geometry":{"type":"Point","coordinates":[75.87059,14.52703]},"properties":{"cell_id":131535,"case_count":1,"gi_zscore":-0.1352,"gi_pvalue":0.469,"significance":"not_sig"}},{"type":"Feature","geometry":{"type":"Point","coordinates":[76.51765,14.52703]},"properties":{"cell_id":131590,"case_count":1,"gi_zscore":-0.144,"gi_pvalue":0.168,"significance":"not_sig"}},{"type":"Feature","geometry":{"type":"Point","coordinates":[75.01176,14.54505]},"properties":{"cell_id":132244,"case_count":1,"gi_zscore":-0.144,"gi_pvalue":0.065,"significance":"cold_90"}},{"type":"Feature","geometry":{"type":"Point","coordinates":[75.02353,14.54505]},"properties":{"cell_id":132245,"case_count":1,"gi_zscore":-0.144,"gi_pvalue":0.065,"significance":"cold_90"}},{"type":"Feature","geometry":{"type":"Point","coordinates":[75.54118,14.54505]},"properties":{"cell_id":132289,"case_count":1,"gi_zscore":-0.144,"gi_pvalue":0.065,"significance":"cold_90"}},{"type":"Feature","geometry":{"type":"Point","coordinates":[74.38824,14.55405]},"properties":{"cell_id":132582,"case_count":1,"gi_zscore":-0.144,"gi_pvalue":0.168,"significance":"not_sig"}},{"type":"Feature","geometry":{"type":"Point","coordinates":[75.6,14.55405]},"properties":{"cell_id":132685,"case_count":1,"gi_zscore":-0.144,"gi_pvalue":0.065,"significance":"cold_90"}},{"type":"Feature","geometry":{"type":"Point","coordinates":[75.36471,14.56306]},"properties":{"cell_id":133056,"case_count":1,"gi_zscore":-0.1411,"gi_pvalue":0.168,"significance":"not_sig"}},{"type":"Feature","geometry":{"type":"Point","coordinates":[75.36471,14.57207]},"properties":{"cell_id":133447,"case_count":2,"gi_zscore":-0.1411,"gi_pvalue":0.066,"significance":"cold_90"}},{"type":"Feature","geometry":{"type":"Point","coordinates":[75.71765,14.57207]},"properties":{"cell_id":133477,"case_count":1,"gi_zscore":-0.1352,"gi_pvalue":0.469,"significance":"not_sig"}},{"type":"Feature","geometry":{"type":"Point","coordinates":[75.57647,14.5991]},"properties":{"cell_id":134638,"case_count":1,"gi_zscore":-0.144,"gi_pvalue":0.066,"significance":"cold_90"}},{"type":"Feature","geometry":{"type":"Point","coordinates":[75.8,14.60811]},"properties":{"cell_id":135048,"case_count":1,"gi_zscore":-0.1352,"gi_pvalue":0.469,"significance":"not_sig"}},{"type":"Feature","geometry":{"type":"Point","coordinates":[75.63529,14.61712]},"properties":{"cell_id":135425,"case_count":2,"gi_zscore":-0.144,"gi_pvalue":0.001,"significance":"cold_99"}},{"type":"Feature","geometry":{"type":"Point","coordinates":[74.84706,14.63514]},"properties":{"cell_id":136140,"case_count":1,"gi_zscore":-0.147,"gi_pvalue":0.065,"significance":"cold_90"}},{"type":"Feature","geometry":{"type":"Point","coordinates":[75.48235,14.67117]},"properties":{"cell_id":137758,"case_count":1,"gi_zscore":-0.1411,"gi_pvalue":0.169,"significance":"not_sig"}},{"type":"Feature","geometry":{"type":"Point","coordinates":[74.27059,14.70721]},"properties":{"cell_id":139219,"case_count":1,"gi_zscore":-0.144,"gi_pvalue":0.169,"significance":"not_sig"}},{"type":"Feature","geometry":{"type":"Point","coordinates":[75.57647,14.71622]},"properties":{"cell_id":139721,"case_count":1,"gi_zscore":-0.1411,"gi_pvalue":0.169,"significance":"not_sig"}},{"type":"Feature","geometry":{"type":"Point","coordinates":[75.4,14.78829]},"properties":{"cell_id":142834,"case_count":2,"gi_zscore":-0.1382,"gi_pvalue":0.169,"significance":"not_sig"}},{"type":"Feature","geometry":{"type":"Point","coordinates":[75.4,14.7973]},"properties":{"cell_id":143225,"case_count":1,"gi_zscore":-0.1382,"gi_pvalue":0.327,"significance":"not_sig"}},{"type":"Feature","geometry":{"type":"Point","coordinates":[74.12941,14.80631]},"properties":{"cell_id":143508,"case_count":2,"gi_zscore":-0.144,"gi_pvalue":0.065,"significance":"cold_90"}},{"type":"Feature","geometry":{"type":"Point","coordinates":[74.12941,14.81532]},"properties":{"cell_id":143899,"case_count":1,"gi_zscore":-0.144,"gi_pvalue":0.167,"significance":"not_sig"}},{"type":"Feature","geometry":{"type":"Point","coordinates":[74.14118,14.81532]},"properties":{"cell_id":143900,"case_count":1,"gi_zscore":-0.144,"gi_pvalue":0.167,"significance":"not_sig"}},{"type":"Feature","geometry":{"type":"Point","coordinates":[74.83529,14.81532]},"properties":{"cell_id":143959,"case_count":1,"gi_zscore":-0.147,"gi_pvalue":0.065,"significance":"cold_90"}},{"type":"Feature","geometry":{"type":"Point","coordinates":[76.72941,14.81532]},"properties":{"cell_id":144120,"case_count":1,"gi_zscore":-0.1411,"gi_pvalue":0.167,"significance":"not_sig"}},{"type":"Feature","geometry":{"type":"Point","coordinates":[74.18824,14.82432]},"properties":{"cell_id":144295,"case_count":1,"gi_zscore":-0.144,"gi_pvalue":0.167,"significance":"not_sig"}},{"type":"Feature","geometry":{"type":"Point","coordinates":[75.47059,14.82432]},"properties":{"cell_id":144404,"case_count":1,"gi_zscore":-0.1411,"gi_pvalue":0.167,"significance":"not_sig"}},{"type":"Feature","geometry":{"type":"Point","coordinates":[74.14118,14.83333]},"properties":{"cell_id":144682,"case_count":1,"gi_zscore":-0.144,"gi_pvalue":0.167,"significance":"not_sig"}},{"type":"Feature","geometry":{"type":"Point","coordinates":[74.12941,14.85135]},"properties":{"cell_id":145463,"case_count":1,"gi_zscore":-0.144,"gi_pvalue":0.167,"significance":"not_sig"}},{"type":"Feature","geometry":{"type":"Point","coordinates":[74.12941,14.86036]},"properties":{"cell_id":145854,"case_count":1,"gi_zscore":-0.144,"gi_pvalue":0.167,"significance":"not_sig"}},{"type":"Feature","geometry":{"type":"Point","coordinates":[76.78824,14.87838]},"properties":{"cell_id":146862,"case_count":1,"gi_zscore":-0.1411,"gi_pvalue":0.167,"significance":"not_sig"}},{"type":"Feature","geometry":{"type":"Point","coordinates":[74.34118,14.8964]},"properties":{"cell_id":147436,"case_count":1,"gi_zscore":-0.147,"gi_pvalue":0.065,"significance":"cold_90"}},{"type":"Feature","geometry":{"type":"Point","coordinates":[74.31765,14.90541]},"properties":{"cell_id":147825,"case_count":1,"gi_zscore":-0.147,"gi_pvalue":0.065,"significance":"cold_90"}},{"type":"Feature","geometry":{"type":"Point","coordinates":[74.98824,14.91441]},"properties":{"cell_id":148273,"case_count":1,"gi_zscore":-0.147,"gi_pvalue":0.065,"significance":"cold_90"}},{"type":"Feature","geometry":{"type":"Point","coordinates":[75.71765,14.95045]},"properties":{"cell_id":149899,"case_count":1,"gi_zscore":-0.1411,"gi_pvalue":0.167,"significance":"not_sig"}},{"type":"Feature","geometry":{"type":"Point","coordinates":[74.70588,14.95946]},"properties":{"cell_id":150204,"case_count":1,"gi_zscore":-0.144,"gi_pvalue":0.065,"significance":"cold_90"}},{"type":"Feature","geometry":{"type":"Point","coordinates":[75.34118,14.97748]},"properties":{"cell_id":151040,"case_count":2,"gi_zscore":-0.144,"gi_pvalue":0.065,"significance":"cold_90"}},{"type":"Feature","geometry":{"type":"Point","coordinates":[75.38824,15.0045]},"properties":{"cell_id":152217,"case_count":1,"gi_zscore":-0.1382,"gi_pvalue":0.327,"significance":"not_sig"}},{"type":"Feature","geometry":{"type":"Point","coordinates":[75.63529,15.02252]},"properties":{"cell_id":153020,"case_count":1,"gi_zscore":-0.1411,"gi_pvalue":0.168,"significance":"not_sig"}},{"type":"Feature","geometry":{"type":"Point","coordinates":[75.95294,15.05856]},"properties":{"cell_id":154611,"case_count":1,"gi_zscore":-0.144,"gi_pvalue":0.065,"significance":"cold_90"}},{"type":"Feature","geometry":{"type":"Point","coordinates":[75.47059,15.06757]},"properties":{"cell_id":154961,"case_count":1,"gi_zscore":-0.1382,"gi_pvalue":0.327,"significance":"not_sig"}},{"type":"Feature","geometry":{"type":"Point","coordinates":[75.28235,15.08559]},"properties":{"cell_id":155727,"case_count":1,"gi_zscore":-0.144,"gi_pvalue":0.168,"significance":"not_sig"}},{"type":"Feature","geometry":{"type":"Point","coordinates":[74.98824,15.1036]},"properties":{"cell_id":156484,"case_count":1,"gi_zscore":-0.147,"gi_pvalue":0.065,"significance":"cold_90"}},{"type":"Feature","geometry":{"type":"Point","coordinates":[75.28235,15.1036]},"properties":{"cell_id":156509,"case_count":1,"gi_zscore":-0.144,"gi_pvalue":0.168,"significance":"not_sig"}},{"type":"Feature","geometry":{"type":"Point","coordinates":[75.32941,15.1036]},"properties":{"cell_id":156513,"case_count":1,"gi_zscore":-0.1382,"gi_pvalue":0.327,"significance":"not_sig"}},{"type":"Feature","geometry":{"type":"Point","coordinates":[75.63529,15.11261]},"properties":{"cell_id":156930,"case_count":1,"gi_zscore":0.0672,"gi_pvalue":0.113,"significance":"not_sig"}},{"type":"Feature","geometry":{"type":"Point","coordinates":[75.23529,15.12162]},"properties":{"cell_id":157287,"case_count":1,"gi_zscore":-0.144,"gi_pvalue":0.168,"significance":"not_sig"}},{"type":"Feature","geometry":{"type":"Point","coordinates":[75.36471,15.12162]},"properties":{"cell_id":157298,"case_count":1,"gi_zscore":-0.1382,"gi_pvalue":0.327,"significance":"not_sig"}},{"type":"Feature","geometry":{"type":"Point","coordinates":[75.47059,15.12162]},"properties":{"cell_id":157307,"case_count":3,"gi_zscore":-0.1411,"gi_pvalue":0.065,"significance":"cold_90"}},{"type":"Feature","geometry":{"type":"Point","coordinates":[75.54118,15.12162]},"properties":{"cell_id":157313,"case_count":1,"gi_zscore":-0.1411,"gi_pvalue":0.169,"significance":"not_sig"}},{"type":"Feature","geometry":{"type":"Point","coordinates":[75.15294,15.13063]},"properties":{"cell_id":157671,"case_count":1,"gi_zscore":-0.144,"gi_pvalue":0.065,"significance":"cold_90"}},{"type":"Feature","geometry":{"type":"Point","coordinates":[76.91765,15.14865]},"properties":{"cell_id":158603,"case_count":2,"gi_zscore":-0.1323,"gi_pvalue":0.486,"significance":"not_sig"}},{"type":"Feature","geometry":{"type":"Point","coordinates":[76.23529,15.15766]},"properties":{"cell_id":158936,"case_count":1,"gi_zscore":-0.1411,"gi_pvalue":0.168,"significance":"not_sig"}},{"type":"Feature","geometry":{"type":"Point","coordinates":[76.35294,15.15766]},"properties":{"cell_id":158946,"case_count":1,"gi_zscore":-0.1411,"gi_pvalue":0.168,"significance":"not_sig"}},{"type":"Feature","geometry":{"type":"Point","coordinates":[76.02353,15.16667]},"properties":{"cell_id":159309,"case_count":1,"gi_zscore":-0.1352,"gi_pvalue":0.465,"significance":"not_sig"}},{"type":"Feature","geometry":{"type":"Point","coordinates":[75.01176,15.19369]},"properties":{"cell_id":160396,"case_count":1,"gi_zscore":-0.144,"gi_pvalue":0.064,"significance":"cold_90"}},{"type":"Feature","geometry":{"type":"Point","coordinates":[76.09412,15.2027]},"properties":{"cell_id":160879,"case_count":2,"gi_zscore":-0.1323,"gi_pvalue":0.486,"significance":"not_sig"}},{"type":"Feature","geometry":{"type":"Point","coordinates":[75.88235,15.21171]},"properties":{"cell_id":161252,"case_count":1,"gi_zscore":0.1962,"gi_pvalue":0.103,"significance":"not_sig"}},{"type":"Feature","geometry":{"type":"Point","coordinates":[74.97647,15.22072]},"properties":{"cell_id":161566,"case_count":1,"gi_zscore":-0.1411,"gi_pvalue":0.168,"significance":"not_sig"}},{"type":"Feature","geometry":{"type":"Point","coordinates":[76.25882,15.24775]},"properties":{"cell_id":162848,"case_count":1,"gi_zscore":-0.1411,"gi_pvalue":0.168,"significance":"not_sig"}},{"type":"Feature","geometry":{"type":"Point","coordinates":[75.24706,15.25676]},"properties":{"cell_id":163153,"case_count":1,"gi_zscore":-0.1411,"gi_pvalue":0.168,"significance":"not_sig"}},{"type":"Feature","geometry":{"type":"Point","coordinates":[74.61176,15.26577]},"properties":{"cell_id":163490,"case_count":1,"gi_zscore":-0.144,"gi_pvalue":0.168,"significance":"not_sig"}},{"type":"Feature","geometry":{"type":"Point","coordinates":[74.97647,15.26577]},"properties":{"cell_id":163521,"case_count":1,"gi_zscore":-0.1411,"gi_pvalue":0.168,"significance":"not_sig"}},{"type":"Feature","geometry":{"type":"Point","coordinates":[76.38824,15.26577]},"properties":{"cell_id":163641,"case_count":1,"gi_zscore":-0.1411,"gi_pvalue":0.168,"significance":"not_sig"}},{"type":"Feature","geometry":{"type":"Point","coordinates":[74.61176,15.27477]},"properties":{"cell_id":163881,"case_count":2,"gi_zscore":-0.144,"gi_pvalue":0.065,"significance":"cold_90"}},{"type":"Feature","geometry":{"type":"Point","coordinates":[76.38824,15.27477]},"properties":{"cell_id":164032,"case_count":2,"gi_zscore":-0.1411,"gi_pvalue":0.065,"significance":"cold_90"}},{"type":"Feature","geometry":{"type":"Point","coordinates":[76.21176,15.3018]},"properties":{"cell_id":165190,"case_count":1,"gi_zscore":-0.1352,"gi_pvalue":0.411,"significance":"not_sig"}},{"type":"Feature","geometry":{"type":"Point","coordinates":[76.34118,15.3018]},"properties":{"cell_id":165201,"case_count":2,"gi_zscore":-0.1411,"gi_pvalue":0.065,"significance":"cold_90"}},{"type":"Feature","geometry":{"type":"Point","coordinates":[75.31765,15.31081]},"properties":{"cell_id":165505,"case_count":1,"gi_zscore":-0.144,"gi_pvalue":0.064,"significance":"cold_90"}},{"type":"Feature","geometry":{"type":"Point","coordinates":[75.70588,15.31081]},"properties":{"cell_id":165538,"case_count":21,"gi_zscore":0.2226,"gi_pvalue":0.106,"significance":"not_sig"}},{"type":"Feature","geometry":{"type":"Point","coordinates":[75.71765,15.31081]},"properties":{"cell_id":165539,"case_count":23,"gi_zscore":0.2226,"gi_pvalue":0.106,"significance":"not_sig"}},{"type":"Feature","geometry":{"type":"Point","coordinates":[75.72941,15.31081]},"properties":{"cell_id":165540,"case_count":3,"gi_zscore":0.2226,"gi_pvalue":0.102,"significance":"not_sig"}},{"type":"Feature","geometry":{"type":"Point","coordinates":[76.34118,15.31081]},"properties":{"cell_id":165592,"case_count":1,"gi_zscore":-0.1411,"gi_pvalue":0.168,"significance":"not_sig"}},{"type":"Feature","geometry":{"type":"Point","coordinates":[74.76471,15.31982]},"properties":{"cell_id":165849,"case_count":1,"gi_zscore":-0.144,"gi_pvalue":0.168,"significance":"not_sig"}},{"type":"Feature","geometry":{"type":"Point","coordinates":[75.12941,15.31982]},"properties":{"cell_id":165880,"case_count":1,"gi_zscore":-0.103,"gi_pvalue":0.181,"significance":"not_sig"}},{"type":"Feature","geometry":{"type":"Point","coordinates":[75.14118,15.31982]},"properties":{"cell_id":165881,"case_count":2,"gi_zscore":-0.103,"gi_pvalue":0.191,"significance":"not_sig"}},{"type":"Feature","geometry":{"type":"Point","coordinates":[75.21176,15.31982]},"properties":{"cell_id":165887,"case_count":1,"gi_zscore":-0.1411,"gi_pvalue":0.168,"significance":"not_sig"}},{"type":"Feature","geometry":{"type":"Point","coordinates":[75.70588,15.31982]},"properties":{"cell_id":165929,"case_count":30,"gi_zscore":0.2226,"gi_pvalue":0.109,"significance":"not_sig"}},{"type":"Feature","geometry":{"type":"Point","coordinates":[75.71765,15.31982]},"properties":{"cell_id":165930,"case_count":35,"gi_zscore":0.2226,"gi_pvalue":0.113,"significance":"not_sig"}},{"type":"Feature","geometry":{"type":"Point","coordinates":[74.76471,15.32883]},"properties":{"cell_id":166240,"case_count":1,"gi_zscore":-0.144,"gi_pvalue":0.167,"significance":"not_sig"}},{"type":"Feature","geometry":{"type":"Point","coordinates":[75.12941,15.32883]},"properties":{"cell_id":166271,"case_count":1,"gi_zscore":-0.103,"gi_pvalue":0.184,"significance":"not_sig"}},{"type":"Feature","geometry":{"type":"Point","coordinates":[75.14118,15.32883]},"properties":{"cell_id":166272,"case_count":1,"gi_zscore":-0.103,"gi_pvalue":0.184,"significance":"not_sig"}},{"type":"Feature","geometry":{"type":"Point","coordinates":[75.56471,15.32883]},"properties":{"cell_id":166308,"case_count":1,"gi_zscore":-0.1382,"gi_pvalue":0.325,"significance":"not_sig"}},{"type":"Feature","geometry":{"type":"Point","coordinates":[75.70588,15.32883]},"properties":{"cell_id":166320,"case_count":9,"gi_zscore":0.2226,"gi_pvalue":0.103,"significance":"not_sig"}},{"type":"Feature","geometry":{"type":"Point","coordinates":[75.71765,15.32883]},"properties":{"cell_id":166321,"case_count":11,"gi_zscore":0.2226,"gi_pvalue":0.103,"significance":"not_sig"}},{"type":"Feature","geometry":{"type":"Point","coordinates":[76.15294,15.32883]},"properties":{"cell_id":166358,"case_count":1,"gi_zscore":-0.1352,"gi_pvalue":0.467,"significance":"not_sig"}},{"type":"Feature","geometry":{"type":"Point","coordinates":[75.10588,15.33784]},"properties":{"cell_id":166660,"case_count":1,"gi_zscore":-0.1264,"gi_pvalue":0.374,"significance":"not_sig"}},{"type":"Feature","geometry":{"type":"Point","coordinates":[75.12941,15.33784]},"properties":{"cell_id":166662,"case_count":3,"gi_zscore":-0.1,"gi_pvalue":0.193,"significance":"not_sig"}},{"type":"Feature","geometry":{"type":"Point","coordinates":[75.14118,15.33784]},"properties":{"cell_id":166663,"case_count":6,"gi_zscore":-0.103,"gi_pvalue":0.259,"significance":"not_sig"}},{"type":"Feature","geometry":{"type":"Point","coordinates":[75.15294,15.33784]},"properties":{"cell_id":166664,"case_count":2,"gi_zscore":-0.103,"gi_pvalue":0.193,"significance":"not_sig"}},{"type":"Feature","geometry":{"type":"Point","coordinates":[75.42353,15.33784]},"properties":{"cell_id":166687,"case_count":1,"gi_zscore":-0.144,"gi_pvalue":0.066,"significance":"cold_90"}},{"type":"Feature","geometry":{"type":"Point","coordinates":[75.62353,15.33784]},"properties":{"cell_id":166704,"case_count":2,"gi_zscore":0.0261,"gi_pvalue":0.121,"significance":"not_sig"}},{"type":"Feature","geometry":{"type":"Point","coordinates":[76.15294,15.33784]},"properties":{"cell_id":166749,"case_count":1,"gi_zscore":-0.1352,"gi_pvalue":0.47,"significance":"not_sig"}},{"type":"Feature","geometry":{"type":"Point","coordinates":[76.32941,15.33784]},"properties":{"cell_id":166764,"case_count":1,"gi_zscore":-0.1411,"gi_pvalue":0.168,"significance":"not_sig"}},{"type":"Feature","geometry":{"type":"Point","coordinates":[75.11765,15.34685]},"properties":{"cell_id":167052,"case_count":2,"gi_zscore":-0.1235,"gi_pvalue":0.375,"significance":"not_sig"}},{"type":"Feature","geometry":{"type":"Point","coordinates":[75.12941,15.34685]},"properties":{"cell_id":167053,"case_count":1,"gi_zscore":-0.1,"gi_pvalue":0.171,"significance":"not_sig"}},{"type":"Feature","geometry":{"type":"Point","coordinates":[75.14118,15.34685]},"properties":{"cell_id":167054,"case_count":7,"gi_zscore":-0.1,"gi_pvalue":0.236,"significance":"not_sig"}},{"type":"Feature","geometry":{"type":"Point","coordinates":[75.15294,15.34685]},"properties":{"cell_id":167055,"case_count":1,"gi_zscore":-0.1118,"gi_pvalue":0.206,"significance":"not_sig"}},{"type":"Feature","geometry":{"type":"Point","coordinates":[76.15294,15.34685]},"properties":{"cell_id":167140,"case_count":3,"gi_zscore":-0.1352,"gi_pvalue":0.311,"significance":"not_sig"}},{"type":"Feature","geometry":{"type":"Point","coordinates":[76.17647,15.34685]},"properties":{"cell_id":167142,"case_count":2,"gi_zscore":-0.1352,"gi_pvalue":0.329,"significance":"not_sig"}},{"type":"Feature","geometry":{"type":"Point","coordinates":[76.24706,15.34685]},"properties":{"cell_id":167148,"case_count":1,"gi_zscore":-0.1352,"gi_pvalue":0.412,"significance":"not_sig"}},{"type":"Feature","geometry":{"type":"Point","coordinates":[75.09412,15.35586]},"properties":{"cell_id":167441,"case_count":2,"gi_zscore":-0.1264,"gi_pvalue":0.377,"significance":"not_sig"}},{"type":"Feature","geometry":{"type":"Point","coordinates":[75.11765,15.35586]},"properties":{"cell_id":167443,"case_count":1,"gi_zscore":-0.1235,"gi_pvalue":0.324,"significance":"not_sig"}},{"type":"Feature","geometry":{"type":"Point","coordinates":[75.12941,15.35586]},"properties":{"cell_id":167444,"case_count":3,"gi_zscore":-0.1147,"gi_pvalue":0.285,"significance":"not_sig"}},{"type":"Feature","geometry":{"type":"Point","coordinates":[75.14118,15.35586]},"properties":{"cell_id":167445,"case_count":1,"gi_zscore":-0.103,"gi_pvalue":0.182,"significance":"not_sig"}},{"type":"Feature","geometry":{"type":"Point","coordinates":[75.16471,15.35586]},"properties":{"cell_id":167447,"case_count":1,"gi_zscore":-0.1118,"gi_pvalue":0.206,"significance":"not_sig"}},{"type":"Feature","geometry":{"type":"Point","coordinates":[75.25882,15.35586]},"properties":{"cell_id":167455,"case_count":1,"gi_zscore":-0.147,"gi_pvalue":0.067,"significance":"cold_90"}},{"type":"Feature","geometry":{"type":"Point","coordinates":[76.15294,15.35586]},"properties":{"cell_id":167531,"case_count":2,"gi_zscore":-0.1352,"gi_pvalue":0.328,"significance":"not_sig"}},{"type":"Feature","geometry":{"type":"Point","coordinates":[75.10588,15.36486]},"properties":{"cell_id":167833,"case_count":2,"gi_zscore":-0.1264,"gi_pvalue":0.376,"significance":"not_sig"}},{"type":"Feature","geometry":{"type":"Point","coordinates":[75.12941,15.36486]},"properties":{"cell_id":167835,"case_count":3,"gi_zscore":-0.1294,"gi_pvalue":0.41,"significance":"not_sig"}},{"type":"Feature","geometry":{"type":"Point","coordinates":[75.14118,15.36486]},"properties":{"cell_id":167836,"case_count":1,"gi_zscore":-0.1176,"gi_pvalue":0.236,"significance":"not_sig"}},{"type":"Feature","geometry":{"type":"Point","coordinates":[75.16471,15.36486]},"properties":{"cell_id":167838,"case_count":1,"gi_zscore":-0.1206,"gi_pvalue":0.284,"significance":"not_sig"}},{"type":"Feature","geometry":{"type":"Point","coordinates":[75.34118,15.36486]},"properties":{"cell_id":167853,"case_count":1,"gi_zscore":-0.144,"gi_pvalue":0.066,"significance":"cold_90"}},{"type":"Feature","geometry":{"type":"Point","coordinates":[75.61176,15.36486]},"properties":{"cell_id":167876,"case_count":1,"gi_zscore":-0.1382,"gi_pvalue":0.326,"significance":"not_sig"}},{"type":"Feature","geometry":{"type":"Point","coordinates":[76.15294,15.36486]},"properties":{"cell_id":167922,"case_count":1,"gi_zscore":-0.1352,"gi_pvalue":0.467,"significance":"not_sig"}},{"type":"Feature","geometry":{"type":"Point","coordinates":[75.11765,15.37387]},"properties":{"cell_id":168225,"case_count":3,"gi_zscore":-0.1264,"gi_pvalue":0.444,"significance":"not_sig"}},{"type":"Feature","geometry":{"type":"Point","coordinates":[75.12941,15.37387]},"properties":{"cell_id":168226,"case_count":1,"gi_zscore":-0.1294,"gi_pvalue":0.439,"significance":"not_sig"}},{"type":"Feature","geometry":{"type":"Point","coordinates":[75.14118,15.37387]},"properties":{"cell_id":168227,"case_count":1,"gi_zscore":-0.1294,"gi_pvalue":0.439,"significance":"not_sig"}},{"type":"Feature","geometry":{"type":"Point","coordinates":[75.10588,15.38288]},"properties":{"cell_id":168615,"case_count":1,"gi_zscore":-0.1294,"gi_pvalue":0.439,"significance":"not_sig"}},{"type":"Feature","geometry":{"type":"Point","coordinates":[75.11765,15.38288]},"properties":{"cell_id":168616,"case_count":1,"gi_zscore":-0.1264,"gi_pvalue":0.345,"significance":"not_sig"}},{"type":"Feature","geometry":{"type":"Point","coordinates":[76.15294,15.38288]},"properties":{"cell_id":168704,"case_count":1,"gi_zscore":-0.1352,"gi_pvalue":0.468,"significance":"not_sig"}},{"type":"Feature","geometry":{"type":"Point","coordinates":[75.08235,15.39189]},"properties":{"cell_id":169004,"case_count":1,"gi_zscore":-0.1352,"gi_pvalue":0.468,"significance":"not_sig"}},{"type":"Feature","geometry":{"type":"Point","coordinates":[75.62353,15.4009]},"properties":{"cell_id":169441,"case_count":2,"gi_zscore":-0.1411,"gi_pvalue":0.066,"significance":"cold_90"}},{"type":"Feature","geometry":{"type":"Point","coordinates":[76.16471,15.4009]},"properties":{"cell_id":169487,"case_count":1,"gi_zscore":-0.1352,"gi_pvalue":0.466,"significance":"not_sig"}},{"type":"Feature","geometry":{"type":"Point","coordinates":[76.30588,15.4009]},"properties":{"cell_id":169499,"case_count":1,"gi_zscore":-0.1411,"gi_pvalue":0.161,"significance":"not_sig"}},{"type":"Feature","geometry":{"type":"Point","coordinates":[75.61176,15.40991]},"properties":{"cell_id":169831,"case_count":1,"gi_zscore":-0.1411,"gi_pvalue":0.161,"significance":"not_sig"}},{"type":"Feature","geometry":{"type":"Point","coordinates":[75.62353,15.40991]},"properties":{"cell_id":169832,"case_count":1,"gi_zscore":-0.1411,"gi_pvalue":0.161,"significance":"not_sig"}},{"type":"Feature","geometry":{"type":"Point","coordinates":[74.49412,15.41892]},"properties":{"cell_id":170127,"case_count":1,"gi_zscore":-0.1411,"gi_pvalue":0.161,"significance":"not_sig"}},{"type":"Feature","geometry":{"type":"Point","coordinates":[74.95294,15.41892]},"properties":{"cell_id":170166,"case_count":1,"gi_zscore":-0.1382,"gi_pvalue":0.327,"significance":"not_sig"}},{"type":"Feature","geometry":{"type":"Point","coordinates":[75.04706,15.41892]},"properties":{"cell_id":170174,"case_count":1,"gi_zscore":-0.144,"gi_pvalue":0.065,"significance":"cold_90"}},{"type":"Feature","geometry":{"type":"Point","coordinates":[75.43529,15.41892]},"properties":{"cell_id":170207,"case_count":2,"gi_zscore":-0.144,"gi_pvalue":0.001,"significance":"cold_99"}},{"type":"Feature","geometry":{"type":"Point","coordinates":[76.52941,15.41892]},"properties":{"cell_id":170300,"case_count":2,"gi_zscore":-0.1323,"gi_pvalue":0.485,"significance":"not_sig"}},{"type":"Feature","geometry":{"type":"Point","coordinates":[76.54118,15.41892]},"properties":{"cell_id":170301,"case_count":2,"gi_zscore":-0.1323,"gi_pvalue":0.485,"significance":"not_sig"}},{"type":"Feature","geometry":{"type":"Point","coordinates":[74.74118,15.42793]},"properties":{"cell_id":170539,"case_count":1,"gi_zscore":-0.1411,"gi_pvalue":0.159,"significance":"not_sig"}},{"type":"Feature","geometry":{"type":"Point","coordinates":[75.01176,15.42793]},"properties":{"cell_id":170562,"case_count":1,"gi_zscore":-0.1411,"gi_pvalue":0.159,"significance":"not_sig"}},{"type":"Feature","geometry":{"type":"Point","coordinates":[75.02353,15.42793]},"properties":{"cell_id":170563,"case_count":1,"gi_zscore":-0.1411,"gi_pvalue":0.159,"significance":"not_sig"}},{"type":"Feature","geometry":{"type":"Point","coordinates":[75.43529,15.42793]},"properties":{"cell_id":170598,"case_count":1,"gi_zscore":-0.144,"gi_pvalue":0.064,"significance":"cold_90"}},{"type":"Feature","geometry":{"type":"Point","coordinates":[75.63529,15.42793]},"properties":{"cell_id":170615,"case_count":2,"gi_zscore":-0.1382,"gi_pvalue":0.159,"significance":"not_sig"}},{"type":"Feature","geometry":{"type":"Point","coordinates":[76.52941,15.42793]},"properties":{"cell_id":170691,"case_count":2,"gi_zscore":-0.1323,"gi_pvalue":0.485,"significance":"not_sig"}},{"type":"Feature","geometry":{"type":"Point","coordinates":[76.54118,15.42793]},"properties":{"cell_id":170692,"case_count":1,"gi_zscore":-0.1323,"gi_pvalue":0.441,"significance":"not_sig"}},{"type":"Feature","geometry":{"type":"Point","coordinates":[75.0,15.43694]},"properties":{"cell_id":170952,"case_count":1,"gi_zscore":-0.1382,"gi_pvalue":0.327,"significance":"not_sig"}},{"type":"Feature","geometry":{"type":"Point","coordinates":[75.01176,15.43694]},"properties":{"cell_id":170953,"case_count":1,"gi_zscore":-0.1411,"gi_pvalue":0.157,"significance":"not_sig"}},{"type":"Feature","geometry":{"type":"Point","coordinates":[75.02353,15.43694]},"properties":{"cell_id":170954,"case_count":1,"gi_zscore":-0.1382,"gi_pvalue":0.327,"significance":"not_sig"}},{"type":"Feature","geometry":{"type":"Point","coordinates":[75.61176,15.43694]},"properties":{"cell_id":171004,"case_count":1,"gi_zscore":-0.1382,"gi_pvalue":0.327,"significance":"not_sig"}},{"type":"Feature","geometry":{"type":"Point","coordinates":[75.64706,15.43694]},"properties":{"cell_id":171007,"case_count":1,"gi_zscore":-0.1382,"gi_pvalue":0.327,"significance":"not_sig"}},{"type":"Feature","geometry":{"type":"Point","coordinates":[76.52941,15.43694]},"properties":{"cell_id":171082,"case_count":2,"gi_zscore":-0.1323,"gi_pvalue":0.485,"significance":"not_sig"}},{"type":"Feature","geometry":{"type":"Point","coordinates":[74.4,15.44595]},"properties":{"cell_id":171292,"case_count":1,"gi_zscore":-0.1411,"gi_pvalue":0.158,"significance":"not_sig"}},{"type":"Feature","geometry":{"type":"Point","coordinates":[74.98824,15.44595]},"properties":{"cell_id":171342,"case_count":2,"gi_zscore":-0.1352,"gi_pvalue":0.328,"significance":"not_sig"}},{"type":"Feature","geometry":{"type":"Point","coordinates":[75.0,15.44595]},"properties":{"cell_id":171343,"case_count":2,"gi_zscore":-0.1382,"gi_pvalue":0.159,"significance":"not_sig"}},{"type":"Feature","geometry":{"type":"Point","coordinates":[75.01176,15.44595]},"properties":{"cell_id":171344,"case_count":2,"gi_zscore":-0.1411,"gi_pvalue":0.064,"significance":"cold_90"}},{"type":"Feature","geometry":{"type":"Point","coordinates":[75.21176,15.44595]},"properties":{"cell_id":171361,"case_count":1,"gi_zscore":-0.147,"gi_pvalue":0.064,"significance":"cold_90"}},{"type":"Feature","geometry":{"type":"Point","coordinates":[75.63529,15.44595]},"properties":{"cell_id":171397,"case_count":1,"gi_zscore":-0.1382,"gi_pvalue":0.326,"significance":"not_sig"}},{"type":"Feature","geometry":{"type":"Point","coordinates":[75.64706,15.44595]},"properties":{"cell_id":171398,"case_count":1,"gi_zscore":-0.1382,"gi_pvalue":0.326,"significance":"not_sig"}},{"type":"Feature","geometry":{"type":"Point","coordinates":[75.65882,15.44595]},"properties":{"cell_id":171399,"case_count":2,"gi_zscore":-0.1382,"gi_pvalue":0.161,"significance":"not_sig"}},{"type":"Feature","geometry":{"type":"Point","coordinates":[75.0,15.45495]},"properties":{"cell_id":171734,"case_count":1,"gi_zscore":-0.1352,"gi_pvalue":0.468,"significance":"not_sig"}},{"type":"Feature","geometry":{"type":"Point","coordinates":[75.01176,15.45495]},"properties":{"cell_id":171735,"case_count":1,"gi_zscore":-0.1382,"gi_pvalue":0.326,"significance":"not_sig"}},{"type":"Feature","geometry":{"type":"Point","coordinates":[76.47059,15.45495]},"properties":{"cell_id":171859,"case_count":1,"gi_zscore":-0.1352,"gi_pvalue":0.468,"significance":"not_sig"}},{"type":"Feature","geometry":{"type":"Point","coordinates":[75.01176,15.46396]},"properties":{"cell_id":172126,"case_count":1,"gi_zscore":-0.1382,"gi_pvalue":0.326,"significance":"not_sig"}},{"type":"Feature","geometry":{"type":"Point","coordinates":[75.02353,15.46396]},"properties":{"cell_id":172127,"case_count":2,"gi_zscore":-0.1411,"gi_pvalue":0.065,"significance":"cold_90"}},{"type":"Feature","geometry":{"type":"Point","coordinates":[75.14118,15.46396]},"properties":{"cell_id":172137,"case_count":1,"gi_zscore":-0.1411,"gi_pvalue":0.309,"significance":"not_sig"}},{"type":"Feature","geometry":{"type":"Point","coordinates":[74.98824,15.47297]},"properties":{"cell_id":172515,"case_count":2,"gi_zscore":-0.1382,"gi_pvalue":0.163,"significance":"not_sig"}},{"type":"Feature","geometry":{"type":"Point","coordinates":[75.0,15.47297]},"properties":{"cell_id":172516,"case_count":1,"gi_zscore":-0.1382,"gi_pvalue":0.326,"significance":"not_sig"}},{"type":"Feature","geometry":{"type":"Point","coordinates":[75.02353,15.47297]},"properties":{"cell_id":172518,"case_count":1,"gi_zscore":-0.1382,"gi_pvalue":0.326,"significance":"not_sig"}},{"type":"Feature","geometry":{"type":"Point","coordinates":[75.37647,15.47297]},"properties":{"cell_id":172548,"case_count":1,"gi_zscore":-0.144,"gi_pvalue":0.158,"significance":"not_sig"}},{"type":"Feature","geometry":{"type":"Point","coordinates":[74.95294,15.48198]},"properties":{"cell_id":172903,"case_count":1,"gi_zscore":-0.1382,"gi_pvalue":0.326,"significance":"not_sig"}},{"type":"Feature","geometry":{"type":"Point","coordinates":[75.02353,15.48198]},"properties":{"cell_id":172909,"case_count":1,"gi_zscore":-0.1382,"gi_pvalue":0.326,"significance":"not_sig"}},{"type":"Feature","geometry":{"type":"Point","coordinates":[75.12941,15.48198]},"properties":{"cell_id":172918,"case_count":1,"gi_zscore":-0.1411,"gi_pvalue":0.158,"significance":"not_sig"}},{"type":"Feature","geometry":{"type":"Point","coordinates":[74.96471,15.49099]},"properties":{"cell_id":173295,"case_count":1,"gi_zscore":-0.1382,"gi_pvalue":0.326,"significance":"not_sig"}},{"type":"Feature","geometry":{"type":"Point","coordinates":[75.98824,15.49099]},"properties":{"cell_id":173382,"case_count":1,"gi_zscore":-0.1352,"gi_pvalue":0.469,"significance":"not_sig"}},{"type":"Feature","geometry":{"type":"Point","coordinates":[76.0,15.49099]},"properties":{"cell_id":173383,"case_count":1,"gi_zscore":-0.1352,"gi_pvalue":0.469,"significance":"not_sig"}},{"type":"Feature","geometry":{"type":"Point","coordinates":[75.44706,15.5]},"properties":{"cell_id":173727,"case_count":1,"gi_zscore":-0.144,"gi_pvalue":0.158,"significance":"not_sig"}},{"type":"Feature","geometry":{"type":"Point","coordinates":[74.97647,15.50901]},"properties":{"cell_id":174078,"case_count":1,"gi_zscore":-0.144,"gi_pvalue":0.158,"significance":"not_sig"}},{"type":"Feature","geometry":{"type":"Point","coordinates":[76.54118,15.50901]},"properties":{"cell_id":174211,"case_count":1,"gi_zscore":-0.1352,"gi_pvalue":0.411,"significance":"not_sig"}},{"type":"Feature","geometry":{"type":"Point","coordinates":[76.25882,15.52703]},"properties":{"cell_id":174969,"case_count":1,"gi_zscore":-0.1411,"gi_pvalue":0.309,"significance":"not_sig"}},{"type":"Feature","geometry":{"type":"Point","coordinates":[75.05882,15.53604]},"properties":{"cell_id":175258,"case_count":3,"gi_zscore":-0.1382,"gi_pvalue":0.161,"significance":"not_sig"}},{"type":"Feature","geometry":{"type":"Point","coordinates":[75.24706,15.54505]},"properties":{"cell_id":175665,"case_count":1,"gi_zscore":-0.147,"gi_pvalue":0.065,"significance":"cold_90"}},{"type":"Feature","geometry":{"type":"Point","coordinates":[75.69412,15.54505]},"properties":{"cell_id":175703,"case_count":1,"gi_zscore":-0.1411,"gi_pvalue":0.161,"significance":"not_sig"}},{"type":"Feature","geometry":{"type":"Point","coordinates":[74.91765,15.55405]},"properties":{"cell_id":176028,"case_count":1,"gi_zscore":-0.144,"gi_pvalue":0.161,"significance":"not_sig"}},{"type":"Feature","geometry":{"type":"Point","coordinates":[75.35294,15.55405]},"properties":{"cell_id":176065,"case_count":1,"gi_zscore":-0.144,"gi_pvalue":0.161,"significance":"not_sig"}},{"type":"Feature","geometry":{"type":"Point","coordinates":[74.64706,15.56306]},"properties":{"cell_id":176396,"case_count":1,"gi_zscore":-0.1411,"gi_pvalue":0.161,"significance":"not_sig"}},{"type":"Feature","geometry":{"type":"Point","coordinates":[75.98824,15.57207]},"properties":{"cell_id":176901,"case_count":2,"gi_zscore":-0.144,"gi_pvalue":0.066,"significance":"cold_90"}},{"type":"Feature","geometry":{"type":"Point","coordinates":[75.15294,15.59009]},"properties":{"cell_id":177612,"case_count":1,"gi_zscore":-0.1411,"gi_pvalue":0.312,"significance":"not_sig"}},{"type":"Feature","geometry":{"type":"Point","coordinates":[74.77647,15.5991]},"properties":{"cell_id":177971,"case_count":2,"gi_zscore":-0.1411,"gi_pvalue":0.066,"significance":"cold_90"}},{"type":"Feature","geometry":{"type":"Point","coordinates":[75.0,15.61712]},"properties":{"cell_id":178772,"case_count":1,"gi_zscore":-0.1411,"gi_pvalue":0.162,"significance":"not_sig"}},{"type":"Feature","geometry":{"type":"Point","coordinates":[75.07059,15.62613]},"properties":{"cell_id":179169,"case_count":1,"gi_zscore":-0.1382,"gi_pvalue":0.329,"significance":"not_sig"}},{"type":"Feature","geometry":{"type":"Point","coordinates":[75.29412,15.62613]},"properties":{"cell_id":179188,"case_count":1,"gi_zscore":-0.147,"gi_pvalue":0.066,"significance":"cold_90"}},{"type":"Feature","geometry":{"type":"Point","coordinates":[74.50588,15.63514]},"properties":{"cell_id":179512,"case_count":2,"gi_zscore":-0.1411,"gi_pvalue":0.067,"significance":"cold_90"}},{"type":"Feature","geometry":{"type":"Point","coordinates":[75.82353,15.63514]},"properties":{"cell_id":179624,"case_count":1,"gi_zscore":-0.144,"gi_pvalue":0.162,"significance":"not_sig"}},{"type":"Feature","geometry":{"type":"Point","coordinates":[75.95294,15.64414]},"properties":{"cell_id":180026,"case_count":1,"gi_zscore":-0.144,"gi_pvalue":0.162,"significance":"not_sig"}},{"type":"Feature","geometry":{"type":"Point","coordinates":[76.17647,15.64414]},"properties":{"cell_id":180045,"case_count":1,"gi_zscore":-0.144,"gi_pvalue":0.162,"significance":"not_sig"}},{"type":"Feature","geometry":{"type":"Point","coordinates":[76.48235,15.66216]},"properties":{"cell_id":180853,"case_count":1,"gi_zscore":-0.1382,"gi_pvalue":0.329,"significance":"not_sig"}},{"type":"Feature","geometry":{"type":"Point","coordinates":[75.24706,15.68018]},"properties":{"cell_id":181530,"case_count":1,"gi_zscore":-0.144,"gi_pvalue":0.066,"significance":"cold_90"}},{"type":"Feature","geometry":{"type":"Point","coordinates":[76.09412,15.6982]},"properties":{"cell_id":182384,"case_count":1,"gi_zscore":-0.147,"gi_pvalue":0.066,"significance":"cold_90"}},{"type":"Feature","geometry":{"type":"Point","coordinates":[75.51765,15.70721]},"properties":{"cell_id":182726,"case_count":1,"gi_zscore":-0.147,"gi_pvalue":0.066,"significance":"cold_90"}},{"type":"Feature","geometry":{"type":"Point","coordinates":[75.51765,15.73423]},"properties":{"cell_id":183899,"case_count":1,"gi_zscore":-0.147,"gi_pvalue":0.066,"significance":"cold_90"}},{"type":"Feature","geometry":{"type":"Point","coordinates":[75.96471,15.73423]},"properties":{"cell_id":183937,"case_count":1,"gi_zscore":-0.144,"gi_pvalue":0.162,"significance":"not_sig"}},{"type":"Feature","geometry":{"type":"Point","coordinates":[75.97647,15.73423]},"properties":{"cell_id":183938,"case_count":1,"gi_zscore":-0.144,"gi_pvalue":0.162,"significance":"not_sig"}},{"type":"Feature","geometry":{"type":"Point","coordinates":[76.02353,15.73423]},"properties":{"cell_id":183942,"case_count":1,"gi_zscore":-0.147,"gi_pvalue":0.066,"significance":"cold_90"}},{"type":"Feature","geometry":{"type":"Point","coordinates":[76.18824,15.74324]},"properties":{"cell_id":184347,"case_count":1,"gi_zscore":-0.147,"gi_pvalue":0.066,"significance":"cold_90"}},{"type":"Feature","geometry":{"type":"Point","coordinates":[76.18824,15.75225]},"properties":{"cell_id":184738,"case_count":1,"gi_zscore":-0.147,"gi_pvalue":0.066,"significance":"cold_90"}},{"type":"Feature","geometry":{"type":"Point","coordinates":[76.01176,15.76126]},"properties":{"cell_id":185114,"case_count":1,"gi_zscore":-0.147,"gi_pvalue":0.066,"significance":"cold_90"}},{"type":"Feature","geometry":{"type":"Point","coordinates":[76.2,15.76126]},"properties":{"cell_id":185130,"case_count":1,"gi_zscore":-0.147,"gi_pvalue":0.066,"significance":"cold_90"}},{"type":"Feature","geometry":{"type":"Point","coordinates":[76.41176,15.76126]},"properties":{"cell_id":185148,"case_count":1,"gi_zscore":-0.147,"gi_pvalue":0.066,"significance":"cold_90"}},{"type":"Feature","geometry":{"type":"Point","coordinates":[76.50588,15.76126]},"properties":{"cell_id":185156,"case_count":1,"gi_zscore":-0.144,"gi_pvalue":0.066,"significance":"cold_90"}},{"type":"Feature","geometry":{"type":"Point","coordinates":[76.74118,15.76126]},"properties":{"cell_id":185176,"case_count":1,"gi_zscore":-0.144,"gi_pvalue":0.066,"significance":"cold_90"}},{"type":"Feature","geometry":{"type":"Point","coordinates":[75.11765,15.77027]},"properties":{"cell_id":185429,"case_count":2,"gi_zscore":-0.144,"gi_pvalue":0.066,"significance":"cold_90"}},{"type":"Feature","geometry":{"type":"Point","coordinates":[75.14118,15.77027]},"properties":{"cell_id":185431,"case_count":1,"gi_zscore":-0.144,"gi_pvalue":0.162,"significance":"not_sig"}},{"type":"Feature","geometry":{"type":"Point","coordinates":[76.75294,15.77027]},"properties":{"cell_id":185568,"case_count":2,"gi_zscore":-0.144,"gi_pvalue":0.001,"significance":"cold_99"}},{"type":"Feature","geometry":{"type":"Point","coordinates":[76.76471,15.78829]},"properties":{"cell_id":186351,"case_count":1,"gi_zscore":-0.144,"gi_pvalue":0.161,"significance":"not_sig"}},{"type":"Feature","geometry":{"type":"Point","coordinates":[75.18824,15.7973]},"properties":{"cell_id":186608,"case_count":1,"gi_zscore":-0.144,"gi_pvalue":0.161,"significance":"not_sig"}},{"type":"Feature","geometry":{"type":"Point","coordinates":[75.11765,15.80631]},"properties":{"cell_id":186993,"case_count":1,"gi_zscore":-0.144,"gi_pvalue":0.161,"significance":"not_sig"}},{"type":"Feature","geometry":{"type":"Point","coordinates":[76.75294,15.81532]},"properties":{"cell_id":187523,"case_count":1,"gi_zscore":-0.144,"gi_pvalue":0.161,"significance":"not_sig"}},{"type":"Feature","geometry":{"type":"Point","coordinates":[75.64706,15.82432]},"properties":{"cell_id":187820,"case_count":1,"gi_zscore":-0.147,"gi_pvalue":0.065,"significance":"cold_90"}},{"type":"Feature","geometry":{"type":"Point","coordinates":[75.12941,15.84234]},"properties":{"cell_id":188558,"case_count":1,"gi_zscore":-0.144,"gi_pvalue":0.161,"significance":"not_sig"}},{"type":"Feature","geometry":{"type":"Point","coordinates":[74.49412,15.85135]},"properties":{"cell_id":188895,"case_count":1,"gi_zscore":-0.1411,"gi_pvalue":0.161,"significance":"not_sig"}},{"type":"Feature","geometry":{"type":"Point","coordinates":[75.11765,15.85135]},"properties":{"cell_id":188948,"case_count":1,"gi_zscore":-0.144,"gi_pvalue":0.161,"significance":"not_sig"}},{"type":"Feature","geometry":{"type":"Point","coordinates":[76.11765,15.85135]},"properties":{"cell_id":189033,"case_count":1,"gi_zscore":-0.147,"gi_pvalue":0.065,"significance":"cold_90"}},{"type":"Feature","geometry":{"type":"Point","coordinates":[74.50588,15.86036]},"properties":{"cell_id":189287,"case_count":1,"gi_zscore":-0.1411,"gi_pvalue":0.161,"significance":"not_sig"}},{"type":"Feature","geometry":{"type":"Point","coordinates":[75.89412,15.86036]},"properties":{"cell_id":189405,"case_count":1,"gi_zscore":-0.144,"gi_pvalue":0.065,"significance":"cold_90"}},{"type":"Feature","geometry":{"type":"Point","coordinates":[75.08235,15.88739]},"properties":{"cell_id":190509,"case_count":1,"gi_zscore":-0.144,"gi_pvalue":0.161,"significance":"not_sig"}},{"type":"Feature","geometry":{"type":"Point","coordinates":[75.18824,15.88739]},"properties":{"cell_id":190518,"case_count":1,"gi_zscore":-0.1411,"gi_pvalue":0.161,"significance":"not_sig"}},{"type":"Feature","geometry":{"type":"Point","coordinates":[75.38824,15.88739]},"properties":{"cell_id":190535,"case_count":1,"gi_zscore":-0.144,"gi_pvalue":0.065,"significance":"cold_90"}},{"type":"Feature","geometry":{"type":"Point","coordinates":[74.88235,15.8964]},"properties":{"cell_id":190883,"case_count":1,"gi_zscore":-0.147,"gi_pvalue":0.065,"significance":"cold_90"}},{"type":"Feature","geometry":{"type":"Point","coordinates":[76.16471,15.8964]},"properties":{"cell_id":190992,"case_count":1,"gi_zscore":-0.144,"gi_pvalue":0.065,"significance":"cold_90"}},{"type":"Feature","geometry":{"type":"Point","coordinates":[74.88235,15.90541]},"properties":{"cell_id":191274,"case_count":1,"gi_zscore":-0.147,"gi_pvalue":0.065,"significance":"cold_90"}},{"type":"Feature","geometry":{"type":"Point","coordinates":[74.72941,15.91441]},"properties":{"cell_id":191652,"case_count":1,"gi_zscore":-0.144,"gi_pvalue":0.065,"significance":"cold_90"}},{"type":"Feature","geometry":{"type":"Point","coordinates":[74.96471,15.93243]},"properties":{"cell_id":192454,"case_count":1,"gi_zscore":-0.147,"gi_pvalue":0.065,"significance":"cold_90"}},{"type":"Feature","geometry":{"type":"Point","coordinates":[76.42353,15.93243]},"properties":{"cell_id":192578,"case_count":1,"gi_zscore":-0.147,"gi_pvalue":0.065,"significance":"cold_90"}},{"type":"Feature","geometry":{"type":"Point","coordinates":[75.29412,15.95045]},"properties":{"cell_id":193264,"case_count":2,"gi_zscore":-0.144,"gi_pvalue":0.001,"significance":"cold_99"}},{"type":"Feature","geometry":{"type":"Point","coordinates":[76.75294,15.95946]},"properties":{"cell_id":193779,"case_count":1,"gi_zscore":-0.144,"gi_pvalue":0.162,"significance":"not_sig"}},{"type":"Feature","geometry":{"type":"Point","coordinates":[74.81176,15.96847]},"properties":{"cell_id":194005,"case_count":1,"gi_zscore":-0.147,"gi_pvalue":0.065,"significance":"cold_90"}},{"type":"Feature","geometry":{"type":"Point","coordinates":[76.98824,15.98649]},"properties":{"cell_id":194972,"case_count":1,"gi_zscore":-0.144,"gi_pvalue":0.162,"significance":"not_sig"}},{"type":"Feature","geometry":{"type":"Point","coordinates":[76.0,15.9955]},"properties":{"cell_id":195279,"case_count":2,"gi_zscore":-0.144,"gi_pvalue":0.001,"significance":"cold_99"}},{"type":"Feature","geometry":{"type":"Point","coordinates":[77.04706,15.9955]},"properties":{"cell_id":195368,"case_count":1,"gi_zscore":-0.147,"gi_pvalue":0.064,"significance":"cold_90"}},{"type":"Feature","geometry":{"type":"Point","coordinates":[74.97647,16.01351]},"properties":{"cell_id":195974,"case_count":1,"gi_zscore":-0.147,"gi_pvalue":0.064,"significance":"cold_90"}},{"type":"Feature","geometry":{"type":"Point","coordinates":[74.63529,16.02252]},"properties":{"cell_id":196336,"case_count":1,"gi_zscore":-0.144,"gi_pvalue":0.162,"significance":"not_sig"}},{"type":"Feature","geometry":{"type":"Point","coordinates":[75.30588,16.03153]},"properties":{"cell_id":196784,"case_count":1,"gi_zscore":-0.144,"gi_pvalue":0.064,"significance":"cold_90"}},{"type":"Feature","geometry":{"type":"Point","coordinates":[74.57647,16.04955]},"properties":{"cell_id":197504,"case_count":2,"gi_zscore":-0.144,"gi_pvalue":0.064,"significance":"cold_90"}},{"type":"Feature","geometry":{"type":"Point","coordinates":[75.23529,16.05856]},"properties":{"cell_id":197951,"case_count":1,"gi_zscore":-0.144,"gi_pvalue":0.063,"significance":"cold_90"}},{"type":"Feature","geometry":{"type":"Point","coordinates":[74.43529,16.06757]},"properties":{"cell_id":198274,"case_count":1,"gi_zscore":-0.144,"gi_pvalue":0.163,"significance":"not_sig"}},{"type":"Feature","geometry":{"type":"Point","coordinates":[74.65882,16.07658]},"properties":{"cell_id":198684,"case_count":1,"gi_zscore":-0.144,"gi_pvalue":0.163,"significance":"not_sig"}},{"type":"Feature","geometry":{"type":"Point","coordinates":[77.05882,16.07658]},"properties":{"cell_id":198888,"case_count":1,"gi_zscore":-0.147,"gi_pvalue":0.063,"significance":"cold_90"}},{"type":"Feature","geometry":{"type":"Point","coordinates":[77.41176,16.07658]},"properties":{"cell_id":198918,"case_count":1,"gi_zscore":-0.1352,"gi_pvalue":0.474,"significance":"not_sig"}},{"type":"Feature","geometry":{"type":"Point","coordinates":[74.49412,16.08559]},"properties":{"cell_id":199061,"case_count":1,"gi_zscore":-0.144,"gi_pvalue":0.163,"significance":"not_sig"}},{"type":"Feature","geometry":{"type":"Point","coordinates":[77.45882,16.08559]},"properties":{"cell_id":199313,"case_count":1,"gi_zscore":-0.1352,"gi_pvalue":0.474,"significance":"not_sig"}},{"type":"Feature","geometry":{"type":"Point","coordinates":[75.30588,16.09459]},"properties":{"cell_id":199521,"case_count":1,"gi_zscore":-0.144,"gi_pvalue":0.163,"significance":"not_sig"}},{"type":"Feature","geometry":{"type":"Point","coordinates":[76.35294,16.09459]},"properties":{"cell_id":199610,"case_count":1,"gi_zscore":-0.1382,"gi_pvalue":0.33,"significance":"not_sig"}},{"type":"Feature","geometry":{"type":"Point","coordinates":[76.45882,16.11261]},"properties":{"cell_id":200401,"case_count":1,"gi_zscore":-0.147,"gi_pvalue":0.063,"significance":"cold_90"}},{"type":"Feature","geometry":{"type":"Point","coordinates":[74.52941,16.12162]},"properties":{"cell_id":200628,"case_count":1,"gi_zscore":-0.144,"gi_pvalue":0.163,"significance":"not_sig"}},{"type":"Feature","geometry":{"type":"Point","coordinates":[77.21176,16.13964]},"properties":{"cell_id":201638,"case_count":1,"gi_zscore":-0.1382,"gi_pvalue":0.33,"significance":"not_sig"}},{"type":"Feature","geometry":{"type":"Point","coordinates":[77.37647,16.15766]},"properties":{"cell_id":202434,"case_count":1,"gi_zscore":-0.1352,"gi_pvalue":0.474,"significance":"not_sig"}},{"type":"Feature","geometry":{"type":"Point","coordinates":[75.27059,16.16667]},"properties":{"cell_id":202646,"case_count":1,"gi_zscore":-0.144,"gi_pvalue":0.163,"significance":"not_sig"}},{"type":"Feature","geometry":{"type":"Point","coordinates":[76.51765,16.16667]},"properties":{"cell_id":202752,"case_count":1,"gi_zscore":-0.147,"gi_pvalue":0.063,"significance":"cold_90"}},{"type":"Feature","geometry":{"type":"Point","coordinates":[74.95294,16.17568]},"properties":{"cell_id":203010,"case_count":1,"gi_zscore":-0.1411,"gi_pvalue":0.163,"significance":"not_sig"}},{"type":"Feature","geometry":{"type":"Point","coordinates":[77.02353,16.17568]},"properties":{"cell_id":203186,"case_count":1,"gi_zscore":-0.147,"gi_pvalue":0.063,"significance":"cold_90"}},{"type":"Feature","geometry":{"type":"Point","coordinates":[74.65882,16.18468]},"properties":{"cell_id":203376,"case_count":1,"gi_zscore":-0.147,"gi_pvalue":0.063,"significance":"cold_90"}},{"type":"Feature","geometry":{"type":"Point","coordinates":[74.69412,16.18468]},"properties":{"cell_id":203379,"case_count":1,"gi_zscore":-0.147,"gi_pvalue":0.063,"significance":"cold_90"}},{"type":"Feature","geometry":{"type":"Point","coordinates":[77.34118,16.18468]},"properties":{"cell_id":203604,"case_count":1,"gi_zscore":-0.1352,"gi_pvalue":0.474,"significance":"not_sig"}},{"type":"Feature","geometry":{"type":"Point","coordinates":[74.69412,16.19369]},"properties":{"cell_id":203770,"case_count":1,"gi_zscore":-0.147,"gi_pvalue":0.063,"significance":"cold_90"}},{"type":"Feature","geometry":{"type":"Point","coordinates":[77.35294,16.19369]},"properties":{"cell_id":203996,"case_count":1,"gi_zscore":-0.1352,"gi_pvalue":0.474,"significance":"not_sig"}},{"type":"Feature","geometry":{"type":"Point","coordinates":[77.36471,16.19369]},"properties":{"cell_id":203997,"case_count":2,"gi_zscore":-0.1352,"gi_pvalue":0.33,"significance":"not_sig"}},{"type":"Feature","geometry":{"type":"Point","coordinates":[77.32941,16.2027]},"properties":{"cell_id":204385,"case_count":1,"gi_zscore":-0.1352,"gi_pvalue":0.474,"significance":"not_sig"}},{"type":"Feature","geometry":{"type":"Point","coordinates":[77.35294,16.2027]},"properties":{"cell_id":204387,"case_count":1,"gi_zscore":-0.1352,"gi_pvalue":0.474,"significance":"not_sig"}},{"type":"Feature","geometry":{"type":"Point","coordinates":[77.36471,16.2027]},"properties":{"cell_id":204388,"case_count":3,"gi_zscore":-0.1352,"gi_pvalue":0.314,"significance":"not_sig"}},{"type":"Feature","geometry":{"type":"Point","coordinates":[77.37647,16.2027]},"properties":{"cell_id":204389,"case_count":2,"gi_zscore":-0.1352,"gi_pvalue":0.33,"significance":"not_sig"}},{"type":"Feature","geometry":{"type":"Point","coordinates":[77.42353,16.2027]},"properties":{"cell_id":204393,"case_count":1,"gi_zscore":-0.1352,"gi_pvalue":0.475,"significance":"not_sig"}},{"type":"Feature","geometry":{"type":"Point","coordinates":[76.63529,16.22072]},"properties":{"cell_id":205108,"case_count":1,"gi_zscore":-0.147,"gi_pvalue":0.063,"significance":"cold_90"}},{"type":"Feature","geometry":{"type":"Point","coordinates":[77.35294,16.22072]},"properties":{"cell_id":205169,"case_count":1,"gi_zscore":-0.1352,"gi_pvalue":0.475,"significance":"not_sig"}},{"type":"Feature","geometry":{"type":"Point","coordinates":[77.36471,16.22072]},"properties":{"cell_id":205170,"case_count":1,"gi_zscore":-0.1352,"gi_pvalue":0.475,"significance":"not_sig"}},{"type":"Feature","geometry":{"type":"Point","coordinates":[77.37647,16.22072]},"properties":{"cell_id":205171,"case_count":1,"gi_zscore":-0.1352,"gi_pvalue":0.475,"significance":"not_sig"}},{"type":"Feature","geometry":{"type":"Point","coordinates":[74.6,16.22973]},"properties":{"cell_id":205326,"case_count":1,"gi_zscore":-0.147,"gi_pvalue":0.063,"significance":"cold_90"}},{"type":"Feature","geometry":{"type":"Point","coordinates":[74.6,16.23874]},"properties":{"cell_id":205717,"case_count":1,"gi_zscore":-0.147,"gi_pvalue":0.063,"significance":"cold_90"}},{"type":"Feature","geometry":{"type":"Point","coordinates":[74.68235,16.23874]},"properties":{"cell_id":205724,"case_count":1,"gi_zscore":-0.147,"gi_pvalue":0.063,"significance":"cold_90"}},{"type":"Feature","geometry":{"type":"Point","coordinates":[74.49412,16.24775]},"properties":{"cell_id":206099,"case_count":1,"gi_zscore":-0.147,"gi_pvalue":0.063,"significance":"cold_90"}},{"type":"Feature","geometry":{"type":"Point","coordinates":[74.48235,16.25676]},"properties":{"cell_id":206489,"case_count":1,"gi_zscore":-0.147,"gi_pvalue":0.063,"significance":"cold_90"}},{"type":"Feature","geometry":{"type":"Point","coordinates":[74.49412,16.25676]},"properties":{"cell_id":206490,"case_count":1,"gi_zscore":-0.147,"gi_pvalue":0.063,"significance":"cold_90"}},{"type":"Feature","geometry":{"type":"Point","coordinates":[74.98824,16.27477]},"properties":{"cell_id":207314,"case_count":1,"gi_zscore":-0.1411,"gi_pvalue":0.164,"significance":"not_sig"}},{"type":"Feature","geometry":{"type":"Point","coordinates":[75.12941,16.27477]},"properties":{"cell_id":207326,"case_count":1,"gi_zscore":-0.1411,"gi_pvalue":0.164,"significance":"not_sig"}},{"type":"Feature","geometry":{"type":"Point","coordinates":[74.67059,16.29279]},"properties":{"cell_id":208069,"case_count":1,"gi_zscore":-0.147,"gi_pvalue":0.063,"significance":"cold_90"}},{"type":"Feature","geometry":{"type":"Point","coordinates":[77.16471,16.29279]},"properties":{"cell_id":208281,"case_count":1,"gi_zscore":-0.147,"gi_pvalue":0.063,"significance":"cold_90"}},{"type":"Feature","geometry":{"type":"Point","coordinates":[77.51765,16.29279]},"properties":{"cell_id":208311,"case_count":1,"gi_zscore":-0.1323,"gi_pvalue":0.44,"significance":"not_sig"}},{"type":"Feature","geometry":{"type":"Point","coordinates":[74.52941,16.3018]},"properties":{"cell_id":208448,"case_count":1,"gi_zscore":-0.147,"gi_pvalue":0.063,"significance":"cold_90"}},{"type":"Feature","geometry":{"type":"Point","coordinates":[74.47059,16.31982]},"properties":{"cell_id":209225,"case_count":1,"gi_zscore":-0.147,"gi_pvalue":0.063,"significance":"cold_90"}},{"type":"Feature","geometry":{"type":"Point","coordinates":[75.92941,16.32883]},"properties":{"cell_id":209740,"case_count":1,"gi_zscore":-0.1352,"gi_pvalue":0.475,"significance":"not_sig"}},{"type":"Feature","geometry":{"type":"Point","coordinates":[74.96471,16.33784]},"properties":{"cell_id":210049,"case_count":3,"gi_zscore":-0.1411,"gi_pvalue":0.063,"significance":"cold_90"}},{"type":"Feature","geometry":{"type":"Point","coordinates":[76.12941,16.33784]},"properties":{"cell_id":210148,"case_count":4,"gi_zscore":-0.1352,"gi_pvalue":0.164,"significance":"not_sig"}},{"type":"Feature","geometry":{"type":"Point","coordinates":[76.14118,16.33784]},"properties":{"cell_id":210149,"case_count":1,"gi_zscore":-0.1352,"gi_pvalue":0.475,"significance":"not_sig"}},{"type":"Feature","geometry":{"type":"Point","coordinates":[74.96471,16.34685]},"properties":{"cell_id":210440,"case_count":1,"gi_zscore":-0.1411,"gi_pvalue":0.164,"significance":"not_sig"}},{"type":"Feature","geometry":{"type":"Point","coordinates":[74.90588,16.35586]},"properties":{"cell_id":210826,"case_count":1,"gi_zscore":-0.1411,"gi_pvalue":0.313,"significance":"not_sig"}},{"type":"Feature","geometry":{"type":"Point","coordinates":[77.36471,16.37387]},"properties":{"cell_id":211817,"case_count":2,"gi_zscore":-0.1352,"gi_pvalue":0.33,"significance":"not_sig"}},{"type":"Feature","geometry":{"type":"Point","coordinates":[76.65882,16.38288]},"properties":{"cell_id":212148,"case_count":1,"gi_zscore":-0.147,"gi_pvalue":0.063,"significance":"cold_90"}},{"type":"Feature","geometry":{"type":"Point","coordinates":[74.37647,16.39189]},"properties":{"cell_id":212345,"case_count":1,"gi_zscore":-0.147,"gi_pvalue":0.063,"significance":"cold_90"}},{"type":"Feature","geometry":{"type":"Point","coordinates":[74.45882,16.4009]},"properties":{"cell_id":212743,"case_count":1,"gi_zscore":-0.147,"gi_pvalue":0.063,"significance":"cold_90"}},{"type":"Feature","geometry":{"type":"Point","coordinates":[76.92941,16.41892]},"properties":{"cell_id":213735,"case_count":1,"gi_zscore":-0.144,"gi_pvalue":0.063,"significance":"cold_90"}},{"type":"Feature","geometry":{"type":"Point","coordinates":[76.94118,16.41892]},"properties":{"cell_id":213736,"case_count":1,"gi_zscore":-0.144,"gi_pvalue":0.063,"significance":"cold_90"}},{"type":"Feature","geometry":{"type":"Point","coordinates":[74.47059,16.44595]},"properties":{"cell_id":214699,"case_count":1,"gi_zscore":-0.147,"gi_pvalue":0.063,"significance":"cold_90"}},{"type":"Feature","geometry":{"type":"Point","coordinates":[74.84706,16.45495]},"properties":{"cell_id":215122,"case_count":1,"gi_zscore":-0.147,"gi_pvalue":0.063,"significance":"cold_90"}},{"type":"Feature","geometry":{"type":"Point","coordinates":[76.51765,16.45495]},"properties":{"cell_id":215264,"case_count":1,"gi_zscore":-0.144,"gi_pvalue":0.063,"significance":"cold_90"}},{"type":"Feature","geometry":{"type":"Point","coordinates":[74.41176,16.46396]},"properties":{"cell_id":215476,"case_count":1,"gi_zscore":-0.147,"gi_pvalue":0.063,"significance":"cold_90"}},{"type":"Feature","geometry":{"type":"Point","coordinates":[74.69412,16.46396]},"properties":{"cell_id":215500,"case_count":1,"gi_zscore":-0.147,"gi_pvalue":0.063,"significance":"cold_90"}},{"type":"Feature","geometry":{"type":"Point","coordinates":[75.69412,16.47297]},"properties":{"cell_id":215976,"case_count":1,"gi_zscore":-0.147,"gi_pvalue":0.063,"significance":"cold_90"}},{"type":"Feature","geometry":{"type":"Point","coordinates":[76.30588,16.47297]},"properties":{"cell_id":216028,"case_count":1,"gi_zscore":-0.1382,"gi_pvalue":0.414,"significance":"not_sig"}},{"type":"Feature","geometry":{"type":"Point","coordinates":[74.78824,16.48198]},"properties":{"cell_id":216290,"case_count":1,"gi_zscore":-0.147,"gi_pvalue":0.063,"significance":"cold_90"}},{"type":"Feature","geometry":{"type":"Point","coordinates":[75.6,16.48198]},"properties":{"cell_id":216359,"case_count":1,"gi_zscore":-0.147,"gi_pvalue":0.063,"significance":"cold_90"}},{"type":"Feature","geometry":{"type":"Point","coordinates":[75.88235,16.48198]},"properties":{"cell_id":216383,"case_count":1,"gi_zscore":-0.144,"gi_pvalue":0.063,"significance":"cold_90"}},{"type":"Feature","geometry":{"type":"Point","coordinates":[74.76471,16.49099]},"properties":{"cell_id":216679,"case_count":1,"gi_zscore":-0.147,"gi_pvalue":0.063,"significance":"cold_90"}},{"type":"Feature","geometry":{"type":"Point","coordinates":[74.77647,16.49099]},"properties":{"cell_id":216680,"case_count":1,"gi_zscore":-0.147,"gi_pvalue":0.063,"significance":"cold_90"}},{"type":"Feature","geometry":{"type":"Point","coordinates":[76.62353,16.50901]},"properties":{"cell_id":217619,"case_count":1,"gi_zscore":-0.144,"gi_pvalue":0.063,"significance":"cold_90"}},{"type":"Feature","geometry":{"type":"Point","coordinates":[74.81176,16.51802]},"properties":{"cell_id":217856,"case_count":1,"gi_zscore":-0.147,"gi_pvalue":0.063,"significance":"cold_90"}},{"type":"Feature","geometry":{"type":"Point","coordinates":[74.84706,16.52703]},"properties":{"cell_id":218250,"case_count":1,"gi_zscore":-0.147,"gi_pvalue":0.063,"significance":"cold_90"}},{"type":"Feature","geometry":{"type":"Point","coordinates":[75.83529,16.52703]},"properties":{"cell_id":218334,"case_count":1,"gi_zscore":-0.144,"gi_pvalue":0.063,"significance":"cold_90"}},{"type":"Feature","geometry":{"type":"Point","coordinates":[74.48235,16.53604]},"properties":{"cell_id":218610,"case_count":1,"gi_zscore":-0.144,"gi_pvalue":0.063,"significance":"cold_90"}},{"type":"Feature","geometry":{"type":"Point","coordinates":[74.57647,16.53604]},"properties":{"cell_id":218618,"case_count":1,"gi_zscore":-0.144,"gi_pvalue":0.063,"significance":"cold_90"}},{"type":"Feature","geometry":{"type":"Point","coordinates":[74.32941,16.54505]},"properties":{"cell_id":218988,"case_count":1,"gi_zscore":-0.147,"gi_pvalue":0.063,"significance":"cold_90"}},{"type":"Feature","geometry":{"type":"Point","coordinates":[74.76471,16.54505]},"properties":{"cell_id":219025,"case_count":1,"gi_zscore":-0.147,"gi_pvalue":0.063,"significance":"cold_90"}},{"type":"Feature","geometry":{"type":"Point","coordinates":[75.83529,16.54505]},"properties":{"cell_id":219116,"case_count":1,"gi_zscore":-0.144,"gi_pvalue":0.063,"significance":"cold_90"}},{"type":"Feature","geometry":{"type":"Point","coordinates":[76.04706,16.55405]},"properties":{"cell_id":219525,"case_count":1,"gi_zscore":-0.1352,"gi_pvalue":0.475,"significance":"not_sig"}},{"type":"Feature","geometry":{"type":"Point","coordinates":[76.08235,16.55405]},"properties":{"cell_id":219528,"case_count":1,"gi_zscore":-0.1352,"gi_pvalue":0.475,"significance":"not_sig"}},{"type":"Feature","geometry":{"type":"Point","coordinates":[74.44706,16.56306]},"properties":{"cell_id":219780,"case_count":1,"gi_zscore":-0.144,"gi_pvalue":0.063,"significance":"cold_90"}},{"type":"Feature","geometry":{"type":"Point","coordinates":[75.54118,16.56306]},"properties":{"cell_id":219873,"case_count":1,"gi_zscore":-0.147,"gi_pvalue":0.063,"significance":"cold_90"}},{"type":"Feature","geometry":{"type":"Point","coordinates":[76.37647,16.56306]},"properties":{"cell_id":219944,"case_count":1,"gi_zscore":-0.147,"gi_pvalue":0.063,"significance":"cold_90"}},{"type":"Feature","geometry":{"type":"Point","coordinates":[74.44706,16.57207]},"properties":{"cell_id":220171,"case_count":1,"gi_zscore":-0.144,"gi_pvalue":0.063,"significance":"cold_90"}},{"type":"Feature","geometry":{"type":"Point","coordinates":[75.96471,16.57207]},"properties":{"cell_id":220300,"case_count":1,"gi_zscore":-0.144,"gi_pvalue":0.063,"significance":"cold_90"}},{"type":"Feature","geometry":{"type":"Point","coordinates":[75.97647,16.57207]},"properties":{"cell_id":220301,"case_count":2,"gi_zscore":-0.144,"gi_pvalue":0.001,"significance":"cold_99"}},{"type":"Feature","geometry":{"type":"Point","coordinates":[74.48235,16.58108]},"properties":{"cell_id":220565,"case_count":1,"gi_zscore":-0.144,"gi_pvalue":0.063,"significance":"cold_90"}},{"type":"Feature","geometry":{"type":"Point","coordinates":[76.04706,16.58108]},"properties":{"cell_id":220698,"case_count":1,"gi_zscore":-0.144,"gi_pvalue":0.063,"significance":"cold_90"}},{"type":"Feature","geometry":{"type":"Point","coordinates":[74.50588,16.5991]},"properties":{"cell_id":221349,"case_count":2,"gi_zscore":-0.144,"gi_pvalue":0.001,"significance":"cold_99"}},{"type":"Feature","geometry":{"type":"Point","coordinates":[74.8,16.61712]},"properties":{"cell_id":222156,"case_count":1,"gi_zscore":-0.144,"gi_pvalue":0.064,"significance":"cold_90"}},{"type":"Feature","geometry":{"type":"Point","coordinates":[74.85882,16.61712]},"properties":{"cell_id":222161,"case_count":1,"gi_zscore":-0.1411,"gi_pvalue":0.166,"significance":"not_sig"}},{"type":"Feature","geometry":{"type":"Point","coordinates":[74.85882,16.62613]},"properties":{"cell_id":222552,"case_count":1,"gi_zscore":-0.1411,"gi_pvalue":0.166,"significance":"not_sig"}},{"type":"Feature","geometry":{"type":"Point","coordinates":[74.47059,16.64414]},"properties":{"cell_id":223301,"case_count":1,"gi_zscore":-0.144,"gi_pvalue":0.064,"significance":"cold_90"}},{"type":"Feature","geometry":{"type":"Point","coordinates":[77.11765,16.64414]},"properties":{"cell_id":223526,"case_count":1,"gi_zscore":-0.144,"gi_pvalue":0.166,"significance":"not_sig"}},{"type":"Feature","geometry":{"type":"Point","coordinates":[75.81176,16.65315]},"properties":{"cell_id":223806,"case_count":1,"gi_zscore":-0.1411,"gi_pvalue":0.166,"significance":"not_sig"}},{"type":"Feature","geometry":{"type":"Point","coordinates":[74.72941,16.68919]},"properties":{"cell_id":225278,"case_count":2,"gi_zscore":-0.144,"gi_pvalue":0.001,"significance":"cold_99"}},{"type":"Feature","geometry":{"type":"Point","coordinates":[74.75294,16.68919]},"properties":{"cell_id":225280,"case_count":1,"gi_zscore":-0.1382,"gi_pvalue":0.312,"significance":"not_sig"}},{"type":"Feature","geometry":{"type":"Point","coordinates":[74.71765,16.6982]},"properties":{"cell_id":225668,"case_count":1,"gi_zscore":-0.1382,"gi_pvalue":0.312,"significance":"not_sig"}},{"type":"Feature","geometry":{"type":"Point","coordinates":[76.83529,16.70721]},"properties":{"cell_id":226239,"case_count":1,"gi_zscore":-0.144,"gi_pvalue":0.065,"significance":"cold_90"}},{"type":"Feature","geometry":{"type":"Point","coordinates":[74.91765,16.71622]},"properties":{"cell_id":226467,"case_count":3,"gi_zscore":-0.1382,"gi_pvalue":0.067,"significance":"cold_90"}},{"type":"Feature","geometry":{"type":"Point","coordinates":[74.82353,16.72523]},"properties":{"cell_id":226850,"case_count":1,"gi_zscore":-0.1382,"gi_pvalue":0.312,"significance":"not_sig"}},{"type":"Feature","geometry":{"type":"Point","coordinates":[76.8,16.72523]},"properties":{"cell_id":227018,"case_count":2,"gi_zscore":-0.144,"gi_pvalue":0.065,"significance":"cold_90"}},{"type":"Feature","geometry":{"type":"Point","coordinates":[77.15294,16.73423]},"properties":{"cell_id":227439,"case_count":2,"gi_zscore":-0.144,"gi_pvalue":0.065,"significance":"cold_90"}},{"type":"Feature","geometry":{"type":"Point","coordinates":[77.12941,16.75225]},"properties":{"cell_id":228219,"case_count":1,"gi_zscore":-0.144,"gi_pvalue":0.168,"significance":"not_sig"}},{"type":"Feature","geometry":{"type":"Point","coordinates":[75.67059,16.76126]},"properties":{"cell_id":228486,"case_count":1,"gi_zscore":-0.1411,"gi_pvalue":0.168,"significance":"not_sig"}},{"type":"Feature","geometry":{"type":"Point","coordinates":[76.15294,16.76126]},"properties":{"cell_id":228527,"case_count":1,"gi_zscore":-0.1352,"gi_pvalue":0.475,"significance":"not_sig"}},{"type":"Feature","geometry":{"type":"Point","coordinates":[77.11765,16.76126]},"properties":{"cell_id":228609,"case_count":1,"gi_zscore":-0.144,"gi_pvalue":0.168,"significance":"not_sig"}},{"type":"Feature","geometry":{"type":"Point","coordinates":[77.12941,16.76126]},"properties":{"cell_id":228610,"case_count":1,"gi_zscore":-0.144,"gi_pvalue":0.168,"significance":"not_sig"}},{"type":"Feature","geometry":{"type":"Point","coordinates":[77.14118,16.76126]},"properties":{"cell_id":228611,"case_count":1,"gi_zscore":-0.144,"gi_pvalue":0.168,"significance":"not_sig"}},{"type":"Feature","geometry":{"type":"Point","coordinates":[77.14118,16.77027]},"properties":{"cell_id":229002,"case_count":1,"gi_zscore":-0.144,"gi_pvalue":0.168,"significance":"not_sig"}},{"type":"Feature","geometry":{"type":"Point","coordinates":[75.42353,16.80631]},"properties":{"cell_id":230420,"case_count":1,"gi_zscore":-0.147,"gi_pvalue":0.065,"significance":"cold_90"}},{"type":"Feature","geometry":{"type":"Point","coordinates":[75.71765,16.80631]},"properties":{"cell_id":230445,"case_count":1,"gi_zscore":-0.1382,"gi_pvalue":0.329,"significance":"not_sig"}},{"type":"Feature","geometry":{"type":"Point","coordinates":[76.78824,16.80631]},"properties":{"cell_id":230536,"case_count":1,"gi_zscore":-0.144,"gi_pvalue":0.168,"significance":"not_sig"}},{"type":"Feature","geometry":{"type":"Point","coordinates":[75.71765,16.81532]},"properties":{"cell_id":230836,"case_count":1,"gi_zscore":-0.1382,"gi_pvalue":0.329,"significance":"not_sig"}},{"type":"Feature","geometry":{"type":"Point","coordinates":[75.72941,16.81532]},"properties":{"cell_id":230837,"case_count":2,"gi_zscore":-0.1352,"gi_pvalue":0.332,"significance":"not_sig"}},{"type":"Feature","geometry":{"type":"Point","coordinates":[75.74118,16.81532]},"properties":{"cell_id":230838,"case_count":1,"gi_zscore":-0.1382,"gi_pvalue":0.332,"significance":"not_sig"}},{"type":"Feature","geometry":{"type":"Point","coordinates":[76.05882,16.81532]},"properties":{"cell_id":230865,"case_count":1,"gi_zscore":-0.1294,"gi_pvalue":0.375,"significance":"not_sig"}},{"type":"Feature","geometry":{"type":"Point","coordinates":[75.67059,16.82432]},"properties":{"cell_id":231223,"case_count":1,"gi_zscore":-0.1382,"gi_pvalue":0.332,"significance":"not_sig"}},{"type":"Feature","geometry":{"type":"Point","coordinates":[75.68235,16.82432]},"properties":{"cell_id":231224,"case_count":1,"gi_zscore":-0.1382,"gi_pvalue":0.332,"significance":"not_sig"}},{"type":"Feature","geometry":{"type":"Point","coordinates":[75.71765,16.82432]},"properties":{"cell_id":231227,"case_count":2,"gi_zscore":-0.1382,"gi_pvalue":0.168,"significance":"not_sig"}},{"type":"Feature","geometry":{"type":"Point","coordinates":[75.72941,16.82432]},"properties":{"cell_id":231228,"case_count":1,"gi_zscore":-0.1382,"gi_pvalue":0.333,"significance":"not_sig"}},{"type":"Feature","geometry":{"type":"Point","coordinates":[75.75294,16.82432]},"properties":{"cell_id":231230,"case_count":2,"gi_zscore":-0.1352,"gi_pvalue":0.317,"significance":"not_sig"}},{"type":"Feature","geometry":{"type":"Point","coordinates":[75.68235,16.83333]},"properties":{"cell_id":231615,"case_count":1,"gi_zscore":-0.1382,"gi_pvalue":0.331,"significance":"not_sig"}},{"type":"Feature","geometry":{"type":"Point","coordinates":[75.71765,16.83333]},"properties":{"cell_id":231618,"case_count":2,"gi_zscore":-0.1352,"gi_pvalue":0.334,"significance":"not_sig"}},{"type":"Feature","geometry":{"type":"Point","coordinates":[75.74118,16.83333]},"properties":{"cell_id":231620,"case_count":1,"gi_zscore":-0.1352,"gi_pvalue":0.416,"significance":"not_sig"}},{"type":"Feature","geometry":{"type":"Point","coordinates":[75.51765,16.84234]},"properties":{"cell_id":231992,"case_count":1,"gi_zscore":-0.147,"gi_pvalue":0.065,"significance":"cold_90"}},{"type":"Feature","geometry":{"type":"Point","coordinates":[75.69412,16.84234]},"properties":{"cell_id":232007,"case_count":1,"gi_zscore":-0.1382,"gi_pvalue":0.334,"significance":"not_sig"}},{"type":"Feature","geometry":{"type":"Point","coordinates":[75.70588,16.84234]},"properties":{"cell_id":232008,"case_count":1,"gi_zscore":-0.1382,"gi_pvalue":0.334,"significance":"not_sig"}},{"type":"Feature","geometry":{"type":"Point","coordinates":[75.74118,16.84234]},"properties":{"cell_id":232011,"case_count":1,"gi_zscore":-0.1352,"gi_pvalue":0.474,"significance":"not_sig"}},{"type":"Feature","geometry":{"type":"Point","coordinates":[75.70588,16.85135]},"properties":{"cell_id":232399,"case_count":2,"gi_zscore":-0.1382,"gi_pvalue":0.166,"significance":"not_sig"}},{"type":"Feature","geometry":{"type":"Point","coordinates":[75.71765,16.85135]},"properties":{"cell_id":232400,"case_count":1,"gi_zscore":-0.1382,"gi_pvalue":0.334,"significance":"not_sig"}},{"type":"Feature","geometry":{"type":"Point","coordinates":[75.82353,16.85135]},"properties":{"cell_id":232409,"case_count":1,"gi_zscore":-0.1411,"gi_pvalue":0.166,"significance":"not_sig"}},{"type":"Feature","geometry":{"type":"Point","coordinates":[77.15294,16.85135]},"properties":{"cell_id":232522,"case_count":1,"gi_zscore":-0.144,"gi_pvalue":0.166,"significance":"not_sig"}},{"type":"Feature","geometry":{"type":"Point","coordinates":[77.22353,16.85135]},"properties":{"cell_id":232528,"case_count":1,"gi_zscore":-0.144,"gi_pvalue":0.166,"significance":"not_sig"}},{"type":"Feature","geometry":{"type":"Point","coordinates":[75.71765,16.86036]},"properties":{"cell_id":232791,"case_count":1,"gi_zscore":-0.1411,"gi_pvalue":0.166,"significance":"not_sig"}},{"type":"Feature","geometry":{"type":"Point","coordinates":[75.71765,16.88739]},"properties":{"cell_id":233964,"case_count":1,"gi_zscore":-0.1411,"gi_pvalue":0.166,"significance":"not_sig"}},{"type":"Feature","geometry":{"type":"Point","coordinates":[76.23529,16.90541]},"properties":{"cell_id":234790,"case_count":1,"gi_zscore":-0.1382,"gi_pvalue":0.334,"significance":"not_sig"}},{"type":"Feature","geometry":{"type":"Point","coordinates":[75.44706,16.91441]},"properties":{"cell_id":235114,"case_count":1,"gi_zscore":-0.147,"gi_pvalue":0.065,"significance":"cold_90"}},{"type":"Feature","geometry":{"type":"Point","coordinates":[76.23529,16.92342]},"properties":{"cell_id":235572,"case_count":4,"gi_zscore":-0.1382,"gi_pvalue":0.065,"significance":"cold_90"}},{"type":"Feature","geometry":{"type":"Point","coordinates":[76.42353,16.92342]},"properties":{"cell_id":235588,"case_count":1,"gi_zscore":-0.1382,"gi_pvalue":0.414,"significance":"not_sig"}},{"type":"Feature","geometry":{"type":"Point","coordinates":[75.37647,16.93243]},"properties":{"cell_id":235890,"case_count":1,"gi_zscore":-0.147,"gi_pvalue":0.064,"significance":"cold_90"}},{"type":"Feature","geometry":{"type":"Point","coordinates":[75.62353,16.93243]},"properties":{"cell_id":235911,"case_count":1,"gi_zscore":-0.144,"gi_pvalue":0.064,"significance":"cold_90"}},{"type":"Feature","geometry":{"type":"Point","coordinates":[76.31765,16.94144]},"properties":{"cell_id":236361,"case_count":1,"gi_zscore":-0.1382,"gi_pvalue":0.414,"significance":"not_sig"}},{"type":"Feature","geometry":{"type":"Point","coordinates":[75.92941,16.97748]},"properties":{"cell_id":237892,"case_count":2,"gi_zscore":-0.1382,"gi_pvalue":0.167,"significance":"not_sig"}},{"type":"Feature","geometry":{"type":"Point","coordinates":[76.0,16.9955]},"properties":{"cell_id":238680,"case_count":2,"gi_zscore":-0.1382,"gi_pvalue":0.167,"significance":"not_sig"}},{"type":"Feature","geometry":{"type":"Point","coordinates":[76.42353,17.0045]},"properties":{"cell_id":239107,"case_count":1,"gi_zscore":-0.1382,"gi_pvalue":0.414,"significance":"not_sig"}},{"type":"Feature","geometry":{"type":"Point","coordinates":[76.22353,17.03153]},"properties":{"cell_id":240263,"case_count":1,"gi_zscore":-0.1382,"gi_pvalue":0.414,"significance":"not_sig"}},{"type":"Feature","geometry":{"type":"Point","coordinates":[76.78824,17.03153]},"properties":{"cell_id":240311,"case_count":1,"gi_zscore":-0.147,"gi_pvalue":0.065,"significance":"cold_90"}},{"type":"Feature","geometry":{"type":"Point","coordinates":[75.77647,17.04054]},"properties":{"cell_id":240616,"case_count":1,"gi_zscore":-0.144,"gi_pvalue":0.065,"significance":"cold_90"}},{"type":"Feature","geometry":{"type":"Point","coordinates":[76.61176,17.05856]},"properties":{"cell_id":241469,"case_count":1,"gi_zscore":-0.144,"gi_pvalue":0.065,"significance":"cold_90"}},{"type":"Feature","geometry":{"type":"Point","coordinates":[76.98824,17.05856]},"properties":{"cell_id":241501,"case_count":1,"gi_zscore":-0.147,"gi_pvalue":0.065,"significance":"cold_90"}},{"type":"Feature","geometry":{"type":"Point","coordinates":[77.4,17.05856]},"properties":{"cell_id":241536,"case_count":2,"gi_zscore":-0.144,"gi_pvalue":0.001,"significance":"cold_99"}},{"type":"Feature","geometry":{"type":"Point","coordinates":[76.15294,17.07658]},"properties":{"cell_id":242212,"case_count":1,"gi_zscore":-0.1352,"gi_pvalue":0.473,"significance":"not_sig"}},{"type":"Feature","geometry":{"type":"Point","coordinates":[76.34118,17.07658]},"properties":{"cell_id":242228,"case_count":1,"gi_zscore":-0.1352,"gi_pvalue":0.473,"significance":"not_sig"}},{"type":"Feature","geometry":{"type":"Point","coordinates":[76.30588,17.1036]},"properties":{"cell_id":243398,"case_count":1,"gi_zscore":-0.1352,"gi_pvalue":0.473,"significance":"not_sig"}},{"type":"Feature","geometry":{"type":"Point","coordinates":[75.96471,17.11261]},"properties":{"cell_id":243760,"case_count":1,"gi_zscore":-0.1382,"gi_pvalue":0.334,"significance":"not_sig"}},{"type":"Feature","geometry":{"type":"Point","coordinates":[77.08235,17.12162]},"properties":{"cell_id":244246,"case_count":1,"gi_zscore":-0.147,"gi_pvalue":0.065,"significance":"cold_90"}},{"type":"Feature","geometry":{"type":"Point","coordinates":[76.04706,17.13063]},"properties":{"cell_id":244549,"case_count":1,"gi_zscore":-0.1382,"gi_pvalue":0.334,"significance":"not_sig"}},{"type":"Feature","geometry":{"type":"Point","coordinates":[75.94118,17.17568]},"properties":{"cell_id":246495,"case_count":2,"gi_zscore":-0.1352,"gi_pvalue":0.334,"significance":"not_sig"}},{"type":"Feature","geometry":{"type":"Point","coordinates":[77.28235,17.17568]},"properties":{"cell_id":246609,"case_count":1,"gi_zscore":-0.144,"gi_pvalue":0.164,"significance":"not_sig"}},{"type":"Feature","geometry":{"type":"Point","coordinates":[76.52941,17.18468]},"properties":{"cell_id":246936,"case_count":1,"gi_zscore":-0.144,"gi_pvalue":0.065,"significance":"cold_90"}},{"type":"Feature","geometry":{"type":"Point","coordinates":[76.77647,17.18468]},"properties":{"cell_id":246957,"case_count":1,"gi_zscore":-0.1411,"gi_pvalue":0.164,"significance":"not_sig"}},{"type":"Feature","geometry":{"type":"Point","coordinates":[77.16471,17.19369]},"properties":{"cell_id":247381,"case_count":1,"gi_zscore":-0.144,"gi_pvalue":0.164,"significance":"not_sig"}},{"type":"Feature","geometry":{"type":"Point","coordinates":[76.35294,17.2027]},"properties":{"cell_id":247703,"case_count":2,"gi_zscore":-0.144,"gi_pvalue":0.001,"significance":"cold_99"}},{"type":"Feature","geometry":{"type":"Point","coordinates":[76.8,17.22973]},"properties":{"cell_id":248914,"case_count":1,"gi_zscore":-0.1411,"gi_pvalue":0.164,"significance":"not_sig"}},{"type":"Feature","geometry":{"type":"Point","coordinates":[76.0,17.23874]},"properties":{"cell_id":249237,"case_count":1,"gi_zscore":-0.1352,"gi_pvalue":0.473,"significance":"not_sig"}},{"type":"Feature","geometry":{"type":"Point","coordinates":[76.82353,17.28378]},"properties":{"cell_id":251262,"case_count":1,"gi_zscore":-0.1235,"gi_pvalue":0.327,"significance":"not_sig"}},{"type":"Feature","geometry":{"type":"Point","coordinates":[76.81176,17.29279]},"properties":{"cell_id":251652,"case_count":1,"gi_zscore":-0.1294,"gi_pvalue":0.439,"significance":"not_sig"}},{"type":"Feature","geometry":{"type":"Point","coordinates":[76.81176,17.3018]},"properties":{"cell_id":252043,"case_count":1,"gi_zscore":-0.1294,"gi_pvalue":0.439,"significance":"not_sig"}},{"type":"Feature","geometry":{"type":"Point","coordinates":[76.82353,17.3018]},"properties":{"cell_id":252044,"case_count":2,"gi_zscore":-0.1206,"gi_pvalue":0.327,"significance":"not_sig"}},{"type":"Feature","geometry":{"type":"Point","coordinates":[75.77647,17.31081]},"properties":{"cell_id":252346,"case_count":2,"gi_zscore":-0.1352,"gi_pvalue":0.336,"significance":"not_sig"}},{"type":"Feature","geometry":{"type":"Point","coordinates":[76.78824,17.31081]},"properties":{"cell_id":252432,"case_count":1,"gi_zscore":-0.1206,"gi_pvalue":0.28,"significance":"not_sig"}},{"type":"Feature","geometry":{"type":"Point","coordinates":[76.8,17.31081]},"properties":{"cell_id":252433,"case_count":1,"gi_zscore":-0.1206,"gi_pvalue":0.28,"significance":"not_sig"}},{"type":"Feature","geometry":{"type":"Point","coordinates":[76.88235,17.31081]},"properties":{"cell_id":252440,"case_count":1,"gi_zscore":-0.1352,"gi_pvalue":0.473,"significance":"not_sig"}},{"type":"Feature","geometry":{"type":"Point","coordinates":[75.85882,17.31982]},"properties":{"cell_id":252744,"case_count":1,"gi_zscore":-0.1352,"gi_pvalue":0.473,"significance":"not_sig"}},{"type":"Feature","geometry":{"type":"Point","coordinates":[76.81176,17.31982]},"properties":{"cell_id":252825,"case_count":2,"gi_zscore":-0.1176,"gi_pvalue":0.256,"significance":"not_sig"}},{"type":"Feature","geometry":{"type":"Point","coordinates":[76.82353,17.31982]},"properties":{"cell_id":252826,"case_count":4,"gi_zscore":-0.103,"gi_pvalue":0.218,"significance":"not_sig"}},{"type":"Feature","geometry":{"type":"Point","coordinates":[76.85882,17.31982]},"properties":{"cell_id":252829,"case_count":1,"gi_zscore":-0.1264,"gi_pvalue":0.368,"significance":"not_sig"}},{"type":"Feature","geometry":{"type":"Point","coordinates":[76.87059,17.31982]},"properties":{"cell_id":252830,"case_count":1,"gi_zscore":-0.1352,"gi_pvalue":0.473,"significance":"not_sig"}},{"type":"Feature","geometry":{"type":"Point","coordinates":[76.89412,17.31982]},"properties":{"cell_id":252832,"case_count":1,"gi_zscore":-0.144,"gi_pvalue":0.064,"significance":"cold_90"}},{"type":"Feature","geometry":{"type":"Point","coordinates":[76.81176,17.32883]},"properties":{"cell_id":253216,"case_count":2,"gi_zscore":-0.0942,"gi_pvalue":0.17,"significance":"not_sig"}},{"type":"Feature","geometry":{"type":"Point","coordinates":[76.83529,17.32883]},"properties":{"cell_id":253218,"case_count":4,"gi_zscore":-0.0912,"gi_pvalue":0.171,"significance":"not_sig"}},{"type":"Feature","geometry":{"type":"Point","coordinates":[76.84706,17.32883]},"properties":{"cell_id":253219,"case_count":4,"gi_zscore":-0.1147,"gi_pvalue":0.326,"significance":"not_sig"}},{"type":"Feature","geometry":{"type":"Point","coordinates":[76.85882,17.32883]},"properties":{"cell_id":253220,"case_count":1,"gi_zscore":-0.1294,"gi_pvalue":0.44,"significance":"not_sig"}},{"type":"Feature","geometry":{"type":"Point","coordinates":[76.87059,17.32883]},"properties":{"cell_id":253221,"case_count":1,"gi_zscore":-0.1352,"gi_pvalue":0.473,"significance":"not_sig"}},{"type":"Feature","geometry":{"type":"Point","coordinates":[76.81176,17.33784]},"properties":{"cell_id":253607,"case_count":4,"gi_zscore":-0.103,"gi_pvalue":0.215,"significance":"not_sig"}},{"type":"Feature","geometry":{"type":"Point","coordinates":[76.82353,17.33784]},"properties":{"cell_id":253608,"case_count":2,"gi_zscore":-0.0912,"gi_pvalue":0.161,"significance":"not_sig"}},{"type":"Feature","geometry":{"type":"Point","coordinates":[76.83529,17.33784]},"properties":{"cell_id":253609,"case_count":3,"gi_zscore":-0.0824,"gi_pvalue":0.161,"significance":"not_sig"}},{"type":"Feature","geometry":{"type":"Point","coordinates":[76.85882,17.33784]},"properties":{"cell_id":253611,"case_count":2,"gi_zscore":-0.1294,"gi_pvalue":0.493,"significance":"not_sig"}},{"type":"Feature","geometry":{"type":"Point","coordinates":[76.87059,17.33784]},"properties":{"cell_id":253612,"case_count":1,"gi_zscore":-0.1352,"gi_pvalue":0.475,"significance":"not_sig"}},{"type":"Feature","geometry":{"type":"Point","coordinates":[76.77647,17.34685]},"properties":{"cell_id":253995,"case_count":1,"gi_zscore":-0.1323,"gi_pvalue":0.44,"significance":"not_sig"}},{"type":"Feature","geometry":{"type":"Point","coordinates":[76.81176,17.34685]},"properties":{"cell_id":253998,"case_count":2,"gi_zscore":-0.1147,"gi_pvalue":0.247,"significance":"not_sig"}},{"type":"Feature","geometry":{"type":"Point","coordinates":[76.82353,17.34685]},"properties":{"cell_id":253999,"case_count":6,"gi_zscore":-0.103,"gi_pvalue":0.255,"significance":"not_sig"}},{"type":"Feature","geometry":{"type":"Point","coordinates":[76.83529,17.34685]},"properties":{"cell_id":254000,"case_count":1,"gi_zscore":-0.0912,"gi_pvalue":0.161,"significance":"not_sig"}},{"type":"Feature","geometry":{"type":"Point","coordinates":[76.84706,17.34685]},"properties":{"cell_id":254001,"case_count":3,"gi_zscore":-0.1176,"gi_pvalue":0.28,"significance":"not_sig"}},{"type":"Feature","geometry":{"type":"Point","coordinates":[76.85882,17.34685]},"properties":{"cell_id":254002,"case_count":1,"gi_zscore":-0.1235,"gi_pvalue":0.328,"significance":"not_sig"}},{"type":"Feature","geometry":{"type":"Point","coordinates":[76.8,17.35586]},"properties":{"cell_id":254388,"case_count":1,"gi_zscore":-0.1147,"gi_pvalue":0.231,"significance":"not_sig"}},{"type":"Feature","geometry":{"type":"Point","coordinates":[76.81176,17.35586]},"properties":{"cell_id":254389,"case_count":1,"gi_zscore":-0.1176,"gi_pvalue":0.239,"significance":"not_sig"}},{"type":"Feature","geometry":{"type":"Point","coordinates":[76.85882,17.35586]},"properties":{"cell_id":254393,"case_count":1,"gi_zscore":-0.1235,"gi_pvalue":0.328,"significance":"not_sig"}},{"type":"Feature","geometry":{"type":"Point","coordinates":[76.81176,17.36486]},"properties":{"cell_id":254780,"case_count":1,"gi_zscore":-0.1176,"gi_pvalue":0.239,"significance":"not_sig"}},{"type":"Feature","geometry":{"type":"Point","coordinates":[76.84706,17.36486]},"properties":{"cell_id":254783,"case_count":3,"gi_zscore":-0.1118,"gi_pvalue":0.239,"significance":"not_sig"}},{"type":"Feature","geometry":{"type":"Point","coordinates":[76.82353,17.37387]},"properties":{"cell_id":255172,"case_count":1,"gi_zscore":-0.1176,"gi_pvalue":0.239,"significance":"not_sig"}},{"type":"Feature","geometry":{"type":"Point","coordinates":[76.87059,17.39189]},"properties":{"cell_id":255958,"case_count":2,"gi_zscore":-0.1294,"gi_pvalue":0.49,"significance":"not_sig"}},{"type":"Feature","geometry":{"type":"Point","coordinates":[76.71765,17.40991]},"properties":{"cell_id":256727,"case_count":1,"gi_zscore":-0.1352,"gi_pvalue":0.474,"significance":"not_sig"}},{"type":"Feature","geometry":{"type":"Point","coordinates":[76.89412,17.40991]},"properties":{"cell_id":256742,"case_count":1,"gi_zscore":-0.1323,"gi_pvalue":0.443,"significance":"not_sig"}},{"type":"Feature","geometry":{"type":"Point","coordinates":[76.74118,17.42793]},"properties":{"cell_id":257511,"case_count":1,"gi_zscore":-0.1352,"gi_pvalue":0.474,"significance":"not_sig"}},{"type":"Feature","geometry":{"type":"Point","coordinates":[76.89412,17.44595]},"properties":{"cell_id":258306,"case_count":1,"gi_zscore":-0.1323,"gi_pvalue":0.443,"significance":"not_sig"}},{"type":"Feature","geometry":{"type":"Point","coordinates":[77.0,17.48198]},"properties":{"cell_id":259879,"case_count":1,"gi_zscore":-0.1382,"gi_pvalue":0.332,"significance":"not_sig"}},{"type":"Feature","geometry":{"type":"Point","coordinates":[76.96471,17.54505]},"properties":{"cell_id":262613,"case_count":1,"gi_zscore":-0.1382,"gi_pvalue":0.416,"significance":"not_sig"}},{"type":"Feature","geometry":{"type":"Point","coordinates":[77.11765,17.55405]},"properties":{"cell_id":263017,"case_count":1,"gi_zscore":-0.147,"gi_pvalue":0.065,"significance":"cold_90"}},{"type":"Feature","geometry":{"type":"Point","coordinates":[77.11765,17.56306]},"properties":{"cell_id":263408,"case_count":1,"gi_zscore":-0.147,"gi_pvalue":0.065,"significance":"cold_90"}},{"type":"Feature","geometry":{"type":"Point","coordinates":[77.42353,17.60811]},"properties":{"cell_id":265389,"case_count":1,"gi_zscore":-0.147,"gi_pvalue":0.065,"significance":"cold_90"}},{"type":"Feature","geometry":{"type":"Point","coordinates":[77.25882,17.67117]},"properties":{"cell_id":268112,"case_count":1,"gi_zscore":-0.144,"gi_pvalue":0.065,"significance":"cold_90"}},{"type":"Feature","geometry":{"type":"Point","coordinates":[77.27059,17.67117]},"properties":{"cell_id":268113,"case_count":1,"gi_zscore":-0.147,"gi_pvalue":0.065,"significance":"cold_90"}},{"type":"Feature","geometry":{"type":"Point","coordinates":[77.21176,17.68919]},"properties":{"cell_id":268890,"case_count":1,"gi_zscore":-0.144,"gi_pvalue":0.065,"significance":"cold_90"}},{"type":"Feature","geometry":{"type":"Point","coordinates":[77.21176,17.6982]},"properties":{"cell_id":269281,"case_count":1,"gi_zscore":-0.144,"gi_pvalue":0.065,"significance":"cold_90"}},{"type":"Feature","geometry":{"type":"Point","coordinates":[76.94118,17.73423]},"properties":{"cell_id":270822,"case_count":1,"gi_zscore":-0.1411,"gi_pvalue":0.165,"significance":"not_sig"}},{"type":"Feature","geometry":{"type":"Point","coordinates":[77.24706,17.73423]},"properties":{"cell_id":270848,"case_count":1,"gi_zscore":-0.144,"gi_pvalue":0.065,"significance":"cold_90"}},{"type":"Feature","geometry":{"type":"Point","coordinates":[77.12941,17.75225]},"properties":{"cell_id":271620,"case_count":1,"gi_zscore":-0.144,"gi_pvalue":0.065,"significance":"cold_90"}},{"type":"Feature","geometry":{"type":"Point","coordinates":[76.82353,17.76126]},"properties":{"cell_id":271985,"case_count":1,"gi_zscore":-0.1411,"gi_pvalue":0.165,"significance":"not_sig"}},{"type":"Feature","geometry":{"type":"Point","coordinates":[77.34118,17.76126]},"properties":{"cell_id":272029,"case_count":1,"gi_zscore":-0.147,"gi_pvalue":0.065,"significance":"cold_90"}},{"type":"Feature","geometry":{"type":"Point","coordinates":[77.11765,17.77027]},"properties":{"cell_id":272401,"case_count":1,"gi_zscore":-0.144,"gi_pvalue":0.065,"significance":"cold_90"}},{"type":"Feature","geometry":{"type":"Point","coordinates":[77.12941,17.77027]},"properties":{"cell_id":272402,"case_count":2,"gi_zscore":-0.144,"gi_pvalue":0.001,"significance":"cold_99"}},{"type":"Feature","geometry":{"type":"Point","coordinates":[76.89412,17.77928]},"properties":{"cell_id":272773,"case_count":1,"gi_zscore":-0.1411,"gi_pvalue":0.164,"significance":"not_sig"}},{"type":"Feature","geometry":{"type":"Point","coordinates":[77.12941,17.77928]},"properties":{"cell_id":272793,"case_count":1,"gi_zscore":-0.144,"gi_pvalue":0.065,"significance":"cold_90"}},{"type":"Feature","geometry":{"type":"Point","coordinates":[76.92941,17.82432]},"properties":{"cell_id":274731,"case_count":2,"gi_zscore":-0.1411,"gi_pvalue":0.065,"significance":"cold_90"}},{"type":"Feature","geometry":{"type":"Point","coordinates":[77.27059,17.82432]},"properties":{"cell_id":274760,"case_count":1,"gi_zscore":-0.144,"gi_pvalue":0.065,"significance":"cold_90"}},{"type":"Feature","geometry":{"type":"Point","coordinates":[77.09412,17.83333]},"properties":{"cell_id":275136,"case_count":1,"gi_zscore":-0.1382,"gi_pvalue":0.333,"significance":"not_sig"}},{"type":"Feature","geometry":{"type":"Point","coordinates":[77.42353,17.85135]},"properties":{"cell_id":275946,"case_count":1,"gi_zscore":-0.1411,"gi_pvalue":0.162,"significance":"not_sig"}},{"type":"Feature","geometry":{"type":"Point","coordinates":[76.95294,17.86036]},"properties":{"cell_id":276297,"case_count":1,"gi_zscore":-0.1411,"gi_pvalue":0.162,"significance":"not_sig"}},{"type":"Feature","geometry":{"type":"Point","coordinates":[77.44706,17.86036]},"properties":{"cell_id":276339,"case_count":1,"gi_zscore":-0.1411,"gi_pvalue":0.162,"significance":"not_sig"}},{"type":"Feature","geometry":{"type":"Point","coordinates":[76.95294,17.86937]},"properties":{"cell_id":276688,"case_count":1,"gi_zscore":-0.1411,"gi_pvalue":0.162,"significance":"not_sig"}},{"type":"Feature","geometry":{"type":"Point","coordinates":[76.96471,17.87838]},"properties":{"cell_id":277080,"case_count":2,"gi_zscore":-0.1411,"gi_pvalue":0.065,"significance":"cold_90"}},{"type":"Feature","geometry":{"type":"Point","coordinates":[77.47059,17.87838]},"properties":{"cell_id":277123,"case_count":1,"gi_zscore":-0.1411,"gi_pvalue":0.161,"significance":"not_sig"}},{"type":"Feature","geometry":{"type":"Point","coordinates":[77.52941,17.87838]},"properties":{"cell_id":277128,"case_count":1,"gi_zscore":-0.1411,"gi_pvalue":0.315,"significance":"not_sig"}},{"type":"Feature","geometry":{"type":"Point","coordinates":[77.52941,17.90541]},"properties":{"cell_id":278301,"case_count":1,"gi_zscore":-0.1411,"gi_pvalue":0.315,"significance":"not_sig"}},{"type":"Feature","geometry":{"type":"Point","coordinates":[77.51765,17.91441]},"properties":{"cell_id":278691,"case_count":3,"gi_zscore":-0.1411,"gi_pvalue":0.062,"significance":"cold_90"}},{"type":"Feature","geometry":{"type":"Point","coordinates":[77.52941,17.91441]},"properties":{"cell_id":278692,"case_count":1,"gi_zscore":-0.1411,"gi_pvalue":0.315,"significance":"not_sig"}},{"type":"Feature","geometry":{"type":"Point","coordinates":[77.49412,17.92342]},"properties":{"cell_id":279080,"case_count":1,"gi_zscore":-0.1411,"gi_pvalue":0.315,"significance":"not_sig"}},{"type":"Feature","geometry":{"type":"Point","coordinates":[77.50588,17.92342]},"properties":{"cell_id":279081,"case_count":1,"gi_zscore":-0.1411,"gi_pvalue":0.315,"significance":"not_sig"}},{"type":"Feature","geometry":{"type":"Point","coordinates":[77.51765,17.92342]},"properties":{"cell_id":279082,"case_count":1,"gi_zscore":-0.1411,"gi_pvalue":0.315,"significance":"not_sig"}},{"type":"Feature","geometry":{"type":"Point","coordinates":[77.52941,17.92342]},"properties":{"cell_id":279083,"case_count":1,"gi_zscore":-0.1411,"gi_pvalue":0.315,"significance":"not_sig"}},{"type":"Feature","geometry":{"type":"Point","coordinates":[77.54118,17.92342]},"properties":{"cell_id":279084,"case_count":1,"gi_zscore":-0.1411,"gi_pvalue":0.315,"significance":"not_sig"}},{"type":"Feature","geometry":{"type":"Point","coordinates":[77.47059,17.93243]},"properties":{"cell_id":279469,"case_count":1,"gi_zscore":-0.1411,"gi_pvalue":0.315,"significance":"not_sig"}},{"type":"Feature","geometry":{"type":"Point","coordinates":[76.97647,17.95045]},"properties":{"cell_id":280209,"case_count":1,"gi_zscore":-0.1411,"gi_pvalue":0.162,"significance":"not_sig"}},{"type":"Feature","geometry":{"type":"Point","coordinates":[76.97647,17.95946]},"properties":{"cell_id":280600,"case_count":1,"gi_zscore":-0.1411,"gi_pvalue":0.162,"significance":"not_sig"}},{"type":"Feature","geometry":{"type":"Point","coordinates":[77.28235,18.0045]},"properties":{"cell_id":282581,"case_count":1,"gi_zscore":-0.1411,"gi_pvalue":0.162,"significance":"not_sig"}},{"type":"Feature","geometry":{"type":"Point","coordinates":[77.21176,18.03153]},"properties":{"cell_id":283748,"case_count":2,"gi_zscore":-0.1411,"gi_pvalue":0.063,"significance":"cold_90"}},{"type":"Feature","geometry":{"type":"Point","coordinates":[77.11765,18.04054]},"properties":{"cell_id":284131,"case_count":1,"gi_zscore":-0.1411,"gi_pvalue":0.164,"significance":"not_sig"}},{"type":"Feature","geometry":{"type":"Point","coordinates":[77.22353,18.04955]},"properties":{"cell_id":284531,"case_count":1,"gi_zscore":-0.1411,"gi_pvalue":0.164,"significance":"not_sig"}},{"type":"Feature","geometry":{"type":"Point","coordinates":[77.22353,18.05856]},"properties":{"cell_id":284922,"case_count":2,"gi_zscore":-0.1411,"gi_pvalue":0.064,"significance":"cold_90"}},{"type":"Feature","geometry":{"type":"Point","coordinates":[76.94118,18.12162]},"properties":{"cell_id":287635,"case_count":1,"gi_zscore":-0.1382,"gi_pvalue":0.334,"significance":"not_sig"}},{"type":"Feature","geometry":{"type":"Point","coordinates":[77.41176,18.24775]},"properties":{"cell_id":293149,"case_count":1,"gi_zscore":-0.1411,"gi_pvalue":0.166,"significance":"not_sig"}},{"type":"Feature","geometry":{"type":"Point","coordinates":[77.37647,18.28378]},"properties":{"cell_id":294710,"case_count":1,"gi_zscore":-0.1411,"gi_pvalue":0.166,"significance":"not_sig"}},{"type":"Feature","geometry":{"type":"Point","coordinates":[77.28235,18.31081]},"properties":{"cell_id":295875,"case_count":1,"gi_zscore":-0.1411,"gi_pvalue":0.166,"significance":"not_sig"}}]}