{"type":"FeatureCollection","features":[{"type":"Feature","geometry":{"type":"Point","coordinates":[76.56471,11.55405]},"properties":{"cell_id":2564,"case_count":1,"gi_zscore":-0.1077,"gi_pvalue":0.446,"significance":"not_sig"}},{"type":"Feature","geometry":{"type":"Point","coordinates":[76.69412,11.80631]},"properties":{"cell_id":13523,"case_count":1,"gi_zscore":-0.1173,"gi_pvalue":0.068,"significance":"cold_90"}},{"type":"Feature","geometry":{"type":"Point","coordinates":[76.68235,11.81532]},"properties":{"cell_id":13913,"case_count":1,"gi_zscore":-0.1173,"gi_pvalue":0.068,"significance":"cold_90"}},{"type":"Feature","geometry":{"type":"Point","coordinates":[76.95294,11.87838]},"properties":{"cell_id":16673,"case_count":2,"gi_zscore":-0.0956,"gi_pvalue":0.327,"significance":"not_sig"}},{"type":"Feature","geometry":{"type":"Point","coordinates":[76.97647,11.88739]},"properties":{"cell_id":17066,"case_count":1,"gi_zscore":-0.0932,"gi_pvalue":0.247,"significance":"not_sig"}},{"type":"Feature","geometry":{"type":"Point","coordinates":[77.28235,11.8964]},"properties":{"cell_id":17483,"case_count":1,"gi_zscore":-0.1149,"gi_pvalue":0.068,"significance":"cold_90"}},{"type":"Feature","geometry":{"type":"Point","coordinates":[76.94118,11.90541]},"properties":{"cell_id":17845,"case_count":1,"gi_zscore":-0.0956,"gi_pvalue":0.277,"significance":"not_sig"}},{"type":"Feature","geometry":{"type":"Point","coordinates":[76.92941,11.91441]},"properties":{"cell_id":18235,"case_count":1,"gi_zscore":-0.0956,"gi_pvalue":0.277,"significance":"not_sig"}},{"type":"Feature","geometry":{"type":"Point","coordinates":[76.94118,11.91441]},"properties":{"cell_id":18236,"case_count":1,"gi_zscore":-0.0956,"gi_pvalue":0.277,"significance":"not_sig"}},{"type":"Feature","geometry":{"type":"Point","coordinates":[76.92941,11.92342]},"properties":{"cell_id":18626,"case_count":1,"gi_zscore":-0.0956,"gi_pvalue":0.277,"significance":"not_sig"}},{"type":"Feature","geometry":{"type":"Point","coordinates":[76.96471,11.92342]},"properties":{"cell_id":18629,"case_count":1,"gi_zscore":-0.098,"gi_pvalue":0.297,"significance":"not_sig"}},{"type":"Feature","geometry":{"type":"Point","coordinates":[76.96471,11.93243]},"properties":{"cell_id":19020,"case_count":9,"gi_zscore":-0.098,"gi_pvalue":0.068,"significance":"cold_90"}},{"type":"Feature","geometry":{"type":"Point","coordinates":[77.0,11.93243]},"properties":{"cell_id":19023,"case_count":1,"gi_zscore":-0.0956,"gi_pvalue":0.274,"significance":"not_sig"}},{"type":"Feature","geometry":{"type":"Point","coordinates":[77.01176,11.93243]},"properties":{"cell_id":19024,"case_count":2,"gi_zscore":-0.0956,"gi_pvalue":0.275,"significance":"not_sig"}},{"type":"Feature","geometry":{"type":"Point","coordinates":[76.67059,11.94144]},"properties":{"cell_id":19386,"case_count":1,"gi_zscore":-0.1101,"gi_pvalue":0.306,"significance":"not_sig"}},{"type":"Feature","geometry":{"type":"Point","coordinates":[76.94118,11.94144]},"properties":{"cell_id":19409,"case_count":1,"gi_zscore":-0.098,"gi_pvalue":0.294,"significance":"not_sig"}},{"type":"Feature","geometry":{"type":"Point","coordinates":[77.04706,11.95045]},"properties":{"cell_id":19809,"case_count":1,"gi_zscore":-0.0956,"gi_pvalue":0.25,"significance":"not_sig"}},{"type":"Feature","geometry":{"type":"Point","coordinates":[77.47059,11.95946]},"properties":{"cell_id":20236,"case_count":1,"gi_zscore":-0.1125,"gi_pvalue":0.165,"significance":"not_sig"}},{"type":"Feature","geometry":{"type":"Point","coordinates":[76.05882,11.96847]},"properties":{"cell_id":20507,"case_count":1,"gi_zscore":-0.1125,"gi_pvalue":0.165,"significance":"not_sig"}},{"type":"Feature","geometry":{"type":"Point","coordinates":[76.94118,11.96847]},"properties":{"cell_id":20582,"case_count":1,"gi_zscore":-0.098,"gi_pvalue":0.294,"significance":"not_sig"}},{"type":"Feature","geometry":{"type":"Point","coordinates":[76.98824,11.96847]},"properties":{"cell_id":20586,"case_count":1,"gi_zscore":-0.0956,"gi_pvalue":0.25,"significance":"not_sig"}},{"type":"Feature","geometry":{"type":"Point","coordinates":[77.47059,11.96847]},"properties":{"cell_id":20627,"case_count":1,"gi_zscore":-0.1125,"gi_pvalue":0.165,"significance":"not_sig"}},{"type":"Feature","geometry":{"type":"Point","coordinates":[77.0,11.9955]},"properties":{"cell_id":21760,"case_count":1,"gi_zscore":-0.0956,"gi_pvalue":0.25,"significance":"not_sig"}},{"type":"Feature","geometry":{"type":"Point","coordinates":[77.49412,11.9955]},"properties":{"cell_id":21802,"case_count":1,"gi_zscore":-0.1101,"gi_pvalue":0.306,"significance":"not_sig"}},{"type":"Feature","geometry":{"type":"Point","coordinates":[76.03529,12.0045]},"properties":{"cell_id":22069,"case_count":1,"gi_zscore":-0.1125,"gi_pvalue":0.165,"significance":"not_sig"}},{"type":"Feature","geometry":{"type":"Point","coordinates":[76.04706,12.0045]},"properties":{"cell_id":22070,"case_count":1,"gi_zscore":-0.1125,"gi_pvalue":0.165,"significance":"not_sig"}},{"type":"Feature","geometry":{"type":"Point","coordinates":[76.4,12.0045]},"properties":{"cell_id":22100,"case_count":4,"gi_zscore":-0.1052,"gi_pvalue":0.282,"significance":"not_sig"}},{"type":"Feature","geometry":{"type":"Point","coordinates":[77.25882,12.0045]},"properties":{"cell_id":22173,"case_count":1,"gi_zscore":-0.1149,"gi_pvalue":0.162,"significance":"not_sig"}},{"type":"Feature","geometry":{"type":"Point","coordinates":[77.4,12.0045]},"properties":{"cell_id":22185,"case_count":2,"gi_zscore":-0.1149,"gi_pvalue":0.001,"significance":"cold_99"}},{"type":"Feature","geometry":{"type":"Point","coordinates":[76.52941,12.01351]},"properties":{"cell_id":22502,"case_count":1,"gi_zscore":-0.1028,"gi_pvalue":0.379,"significance":"not_sig"}},{"type":"Feature","geometry":{"type":"Point","coordinates":[76.02353,12.02252]},"properties":{"cell_id":22850,"case_count":1,"gi_zscore":-0.1125,"gi_pvalue":0.162,"significance":"not_sig"}},{"type":"Feature","geometry":{"type":"Point","coordinates":[75.94118,12.03153]},"properties":{"cell_id":23234,"case_count":1,"gi_zscore":-0.1149,"gi_pvalue":0.066,"significance":"cold_90"}},{"type":"Feature","geometry":{"type":"Point","coordinates":[76.8,12.03153]},"properties":{"cell_id":23307,"case_count":1,"gi_zscore":-0.1101,"gi_pvalue":0.304,"significance":"not_sig"}},{"type":"Feature","geometry":{"type":"Point","coordinates":[77.42353,12.03153]},"properties":{"cell_id":23360,"case_count":1,"gi_zscore":-0.1125,"gi_pvalue":0.162,"significance":"not_sig"}},{"type":"Feature","geometry":{"type":"Point","coordinates":[76.58824,12.04054]},"properties":{"cell_id":23680,"case_count":1,"gi_zscore":-0.1101,"gi_pvalue":0.304,"significance":"not_sig"}},{"type":"Feature","geometry":{"type":"Point","coordinates":[77.03529,12.04054]},"properties":{"cell_id":23718,"case_count":1,"gi_zscore":-0.1149,"gi_pvalue":0.162,"significance":"not_sig"}},{"type":"Feature","geometry":{"type":"Point","coordinates":[77.44706,12.06757]},"properties":{"cell_id":24926,"case_count":1,"gi_zscore":-0.1125,"gi_pvalue":0.162,"significance":"not_sig"}},{"type":"Feature","geometry":{"type":"Point","coordinates":[76.02353,12.08559]},"properties":{"cell_id":25587,"case_count":1,"gi_zscore":-0.1101,"gi_pvalue":0.304,"significance":"not_sig"}},{"type":"Feature","geometry":{"type":"Point","coordinates":[76.72941,12.08559]},"properties":{"cell_id":25647,"case_count":1,"gi_zscore":-0.1101,"gi_pvalue":0.304,"significance":"not_sig"}},{"type":"Feature","geometry":{"type":"Point","coordinates":[77.68235,12.08559]},"properties":{"cell_id":25728,"case_count":2,"gi_zscore":-0.1125,"gi_pvalue":0.066,"significance":"cold_90"}},{"type":"Feature","geometry":{"type":"Point","coordinates":[75.75294,12.09459]},"properties":{"cell_id":25955,"case_count":1,"gi_zscore":-0.1101,"gi_pvalue":0.305,"significance":"not_sig"}},{"type":"Feature","geometry":{"type":"Point","coordinates":[76.32941,12.09459]},"properties":{"cell_id":26004,"case_count":3,"gi_zscore":-0.1028,"gi_pvalue":0.478,"significance":"not_sig"}},{"type":"Feature","geometry":{"type":"Point","coordinates":[77.05882,12.09459]},"properties":{"cell_id":26066,"case_count":1,"gi_zscore":-0.098,"gi_pvalue":0.294,"significance":"not_sig"}},{"type":"Feature","geometry":{"type":"Point","coordinates":[77.12941,12.09459]},"properties":{"cell_id":26072,"case_count":1,"gi_zscore":-0.0884,"gi_pvalue":0.201,"significance":"not_sig"}},{"type":"Feature","geometry":{"type":"Point","coordinates":[77.6,12.09459]},"properties":{"cell_id":26112,"case_count":2,"gi_zscore":-0.1125,"gi_pvalue":0.066,"significance":"cold_90"}},{"type":"Feature","geometry":{"type":"Point","coordinates":[77.61176,12.09459]},"properties":{"cell_id":26113,"case_count":1,"gi_zscore":-0.1125,"gi_pvalue":0.162,"significance":"not_sig"}},{"type":"Feature","geometry":{"type":"Point","coordinates":[76.6,12.1036]},"properties":{"cell_id":26418,"case_count":1,"gi_zscore":-0.1101,"gi_pvalue":0.305,"significance":"not_sig"}},{"type":"Feature","geometry":{"type":"Point","coordinates":[75.87059,12.11261]},"properties":{"cell_id":26747,"case_count":1,"gi_zscore":-0.1173,"gi_pvalue":0.066,"significance":"cold_90"}},{"type":"Feature","geometry":{"type":"Point","coordinates":[76.67059,12.11261]},"properties":{"cell_id":26815,"case_count":4,"gi_zscore":-0.1101,"gi_pvalue":0.066,"significance":"cold_90"}},{"type":"Feature","geometry":{"type":"Point","coordinates":[76.70588,12.11261]},"properties":{"cell_id":26818,"case_count":1,"gi_zscore":-0.1077,"gi_pvalue":0.453,"significance":"not_sig"}},{"type":"Feature","geometry":{"type":"Point","coordinates":[75.11765,12.12162]},"properties":{"cell_id":27074,"case_count":6,"gi_zscore":-0.1052,"gi_pvalue":0.066,"significance":"cold_90"}},{"type":"Feature","geometry":{"type":"Point","coordinates":[75.94118,12.12162]},"properties":{"cell_id":27144,"case_count":1,"gi_zscore":-0.1077,"gi_pvalue":0.388,"significance":"not_sig"}},{"type":"Feature","geometry":{"type":"Point","coordinates":[75.95294,12.12162]},"properties":{"cell_id":27145,"case_count":2,"gi_zscore":-0.1077,"gi_pvalue":0.305,"significance":"not_sig"}},{"type":"Feature","geometry":{"type":"Point","coordinates":[76.11765,12.12162]},"properties":{"cell_id":27159,"case_count":2,"gi_zscore":-0.1101,"gi_pvalue":0.162,"significance":"not_sig"}},{"type":"Feature","geometry":{"type":"Point","coordinates":[76.12941,12.12162]},"properties":{"cell_id":27160,"case_count":1,"gi_zscore":-0.1101,"gi_pvalue":0.305,"significance":"not_sig"}},{"type":"Feature","geometry":{"type":"Point","coordinates":[76.21176,12.12162]},"properties":{"cell_id":27167,"case_count":1,"gi_zscore":-0.1052,"gi_pvalue":0.452,"significance":"not_sig"}},{"type":"Feature","geometry":{"type":"Point","coordinates":[76.89412,12.12162]},"properties":{"cell_id":27225,"case_count":1,"gi_zscore":-0.1173,"gi_pvalue":0.066,"significance":"cold_90"}},{"type":"Feature","geometry":{"type":"Point","coordinates":[77.02353,12.12162]},"properties":{"cell_id":27236,"case_count":1,"gi_zscore":-0.1125,"gi_pvalue":0.162,"significance":"not_sig"}},{"type":"Feature","geometry":{"type":"Point","coordinates":[77.08235,12.12162]},"properties":{"cell_id":27241,"case_count":1,"gi_zscore":-0.0932,"gi_pvalue":0.221,"significance":"not_sig"}},{"type":"Feature","geometry":{"type":"Point","coordinates":[77.11765,12.12162]},"properties":{"cell_id":27244,"case_count":9,"gi_zscore":-0.0884,"gi_pvalue":0.392,"significance":"not_sig"}},{"type":"Feature","geometry":{"type":"Point","coordinates":[77.12941,12.12162]},"properties":{"cell_id":27245,"case_count":1,"gi_zscore":-0.0884,"gi_pvalue":0.197,"significance":"not_sig"}},{"type":"Feature","geometry":{"type":"Point","coordinates":[77.23529,12.13063]},"properties":{"cell_id":27645,"case_count":1,"gi_zscore":-0.1101,"gi_pvalue":0.308,"significance":"not_sig"}},{"type":"Feature","geometry":{"type":"Point","coordinates":[75.94118,12.13964]},"properties":{"cell_id":27926,"case_count":1,"gi_zscore":-0.1077,"gi_pvalue":0.392,"significance":"not_sig"}},{"type":"Feature","geometry":{"type":"Point","coordinates":[76.0,12.13964]},"properties":{"cell_id":27931,"case_count":1,"gi_zscore":-0.1101,"gi_pvalue":0.308,"significance":"not_sig"}},{"type":"Feature","geometry":{"type":"Point","coordinates":[76.04706,12.13964]},"properties":{"cell_id":27935,"case_count":2,"gi_zscore":-0.1052,"gi_pvalue":0.458,"significance":"not_sig"}},{"type":"Feature","geometry":{"type":"Point","coordinates":[77.14118,12.13964]},"properties":{"cell_id":28028,"case_count":1,"gi_zscore":-0.0884,"gi_pvalue":0.196,"significance":"not_sig"}},{"type":"Feature","geometry":{"type":"Point","coordinates":[75.94118,12.14865]},"properties":{"cell_id":28317,"case_count":1,"gi_zscore":-0.1077,"gi_pvalue":0.392,"significance":"not_sig"}},{"type":"Feature","geometry":{"type":"Point","coordinates":[75.95294,12.14865]},"properties":{"cell_id":28318,"case_count":2,"gi_zscore":-0.1077,"gi_pvalue":0.309,"significance":"not_sig"}},{"type":"Feature","geometry":{"type":"Point","coordinates":[76.6,12.14865]},"properties":{"cell_id":28373,"case_count":1,"gi_zscore":-0.1101,"gi_pvalue":0.309,"significance":"not_sig"}},{"type":"Feature","geometry":{"type":"Point","coordinates":[77.0,12.14865]},"properties":{"cell_id":28407,"case_count":1,"gi_zscore":-0.1125,"gi_pvalue":0.165,"significance":"not_sig"}},{"type":"Feature","geometry":{"type":"Point","coordinates":[77.07059,12.14865]},"properties":{"cell_id":28413,"case_count":1,"gi_zscore":-0.0932,"gi_pvalue":0.237,"significance":"not_sig"}},{"type":"Feature","geometry":{"type":"Point","coordinates":[77.21176,12.14865]},"properties":{"cell_id":28425,"case_count":1,"gi_zscore":-0.1101,"gi_pvalue":0.309,"significance":"not_sig"}},{"type":"Feature","geometry":{"type":"Point","coordinates":[76.07059,12.15766]},"properties":{"cell_id":28719,"case_count":2,"gi_zscore":-0.1052,"gi_pvalue":0.458,"significance":"not_sig"}},{"type":"Feature","geometry":{"type":"Point","coordinates":[77.05882,12.15766]},"properties":{"cell_id":28803,"case_count":1,"gi_zscore":-0.1125,"gi_pvalue":0.166,"significance":"not_sig"}},{"type":"Feature","geometry":{"type":"Point","coordinates":[77.09412,12.15766]},"properties":{"cell_id":28806,"case_count":1,"gi_zscore":-0.0932,"gi_pvalue":0.237,"significance":"not_sig"}},{"type":"Feature","geometry":{"type":"Point","coordinates":[77.10588,12.15766]},"properties":{"cell_id":28807,"case_count":3,"gi_zscore":-0.0932,"gi_pvalue":0.315,"significance":"not_sig"}},{"type":"Feature","geometry":{"type":"Point","coordinates":[77.11765,12.15766]},"properties":{"cell_id":28808,"case_count":1,"gi_zscore":-0.0884,"gi_pvalue":0.196,"significance":"not_sig"}},{"type":"Feature","geometry":{"type":"Point","coordinates":[77.15294,12.15766]},"properties":{"cell_id":28811,"case_count":3,"gi_zscore":-0.0859,"gi_pvalue":0.212,"significance":"not_sig"}},{"type":"Feature","geometry":{"type":"Point","coordinates":[77.21176,12.15766]},"properties":{"cell_id":28816,"case_count":1,"gi_zscore":-0.1101,"gi_pvalue":0.309,"significance":"not_sig"}},{"type":"Feature","geometry":{"type":"Point","coordinates":[75.82353,12.16667]},"properties":{"cell_id":29089,"case_count":1,"gi_zscore":-0.1101,"gi_pvalue":0.309,"significance":"not_sig"}},{"type":"Feature","geometry":{"type":"Point","coordinates":[75.83529,12.16667]},"properties":{"cell_id":29090,"case_count":1,"gi_zscore":-0.1101,"gi_pvalue":0.309,"significance":"not_sig"}},{"type":"Feature","geometry":{"type":"Point","coordinates":[77.21176,12.16667]},"properties":{"cell_id":29207,"case_count":1,"gi_zscore":-0.1101,"gi_pvalue":0.309,"significance":"not_sig"}},{"type":"Feature","geometry":{"type":"Point","coordinates":[75.77647,12.17568]},"properties":{"cell_id":29476,"case_count":1,"gi_zscore":-0.1101,"gi_pvalue":0.309,"significance":"not_sig"}},{"type":"Feature","geometry":{"type":"Point","coordinates":[75.87059,12.17568]},"properties":{"cell_id":29484,"case_count":1,"gi_zscore":-0.1125,"gi_pvalue":0.168,"significance":"not_sig"}},{"type":"Feature","geometry":{"type":"Point","coordinates":[75.89412,12.17568]},"properties":{"cell_id":29486,"case_count":1,"gi_zscore":-0.1125,"gi_pvalue":0.168,"significance":"not_sig"}},{"type":"Feature","geometry":{"type":"Point","coordinates":[75.90588,12.17568]},"properties":{"cell_id":29487,"case_count":1,"gi_zscore":-0.1125,"gi_pvalue":0.168,"significance":"not_sig"}},{"type":"Feature","geometry":{"type":"Point","coordinates":[77.12941,12.17568]},"properties":{"cell_id":29591,"case_count":1,"gi_zscore":-0.1052,"gi_pvalue":0.451,"significance":"not_sig"}},{"type":"Feature","geometry":{"type":"Point","coordinates":[75.81176,12.18468]},"properties":{"cell_id":29870,"case_count":1,"gi_zscore":-0.1101,"gi_pvalue":0.309,"significance":"not_sig"}},{"type":"Feature","geometry":{"type":"Point","coordinates":[75.91765,12.18468]},"properties":{"cell_id":29879,"case_count":1,"gi_zscore":-0.1101,"gi_pvalue":0.309,"significance":"not_sig"}},{"type":"Feature","geometry":{"type":"Point","coordinates":[75.92941,12.18468]},"properties":{"cell_id":29880,"case_count":3,"gi_zscore":-0.1101,"gi_pvalue":0.168,"significance":"not_sig"}},{"type":"Feature","geometry":{"type":"Point","coordinates":[75.94118,12.18468]},"properties":{"cell_id":29881,"case_count":1,"gi_zscore":-0.1101,"gi_pvalue":0.309,"significance":"not_sig"}},{"type":"Feature","geometry":{"type":"Point","coordinates":[77.12941,12.18468]},"properties":{"cell_id":29982,"case_count":1,"gi_zscore":-0.1052,"gi_pvalue":0.45,"significance":"not_sig"}},{"type":"Feature","geometry":{"type":"Point","coordinates":[77.16471,12.18468]},"properties":{"cell_id":29985,"case_count":2,"gi_zscore":-0.1101,"gi_pvalue":0.167,"significance":"not_sig"}},{"type":"Feature","geometry":{"type":"Point","coordinates":[75.8,12.19369]},"properties":{"cell_id":30260,"case_count":3,"gi_zscore":-0.1101,"gi_pvalue":0.167,"significance":"not_sig"}},{"type":"Feature","geometry":{"type":"Point","coordinates":[75.95294,12.19369]},"properties":{"cell_id":30273,"case_count":1,"gi_zscore":-0.1077,"gi_pvalue":0.456,"significance":"not_sig"}},{"type":"Feature","geometry":{"type":"Point","coordinates":[75.8,12.2027]},"properties":{"cell_id":30651,"case_count":1,"gi_zscore":-0.1077,"gi_pvalue":0.456,"significance":"not_sig"}},{"type":"Feature","geometry":{"type":"Point","coordinates":[75.81176,12.2027]},"properties":{"cell_id":30652,"case_count":2,"gi_zscore":-0.1077,"gi_pvalue":0.314,"significance":"not_sig"}},{"type":"Feature","geometry":{"type":"Point","coordinates":[76.55294,12.2027]},"properties":{"cell_id":30715,"case_count":1,"gi_zscore":-0.1101,"gi_pvalue":0.314,"significance":"not_sig"}},{"type":"Feature","geometry":{"type":"Point","coordinates":[76.18824,12.21171]},"properties":{"cell_id":31075,"case_count":1,"gi_zscore":-0.1101,"gi_pvalue":0.314,"significance":"not_sig"}},{"type":"Feature","geometry":{"type":"Point","coordinates":[76.89412,12.21171]},"properties":{"cell_id":31135,"case_count":1,"gi_zscore":-0.1173,"gi_pvalue":0.068,"significance":"cold_90"}},{"type":"Feature","geometry":{"type":"Point","coordinates":[77.14118,12.21171]},"properties":{"cell_id":31156,"case_count":1,"gi_zscore":-0.1052,"gi_pvalue":0.45,"significance":"not_sig"}},{"type":"Feature","geometry":{"type":"Point","coordinates":[75.74118,12.22072]},"properties":{"cell_id":31428,"case_count":1,"gi_zscore":-0.1077,"gi_pvalue":0.456,"significance":"not_sig"}},{"type":"Feature","geometry":{"type":"Point","coordinates":[76.01176,12.22072]},"properties":{"cell_id":31451,"case_count":1,"gi_zscore":-0.1028,"gi_pvalue":0.374,"significance":"not_sig"}},{"type":"Feature","geometry":{"type":"Point","coordinates":[77.30588,12.22072]},"properties":{"cell_id":31561,"case_count":1,"gi_zscore":-0.1149,"gi_pvalue":0.068,"significance":"cold_90"}},{"type":"Feature","geometry":{"type":"Point","coordinates":[75.74118,12.22973]},"properties":{"cell_id":31819,"case_count":1,"gi_zscore":-0.1101,"gi_pvalue":0.314,"significance":"not_sig"}},{"type":"Feature","geometry":{"type":"Point","coordinates":[75.77647,12.22973]},"properties":{"cell_id":31822,"case_count":1,"gi_zscore":-0.1077,"gi_pvalue":0.456,"significance":"not_sig"}},{"type":"Feature","geometry":{"type":"Point","coordinates":[76.56471,12.22973]},"properties":{"cell_id":31889,"case_count":1,"gi_zscore":-0.1101,"gi_pvalue":0.314,"significance":"not_sig"}},{"type":"Feature","geometry":{"type":"Point","coordinates":[75.85882,12.23874]},"properties":{"cell_id":32220,"case_count":2,"gi_zscore":-0.1101,"gi_pvalue":0.167,"significance":"not_sig"}},{"type":"Feature","geometry":{"type":"Point","coordinates":[75.91765,12.23874]},"properties":{"cell_id":32225,"case_count":2,"gi_zscore":-0.1077,"gi_pvalue":0.316,"significance":"not_sig"}},{"type":"Feature","geometry":{"type":"Point","coordinates":[76.04706,12.23874]},"properties":{"cell_id":32236,"case_count":2,"gi_zscore":-0.1101,"gi_pvalue":0.167,"significance":"not_sig"}},{"type":"Feature","geometry":{"type":"Point","coordinates":[76.95294,12.23874]},"properties":{"cell_id":32313,"case_count":1,"gi_zscore":-0.1173,"gi_pvalue":0.068,"significance":"cold_90"}},{"type":"Feature","geometry":{"type":"Point","coordinates":[77.25882,12.24775]},"properties":{"cell_id":32730,"case_count":1,"gi_zscore":-0.1149,"gi_pvalue":0.068,"significance":"cold_90"}},{"type":"Feature","geometry":{"type":"Point","coordinates":[75.43529,12.25676]},"properties":{"cell_id":32966,"case_count":1,"gi_zscore":-0.1149,"gi_pvalue":0.068,"significance":"cold_90"}},{"type":"Feature","geometry":{"type":"Point","coordinates":[75.77647,12.25676]},"properties":{"cell_id":32995,"case_count":2,"gi_zscore":-0.1125,"gi_pvalue":0.069,"significance":"cold_90"}},{"type":"Feature","geometry":{"type":"Point","coordinates":[76.62353,12.25676]},"properties":{"cell_id":33067,"case_count":1,"gi_zscore":-0.1028,"gi_pvalue":0.442,"significance":"not_sig"}},{"type":"Feature","geometry":{"type":"Point","coordinates":[76.63529,12.25676]},"properties":{"cell_id":33068,"case_count":1,"gi_zscore":-0.098,"gi_pvalue":0.317,"significance":"not_sig"}},{"type":"Feature","geometry":{"type":"Point","coordinates":[76.81176,12.25676]},"properties":{"cell_id":33083,"case_count":1,"gi_zscore":-0.1149,"gi_pvalue":0.069,"significance":"cold_90"}},{"type":"Feature","geometry":{"type":"Point","coordinates":[77.17647,12.25676]},"properties":{"cell_id":33114,"case_count":1,"gi_zscore":-0.1101,"gi_pvalue":0.316,"significance":"not_sig"}},{"type":"Feature","geometry":{"type":"Point","coordinates":[77.25882,12.25676]},"properties":{"cell_id":33121,"case_count":1,"gi_zscore":-0.1149,"gi_pvalue":0.167,"significance":"not_sig"}},{"type":"Feature","geometry":{"type":"Point","coordinates":[75.71765,12.26577]},"properties":{"cell_id":33381,"case_count":1,"gi_zscore":-0.1149,"gi_pvalue":0.167,"significance":"not_sig"}},{"type":"Feature","geometry":{"type":"Point","coordinates":[75.82353,12.26577]},"properties":{"cell_id":33390,"case_count":1,"gi_zscore":-0.1052,"gi_pvalue":0.45,"significance":"not_sig"}},{"type":"Feature","geometry":{"type":"Point","coordinates":[76.6,12.26577]},"properties":{"cell_id":33456,"case_count":1,"gi_zscore":-0.1077,"gi_pvalue":0.457,"significance":"not_sig"}},{"type":"Feature","geometry":{"type":"Point","coordinates":[76.62353,12.26577]},"properties":{"cell_id":33458,"case_count":1,"gi_zscore":-0.1028,"gi_pvalue":0.442,"significance":"not_sig"}},{"type":"Feature","geometry":{"type":"Point","coordinates":[76.63529,12.26577]},"properties":{"cell_id":33459,"case_count":4,"gi_zscore":-0.098,"gi_pvalue":0.482,"significance":"not_sig"}},{"type":"Feature","geometry":{"type":"Point","coordinates":[76.64706,12.26577]},"properties":{"cell_id":33460,"case_count":3,"gi_zscore":-0.098,"gi_pvalue":0.375,"significance":"not_sig"}},{"type":"Feature","geometry":{"type":"Point","coordinates":[77.50588,12.26577]},"properties":{"cell_id":33533,"case_count":1,"gi_zscore":-0.1125,"gi_pvalue":0.166,"significance":"not_sig"}},{"type":"Feature","geometry":{"type":"Point","coordinates":[76.63529,12.27477]},"properties":{"cell_id":33850,"case_count":1,"gi_zscore":-0.098,"gi_pvalue":0.284,"significance":"not_sig"}},{"type":"Feature","geometry":{"type":"Point","coordinates":[76.64706,12.27477]},"properties":{"cell_id":33851,"case_count":1,"gi_zscore":-0.0932,"gi_pvalue":0.237,"significance":"not_sig"}},{"type":"Feature","geometry":{"type":"Point","coordinates":[76.69412,12.27477]},"properties":{"cell_id":33855,"case_count":2,"gi_zscore":-0.1077,"gi_pvalue":0.314,"significance":"not_sig"}},{"type":"Feature","geometry":{"type":"Point","coordinates":[76.88235,12.27477]},"properties":{"cell_id":33871,"case_count":1,"gi_zscore":-0.1173,"gi_pvalue":0.067,"significance":"cold_90"}},{"type":"Feature","geometry":{"type":"Point","coordinates":[76.62353,12.28378]},"properties":{"cell_id":34240,"case_count":1,"gi_zscore":-0.1028,"gi_pvalue":0.407,"significance":"not_sig"}},{"type":"Feature","geometry":{"type":"Point","coordinates":[76.63529,12.28378]},"properties":{"cell_id":34241,"case_count":2,"gi_zscore":-0.098,"gi_pvalue":0.375,"significance":"not_sig"}},{"type":"Feature","geometry":{"type":"Point","coordinates":[76.64706,12.28378]},"properties":{"cell_id":34242,"case_count":3,"gi_zscore":-0.098,"gi_pvalue":0.407,"significance":"not_sig"}},{"type":"Feature","geometry":{"type":"Point","coordinates":[76.65882,12.28378]},"properties":{"cell_id":34243,"case_count":1,"gi_zscore":-0.098,"gi_pvalue":0.316,"significance":"not_sig"}},{"type":"Feature","geometry":{"type":"Point","coordinates":[76.67059,12.28378]},"properties":{"cell_id":34244,"case_count":1,"gi_zscore":-0.1052,"gi_pvalue":0.497,"significance":"not_sig"}},{"type":"Feature","geometry":{"type":"Point","coordinates":[76.68235,12.28378]},"properties":{"cell_id":34245,"case_count":1,"gi_zscore":-0.1101,"gi_pvalue":0.314,"significance":"not_sig"}},{"type":"Feature","geometry":{"type":"Point","coordinates":[76.70588,12.28378]},"properties":{"cell_id":34247,"case_count":1,"gi_zscore":-0.1077,"gi_pvalue":0.393,"significance":"not_sig"}},{"type":"Feature","geometry":{"type":"Point","coordinates":[76.94118,12.28378]},"properties":{"cell_id":34267,"case_count":1,"gi_zscore":-0.1173,"gi_pvalue":0.067,"significance":"cold_90"}},{"type":"Feature","geometry":{"type":"Point","coordinates":[75.72941,12.29279]},"properties":{"cell_id":34555,"case_count":1,"gi_zscore":-0.1125,"gi_pvalue":0.166,"significance":"not_sig"}},{"type":"Feature","geometry":{"type":"Point","coordinates":[76.17647,12.29279]},"properties":{"cell_id":34593,"case_count":1,"gi_zscore":-0.1125,"gi_pvalue":0.166,"significance":"not_sig"}},{"type":"Feature","geometry":{"type":"Point","coordinates":[76.25882,12.29279]},"properties":{"cell_id":34600,"case_count":1,"gi_zscore":-0.1149,"gi_pvalue":0.067,"significance":"cold_90"}},{"type":"Feature","geometry":{"type":"Point","coordinates":[76.55294,12.29279]},"properties":{"cell_id":34625,"case_count":1,"gi_zscore":-0.1125,"gi_pvalue":0.166,"significance":"not_sig"}},{"type":"Feature","geometry":{"type":"Point","coordinates":[76.63529,12.29279]},"properties":{"cell_id":34632,"case_count":1,"gi_zscore":-0.1028,"gi_pvalue":0.445,"significance":"not_sig"}},{"type":"Feature","geometry":{"type":"Point","coordinates":[76.64706,12.29279]},"properties":{"cell_id":34633,"case_count":3,"gi_zscore":-0.098,"gi_pvalue":0.445,"significance":"not_sig"}},{"type":"Feature","geometry":{"type":"Point","coordinates":[76.68235,12.29279]},"properties":{"cell_id":34636,"case_count":1,"gi_zscore":-0.1101,"gi_pvalue":0.315,"significance":"not_sig"}},{"type":"Feature","geometry":{"type":"Point","coordinates":[76.70588,12.29279]},"properties":{"cell_id":34638,"case_count":1,"gi_zscore":-0.1077,"gi_pvalue":0.458,"significance":"not_sig"}},{"type":"Feature","geometry":{"type":"Point","coordinates":[75.69412,12.3018]},"properties":{"cell_id":34943,"case_count":1,"gi_zscore":-0.1149,"gi_pvalue":0.067,"significance":"cold_90"}},{"type":"Feature","geometry":{"type":"Point","coordinates":[75.87059,12.3018]},"properties":{"cell_id":34958,"case_count":1,"gi_zscore":-0.1077,"gi_pvalue":0.458,"significance":"not_sig"}},{"type":"Feature","geometry":{"type":"Point","coordinates":[76.29412,12.3018]},"properties":{"cell_id":34994,"case_count":1,"gi_zscore":-0.1149,"gi_pvalue":0.067,"significance":"cold_90"}},{"type":"Feature","geometry":{"type":"Point","coordinates":[76.62353,12.3018]},"properties":{"cell_id":35022,"case_count":1,"gi_zscore":-0.1004,"gi_pvalue":0.374,"significance":"not_sig"}},{"type":"Feature","geometry":{"type":"Point","coordinates":[76.63529,12.3018]},"properties":{"cell_id":35023,"case_count":1,"gi_zscore":-0.0956,"gi_pvalue":0.268,"significance":"not_sig"}},{"type":"Feature","geometry":{"type":"Point","coordinates":[76.64706,12.3018]},"properties":{"cell_id":35024,"case_count":2,"gi_zscore":-0.0859,"gi_pvalue":0.194,"significance":"not_sig"}},{"type":"Feature","geometry":{"type":"Point","coordinates":[76.70588,12.3018]},"properties":{"cell_id":35029,"case_count":2,"gi_zscore":-0.1077,"gi_pvalue":0.317,"significance":"not_sig"}},{"type":"Feature","geometry":{"type":"Point","coordinates":[76.89412,12.3018]},"properties":{"cell_id":35045,"case_count":1,"gi_zscore":-0.1173,"gi_pvalue":0.068,"significance":"cold_90"}},{"type":"Feature","geometry":{"type":"Point","coordinates":[75.69412,12.31081]},"properties":{"cell_id":35334,"case_count":1,"gi_zscore":-0.1149,"gi_pvalue":0.068,"significance":"cold_90"}},{"type":"Feature","geometry":{"type":"Point","coordinates":[76.28235,12.31081]},"properties":{"cell_id":35384,"case_count":2,"gi_zscore":-0.1149,"gi_pvalue":0.001,"significance":"cold_99"}},{"type":"Feature","geometry":{"type":"Point","coordinates":[76.62353,12.31081]},"properties":{"cell_id":35413,"case_count":2,"gi_zscore":-0.0932,"gi_pvalue":0.269,"significance":"not_sig"}},{"type":"Feature","geometry":{"type":"Point","coordinates":[76.64706,12.31081]},"properties":{"cell_id":35415,"case_count":3,"gi_zscore":-0.0859,"gi_pvalue":0.213,"significance":"not_sig"}},{"type":"Feature","geometry":{"type":"Point","coordinates":[76.65882,12.31081]},"properties":{"cell_id":35416,"case_count":4,"gi_zscore":-0.0884,"gi_pvalue":0.269,"significance":"not_sig"}},{"type":"Feature","geometry":{"type":"Point","coordinates":[76.67059,12.31081]},"properties":{"cell_id":35417,"case_count":1,"gi_zscore":-0.0787,"gi_pvalue":0.145,"significance":"not_sig"}},{"type":"Feature","geometry":{"type":"Point","coordinates":[76.69412,12.31081]},"properties":{"cell_id":35419,"case_count":3,"gi_zscore":-0.0956,"gi_pvalue":0.336,"significance":"not_sig"}},{"type":"Feature","geometry":{"type":"Point","coordinates":[76.70588,12.31081]},"properties":{"cell_id":35420,"case_count":1,"gi_zscore":-0.098,"gi_pvalue":0.317,"significance":"not_sig"}},{"type":"Feature","geometry":{"type":"Point","coordinates":[75.64706,12.31982]},"properties":{"cell_id":35721,"case_count":1,"gi_zscore":-0.1149,"gi_pvalue":0.068,"significance":"cold_90"}},{"type":"Feature","geometry":{"type":"Point","coordinates":[75.75294,12.31982]},"properties":{"cell_id":35730,"case_count":1,"gi_zscore":-0.1125,"gi_pvalue":0.167,"significance":"not_sig"}},{"type":"Feature","geometry":{"type":"Point","coordinates":[76.58824,12.31982]},"properties":{"cell_id":35801,"case_count":1,"gi_zscore":-0.098,"gi_pvalue":0.317,"significance":"not_sig"}},{"type":"Feature","geometry":{"type":"Point","coordinates":[76.62353,12.31982]},"properties":{"cell_id":35804,"case_count":3,"gi_zscore":-0.0932,"gi_pvalue":0.317,"significance":"not_sig"}},{"type":"Feature","geometry":{"type":"Point","coordinates":[76.63529,12.31982]},"properties":{"cell_id":35805,"case_count":3,"gi_zscore":-0.0884,"gi_pvalue":0.243,"significance":"not_sig"}},{"type":"Feature","geometry":{"type":"Point","coordinates":[76.64706,12.31982]},"properties":{"cell_id":35806,"case_count":3,"gi_zscore":-0.0884,"gi_pvalue":0.243,"significance":"not_sig"}},{"type":"Feature","geometry":{"type":"Point","coordinates":[76.65882,12.31982]},"properties":{"cell_id":35807,"case_count":2,"gi_zscore":-0.0811,"gi_pvalue":0.166,"significance":"not_sig"}},{"type":"Feature","geometry":{"type":"Point","coordinates":[76.67059,12.31982]},"properties":{"cell_id":35808,"case_count":4,"gi_zscore":-0.0787,"gi_pvalue":0.166,"significance":"not_sig"}},{"type":"Feature","geometry":{"type":"Point","coordinates":[76.68235,12.31982]},"properties":{"cell_id":35809,"case_count":5,"gi_zscore":-0.0811,"gi_pvalue":0.212,"significance":"not_sig"}},{"type":"Feature","geometry":{"type":"Point","coordinates":[76.69412,12.31982]},"properties":{"cell_id":35810,"case_count":1,"gi_zscore":-0.0956,"gi_pvalue":0.244,"significance":"not_sig"}},{"type":"Feature","geometry":{"type":"Point","coordinates":[76.05882,12.32883]},"properties":{"cell_id":36147,"case_count":1,"gi_zscore":-0.1149,"gi_pvalue":0.167,"significance":"not_sig"}},{"type":"Feature","geometry":{"type":"Point","coordinates":[76.09412,12.32883]},"properties":{"cell_id":36150,"case_count":1,"gi_zscore":-0.1149,"gi_pvalue":0.167,"significance":"not_sig"}},{"type":"Feature","geometry":{"type":"Point","coordinates":[76.6,12.32883]},"properties":{"cell_id":36193,"case_count":1,"gi_zscore":-0.098,"gi_pvalue":0.317,"significance":"not_sig"}},{"type":"Feature","geometry":{"type":"Point","coordinates":[76.63529,12.32883]},"properties":{"cell_id":36196,"case_count":2,"gi_zscore":-0.0715,"gi_pvalue":0.133,"significance":"not_sig"}},{"type":"Feature","geometry":{"type":"Point","coordinates":[76.64706,12.32883]},"properties":{"cell_id":36197,"case_count":1,"gi_zscore":-0.0908,"gi_pvalue":0.213,"significance":"not_sig"}},{"type":"Feature","geometry":{"type":"Point","coordinates":[76.65882,12.32883]},"properties":{"cell_id":36198,"case_count":1,"gi_zscore":-0.0859,"gi_pvalue":0.172,"significance":"not_sig"}},{"type":"Feature","geometry":{"type":"Point","coordinates":[76.67059,12.32883]},"properties":{"cell_id":36199,"case_count":5,"gi_zscore":-0.0787,"gi_pvalue":0.196,"significance":"not_sig"}},{"type":"Feature","geometry":{"type":"Point","coordinates":[76.68235,12.32883]},"properties":{"cell_id":36200,"case_count":2,"gi_zscore":-0.0859,"gi_pvalue":0.194,"significance":"not_sig"}},{"type":"Feature","geometry":{"type":"Point","coordinates":[76.69412,12.32883]},"properties":{"cell_id":36201,"case_count":2,"gi_zscore":-0.0884,"gi_pvalue":0.216,"significance":"not_sig"}},{"type":"Feature","geometry":{"type":"Point","coordinates":[76.70588,12.32883]},"properties":{"cell_id":36202,"case_count":1,"gi_zscore":-0.0956,"gi_pvalue":0.244,"significance":"not_sig"}},{"type":"Feature","geometry":{"type":"Point","coordinates":[76.94118,12.32883]},"properties":{"cell_id":36222,"case_count":1,"gi_zscore":-0.1173,"gi_pvalue":0.067,"significance":"cold_90"}},{"type":"Feature","geometry":{"type":"Point","coordinates":[75.70588,12.33784]},"properties":{"cell_id":36508,"case_count":2,"gi_zscore":-0.1149,"gi_pvalue":0.001,"significance":"cold_99"}},{"type":"Feature","geometry":{"type":"Point","coordinates":[76.44706,12.33784]},"properties":{"cell_id":36571,"case_count":2,"gi_zscore":-0.1101,"gi_pvalue":0.167,"significance":"not_sig"}},{"type":"Feature","geometry":{"type":"Point","coordinates":[76.58824,12.33784]},"properties":{"cell_id":36583,"case_count":2,"gi_zscore":-0.1004,"gi_pvalue":0.375,"significance":"not_sig"}},{"type":"Feature","geometry":{"type":"Point","coordinates":[76.6,12.33784]},"properties":{"cell_id":36584,"case_count":2,"gi_zscore":-0.1004,"gi_pvalue":0.375,"significance":"not_sig"}},{"type":"Feature","geometry":{"type":"Point","coordinates":[76.63529,12.33784]},"properties":{"cell_id":36587,"case_count":3,"gi_zscore":-0.0739,"gi_pvalue":0.143,"significance":"not_sig"}},{"type":"Feature","geometry":{"type":"Point","coordinates":[76.64706,12.33784]},"properties":{"cell_id":36588,"case_count":1,"gi_zscore":-0.0787,"gi_pvalue":0.141,"significance":"not_sig"}},{"type":"Feature","geometry":{"type":"Point","coordinates":[76.65882,12.33784]},"properties":{"cell_id":36589,"case_count":4,"gi_zscore":-0.0956,"gi_pvalue":0.409,"significance":"not_sig"}},{"type":"Feature","geometry":{"type":"Point","coordinates":[76.67059,12.33784]},"properties":{"cell_id":36590,"case_count":1,"gi_zscore":-0.0908,"gi_pvalue":0.212,"significance":"not_sig"}},{"type":"Feature","geometry":{"type":"Point","coordinates":[76.68235,12.33784]},"properties":{"cell_id":36591,"case_count":1,"gi_zscore":-0.0859,"gi_pvalue":0.171,"significance":"not_sig"}},{"type":"Feature","geometry":{"type":"Point","coordinates":[76.87059,12.33784]},"properties":{"cell_id":36607,"case_count":1,"gi_zscore":-0.1173,"gi_pvalue":0.067,"significance":"cold_90"}},{"type":"Feature","geometry":{"type":"Point","coordinates":[75.87059,12.34685]},"properties":{"cell_id":36913,"case_count":1,"gi_zscore":-0.1149,"gi_pvalue":0.166,"significance":"not_sig"}},{"type":"Feature","geometry":{"type":"Point","coordinates":[76.61176,12.34685]},"properties":{"cell_id":36976,"case_count":3,"gi_zscore":-0.0739,"gi_pvalue":0.143,"significance":"not_sig"}},{"type":"Feature","geometry":{"type":"Point","coordinates":[76.62353,12.34685]},"properties":{"cell_id":36977,"case_count":2,"gi_zscore":-0.0715,"gi_pvalue":0.131,"significance":"not_sig"}},{"type":"Feature","geometry":{"type":"Point","coordinates":[76.63529,12.34685]},"properties":{"cell_id":36978,"case_count":10,"gi_zscore":-0.0811,"gi_pvalue":0.407,"significance":"not_sig"}},{"type":"Feature","geometry":{"type":"Point","coordinates":[76.64706,12.34685]},"properties":{"cell_id":36979,"case_count":2,"gi_zscore":-0.0811,"gi_pvalue":0.156,"significance":"not_sig"}},{"type":"Feature","geometry":{"type":"Point","coordinates":[76.65882,12.34685]},"properties":{"cell_id":36980,"case_count":1,"gi_zscore":-0.1077,"gi_pvalue":0.454,"significance":"not_sig"}},{"type":"Feature","geometry":{"type":"Point","coordinates":[76.36471,12.35586]},"properties":{"cell_id":37346,"case_count":1,"gi_zscore":-0.1077,"gi_pvalue":0.454,"significance":"not_sig"}},{"type":"Feature","geometry":{"type":"Point","coordinates":[76.58824,12.35586]},"properties":{"cell_id":37365,"case_count":1,"gi_zscore":-0.1004,"gi_pvalue":0.324,"significance":"not_sig"}},{"type":"Feature","geometry":{"type":"Point","coordinates":[76.6,12.35586]},"properties":{"cell_id":37366,"case_count":2,"gi_zscore":-0.098,"gi_pvalue":0.323,"significance":"not_sig"}},{"type":"Feature","geometry":{"type":"Point","coordinates":[76.61176,12.35586]},"properties":{"cell_id":37367,"case_count":2,"gi_zscore":-0.0787,"gi_pvalue":0.145,"significance":"not_sig"}},{"type":"Feature","geometry":{"type":"Point","coordinates":[76.67059,12.35586]},"properties":{"cell_id":37372,"case_count":1,"gi_zscore":-0.0956,"gi_pvalue":0.248,"significance":"not_sig"}},{"type":"Feature","geometry":{"type":"Point","coordinates":[75.63529,12.36486]},"properties":{"cell_id":37675,"case_count":1,"gi_zscore":-0.1077,"gi_pvalue":0.387,"significance":"not_sig"}},{"type":"Feature","geometry":{"type":"Point","coordinates":[76.42353,12.36486]},"properties":{"cell_id":37742,"case_count":1,"gi_zscore":-0.1101,"gi_pvalue":0.312,"significance":"not_sig"}},{"type":"Feature","geometry":{"type":"Point","coordinates":[76.50588,12.36486]},"properties":{"cell_id":37749,"case_count":1,"gi_zscore":-0.1077,"gi_pvalue":0.454,"significance":"not_sig"}},{"type":"Feature","geometry":{"type":"Point","coordinates":[76.63529,12.36486]},"properties":{"cell_id":37760,"case_count":2,"gi_zscore":-0.0811,"gi_pvalue":0.156,"significance":"not_sig"}},{"type":"Feature","geometry":{"type":"Point","coordinates":[76.65882,12.36486]},"properties":{"cell_id":37762,"case_count":1,"gi_zscore":-0.1052,"gi_pvalue":0.455,"significance":"not_sig"}},{"type":"Feature","geometry":{"type":"Point","coordinates":[76.87059,12.36486]},"properties":{"cell_id":37780,"case_count":1,"gi_zscore":-0.1173,"gi_pvalue":0.067,"significance":"cold_90"}},{"type":"Feature","geometry":{"type":"Point","coordinates":[77.36471,12.36486]},"properties":{"cell_id":37822,"case_count":1,"gi_zscore":-0.1149,"gi_pvalue":0.067,"significance":"cold_90"}},{"type":"Feature","geometry":{"type":"Point","coordinates":[77.41176,12.36486]},"properties":{"cell_id":37826,"case_count":1,"gi_zscore":-0.1101,"gi_pvalue":0.312,"significance":"not_sig"}},{"type":"Feature","geometry":{"type":"Point","coordinates":[75.83529,12.37387]},"properties":{"cell_id":38083,"case_count":1,"gi_zscore":-0.1149,"gi_pvalue":0.067,"significance":"cold_90"}},{"type":"Feature","geometry":{"type":"Point","coordinates":[76.63529,12.37387]},"properties":{"cell_id":38151,"case_count":1,"gi_zscore":-0.0811,"gi_pvalue":0.145,"significance":"not_sig"}},{"type":"Feature","geometry":{"type":"Point","coordinates":[76.82353,12.37387]},"properties":{"cell_id":38167,"case_count":1,"gi_zscore":-0.1173,"gi_pvalue":0.067,"significance":"cold_90"}},{"type":"Feature","geometry":{"type":"Point","coordinates":[76.01176,12.38288]},"properties":{"cell_id":38489,"case_count":1,"gi_zscore":-0.1149,"gi_pvalue":0.067,"significance":"cold_90"}},{"type":"Feature","geometry":{"type":"Point","coordinates":[76.89412,12.38288]},"properties":{"cell_id":38564,"case_count":1,"gi_zscore":-0.1125,"gi_pvalue":0.161,"significance":"not_sig"}},{"type":"Feature","geometry":{"type":"Point","coordinates":[77.11765,12.39189]},"properties":{"cell_id":38974,"case_count":2,"gi_zscore":-0.1149,"gi_pvalue":0.067,"significance":"cold_90"}},{"type":"Feature","geometry":{"type":"Point","coordinates":[75.74118,12.4009]},"properties":{"cell_id":39248,"case_count":1,"gi_zscore":-0.1028,"gi_pvalue":0.38,"significance":"not_sig"}},{"type":"Feature","geometry":{"type":"Point","coordinates":[75.77647,12.4009]},"properties":{"cell_id":39251,"case_count":1,"gi_zscore":-0.1052,"gi_pvalue":0.454,"significance":"not_sig"}},{"type":"Feature","geometry":{"type":"Point","coordinates":[75.72941,12.40991]},"properties":{"cell_id":39638,"case_count":1,"gi_zscore":-0.1028,"gi_pvalue":0.38,"significance":"not_sig"}},{"type":"Feature","geometry":{"type":"Point","coordinates":[75.75294,12.40991]},"properties":{"cell_id":39640,"case_count":2,"gi_zscore":-0.1052,"gi_pvalue":0.455,"significance":"not_sig"}},{"type":"Feature","geometry":{"type":"Point","coordinates":[76.69412,12.40991]},"properties":{"cell_id":39720,"case_count":1,"gi_zscore":-0.1125,"gi_pvalue":0.162,"significance":"not_sig"}},{"type":"Feature","geometry":{"type":"Point","coordinates":[75.74118,12.41892]},"properties":{"cell_id":40030,"case_count":4,"gi_zscore":-0.1052,"gi_pvalue":0.287,"significance":"not_sig"}},{"type":"Feature","geometry":{"type":"Point","coordinates":[76.04706,12.41892]},"properties":{"cell_id":40056,"case_count":1,"gi_zscore":-0.1149,"gi_pvalue":0.067,"significance":"cold_90"}},{"type":"Feature","geometry":{"type":"Point","coordinates":[76.64706,12.41892]},"properties":{"cell_id":40107,"case_count":1,"gi_zscore":-0.1077,"gi_pvalue":0.455,"significance":"not_sig"}},{"type":"Feature","geometry":{"type":"Point","coordinates":[76.69412,12.41892]},"properties":{"cell_id":40111,"case_count":3,"gi_zscore":-0.1101,"gi_pvalue":0.163,"significance":"not_sig"}},{"type":"Feature","geometry":{"type":"Point","coordinates":[75.74118,12.42793]},"properties":{"cell_id":40421,"case_count":2,"gi_zscore":-0.1052,"gi_pvalue":0.455,"significance":"not_sig"}},{"type":"Feature","geometry":{"type":"Point","coordinates":[75.75294,12.42793]},"properties":{"cell_id":40422,"case_count":1,"gi_zscore":-0.1052,"gi_pvalue":0.453,"significance":"not_sig"}},{"type":"Feature","geometry":{"type":"Point","coordinates":[76.25882,12.42793]},"properties":{"cell_id":40465,"case_count":1,"gi_zscore":-0.1101,"gi_pvalue":0.312,"significance":"not_sig"}},{"type":"Feature","geometry":{"type":"Point","coordinates":[76.37647,12.42793]},"properties":{"cell_id":40475,"case_count":2,"gi_zscore":-0.1125,"gi_pvalue":0.069,"significance":"cold_90"}},{"type":"Feature","geometry":{"type":"Point","coordinates":[76.68235,12.42793]},"properties":{"cell_id":40501,"case_count":1,"gi_zscore":-0.1052,"gi_pvalue":0.5,"significance":"not_sig"}},{"type":"Feature","geometry":{"type":"Point","coordinates":[77.22353,12.42793]},"properties":{"cell_id":40547,"case_count":1,"gi_zscore":-0.1101,"gi_pvalue":0.312,"significance":"not_sig"}},{"type":"Feature","geometry":{"type":"Point","coordinates":[75.8,12.43694]},"properties":{"cell_id":40817,"case_count":1,"gi_zscore":-0.1052,"gi_pvalue":0.453,"significance":"not_sig"}},{"type":"Feature","geometry":{"type":"Point","coordinates":[75.92941,12.43694]},"properties":{"cell_id":40828,"case_count":1,"gi_zscore":-0.1149,"gi_pvalue":0.069,"significance":"cold_90"}},{"type":"Feature","geometry":{"type":"Point","coordinates":[76.29412,12.43694]},"properties":{"cell_id":40859,"case_count":1,"gi_zscore":-0.1101,"gi_pvalue":0.312,"significance":"not_sig"}},{"type":"Feature","geometry":{"type":"Point","coordinates":[76.37647,12.43694]},"properties":{"cell_id":40866,"case_count":1,"gi_zscore":-0.1125,"gi_pvalue":0.163,"significance":"not_sig"}},{"type":"Feature","geometry":{"type":"Point","coordinates":[76.38824,12.43694]},"properties":{"cell_id":40867,"case_count":2,"gi_zscore":-0.1125,"gi_pvalue":0.069,"significance":"cold_90"}},{"type":"Feature","geometry":{"type":"Point","coordinates":[75.91765,12.44595]},"properties":{"cell_id":41218,"case_count":1,"gi_zscore":-0.1173,"gi_pvalue":0.069,"significance":"cold_90"}},{"type":"Feature","geometry":{"type":"Point","coordinates":[75.92941,12.44595]},"properties":{"cell_id":41219,"case_count":1,"gi_zscore":-0.1149,"gi_pvalue":0.069,"significance":"cold_90"}},{"type":"Feature","geometry":{"type":"Point","coordinates":[75.94118,12.44595]},"properties":{"cell_id":41220,"case_count":1,"gi_zscore":-0.1149,"gi_pvalue":0.069,"significance":"cold_90"}},{"type":"Feature","geometry":{"type":"Point","coordinates":[75.97647,12.44595]},"properties":{"cell_id":41223,"case_count":1,"gi_zscore":-0.1149,"gi_pvalue":0.069,"significance":"cold_90"}},{"type":"Feature","geometry":{"type":"Point","coordinates":[76.38824,12.44595]},"properties":{"cell_id":41258,"case_count":1,"gi_zscore":-0.1125,"gi_pvalue":0.163,"significance":"not_sig"}},{"type":"Feature","geometry":{"type":"Point","coordinates":[75.95294,12.45495]},"properties":{"cell_id":41612,"case_count":1,"gi_zscore":-0.1149,"gi_pvalue":0.069,"significance":"cold_90"}},{"type":"Feature","geometry":{"type":"Point","coordinates":[75.96471,12.45495]},"properties":{"cell_id":41613,"case_count":2,"gi_zscore":-0.1149,"gi_pvalue":0.001,"significance":"cold_99"}},{"type":"Feature","geometry":{"type":"Point","coordinates":[76.30588,12.45495]},"properties":{"cell_id":41642,"case_count":1,"gi_zscore":-0.1125,"gi_pvalue":0.163,"significance":"not_sig"}},{"type":"Feature","geometry":{"type":"Point","coordinates":[77.12941,12.45495]},"properties":{"cell_id":41712,"case_count":1,"gi_zscore":-0.1101,"gi_pvalue":0.312,"significance":"not_sig"}},{"type":"Feature","geometry":{"type":"Point","coordinates":[77.14118,12.45495]},"properties":{"cell_id":41713,"case_count":1,"gi_zscore":-0.1101,"gi_pvalue":0.312,"significance":"not_sig"}},{"type":"Feature","geometry":{"type":"Point","coordinates":[77.45882,12.45495]},"properties":{"cell_id":41740,"case_count":2,"gi_zscore":-0.1028,"gi_pvalue":0.451,"significance":"not_sig"}},{"type":"Feature","geometry":{"type":"Point","coordinates":[77.57647,12.45495]},"properties":{"cell_id":41750,"case_count":1,"gi_zscore":-0.1028,"gi_pvalue":0.445,"significance":"not_sig"}},{"type":"Feature","geometry":{"type":"Point","coordinates":[75.94118,12.46396]},"properties":{"cell_id":42002,"case_count":1,"gi_zscore":-0.1125,"gi_pvalue":0.163,"significance":"not_sig"}},{"type":"Feature","geometry":{"type":"Point","coordinates":[75.96471,12.46396]},"properties":{"cell_id":42004,"case_count":1,"gi_zscore":-0.1125,"gi_pvalue":0.163,"significance":"not_sig"}},{"type":"Feature","geometry":{"type":"Point","coordinates":[76.10588,12.46396]},"properties":{"cell_id":42016,"case_count":1,"gi_zscore":-0.1149,"gi_pvalue":0.07,"significance":"cold_90"}},{"type":"Feature","geometry":{"type":"Point","coordinates":[76.32941,12.46396]},"properties":{"cell_id":42035,"case_count":1,"gi_zscore":-0.1125,"gi_pvalue":0.163,"significance":"not_sig"}},{"type":"Feature","geometry":{"type":"Point","coordinates":[76.38824,12.46396]},"properties":{"cell_id":42040,"case_count":1,"gi_zscore":-0.1125,"gi_pvalue":0.284,"significance":"not_sig"}},{"type":"Feature","geometry":{"type":"Point","coordinates":[75.77647,12.47297]},"properties":{"cell_id":42379,"case_count":1,"gi_zscore":-0.1052,"gi_pvalue":0.451,"significance":"not_sig"}},{"type":"Feature","geometry":{"type":"Point","coordinates":[75.96471,12.47297]},"properties":{"cell_id":42395,"case_count":1,"gi_zscore":-0.1125,"gi_pvalue":0.163,"significance":"not_sig"}},{"type":"Feature","geometry":{"type":"Point","coordinates":[76.4,12.47297]},"properties":{"cell_id":42432,"case_count":1,"gi_zscore":-0.1125,"gi_pvalue":0.284,"significance":"not_sig"}},{"type":"Feature","geometry":{"type":"Point","coordinates":[75.83529,12.48198]},"properties":{"cell_id":42775,"case_count":1,"gi_zscore":-0.1149,"gi_pvalue":0.07,"significance":"cold_90"}},{"type":"Feature","geometry":{"type":"Point","coordinates":[75.87059,12.48198]},"properties":{"cell_id":42778,"case_count":1,"gi_zscore":-0.1149,"gi_pvalue":0.07,"significance":"cold_90"}},{"type":"Feature","geometry":{"type":"Point","coordinates":[75.94118,12.48198]},"properties":{"cell_id":42784,"case_count":1,"gi_zscore":-0.1125,"gi_pvalue":0.163,"significance":"not_sig"}},{"type":"Feature","geometry":{"type":"Point","coordinates":[77.14118,12.48198]},"properties":{"cell_id":42886,"case_count":1,"gi_zscore":-0.1101,"gi_pvalue":0.312,"significance":"not_sig"}},{"type":"Feature","geometry":{"type":"Point","coordinates":[77.65882,12.48198]},"properties":{"cell_id":42930,"case_count":1,"gi_zscore":-0.1101,"gi_pvalue":0.312,"significance":"not_sig"}},{"type":"Feature","geometry":{"type":"Point","coordinates":[75.56471,12.49099]},"properties":{"cell_id":43143,"case_count":1,"gi_zscore":-0.1077,"gi_pvalue":0.456,"significance":"not_sig"}},{"type":"Feature","geometry":{"type":"Point","coordinates":[75.90588,12.49099]},"properties":{"cell_id":43172,"case_count":1,"gi_zscore":-0.1149,"gi_pvalue":0.07,"significance":"cold_90"}},{"type":"Feature","geometry":{"type":"Point","coordinates":[75.91765,12.49099]},"properties":{"cell_id":43173,"case_count":1,"gi_zscore":-0.1149,"gi_pvalue":0.07,"significance":"cold_90"}},{"type":"Feature","geometry":{"type":"Point","coordinates":[75.95294,12.49099]},"properties":{"cell_id":43176,"case_count":2,"gi_zscore":-0.1125,"gi_pvalue":0.07,"significance":"cold_90"}},{"type":"Feature","geometry":{"type":"Point","coordinates":[76.30588,12.49099]},"properties":{"cell_id":43206,"case_count":1,"gi_zscore":-0.1149,"gi_pvalue":0.07,"significance":"cold_90"}},{"type":"Feature","geometry":{"type":"Point","coordinates":[76.02353,12.5]},"properties":{"cell_id":43573,"case_count":1,"gi_zscore":-0.1125,"gi_pvalue":0.163,"significance":"not_sig"}},{"type":"Feature","geometry":{"type":"Point","coordinates":[76.27059,12.5]},"properties":{"cell_id":43594,"case_count":2,"gi_zscore":-0.1149,"gi_pvalue":0.001,"significance":"cold_99"}},{"type":"Feature","geometry":{"type":"Point","coordinates":[76.67059,12.5]},"properties":{"cell_id":43628,"case_count":3,"gi_zscore":-0.1077,"gi_pvalue":0.163,"significance":"not_sig"}},{"type":"Feature","geometry":{"type":"Point","coordinates":[77.36471,12.5]},"properties":{"cell_id":43687,"case_count":1,"gi_zscore":-0.1077,"gi_pvalue":0.389,"significance":"not_sig"}},{"type":"Feature","geometry":{"type":"Point","coordinates":[75.92941,12.50901]},"properties":{"cell_id":43956,"case_count":1,"gi_zscore":-0.1149,"gi_pvalue":0.07,"significance":"cold_90"}},{"type":"Feature","geometry":{"type":"Point","coordinates":[77.35294,12.50901]},"properties":{"cell_id":44077,"case_count":1,"gi_zscore":-0.1077,"gi_pvalue":0.389,"significance":"not_sig"}},{"type":"Feature","geometry":{"type":"Point","coordinates":[75.43529,12.51802]},"properties":{"cell_id":44305,"case_count":1,"gi_zscore":-0.1101,"gi_pvalue":0.313,"significance":"not_sig"}},{"type":"Feature","geometry":{"type":"Point","coordinates":[75.84706,12.51802]},"properties":{"cell_id":44340,"case_count":2,"gi_zscore":-0.1149,"gi_pvalue":0.001,"significance":"cold_99"}},{"type":"Feature","geometry":{"type":"Point","coordinates":[76.87059,12.51802]},"properties":{"cell_id":44427,"case_count":1,"gi_zscore":-0.1028,"gi_pvalue":0.41,"significance":"not_sig"}},{"type":"Feature","geometry":{"type":"Point","coordinates":[76.88235,12.51802]},"properties":{"cell_id":44428,"case_count":5,"gi_zscore":-0.1028,"gi_pvalue":0.161,"significance":"not_sig"}},{"type":"Feature","geometry":{"type":"Point","coordinates":[76.89412,12.51802]},"properties":{"cell_id":44429,"case_count":3,"gi_zscore":-0.1028,"gi_pvalue":0.459,"significance":"not_sig"}},{"type":"Feature","geometry":{"type":"Point","coordinates":[77.36471,12.51802]},"properties":{"cell_id":44469,"case_count":1,"gi_zscore":-0.1077,"gi_pvalue":0.389,"significance":"not_sig"}},{"type":"Feature","geometry":{"type":"Point","coordinates":[77.37647,12.51802]},"properties":{"cell_id":44470,"case_count":1,"gi_zscore":-0.1052,"gi_pvalue":0.481,"significance":"not_sig"}},{"type":"Feature","geometry":{"type":"Point","coordinates":[76.04706,12.52703]},"properties":{"cell_id":44748,"case_count":1,"gi_zscore":-0.1149,"gi_pvalue":0.07,"significance":"cold_90"}},{"type":"Feature","geometry":{"type":"Point","coordinates":[76.6,12.52703]},"properties":{"cell_id":44795,"case_count":1,"gi_zscore":-0.1077,"gi_pvalue":0.458,"significance":"not_sig"}},{"type":"Feature","geometry":{"type":"Point","coordinates":[76.67059,12.52703]},"properties":{"cell_id":44801,"case_count":1,"gi_zscore":-0.1077,"gi_pvalue":0.458,"significance":"not_sig"}},{"type":"Feature","geometry":{"type":"Point","coordinates":[76.90588,12.52703]},"properties":{"cell_id":44821,"case_count":1,"gi_zscore":-0.1028,"gi_pvalue":0.409,"significance":"not_sig"}},{"type":"Feature","geometry":{"type":"Point","coordinates":[76.91765,12.52703]},"properties":{"cell_id":44822,"case_count":1,"gi_zscore":-0.1028,"gi_pvalue":0.409,"significance":"not_sig"}},{"type":"Feature","geometry":{"type":"Point","coordinates":[77.35294,12.52703]},"properties":{"cell_id":44859,"case_count":3,"gi_zscore":-0.1077,"gi_pvalue":0.162,"significance":"not_sig"}},{"type":"Feature","geometry":{"type":"Point","coordinates":[77.36471,12.52703]},"properties":{"cell_id":44860,"case_count":3,"gi_zscore":-0.1077,"gi_pvalue":0.162,"significance":"not_sig"}},{"type":"Feature","geometry":{"type":"Point","coordinates":[77.35294,12.53604]},"properties":{"cell_id":45250,"case_count":1,"gi_zscore":-0.1077,"gi_pvalue":0.387,"significance":"not_sig"}},{"type":"Feature","geometry":{"type":"Point","coordinates":[75.84706,12.54505]},"properties":{"cell_id":45513,"case_count":1,"gi_zscore":-0.1101,"gi_pvalue":0.311,"significance":"not_sig"}},{"type":"Feature","geometry":{"type":"Point","coordinates":[76.88235,12.54505]},"properties":{"cell_id":45601,"case_count":1,"gi_zscore":-0.1028,"gi_pvalue":0.378,"significance":"not_sig"}},{"type":"Feature","geometry":{"type":"Point","coordinates":[76.89412,12.54505]},"properties":{"cell_id":45602,"case_count":1,"gi_zscore":-0.1028,"gi_pvalue":0.378,"significance":"not_sig"}},{"type":"Feature","geometry":{"type":"Point","coordinates":[77.25882,12.54505]},"properties":{"cell_id":45633,"case_count":1,"gi_zscore":-0.1004,"gi_pvalue":0.321,"significance":"not_sig"}},{"type":"Feature","geometry":{"type":"Point","coordinates":[77.28235,12.54505]},"properties":{"cell_id":45635,"case_count":2,"gi_zscore":-0.1004,"gi_pvalue":0.378,"significance":"not_sig"}},{"type":"Feature","geometry":{"type":"Point","coordinates":[77.36471,12.54505]},"properties":{"cell_id":45642,"case_count":1,"gi_zscore":-0.1077,"gi_pvalue":0.458,"significance":"not_sig"}},{"type":"Feature","geometry":{"type":"Point","coordinates":[77.42353,12.54505]},"properties":{"cell_id":45647,"case_count":3,"gi_zscore":-0.1052,"gi_pvalue":0.311,"significance":"not_sig"}},{"type":"Feature","geometry":{"type":"Point","coordinates":[76.25882,12.55405]},"properties":{"cell_id":45939,"case_count":1,"gi_zscore":-0.1101,"gi_pvalue":0.31,"significance":"not_sig"}},{"type":"Feature","geometry":{"type":"Point","coordinates":[77.28235,12.55405]},"properties":{"cell_id":46026,"case_count":2,"gi_zscore":-0.1004,"gi_pvalue":0.377,"significance":"not_sig"}},{"type":"Feature","geometry":{"type":"Point","coordinates":[77.29412,12.55405]},"properties":{"cell_id":46027,"case_count":1,"gi_zscore":-0.1004,"gi_pvalue":0.32,"significance":"not_sig"}},{"type":"Feature","geometry":{"type":"Point","coordinates":[77.41176,12.55405]},"properties":{"cell_id":46037,"case_count":2,"gi_zscore":-0.1004,"gi_pvalue":0.377,"significance":"not_sig"}},{"type":"Feature","geometry":{"type":"Point","coordinates":[77.42353,12.55405]},"properties":{"cell_id":46038,"case_count":1,"gi_zscore":-0.1052,"gi_pvalue":0.496,"significance":"not_sig"}},{"type":"Feature","geometry":{"type":"Point","coordinates":[75.38824,12.56306]},"properties":{"cell_id":46256,"case_count":1,"gi_zscore":-0.1173,"gi_pvalue":0.071,"significance":"cold_90"}},{"type":"Feature","geometry":{"type":"Point","coordinates":[75.85882,12.56306]},"properties":{"cell_id":46296,"case_count":1,"gi_zscore":-0.1101,"gi_pvalue":0.309,"significance":"not_sig"}},{"type":"Feature","geometry":{"type":"Point","coordinates":[76.25882,12.56306]},"properties":{"cell_id":46330,"case_count":1,"gi_zscore":-0.1101,"gi_pvalue":0.309,"significance":"not_sig"}},{"type":"Feature","geometry":{"type":"Point","coordinates":[76.27059,12.56306]},"properties":{"cell_id":46331,"case_count":1,"gi_zscore":-0.1101,"gi_pvalue":0.309,"significance":"not_sig"}},{"type":"Feature","geometry":{"type":"Point","coordinates":[77.34118,12.56306]},"properties":{"cell_id":46422,"case_count":1,"gi_zscore":-0.0884,"gi_pvalue":0.197,"significance":"not_sig"}},{"type":"Feature","geometry":{"type":"Point","coordinates":[77.44706,12.56306]},"properties":{"cell_id":46431,"case_count":3,"gi_zscore":-0.1052,"gi_pvalue":0.309,"significance":"not_sig"}},{"type":"Feature","geometry":{"type":"Point","coordinates":[75.81176,12.57207]},"properties":{"cell_id":46683,"case_count":1,"gi_zscore":-0.1101,"gi_pvalue":0.309,"significance":"not_sig"}},{"type":"Feature","geometry":{"type":"Point","coordinates":[77.14118,12.57207]},"properties":{"cell_id":46796,"case_count":1,"gi_zscore":-0.0256,"gi_pvalue":0.104,"significance":"not_sig"}},{"type":"Feature","geometry":{"type":"Point","coordinates":[77.29412,12.57207]},"properties":{"cell_id":46809,"case_count":1,"gi_zscore":-0.0884,"gi_pvalue":0.197,"significance":"not_sig"}},{"type":"Feature","geometry":{"type":"Point","coordinates":[77.31765,12.57207]},"properties":{"cell_id":46811,"case_count":4,"gi_zscore":-0.0956,"gi_pvalue":0.407,"significance":"not_sig"}},{"type":"Feature","geometry":{"type":"Point","coordinates":[77.32941,12.57207]},"properties":{"cell_id":46812,"case_count":6,"gi_zscore":-0.0884,"gi_pvalue":0.374,"significance":"not_sig"}},{"type":"Feature","geometry":{"type":"Point","coordinates":[77.34118,12.57207]},"properties":{"cell_id":46813,"case_count":1,"gi_zscore":-0.0884,"gi_pvalue":0.197,"significance":"not_sig"}},{"type":"Feature","geometry":{"type":"Point","coordinates":[77.38824,12.57207]},"properties":{"cell_id":46817,"case_count":1,"gi_zscore":-0.1028,"gi_pvalue":0.409,"significance":"not_sig"}},{"type":"Feature","geometry":{"type":"Point","coordinates":[77.4,12.57207]},"properties":{"cell_id":46818,"case_count":1,"gi_zscore":-0.0932,"gi_pvalue":0.249,"significance":"not_sig"}},{"type":"Feature","geometry":{"type":"Point","coordinates":[77.57647,12.57207]},"properties":{"cell_id":46833,"case_count":1,"gi_zscore":-0.1101,"gi_pvalue":0.309,"significance":"not_sig"}},{"type":"Feature","geometry":{"type":"Point","coordinates":[77.31765,12.58108]},"properties":{"cell_id":47202,"case_count":2,"gi_zscore":-0.0932,"gi_pvalue":0.249,"significance":"not_sig"}},{"type":"Feature","geometry":{"type":"Point","coordinates":[75.83529,12.59009]},"properties":{"cell_id":47467,"case_count":1,"gi_zscore":-0.1101,"gi_pvalue":0.309,"significance":"not_sig"}},{"type":"Feature","geometry":{"type":"Point","coordinates":[75.88235,12.59009]},"properties":{"cell_id":47471,"case_count":2,"gi_zscore":-0.1125,"gi_pvalue":0.072,"significance":"cold_90"}},{"type":"Feature","geometry":{"type":"Point","coordinates":[76.35294,12.59009]},"properties":{"cell_id":47511,"case_count":3,"gi_zscore":-0.1101,"gi_pvalue":0.166,"significance":"not_sig"}},{"type":"Feature","geometry":{"type":"Point","coordinates":[77.28235,12.59009]},"properties":{"cell_id":47590,"case_count":1,"gi_zscore":-0.1004,"gi_pvalue":0.321,"significance":"not_sig"}},{"type":"Feature","geometry":{"type":"Point","coordinates":[77.29412,12.59009]},"properties":{"cell_id":47591,"case_count":2,"gi_zscore":-0.1028,"gi_pvalue":0.45,"significance":"not_sig"}},{"type":"Feature","geometry":{"type":"Point","coordinates":[77.32941,12.59009]},"properties":{"cell_id":47594,"case_count":1,"gi_zscore":-0.0884,"gi_pvalue":0.197,"significance":"not_sig"}},{"type":"Feature","geometry":{"type":"Point","coordinates":[77.34118,12.59009]},"properties":{"cell_id":47595,"case_count":1,"gi_zscore":-0.0884,"gi_pvalue":0.197,"significance":"not_sig"}},{"type":"Feature","geometry":{"type":"Point","coordinates":[77.35294,12.59009]},"properties":{"cell_id":47596,"case_count":4,"gi_zscore":-0.0884,"gi_pvalue":0.276,"significance":"not_sig"}},{"type":"Feature","geometry":{"type":"Point","coordinates":[77.45882,12.59009]},"properties":{"cell_id":47605,"case_count":1,"gi_zscore":-0.1052,"gi_pvalue":0.45,"significance":"not_sig"}},{"type":"Feature","geometry":{"type":"Point","coordinates":[77.56471,12.59009]},"properties":{"cell_id":47614,"case_count":1,"gi_zscore":-0.1101,"gi_pvalue":0.311,"significance":"not_sig"}},{"type":"Feature","geometry":{"type":"Point","coordinates":[77.58824,12.59009]},"properties":{"cell_id":47616,"case_count":2,"gi_zscore":-0.1149,"gi_pvalue":0.001,"significance":"cold_99"}},{"type":"Feature","geometry":{"type":"Point","coordinates":[75.84706,12.5991]},"properties":{"cell_id":47859,"case_count":2,"gi_zscore":-0.1125,"gi_pvalue":0.071,"significance":"cold_90"}},{"type":"Feature","geometry":{"type":"Point","coordinates":[75.85882,12.5991]},"properties":{"cell_id":47860,"case_count":1,"gi_zscore":-0.1125,"gi_pvalue":0.165,"significance":"not_sig"}},{"type":"Feature","geometry":{"type":"Point","coordinates":[75.89412,12.5991]},"properties":{"cell_id":47863,"case_count":1,"gi_zscore":-0.1125,"gi_pvalue":0.165,"significance":"not_sig"}},{"type":"Feature","geometry":{"type":"Point","coordinates":[77.31765,12.5991]},"properties":{"cell_id":47984,"case_count":1,"gi_zscore":-0.0932,"gi_pvalue":0.218,"significance":"not_sig"}},{"type":"Feature","geometry":{"type":"Point","coordinates":[76.08235,12.60811]},"properties":{"cell_id":48270,"case_count":1,"gi_zscore":-0.1173,"gi_pvalue":0.071,"significance":"cold_90"}},{"type":"Feature","geometry":{"type":"Point","coordinates":[76.25882,12.60811]},"properties":{"cell_id":48285,"case_count":1,"gi_zscore":-0.1101,"gi_pvalue":0.311,"significance":"not_sig"}},{"type":"Feature","geometry":{"type":"Point","coordinates":[76.04706,12.62613]},"properties":{"cell_id":49049,"case_count":1,"gi_zscore":-0.1173,"gi_pvalue":0.071,"significance":"cold_90"}},{"type":"Feature","geometry":{"type":"Point","coordinates":[77.18824,12.64414]},"properties":{"cell_id":49928,"case_count":2,"gi_zscore":-0.0256,"gi_pvalue":0.105,"significance":"not_sig"}},{"type":"Feature","geometry":{"type":"Point","coordinates":[77.2,12.64414]},"properties":{"cell_id":49929,"case_count":6,"gi_zscore":-0.0256,"gi_pvalue":0.107,"significance":"not_sig"}},{"type":"Feature","geometry":{"type":"Point","coordinates":[77.21176,12.64414]},"properties":{"cell_id":49930,"case_count":3,"gi_zscore":-0.0256,"gi_pvalue":0.106,"significance":"not_sig"}},{"type":"Feature","geometry":{"type":"Point","coordinates":[75.88235,12.65315]},"properties":{"cell_id":50208,"case_count":1,"gi_zscore":-0.1125,"gi_pvalue":0.165,"significance":"not_sig"}},{"type":"Feature","geometry":{"type":"Point","coordinates":[77.18824,12.65315]},"properties":{"cell_id":50319,"case_count":5,"gi_zscore":-0.0256,"gi_pvalue":0.107,"significance":"not_sig"}},{"type":"Feature","geometry":{"type":"Point","coordinates":[77.2,12.65315]},"properties":{"cell_id":50320,"case_count":13,"gi_zscore":-0.0256,"gi_pvalue":0.115,"significance":"not_sig"}},{"type":"Feature","geometry":{"type":"Point","coordinates":[77.21176,12.65315]},"properties":{"cell_id":50321,"case_count":10,"gi_zscore":-0.0184,"gi_pvalue":0.108,"significance":"not_sig"}},{"type":"Feature","geometry":{"type":"Point","coordinates":[77.64706,12.65315]},"properties":{"cell_id":50358,"case_count":1,"gi_zscore":-0.1052,"gi_pvalue":0.5,"significance":"not_sig"}},{"type":"Feature","geometry":{"type":"Point","coordinates":[77.65882,12.65315]},"properties":{"cell_id":50359,"case_count":1,"gi_zscore":-0.1077,"gi_pvalue":0.454,"significance":"not_sig"}},{"type":"Feature","geometry":{"type":"Point","coordinates":[75.37647,12.66216]},"properties":{"cell_id":50556,"case_count":1,"gi_zscore":-0.1173,"gi_pvalue":0.072,"significance":"cold_90"}},{"type":"Feature","geometry":{"type":"Point","coordinates":[75.61176,12.66216]},"properties":{"cell_id":50576,"case_count":3,"gi_zscore":-0.1101,"gi_pvalue":0.167,"significance":"not_sig"}},{"type":"Feature","geometry":{"type":"Point","coordinates":[75.77647,12.66216]},"properties":{"cell_id":50590,"case_count":1,"gi_zscore":-0.1125,"gi_pvalue":0.167,"significance":"not_sig"}},{"type":"Feature","geometry":{"type":"Point","coordinates":[76.49412,12.66216]},"properties":{"cell_id":50651,"case_count":1,"gi_zscore":-0.1125,"gi_pvalue":0.167,"significance":"not_sig"}},{"type":"Feature","geometry":{"type":"Point","coordinates":[76.64706,12.66216]},"properties":{"cell_id":50664,"case_count":1,"gi_zscore":-0.1125,"gi_pvalue":0.283,"significance":"not_sig"}},{"type":"Feature","geometry":{"type":"Point","coordinates":[76.67059,12.66216]},"properties":{"cell_id":50666,"case_count":1,"gi_zscore":-0.1125,"gi_pvalue":0.283,"significance":"not_sig"}},{"type":"Feature","geometry":{"type":"Point","coordinates":[77.21176,12.66216]},"properties":{"cell_id":50712,"case_count":6,"gi_zscore":-0.0184,"gi_pvalue":0.106,"significance":"not_sig"}},{"type":"Feature","geometry":{"type":"Point","coordinates":[77.44706,12.66216]},"properties":{"cell_id":50732,"case_count":1,"gi_zscore":-0.1028,"gi_pvalue":0.408,"significance":"not_sig"}},{"type":"Feature","geometry":{"type":"Point","coordinates":[75.56471,12.67117]},"properties":{"cell_id":50963,"case_count":1,"gi_zscore":-0.1101,"gi_pvalue":0.312,"significance":"not_sig"}},{"type":"Feature","geometry":{"type":"Point","coordinates":[75.6,12.67117]},"properties":{"cell_id":50966,"case_count":1,"gi_zscore":-0.1101,"gi_pvalue":0.312,"significance":"not_sig"}},{"type":"Feature","geometry":{"type":"Point","coordinates":[75.61176,12.67117]},"properties":{"cell_id":50967,"case_count":2,"gi_zscore":-0.1101,"gi_pvalue":0.168,"significance":"not_sig"}},{"type":"Feature","geometry":{"type":"Point","coordinates":[77.22353,12.67117]},"properties":{"cell_id":51104,"case_count":1,"gi_zscore":-0.0184,"gi_pvalue":0.104,"significance":"not_sig"}},{"type":"Feature","geometry":{"type":"Point","coordinates":[77.47059,12.68018]},"properties":{"cell_id":51516,"case_count":1,"gi_zscore":-0.1101,"gi_pvalue":0.312,"significance":"not_sig"}},{"type":"Feature","geometry":{"type":"Point","coordinates":[75.90588,12.6982]},"properties":{"cell_id":52165,"case_count":1,"gi_zscore":-0.1125,"gi_pvalue":0.283,"significance":"not_sig"}},{"type":"Feature","geometry":{"type":"Point","coordinates":[77.69412,12.6982]},"properties":{"cell_id":52317,"case_count":2,"gi_zscore":-0.1077,"gi_pvalue":0.313,"significance":"not_sig"}},{"type":"Feature","geometry":{"type":"Point","coordinates":[76.81176,12.70721]},"properties":{"cell_id":52633,"case_count":1,"gi_zscore":-0.1077,"gi_pvalue":0.478,"significance":"not_sig"}},{"type":"Feature","geometry":{"type":"Point","coordinates":[76.82353,12.70721]},"properties":{"cell_id":52634,"case_count":1,"gi_zscore":-0.1077,"gi_pvalue":0.478,"significance":"not_sig"}},{"type":"Feature","geometry":{"type":"Point","coordinates":[77.64706,12.70721]},"properties":{"cell_id":52704,"case_count":1,"gi_zscore":-0.1077,"gi_pvalue":0.455,"significance":"not_sig"}},{"type":"Feature","geometry":{"type":"Point","coordinates":[77.69412,12.70721]},"properties":{"cell_id":52708,"case_count":4,"gi_zscore":-0.1077,"gi_pvalue":0.169,"significance":"not_sig"}},{"type":"Feature","geometry":{"type":"Point","coordinates":[75.16471,12.71622]},"properties":{"cell_id":52884,"case_count":1,"gi_zscore":-0.1125,"gi_pvalue":0.168,"significance":"not_sig"}},{"type":"Feature","geometry":{"type":"Point","coordinates":[77.28235,12.71622]},"properties":{"cell_id":53064,"case_count":1,"gi_zscore":-0.0691,"gi_pvalue":0.125,"significance":"not_sig"}},{"type":"Feature","geometry":{"type":"Point","coordinates":[77.63529,12.71622]},"properties":{"cell_id":53094,"case_count":1,"gi_zscore":-0.1101,"gi_pvalue":0.391,"significance":"not_sig"}},{"type":"Feature","geometry":{"type":"Point","coordinates":[77.70588,12.71622]},"properties":{"cell_id":53100,"case_count":1,"gi_zscore":-0.1077,"gi_pvalue":0.456,"significance":"not_sig"}},{"type":"Feature","geometry":{"type":"Point","coordinates":[77.27059,12.72523]},"properties":{"cell_id":53454,"case_count":4,"gi_zscore":-0.0691,"gi_pvalue":0.141,"significance":"not_sig"}},{"type":"Feature","geometry":{"type":"Point","coordinates":[77.65882,12.72523]},"properties":{"cell_id":53487,"case_count":1,"gi_zscore":-0.1077,"gi_pvalue":0.456,"significance":"not_sig"}},{"type":"Feature","geometry":{"type":"Point","coordinates":[77.70588,12.72523]},"properties":{"cell_id":53491,"case_count":1,"gi_zscore":-0.1077,"gi_pvalue":0.456,"significance":"not_sig"}},{"type":"Feature","geometry":{"type":"Point","coordinates":[75.22353,12.73423]},"properties":{"cell_id":53671,"case_count":1,"gi_zscore":-0.1125,"gi_pvalue":0.166,"significance":"not_sig"}},{"type":"Feature","geometry":{"type":"Point","coordinates":[75.89412,12.73423]},"properties":{"cell_id":53728,"case_count":1,"gi_zscore":-0.1173,"gi_pvalue":0.073,"significance":"cold_90"}},{"type":"Feature","geometry":{"type":"Point","coordinates":[76.11765,12.73423]},"properties":{"cell_id":53747,"case_count":1,"gi_zscore":-0.1173,"gi_pvalue":0.073,"significance":"cold_90"}},{"type":"Feature","geometry":{"type":"Point","coordinates":[77.27059,12.73423]},"properties":{"cell_id":53845,"case_count":2,"gi_zscore":-0.0449,"gi_pvalue":0.109,"significance":"not_sig"}},{"type":"Feature","geometry":{"type":"Point","coordinates":[77.29412,12.73423]},"properties":{"cell_id":53847,"case_count":1,"gi_zscore":-0.0739,"gi_pvalue":0.13,"significance":"not_sig"}},{"type":"Feature","geometry":{"type":"Point","coordinates":[77.67059,12.73423]},"properties":{"cell_id":53879,"case_count":1,"gi_zscore":-0.1101,"gi_pvalue":0.391,"significance":"not_sig"}},{"type":"Feature","geometry":{"type":"Point","coordinates":[77.72941,12.73423]},"properties":{"cell_id":53884,"case_count":1,"gi_zscore":-0.1101,"gi_pvalue":0.391,"significance":"not_sig"}},{"type":"Feature","geometry":{"type":"Point","coordinates":[75.22353,12.74324]},"properties":{"cell_id":54062,"case_count":1,"gi_zscore":-0.1125,"gi_pvalue":0.166,"significance":"not_sig"}},{"type":"Feature","geometry":{"type":"Point","coordinates":[76.07059,12.74324]},"properties":{"cell_id":54134,"case_count":1,"gi_zscore":-0.1173,"gi_pvalue":0.072,"significance":"cold_90"}},{"type":"Feature","geometry":{"type":"Point","coordinates":[75.22353,12.75225]},"properties":{"cell_id":54453,"case_count":1,"gi_zscore":-0.1125,"gi_pvalue":0.166,"significance":"not_sig"}},{"type":"Feature","geometry":{"type":"Point","coordinates":[75.87059,12.75225]},"properties":{"cell_id":54508,"case_count":1,"gi_zscore":-0.1149,"gi_pvalue":0.166,"significance":"not_sig"}},{"type":"Feature","geometry":{"type":"Point","coordinates":[77.65882,12.75225]},"properties":{"cell_id":54660,"case_count":1,"gi_zscore":-0.1077,"gi_pvalue":0.456,"significance":"not_sig"}},{"type":"Feature","geometry":{"type":"Point","coordinates":[77.77647,12.75225]},"properties":{"cell_id":54670,"case_count":1,"gi_zscore":-0.1052,"gi_pvalue":0.495,"significance":"not_sig"}},{"type":"Feature","geometry":{"type":"Point","coordinates":[77.78824,12.75225]},"properties":{"cell_id":54671,"case_count":2,"gi_zscore":-0.1052,"gi_pvalue":0.456,"significance":"not_sig"}},{"type":"Feature","geometry":{"type":"Point","coordinates":[74.87059,12.76126]},"properties":{"cell_id":54814,"case_count":1,"gi_zscore":-0.1101,"gi_pvalue":0.313,"significance":"not_sig"}},{"type":"Feature","geometry":{"type":"Point","coordinates":[75.09412,12.76126]},"properties":{"cell_id":54833,"case_count":1,"gi_zscore":-0.1149,"gi_pvalue":0.072,"significance":"cold_90"}},{"type":"Feature","geometry":{"type":"Point","coordinates":[75.10588,12.76126]},"properties":{"cell_id":54834,"case_count":1,"gi_zscore":-0.1149,"gi_pvalue":0.072,"significance":"cold_90"}},{"type":"Feature","geometry":{"type":"Point","coordinates":[75.2,12.76126]},"properties":{"cell_id":54842,"case_count":3,"gi_zscore":-0.1125,"gi_pvalue":0.072,"significance":"cold_90"}},{"type":"Feature","geometry":{"type":"Point","coordinates":[75.23529,12.76126]},"properties":{"cell_id":54845,"case_count":1,"gi_zscore":-0.1125,"gi_pvalue":0.164,"significance":"not_sig"}},{"type":"Feature","geometry":{"type":"Point","coordinates":[75.24706,12.76126]},"properties":{"cell_id":54846,"case_count":1,"gi_zscore":-0.1125,"gi_pvalue":0.164,"significance":"not_sig"}},{"type":"Feature","geometry":{"type":"Point","coordinates":[76.02353,12.76126]},"properties":{"cell_id":54912,"case_count":1,"gi_zscore":-0.1173,"gi_pvalue":0.072,"significance":"cold_90"}},{"type":"Feature","geometry":{"type":"Point","coordinates":[77.65882,12.76126]},"properties":{"cell_id":55051,"case_count":1,"gi_zscore":-0.1052,"gi_pvalue":0.448,"significance":"not_sig"}},{"type":"Feature","geometry":{"type":"Point","coordinates":[77.70588,12.76126]},"properties":{"cell_id":55055,"case_count":1,"gi_zscore":-0.1125,"gi_pvalue":0.164,"significance":"not_sig"}},{"type":"Feature","geometry":{"type":"Point","coordinates":[76.05882,12.77027]},"properties":{"cell_id":55306,"case_count":1,"gi_zscore":-0.1173,"gi_pvalue":0.072,"significance":"cold_90"}},{"type":"Feature","geometry":{"type":"Point","coordinates":[76.11765,12.77027]},"properties":{"cell_id":55311,"case_count":1,"gi_zscore":-0.1173,"gi_pvalue":0.072,"significance":"cold_90"}},{"type":"Feature","geometry":{"type":"Point","coordinates":[77.50588,12.77027]},"properties":{"cell_id":55429,"case_count":1,"gi_zscore":-0.1125,"gi_pvalue":0.164,"significance":"not_sig"}},{"type":"Feature","geometry":{"type":"Point","coordinates":[77.61176,12.77027]},"properties":{"cell_id":55438,"case_count":1,"gi_zscore":-0.1052,"gi_pvalue":0.48,"significance":"not_sig"}},{"type":"Feature","geometry":{"type":"Point","coordinates":[77.63529,12.77027]},"properties":{"cell_id":55440,"case_count":1,"gi_zscore":-0.1052,"gi_pvalue":0.448,"significance":"not_sig"}},{"type":"Feature","geometry":{"type":"Point","coordinates":[77.70588,12.77027]},"properties":{"cell_id":55446,"case_count":1,"gi_zscore":-0.1077,"gi_pvalue":0.39,"significance":"not_sig"}},{"type":"Feature","geometry":{"type":"Point","coordinates":[77.74118,12.77027]},"properties":{"cell_id":55449,"case_count":1,"gi_zscore":-0.1101,"gi_pvalue":0.312,"significance":"not_sig"}},{"type":"Feature","geometry":{"type":"Point","coordinates":[77.75294,12.77027]},"properties":{"cell_id":55450,"case_count":1,"gi_zscore":-0.1052,"gi_pvalue":0.448,"significance":"not_sig"}},{"type":"Feature","geometry":{"type":"Point","coordinates":[75.11765,12.77928]},"properties":{"cell_id":55617,"case_count":1,"gi_zscore":-0.1101,"gi_pvalue":0.312,"significance":"not_sig"}},{"type":"Feature","geometry":{"type":"Point","coordinates":[75.12941,12.77928]},"properties":{"cell_id":55618,"case_count":1,"gi_zscore":-0.1101,"gi_pvalue":0.312,"significance":"not_sig"}},{"type":"Feature","geometry":{"type":"Point","coordinates":[76.24706,12.77928]},"properties":{"cell_id":55713,"case_count":1,"gi_zscore":-0.1173,"gi_pvalue":0.072,"significance":"cold_90"}},{"type":"Feature","geometry":{"type":"Point","coordinates":[77.64706,12.77928]},"properties":{"cell_id":55832,"case_count":4,"gi_zscore":-0.1052,"gi_pvalue":0.284,"significance":"not_sig"}},{"type":"Feature","geometry":{"type":"Point","coordinates":[77.76471,12.77928]},"properties":{"cell_id":55842,"case_count":1,"gi_zscore":-0.1052,"gi_pvalue":0.447,"significance":"not_sig"}},{"type":"Feature","geometry":{"type":"Point","coordinates":[77.77647,12.77928]},"properties":{"cell_id":55843,"case_count":2,"gi_zscore":-0.1052,"gi_pvalue":0.455,"significance":"not_sig"}},{"type":"Feature","geometry":{"type":"Point","coordinates":[76.49412,12.78829]},"properties":{"cell_id":56125,"case_count":1,"gi_zscore":-0.1125,"gi_pvalue":0.165,"significance":"not_sig"}},{"type":"Feature","geometry":{"type":"Point","coordinates":[77.14118,12.78829]},"properties":{"cell_id":56180,"case_count":1,"gi_zscore":-0.1052,"gi_pvalue":0.447,"significance":"not_sig"}},{"type":"Feature","geometry":{"type":"Point","coordinates":[77.25882,12.78829]},"properties":{"cell_id":56190,"case_count":1,"gi_zscore":-0.1052,"gi_pvalue":0.447,"significance":"not_sig"}},{"type":"Feature","geometry":{"type":"Point","coordinates":[77.63529,12.78829]},"properties":{"cell_id":56222,"case_count":2,"gi_zscore":-0.1052,"gi_pvalue":0.457,"significance":"not_sig"}},{"type":"Feature","geometry":{"type":"Point","coordinates":[77.70588,12.78829]},"properties":{"cell_id":56228,"case_count":1,"gi_zscore":-0.1077,"gi_pvalue":0.393,"significance":"not_sig"}},{"type":"Feature","geometry":{"type":"Point","coordinates":[77.74118,12.78829]},"properties":{"cell_id":56231,"case_count":4,"gi_zscore":-0.1101,"gi_pvalue":0.073,"significance":"cold_90"}},{"type":"Feature","geometry":{"type":"Point","coordinates":[77.75294,12.78829]},"properties":{"cell_id":56232,"case_count":1,"gi_zscore":-0.1077,"gi_pvalue":0.459,"significance":"not_sig"}},{"type":"Feature","geometry":{"type":"Point","coordinates":[74.87059,12.7973]},"properties":{"cell_id":56378,"case_count":1,"gi_zscore":-0.1077,"gi_pvalue":0.459,"significance":"not_sig"}},{"type":"Feature","geometry":{"type":"Point","coordinates":[74.92941,12.7973]},"properties":{"cell_id":56383,"case_count":1,"gi_zscore":-0.1125,"gi_pvalue":0.163,"significance":"not_sig"}},{"type":"Feature","geometry":{"type":"Point","coordinates":[75.02353,12.7973]},"properties":{"cell_id":56391,"case_count":1,"gi_zscore":-0.1004,"gi_pvalue":0.376,"significance":"not_sig"}},{"type":"Feature","geometry":{"type":"Point","coordinates":[75.88235,12.7973]},"properties":{"cell_id":56464,"case_count":1,"gi_zscore":-0.1173,"gi_pvalue":0.072,"significance":"cold_90"}},{"type":"Feature","geometry":{"type":"Point","coordinates":[77.38824,12.7973]},"properties":{"cell_id":56592,"case_count":1,"gi_zscore":-0.1125,"gi_pvalue":0.163,"significance":"not_sig"}},{"type":"Feature","geometry":{"type":"Point","coordinates":[77.48235,12.7973]},"properties":{"cell_id":56600,"case_count":2,"gi_zscore":-0.1149,"gi_pvalue":0.073,"significance":"cold_90"}},{"type":"Feature","geometry":{"type":"Point","coordinates":[77.58824,12.7973]},"properties":{"cell_id":56609,"case_count":1,"gi_zscore":-0.1125,"gi_pvalue":0.162,"significance":"not_sig"}},{"type":"Feature","geometry":{"type":"Point","coordinates":[77.62353,12.7973]},"properties":{"cell_id":56612,"case_count":2,"gi_zscore":-0.1052,"gi_pvalue":0.46,"significance":"not_sig"}},{"type":"Feature","geometry":{"type":"Point","coordinates":[77.67059,12.7973]},"properties":{"cell_id":56616,"case_count":1,"gi_zscore":-0.0835,"gi_pvalue":0.158,"significance":"not_sig"}},{"type":"Feature","geometry":{"type":"Point","coordinates":[77.68235,12.7973]},"properties":{"cell_id":56617,"case_count":2,"gi_zscore":-0.0932,"gi_pvalue":0.273,"significance":"not_sig"}},{"type":"Feature","geometry":{"type":"Point","coordinates":[77.70588,12.7973]},"properties":{"cell_id":56619,"case_count":2,"gi_zscore":-0.1052,"gi_pvalue":0.46,"significance":"not_sig"}},{"type":"Feature","geometry":{"type":"Point","coordinates":[77.71765,12.7973]},"properties":{"cell_id":56620,"case_count":1,"gi_zscore":-0.1028,"gi_pvalue":0.403,"significance":"not_sig"}},{"type":"Feature","geometry":{"type":"Point","coordinates":[77.75294,12.7973]},"properties":{"cell_id":56623,"case_count":1,"gi_zscore":-0.1077,"gi_pvalue":0.459,"significance":"not_sig"}},{"type":"Feature","geometry":{"type":"Point","coordinates":[74.84706,12.80631]},"properties":{"cell_id":56767,"case_count":1,"gi_zscore":-0.1101,"gi_pvalue":0.312,"significance":"not_sig"}},{"type":"Feature","geometry":{"type":"Point","coordinates":[74.85882,12.80631]},"properties":{"cell_id":56768,"case_count":2,"gi_zscore":-0.1101,"gi_pvalue":0.162,"significance":"not_sig"}},{"type":"Feature","geometry":{"type":"Point","coordinates":[74.87059,12.80631]},"properties":{"cell_id":56769,"case_count":1,"gi_zscore":-0.1077,"gi_pvalue":0.459,"significance":"not_sig"}},{"type":"Feature","geometry":{"type":"Point","coordinates":[74.89412,12.80631]},"properties":{"cell_id":56771,"case_count":2,"gi_zscore":-0.1101,"gi_pvalue":0.163,"significance":"not_sig"}},{"type":"Feature","geometry":{"type":"Point","coordinates":[74.91765,12.80631]},"properties":{"cell_id":56773,"case_count":1,"gi_zscore":-0.1101,"gi_pvalue":0.313,"significance":"not_sig"}},{"type":"Feature","geometry":{"type":"Point","coordinates":[77.0,12.80631]},"properties":{"cell_id":56950,"case_count":1,"gi_zscore":-0.1149,"gi_pvalue":0.071,"significance":"cold_90"}},{"type":"Feature","geometry":{"type":"Point","coordinates":[77.38824,12.80631]},"properties":{"cell_id":56983,"case_count":2,"gi_zscore":-0.1125,"gi_pvalue":0.071,"significance":"cold_90"}},{"type":"Feature","geometry":{"type":"Point","coordinates":[77.55294,12.80631]},"properties":{"cell_id":56997,"case_count":1,"gi_zscore":-0.1077,"gi_pvalue":0.394,"significance":"not_sig"}},{"type":"Feature","geometry":{"type":"Point","coordinates":[77.56471,12.80631]},"properties":{"cell_id":56998,"case_count":1,"gi_zscore":-0.1077,"gi_pvalue":0.394,"significance":"not_sig"}},{"type":"Feature","geometry":{"type":"Point","coordinates":[77.61176,12.80631]},"properties":{"cell_id":57002,"case_count":1,"gi_zscore":-0.1101,"gi_pvalue":0.311,"significance":"not_sig"}},{"type":"Feature","geometry":{"type":"Point","coordinates":[77.62353,12.80631]},"properties":{"cell_id":57003,"case_count":1,"gi_zscore":-0.1028,"gi_pvalue":0.44,"significance":"not_sig"}},{"type":"Feature","geometry":{"type":"Point","coordinates":[77.69412,12.80631]},"properties":{"cell_id":57009,"case_count":1,"gi_zscore":-0.0932,"gi_pvalue":0.238,"significance":"not_sig"}},{"type":"Feature","geometry":{"type":"Point","coordinates":[77.70588,12.80631]},"properties":{"cell_id":57010,"case_count":3,"gi_zscore":-0.1077,"gi_pvalue":0.281,"significance":"not_sig"}},{"type":"Feature","geometry":{"type":"Point","coordinates":[77.71765,12.80631]},"properties":{"cell_id":57011,"case_count":1,"gi_zscore":-0.1077,"gi_pvalue":0.459,"significance":"not_sig"}},{"type":"Feature","geometry":{"type":"Point","coordinates":[77.72941,12.80631]},"properties":{"cell_id":57012,"case_count":1,"gi_zscore":-0.1028,"gi_pvalue":0.404,"significance":"not_sig"}},{"type":"Feature","geometry":{"type":"Point","coordinates":[74.84706,12.81532]},"properties":{"cell_id":57158,"case_count":1,"gi_zscore":-0.1101,"gi_pvalue":0.31,"significance":"not_sig"}},{"type":"Feature","geometry":{"type":"Point","coordinates":[74.85882,12.81532]},"properties":{"cell_id":57159,"case_count":2,"gi_zscore":-0.1101,"gi_pvalue":0.162,"significance":"not_sig"}},{"type":"Feature","geometry":{"type":"Point","coordinates":[74.87059,12.81532]},"properties":{"cell_id":57160,"case_count":1,"gi_zscore":-0.1077,"gi_pvalue":0.395,"significance":"not_sig"}},{"type":"Feature","geometry":{"type":"Point","coordinates":[75.12941,12.81532]},"properties":{"cell_id":57182,"case_count":1,"gi_zscore":-0.1149,"gi_pvalue":0.071,"significance":"cold_90"}},{"type":"Feature","geometry":{"type":"Point","coordinates":[76.16471,12.81532]},"properties":{"cell_id":57270,"case_count":1,"gi_zscore":-0.1173,"gi_pvalue":0.071,"significance":"cold_90"}},{"type":"Feature","geometry":{"type":"Point","coordinates":[77.03529,12.81532]},"properties":{"cell_id":57344,"case_count":1,"gi_zscore":-0.1149,"gi_pvalue":0.071,"significance":"cold_90"}},{"type":"Feature","geometry":{"type":"Point","coordinates":[77.41176,12.81532]},"properties":{"cell_id":57376,"case_count":1,"gi_zscore":-0.0956,"gi_pvalue":0.273,"significance":"not_sig"}},{"type":"Feature","geometry":{"type":"Point","coordinates":[77.57647,12.81532]},"properties":{"cell_id":57390,"case_count":1,"gi_zscore":-0.1077,"gi_pvalue":0.395,"significance":"not_sig"}},{"type":"Feature","geometry":{"type":"Point","coordinates":[77.58824,12.81532]},"properties":{"cell_id":57391,"case_count":2,"gi_zscore":-0.1149,"gi_pvalue":0.001,"significance":"cold_99"}},{"type":"Feature","geometry":{"type":"Point","coordinates":[77.68235,12.81532]},"properties":{"cell_id":57399,"case_count":1,"gi_zscore":-0.0859,"gi_pvalue":0.169,"significance":"not_sig"}},{"type":"Feature","geometry":{"type":"Point","coordinates":[77.69412,12.81532]},"properties":{"cell_id":57400,"case_count":2,"gi_zscore":-0.0884,"gi_pvalue":0.219,"significance":"not_sig"}},{"type":"Feature","geometry":{"type":"Point","coordinates":[77.78824,12.81532]},"properties":{"cell_id":57408,"case_count":1,"gi_zscore":-0.1149,"gi_pvalue":0.162,"significance":"not_sig"}},{"type":"Feature","geometry":{"type":"Point","coordinates":[74.84706,12.82432]},"properties":{"cell_id":57549,"case_count":1,"gi_zscore":-0.1077,"gi_pvalue":0.395,"significance":"not_sig"}},{"type":"Feature","geometry":{"type":"Point","coordinates":[74.85882,12.82432]},"properties":{"cell_id":57550,"case_count":2,"gi_zscore":-0.1077,"gi_pvalue":0.311,"significance":"not_sig"}},{"type":"Feature","geometry":{"type":"Point","coordinates":[74.87059,12.82432]},"properties":{"cell_id":57551,"case_count":1,"gi_zscore":-0.1101,"gi_pvalue":0.31,"significance":"not_sig"}},{"type":"Feature","geometry":{"type":"Point","coordinates":[75.02353,12.82432]},"properties":{"cell_id":57564,"case_count":1,"gi_zscore":-0.098,"gi_pvalue":0.321,"significance":"not_sig"}},{"type":"Feature","geometry":{"type":"Point","coordinates":[75.43529,12.82432]},"properties":{"cell_id":57599,"case_count":1,"gi_zscore":-0.1173,"gi_pvalue":0.072,"significance":"cold_90"}},{"type":"Feature","geometry":{"type":"Point","coordinates":[77.03529,12.82432]},"properties":{"cell_id":57735,"case_count":1,"gi_zscore":-0.1149,"gi_pvalue":0.072,"significance":"cold_90"}},{"type":"Feature","geometry":{"type":"Point","coordinates":[77.56471,12.82432]},"properties":{"cell_id":57780,"case_count":1,"gi_zscore":-0.1077,"gi_pvalue":0.458,"significance":"not_sig"}},{"type":"Feature","geometry":{"type":"Point","coordinates":[77.58824,12.82432]},"properties":{"cell_id":57782,"case_count":1,"gi_zscore":-0.1077,"gi_pvalue":0.458,"significance":"not_sig"}},{"type":"Feature","geometry":{"type":"Point","coordinates":[77.63529,12.82432]},"properties":{"cell_id":57786,"case_count":1,"gi_zscore":-0.1077,"gi_pvalue":0.458,"significance":"not_sig"}},{"type":"Feature","geometry":{"type":"Point","coordinates":[77.67059,12.82432]},"properties":{"cell_id":57789,"case_count":4,"gi_zscore":-0.0763,"gi_pvalue":0.158,"significance":"not_sig"}},{"type":"Feature","geometry":{"type":"Point","coordinates":[77.68235,12.82432]},"properties":{"cell_id":57790,"case_count":6,"gi_zscore":-0.0859,"gi_pvalue":0.29,"significance":"not_sig"}},{"type":"Feature","geometry":{"type":"Point","coordinates":[77.69412,12.82432]},"properties":{"cell_id":57791,"case_count":1,"gi_zscore":-0.0956,"gi_pvalue":0.274,"significance":"not_sig"}},{"type":"Feature","geometry":{"type":"Point","coordinates":[77.78824,12.82432]},"properties":{"cell_id":57799,"case_count":1,"gi_zscore":-0.1125,"gi_pvalue":0.162,"significance":"not_sig"}},{"type":"Feature","geometry":{"type":"Point","coordinates":[78.2,12.82432]},"properties":{"cell_id":57834,"case_count":1,"gi_zscore":-0.1028,"gi_pvalue":0.405,"significance":"not_sig"}},{"type":"Feature","geometry":{"type":"Point","coordinates":[74.83529,12.83333]},"properties":{"cell_id":57939,"case_count":1,"gi_zscore":-0.1077,"gi_pvalue":0.457,"significance":"not_sig"}},{"type":"Feature","geometry":{"type":"Point","coordinates":[75.11765,12.83333]},"properties":{"cell_id":57963,"case_count":1,"gi_zscore":-0.1149,"gi_pvalue":0.071,"significance":"cold_90"}},{"type":"Feature","geometry":{"type":"Point","coordinates":[77.61176,12.83333]},"properties":{"cell_id":58175,"case_count":1,"gi_zscore":-0.1173,"gi_pvalue":0.071,"significance":"cold_90"}},{"type":"Feature","geometry":{"type":"Point","coordinates":[77.65882,12.83333]},"properties":{"cell_id":58179,"case_count":4,"gi_zscore":-0.0884,"gi_pvalue":0.274,"significance":"not_sig"}},{"type":"Feature","geometry":{"type":"Point","coordinates":[77.67059,12.83333]},"properties":{"cell_id":58180,"case_count":2,"gi_zscore":-0.0763,"gi_pvalue":0.143,"significance":"not_sig"}},{"type":"Feature","geometry":{"type":"Point","coordinates":[77.68235,12.83333]},"properties":{"cell_id":58181,"case_count":2,"gi_zscore":-0.0884,"gi_pvalue":0.2,"significance":"not_sig"}},{"type":"Feature","geometry":{"type":"Point","coordinates":[77.69412,12.83333]},"properties":{"cell_id":58182,"case_count":3,"gi_zscore":-0.0956,"gi_pvalue":0.342,"significance":"not_sig"}},{"type":"Feature","geometry":{"type":"Point","coordinates":[77.70588,12.83333]},"properties":{"cell_id":58183,"case_count":1,"gi_zscore":-0.0956,"gi_pvalue":0.274,"significance":"not_sig"}},{"type":"Feature","geometry":{"type":"Point","coordinates":[77.74118,12.83333]},"properties":{"cell_id":58186,"case_count":1,"gi_zscore":-0.1173,"gi_pvalue":0.07,"significance":"cold_90"}},{"type":"Feature","geometry":{"type":"Point","coordinates":[74.84706,12.84234]},"properties":{"cell_id":58331,"case_count":2,"gi_zscore":-0.1028,"gi_pvalue":0.451,"significance":"not_sig"}},{"type":"Feature","geometry":{"type":"Point","coordinates":[75.04706,12.84234]},"properties":{"cell_id":58348,"case_count":1,"gi_zscore":-0.098,"gi_pvalue":0.321,"significance":"not_sig"}},{"type":"Feature","geometry":{"type":"Point","coordinates":[75.07059,12.84234]},"properties":{"cell_id":58350,"case_count":2,"gi_zscore":-0.098,"gi_pvalue":0.379,"significance":"not_sig"}},{"type":"Feature","geometry":{"type":"Point","coordinates":[77.02353,12.84234]},"properties":{"cell_id":58516,"case_count":1,"gi_zscore":-0.1149,"gi_pvalue":0.068,"significance":"cold_90"}},{"type":"Feature","geometry":{"type":"Point","coordinates":[77.57647,12.84234]},"properties":{"cell_id":58563,"case_count":4,"gi_zscore":-0.1077,"gi_pvalue":0.161,"significance":"not_sig"}},{"type":"Feature","geometry":{"type":"Point","coordinates":[77.58824,12.84234]},"properties":{"cell_id":58564,"case_count":1,"gi_zscore":-0.1077,"gi_pvalue":0.459,"significance":"not_sig"}},{"type":"Feature","geometry":{"type":"Point","coordinates":[77.6,12.84234]},"properties":{"cell_id":58565,"case_count":1,"gi_zscore":-0.1101,"gi_pvalue":0.311,"significance":"not_sig"}},{"type":"Feature","geometry":{"type":"Point","coordinates":[77.61176,12.84234]},"properties":{"cell_id":58566,"case_count":1,"gi_zscore":-0.1125,"gi_pvalue":0.161,"significance":"not_sig"}},{"type":"Feature","geometry":{"type":"Point","coordinates":[77.63529,12.84234]},"properties":{"cell_id":58568,"case_count":1,"gi_zscore":-0.1077,"gi_pvalue":0.459,"significance":"not_sig"}},{"type":"Feature","geometry":{"type":"Point","coordinates":[77.64706,12.84234]},"properties":{"cell_id":58569,"case_count":1,"gi_zscore":-0.098,"gi_pvalue":0.292,"significance":"not_sig"}},{"type":"Feature","geometry":{"type":"Point","coordinates":[77.65882,12.84234]},"properties":{"cell_id":58570,"case_count":5,"gi_zscore":-0.0908,"gi_pvalue":0.379,"significance":"not_sig"}},{"type":"Feature","geometry":{"type":"Point","coordinates":[77.67059,12.84234]},"properties":{"cell_id":58571,"case_count":1,"gi_zscore":-0.0763,"gi_pvalue":0.143,"significance":"not_sig"}},{"type":"Feature","geometry":{"type":"Point","coordinates":[77.69412,12.84234]},"properties":{"cell_id":58573,"case_count":1,"gi_zscore":-0.0932,"gi_pvalue":0.24,"significance":"not_sig"}},{"type":"Feature","geometry":{"type":"Point","coordinates":[77.70588,12.84234]},"properties":{"cell_id":58574,"case_count":1,"gi_zscore":-0.1052,"gi_pvalue":0.494,"significance":"not_sig"}},{"type":"Feature","geometry":{"type":"Point","coordinates":[77.71765,12.84234]},"properties":{"cell_id":58575,"case_count":1,"gi_zscore":-0.1077,"gi_pvalue":0.46,"significance":"not_sig"}},{"type":"Feature","geometry":{"type":"Point","coordinates":[77.72941,12.84234]},"properties":{"cell_id":58576,"case_count":1,"gi_zscore":-0.1125,"gi_pvalue":0.16,"significance":"not_sig"}},{"type":"Feature","geometry":{"type":"Point","coordinates":[77.76471,12.84234]},"properties":{"cell_id":58579,"case_count":1,"gi_zscore":-0.1149,"gi_pvalue":0.067,"significance":"cold_90"}},{"type":"Feature","geometry":{"type":"Point","coordinates":[77.78824,12.84234]},"properties":{"cell_id":58581,"case_count":1,"gi_zscore":-0.1149,"gi_pvalue":0.067,"significance":"cold_90"}},{"type":"Feature","geometry":{"type":"Point","coordinates":[74.83529,12.85135]},"properties":{"cell_id":58721,"case_count":1,"gi_zscore":-0.0956,"gi_pvalue":0.275,"significance":"not_sig"}},{"type":"Feature","geometry":{"type":"Point","coordinates":[74.84706,12.85135]},"properties":{"cell_id":58722,"case_count":2,"gi_zscore":-0.0956,"gi_pvalue":0.322,"significance":"not_sig"}},{"type":"Feature","geometry":{"type":"Point","coordinates":[74.85882,12.85135]},"properties":{"cell_id":58723,"case_count":4,"gi_zscore":-0.1004,"gi_pvalue":0.486,"significance":"not_sig"}},{"type":"Feature","geometry":{"type":"Point","coordinates":[74.87059,12.85135]},"properties":{"cell_id":58724,"case_count":2,"gi_zscore":-0.1004,"gi_pvalue":0.381,"significance":"not_sig"}},{"type":"Feature","geometry":{"type":"Point","coordinates":[74.88235,12.85135]},"properties":{"cell_id":58725,"case_count":2,"gi_zscore":-0.1052,"gi_pvalue":0.46,"significance":"not_sig"}},{"type":"Feature","geometry":{"type":"Point","coordinates":[77.0,12.85135]},"properties":{"cell_id":58905,"case_count":2,"gi_zscore":-0.1149,"gi_pvalue":0.001,"significance":"cold_99"}},{"type":"Feature","geometry":{"type":"Point","coordinates":[77.56471,12.85135]},"properties":{"cell_id":58953,"case_count":1,"gi_zscore":-0.1028,"gi_pvalue":0.381,"significance":"not_sig"}},{"type":"Feature","geometry":{"type":"Point","coordinates":[77.57647,12.85135]},"properties":{"cell_id":58954,"case_count":1,"gi_zscore":-0.1052,"gi_pvalue":0.453,"significance":"not_sig"}},{"type":"Feature","geometry":{"type":"Point","coordinates":[77.62353,12.85135]},"properties":{"cell_id":58958,"case_count":1,"gi_zscore":-0.1125,"gi_pvalue":0.161,"significance":"not_sig"}},{"type":"Feature","geometry":{"type":"Point","coordinates":[77.64706,12.85135]},"properties":{"cell_id":58960,"case_count":1,"gi_zscore":-0.1004,"gi_pvalue":0.324,"significance":"not_sig"}},{"type":"Feature","geometry":{"type":"Point","coordinates":[77.65882,12.85135]},"properties":{"cell_id":58961,"case_count":1,"gi_zscore":-0.0956,"gi_pvalue":0.274,"significance":"not_sig"}},{"type":"Feature","geometry":{"type":"Point","coordinates":[74.83529,12.86036]},"properties":{"cell_id":59112,"case_count":2,"gi_zscore":-0.098,"gi_pvalue":0.38,"significance":"not_sig"}},{"type":"Feature","geometry":{"type":"Point","coordinates":[74.84706,12.86036]},"properties":{"cell_id":59113,"case_count":1,"gi_zscore":-0.098,"gi_pvalue":0.323,"significance":"not_sig"}},{"type":"Feature","geometry":{"type":"Point","coordinates":[74.85882,12.86036]},"properties":{"cell_id":59114,"case_count":1,"gi_zscore":-0.0956,"gi_pvalue":0.248,"significance":"not_sig"}},{"type":"Feature","geometry":{"type":"Point","coordinates":[74.88235,12.86036]},"properties":{"cell_id":59116,"case_count":1,"gi_zscore":-0.1004,"gi_pvalue":0.343,"significance":"not_sig"}},{"type":"Feature","geometry":{"type":"Point","coordinates":[75.04706,12.86036]},"properties":{"cell_id":59130,"case_count":1,"gi_zscore":-0.098,"gi_pvalue":0.323,"significance":"not_sig"}},{"type":"Feature","geometry":{"type":"Point","coordinates":[75.41176,12.86036]},"properties":{"cell_id":59161,"case_count":1,"gi_zscore":-0.1173,"gi_pvalue":0.067,"significance":"cold_90"}},{"type":"Feature","geometry":{"type":"Point","coordinates":[77.52941,12.86036]},"properties":{"cell_id":59341,"case_count":1,"gi_zscore":-0.1101,"gi_pvalue":0.31,"significance":"not_sig"}},{"type":"Feature","geometry":{"type":"Point","coordinates":[77.54118,12.86036]},"properties":{"cell_id":59342,"case_count":1,"gi_zscore":-0.1077,"gi_pvalue":0.461,"significance":"not_sig"}},{"type":"Feature","geometry":{"type":"Point","coordinates":[77.57647,12.86036]},"properties":{"cell_id":59345,"case_count":2,"gi_zscore":-0.1004,"gi_pvalue":0.38,"significance":"not_sig"}},{"type":"Feature","geometry":{"type":"Point","coordinates":[77.58824,12.86036]},"properties":{"cell_id":59346,"case_count":1,"gi_zscore":-0.1004,"gi_pvalue":0.342,"significance":"not_sig"}},{"type":"Feature","geometry":{"type":"Point","coordinates":[77.68235,12.86036]},"properties":{"cell_id":59354,"case_count":1,"gi_zscore":-0.1101,"gi_pvalue":0.31,"significance":"not_sig"}},{"type":"Feature","geometry":{"type":"Point","coordinates":[77.70588,12.86036]},"properties":{"cell_id":59356,"case_count":3,"gi_zscore":-0.1077,"gi_pvalue":0.279,"significance":"not_sig"}},{"type":"Feature","geometry":{"type":"Point","coordinates":[77.77647,12.86036]},"properties":{"cell_id":59362,"case_count":2,"gi_zscore":-0.1149,"gi_pvalue":0.001,"significance":"cold_99"}},{"type":"Feature","geometry":{"type":"Point","coordinates":[77.78824,12.86036]},"properties":{"cell_id":59363,"case_count":1,"gi_zscore":-0.1149,"gi_pvalue":0.066,"significance":"cold_90"}},{"type":"Feature","geometry":{"type":"Point","coordinates":[77.98824,12.86036]},"properties":{"cell_id":59380,"case_count":1,"gi_zscore":-0.0932,"gi_pvalue":0.241,"significance":"not_sig"}},{"type":"Feature","geometry":{"type":"Point","coordinates":[74.83529,12.86937]},"properties":{"cell_id":59503,"case_count":3,"gi_zscore":-0.1028,"gi_pvalue":0.394,"significance":"not_sig"}},{"type":"Feature","geometry":{"type":"Point","coordinates":[74.84706,12.86937]},"properties":{"cell_id":59504,"case_count":2,"gi_zscore":-0.098,"gi_pvalue":0.383,"significance":"not_sig"}},{"type":"Feature","geometry":{"type":"Point","coordinates":[74.85882,12.86937]},"properties":{"cell_id":59505,"case_count":1,"gi_zscore":-0.098,"gi_pvalue":0.289,"significance":"not_sig"}},{"type":"Feature","geometry":{"type":"Point","coordinates":[74.88235,12.86937]},"properties":{"cell_id":59507,"case_count":1,"gi_zscore":-0.1028,"gi_pvalue":0.411,"significance":"not_sig"}},{"type":"Feature","geometry":{"type":"Point","coordinates":[75.03529,12.86937]},"properties":{"cell_id":59520,"case_count":1,"gi_zscore":-0.098,"gi_pvalue":0.321,"significance":"not_sig"}},{"type":"Feature","geometry":{"type":"Point","coordinates":[77.57647,12.86937]},"properties":{"cell_id":59736,"case_count":2,"gi_zscore":-0.0908,"gi_pvalue":0.241,"significance":"not_sig"}},{"type":"Feature","geometry":{"type":"Point","coordinates":[77.58824,12.86937]},"properties":{"cell_id":59737,"case_count":1,"gi_zscore":-0.0956,"gi_pvalue":0.273,"significance":"not_sig"}},{"type":"Feature","geometry":{"type":"Point","coordinates":[77.6,12.86937]},"properties":{"cell_id":59738,"case_count":1,"gi_zscore":-0.098,"gi_pvalue":0.321,"significance":"not_sig"}},{"type":"Feature","geometry":{"type":"Point","coordinates":[77.61176,12.86937]},"properties":{"cell_id":59739,"case_count":3,"gi_zscore":-0.1028,"gi_pvalue":0.394,"significance":"not_sig"}},{"type":"Feature","geometry":{"type":"Point","coordinates":[77.62353,12.86937]},"properties":{"cell_id":59740,"case_count":1,"gi_zscore":-0.1101,"gi_pvalue":0.309,"significance":"not_sig"}},{"type":"Feature","geometry":{"type":"Point","coordinates":[77.63529,12.86937]},"properties":{"cell_id":59741,"case_count":1,"gi_zscore":-0.1149,"gi_pvalue":0.066,"significance":"cold_90"}},{"type":"Feature","geometry":{"type":"Point","coordinates":[77.65882,12.86937]},"properties":{"cell_id":59743,"case_count":1,"gi_zscore":-0.1149,"gi_pvalue":0.066,"significance":"cold_90"}},{"type":"Feature","geometry":{"type":"Point","coordinates":[77.67059,12.86937]},"properties":{"cell_id":59744,"case_count":2,"gi_zscore":-0.1149,"gi_pvalue":0.001,"significance":"cold_99"}},{"type":"Feature","geometry":{"type":"Point","coordinates":[77.69412,12.86937]},"properties":{"cell_id":59746,"case_count":1,"gi_zscore":-0.1101,"gi_pvalue":0.311,"significance":"not_sig"}},{"type":"Feature","geometry":{"type":"Point","coordinates":[77.70588,12.86937]},"properties":{"cell_id":59747,"case_count":1,"gi_zscore":-0.1077,"gi_pvalue":0.392,"significance":"not_sig"}},{"type":"Feature","geometry":{"type":"Point","coordinates":[77.8,12.86937]},"properties":{"cell_id":59755,"case_count":1,"gi_zscore":-0.1149,"gi_pvalue":0.066,"significance":"cold_90"}},{"type":"Feature","geometry":{"type":"Point","coordinates":[78.0,12.86937]},"properties":{"cell_id":59772,"case_count":1,"gi_zscore":-0.0932,"gi_pvalue":0.241,"significance":"not_sig"}},{"type":"Feature","geometry":{"type":"Point","coordinates":[74.83529,12.87838]},"properties":{"cell_id":59894,"case_count":2,"gi_zscore":-0.1028,"gi_pvalue":0.455,"significance":"not_sig"}},{"type":"Feature","geometry":{"type":"Point","coordinates":[74.84706,12.87838]},"properties":{"cell_id":59895,"case_count":2,"gi_zscore":-0.1004,"gi_pvalue":0.384,"significance":"not_sig"}},{"type":"Feature","geometry":{"type":"Point","coordinates":[74.85882,12.87838]},"properties":{"cell_id":59896,"case_count":3,"gi_zscore":-0.1028,"gi_pvalue":0.464,"significance":"not_sig"}},{"type":"Feature","geometry":{"type":"Point","coordinates":[74.88235,12.87838]},"properties":{"cell_id":59898,"case_count":1,"gi_zscore":-0.1052,"gi_pvalue":0.495,"significance":"not_sig"}},{"type":"Feature","geometry":{"type":"Point","coordinates":[75.03529,12.87838]},"properties":{"cell_id":59911,"case_count":7,"gi_zscore":-0.098,"gi_pvalue":0.162,"significance":"not_sig"}},{"type":"Feature","geometry":{"type":"Point","coordinates":[75.14118,12.87838]},"properties":{"cell_id":59920,"case_count":1,"gi_zscore":-0.1149,"gi_pvalue":0.162,"significance":"not_sig"}},{"type":"Feature","geometry":{"type":"Point","coordinates":[75.27059,12.87838]},"properties":{"cell_id":59931,"case_count":1,"gi_zscore":-0.1173,"gi_pvalue":0.066,"significance":"cold_90"}},{"type":"Feature","geometry":{"type":"Point","coordinates":[77.52941,12.87838]},"properties":{"cell_id":60123,"case_count":2,"gi_zscore":-0.1101,"gi_pvalue":0.163,"significance":"not_sig"}},{"type":"Feature","geometry":{"type":"Point","coordinates":[77.55294,12.87838]},"properties":{"cell_id":60125,"case_count":2,"gi_zscore":-0.0835,"gi_pvalue":0.186,"significance":"not_sig"}},{"type":"Feature","geometry":{"type":"Point","coordinates":[77.56471,12.87838]},"properties":{"cell_id":60126,"case_count":2,"gi_zscore":-0.0691,"gi_pvalue":0.13,"significance":"not_sig"}},{"type":"Feature","geometry":{"type":"Point","coordinates":[77.57647,12.87838]},"properties":{"cell_id":60127,"case_count":3,"gi_zscore":-0.0715,"gi_pvalue":0.142,"significance":"not_sig"}},{"type":"Feature","geometry":{"type":"Point","coordinates":[77.58824,12.87838]},"properties":{"cell_id":60128,"case_count":3,"gi_zscore":-0.0835,"gi_pvalue":0.2,"significance":"not_sig"}},{"type":"Feature","geometry":{"type":"Point","coordinates":[77.6,12.87838]},"properties":{"cell_id":60129,"case_count":4,"gi_zscore":-0.0956,"gi_pvalue":0.412,"significance":"not_sig"}},{"type":"Feature","geometry":{"type":"Point","coordinates":[77.62353,12.87838]},"properties":{"cell_id":60131,"case_count":2,"gi_zscore":-0.098,"gi_pvalue":0.383,"significance":"not_sig"}},{"type":"Feature","geometry":{"type":"Point","coordinates":[77.63529,12.87838]},"properties":{"cell_id":60132,"case_count":1,"gi_zscore":-0.1149,"gi_pvalue":0.163,"significance":"not_sig"}},{"type":"Feature","geometry":{"type":"Point","coordinates":[77.64706,12.87838]},"properties":{"cell_id":60133,"case_count":1,"gi_zscore":-0.1149,"gi_pvalue":0.163,"significance":"not_sig"}},{"type":"Feature","geometry":{"type":"Point","coordinates":[77.75294,12.87838]},"properties":{"cell_id":60142,"case_count":1,"gi_zscore":-0.1101,"gi_pvalue":0.313,"significance":"not_sig"}},{"type":"Feature","geometry":{"type":"Point","coordinates":[78.2,12.87838]},"properties":{"cell_id":60180,"case_count":3,"gi_zscore":-0.1028,"gi_pvalue":0.466,"significance":"not_sig"}},{"type":"Feature","geometry":{"type":"Point","coordinates":[74.82353,12.88739]},"properties":{"cell_id":60284,"case_count":1,"gi_zscore":-0.1077,"gi_pvalue":0.466,"significance":"not_sig"}},{"type":"Feature","geometry":{"type":"Point","coordinates":[74.83529,12.88739]},"properties":{"cell_id":60285,"case_count":1,"gi_zscore":-0.1077,"gi_pvalue":0.466,"significance":"not_sig"}},{"type":"Feature","geometry":{"type":"Point","coordinates":[74.84706,12.88739]},"properties":{"cell_id":60286,"case_count":1,"gi_zscore":-0.1077,"gi_pvalue":0.466,"significance":"not_sig"}},{"type":"Feature","geometry":{"type":"Point","coordinates":[74.85882,12.88739]},"properties":{"cell_id":60287,"case_count":1,"gi_zscore":-0.1052,"gi_pvalue":0.495,"significance":"not_sig"}},{"type":"Feature","geometry":{"type":"Point","coordinates":[74.87059,12.88739]},"properties":{"cell_id":60288,"case_count":3,"gi_zscore":-0.1077,"gi_pvalue":0.284,"significance":"not_sig"}},{"type":"Feature","geometry":{"type":"Point","coordinates":[75.03529,12.88739]},"properties":{"cell_id":60302,"case_count":2,"gi_zscore":-0.098,"gi_pvalue":0.382,"significance":"not_sig"}},{"type":"Feature","geometry":{"type":"Point","coordinates":[75.17647,12.88739]},"properties":{"cell_id":60314,"case_count":1,"gi_zscore":-0.1149,"gi_pvalue":0.162,"significance":"not_sig"}},{"type":"Feature","geometry":{"type":"Point","coordinates":[76.92941,12.88739]},"properties":{"cell_id":60463,"case_count":1,"gi_zscore":-0.1149,"gi_pvalue":0.162,"significance":"not_sig"}},{"type":"Feature","geometry":{"type":"Point","coordinates":[77.48235,12.88739]},"properties":{"cell_id":60510,"case_count":1,"gi_zscore":-0.0884,"gi_pvalue":0.203,"significance":"not_sig"}},{"type":"Feature","geometry":{"type":"Point","coordinates":[77.51765,12.88739]},"properties":{"cell_id":60513,"case_count":1,"gi_zscore":-0.1028,"gi_pvalue":0.412,"significance":"not_sig"}},{"type":"Feature","geometry":{"type":"Point","coordinates":[77.52941,12.88739]},"properties":{"cell_id":60514,"case_count":1,"gi_zscore":-0.098,"gi_pvalue":0.323,"significance":"not_sig"}},{"type":"Feature","geometry":{"type":"Point","coordinates":[77.54118,12.88739]},"properties":{"cell_id":60515,"case_count":1,"gi_zscore":-0.0932,"gi_pvalue":0.242,"significance":"not_sig"}},{"type":"Feature","geometry":{"type":"Point","coordinates":[77.55294,12.88739]},"properties":{"cell_id":60516,"case_count":2,"gi_zscore":-0.0763,"gi_pvalue":0.143,"significance":"not_sig"}},{"type":"Feature","geometry":{"type":"Point","coordinates":[77.56471,12.88739]},"properties":{"cell_id":60517,"case_count":7,"gi_zscore":-0.0666,"gi_pvalue":0.144,"significance":"not_sig"}},{"type":"Feature","geometry":{"type":"Point","coordinates":[77.57647,12.88739]},"properties":{"cell_id":60518,"case_count":5,"gi_zscore":-0.0715,"gi_pvalue":0.144,"significance":"not_sig"}},{"type":"Feature","geometry":{"type":"Point","coordinates":[77.61176,12.88739]},"properties":{"cell_id":60521,"case_count":1,"gi_zscore":-0.0835,"gi_pvalue":0.16,"significance":"not_sig"}},{"type":"Feature","geometry":{"type":"Point","coordinates":[77.62353,12.88739]},"properties":{"cell_id":60522,"case_count":1,"gi_zscore":-0.1004,"gi_pvalue":0.326,"significance":"not_sig"}},{"type":"Feature","geometry":{"type":"Point","coordinates":[77.63529,12.88739]},"properties":{"cell_id":60523,"case_count":1,"gi_zscore":-0.1028,"gi_pvalue":0.384,"significance":"not_sig"}},{"type":"Feature","geometry":{"type":"Point","coordinates":[77.64706,12.88739]},"properties":{"cell_id":60524,"case_count":1,"gi_zscore":-0.1101,"gi_pvalue":0.313,"significance":"not_sig"}},{"type":"Feature","geometry":{"type":"Point","coordinates":[77.65882,12.88739]},"properties":{"cell_id":60525,"case_count":1,"gi_zscore":-0.1149,"gi_pvalue":0.163,"significance":"not_sig"}},{"type":"Feature","geometry":{"type":"Point","coordinates":[77.67059,12.88739]},"properties":{"cell_id":60526,"case_count":1,"gi_zscore":-0.1149,"gi_pvalue":0.163,"significance":"not_sig"}},{"type":"Feature","geometry":{"type":"Point","coordinates":[77.71765,12.88739]},"properties":{"cell_id":60530,"case_count":1,"gi_zscore":-0.1028,"gi_pvalue":0.412,"significance":"not_sig"}},{"type":"Feature","geometry":{"type":"Point","coordinates":[74.83529,12.8964]},"properties":{"cell_id":60676,"case_count":1,"gi_zscore":-0.1125,"gi_pvalue":0.163,"significance":"not_sig"}},{"type":"Feature","geometry":{"type":"Point","coordinates":[74.84706,12.8964]},"properties":{"cell_id":60677,"case_count":1,"gi_zscore":-0.1125,"gi_pvalue":0.284,"significance":"not_sig"}},{"type":"Feature","geometry":{"type":"Point","coordinates":[74.85882,12.8964]},"properties":{"cell_id":60678,"case_count":1,"gi_zscore":-0.1077,"gi_pvalue":0.466,"significance":"not_sig"}},{"type":"Feature","geometry":{"type":"Point","coordinates":[74.88235,12.8964]},"properties":{"cell_id":60680,"case_count":1,"gi_zscore":-0.1101,"gi_pvalue":0.313,"significance":"not_sig"}},{"type":"Feature","geometry":{"type":"Point","coordinates":[77.52941,12.8964]},"properties":{"cell_id":60905,"case_count":1,"gi_zscore":-0.0932,"gi_pvalue":0.242,"significance":"not_sig"}},{"type":"Feature","geometry":{"type":"Point","coordinates":[77.55294,12.8964]},"properties":{"cell_id":60907,"case_count":4,"gi_zscore":-0.0666,"gi_pvalue":0.132,"significance":"not_sig"}},{"type":"Feature","geometry":{"type":"Point","coordinates":[77.56471,12.8964]},"properties":{"cell_id":60908,"case_count":2,"gi_zscore":-0.0594,"gi_pvalue":0.121,"significance":"not_sig"}},{"type":"Feature","geometry":{"type":"Point","coordinates":[77.57647,12.8964]},"properties":{"cell_id":60909,"case_count":3,"gi_zscore":-0.0546,"gi_pvalue":0.118,"significance":"not_sig"}},{"type":"Feature","geometry":{"type":"Point","coordinates":[77.61176,12.8964]},"properties":{"cell_id":60912,"case_count":1,"gi_zscore":-0.0884,"gi_pvalue":0.203,"significance":"not_sig"}},{"type":"Feature","geometry":{"type":"Point","coordinates":[77.62353,12.8964]},"properties":{"cell_id":60913,"case_count":6,"gi_zscore":-0.0932,"gi_pvalue":0.45,"significance":"not_sig"}},{"type":"Feature","geometry":{"type":"Point","coordinates":[77.63529,12.8964]},"properties":{"cell_id":60914,"case_count":1,"gi_zscore":-0.0956,"gi_pvalue":0.276,"significance":"not_sig"}},{"type":"Feature","geometry":{"type":"Point","coordinates":[77.68235,12.8964]},"properties":{"cell_id":60918,"case_count":1,"gi_zscore":-0.1077,"gi_pvalue":0.464,"significance":"not_sig"}},{"type":"Feature","geometry":{"type":"Point","coordinates":[77.70588,12.8964]},"properties":{"cell_id":60920,"case_count":1,"gi_zscore":-0.1004,"gi_pvalue":0.345,"significance":"not_sig"}},{"type":"Feature","geometry":{"type":"Point","coordinates":[77.71765,12.8964]},"properties":{"cell_id":60921,"case_count":3,"gi_zscore":-0.1004,"gi_pvalue":0.459,"significance":"not_sig"}},{"type":"Feature","geometry":{"type":"Point","coordinates":[77.89412,12.8964]},"properties":{"cell_id":60936,"case_count":1,"gi_zscore":-0.1173,"gi_pvalue":0.065,"significance":"cold_90"}},{"type":"Feature","geometry":{"type":"Point","coordinates":[74.82353,12.90541]},"properties":{"cell_id":61066,"case_count":1,"gi_zscore":-0.1125,"gi_pvalue":0.158,"significance":"not_sig"}},{"type":"Feature","geometry":{"type":"Point","coordinates":[74.84706,12.90541]},"properties":{"cell_id":61068,"case_count":1,"gi_zscore":-0.1149,"gi_pvalue":0.065,"significance":"cold_90"}},{"type":"Feature","geometry":{"type":"Point","coordinates":[74.87059,12.90541]},"properties":{"cell_id":61070,"case_count":1,"gi_zscore":-0.1028,"gi_pvalue":0.412,"significance":"not_sig"}},{"type":"Feature","geometry":{"type":"Point","coordinates":[75.03529,12.90541]},"properties":{"cell_id":61084,"case_count":1,"gi_zscore":-0.098,"gi_pvalue":0.325,"significance":"not_sig"}},{"type":"Feature","geometry":{"type":"Point","coordinates":[76.37647,12.90541]},"properties":{"cell_id":61198,"case_count":1,"gi_zscore":-0.1125,"gi_pvalue":0.158,"significance":"not_sig"}},{"type":"Feature","geometry":{"type":"Point","coordinates":[76.38824,12.90541]},"properties":{"cell_id":61199,"case_count":1,"gi_zscore":-0.1125,"gi_pvalue":0.158,"significance":"not_sig"}},{"type":"Feature","geometry":{"type":"Point","coordinates":[77.47059,12.90541]},"properties":{"cell_id":61291,"case_count":1,"gi_zscore":-0.0859,"gi_pvalue":0.171,"significance":"not_sig"}},{"type":"Feature","geometry":{"type":"Point","coordinates":[77.54118,12.90541]},"properties":{"cell_id":61297,"case_count":3,"gi_zscore":-0.0666,"gi_pvalue":0.131,"significance":"not_sig"}},{"type":"Feature","geometry":{"type":"Point","coordinates":[77.55294,12.90541]},"properties":{"cell_id":61298,"case_count":3,"gi_zscore":-0.0666,"gi_pvalue":0.131,"significance":"not_sig"}},{"type":"Feature","geometry":{"type":"Point","coordinates":[77.56471,12.90541]},"properties":{"cell_id":61299,"case_count":6,"gi_zscore":-0.0691,"gi_pvalue":0.145,"significance":"not_sig"}},{"type":"Feature","geometry":{"type":"Point","coordinates":[77.57647,12.90541]},"properties":{"cell_id":61300,"case_count":1,"gi_zscore":-0.0739,"gi_pvalue":0.132,"significance":"not_sig"}},{"type":"Feature","geometry":{"type":"Point","coordinates":[77.6,12.90541]},"properties":{"cell_id":61302,"case_count":3,"gi_zscore":-0.0908,"gi_pvalue":0.278,"significance":"not_sig"}},{"type":"Feature","geometry":{"type":"Point","coordinates":[77.61176,12.90541]},"properties":{"cell_id":61303,"case_count":2,"gi_zscore":-0.0884,"gi_pvalue":0.223,"significance":"not_sig"}},{"type":"Feature","geometry":{"type":"Point","coordinates":[77.62353,12.90541]},"properties":{"cell_id":61304,"case_count":2,"gi_zscore":-0.0884,"gi_pvalue":0.223,"significance":"not_sig"}},{"type":"Feature","geometry":{"type":"Point","coordinates":[77.63529,12.90541]},"properties":{"cell_id":61305,"case_count":4,"gi_zscore":-0.0908,"gi_pvalue":0.325,"significance":"not_sig"}},{"type":"Feature","geometry":{"type":"Point","coordinates":[77.64706,12.90541]},"properties":{"cell_id":61306,"case_count":1,"gi_zscore":-0.1028,"gi_pvalue":0.451,"significance":"not_sig"}},{"type":"Feature","geometry":{"type":"Point","coordinates":[77.65882,12.90541]},"properties":{"cell_id":61307,"case_count":1,"gi_zscore":-0.1173,"gi_pvalue":0.064,"significance":"cold_90"}},{"type":"Feature","geometry":{"type":"Point","coordinates":[77.67059,12.90541]},"properties":{"cell_id":61308,"case_count":1,"gi_zscore":-0.1101,"gi_pvalue":0.276,"significance":"not_sig"}},{"type":"Feature","geometry":{"type":"Point","coordinates":[77.68235,12.90541]},"properties":{"cell_id":61309,"case_count":1,"gi_zscore":-0.1028,"gi_pvalue":0.409,"significance":"not_sig"}},{"type":"Feature","geometry":{"type":"Point","coordinates":[77.69412,12.90541]},"properties":{"cell_id":61310,"case_count":4,"gi_zscore":-0.1028,"gi_pvalue":0.276,"significance":"not_sig"}},{"type":"Feature","geometry":{"type":"Point","coordinates":[77.70588,12.90541]},"properties":{"cell_id":61311,"case_count":3,"gi_zscore":-0.1004,"gi_pvalue":0.46,"significance":"not_sig"}},{"type":"Feature","geometry":{"type":"Point","coordinates":[77.71765,12.90541]},"properties":{"cell_id":61312,"case_count":1,"gi_zscore":-0.1004,"gi_pvalue":0.347,"significance":"not_sig"}},{"type":"Feature","geometry":{"type":"Point","coordinates":[77.72941,12.90541]},"properties":{"cell_id":61313,"case_count":1,"gi_zscore":-0.1004,"gi_pvalue":0.347,"significance":"not_sig"}},{"type":"Feature","geometry":{"type":"Point","coordinates":[74.83529,12.91441]},"properties":{"cell_id":61458,"case_count":2,"gi_zscore":-0.1077,"gi_pvalue":0.305,"significance":"not_sig"}},{"type":"Feature","geometry":{"type":"Point","coordinates":[74.85882,12.91441]},"properties":{"cell_id":61460,"case_count":1,"gi_zscore":-0.1052,"gi_pvalue":0.477,"significance":"not_sig"}},{"type":"Feature","geometry":{"type":"Point","coordinates":[74.88235,12.91441]},"properties":{"cell_id":61462,"case_count":2,"gi_zscore":-0.1028,"gi_pvalue":0.459,"significance":"not_sig"}},{"type":"Feature","geometry":{"type":"Point","coordinates":[74.89412,12.91441]},"properties":{"cell_id":61463,"case_count":1,"gi_zscore":-0.1028,"gi_pvalue":0.409,"significance":"not_sig"}},{"type":"Feature","geometry":{"type":"Point","coordinates":[76.37647,12.91441]},"properties":{"cell_id":61589,"case_count":1,"gi_zscore":-0.1125,"gi_pvalue":0.156,"significance":"not_sig"}},{"type":"Feature","geometry":{"type":"Point","coordinates":[76.38824,12.91441]},"properties":{"cell_id":61590,"case_count":3,"gi_zscore":-0.1125,"gi_pvalue":0.064,"significance":"cold_90"}},{"type":"Feature","geometry":{"type":"Point","coordinates":[77.48235,12.91441]},"properties":{"cell_id":61683,"case_count":8,"gi_zscore":-0.0859,"gi_pvalue":0.408,"significance":"not_sig"}},{"type":"Feature","geometry":{"type":"Point","coordinates":[77.51765,12.91441]},"properties":{"cell_id":61686,"case_count":2,"gi_zscore":-0.0956,"gi_pvalue":0.329,"significance":"not_sig"}},{"type":"Feature","geometry":{"type":"Point","coordinates":[77.52941,12.91441]},"properties":{"cell_id":61687,"case_count":3,"gi_zscore":-0.0787,"gi_pvalue":0.159,"significance":"not_sig"}},{"type":"Feature","geometry":{"type":"Point","coordinates":[77.54118,12.91441]},"properties":{"cell_id":61688,"case_count":5,"gi_zscore":-0.057,"gi_pvalue":0.124,"significance":"not_sig"}},{"type":"Feature","geometry":{"type":"Point","coordinates":[77.55294,12.91441]},"properties":{"cell_id":61689,"case_count":2,"gi_zscore":-0.0594,"gi_pvalue":0.12,"significance":"not_sig"}},{"type":"Feature","geometry":{"type":"Point","coordinates":[77.56471,12.91441]},"properties":{"cell_id":61690,"case_count":2,"gi_zscore":-0.0787,"gi_pvalue":0.146,"significance":"not_sig"}},{"type":"Feature","geometry":{"type":"Point","coordinates":[77.57647,12.91441]},"properties":{"cell_id":61691,"case_count":6,"gi_zscore":-0.0666,"gi_pvalue":0.144,"significance":"not_sig"}},{"type":"Feature","geometry":{"type":"Point","coordinates":[77.58824,12.91441]},"properties":{"cell_id":61692,"case_count":1,"gi_zscore":-0.0715,"gi_pvalue":0.132,"significance":"not_sig"}},{"type":"Feature","geometry":{"type":"Point","coordinates":[77.6,12.91441]},"properties":{"cell_id":61693,"case_count":1,"gi_zscore":-0.0739,"gi_pvalue":0.132,"significance":"not_sig"}},{"type":"Feature","geometry":{"type":"Point","coordinates":[77.61176,12.91441]},"properties":{"cell_id":61694,"case_count":1,"gi_zscore":-0.0618,"gi_pvalue":0.121,"significance":"not_sig"}},{"type":"Feature","geometry":{"type":"Point","coordinates":[77.63529,12.91441]},"properties":{"cell_id":61696,"case_count":3,"gi_zscore":-0.0932,"gi_pvalue":0.331,"significance":"not_sig"}},{"type":"Feature","geometry":{"type":"Point","coordinates":[77.64706,12.91441]},"properties":{"cell_id":61697,"case_count":1,"gi_zscore":-0.1028,"gi_pvalue":0.385,"significance":"not_sig"}},{"type":"Feature","geometry":{"type":"Point","coordinates":[77.67059,12.91441]},"properties":{"cell_id":61699,"case_count":1,"gi_zscore":-0.1077,"gi_pvalue":0.389,"significance":"not_sig"}},{"type":"Feature","geometry":{"type":"Point","coordinates":[77.68235,12.91441]},"properties":{"cell_id":61700,"case_count":2,"gi_zscore":-0.098,"gi_pvalue":0.385,"significance":"not_sig"}},{"type":"Feature","geometry":{"type":"Point","coordinates":[77.69412,12.91441]},"properties":{"cell_id":61701,"case_count":1,"gi_zscore":-0.098,"gi_pvalue":0.298,"significance":"not_sig"}},{"type":"Feature","geometry":{"type":"Point","coordinates":[77.70588,12.91441]},"properties":{"cell_id":61702,"case_count":1,"gi_zscore":-0.098,"gi_pvalue":0.331,"significance":"not_sig"}},{"type":"Feature","geometry":{"type":"Point","coordinates":[77.77647,12.91441]},"properties":{"cell_id":61708,"case_count":1,"gi_zscore":-0.1077,"gi_pvalue":0.39,"significance":"not_sig"}},{"type":"Feature","geometry":{"type":"Point","coordinates":[74.84706,12.92342]},"properties":{"cell_id":61850,"case_count":1,"gi_zscore":-0.1077,"gi_pvalue":0.39,"significance":"not_sig"}},{"type":"Feature","geometry":{"type":"Point","coordinates":[74.85882,12.92342]},"properties":{"cell_id":61851,"case_count":4,"gi_zscore":-0.1052,"gi_pvalue":0.158,"significance":"not_sig"}},{"type":"Feature","geometry":{"type":"Point","coordinates":[74.90588,12.92342]},"properties":{"cell_id":61855,"case_count":1,"gi_zscore":-0.1149,"gi_pvalue":0.156,"significance":"not_sig"}},{"type":"Feature","geometry":{"type":"Point","coordinates":[76.92941,12.92342]},"properties":{"cell_id":62027,"case_count":1,"gi_zscore":-0.1149,"gi_pvalue":0.156,"significance":"not_sig"}},{"type":"Feature","geometry":{"type":"Point","coordinates":[77.48235,12.92342]},"properties":{"cell_id":62074,"case_count":2,"gi_zscore":-0.0859,"gi_pvalue":0.201,"significance":"not_sig"}},{"type":"Feature","geometry":{"type":"Point","coordinates":[77.49412,12.92342]},"properties":{"cell_id":62075,"case_count":2,"gi_zscore":-0.0859,"gi_pvalue":0.186,"significance":"not_sig"}},{"type":"Feature","geometry":{"type":"Point","coordinates":[77.51765,12.92342]},"properties":{"cell_id":62077,"case_count":1,"gi_zscore":-0.0932,"gi_pvalue":0.245,"significance":"not_sig"}},{"type":"Feature","geometry":{"type":"Point","coordinates":[77.52941,12.92342]},"properties":{"cell_id":62078,"case_count":1,"gi_zscore":-0.0715,"gi_pvalue":0.132,"significance":"not_sig"}},{"type":"Feature","geometry":{"type":"Point","coordinates":[77.54118,12.92342]},"properties":{"cell_id":62079,"case_count":8,"gi_zscore":-0.057,"gi_pvalue":0.133,"significance":"not_sig"}},{"type":"Feature","geometry":{"type":"Point","coordinates":[77.55294,12.92342]},"properties":{"cell_id":62080,"case_count":3,"gi_zscore":-0.0546,"gi_pvalue":0.117,"significance":"not_sig"}},{"type":"Feature","geometry":{"type":"Point","coordinates":[77.56471,12.92342]},"properties":{"cell_id":62081,"case_count":1,"gi_zscore":-0.0715,"gi_pvalue":0.129,"significance":"not_sig"}},{"type":"Feature","geometry":{"type":"Point","coordinates":[77.57647,12.92342]},"properties":{"cell_id":62082,"case_count":1,"gi_zscore":-0.0715,"gi_pvalue":0.129,"significance":"not_sig"}},{"type":"Feature","geometry":{"type":"Point","coordinates":[77.58824,12.92342]},"properties":{"cell_id":62083,"case_count":7,"gi_zscore":-0.0642,"gi_pvalue":0.142,"significance":"not_sig"}},{"type":"Feature","geometry":{"type":"Point","coordinates":[77.6,12.92342]},"properties":{"cell_id":62084,"case_count":6,"gi_zscore":-0.0546,"gi_pvalue":0.125,"significance":"not_sig"}},{"type":"Feature","geometry":{"type":"Point","coordinates":[77.61176,12.92342]},"properties":{"cell_id":62085,"case_count":4,"gi_zscore":-0.0618,"gi_pvalue":0.125,"significance":"not_sig"}},{"type":"Feature","geometry":{"type":"Point","coordinates":[77.62353,12.92342]},"properties":{"cell_id":62086,"case_count":2,"gi_zscore":-0.0666,"gi_pvalue":0.125,"significance":"not_sig"}},{"type":"Feature","geometry":{"type":"Point","coordinates":[77.63529,12.92342]},"properties":{"cell_id":62087,"case_count":1,"gi_zscore":-0.0908,"gi_pvalue":0.206,"significance":"not_sig"}},{"type":"Feature","geometry":{"type":"Point","coordinates":[77.64706,12.92342]},"properties":{"cell_id":62088,"case_count":2,"gi_zscore":-0.1028,"gi_pvalue":0.479,"significance":"not_sig"}},{"type":"Feature","geometry":{"type":"Point","coordinates":[77.65882,12.92342]},"properties":{"cell_id":62089,"case_count":1,"gi_zscore":-0.1077,"gi_pvalue":0.389,"significance":"not_sig"}},{"type":"Feature","geometry":{"type":"Point","coordinates":[77.67059,12.92342]},"properties":{"cell_id":62090,"case_count":3,"gi_zscore":-0.1028,"gi_pvalue":0.389,"significance":"not_sig"}},{"type":"Feature","geometry":{"type":"Point","coordinates":[78.15294,12.92342]},"properties":{"cell_id":62131,"case_count":1,"gi_zscore":-0.0908,"gi_pvalue":0.216,"significance":"not_sig"}},{"type":"Feature","geometry":{"type":"Point","coordinates":[78.27059,12.92342]},"properties":{"cell_id":62141,"case_count":1,"gi_zscore":-0.1101,"gi_pvalue":0.275,"significance":"not_sig"}},{"type":"Feature","geometry":{"type":"Point","coordinates":[78.29412,12.92342]},"properties":{"cell_id":62143,"case_count":1,"gi_zscore":-0.1101,"gi_pvalue":0.275,"significance":"not_sig"}},{"type":"Feature","geometry":{"type":"Point","coordinates":[74.92941,12.93243]},"properties":{"cell_id":62248,"case_count":1,"gi_zscore":-0.1149,"gi_pvalue":0.156,"significance":"not_sig"}},{"type":"Feature","geometry":{"type":"Point","coordinates":[76.4,12.93243]},"properties":{"cell_id":62373,"case_count":1,"gi_zscore":-0.1125,"gi_pvalue":0.156,"significance":"not_sig"}},{"type":"Feature","geometry":{"type":"Point","coordinates":[77.49412,12.93243]},"properties":{"cell_id":62466,"case_count":3,"gi_zscore":-0.0884,"gi_pvalue":0.252,"significance":"not_sig"}},{"type":"Feature","geometry":{"type":"Point","coordinates":[77.51765,12.93243]},"properties":{"cell_id":62468,"case_count":1,"gi_zscore":-0.0715,"gi_pvalue":0.132,"significance":"not_sig"}},{"type":"Feature","geometry":{"type":"Point","coordinates":[77.52941,12.93243]},"properties":{"cell_id":62469,"case_count":1,"gi_zscore":-0.0666,"gi_pvalue":0.124,"significance":"not_sig"}},{"type":"Feature","geometry":{"type":"Point","coordinates":[77.54118,12.93243]},"properties":{"cell_id":62470,"case_count":6,"gi_zscore":-0.0449,"gi_pvalue":0.115,"significance":"not_sig"}},{"type":"Feature","geometry":{"type":"Point","coordinates":[77.55294,12.93243]},"properties":{"cell_id":62471,"case_count":5,"gi_zscore":-0.0353,"gi_pvalue":0.109,"significance":"not_sig"}},{"type":"Feature","geometry":{"type":"Point","coordinates":[77.56471,12.93243]},"properties":{"cell_id":62472,"case_count":3,"gi_zscore":-0.0498,"gi_pvalue":0.113,"significance":"not_sig"}},{"type":"Feature","geometry":{"type":"Point","coordinates":[77.57647,12.93243]},"properties":{"cell_id":62473,"case_count":5,"gi_zscore":-0.0594,"gi_pvalue":0.127,"significance":"not_sig"}},{"type":"Feature","geometry":{"type":"Point","coordinates":[77.58824,12.93243]},"properties":{"cell_id":62474,"case_count":2,"gi_zscore":-0.0449,"gi_pvalue":0.109,"significance":"not_sig"}},{"type":"Feature","geometry":{"type":"Point","coordinates":[77.6,12.93243]},"properties":{"cell_id":62475,"case_count":2,"gi_zscore":-0.0305,"gi_pvalue":0.107,"significance":"not_sig"}},{"type":"Feature","geometry":{"type":"Point","coordinates":[77.61176,12.93243]},"properties":{"cell_id":62476,"case_count":11,"gi_zscore":-0.0401,"gi_pvalue":0.124,"significance":"not_sig"}},{"type":"Feature","geometry":{"type":"Point","coordinates":[77.62353,12.93243]},"properties":{"cell_id":62477,"case_count":2,"gi_zscore":-0.0642,"gi_pvalue":0.126,"significance":"not_sig"}},{"type":"Feature","geometry":{"type":"Point","coordinates":[77.63529,12.93243]},"properties":{"cell_id":62478,"case_count":3,"gi_zscore":-0.0932,"gi_pvalue":0.331,"significance":"not_sig"}},{"type":"Feature","geometry":{"type":"Point","coordinates":[77.67059,12.93243]},"properties":{"cell_id":62481,"case_count":2,"gi_zscore":-0.1004,"gi_pvalue":0.387,"significance":"not_sig"}},{"type":"Feature","geometry":{"type":"Point","coordinates":[77.68235,12.93243]},"properties":{"cell_id":62482,"case_count":3,"gi_zscore":-0.1004,"gi_pvalue":0.498,"significance":"not_sig"}},{"type":"Feature","geometry":{"type":"Point","coordinates":[77.69412,12.93243]},"properties":{"cell_id":62483,"case_count":1,"gi_zscore":-0.098,"gi_pvalue":0.331,"significance":"not_sig"}},{"type":"Feature","geometry":{"type":"Point","coordinates":[77.70588,12.93243]},"properties":{"cell_id":62484,"case_count":2,"gi_zscore":-0.1028,"gi_pvalue":0.451,"significance":"not_sig"}},{"type":"Feature","geometry":{"type":"Point","coordinates":[77.74118,12.93243]},"properties":{"cell_id":62487,"case_count":1,"gi_zscore":-0.1077,"gi_pvalue":0.459,"significance":"not_sig"}},{"type":"Feature","geometry":{"type":"Point","coordinates":[77.77647,12.93243]},"properties":{"cell_id":62490,"case_count":1,"gi_zscore":-0.1077,"gi_pvalue":0.459,"significance":"not_sig"}},{"type":"Feature","geometry":{"type":"Point","coordinates":[77.82353,12.93243]},"properties":{"cell_id":62494,"case_count":1,"gi_zscore":-0.1173,"gi_pvalue":0.064,"significance":"cold_90"}},{"type":"Feature","geometry":{"type":"Point","coordinates":[77.83529,12.93243]},"properties":{"cell_id":62495,"case_count":1,"gi_zscore":-0.1173,"gi_pvalue":0.064,"significance":"cold_90"}},{"type":"Feature","geometry":{"type":"Point","coordinates":[78.27059,12.93243]},"properties":{"cell_id":62532,"case_count":2,"gi_zscore":-0.1101,"gi_pvalue":0.157,"significance":"not_sig"}},{"type":"Feature","geometry":{"type":"Point","coordinates":[74.8,12.94144]},"properties":{"cell_id":62628,"case_count":1,"gi_zscore":-0.1077,"gi_pvalue":0.459,"significance":"not_sig"}},{"type":"Feature","geometry":{"type":"Point","coordinates":[74.81176,12.94144]},"properties":{"cell_id":62629,"case_count":1,"gi_zscore":-0.1101,"gi_pvalue":0.305,"significance":"not_sig"}},{"type":"Feature","geometry":{"type":"Point","coordinates":[74.84706,12.94144]},"properties":{"cell_id":62632,"case_count":1,"gi_zscore":-0.1028,"gi_pvalue":0.41,"significance":"not_sig"}},{"type":"Feature","geometry":{"type":"Point","coordinates":[75.16471,12.94144]},"properties":{"cell_id":62659,"case_count":1,"gi_zscore":-0.1173,"gi_pvalue":0.064,"significance":"cold_90"}},{"type":"Feature","geometry":{"type":"Point","coordinates":[75.2,12.94144]},"properties":{"cell_id":62662,"case_count":1,"gi_zscore":-0.1173,"gi_pvalue":0.064,"significance":"cold_90"}},{"type":"Feature","geometry":{"type":"Point","coordinates":[76.24706,12.94144]},"properties":{"cell_id":62751,"case_count":1,"gi_zscore":-0.1125,"gi_pvalue":0.157,"significance":"not_sig"}},{"type":"Feature","geometry":{"type":"Point","coordinates":[77.47059,12.94144]},"properties":{"cell_id":62855,"case_count":2,"gi_zscore":-0.1052,"gi_pvalue":0.46,"significance":"not_sig"}},{"type":"Feature","geometry":{"type":"Point","coordinates":[77.48235,12.94144]},"properties":{"cell_id":62856,"case_count":1,"gi_zscore":-0.1004,"gi_pvalue":0.388,"significance":"not_sig"}},{"type":"Feature","geometry":{"type":"Point","coordinates":[77.49412,12.94144]},"properties":{"cell_id":62857,"case_count":2,"gi_zscore":-0.1004,"gi_pvalue":0.388,"significance":"not_sig"}},{"type":"Feature","geometry":{"type":"Point","coordinates":[77.51765,12.94144]},"properties":{"cell_id":62859,"case_count":4,"gi_zscore":-0.057,"gi_pvalue":0.125,"significance":"not_sig"}},{"type":"Feature","geometry":{"type":"Point","coordinates":[77.52941,12.94144]},"properties":{"cell_id":62860,"case_count":4,"gi_zscore":-0.0329,"gi_pvalue":0.108,"significance":"not_sig"}},{"type":"Feature","geometry":{"type":"Point","coordinates":[77.54118,12.94144]},"properties":{"cell_id":62861,"case_count":4,"gi_zscore":-0.0015,"gi_pvalue":0.104,"significance":"not_sig"}},{"type":"Feature","geometry":{"type":"Point","coordinates":[77.55294,12.94144]},"properties":{"cell_id":62862,"case_count":7,"gi_zscore":-0.0063,"gi_pvalue":0.104,"significance":"not_sig"}},{"type":"Feature","geometry":{"type":"Point","coordinates":[77.56471,12.94144]},"properties":{"cell_id":62863,"case_count":6,"gi_zscore":-0.0063,"gi_pvalue":0.104,"significance":"not_sig"}},{"type":"Feature","geometry":{"type":"Point","coordinates":[77.57647,12.94144]},"properties":{"cell_id":62864,"case_count":6,"gi_zscore":-0.0401,"gi_pvalue":0.111,"significance":"not_sig"}},{"type":"Feature","geometry":{"type":"Point","coordinates":[77.58824,12.94144]},"properties":{"cell_id":62865,"case_count":2,"gi_zscore":-0.0329,"gi_pvalue":0.108,"significance":"not_sig"}},{"type":"Feature","geometry":{"type":"Point","coordinates":[77.6,12.94144]},"properties":{"cell_id":62866,"case_count":8,"gi_zscore":-0.0256,"gi_pvalue":0.108,"significance":"not_sig"}},{"type":"Feature","geometry":{"type":"Point","coordinates":[77.61176,12.94144]},"properties":{"cell_id":62867,"case_count":3,"gi_zscore":-0.0039,"gi_pvalue":0.104,"significance":"not_sig"}},{"type":"Feature","geometry":{"type":"Point","coordinates":[77.62353,12.94144]},"properties":{"cell_id":62868,"case_count":3,"gi_zscore":-0.028,"gi_pvalue":0.107,"significance":"not_sig"}},{"type":"Feature","geometry":{"type":"Point","coordinates":[77.63529,12.94144]},"properties":{"cell_id":62869,"case_count":2,"gi_zscore":-0.0691,"gi_pvalue":0.13,"significance":"not_sig"}},{"type":"Feature","geometry":{"type":"Point","coordinates":[77.72941,12.94144]},"properties":{"cell_id":62877,"case_count":1,"gi_zscore":-0.1028,"gi_pvalue":0.445,"significance":"not_sig"}},{"type":"Feature","geometry":{"type":"Point","coordinates":[77.74118,12.94144]},"properties":{"cell_id":62878,"case_count":3,"gi_zscore":-0.1052,"gi_pvalue":0.385,"significance":"not_sig"}},{"type":"Feature","geometry":{"type":"Point","coordinates":[77.75294,12.94144]},"properties":{"cell_id":62879,"case_count":3,"gi_zscore":-0.1077,"gi_pvalue":0.274,"significance":"not_sig"}},{"type":"Feature","geometry":{"type":"Point","coordinates":[77.76471,12.94144]},"properties":{"cell_id":62880,"case_count":1,"gi_zscore":-0.1077,"gi_pvalue":0.455,"significance":"not_sig"}},{"type":"Feature","geometry":{"type":"Point","coordinates":[77.78824,12.94144]},"properties":{"cell_id":62882,"case_count":1,"gi_zscore":-0.1125,"gi_pvalue":0.157,"significance":"not_sig"}},{"type":"Feature","geometry":{"type":"Point","coordinates":[78.27059,12.94144]},"properties":{"cell_id":62923,"case_count":2,"gi_zscore":-0.1077,"gi_pvalue":0.303,"significance":"not_sig"}},{"type":"Feature","geometry":{"type":"Point","coordinates":[78.35294,12.94144]},"properties":{"cell_id":62930,"case_count":1,"gi_zscore":-0.1101,"gi_pvalue":0.303,"significance":"not_sig"}},{"type":"Feature","geometry":{"type":"Point","coordinates":[74.82353,12.95045]},"properties":{"cell_id":63021,"case_count":3,"gi_zscore":-0.1077,"gi_pvalue":0.276,"significance":"not_sig"}},{"type":"Feature","geometry":{"type":"Point","coordinates":[74.92941,12.95045]},"properties":{"cell_id":63030,"case_count":1,"gi_zscore":-0.1149,"gi_pvalue":0.157,"significance":"not_sig"}},{"type":"Feature","geometry":{"type":"Point","coordinates":[77.02353,12.95045]},"properties":{"cell_id":63208,"case_count":1,"gi_zscore":-0.1149,"gi_pvalue":0.157,"significance":"not_sig"}},{"type":"Feature","geometry":{"type":"Point","coordinates":[77.22353,12.95045]},"properties":{"cell_id":63225,"case_count":1,"gi_zscore":-0.1004,"gi_pvalue":0.351,"significance":"not_sig"}},{"type":"Feature","geometry":{"type":"Point","coordinates":[77.48235,12.95045]},"properties":{"cell_id":63247,"case_count":1,"gi_zscore":-0.1052,"gi_pvalue":0.45,"significance":"not_sig"}},{"type":"Feature","geometry":{"type":"Point","coordinates":[77.49412,12.95045]},"properties":{"cell_id":63248,"case_count":1,"gi_zscore":-0.0956,"gi_pvalue":0.283,"significance":"not_sig"}},{"type":"Feature","geometry":{"type":"Point","coordinates":[77.51765,12.95045]},"properties":{"cell_id":63250,"case_count":2,"gi_zscore":-0.0305,"gi_pvalue":0.107,"significance":"not_sig"}},{"type":"Feature","geometry":{"type":"Point","coordinates":[77.52941,12.95045]},"properties":{"cell_id":63251,"case_count":12,"gi_zscore":0.0226,"gi_pvalue":0.103,"significance":"not_sig"}},{"type":"Feature","geometry":{"type":"Point","coordinates":[77.54118,12.95045]},"properties":{"cell_id":63252,"case_count":10,"gi_zscore":0.0274,"gi_pvalue":0.102,"significance":"not_sig"}},{"type":"Feature","geometry":{"type":"Point","coordinates":[77.55294,12.95045]},"properties":{"cell_id":63253,"case_count":8,"gi_zscore":0.0178,"gi_pvalue":0.103,"significance":"not_sig"}},{"type":"Feature","geometry":{"type":"Point","coordinates":[77.56471,12.95045]},"properties":{"cell_id":63254,"case_count":6,"gi_zscore":0.013,"gi_pvalue":0.103,"significance":"not_sig"}},{"type":"Feature","geometry":{"type":"Point","coordinates":[77.57647,12.95045]},"properties":{"cell_id":63255,"case_count":9,"gi_zscore":0.0154,"gi_pvalue":0.103,"significance":"not_sig"}},{"type":"Feature","geometry":{"type":"Point","coordinates":[77.58824,12.95045]},"properties":{"cell_id":63256,"case_count":2,"gi_zscore":0.0081,"gi_pvalue":0.102,"significance":"not_sig"}},{"type":"Feature","geometry":{"type":"Point","coordinates":[77.6,12.95045]},"properties":{"cell_id":63257,"case_count":8,"gi_zscore":-0.0112,"gi_pvalue":0.105,"significance":"not_sig"}},{"type":"Feature","geometry":{"type":"Point","coordinates":[77.61176,12.95045]},"properties":{"cell_id":63258,"case_count":9,"gi_zscore":-0.0136,"gi_pvalue":0.107,"significance":"not_sig"}},{"type":"Feature","geometry":{"type":"Point","coordinates":[77.62353,12.95045]},"properties":{"cell_id":63259,"case_count":10,"gi_zscore":-0.028,"gi_pvalue":0.109,"significance":"not_sig"}},{"type":"Feature","geometry":{"type":"Point","coordinates":[77.64706,12.95045]},"properties":{"cell_id":63261,"case_count":1,"gi_zscore":-0.0811,"gi_pvalue":0.151,"significance":"not_sig"}},{"type":"Feature","geometry":{"type":"Point","coordinates":[77.65882,12.95045]},"properties":{"cell_id":63262,"case_count":1,"gi_zscore":-0.0859,"gi_pvalue":0.182,"significance":"not_sig"}},{"type":"Feature","geometry":{"type":"Point","coordinates":[77.70588,12.95045]},"properties":{"cell_id":63266,"case_count":2,"gi_zscore":-0.098,"gi_pvalue":0.331,"significance":"not_sig"}},{"type":"Feature","geometry":{"type":"Point","coordinates":[77.71765,12.95045]},"properties":{"cell_id":63267,"case_count":2,"gi_zscore":-0.1028,"gi_pvalue":0.453,"significance":"not_sig"}},{"type":"Feature","geometry":{"type":"Point","coordinates":[77.74118,12.95045]},"properties":{"cell_id":63269,"case_count":1,"gi_zscore":-0.1052,"gi_pvalue":0.453,"significance":"not_sig"}},{"type":"Feature","geometry":{"type":"Point","coordinates":[77.75294,12.95045]},"properties":{"cell_id":63270,"case_count":1,"gi_zscore":-0.1077,"gi_pvalue":0.454,"significance":"not_sig"}},{"type":"Feature","geometry":{"type":"Point","coordinates":[78.2,12.95045]},"properties":{"cell_id":63308,"case_count":3,"gi_zscore":-0.098,"gi_pvalue":0.416,"significance":"not_sig"}},{"type":"Feature","geometry":{"type":"Point","coordinates":[78.27059,12.95045]},"properties":{"cell_id":63314,"case_count":1,"gi_zscore":-0.1077,"gi_pvalue":0.455,"significance":"not_sig"}},{"type":"Feature","geometry":{"type":"Point","coordinates":[78.28235,12.95045]},"properties":{"cell_id":63315,"case_count":2,"gi_zscore":-0.1077,"gi_pvalue":0.304,"significance":"not_sig"}},{"type":"Feature","geometry":{"type":"Point","coordinates":[74.8,12.95946]},"properties":{"cell_id":63410,"case_count":1,"gi_zscore":-0.1077,"gi_pvalue":0.455,"significance":"not_sig"}},{"type":"Feature","geometry":{"type":"Point","coordinates":[74.82353,12.95946]},"properties":{"cell_id":63412,"case_count":1,"gi_zscore":-0.1077,"gi_pvalue":0.455,"significance":"not_sig"}},{"type":"Feature","geometry":{"type":"Point","coordinates":[74.87059,12.95946]},"properties":{"cell_id":63416,"case_count":1,"gi_zscore":-0.1077,"gi_pvalue":0.455,"significance":"not_sig"}},{"type":"Feature","geometry":{"type":"Point","coordinates":[74.92941,12.95946]},"properties":{"cell_id":63421,"case_count":1,"gi_zscore":-0.1173,"gi_pvalue":0.064,"significance":"cold_90"}},{"type":"Feature","geometry":{"type":"Point","coordinates":[75.18824,12.95946]},"properties":{"cell_id":63443,"case_count":1,"gi_zscore":-0.1173,"gi_pvalue":0.064,"significance":"cold_90"}},{"type":"Feature","geometry":{"type":"Point","coordinates":[75.37647,12.95946]},"properties":{"cell_id":63459,"case_count":1,"gi_zscore":-0.1173,"gi_pvalue":0.064,"significance":"cold_90"}},{"type":"Feature","geometry":{"type":"Point","coordinates":[77.24706,12.95946]},"properties":{"cell_id":63618,"case_count":1,"gi_zscore":-0.1004,"gi_pvalue":0.353,"significance":"not_sig"}},{"type":"Feature","geometry":{"type":"Point","coordinates":[77.45882,12.95946]},"properties":{"cell_id":63636,"case_count":1,"gi_zscore":-0.1125,"gi_pvalue":0.157,"significance":"not_sig"}},{"type":"Feature","geometry":{"type":"Point","coordinates":[77.47059,12.95946]},"properties":{"cell_id":63637,"case_count":1,"gi_zscore":-0.1125,"gi_pvalue":0.157,"significance":"not_sig"}},{"type":"Feature","geometry":{"type":"Point","coordinates":[77.49412,12.95946]},"properties":{"cell_id":63639,"case_count":2,"gi_zscore":-0.1004,"gi_pvalue":0.393,"significance":"not_sig"}},{"type":"Feature","geometry":{"type":"Point","coordinates":[77.50588,12.95946]},"properties":{"cell_id":63640,"case_count":2,"gi_zscore":-0.0739,"gi_pvalue":0.14,"significance":"not_sig"}},{"type":"Feature","geometry":{"type":"Point","coordinates":[77.51765,12.95946]},"properties":{"cell_id":63641,"case_count":8,"gi_zscore":-0.0087,"gi_pvalue":0.104,"significance":"not_sig"}},{"type":"Feature","geometry":{"type":"Point","coordinates":[77.52941,12.95946]},"properties":{"cell_id":63642,"case_count":8,"gi_zscore":0.0347,"gi_pvalue":0.098,"significance":"hot_90"}},{"type":"Feature","geometry":{"type":"Point","coordinates":[77.54118,12.95946]},"properties":{"cell_id":63643,"case_count":15,"gi_zscore":0.0443,"gi_pvalue":0.1,"significance":"hot_90"}},{"type":"Feature","geometry":{"type":"Point","coordinates":[77.55294,12.95946]},"properties":{"cell_id":63644,"case_count":1,"gi_zscore":0.0226,"gi_pvalue":0.098,"significance":"hot_90"}},{"type":"Feature","geometry":{"type":"Point","coordinates":[77.56471,12.95946]},"properties":{"cell_id":63645,"case_count":8,"gi_zscore":0.054,"gi_pvalue":0.097,"significance":"hot_90"}},{"type":"Feature","geometry":{"type":"Point","coordinates":[77.57647,12.95946]},"properties":{"cell_id":63646,"case_count":12,"gi_zscore":0.054,"gi_pvalue":0.097,"significance":"hot_90"}},{"type":"Feature","geometry":{"type":"Point","coordinates":[77.58824,12.95946]},"properties":{"cell_id":63647,"case_count":13,"gi_zscore":0.2783,"gi_pvalue":0.084,"significance":"hot_90"}},{"type":"Feature","geometry":{"type":"Point","coordinates":[77.6,12.95946]},"properties":{"cell_id":63648,"case_count":1,"gi_zscore":0.2301,"gi_pvalue":0.085,"significance":"hot_90"}},{"type":"Feature","geometry":{"type":"Point","coordinates":[77.61176,12.95946]},"properties":{"cell_id":63649,"case_count":7,"gi_zscore":0.2301,"gi_pvalue":0.088,"significance":"hot_90"}},{"type":"Feature","geometry":{"type":"Point","coordinates":[77.62353,12.95946]},"properties":{"cell_id":63650,"case_count":3,"gi_zscore":-0.016,"gi_pvalue":0.105,"significance":"not_sig"}},{"type":"Feature","geometry":{"type":"Point","coordinates":[77.63529,12.95946]},"properties":{"cell_id":63651,"case_count":4,"gi_zscore":-0.0522,"gi_pvalue":0.116,"significance":"not_sig"}},{"type":"Feature","geometry":{"type":"Point","coordinates":[77.64706,12.95946]},"properties":{"cell_id":63652,"case_count":3,"gi_zscore":-0.0835,"gi_pvalue":0.196,"significance":"not_sig"}},{"type":"Feature","geometry":{"type":"Point","coordinates":[77.65882,12.95946]},"properties":{"cell_id":63653,"case_count":3,"gi_zscore":-0.0884,"gi_pvalue":0.248,"significance":"not_sig"}},{"type":"Feature","geometry":{"type":"Point","coordinates":[77.67059,12.95946]},"properties":{"cell_id":63654,"case_count":3,"gi_zscore":-0.0884,"gi_pvalue":0.248,"significance":"not_sig"}},{"type":"Feature","geometry":{"type":"Point","coordinates":[77.68235,12.95946]},"properties":{"cell_id":63655,"case_count":3,"gi_zscore":-0.0884,"gi_pvalue":0.248,"significance":"not_sig"}},{"type":"Feature","geometry":{"type":"Point","coordinates":[77.70588,12.95946]},"properties":{"cell_id":63657,"case_count":2,"gi_zscore":-0.0956,"gi_pvalue":0.287,"significance":"not_sig"}},{"type":"Feature","geometry":{"type":"Point","coordinates":[77.71765,12.95946]},"properties":{"cell_id":63658,"case_count":1,"gi_zscore":-0.1052,"gi_pvalue":0.452,"significance":"not_sig"}},{"type":"Feature","geometry":{"type":"Point","coordinates":[77.74118,12.95946]},"properties":{"cell_id":63660,"case_count":1,"gi_zscore":-0.1004,"gi_pvalue":0.352,"significance":"not_sig"}},{"type":"Feature","geometry":{"type":"Point","coordinates":[78.25882,12.95946]},"properties":{"cell_id":63704,"case_count":1,"gi_zscore":-0.1101,"gi_pvalue":0.306,"significance":"not_sig"}},{"type":"Feature","geometry":{"type":"Point","coordinates":[78.27059,12.95946]},"properties":{"cell_id":63705,"case_count":1,"gi_zscore":-0.1101,"gi_pvalue":0.306,"significance":"not_sig"}},{"type":"Feature","geometry":{"type":"Point","coordinates":[78.28235,12.95946]},"properties":{"cell_id":63706,"case_count":1,"gi_zscore":-0.1101,"gi_pvalue":0.306,"significance":"not_sig"}},{"type":"Feature","geometry":{"type":"Point","coordinates":[78.29412,12.95946]},"properties":{"cell_id":63707,"case_count":1,"gi_zscore":-0.1101,"gi_pvalue":0.306,"significance":"not_sig"}},{"type":"Feature","geometry":{"type":"Point","coordinates":[74.89412,12.96847]},"properties":{"cell_id":63809,"case_count":1,"gi_zscore":-0.1173,"gi_pvalue":0.065,"significance":"cold_90"}},{"type":"Feature","geometry":{"type":"Point","coordinates":[75.78824,12.96847]},"properties":{"cell_id":63885,"case_count":1,"gi_zscore":-0.1149,"gi_pvalue":0.065,"significance":"cold_90"}},{"type":"Feature","geometry":{"type":"Point","coordinates":[76.42353,12.96847]},"properties":{"cell_id":63939,"case_count":1,"gi_zscore":-0.1125,"gi_pvalue":0.157,"significance":"not_sig"}},{"type":"Feature","geometry":{"type":"Point","coordinates":[77.4,12.96847]},"properties":{"cell_id":64022,"case_count":1,"gi_zscore":-0.1125,"gi_pvalue":0.157,"significance":"not_sig"}},{"type":"Feature","geometry":{"type":"Point","coordinates":[77.49412,12.96847]},"properties":{"cell_id":64030,"case_count":1,"gi_zscore":-0.0956,"gi_pvalue":0.287,"significance":"not_sig"}},{"type":"Feature","geometry":{"type":"Point","coordinates":[77.50588,12.96847]},"properties":{"cell_id":64031,"case_count":5,"gi_zscore":-0.0763,"gi_pvalue":0.168,"significance":"not_sig"}},{"type":"Feature","geometry":{"type":"Point","coordinates":[77.51765,12.96847]},"properties":{"cell_id":64032,"case_count":4,"gi_zscore":-0.0353,"gi_pvalue":0.109,"significance":"not_sig"}},{"type":"Feature","geometry":{"type":"Point","coordinates":[77.52941,12.96847]},"properties":{"cell_id":64033,"case_count":9,"gi_zscore":-0.0087,"gi_pvalue":0.106,"significance":"not_sig"}},{"type":"Feature","geometry":{"type":"Point","coordinates":[77.54118,12.96847]},"properties":{"cell_id":64034,"case_count":4,"gi_zscore":-0.0112,"gi_pvalue":0.105,"significance":"not_sig"}},{"type":"Feature","geometry":{"type":"Point","coordinates":[77.55294,12.96847]},"properties":{"cell_id":64035,"case_count":9,"gi_zscore":-0.0208,"gi_pvalue":0.108,"significance":"not_sig"}},{"type":"Feature","geometry":{"type":"Point","coordinates":[77.56471,12.96847]},"properties":{"cell_id":64036,"case_count":6,"gi_zscore":0.025,"gi_pvalue":0.1,"significance":"hot_90"}},{"type":"Feature","geometry":{"type":"Point","coordinates":[77.57647,12.96847]},"properties":{"cell_id":64037,"case_count":21,"gi_zscore":0.0564,"gi_pvalue":0.102,"significance":"not_sig"}},{"type":"Feature","geometry":{"type":"Point","coordinates":[77.58824,12.96847]},"properties":{"cell_id":64038,"case_count":3,"gi_zscore":1.7089,"gi_pvalue":0.005,"significance":"hot_99"}},{"type":"Feature","geometry":{"type":"Point","coordinates":[77.6,12.96847]},"properties":{"cell_id":64039,"case_count":104,"gi_zscore":1.6703,"gi_pvalue":0.012,"significance":"hot_95"}},{"type":"Feature","geometry":{"type":"Point","coordinates":[77.61176,12.96847]},"properties":{"cell_id":64040,"case_count":6,"gi_zscore":1.6437,"gi_pvalue":0.005,"significance":"hot_99"}},{"type":"Feature","geometry":{"type":"Point","coordinates":[77.62353,12.96847]},"properties":{"cell_id":64041,"case_count":5,"gi_zscore":-0.0377,"gi_pvalue":0.115,"significance":"not_sig"}},{"type":"Feature","geometry":{"type":"Point","coordinates":[77.63529,12.96847]},"properties":{"cell_id":64042,"case_count":4,"gi_zscore":-0.0642,"gi_pvalue":0.136,"significance":"not_sig"}},{"type":"Feature","geometry":{"type":"Point","coordinates":[77.64706,12.96847]},"properties":{"cell_id":64043,"case_count":2,"gi_zscore":-0.0763,"gi_pvalue":0.149,"significance":"not_sig"}},{"type":"Feature","geometry":{"type":"Point","coordinates":[77.65882,12.96847]},"properties":{"cell_id":64044,"case_count":4,"gi_zscore":-0.0932,"gi_pvalue":0.394,"significance":"not_sig"}},{"type":"Feature","geometry":{"type":"Point","coordinates":[77.70588,12.96847]},"properties":{"cell_id":64048,"case_count":2,"gi_zscore":-0.1028,"gi_pvalue":0.478,"significance":"not_sig"}},{"type":"Feature","geometry":{"type":"Point","coordinates":[77.71765,12.96847]},"properties":{"cell_id":64049,"case_count":2,"gi_zscore":-0.1052,"gi_pvalue":0.458,"significance":"not_sig"}},{"type":"Feature","geometry":{"type":"Point","coordinates":[77.74118,12.96847]},"properties":{"cell_id":64051,"case_count":1,"gi_zscore":-0.1077,"gi_pvalue":0.458,"significance":"not_sig"}},{"type":"Feature","geometry":{"type":"Point","coordinates":[77.76471,12.96847]},"properties":{"cell_id":64053,"case_count":1,"gi_zscore":-0.1028,"gi_pvalue":0.446,"significance":"not_sig"}},{"type":"Feature","geometry":{"type":"Point","coordinates":[77.8,12.96847]},"properties":{"cell_id":64056,"case_count":1,"gi_zscore":-0.1077,"gi_pvalue":0.458,"significance":"not_sig"}},{"type":"Feature","geometry":{"type":"Point","coordinates":[78.14118,12.96847]},"properties":{"cell_id":64085,"case_count":2,"gi_zscore":-0.0956,"gi_pvalue":0.337,"significance":"not_sig"}},{"type":"Feature","geometry":{"type":"Point","coordinates":[78.25882,12.96847]},"properties":{"cell_id":64095,"case_count":1,"gi_zscore":-0.1101,"gi_pvalue":0.304,"significance":"not_sig"}},{"type":"Feature","geometry":{"type":"Point","coordinates":[78.27059,12.96847]},"properties":{"cell_id":64096,"case_count":2,"gi_zscore":-0.1125,"gi_pvalue":0.065,"significance":"cold_90"}},{"type":"Feature","geometry":{"type":"Point","coordinates":[78.29412,12.96847]},"properties":{"cell_id":64098,"case_count":1,"gi_zscore":-0.1125,"gi_pvalue":0.16,"significance":"not_sig"}},{"type":"Feature","geometry":{"type":"Point","coordinates":[74.87059,12.97748]},"properties":{"cell_id":64198,"case_count":1,"gi_zscore":-0.1149,"gi_pvalue":0.065,"significance":"cold_90"}},{"type":"Feature","geometry":{"type":"Point","coordinates":[74.98824,12.97748]},"properties":{"cell_id":64208,"case_count":1,"gi_zscore":-0.0908,"gi_pvalue":0.216,"significance":"not_sig"}},{"type":"Feature","geometry":{"type":"Point","coordinates":[75.98824,12.97748]},"properties":{"cell_id":64293,"case_count":1,"gi_zscore":-0.0956,"gi_pvalue":0.292,"significance":"not_sig"}},{"type":"Feature","geometry":{"type":"Point","coordinates":[77.49412,12.97748]},"properties":{"cell_id":64421,"case_count":1,"gi_zscore":-0.0763,"gi_pvalue":0.145,"significance":"not_sig"}},{"type":"Feature","geometry":{"type":"Point","coordinates":[77.50588,12.97748]},"properties":{"cell_id":64422,"case_count":2,"gi_zscore":-0.0835,"gi_pvalue":0.17,"significance":"not_sig"}},{"type":"Feature","geometry":{"type":"Point","coordinates":[77.51765,12.97748]},"properties":{"cell_id":64423,"case_count":1,"gi_zscore":-0.0546,"gi_pvalue":0.117,"significance":"not_sig"}},{"type":"Feature","geometry":{"type":"Point","coordinates":[77.52941,12.97748]},"properties":{"cell_id":64424,"case_count":4,"gi_zscore":-0.057,"gi_pvalue":0.125,"significance":"not_sig"}},{"type":"Feature","geometry":{"type":"Point","coordinates":[77.54118,12.97748]},"properties":{"cell_id":64425,"case_count":1,"gi_zscore":-0.0136,"gi_pvalue":0.11,"significance":"not_sig"}},{"type":"Feature","geometry":{"type":"Point","coordinates":[77.55294,12.97748]},"properties":{"cell_id":64426,"case_count":2,"gi_zscore":-0.0184,"gi_pvalue":0.11,"significance":"not_sig"}},{"type":"Feature","geometry":{"type":"Point","coordinates":[77.56471,12.97748]},"properties":{"cell_id":64427,"case_count":3,"gi_zscore":0.0323,"gi_pvalue":0.102,"significance":"not_sig"}},{"type":"Feature","geometry":{"type":"Point","coordinates":[77.57647,12.97748]},"properties":{"cell_id":64428,"case_count":6,"gi_zscore":0.0081,"gi_pvalue":0.109,"significance":"not_sig"}},{"type":"Feature","geometry":{"type":"Point","coordinates":[77.6,12.97748]},"properties":{"cell_id":64430,"case_count":604,"gi_zscore":3.1636,"gi_pvalue":0.004,"significance":"hot_99"}},{"type":"Feature","geometry":{"type":"Point","coordinates":[77.61176,12.97748]},"properties":{"cell_id":64431,"case_count":4,"gi_zscore":3.1901,"gi_pvalue":0.001,"significance":"hot_99"}},{"type":"Feature","geometry":{"type":"Point","coordinates":[77.62353,12.97748]},"properties":{"cell_id":64432,"case_count":5,"gi_zscore":1.3494,"gi_pvalue":0.025,"significance":"hot_95"}},{"type":"Feature","geometry":{"type":"Point","coordinates":[77.63529,12.97748]},"properties":{"cell_id":64433,"case_count":4,"gi_zscore":-0.0618,"gi_pvalue":0.128,"significance":"not_sig"}},{"type":"Feature","geometry":{"type":"Point","coordinates":[77.64706,12.97748]},"properties":{"cell_id":64434,"case_count":1,"gi_zscore":-0.0763,"gi_pvalue":0.144,"significance":"not_sig"}},{"type":"Feature","geometry":{"type":"Point","coordinates":[77.68235,12.97748]},"properties":{"cell_id":64437,"case_count":1,"gi_zscore":-0.0884,"gi_pvalue":0.203,"significance":"not_sig"}},{"type":"Feature","geometry":{"type":"Point","coordinates":[77.69412,12.97748]},"properties":{"cell_id":64438,"case_count":2,"gi_zscore":-0.0956,"gi_pvalue":0.336,"significance":"not_sig"}},{"type":"Feature","geometry":{"type":"Point","coordinates":[77.74118,12.97748]},"properties":{"cell_id":64442,"case_count":2,"gi_zscore":-0.1028,"gi_pvalue":0.456,"significance":"not_sig"}},{"type":"Feature","geometry":{"type":"Point","coordinates":[77.75294,12.97748]},"properties":{"cell_id":64443,"case_count":3,"gi_zscore":-0.0956,"gi_pvalue":0.396,"significance":"not_sig"}},{"type":"Feature","geometry":{"type":"Point","coordinates":[77.76471,12.97748]},"properties":{"cell_id":64444,"case_count":2,"gi_zscore":-0.0956,"gi_pvalue":0.336,"significance":"not_sig"}},{"type":"Feature","geometry":{"type":"Point","coordinates":[77.77647,12.97748]},"properties":{"cell_id":64445,"case_count":1,"gi_zscore":-0.0956,"gi_pvalue":0.294,"significance":"not_sig"}},{"type":"Feature","geometry":{"type":"Point","coordinates":[77.81176,12.97748]},"properties":{"cell_id":64448,"case_count":1,"gi_zscore":-0.1052,"gi_pvalue":0.456,"significance":"not_sig"}},{"type":"Feature","geometry":{"type":"Point","coordinates":[77.82353,12.97748]},"properties":{"cell_id":64449,"case_count":1,"gi_zscore":-0.1077,"gi_pvalue":0.386,"significance":"not_sig"}},{"type":"Feature","geometry":{"type":"Point","coordinates":[77.94118,12.97748]},"properties":{"cell_id":64459,"case_count":1,"gi_zscore":-0.0932,"gi_pvalue":0.243,"significance":"not_sig"}},{"type":"Feature","geometry":{"type":"Point","coordinates":[78.22353,12.97748]},"properties":{"cell_id":64483,"case_count":1,"gi_zscore":-0.1028,"gi_pvalue":0.424,"significance":"not_sig"}},{"type":"Feature","geometry":{"type":"Point","coordinates":[78.27059,12.97748]},"properties":{"cell_id":64487,"case_count":1,"gi_zscore":-0.1125,"gi_pvalue":0.158,"significance":"not_sig"}},{"type":"Feature","geometry":{"type":"Point","coordinates":[74.8,12.98649]},"properties":{"cell_id":64583,"case_count":2,"gi_zscore":-0.1125,"gi_pvalue":0.065,"significance":"cold_90"}},{"type":"Feature","geometry":{"type":"Point","coordinates":[74.82353,12.98649]},"properties":{"cell_id":64585,"case_count":2,"gi_zscore":-0.1125,"gi_pvalue":0.158,"significance":"not_sig"}},{"type":"Feature","geometry":{"type":"Point","coordinates":[75.27059,12.98649]},"properties":{"cell_id":64623,"case_count":1,"gi_zscore":-0.1173,"gi_pvalue":0.065,"significance":"cold_90"}},{"type":"Feature","geometry":{"type":"Point","coordinates":[75.36471,12.98649]},"properties":{"cell_id":64631,"case_count":1,"gi_zscore":-0.1173,"gi_pvalue":0.065,"significance":"cold_90"}},{"type":"Feature","geometry":{"type":"Point","coordinates":[76.87059,12.98649]},"properties":{"cell_id":64759,"case_count":1,"gi_zscore":-0.1173,"gi_pvalue":0.065,"significance":"cold_90"}},{"type":"Feature","geometry":{"type":"Point","coordinates":[76.95294,12.98649]},"properties":{"cell_id":64766,"case_count":1,"gi_zscore":-0.1149,"gi_pvalue":0.065,"significance":"cold_90"}},{"type":"Feature","geometry":{"type":"Point","coordinates":[77.07059,12.98649]},"properties":{"cell_id":64776,"case_count":2,"gi_zscore":-0.1149,"gi_pvalue":0.066,"significance":"cold_90"}},{"type":"Feature","geometry":{"type":"Point","coordinates":[77.27059,12.98649]},"properties":{"cell_id":64793,"case_count":1,"gi_zscore":-0.1004,"gi_pvalue":0.357,"significance":"not_sig"}},{"type":"Feature","geometry":{"type":"Point","coordinates":[77.45882,12.98649]},"properties":{"cell_id":64809,"case_count":1,"gi_zscore":-0.1173,"gi_pvalue":0.066,"significance":"cold_90"}},{"type":"Feature","geometry":{"type":"Point","coordinates":[77.49412,12.98649]},"properties":{"cell_id":64812,"case_count":3,"gi_zscore":-0.0739,"gi_pvalue":0.149,"significance":"not_sig"}},{"type":"Feature","geometry":{"type":"Point","coordinates":[77.50588,12.98649]},"properties":{"cell_id":64813,"case_count":5,"gi_zscore":-0.0763,"gi_pvalue":0.169,"significance":"not_sig"}},{"type":"Feature","geometry":{"type":"Point","coordinates":[77.51765,12.98649]},"properties":{"cell_id":64814,"case_count":1,"gi_zscore":-0.057,"gi_pvalue":0.119,"significance":"not_sig"}},{"type":"Feature","geometry":{"type":"Point","coordinates":[77.52941,12.98649]},"properties":{"cell_id":64815,"case_count":4,"gi_zscore":-0.0642,"gi_pvalue":0.134,"significance":"not_sig"}},{"type":"Feature","geometry":{"type":"Point","coordinates":[77.54118,12.98649]},"properties":{"cell_id":64816,"case_count":6,"gi_zscore":-0.0353,"gi_pvalue":0.115,"significance":"not_sig"}},{"type":"Feature","geometry":{"type":"Point","coordinates":[77.55294,12.98649]},"properties":{"cell_id":64817,"case_count":13,"gi_zscore":-0.0305,"gi_pvalue":0.12,"significance":"not_sig"}},{"type":"Feature","geometry":{"type":"Point","coordinates":[77.56471,12.98649]},"properties":{"cell_id":64818,"case_count":6,"gi_zscore":-0.0063,"gi_pvalue":0.109,"significance":"not_sig"}},{"type":"Feature","geometry":{"type":"Point","coordinates":[77.57647,12.98649]},"properties":{"cell_id":64819,"case_count":5,"gi_zscore":-0.016,"gi_pvalue":0.109,"significance":"not_sig"}},{"type":"Feature","geometry":{"type":"Point","coordinates":[77.58824,12.98649]},"properties":{"cell_id":64820,"case_count":2,"gi_zscore":1.5545,"gi_pvalue":0.004,"significance":"hot_99"}},{"type":"Feature","geometry":{"type":"Point","coordinates":[77.6,12.98649]},"properties":{"cell_id":64821,"case_count":66,"gi_zscore":3.4941,"gi_pvalue":0.001,"significance":"hot_99"}},{"type":"Feature","geometry":{"type":"Point","coordinates":[77.61176,12.98649]},"properties":{"cell_id":64822,"case_count":579,"gi_zscore":4.3384,"gi_pvalue":0.001,"significance":"hot_99"}},{"type":"Feature","geometry":{"type":"Point","coordinates":[77.62353,12.98649]},"properties":{"cell_id":64823,"case_count":7,"gi_zscore":3.7184,"gi_pvalue":0.001,"significance":"hot_99"}},{"type":"Feature","geometry":{"type":"Point","coordinates":[77.63529,12.98649]},"properties":{"cell_id":64824,"case_count":3,"gi_zscore":1.195,"gi_pvalue":0.033,"significance":"hot_95"}},{"type":"Feature","geometry":{"type":"Point","coordinates":[77.64706,12.98649]},"properties":{"cell_id":64825,"case_count":1,"gi_zscore":0.3266,"gi_pvalue":0.081,"significance":"hot_90"}},{"type":"Feature","geometry":{"type":"Point","coordinates":[77.70588,12.98649]},"properties":{"cell_id":64830,"case_count":1,"gi_zscore":-0.0932,"gi_pvalue":0.238,"significance":"not_sig"}},{"type":"Feature","geometry":{"type":"Point","coordinates":[77.72941,12.98649]},"properties":{"cell_id":64832,"case_count":1,"gi_zscore":-0.1125,"gi_pvalue":0.279,"significance":"not_sig"}},{"type":"Feature","geometry":{"type":"Point","coordinates":[77.75294,12.98649]},"properties":{"cell_id":64834,"case_count":1,"gi_zscore":-0.0956,"gi_pvalue":0.287,"significance":"not_sig"}},{"type":"Feature","geometry":{"type":"Point","coordinates":[77.76471,12.98649]},"properties":{"cell_id":64835,"case_count":3,"gi_zscore":-0.0956,"gi_pvalue":0.395,"significance":"not_sig"}},{"type":"Feature","geometry":{"type":"Point","coordinates":[77.77647,12.98649]},"properties":{"cell_id":64836,"case_count":2,"gi_zscore":-0.1004,"gi_pvalue":0.447,"significance":"not_sig"}},{"type":"Feature","geometry":{"type":"Point","coordinates":[77.78824,12.98649]},"properties":{"cell_id":64837,"case_count":3,"gi_zscore":-0.098,"gi_pvalue":0.421,"significance":"not_sig"}},{"type":"Feature","geometry":{"type":"Point","coordinates":[77.91765,12.98649]},"properties":{"cell_id":64848,"case_count":1,"gi_zscore":-0.0932,"gi_pvalue":0.238,"significance":"not_sig"}},{"type":"Feature","geometry":{"type":"Point","coordinates":[78.17647,12.98649]},"properties":{"cell_id":64870,"case_count":3,"gi_zscore":-0.0956,"gi_pvalue":0.355,"significance":"not_sig"}},{"type":"Feature","geometry":{"type":"Point","coordinates":[78.18824,12.98649]},"properties":{"cell_id":64871,"case_count":3,"gi_zscore":-0.0956,"gi_pvalue":0.355,"significance":"not_sig"}},{"type":"Feature","geometry":{"type":"Point","coordinates":[78.2,12.98649]},"properties":{"cell_id":64872,"case_count":1,"gi_zscore":-0.0956,"gi_pvalue":0.287,"significance":"not_sig"}},{"type":"Feature","geometry":{"type":"Point","coordinates":[78.21176,12.98649]},"properties":{"cell_id":64873,"case_count":3,"gi_zscore":-0.098,"gi_pvalue":0.419,"significance":"not_sig"}},{"type":"Feature","geometry":{"type":"Point","coordinates":[74.8,12.9955]},"properties":{"cell_id":64974,"case_count":1,"gi_zscore":-0.1125,"gi_pvalue":0.158,"significance":"not_sig"}},{"type":"Feature","geometry":{"type":"Point","coordinates":[74.81176,12.9955]},"properties":{"cell_id":64975,"case_count":1,"gi_zscore":-0.1125,"gi_pvalue":0.281,"significance":"not_sig"}},{"type":"Feature","geometry":{"type":"Point","coordinates":[74.82353,12.9955]},"properties":{"cell_id":64976,"case_count":1,"gi_zscore":-0.1125,"gi_pvalue":0.281,"significance":"not_sig"}},{"type":"Feature","geometry":{"type":"Point","coordinates":[74.83529,12.9955]},"properties":{"cell_id":64977,"case_count":1,"gi_zscore":-0.1125,"gi_pvalue":0.281,"significance":"not_sig"}},{"type":"Feature","geometry":{"type":"Point","coordinates":[74.84706,12.9955]},"properties":{"cell_id":64978,"case_count":1,"gi_zscore":-0.1149,"gi_pvalue":0.158,"significance":"not_sig"}},{"type":"Feature","geometry":{"type":"Point","coordinates":[74.96471,12.9955]},"properties":{"cell_id":64988,"case_count":1,"gi_zscore":-0.0908,"gi_pvalue":0.214,"significance":"not_sig"}},{"type":"Feature","geometry":{"type":"Point","coordinates":[75.0,12.9955]},"properties":{"cell_id":64991,"case_count":7,"gi_zscore":-0.0884,"gi_pvalue":0.442,"significance":"not_sig"}},{"type":"Feature","geometry":{"type":"Point","coordinates":[75.27059,12.9955]},"properties":{"cell_id":65014,"case_count":1,"gi_zscore":-0.1173,"gi_pvalue":0.067,"significance":"cold_90"}},{"type":"Feature","geometry":{"type":"Point","coordinates":[75.28235,12.9955]},"properties":{"cell_id":65015,"case_count":1,"gi_zscore":-0.1173,"gi_pvalue":0.067,"significance":"cold_90"}},{"type":"Feature","geometry":{"type":"Point","coordinates":[75.32941,12.9955]},"properties":{"cell_id":65019,"case_count":1,"gi_zscore":-0.1173,"gi_pvalue":0.067,"significance":"cold_90"}},{"type":"Feature","geometry":{"type":"Point","coordinates":[75.36471,12.9955]},"properties":{"cell_id":65022,"case_count":1,"gi_zscore":-0.1173,"gi_pvalue":0.067,"significance":"cold_90"}},{"type":"Feature","geometry":{"type":"Point","coordinates":[76.09412,12.9955]},"properties":{"cell_id":65084,"case_count":1,"gi_zscore":-0.1004,"gi_pvalue":0.355,"significance":"not_sig"}},{"type":"Feature","geometry":{"type":"Point","coordinates":[77.0,12.9955]},"properties":{"cell_id":65161,"case_count":1,"gi_zscore":-0.1149,"gi_pvalue":0.067,"significance":"cold_90"}},{"type":"Feature","geometry":{"type":"Point","coordinates":[77.02353,12.9955]},"properties":{"cell_id":65163,"case_count":1,"gi_zscore":-0.1149,"gi_pvalue":0.067,"significance":"cold_90"}},{"type":"Feature","geometry":{"type":"Point","coordinates":[77.36471,12.9955]},"properties":{"cell_id":65192,"case_count":2,"gi_zscore":-0.1125,"gi_pvalue":0.068,"significance":"cold_90"}},{"type":"Feature","geometry":{"type":"Point","coordinates":[77.43529,12.9955]},"properties":{"cell_id":65198,"case_count":1,"gi_zscore":-0.1173,"gi_pvalue":0.068,"significance":"cold_90"}},{"type":"Feature","geometry":{"type":"Point","coordinates":[77.44706,12.9955]},"properties":{"cell_id":65199,"case_count":1,"gi_zscore":-0.1173,"gi_pvalue":0.068,"significance":"cold_90"}},{"type":"Feature","geometry":{"type":"Point","coordinates":[77.45882,12.9955]},"properties":{"cell_id":65200,"case_count":1,"gi_zscore":-0.1173,"gi_pvalue":0.068,"significance":"cold_90"}},{"type":"Feature","geometry":{"type":"Point","coordinates":[77.47059,12.9955]},"properties":{"cell_id":65201,"case_count":1,"gi_zscore":-0.1125,"gi_pvalue":0.284,"significance":"not_sig"}},{"type":"Feature","geometry":{"type":"Point","coordinates":[77.49412,12.9955]},"properties":{"cell_id":65203,"case_count":1,"gi_zscore":-0.0594,"gi_pvalue":0.118,"significance":"not_sig"}},{"type":"Feature","geometry":{"type":"Point","coordinates":[77.50588,12.9955]},"properties":{"cell_id":65204,"case_count":6,"gi_zscore":-0.0473,"gi_pvalue":0.118,"significance":"not_sig"}},{"type":"Feature","geometry":{"type":"Point","coordinates":[77.51765,12.9955]},"properties":{"cell_id":65205,"case_count":6,"gi_zscore":-0.0232,"gi_pvalue":0.109,"significance":"not_sig"}},{"type":"Feature","geometry":{"type":"Point","coordinates":[77.52941,12.9955]},"properties":{"cell_id":65206,"case_count":5,"gi_zscore":-0.0425,"gi_pvalue":0.112,"significance":"not_sig"}},{"type":"Feature","geometry":{"type":"Point","coordinates":[77.54118,12.9955]},"properties":{"cell_id":65207,"case_count":3,"gi_zscore":-0.0087,"gi_pvalue":0.106,"significance":"not_sig"}},{"type":"Feature","geometry":{"type":"Point","coordinates":[77.55294,12.9955]},"properties":{"cell_id":65208,"case_count":5,"gi_zscore":-0.0184,"gi_pvalue":0.106,"significance":"not_sig"}},{"type":"Feature","geometry":{"type":"Point","coordinates":[77.56471,12.9955]},"properties":{"cell_id":65209,"case_count":6,"gi_zscore":0.0081,"gi_pvalue":0.104,"significance":"not_sig"}},{"type":"Feature","geometry":{"type":"Point","coordinates":[77.57647,12.9955]},"properties":{"cell_id":65210,"case_count":9,"gi_zscore":-0.0112,"gi_pvalue":0.107,"significance":"not_sig"}},{"type":"Feature","geometry":{"type":"Point","coordinates":[77.58824,12.9955]},"properties":{"cell_id":65211,"case_count":6,"gi_zscore":0.1167,"gi_pvalue":0.096,"significance":"hot_90"}},{"type":"Feature","geometry":{"type":"Point","coordinates":[77.6,12.9955]},"properties":{"cell_id":65212,"case_count":1,"gi_zscore":3.4989,"gi_pvalue":0.001,"significance":"hot_99"}},{"type":"Feature","geometry":{"type":"Point","coordinates":[77.61176,12.9955]},"properties":{"cell_id":65213,"case_count":238,"gi_zscore":3.8704,"gi_pvalue":0.001,"significance":"hot_99"}},{"type":"Feature","geometry":{"type":"Point","coordinates":[77.62353,12.9955]},"properties":{"cell_id":65214,"case_count":352,"gi_zscore":4.1382,"gi_pvalue":0.001,"significance":"hot_99"}},{"type":"Feature","geometry":{"type":"Point","coordinates":[77.65882,12.9955]},"properties":{"cell_id":65217,"case_count":1,"gi_zscore":-0.1077,"gi_pvalue":0.461,"significance":"not_sig"}},{"type":"Feature","geometry":{"type":"Point","coordinates":[77.69412,12.9955]},"properties":{"cell_id":65220,"case_count":4,"gi_zscore":-0.0859,"gi_pvalue":0.246,"significance":"not_sig"}},{"type":"Feature","geometry":{"type":"Point","coordinates":[77.70588,12.9955]},"properties":{"cell_id":65221,"case_count":1,"gi_zscore":-0.0859,"gi_pvalue":0.175,"significance":"not_sig"}},{"type":"Feature","geometry":{"type":"Point","coordinates":[77.72941,12.9955]},"properties":{"cell_id":65223,"case_count":1,"gi_zscore":-0.1052,"gi_pvalue":0.453,"significance":"not_sig"}},{"type":"Feature","geometry":{"type":"Point","coordinates":[77.74118,12.9955]},"properties":{"cell_id":65224,"case_count":1,"gi_zscore":-0.1028,"gi_pvalue":0.396,"significance":"not_sig"}},{"type":"Feature","geometry":{"type":"Point","coordinates":[77.75294,12.9955]},"properties":{"cell_id":65225,"case_count":4,"gi_zscore":-0.0956,"gi_pvalue":0.42,"significance":"not_sig"}},{"type":"Feature","geometry":{"type":"Point","coordinates":[77.76471,12.9955]},"properties":{"cell_id":65226,"case_count":1,"gi_zscore":-0.0932,"gi_pvalue":0.241,"significance":"not_sig"}},{"type":"Feature","geometry":{"type":"Point","coordinates":[77.78824,12.9955]},"properties":{"cell_id":65228,"case_count":2,"gi_zscore":-0.098,"gi_pvalue":0.395,"significance":"not_sig"}},{"type":"Feature","geometry":{"type":"Point","coordinates":[77.94118,12.9955]},"properties":{"cell_id":65241,"case_count":1,"gi_zscore":-0.0932,"gi_pvalue":0.241,"significance":"not_sig"}},{"type":"Feature","geometry":{"type":"Point","coordinates":[77.97647,12.9955]},"properties":{"cell_id":65244,"case_count":2,"gi_zscore":-0.0932,"gi_pvalue":0.286,"significance":"not_sig"}},{"type":"Feature","geometry":{"type":"Point","coordinates":[78.23529,12.9955]},"properties":{"cell_id":65266,"case_count":1,"gi_zscore":-0.1101,"gi_pvalue":0.308,"significance":"not_sig"}},{"type":"Feature","geometry":{"type":"Point","coordinates":[78.29412,12.9955]},"properties":{"cell_id":65271,"case_count":1,"gi_zscore":-0.1101,"gi_pvalue":0.308,"significance":"not_sig"}},{"type":"Feature","geometry":{"type":"Point","coordinates":[74.82353,13.0045]},"properties":{"cell_id":65367,"case_count":1,"gi_zscore":-0.1125,"gi_pvalue":0.285,"significance":"not_sig"}},{"type":"Feature","geometry":{"type":"Point","coordinates":[76.09412,13.0045]},"properties":{"cell_id":65475,"case_count":2,"gi_zscore":-0.1004,"gi_pvalue":0.394,"significance":"not_sig"}},{"type":"Feature","geometry":{"type":"Point","coordinates":[76.10588,13.0045]},"properties":{"cell_id":65476,"case_count":5,"gi_zscore":-0.1004,"gi_pvalue":0.309,"significance":"not_sig"}},{"type":"Feature","geometry":{"type":"Point","coordinates":[76.11765,13.0045]},"properties":{"cell_id":65477,"case_count":1,"gi_zscore":-0.1004,"gi_pvalue":0.355,"significance":"not_sig"}},{"type":"Feature","geometry":{"type":"Point","coordinates":[77.0,13.0045]},"properties":{"cell_id":65552,"case_count":1,"gi_zscore":-0.1149,"gi_pvalue":0.068,"significance":"cold_90"}},{"type":"Feature","geometry":{"type":"Point","coordinates":[77.01176,13.0045]},"properties":{"cell_id":65553,"case_count":1,"gi_zscore":-0.1149,"gi_pvalue":0.068,"significance":"cold_90"}},{"type":"Feature","geometry":{"type":"Point","coordinates":[77.04706,13.0045]},"properties":{"cell_id":65556,"case_count":1,"gi_zscore":-0.1125,"gi_pvalue":0.167,"significance":"not_sig"}},{"type":"Feature","geometry":{"type":"Point","coordinates":[77.07059,13.0045]},"properties":{"cell_id":65558,"case_count":1,"gi_zscore":-0.1149,"gi_pvalue":0.167,"significance":"not_sig"}},{"type":"Feature","geometry":{"type":"Point","coordinates":[77.30588,13.0045]},"properties":{"cell_id":65578,"case_count":8,"gi_zscore":-0.1004,"gi_pvalue":0.068,"significance":"cold_90"}},{"type":"Feature","geometry":{"type":"Point","coordinates":[77.31765,13.0045]},"properties":{"cell_id":65579,"case_count":1,"gi_zscore":-0.1004,"gi_pvalue":0.333,"significance":"not_sig"}},{"type":"Feature","geometry":{"type":"Point","coordinates":[77.34118,13.0045]},"properties":{"cell_id":65581,"case_count":1,"gi_zscore":-0.098,"gi_pvalue":0.297,"significance":"not_sig"}},{"type":"Feature","geometry":{"type":"Point","coordinates":[77.47059,13.0045]},"properties":{"cell_id":65592,"case_count":1,"gi_zscore":-0.1028,"gi_pvalue":0.416,"significance":"not_sig"}},{"type":"Feature","geometry":{"type":"Point","coordinates":[77.48235,13.0045]},"properties":{"cell_id":65593,"case_count":1,"gi_zscore":-0.098,"gi_pvalue":0.297,"significance":"not_sig"}},{"type":"Feature","geometry":{"type":"Point","coordinates":[77.49412,13.0045]},"properties":{"cell_id":65594,"case_count":7,"gi_zscore":-0.0691,"gi_pvalue":0.159,"significance":"not_sig"}},{"type":"Feature","geometry":{"type":"Point","coordinates":[77.50588,13.0045]},"properties":{"cell_id":65595,"case_count":8,"gi_zscore":-0.0449,"gi_pvalue":0.122,"significance":"not_sig"}},{"type":"Feature","geometry":{"type":"Point","coordinates":[77.51765,13.0045]},"properties":{"cell_id":65596,"case_count":1,"gi_zscore":0.0588,"gi_pvalue":0.097,"significance":"hot_90"}},{"type":"Feature","geometry":{"type":"Point","coordinates":[77.52941,13.0045]},"properties":{"cell_id":65597,"case_count":12,"gi_zscore":0.054,"gi_pvalue":0.098,"significance":"hot_90"}},{"type":"Feature","geometry":{"type":"Point","coordinates":[77.54118,13.0045]},"properties":{"cell_id":65598,"case_count":2,"gi_zscore":0.0467,"gi_pvalue":0.097,"significance":"hot_90"}},{"type":"Feature","geometry":{"type":"Point","coordinates":[77.55294,13.0045]},"properties":{"cell_id":65599,"case_count":4,"gi_zscore":-0.0208,"gi_pvalue":0.107,"significance":"not_sig"}},{"type":"Feature","geometry":{"type":"Point","coordinates":[77.56471,13.0045]},"properties":{"cell_id":65600,"case_count":5,"gi_zscore":-0.0377,"gi_pvalue":0.112,"significance":"not_sig"}},{"type":"Feature","geometry":{"type":"Point","coordinates":[77.57647,13.0045]},"properties":{"cell_id":65601,"case_count":8,"gi_zscore":-0.0305,"gi_pvalue":0.112,"significance":"not_sig"}},{"type":"Feature","geometry":{"type":"Point","coordinates":[77.6,13.0045]},"properties":{"cell_id":65603,"case_count":6,"gi_zscore":0.6812,"gi_pvalue":0.061,"significance":"hot_90"}},{"type":"Feature","geometry":{"type":"Point","coordinates":[77.61176,13.0045]},"properties":{"cell_id":65604,"case_count":6,"gi_zscore":2.3409,"gi_pvalue":0.003,"significance":"hot_99"}},{"type":"Feature","geometry":{"type":"Point","coordinates":[77.62353,13.0045]},"properties":{"cell_id":65605,"case_count":407,"gi_zscore":4.2033,"gi_pvalue":0.001,"significance":"hot_99"}},{"type":"Feature","geometry":{"type":"Point","coordinates":[77.63529,13.0045]},"properties":{"cell_id":65606,"case_count":176,"gi_zscore":3.5954,"gi_pvalue":0.001,"significance":"hot_99"}},{"type":"Feature","geometry":{"type":"Point","coordinates":[77.64706,13.0045]},"properties":{"cell_id":65607,"case_count":1,"gi_zscore":3.219,"gi_pvalue":0.001,"significance":"hot_99"}},{"type":"Feature","geometry":{"type":"Point","coordinates":[77.65882,13.0045]},"properties":{"cell_id":65608,"case_count":1,"gi_zscore":1.3784,"gi_pvalue":0.015,"significance":"hot_95"}},{"type":"Feature","geometry":{"type":"Point","coordinates":[77.67059,13.0045]},"properties":{"cell_id":65609,"case_count":1,"gi_zscore":-0.0691,"gi_pvalue":0.129,"significance":"not_sig"}},{"type":"Feature","geometry":{"type":"Point","coordinates":[77.68235,13.0045]},"properties":{"cell_id":65610,"case_count":1,"gi_zscore":-0.0498,"gi_pvalue":0.112,"significance":"not_sig"}},{"type":"Feature","geometry":{"type":"Point","coordinates":[77.69412,13.0045]},"properties":{"cell_id":65611,"case_count":4,"gi_zscore":-0.0715,"gi_pvalue":0.145,"significance":"not_sig"}},{"type":"Feature","geometry":{"type":"Point","coordinates":[77.70588,13.0045]},"properties":{"cell_id":65612,"case_count":2,"gi_zscore":-0.0763,"gi_pvalue":0.147,"significance":"not_sig"}},{"type":"Feature","geometry":{"type":"Point","coordinates":[77.71765,13.0045]},"properties":{"cell_id":65613,"case_count":1,"gi_zscore":-0.0884,"gi_pvalue":0.194,"significance":"not_sig"}},{"type":"Feature","geometry":{"type":"Point","coordinates":[77.8,13.0045]},"properties":{"cell_id":65620,"case_count":2,"gi_zscore":-0.1052,"gi_pvalue":0.465,"significance":"not_sig"}},{"type":"Feature","geometry":{"type":"Point","coordinates":[77.82353,13.0045]},"properties":{"cell_id":65622,"case_count":1,"gi_zscore":-0.1077,"gi_pvalue":0.464,"significance":"not_sig"}},{"type":"Feature","geometry":{"type":"Point","coordinates":[77.87059,13.0045]},"properties":{"cell_id":65626,"case_count":1,"gi_zscore":-0.1173,"gi_pvalue":0.068,"significance":"cold_90"}},{"type":"Feature","geometry":{"type":"Point","coordinates":[77.92941,13.0045]},"properties":{"cell_id":65631,"case_count":1,"gi_zscore":-0.0932,"gi_pvalue":0.239,"significance":"not_sig"}},{"type":"Feature","geometry":{"type":"Point","coordinates":[77.94118,13.0045]},"properties":{"cell_id":65632,"case_count":10,"gi_zscore":-0.0932,"gi_pvalue":0.068,"significance":"cold_90"}},{"type":"Feature","geometry":{"type":"Point","coordinates":[78.18824,13.0045]},"properties":{"cell_id":65653,"case_count":1,"gi_zscore":-0.098,"gi_pvalue":0.332,"significance":"not_sig"}},{"type":"Feature","geometry":{"type":"Point","coordinates":[78.31765,13.0045]},"properties":{"cell_id":65664,"case_count":1,"gi_zscore":-0.1101,"gi_pvalue":0.307,"significance":"not_sig"}},{"type":"Feature","geometry":{"type":"Point","coordinates":[78.32941,13.0045]},"properties":{"cell_id":65665,"case_count":3,"gi_zscore":-0.1101,"gi_pvalue":0.17,"significance":"not_sig"}},{"type":"Feature","geometry":{"type":"Point","coordinates":[76.0,13.01351]},"properties":{"cell_id":65858,"case_count":3,"gi_zscore":-0.0956,"gi_pvalue":0.351,"significance":"not_sig"}},{"type":"Feature","geometry":{"type":"Point","coordinates":[76.10588,13.01351]},"properties":{"cell_id":65867,"case_count":3,"gi_zscore":-0.1004,"gi_pvalue":0.444,"significance":"not_sig"}},{"type":"Feature","geometry":{"type":"Point","coordinates":[76.11765,13.01351]},"properties":{"cell_id":65868,"case_count":1,"gi_zscore":-0.1004,"gi_pvalue":0.351,"significance":"not_sig"}},{"type":"Feature","geometry":{"type":"Point","coordinates":[76.50588,13.01351]},"properties":{"cell_id":65901,"case_count":1,"gi_zscore":-0.1125,"gi_pvalue":0.286,"significance":"not_sig"}},{"type":"Feature","geometry":{"type":"Point","coordinates":[77.03529,13.01351]},"properties":{"cell_id":65946,"case_count":1,"gi_zscore":-0.1149,"gi_pvalue":0.068,"significance":"cold_90"}},{"type":"Feature","geometry":{"type":"Point","coordinates":[77.31765,13.01351]},"properties":{"cell_id":65970,"case_count":1,"gi_zscore":-0.1004,"gi_pvalue":0.332,"significance":"not_sig"}},{"type":"Feature","geometry":{"type":"Point","coordinates":[77.32941,13.01351]},"properties":{"cell_id":65971,"case_count":1,"gi_zscore":-0.1004,"gi_pvalue":0.332,"significance":"not_sig"}},{"type":"Feature","geometry":{"type":"Point","coordinates":[77.35294,13.01351]},"properties":{"cell_id":65973,"case_count":1,"gi_zscore":-0.1125,"gi_pvalue":0.17,"significance":"not_sig"}},{"type":"Feature","geometry":{"type":"Point","coordinates":[77.44706,13.01351]},"properties":{"cell_id":65981,"case_count":1,"gi_zscore":-0.1173,"gi_pvalue":0.068,"significance":"cold_90"}},{"type":"Feature","geometry":{"type":"Point","coordinates":[77.48235,13.01351]},"properties":{"cell_id":65984,"case_count":1,"gi_zscore":-0.098,"gi_pvalue":0.332,"significance":"not_sig"}},{"type":"Feature","geometry":{"type":"Point","coordinates":[77.49412,13.01351]},"properties":{"cell_id":65985,"case_count":1,"gi_zscore":-0.0787,"gi_pvalue":0.146,"significance":"not_sig"}},{"type":"Feature","geometry":{"type":"Point","coordinates":[77.50588,13.01351]},"properties":{"cell_id":65986,"case_count":1,"gi_zscore":-0.0618,"gi_pvalue":0.122,"significance":"not_sig"}},{"type":"Feature","geometry":{"type":"Point","coordinates":[77.51765,13.01351]},"properties":{"cell_id":65987,"case_count":8,"gi_zscore":0.0371,"gi_pvalue":0.099,"significance":"hot_90"}},{"type":"Feature","geometry":{"type":"Point","coordinates":[77.52941,13.01351]},"properties":{"cell_id":65988,"case_count":35,"gi_zscore":0.054,"gi_pvalue":0.106,"significance":"not_sig"}},{"type":"Feature","geometry":{"type":"Point","coordinates":[77.54118,13.01351]},"properties":{"cell_id":65989,"case_count":8,"gi_zscore":0.0781,"gi_pvalue":0.097,"significance":"hot_90"}},{"type":"Feature","geometry":{"type":"Point","coordinates":[77.55294,13.01351]},"properties":{"cell_id":65990,"case_count":3,"gi_zscore":-0.0208,"gi_pvalue":0.106,"significance":"not_sig"}},{"type":"Feature","geometry":{"type":"Point","coordinates":[77.57647,13.01351]},"properties":{"cell_id":65992,"case_count":1,"gi_zscore":-0.0425,"gi_pvalue":0.109,"significance":"not_sig"}},{"type":"Feature","geometry":{"type":"Point","coordinates":[77.58824,13.01351]},"properties":{"cell_id":65993,"case_count":3,"gi_zscore":-0.0425,"gi_pvalue":0.109,"significance":"not_sig"}},{"type":"Feature","geometry":{"type":"Point","coordinates":[77.6,13.01351]},"properties":{"cell_id":65994,"case_count":5,"gi_zscore":0.0033,"gi_pvalue":0.105,"significance":"not_sig"}},{"type":"Feature","geometry":{"type":"Point","coordinates":[77.61176,13.01351]},"properties":{"cell_id":65995,"case_count":9,"gi_zscore":0.9514,"gi_pvalue":0.042,"significance":"hot_95"}},{"type":"Feature","geometry":{"type":"Point","coordinates":[77.62353,13.01351]},"properties":{"cell_id":65996,"case_count":4,"gi_zscore":2.7848,"gi_pvalue":0.001,"significance":"hot_99"}},{"type":"Feature","geometry":{"type":"Point","coordinates":[77.63529,13.01351]},"properties":{"cell_id":65997,"case_count":601,"gi_zscore":4.2081,"gi_pvalue":0.001,"significance":"hot_99"}},{"type":"Feature","geometry":{"type":"Point","coordinates":[77.64706,13.01351]},"properties":{"cell_id":65998,"case_count":3,"gi_zscore":3.675,"gi_pvalue":0.001,"significance":"hot_99"}},{"type":"Feature","geometry":{"type":"Point","coordinates":[77.65882,13.01351]},"properties":{"cell_id":65999,"case_count":1,"gi_zscore":2.3361,"gi_pvalue":0.003,"significance":"hot_99"}},{"type":"Feature","geometry":{"type":"Point","coordinates":[77.68235,13.01351]},"properties":{"cell_id":66001,"case_count":6,"gi_zscore":-0.0498,"gi_pvalue":0.122,"significance":"not_sig"}},{"type":"Feature","geometry":{"type":"Point","coordinates":[77.69412,13.01351]},"properties":{"cell_id":66002,"case_count":1,"gi_zscore":-0.0594,"gi_pvalue":0.114,"significance":"not_sig"}},{"type":"Feature","geometry":{"type":"Point","coordinates":[77.70588,13.01351]},"properties":{"cell_id":66003,"case_count":6,"gi_zscore":-0.0763,"gi_pvalue":0.19,"significance":"not_sig"}},{"type":"Feature","geometry":{"type":"Point","coordinates":[77.72941,13.01351]},"properties":{"cell_id":66005,"case_count":1,"gi_zscore":-0.1028,"gi_pvalue":0.384,"significance":"not_sig"}},{"type":"Feature","geometry":{"type":"Point","coordinates":[77.82353,13.01351]},"properties":{"cell_id":66013,"case_count":1,"gi_zscore":-0.1077,"gi_pvalue":0.463,"significance":"not_sig"}},{"type":"Feature","geometry":{"type":"Point","coordinates":[77.92941,13.01351]},"properties":{"cell_id":66022,"case_count":1,"gi_zscore":-0.0932,"gi_pvalue":0.237,"significance":"not_sig"}},{"type":"Feature","geometry":{"type":"Point","coordinates":[78.4,13.01351]},"properties":{"cell_id":66062,"case_count":2,"gi_zscore":-0.1077,"gi_pvalue":0.314,"significance":"not_sig"}},{"type":"Feature","geometry":{"type":"Point","coordinates":[74.67059,13.02252]},"properties":{"cell_id":66136,"case_count":8,"gi_zscore":-0.098,"gi_pvalue":0.174,"significance":"not_sig"}},{"type":"Feature","geometry":{"type":"Point","coordinates":[76.12941,13.02252]},"properties":{"cell_id":66260,"case_count":1,"gi_zscore":-0.1004,"gi_pvalue":0.349,"significance":"not_sig"}},{"type":"Feature","geometry":{"type":"Point","coordinates":[76.56471,13.02252]},"properties":{"cell_id":66297,"case_count":1,"gi_zscore":-0.1173,"gi_pvalue":0.071,"significance":"cold_90"}},{"type":"Feature","geometry":{"type":"Point","coordinates":[77.01176,13.02252]},"properties":{"cell_id":66335,"case_count":2,"gi_zscore":-0.1149,"gi_pvalue":0.001,"significance":"cold_99"}},{"type":"Feature","geometry":{"type":"Point","coordinates":[77.02353,13.02252]},"properties":{"cell_id":66336,"case_count":1,"gi_zscore":-0.1149,"gi_pvalue":0.071,"significance":"cold_90"}},{"type":"Feature","geometry":{"type":"Point","coordinates":[77.04706,13.02252]},"properties":{"cell_id":66338,"case_count":1,"gi_zscore":-0.1125,"gi_pvalue":0.174,"significance":"not_sig"}},{"type":"Feature","geometry":{"type":"Point","coordinates":[77.25882,13.02252]},"properties":{"cell_id":66356,"case_count":1,"gi_zscore":-0.1004,"gi_pvalue":0.33,"significance":"not_sig"}},{"type":"Feature","geometry":{"type":"Point","coordinates":[77.32941,13.02252]},"properties":{"cell_id":66362,"case_count":1,"gi_zscore":-0.1004,"gi_pvalue":0.33,"significance":"not_sig"}},{"type":"Feature","geometry":{"type":"Point","coordinates":[77.38824,13.02252]},"properties":{"cell_id":66367,"case_count":2,"gi_zscore":-0.1125,"gi_pvalue":0.072,"significance":"cold_90"}},{"type":"Feature","geometry":{"type":"Point","coordinates":[77.47059,13.02252]},"properties":{"cell_id":66374,"case_count":1,"gi_zscore":-0.1077,"gi_pvalue":0.393,"significance":"not_sig"}},{"type":"Feature","geometry":{"type":"Point","coordinates":[77.48235,13.02252]},"properties":{"cell_id":66375,"case_count":1,"gi_zscore":-0.0884,"gi_pvalue":0.194,"significance":"not_sig"}},{"type":"Feature","geometry":{"type":"Point","coordinates":[77.50588,13.02252]},"properties":{"cell_id":66377,"case_count":2,"gi_zscore":-0.0739,"gi_pvalue":0.141,"significance":"not_sig"}},{"type":"Feature","geometry":{"type":"Point","coordinates":[77.51765,13.02252]},"properties":{"cell_id":66378,"case_count":1,"gi_zscore":0.0057,"gi_pvalue":0.104,"significance":"not_sig"}},{"type":"Feature","geometry":{"type":"Point","coordinates":[77.52941,13.02252]},"properties":{"cell_id":66379,"case_count":5,"gi_zscore":0.0395,"gi_pvalue":0.099,"significance":"hot_90"}},{"type":"Feature","geometry":{"type":"Point","coordinates":[77.54118,13.02252]},"properties":{"cell_id":66380,"case_count":8,"gi_zscore":0.0612,"gi_pvalue":0.098,"significance":"hot_90"}},{"type":"Feature","geometry":{"type":"Point","coordinates":[77.55294,13.02252]},"properties":{"cell_id":66381,"case_count":13,"gi_zscore":-0.0256,"gi_pvalue":0.112,"significance":"not_sig"}},{"type":"Feature","geometry":{"type":"Point","coordinates":[77.56471,13.02252]},"properties":{"cell_id":66382,"case_count":1,"gi_zscore":-0.0473,"gi_pvalue":0.11,"significance":"not_sig"}},{"type":"Feature","geometry":{"type":"Point","coordinates":[77.57647,13.02252]},"properties":{"cell_id":66383,"case_count":2,"gi_zscore":-0.0594,"gi_pvalue":0.122,"significance":"not_sig"}},{"type":"Feature","geometry":{"type":"Point","coordinates":[77.58824,13.02252]},"properties":{"cell_id":66384,"case_count":4,"gi_zscore":-0.028,"gi_pvalue":0.108,"significance":"not_sig"}},{"type":"Feature","geometry":{"type":"Point","coordinates":[77.6,13.02252]},"properties":{"cell_id":66385,"case_count":7,"gi_zscore":-0.0039,"gi_pvalue":0.107,"significance":"not_sig"}},{"type":"Feature","geometry":{"type":"Point","coordinates":[77.61176,13.02252]},"properties":{"cell_id":66386,"case_count":6,"gi_zscore":-0.0136,"gi_pvalue":0.107,"significance":"not_sig"}},{"type":"Feature","geometry":{"type":"Point","coordinates":[77.62353,13.02252]},"properties":{"cell_id":66387,"case_count":2,"gi_zscore":1.3808,"gi_pvalue":0.015,"significance":"hot_95"}},{"type":"Feature","geometry":{"type":"Point","coordinates":[77.63529,13.02252]},"properties":{"cell_id":66388,"case_count":1,"gi_zscore":3.2625,"gi_pvalue":0.001,"significance":"hot_99"}},{"type":"Feature","geometry":{"type":"Point","coordinates":[77.64706,13.02252]},"properties":{"cell_id":66389,"case_count":607,"gi_zscore":4.2105,"gi_pvalue":0.001,"significance":"hot_99"}},{"type":"Feature","geometry":{"type":"Point","coordinates":[77.67059,13.02252]},"properties":{"cell_id":66391,"case_count":13,"gi_zscore":1.458,"gi_pvalue":0.011,"significance":"hot_95"}},{"type":"Feature","geometry":{"type":"Point","coordinates":[77.68235,13.02252]},"properties":{"cell_id":66392,"case_count":4,"gi_zscore":-0.0401,"gi_pvalue":0.111,"significance":"not_sig"}},{"type":"Feature","geometry":{"type":"Point","coordinates":[77.69412,13.02252]},"properties":{"cell_id":66393,"case_count":3,"gi_zscore":-0.0546,"gi_pvalue":0.116,"significance":"not_sig"}},{"type":"Feature","geometry":{"type":"Point","coordinates":[77.70588,13.02252]},"properties":{"cell_id":66394,"case_count":6,"gi_zscore":-0.0739,"gi_pvalue":0.166,"significance":"not_sig"}},{"type":"Feature","geometry":{"type":"Point","coordinates":[77.71765,13.02252]},"properties":{"cell_id":66395,"case_count":2,"gi_zscore":-0.0835,"gi_pvalue":0.167,"significance":"not_sig"}},{"type":"Feature","geometry":{"type":"Point","coordinates":[77.75294,13.02252]},"properties":{"cell_id":66398,"case_count":1,"gi_zscore":-0.1077,"gi_pvalue":0.467,"significance":"not_sig"}},{"type":"Feature","geometry":{"type":"Point","coordinates":[77.76471,13.02252]},"properties":{"cell_id":66399,"case_count":1,"gi_zscore":-0.1004,"gi_pvalue":0.347,"significance":"not_sig"}},{"type":"Feature","geometry":{"type":"Point","coordinates":[77.88235,13.02252]},"properties":{"cell_id":66409,"case_count":1,"gi_zscore":-0.1173,"gi_pvalue":0.072,"significance":"cold_90"}},{"type":"Feature","geometry":{"type":"Point","coordinates":[78.31765,13.02252]},"properties":{"cell_id":66446,"case_count":1,"gi_zscore":-0.1101,"gi_pvalue":0.316,"significance":"not_sig"}},{"type":"Feature","geometry":{"type":"Point","coordinates":[75.14118,13.03153]},"properties":{"cell_id":66567,"case_count":1,"gi_zscore":-0.1173,"gi_pvalue":0.072,"significance":"cold_90"}},{"type":"Feature","geometry":{"type":"Point","coordinates":[77.09412,13.03153]},"properties":{"cell_id":66733,"case_count":1,"gi_zscore":-0.1125,"gi_pvalue":0.174,"significance":"not_sig"}},{"type":"Feature","geometry":{"type":"Point","coordinates":[77.28235,13.03153]},"properties":{"cell_id":66749,"case_count":1,"gi_zscore":-0.1004,"gi_pvalue":0.327,"significance":"not_sig"}},{"type":"Feature","geometry":{"type":"Point","coordinates":[77.34118,13.03153]},"properties":{"cell_id":66754,"case_count":1,"gi_zscore":-0.1173,"gi_pvalue":0.072,"significance":"cold_90"}},{"type":"Feature","geometry":{"type":"Point","coordinates":[77.38824,13.03153]},"properties":{"cell_id":66758,"case_count":1,"gi_zscore":-0.1125,"gi_pvalue":0.295,"significance":"not_sig"}},{"type":"Feature","geometry":{"type":"Point","coordinates":[77.41176,13.03153]},"properties":{"cell_id":66760,"case_count":1,"gi_zscore":-0.1149,"gi_pvalue":0.174,"significance":"not_sig"}},{"type":"Feature","geometry":{"type":"Point","coordinates":[77.45882,13.03153]},"properties":{"cell_id":66764,"case_count":1,"gi_zscore":-0.1028,"gi_pvalue":0.437,"significance":"not_sig"}},{"type":"Feature","geometry":{"type":"Point","coordinates":[77.48235,13.03153]},"properties":{"cell_id":66766,"case_count":3,"gi_zscore":-0.0932,"gi_pvalue":0.327,"significance":"not_sig"}},{"type":"Feature","geometry":{"type":"Point","coordinates":[77.49412,13.03153]},"properties":{"cell_id":66767,"case_count":3,"gi_zscore":-0.0739,"gi_pvalue":0.146,"significance":"not_sig"}},{"type":"Feature","geometry":{"type":"Point","coordinates":[77.50588,13.03153]},"properties":{"cell_id":66768,"case_count":3,"gi_zscore":-0.0642,"gi_pvalue":0.129,"significance":"not_sig"}},{"type":"Feature","geometry":{"type":"Point","coordinates":[77.51765,13.03153]},"properties":{"cell_id":66769,"case_count":1,"gi_zscore":-0.0594,"gi_pvalue":0.116,"significance":"not_sig"}},{"type":"Feature","geometry":{"type":"Point","coordinates":[77.52941,13.03153]},"properties":{"cell_id":66770,"case_count":4,"gi_zscore":-0.0522,"gi_pvalue":0.116,"significance":"not_sig"}},{"type":"Feature","geometry":{"type":"Point","coordinates":[77.54118,13.03153]},"properties":{"cell_id":66771,"case_count":4,"gi_zscore":-0.0208,"gi_pvalue":0.107,"significance":"not_sig"}},{"type":"Feature","geometry":{"type":"Point","coordinates":[77.55294,13.03153]},"properties":{"cell_id":66772,"case_count":3,"gi_zscore":-0.0256,"gi_pvalue":0.107,"significance":"not_sig"}},{"type":"Feature","geometry":{"type":"Point","coordinates":[77.56471,13.03153]},"properties":{"cell_id":66773,"case_count":3,"gi_zscore":-0.0256,"gi_pvalue":0.107,"significance":"not_sig"}},{"type":"Feature","geometry":{"type":"Point","coordinates":[77.57647,13.03153]},"properties":{"cell_id":66774,"case_count":7,"gi_zscore":-0.0498,"gi_pvalue":0.123,"significance":"not_sig"}},{"type":"Feature","geometry":{"type":"Point","coordinates":[77.58824,13.03153]},"properties":{"cell_id":66775,"case_count":4,"gi_zscore":-0.0039,"gi_pvalue":0.107,"significance":"not_sig"}},{"type":"Feature","geometry":{"type":"Point","coordinates":[77.6,13.03153]},"properties":{"cell_id":66776,"case_count":13,"gi_zscore":-0.0015,"gi_pvalue":0.107,"significance":"not_sig"}},{"type":"Feature","geometry":{"type":"Point","coordinates":[77.61176,13.03153]},"properties":{"cell_id":66777,"case_count":5,"gi_zscore":-0.0136,"gi_pvalue":0.107,"significance":"not_sig"}},{"type":"Feature","geometry":{"type":"Point","coordinates":[77.62353,13.03153]},"properties":{"cell_id":66778,"case_count":1,"gi_zscore":-0.0835,"gi_pvalue":0.158,"significance":"not_sig"}},{"type":"Feature","geometry":{"type":"Point","coordinates":[77.63529,13.03153]},"properties":{"cell_id":66779,"case_count":1,"gi_zscore":3.2528,"gi_pvalue":0.001,"significance":"hot_99"}},{"type":"Feature","geometry":{"type":"Point","coordinates":[77.64706,13.03153]},"properties":{"cell_id":66780,"case_count":190,"gi_zscore":3.7329,"gi_pvalue":0.001,"significance":"hot_99"}},{"type":"Feature","geometry":{"type":"Point","coordinates":[77.65882,13.03153]},"properties":{"cell_id":66781,"case_count":398,"gi_zscore":5.6532,"gi_pvalue":0.001,"significance":"hot_99"}},{"type":"Feature","geometry":{"type":"Point","coordinates":[77.67059,13.03153]},"properties":{"cell_id":66782,"case_count":7,"gi_zscore":3.7594,"gi_pvalue":0.001,"significance":"hot_99"}},{"type":"Feature","geometry":{"type":"Point","coordinates":[77.68235,13.03153]},"properties":{"cell_id":66783,"case_count":4,"gi_zscore":0.5099,"gi_pvalue":0.069,"significance":"hot_90"}},{"type":"Feature","geometry":{"type":"Point","coordinates":[77.69412,13.03153]},"properties":{"cell_id":66784,"case_count":2,"gi_zscore":-0.057,"gi_pvalue":0.116,"significance":"not_sig"}},{"type":"Feature","geometry":{"type":"Point","coordinates":[77.72941,13.03153]},"properties":{"cell_id":66787,"case_count":1,"gi_zscore":-0.1004,"gi_pvalue":0.325,"significance":"not_sig"}},{"type":"Feature","geometry":{"type":"Point","coordinates":[77.74118,13.03153]},"properties":{"cell_id":66788,"case_count":1,"gi_zscore":-0.1101,"gi_pvalue":0.316,"significance":"not_sig"}},{"type":"Feature","geometry":{"type":"Point","coordinates":[78.35294,13.03153]},"properties":{"cell_id":66840,"case_count":1,"gi_zscore":-0.1077,"gi_pvalue":0.468,"significance":"not_sig"}},{"type":"Feature","geometry":{"type":"Point","coordinates":[76.10588,13.04054]},"properties":{"cell_id":67040,"case_count":1,"gi_zscore":-0.1004,"gi_pvalue":0.344,"significance":"not_sig"}},{"type":"Feature","geometry":{"type":"Point","coordinates":[77.36471,13.04054]},"properties":{"cell_id":67147,"case_count":1,"gi_zscore":-0.1149,"gi_pvalue":0.174,"significance":"not_sig"}},{"type":"Feature","geometry":{"type":"Point","coordinates":[77.48235,13.04054]},"properties":{"cell_id":67157,"case_count":3,"gi_zscore":-0.0908,"gi_pvalue":0.28,"significance":"not_sig"}},{"type":"Feature","geometry":{"type":"Point","coordinates":[77.49412,13.04054]},"properties":{"cell_id":67158,"case_count":4,"gi_zscore":-0.057,"gi_pvalue":0.124,"significance":"not_sig"}},{"type":"Feature","geometry":{"type":"Point","coordinates":[77.50588,13.04054]},"properties":{"cell_id":67159,"case_count":7,"gi_zscore":-0.0449,"gi_pvalue":0.114,"significance":"not_sig"}},{"type":"Feature","geometry":{"type":"Point","coordinates":[77.51765,13.04054]},"properties":{"cell_id":67160,"case_count":9,"gi_zscore":-0.0546,"gi_pvalue":0.134,"significance":"not_sig"}},{"type":"Feature","geometry":{"type":"Point","coordinates":[77.52941,13.04054]},"properties":{"cell_id":67161,"case_count":1,"gi_zscore":-0.0666,"gi_pvalue":0.125,"significance":"not_sig"}},{"type":"Feature","geometry":{"type":"Point","coordinates":[77.54118,13.04054]},"properties":{"cell_id":67162,"case_count":3,"gi_zscore":-0.0666,"gi_pvalue":0.133,"significance":"not_sig"}},{"type":"Feature","geometry":{"type":"Point","coordinates":[77.55294,13.04054]},"properties":{"cell_id":67163,"case_count":8,"gi_zscore":-0.0594,"gi_pvalue":0.135,"significance":"not_sig"}},{"type":"Feature","geometry":{"type":"Point","coordinates":[77.56471,13.04054]},"properties":{"cell_id":67164,"case_count":4,"gi_zscore":-0.0449,"gi_pvalue":0.111,"significance":"not_sig"}},{"type":"Feature","geometry":{"type":"Point","coordinates":[77.57647,13.04054]},"properties":{"cell_id":67165,"case_count":6,"gi_zscore":-0.0522,"gi_pvalue":0.122,"significance":"not_sig"}},{"type":"Feature","geometry":{"type":"Point","coordinates":[77.58824,13.04054]},"properties":{"cell_id":67166,"case_count":6,"gi_zscore":-0.0184,"gi_pvalue":0.107,"significance":"not_sig"}},{"type":"Feature","geometry":{"type":"Point","coordinates":[77.6,13.04054]},"properties":{"cell_id":67167,"case_count":7,"gi_zscore":-0.0112,"gi_pvalue":0.107,"significance":"not_sig"}},{"type":"Feature","geometry":{"type":"Point","coordinates":[77.62353,13.04054]},"properties":{"cell_id":67169,"case_count":2,"gi_zscore":-0.0908,"gi_pvalue":0.236,"significance":"not_sig"}},{"type":"Feature","geometry":{"type":"Point","coordinates":[77.65882,13.04054]},"properties":{"cell_id":67172,"case_count":403,"gi_zscore":4.1912,"gi_pvalue":0.001,"significance":"hot_99"}},{"type":"Feature","geometry":{"type":"Point","coordinates":[77.67059,13.04054]},"properties":{"cell_id":67173,"case_count":228,"gi_zscore":3.8342,"gi_pvalue":0.001,"significance":"hot_99"}},{"type":"Feature","geometry":{"type":"Point","coordinates":[77.68235,13.04054]},"properties":{"cell_id":67174,"case_count":5,"gi_zscore":1.8922,"gi_pvalue":0.004,"significance":"hot_99"}},{"type":"Feature","geometry":{"type":"Point","coordinates":[77.69412,13.04054]},"properties":{"cell_id":67175,"case_count":3,"gi_zscore":1.429,"gi_pvalue":0.01,"significance":"hot_99"}},{"type":"Feature","geometry":{"type":"Point","coordinates":[77.71765,13.04054]},"properties":{"cell_id":67177,"case_count":1,"gi_zscore":-0.0835,"gi_pvalue":0.158,"significance":"not_sig"}},{"type":"Feature","geometry":{"type":"Point","coordinates":[78.11765,13.04054]},"properties":{"cell_id":67211,"case_count":2,"gi_zscore":-0.0691,"gi_pvalue":0.132,"significance":"not_sig"}},{"type":"Feature","geometry":{"type":"Point","coordinates":[78.16471,13.04054]},"properties":{"cell_id":67215,"case_count":1,"gi_zscore":-0.098,"gi_pvalue":0.321,"significance":"not_sig"}},{"type":"Feature","geometry":{"type":"Point","coordinates":[78.27059,13.04054]},"properties":{"cell_id":67224,"case_count":1,"gi_zscore":-0.1125,"gi_pvalue":0.171,"significance":"not_sig"}},{"type":"Feature","geometry":{"type":"Point","coordinates":[78.29412,13.04054]},"properties":{"cell_id":67226,"case_count":1,"gi_zscore":-0.1101,"gi_pvalue":0.315,"significance":"not_sig"}},{"type":"Feature","geometry":{"type":"Point","coordinates":[78.34118,13.04054]},"properties":{"cell_id":67230,"case_count":2,"gi_zscore":-0.1077,"gi_pvalue":0.315,"significance":"not_sig"}},{"type":"Feature","geometry":{"type":"Point","coordinates":[74.81176,13.04955]},"properties":{"cell_id":67321,"case_count":1,"gi_zscore":-0.1149,"gi_pvalue":0.172,"significance":"not_sig"}},{"type":"Feature","geometry":{"type":"Point","coordinates":[74.82353,13.04955]},"properties":{"cell_id":67322,"case_count":1,"gi_zscore":-0.1149,"gi_pvalue":0.07,"significance":"cold_90"}},{"type":"Feature","geometry":{"type":"Point","coordinates":[74.87059,13.04955]},"properties":{"cell_id":67326,"case_count":1,"gi_zscore":-0.1149,"gi_pvalue":0.07,"significance":"cold_90"}},{"type":"Feature","geometry":{"type":"Point","coordinates":[76.10588,13.04955]},"properties":{"cell_id":67431,"case_count":1,"gi_zscore":-0.1004,"gi_pvalue":0.341,"significance":"not_sig"}},{"type":"Feature","geometry":{"type":"Point","coordinates":[77.31765,13.04955]},"properties":{"cell_id":67534,"case_count":1,"gi_zscore":-0.1173,"gi_pvalue":0.07,"significance":"cold_90"}},{"type":"Feature","geometry":{"type":"Point","coordinates":[77.45882,13.04955]},"properties":{"cell_id":67546,"case_count":1,"gi_zscore":-0.098,"gi_pvalue":0.291,"significance":"not_sig"}},{"type":"Feature","geometry":{"type":"Point","coordinates":[77.49412,13.04955]},"properties":{"cell_id":67549,"case_count":2,"gi_zscore":-0.0594,"gi_pvalue":0.119,"significance":"not_sig"}},{"type":"Feature","geometry":{"type":"Point","coordinates":[77.50588,13.04955]},"properties":{"cell_id":67550,"case_count":8,"gi_zscore":-0.0522,"gi_pvalue":0.127,"significance":"not_sig"}},{"type":"Feature","geometry":{"type":"Point","coordinates":[77.52941,13.04955]},"properties":{"cell_id":67552,"case_count":1,"gi_zscore":-0.0811,"gi_pvalue":0.148,"significance":"not_sig"}},{"type":"Feature","geometry":{"type":"Point","coordinates":[77.54118,13.04955]},"properties":{"cell_id":67553,"case_count":2,"gi_zscore":-0.0739,"gi_pvalue":0.138,"significance":"not_sig"}},{"type":"Feature","geometry":{"type":"Point","coordinates":[77.55294,13.04955]},"properties":{"cell_id":67554,"case_count":4,"gi_zscore":-0.0498,"gi_pvalue":0.113,"significance":"not_sig"}},{"type":"Feature","geometry":{"type":"Point","coordinates":[77.56471,13.04955]},"properties":{"cell_id":67555,"case_count":2,"gi_zscore":-0.0473,"gi_pvalue":0.11,"significance":"not_sig"}},{"type":"Feature","geometry":{"type":"Point","coordinates":[77.57647,13.04955]},"properties":{"cell_id":67556,"case_count":2,"gi_zscore":-0.0498,"gi_pvalue":0.11,"significance":"not_sig"}},{"type":"Feature","geometry":{"type":"Point","coordinates":[77.62353,13.04955]},"properties":{"cell_id":67560,"case_count":1,"gi_zscore":-0.1125,"gi_pvalue":0.172,"significance":"not_sig"}},{"type":"Feature","geometry":{"type":"Point","coordinates":[77.63529,13.04955]},"properties":{"cell_id":67561,"case_count":1,"gi_zscore":0.3459,"gi_pvalue":0.082,"significance":"hot_90"}},{"type":"Feature","geometry":{"type":"Point","coordinates":[77.67059,13.04955]},"properties":{"cell_id":67564,"case_count":554,"gi_zscore":4.2564,"gi_pvalue":0.001,"significance":"hot_99"}},{"type":"Feature","geometry":{"type":"Point","coordinates":[77.68235,13.04955]},"properties":{"cell_id":67565,"case_count":35,"gi_zscore":3.6219,"gi_pvalue":0.001,"significance":"hot_99"}},{"type":"Feature","geometry":{"type":"Point","coordinates":[77.75294,13.04955]},"properties":{"cell_id":67571,"case_count":2,"gi_zscore":-0.1077,"gi_pvalue":0.314,"significance":"not_sig"}},{"type":"Feature","geometry":{"type":"Point","coordinates":[77.85882,13.04955]},"properties":{"cell_id":67580,"case_count":1,"gi_zscore":-0.1173,"gi_pvalue":0.067,"significance":"cold_90"}},{"type":"Feature","geometry":{"type":"Point","coordinates":[78.24706,13.04955]},"properties":{"cell_id":67613,"case_count":1,"gi_zscore":-0.1125,"gi_pvalue":0.293,"significance":"not_sig"}},{"type":"Feature","geometry":{"type":"Point","coordinates":[74.83529,13.05856]},"properties":{"cell_id":67714,"case_count":2,"gi_zscore":-0.1149,"gi_pvalue":0.001,"significance":"cold_99"}},{"type":"Feature","geometry":{"type":"Point","coordinates":[75.05882,13.05856]},"properties":{"cell_id":67733,"case_count":1,"gi_zscore":-0.0884,"gi_pvalue":0.192,"significance":"not_sig"}},{"type":"Feature","geometry":{"type":"Point","coordinates":[75.43529,13.05856]},"properties":{"cell_id":67765,"case_count":1,"gi_zscore":-0.1173,"gi_pvalue":0.069,"significance":"cold_90"}},{"type":"Feature","geometry":{"type":"Point","coordinates":[76.62353,13.05856]},"properties":{"cell_id":67866,"case_count":1,"gi_zscore":-0.1173,"gi_pvalue":0.069,"significance":"cold_90"}},{"type":"Feature","geometry":{"type":"Point","coordinates":[77.0,13.05856]},"properties":{"cell_id":67898,"case_count":1,"gi_zscore":-0.1149,"gi_pvalue":0.069,"significance":"cold_90"}},{"type":"Feature","geometry":{"type":"Point","coordinates":[77.45882,13.05856]},"properties":{"cell_id":67937,"case_count":2,"gi_zscore":-0.1028,"gi_pvalue":0.443,"significance":"not_sig"}},{"type":"Feature","geometry":{"type":"Point","coordinates":[77.47059,13.05856]},"properties":{"cell_id":67938,"case_count":2,"gi_zscore":-0.098,"gi_pvalue":0.319,"significance":"not_sig"}},{"type":"Feature","geometry":{"type":"Point","coordinates":[77.48235,13.05856]},"properties":{"cell_id":67939,"case_count":2,"gi_zscore":-0.0932,"gi_pvalue":0.275,"significance":"not_sig"}},{"type":"Feature","geometry":{"type":"Point","coordinates":[77.49412,13.05856]},"properties":{"cell_id":67940,"case_count":1,"gi_zscore":-0.0811,"gi_pvalue":0.15,"significance":"not_sig"}},{"type":"Feature","geometry":{"type":"Point","coordinates":[77.51765,13.05856]},"properties":{"cell_id":67942,"case_count":1,"gi_zscore":-0.0715,"gi_pvalue":0.131,"significance":"not_sig"}},{"type":"Feature","geometry":{"type":"Point","coordinates":[77.52941,13.05856]},"properties":{"cell_id":67943,"case_count":1,"gi_zscore":-0.1028,"gi_pvalue":0.438,"significance":"not_sig"}},{"type":"Feature","geometry":{"type":"Point","coordinates":[77.55294,13.05856]},"properties":{"cell_id":67945,"case_count":3,"gi_zscore":-0.0594,"gi_pvalue":0.125,"significance":"not_sig"}},{"type":"Feature","geometry":{"type":"Point","coordinates":[77.56471,13.05856]},"properties":{"cell_id":67946,"case_count":8,"gi_zscore":-0.0642,"gi_pvalue":0.149,"significance":"not_sig"}},{"type":"Feature","geometry":{"type":"Point","coordinates":[77.58824,13.05856]},"properties":{"cell_id":67948,"case_count":1,"gi_zscore":-0.057,"gi_pvalue":0.115,"significance":"not_sig"}},{"type":"Feature","geometry":{"type":"Point","coordinates":[77.6,13.05856]},"properties":{"cell_id":67949,"case_count":1,"gi_zscore":-0.0859,"gi_pvalue":0.168,"significance":"not_sig"}},{"type":"Feature","geometry":{"type":"Point","coordinates":[77.62353,13.05856]},"properties":{"cell_id":67951,"case_count":1,"gi_zscore":-0.1077,"gi_pvalue":0.392,"significance":"not_sig"}},{"type":"Feature","geometry":{"type":"Point","coordinates":[77.63529,13.05856]},"properties":{"cell_id":67952,"case_count":1,"gi_zscore":-0.1028,"gi_pvalue":0.402,"significance":"not_sig"}},{"type":"Feature","geometry":{"type":"Point","coordinates":[77.64706,13.05856]},"properties":{"cell_id":67953,"case_count":1,"gi_zscore":0.867,"gi_pvalue":0.049,"significance":"hot_95"}},{"type":"Feature","geometry":{"type":"Point","coordinates":[77.65882,13.05856]},"properties":{"cell_id":67954,"case_count":1,"gi_zscore":4.1502,"gi_pvalue":0.001,"significance":"hot_99"}},{"type":"Feature","geometry":{"type":"Point","coordinates":[77.67059,13.05856]},"properties":{"cell_id":67955,"case_count":1,"gi_zscore":4.5796,"gi_pvalue":0.001,"significance":"hot_99"}},{"type":"Feature","geometry":{"type":"Point","coordinates":[77.68235,13.05856]},"properties":{"cell_id":67956,"case_count":588,"gi_zscore":5.0235,"gi_pvalue":0.001,"significance":"hot_99"}},{"type":"Feature","geometry":{"type":"Point","coordinates":[77.75294,13.05856]},"properties":{"cell_id":67962,"case_count":2,"gi_zscore":-0.1028,"gi_pvalue":0.438,"significance":"not_sig"}},{"type":"Feature","geometry":{"type":"Point","coordinates":[77.76471,13.05856]},"properties":{"cell_id":67963,"case_count":3,"gi_zscore":-0.0932,"gi_pvalue":0.316,"significance":"not_sig"}},{"type":"Feature","geometry":{"type":"Point","coordinates":[77.8,13.05856]},"properties":{"cell_id":67966,"case_count":1,"gi_zscore":-0.098,"gi_pvalue":0.285,"significance":"not_sig"}},{"type":"Feature","geometry":{"type":"Point","coordinates":[77.81176,13.05856]},"properties":{"cell_id":67967,"case_count":1,"gi_zscore":-0.1028,"gi_pvalue":0.399,"significance":"not_sig"}},{"type":"Feature","geometry":{"type":"Point","coordinates":[77.89412,13.05856]},"properties":{"cell_id":67974,"case_count":1,"gi_zscore":-0.1173,"gi_pvalue":0.069,"significance":"cold_90"}},{"type":"Feature","geometry":{"type":"Point","coordinates":[74.8,13.06757]},"properties":{"cell_id":68102,"case_count":1,"gi_zscore":-0.1149,"gi_pvalue":0.171,"significance":"not_sig"}},{"type":"Feature","geometry":{"type":"Point","coordinates":[74.82353,13.06757]},"properties":{"cell_id":68104,"case_count":1,"gi_zscore":-0.1149,"gi_pvalue":0.171,"significance":"not_sig"}},{"type":"Feature","geometry":{"type":"Point","coordinates":[74.84706,13.06757]},"properties":{"cell_id":68106,"case_count":1,"gi_zscore":-0.1149,"gi_pvalue":0.171,"significance":"not_sig"}},{"type":"Feature","geometry":{"type":"Point","coordinates":[74.95294,13.06757]},"properties":{"cell_id":68115,"case_count":1,"gi_zscore":-0.0884,"gi_pvalue":0.189,"significance":"not_sig"}},{"type":"Feature","geometry":{"type":"Point","coordinates":[75.0,13.06757]},"properties":{"cell_id":68119,"case_count":6,"gi_zscore":-0.0884,"gi_pvalue":0.369,"significance":"not_sig"}},{"type":"Feature","geometry":{"type":"Point","coordinates":[77.31765,13.06757]},"properties":{"cell_id":68316,"case_count":1,"gi_zscore":-0.1173,"gi_pvalue":0.069,"significance":"cold_90"}},{"type":"Feature","geometry":{"type":"Point","coordinates":[77.34118,13.06757]},"properties":{"cell_id":68318,"case_count":1,"gi_zscore":-0.1101,"gi_pvalue":0.315,"significance":"not_sig"}},{"type":"Feature","geometry":{"type":"Point","coordinates":[77.42353,13.06757]},"properties":{"cell_id":68325,"case_count":1,"gi_zscore":-0.1125,"gi_pvalue":0.17,"significance":"not_sig"}},{"type":"Feature","geometry":{"type":"Point","coordinates":[77.43529,13.06757]},"properties":{"cell_id":68326,"case_count":1,"gi_zscore":-0.1101,"gi_pvalue":0.315,"significance":"not_sig"}},{"type":"Feature","geometry":{"type":"Point","coordinates":[77.44706,13.06757]},"properties":{"cell_id":68327,"case_count":2,"gi_zscore":-0.1077,"gi_pvalue":0.315,"significance":"not_sig"}},{"type":"Feature","geometry":{"type":"Point","coordinates":[77.45882,13.06757]},"properties":{"cell_id":68328,"case_count":2,"gi_zscore":-0.1052,"gi_pvalue":0.472,"significance":"not_sig"}},{"type":"Feature","geometry":{"type":"Point","coordinates":[77.47059,13.06757]},"properties":{"cell_id":68329,"case_count":2,"gi_zscore":-0.1028,"gi_pvalue":0.438,"significance":"not_sig"}},{"type":"Feature","geometry":{"type":"Point","coordinates":[77.48235,13.06757]},"properties":{"cell_id":68330,"case_count":2,"gi_zscore":-0.1052,"gi_pvalue":0.472,"significance":"not_sig"}},{"type":"Feature","geometry":{"type":"Point","coordinates":[77.50588,13.06757]},"properties":{"cell_id":68332,"case_count":1,"gi_zscore":-0.0811,"gi_pvalue":0.145,"significance":"not_sig"}},{"type":"Feature","geometry":{"type":"Point","coordinates":[77.51765,13.06757]},"properties":{"cell_id":68333,"case_count":3,"gi_zscore":-0.0835,"gi_pvalue":0.19,"significance":"not_sig"}},{"type":"Feature","geometry":{"type":"Point","coordinates":[77.52941,13.06757]},"properties":{"cell_id":68334,"case_count":2,"gi_zscore":-0.1028,"gi_pvalue":0.439,"significance":"not_sig"}},{"type":"Feature","geometry":{"type":"Point","coordinates":[77.56471,13.06757]},"properties":{"cell_id":68337,"case_count":1,"gi_zscore":-0.0787,"gi_pvalue":0.144,"significance":"not_sig"}},{"type":"Feature","geometry":{"type":"Point","coordinates":[77.61176,13.06757]},"properties":{"cell_id":68341,"case_count":2,"gi_zscore":-0.1077,"gi_pvalue":0.315,"significance":"not_sig"}},{"type":"Feature","geometry":{"type":"Point","coordinates":[77.62353,13.06757]},"properties":{"cell_id":68342,"case_count":1,"gi_zscore":-0.1004,"gi_pvalue":0.336,"significance":"not_sig"}},{"type":"Feature","geometry":{"type":"Point","coordinates":[77.63529,13.06757]},"properties":{"cell_id":68343,"case_count":3,"gi_zscore":-0.1028,"gi_pvalue":0.472,"significance":"not_sig"}},{"type":"Feature","geometry":{"type":"Point","coordinates":[77.64706,13.06757]},"properties":{"cell_id":68344,"case_count":1,"gi_zscore":-0.1028,"gi_pvalue":0.398,"significance":"not_sig"}},{"type":"Feature","geometry":{"type":"Point","coordinates":[77.68235,13.06757]},"properties":{"cell_id":68347,"case_count":141,"gi_zscore":5.6725,"gi_pvalue":0.001,"significance":"hot_99"}},{"type":"Feature","geometry":{"type":"Point","coordinates":[77.69412,13.06757]},"properties":{"cell_id":68348,"case_count":481,"gi_zscore":5.6194,"gi_pvalue":0.001,"significance":"hot_99"}},{"type":"Feature","geometry":{"type":"Point","coordinates":[77.75294,13.06757]},"properties":{"cell_id":68353,"case_count":1,"gi_zscore":0.1649,"gi_pvalue":0.091,"significance":"hot_90"}},{"type":"Feature","geometry":{"type":"Point","coordinates":[77.77647,13.06757]},"properties":{"cell_id":68355,"case_count":1,"gi_zscore":-0.0932,"gi_pvalue":0.238,"significance":"not_sig"}},{"type":"Feature","geometry":{"type":"Point","coordinates":[77.78824,13.06757]},"properties":{"cell_id":68356,"case_count":3,"gi_zscore":-0.098,"gi_pvalue":0.373,"significance":"not_sig"}},{"type":"Feature","geometry":{"type":"Point","coordinates":[77.81176,13.06757]},"properties":{"cell_id":68358,"case_count":1,"gi_zscore":-0.1028,"gi_pvalue":0.403,"significance":"not_sig"}},{"type":"Feature","geometry":{"type":"Point","coordinates":[74.8,13.07658]},"properties":{"cell_id":68493,"case_count":1,"gi_zscore":-0.1149,"gi_pvalue":0.168,"significance":"not_sig"}},{"type":"Feature","geometry":{"type":"Point","coordinates":[74.98824,13.07658]},"properties":{"cell_id":68509,"case_count":2,"gi_zscore":-0.0884,"gi_pvalue":0.221,"significance":"not_sig"}},{"type":"Feature","geometry":{"type":"Point","coordinates":[75.02353,13.07658]},"properties":{"cell_id":68512,"case_count":1,"gi_zscore":-0.0884,"gi_pvalue":0.196,"significance":"not_sig"}},{"type":"Feature","geometry":{"type":"Point","coordinates":[75.6,13.07658]},"properties":{"cell_id":68561,"case_count":1,"gi_zscore":-0.1077,"gi_pvalue":0.395,"significance":"not_sig"}},{"type":"Feature","geometry":{"type":"Point","coordinates":[75.85882,13.07658]},"properties":{"cell_id":68583,"case_count":1,"gi_zscore":-0.1101,"gi_pvalue":0.311,"significance":"not_sig"}},{"type":"Feature","geometry":{"type":"Point","coordinates":[76.15294,13.07658]},"properties":{"cell_id":68608,"case_count":1,"gi_zscore":-0.1101,"gi_pvalue":0.311,"significance":"not_sig"}},{"type":"Feature","geometry":{"type":"Point","coordinates":[76.77647,13.07658]},"properties":{"cell_id":68661,"case_count":1,"gi_zscore":-0.1173,"gi_pvalue":0.069,"significance":"cold_90"}},{"type":"Feature","geometry":{"type":"Point","coordinates":[77.02353,13.07658]},"properties":{"cell_id":68682,"case_count":1,"gi_zscore":-0.1149,"gi_pvalue":0.069,"significance":"cold_90"}},{"type":"Feature","geometry":{"type":"Point","coordinates":[77.36471,13.07658]},"properties":{"cell_id":68711,"case_count":1,"gi_zscore":-0.0956,"gi_pvalue":0.277,"significance":"not_sig"}},{"type":"Feature","geometry":{"type":"Point","coordinates":[77.38824,13.07658]},"properties":{"cell_id":68713,"case_count":1,"gi_zscore":-0.0932,"gi_pvalue":0.238,"significance":"not_sig"}},{"type":"Feature","geometry":{"type":"Point","coordinates":[77.41176,13.07658]},"properties":{"cell_id":68715,"case_count":1,"gi_zscore":-0.1077,"gi_pvalue":0.469,"significance":"not_sig"}},{"type":"Feature","geometry":{"type":"Point","coordinates":[77.42353,13.07658]},"properties":{"cell_id":68716,"case_count":1,"gi_zscore":-0.1149,"gi_pvalue":0.168,"significance":"not_sig"}},{"type":"Feature","geometry":{"type":"Point","coordinates":[77.47059,13.07658]},"properties":{"cell_id":68720,"case_count":1,"gi_zscore":-0.1028,"gi_pvalue":0.373,"significance":"not_sig"}},{"type":"Feature","geometry":{"type":"Point","coordinates":[77.48235,13.07658]},"properties":{"cell_id":68721,"case_count":1,"gi_zscore":-0.1077,"gi_pvalue":0.469,"significance":"not_sig"}},{"type":"Feature","geometry":{"type":"Point","coordinates":[77.51765,13.07658]},"properties":{"cell_id":68724,"case_count":2,"gi_zscore":-0.098,"gi_pvalue":0.373,"significance":"not_sig"}},{"type":"Feature","geometry":{"type":"Point","coordinates":[77.52941,13.07658]},"properties":{"cell_id":68725,"case_count":1,"gi_zscore":-0.1004,"gi_pvalue":0.34,"significance":"not_sig"}},{"type":"Feature","geometry":{"type":"Point","coordinates":[77.55294,13.07658]},"properties":{"cell_id":68727,"case_count":1,"gi_zscore":-0.0835,"gi_pvalue":0.16,"significance":"not_sig"}},{"type":"Feature","geometry":{"type":"Point","coordinates":[77.56471,13.07658]},"properties":{"cell_id":68728,"case_count":1,"gi_zscore":-0.0884,"gi_pvalue":0.196,"significance":"not_sig"}},{"type":"Feature","geometry":{"type":"Point","coordinates":[77.6,13.07658]},"properties":{"cell_id":68731,"case_count":2,"gi_zscore":-0.1125,"gi_pvalue":0.07,"significance":"cold_90"}},{"type":"Feature","geometry":{"type":"Point","coordinates":[77.61176,13.07658]},"properties":{"cell_id":68732,"case_count":1,"gi_zscore":-0.1028,"gi_pvalue":0.404,"significance":"not_sig"}},{"type":"Feature","geometry":{"type":"Point","coordinates":[77.62353,13.07658]},"properties":{"cell_id":68733,"case_count":1,"gi_zscore":-0.1004,"gi_pvalue":0.34,"significance":"not_sig"}},{"type":"Feature","geometry":{"type":"Point","coordinates":[77.63529,13.07658]},"properties":{"cell_id":68734,"case_count":5,"gi_zscore":-0.1028,"gi_pvalue":0.167,"significance":"not_sig"}},{"type":"Feature","geometry":{"type":"Point","coordinates":[77.69412,13.07658]},"properties":{"cell_id":68739,"case_count":332,"gi_zscore":5.8727,"gi_pvalue":0.001,"significance":"hot_99"}},{"type":"Feature","geometry":{"type":"Point","coordinates":[77.70588,13.07658]},"properties":{"cell_id":68740,"case_count":276,"gi_zscore":7.6675,"gi_pvalue":0.001,"significance":"hot_99"}},{"type":"Feature","geometry":{"type":"Point","coordinates":[77.78824,13.07658]},"properties":{"cell_id":68747,"case_count":5,"gi_zscore":-0.098,"gi_pvalue":0.467,"significance":"not_sig"}},{"type":"Feature","geometry":{"type":"Point","coordinates":[77.81176,13.07658]},"properties":{"cell_id":68749,"case_count":1,"gi_zscore":-0.1028,"gi_pvalue":0.405,"significance":"not_sig"}},{"type":"Feature","geometry":{"type":"Point","coordinates":[74.97647,13.08559]},"properties":{"cell_id":68899,"case_count":1,"gi_zscore":-0.0884,"gi_pvalue":0.197,"significance":"not_sig"}},{"type":"Feature","geometry":{"type":"Point","coordinates":[75.0,13.08559]},"properties":{"cell_id":68901,"case_count":1,"gi_zscore":-0.0884,"gi_pvalue":0.197,"significance":"not_sig"}},{"type":"Feature","geometry":{"type":"Point","coordinates":[75.65882,13.08559]},"properties":{"cell_id":68957,"case_count":1,"gi_zscore":-0.1052,"gi_pvalue":0.445,"significance":"not_sig"}},{"type":"Feature","geometry":{"type":"Point","coordinates":[76.2,13.08559]},"properties":{"cell_id":69003,"case_count":2,"gi_zscore":-0.1149,"gi_pvalue":0.001,"significance":"cold_99"}},{"type":"Feature","geometry":{"type":"Point","coordinates":[77.4,13.08559]},"properties":{"cell_id":69105,"case_count":1,"gi_zscore":-0.0932,"gi_pvalue":0.238,"significance":"not_sig"}},{"type":"Feature","geometry":{"type":"Point","coordinates":[77.44706,13.08559]},"properties":{"cell_id":69109,"case_count":1,"gi_zscore":-0.1101,"gi_pvalue":0.31,"significance":"not_sig"}},{"type":"Feature","geometry":{"type":"Point","coordinates":[77.48235,13.08559]},"properties":{"cell_id":69112,"case_count":1,"gi_zscore":-0.1028,"gi_pvalue":0.405,"significance":"not_sig"}},{"type":"Feature","geometry":{"type":"Point","coordinates":[77.50588,13.08559]},"properties":{"cell_id":69114,"case_count":4,"gi_zscore":-0.1028,"gi_pvalue":0.311,"significance":"not_sig"}},{"type":"Feature","geometry":{"type":"Point","coordinates":[77.54118,13.08559]},"properties":{"cell_id":69117,"case_count":2,"gi_zscore":-0.1004,"gi_pvalue":0.375,"significance":"not_sig"}},{"type":"Feature","geometry":{"type":"Point","coordinates":[77.55294,13.08559]},"properties":{"cell_id":69118,"case_count":3,"gi_zscore":-0.0956,"gi_pvalue":0.342,"significance":"not_sig"}},{"type":"Feature","geometry":{"type":"Point","coordinates":[77.64706,13.08559]},"properties":{"cell_id":69126,"case_count":1,"gi_zscore":-0.1028,"gi_pvalue":0.375,"significance":"not_sig"}},{"type":"Feature","geometry":{"type":"Point","coordinates":[77.70588,13.08559]},"properties":{"cell_id":69131,"case_count":530,"gi_zscore":7.6337,"gi_pvalue":0.001,"significance":"hot_99"}},{"type":"Feature","geometry":{"type":"Point","coordinates":[77.71765,13.08559]},"properties":{"cell_id":69132,"case_count":108,"gi_zscore":7.9956,"gi_pvalue":0.001,"significance":"hot_99"}},{"type":"Feature","geometry":{"type":"Point","coordinates":[74.78824,13.09459]},"properties":{"cell_id":69274,"case_count":1,"gi_zscore":-0.1101,"gi_pvalue":0.307,"significance":"not_sig"}},{"type":"Feature","geometry":{"type":"Point","coordinates":[75.83529,13.09459]},"properties":{"cell_id":69363,"case_count":1,"gi_zscore":-0.1149,"gi_pvalue":0.069,"significance":"cold_90"}},{"type":"Feature","geometry":{"type":"Point","coordinates":[76.21176,13.09459]},"properties":{"cell_id":69395,"case_count":1,"gi_zscore":-0.1149,"gi_pvalue":0.069,"significance":"cold_90"}},{"type":"Feature","geometry":{"type":"Point","coordinates":[77.38824,13.09459]},"properties":{"cell_id":69495,"case_count":4,"gi_zscore":-0.0932,"gi_pvalue":0.342,"significance":"not_sig"}},{"type":"Feature","geometry":{"type":"Point","coordinates":[77.4,13.09459]},"properties":{"cell_id":69496,"case_count":4,"gi_zscore":-0.0932,"gi_pvalue":0.342,"significance":"not_sig"}},{"type":"Feature","geometry":{"type":"Point","coordinates":[77.41176,13.09459]},"properties":{"cell_id":69497,"case_count":1,"gi_zscore":-0.1004,"gi_pvalue":0.376,"significance":"not_sig"}},{"type":"Feature","geometry":{"type":"Point","coordinates":[77.49412,13.09459]},"properties":{"cell_id":69504,"case_count":1,"gi_zscore":-0.1052,"gi_pvalue":0.486,"significance":"not_sig"}},{"type":"Feature","geometry":{"type":"Point","coordinates":[77.54118,13.09459]},"properties":{"cell_id":69508,"case_count":3,"gi_zscore":-0.0932,"gi_pvalue":0.323,"significance":"not_sig"}},{"type":"Feature","geometry":{"type":"Point","coordinates":[77.56471,13.09459]},"properties":{"cell_id":69510,"case_count":1,"gi_zscore":-0.0956,"gi_pvalue":0.281,"significance":"not_sig"}},{"type":"Feature","geometry":{"type":"Point","coordinates":[77.57647,13.09459]},"properties":{"cell_id":69511,"case_count":1,"gi_zscore":-0.0956,"gi_pvalue":0.281,"significance":"not_sig"}},{"type":"Feature","geometry":{"type":"Point","coordinates":[77.58824,13.09459]},"properties":{"cell_id":69512,"case_count":1,"gi_zscore":-0.0956,"gi_pvalue":0.281,"significance":"not_sig"}},{"type":"Feature","geometry":{"type":"Point","coordinates":[77.6,13.09459]},"properties":{"cell_id":69513,"case_count":1,"gi_zscore":-0.1028,"gi_pvalue":0.443,"significance":"not_sig"}},{"type":"Feature","geometry":{"type":"Point","coordinates":[77.63529,13.09459]},"properties":{"cell_id":69516,"case_count":1,"gi_zscore":-0.1004,"gi_pvalue":0.323,"significance":"not_sig"}},{"type":"Feature","geometry":{"type":"Point","coordinates":[77.71765,13.09459]},"properties":{"cell_id":69523,"case_count":670,"gi_zscore":7.7109,"gi_pvalue":0.001,"significance":"hot_99"}},{"type":"Feature","geometry":{"type":"Point","coordinates":[77.78824,13.09459]},"properties":{"cell_id":69529,"case_count":1,"gi_zscore":-0.098,"gi_pvalue":0.291,"significance":"not_sig"}},{"type":"Feature","geometry":{"type":"Point","coordinates":[77.85882,13.09459]},"properties":{"cell_id":69535,"case_count":1,"gi_zscore":-0.1173,"gi_pvalue":0.068,"significance":"cold_90"}},{"type":"Feature","geometry":{"type":"Point","coordinates":[77.87059,13.09459]},"properties":{"cell_id":69536,"case_count":1,"gi_zscore":-0.1173,"gi_pvalue":0.068,"significance":"cold_90"}},{"type":"Feature","geometry":{"type":"Point","coordinates":[77.89412,13.09459]},"properties":{"cell_id":69538,"case_count":1,"gi_zscore":-0.1149,"gi_pvalue":0.068,"significance":"cold_90"}},{"type":"Feature","geometry":{"type":"Point","coordinates":[76.49412,13.1036]},"properties":{"cell_id":69810,"case_count":1,"gi_zscore":-0.1173,"gi_pvalue":0.068,"significance":"cold_90"}},{"type":"Feature","geometry":{"type":"Point","coordinates":[77.38824,13.1036]},"properties":{"cell_id":69886,"case_count":4,"gi_zscore":-0.0908,"gi_pvalue":0.32,"significance":"not_sig"}},{"type":"Feature","geometry":{"type":"Point","coordinates":[77.4,13.1036]},"properties":{"cell_id":69887,"case_count":2,"gi_zscore":-0.0908,"gi_pvalue":0.239,"significance":"not_sig"}},{"type":"Feature","geometry":{"type":"Point","coordinates":[77.42353,13.1036]},"properties":{"cell_id":69889,"case_count":1,"gi_zscore":-0.1077,"gi_pvalue":0.466,"significance":"not_sig"}},{"type":"Feature","geometry":{"type":"Point","coordinates":[77.44706,13.1036]},"properties":{"cell_id":69891,"case_count":1,"gi_zscore":-0.1149,"gi_pvalue":0.167,"significance":"not_sig"}},{"type":"Feature","geometry":{"type":"Point","coordinates":[77.55294,13.1036]},"properties":{"cell_id":69900,"case_count":1,"gi_zscore":-0.0884,"gi_pvalue":0.197,"significance":"not_sig"}},{"type":"Feature","geometry":{"type":"Point","coordinates":[77.56471,13.1036]},"properties":{"cell_id":69901,"case_count":5,"gi_zscore":-0.0908,"gi_pvalue":0.374,"significance":"not_sig"}},{"type":"Feature","geometry":{"type":"Point","coordinates":[77.57647,13.1036]},"properties":{"cell_id":69902,"case_count":3,"gi_zscore":-0.0956,"gi_pvalue":0.34,"significance":"not_sig"}},{"type":"Feature","geometry":{"type":"Point","coordinates":[77.58824,13.1036]},"properties":{"cell_id":69903,"case_count":3,"gi_zscore":-0.0956,"gi_pvalue":0.34,"significance":"not_sig"}},{"type":"Feature","geometry":{"type":"Point","coordinates":[77.6,13.1036]},"properties":{"cell_id":69904,"case_count":1,"gi_zscore":-0.1028,"gi_pvalue":0.441,"significance":"not_sig"}},{"type":"Feature","geometry":{"type":"Point","coordinates":[77.62353,13.1036]},"properties":{"cell_id":69906,"case_count":2,"gi_zscore":-0.1125,"gi_pvalue":0.067,"significance":"cold_90"}},{"type":"Feature","geometry":{"type":"Point","coordinates":[77.63529,13.1036]},"properties":{"cell_id":69907,"case_count":1,"gi_zscore":-0.1028,"gi_pvalue":0.375,"significance":"not_sig"}},{"type":"Feature","geometry":{"type":"Point","coordinates":[77.71765,13.1036]},"properties":{"cell_id":69914,"case_count":110,"gi_zscore":8.1307,"gi_pvalue":0.001,"significance":"hot_99"}},{"type":"Feature","geometry":{"type":"Point","coordinates":[77.72941,13.1036]},"properties":{"cell_id":69915,"case_count":574,"gi_zscore":6.5361,"gi_pvalue":0.001,"significance":"hot_99"}},{"type":"Feature","geometry":{"type":"Point","coordinates":[77.83529,13.1036]},"properties":{"cell_id":69924,"case_count":1,"gi_zscore":-0.1173,"gi_pvalue":0.067,"significance":"cold_90"}},{"type":"Feature","geometry":{"type":"Point","coordinates":[74.77647,13.11261]},"properties":{"cell_id":70055,"case_count":1,"gi_zscore":-0.1077,"gi_pvalue":0.464,"significance":"not_sig"}},{"type":"Feature","geometry":{"type":"Point","coordinates":[75.62353,13.11261]},"properties":{"cell_id":70127,"case_count":1,"gi_zscore":-0.1052,"gi_pvalue":0.448,"significance":"not_sig"}},{"type":"Feature","geometry":{"type":"Point","coordinates":[75.72941,13.11261]},"properties":{"cell_id":70136,"case_count":1,"gi_zscore":-0.1077,"gi_pvalue":0.464,"significance":"not_sig"}},{"type":"Feature","geometry":{"type":"Point","coordinates":[76.64706,13.11261]},"properties":{"cell_id":70214,"case_count":1,"gi_zscore":-0.1173,"gi_pvalue":0.067,"significance":"cold_90"}},{"type":"Feature","geometry":{"type":"Point","coordinates":[76.83529,13.11261]},"properties":{"cell_id":70230,"case_count":1,"gi_zscore":-0.1173,"gi_pvalue":0.067,"significance":"cold_90"}},{"type":"Feature","geometry":{"type":"Point","coordinates":[76.90588,13.11261]},"properties":{"cell_id":70236,"case_count":1,"gi_zscore":-0.1173,"gi_pvalue":0.067,"significance":"cold_90"}},{"type":"Feature","geometry":{"type":"Point","coordinates":[77.16471,13.11261]},"properties":{"cell_id":70258,"case_count":1,"gi_zscore":-0.1173,"gi_pvalue":0.067,"significance":"cold_90"}},{"type":"Feature","geometry":{"type":"Point","coordinates":[77.38824,13.11261]},"properties":{"cell_id":70277,"case_count":1,"gi_zscore":-0.0908,"gi_pvalue":0.213,"significance":"not_sig"}},{"type":"Feature","geometry":{"type":"Point","coordinates":[77.4,13.11261]},"properties":{"cell_id":70278,"case_count":1,"gi_zscore":-0.0908,"gi_pvalue":0.213,"significance":"not_sig"}},{"type":"Feature","geometry":{"type":"Point","coordinates":[77.48235,13.11261]},"properties":{"cell_id":70285,"case_count":1,"gi_zscore":-0.1101,"gi_pvalue":0.307,"significance":"not_sig"}},{"type":"Feature","geometry":{"type":"Point","coordinates":[77.50588,13.11261]},"properties":{"cell_id":70287,"case_count":1,"gi_zscore":-0.1028,"gi_pvalue":0.406,"significance":"not_sig"}},{"type":"Feature","geometry":{"type":"Point","coordinates":[77.56471,13.11261]},"properties":{"cell_id":70292,"case_count":2,"gi_zscore":-0.0859,"gi_pvalue":0.195,"significance":"not_sig"}},{"type":"Feature","geometry":{"type":"Point","coordinates":[77.72941,13.11261]},"properties":{"cell_id":70306,"case_count":291,"gi_zscore":6.5361,"gi_pvalue":0.001,"significance":"hot_99"}},{"type":"Feature","geometry":{"type":"Point","coordinates":[77.74118,13.11261]},"properties":{"cell_id":70307,"case_count":363,"gi_zscore":6.3503,"gi_pvalue":0.001,"significance":"hot_99"}},{"type":"Feature","geometry":{"type":"Point","coordinates":[77.83529,13.11261]},"properties":{"cell_id":70315,"case_count":1,"gi_zscore":-0.1173,"gi_pvalue":0.067,"significance":"cold_90"}},{"type":"Feature","geometry":{"type":"Point","coordinates":[75.51765,13.12162]},"properties":{"cell_id":70509,"case_count":1,"gi_zscore":-0.1173,"gi_pvalue":0.067,"significance":"cold_90"}},{"type":"Feature","geometry":{"type":"Point","coordinates":[76.0,13.12162]},"properties":{"cell_id":70550,"case_count":1,"gi_zscore":-0.1052,"gi_pvalue":0.447,"significance":"not_sig"}},{"type":"Feature","geometry":{"type":"Point","coordinates":[77.31765,13.12162]},"properties":{"cell_id":70662,"case_count":1,"gi_zscore":-0.1173,"gi_pvalue":0.067,"significance":"cold_90"}},{"type":"Feature","geometry":{"type":"Point","coordinates":[77.37647,13.12162]},"properties":{"cell_id":70667,"case_count":1,"gi_zscore":-0.0908,"gi_pvalue":0.212,"significance":"not_sig"}},{"type":"Feature","geometry":{"type":"Point","coordinates":[77.38824,13.12162]},"properties":{"cell_id":70668,"case_count":2,"gi_zscore":-0.0908,"gi_pvalue":0.24,"significance":"not_sig"}},{"type":"Feature","geometry":{"type":"Point","coordinates":[77.61176,13.12162]},"properties":{"cell_id":70687,"case_count":1,"gi_zscore":-0.1052,"gi_pvalue":0.448,"significance":"not_sig"}},{"type":"Feature","geometry":{"type":"Point","coordinates":[77.62353,13.12162]},"properties":{"cell_id":70688,"case_count":2,"gi_zscore":-0.1101,"gi_pvalue":0.167,"significance":"not_sig"}},{"type":"Feature","geometry":{"type":"Point","coordinates":[77.67059,13.12162]},"properties":{"cell_id":70692,"case_count":1,"gi_zscore":-0.1101,"gi_pvalue":0.309,"significance":"not_sig"}},{"type":"Feature","geometry":{"type":"Point","coordinates":[77.74118,13.12162]},"properties":{"cell_id":70698,"case_count":506,"gi_zscore":6.0874,"gi_pvalue":0.001,"significance":"hot_99"}},{"type":"Feature","geometry":{"type":"Point","coordinates":[77.75294,13.12162]},"properties":{"cell_id":70699,"case_count":143,"gi_zscore":5.9957,"gi_pvalue":0.001,"significance":"hot_99"}},{"type":"Feature","geometry":{"type":"Point","coordinates":[77.83529,13.12162]},"properties":{"cell_id":70706,"case_count":1,"gi_zscore":-0.1173,"gi_pvalue":0.069,"significance":"cold_90"}},{"type":"Feature","geometry":{"type":"Point","coordinates":[78.11765,13.12162]},"properties":{"cell_id":70730,"case_count":1,"gi_zscore":-0.0763,"gi_pvalue":0.143,"significance":"not_sig"}},{"type":"Feature","geometry":{"type":"Point","coordinates":[78.12941,13.12162]},"properties":{"cell_id":70731,"case_count":1,"gi_zscore":-0.0763,"gi_pvalue":0.139,"significance":"not_sig"}},{"type":"Feature","geometry":{"type":"Point","coordinates":[75.55294,13.13063]},"properties":{"cell_id":70903,"case_count":1,"gi_zscore":-0.1125,"gi_pvalue":0.167,"significance":"not_sig"}},{"type":"Feature","geometry":{"type":"Point","coordinates":[75.63529,13.13063]},"properties":{"cell_id":70910,"case_count":3,"gi_zscore":-0.1052,"gi_pvalue":0.396,"significance":"not_sig"}},{"type":"Feature","geometry":{"type":"Point","coordinates":[75.64706,13.13063]},"properties":{"cell_id":70911,"case_count":3,"gi_zscore":-0.1052,"gi_pvalue":0.396,"significance":"not_sig"}},{"type":"Feature","geometry":{"type":"Point","coordinates":[76.55294,13.13063]},"properties":{"cell_id":70988,"case_count":1,"gi_zscore":-0.1173,"gi_pvalue":0.069,"significance":"cold_90"}},{"type":"Feature","geometry":{"type":"Point","coordinates":[77.12941,13.13063]},"properties":{"cell_id":71037,"case_count":1,"gi_zscore":-0.1173,"gi_pvalue":0.069,"significance":"cold_90"}},{"type":"Feature","geometry":{"type":"Point","coordinates":[77.32941,13.13063]},"properties":{"cell_id":71054,"case_count":1,"gi_zscore":-0.1149,"gi_pvalue":0.069,"significance":"cold_90"}},{"type":"Feature","geometry":{"type":"Point","coordinates":[77.67059,13.13063]},"properties":{"cell_id":71083,"case_count":3,"gi_zscore":-0.1101,"gi_pvalue":0.169,"significance":"not_sig"}},{"type":"Feature","geometry":{"type":"Point","coordinates":[77.74118,13.13063]},"properties":{"cell_id":71089,"case_count":2,"gi_zscore":5.9957,"gi_pvalue":0.001,"significance":"hot_99"}},{"type":"Feature","geometry":{"type":"Point","coordinates":[77.75294,13.13063]},"properties":{"cell_id":71090,"case_count":636,"gi_zscore":5.8703,"gi_pvalue":0.001,"significance":"hot_99"}},{"type":"Feature","geometry":{"type":"Point","coordinates":[77.90588,13.13063]},"properties":{"cell_id":71103,"case_count":2,"gi_zscore":-0.1149,"gi_pvalue":0.07,"significance":"cold_90"}},{"type":"Feature","geometry":{"type":"Point","coordinates":[77.91765,13.13063]},"properties":{"cell_id":71104,"case_count":1,"gi_zscore":-0.1149,"gi_pvalue":0.166,"significance":"not_sig"}},{"type":"Feature","geometry":{"type":"Point","coordinates":[77.94118,13.13063]},"properties":{"cell_id":71106,"case_count":1,"gi_zscore":-0.1149,"gi_pvalue":0.166,"significance":"not_sig"}},{"type":"Feature","geometry":{"type":"Point","coordinates":[78.07059,13.13063]},"properties":{"cell_id":71117,"case_count":1,"gi_zscore":-0.0763,"gi_pvalue":0.14,"significance":"not_sig"}},{"type":"Feature","geometry":{"type":"Point","coordinates":[78.12941,13.13063]},"properties":{"cell_id":71122,"case_count":15,"gi_zscore":-0.0763,"gi_pvalue":0.395,"significance":"not_sig"}},{"type":"Feature","geometry":{"type":"Point","coordinates":[78.14118,13.13063]},"properties":{"cell_id":71123,"case_count":1,"gi_zscore":-0.0763,"gi_pvalue":0.135,"significance":"not_sig"}},{"type":"Feature","geometry":{"type":"Point","coordinates":[78.17647,13.13063]},"properties":{"cell_id":71126,"case_count":1,"gi_zscore":-0.0763,"gi_pvalue":0.135,"significance":"not_sig"}},{"type":"Feature","geometry":{"type":"Point","coordinates":[74.77647,13.13964]},"properties":{"cell_id":71228,"case_count":4,"gi_zscore":-0.1077,"gi_pvalue":0.167,"significance":"not_sig"}},{"type":"Feature","geometry":{"type":"Point","coordinates":[74.78824,13.13964]},"properties":{"cell_id":71229,"case_count":1,"gi_zscore":-0.1077,"gi_pvalue":0.467,"significance":"not_sig"}},{"type":"Feature","geometry":{"type":"Point","coordinates":[75.64706,13.13964]},"properties":{"cell_id":71302,"case_count":1,"gi_zscore":-0.1028,"gi_pvalue":0.369,"significance":"not_sig"}},{"type":"Feature","geometry":{"type":"Point","coordinates":[75.65882,13.13964]},"properties":{"cell_id":71303,"case_count":1,"gi_zscore":-0.1028,"gi_pvalue":0.369,"significance":"not_sig"}},{"type":"Feature","geometry":{"type":"Point","coordinates":[77.31765,13.13964]},"properties":{"cell_id":71444,"case_count":1,"gi_zscore":-0.1149,"gi_pvalue":0.069,"significance":"cold_90"}},{"type":"Feature","geometry":{"type":"Point","coordinates":[77.35294,13.13964]},"properties":{"cell_id":71447,"case_count":1,"gi_zscore":-0.1052,"gi_pvalue":0.447,"significance":"not_sig"}},{"type":"Feature","geometry":{"type":"Point","coordinates":[77.44706,13.13964]},"properties":{"cell_id":71455,"case_count":1,"gi_zscore":-0.1149,"gi_pvalue":0.069,"significance":"cold_90"}},{"type":"Feature","geometry":{"type":"Point","coordinates":[77.48235,13.13964]},"properties":{"cell_id":71458,"case_count":1,"gi_zscore":-0.1173,"gi_pvalue":0.069,"significance":"cold_90"}},{"type":"Feature","geometry":{"type":"Point","coordinates":[77.62353,13.13964]},"properties":{"cell_id":71470,"case_count":1,"gi_zscore":-0.1101,"gi_pvalue":0.312,"significance":"not_sig"}},{"type":"Feature","geometry":{"type":"Point","coordinates":[77.75294,13.13964]},"properties":{"cell_id":71481,"case_count":65,"gi_zscore":5.8654,"gi_pvalue":0.001,"significance":"hot_99"}},{"type":"Feature","geometry":{"type":"Point","coordinates":[77.76471,13.13964]},"properties":{"cell_id":71482,"case_count":536,"gi_zscore":5.6411,"gi_pvalue":0.001,"significance":"hot_99"}},{"type":"Feature","geometry":{"type":"Point","coordinates":[77.78824,13.13964]},"properties":{"cell_id":71484,"case_count":1,"gi_zscore":5.6411,"gi_pvalue":0.001,"significance":"hot_99"}},{"type":"Feature","geometry":{"type":"Point","coordinates":[77.8,13.13964]},"properties":{"cell_id":71485,"case_count":1,"gi_zscore":4.9584,"gi_pvalue":0.001,"significance":"hot_99"}},{"type":"Feature","geometry":{"type":"Point","coordinates":[77.88235,13.13964]},"properties":{"cell_id":71492,"case_count":1,"gi_zscore":-0.1149,"gi_pvalue":0.069,"significance":"cold_90"}},{"type":"Feature","geometry":{"type":"Point","coordinates":[77.94118,13.13964]},"properties":{"cell_id":71497,"case_count":1,"gi_zscore":-0.1101,"gi_pvalue":0.311,"significance":"not_sig"}},{"type":"Feature","geometry":{"type":"Point","coordinates":[78.12941,13.13964]},"properties":{"cell_id":71513,"case_count":2,"gi_zscore":-0.0763,"gi_pvalue":0.143,"significance":"not_sig"}},{"type":"Feature","geometry":{"type":"Point","coordinates":[78.18824,13.13964]},"properties":{"cell_id":71518,"case_count":1,"gi_zscore":-0.0763,"gi_pvalue":0.137,"significance":"not_sig"}},{"type":"Feature","geometry":{"type":"Point","coordinates":[75.63529,13.14865]},"properties":{"cell_id":71692,"case_count":1,"gi_zscore":-0.1028,"gi_pvalue":0.37,"significance":"not_sig"}},{"type":"Feature","geometry":{"type":"Point","coordinates":[75.64706,13.14865]},"properties":{"cell_id":71693,"case_count":2,"gi_zscore":-0.1028,"gi_pvalue":0.446,"significance":"not_sig"}},{"type":"Feature","geometry":{"type":"Point","coordinates":[75.69412,13.14865]},"properties":{"cell_id":71697,"case_count":2,"gi_zscore":-0.1077,"gi_pvalue":0.311,"significance":"not_sig"}},{"type":"Feature","geometry":{"type":"Point","coordinates":[76.22353,13.14865]},"properties":{"cell_id":71742,"case_count":1,"gi_zscore":-0.1149,"gi_pvalue":0.167,"significance":"not_sig"}},{"type":"Feature","geometry":{"type":"Point","coordinates":[76.88235,13.14865]},"properties":{"cell_id":71798,"case_count":1,"gi_zscore":-0.1173,"gi_pvalue":0.067,"significance":"cold_90"}},{"type":"Feature","geometry":{"type":"Point","coordinates":[76.94118,13.14865]},"properties":{"cell_id":71803,"case_count":1,"gi_zscore":-0.1173,"gi_pvalue":0.067,"significance":"cold_90"}},{"type":"Feature","geometry":{"type":"Point","coordinates":[77.44706,13.14865]},"properties":{"cell_id":71846,"case_count":1,"gi_zscore":-0.1149,"gi_pvalue":0.067,"significance":"cold_90"}},{"type":"Feature","geometry":{"type":"Point","coordinates":[77.58824,13.14865]},"properties":{"cell_id":71858,"case_count":1,"gi_zscore":-0.1125,"gi_pvalue":0.167,"significance":"not_sig"}},{"type":"Feature","geometry":{"type":"Point","coordinates":[77.62353,13.14865]},"properties":{"cell_id":71861,"case_count":2,"gi_zscore":-0.1125,"gi_pvalue":0.067,"significance":"cold_90"}},{"type":"Feature","geometry":{"type":"Point","coordinates":[77.65882,13.14865]},"properties":{"cell_id":71864,"case_count":1,"gi_zscore":-0.1077,"gi_pvalue":0.393,"significance":"not_sig"}},{"type":"Feature","geometry":{"type":"Point","coordinates":[77.70588,13.14865]},"properties":{"cell_id":71868,"case_count":1,"gi_zscore":2.0707,"gi_pvalue":0.002,"significance":"hot_99"}},{"type":"Feature","geometry":{"type":"Point","coordinates":[77.75294,13.14865]},"properties":{"cell_id":71872,"case_count":1,"gi_zscore":5.6435,"gi_pvalue":0.001,"significance":"hot_99"}},{"type":"Feature","geometry":{"type":"Point","coordinates":[77.76471,13.14865]},"properties":{"cell_id":71873,"case_count":239,"gi_zscore":5.7279,"gi_pvalue":0.001,"significance":"hot_99"}},{"type":"Feature","geometry":{"type":"Point","coordinates":[77.77647,13.14865]},"properties":{"cell_id":71874,"case_count":361,"gi_zscore":5.6411,"gi_pvalue":0.001,"significance":"hot_99"}},{"type":"Feature","geometry":{"type":"Point","coordinates":[77.82353,13.14865]},"properties":{"cell_id":71878,"case_count":1,"gi_zscore":1.803,"gi_pvalue":0.002,"significance":"hot_99"}},{"type":"Feature","geometry":{"type":"Point","coordinates":[77.88235,13.14865]},"properties":{"cell_id":71883,"case_count":1,"gi_zscore":-0.1149,"gi_pvalue":0.168,"significance":"not_sig"}},{"type":"Feature","geometry":{"type":"Point","coordinates":[77.90588,13.14865]},"properties":{"cell_id":71885,"case_count":1,"gi_zscore":-0.1101,"gi_pvalue":0.311,"significance":"not_sig"}},{"type":"Feature","geometry":{"type":"Point","coordinates":[78.12941,13.14865]},"properties":{"cell_id":71904,"case_count":2,"gi_zscore":-0.0763,"gi_pvalue":0.146,"significance":"not_sig"}},{"type":"Feature","geometry":{"type":"Point","coordinates":[78.14118,13.14865]},"properties":{"cell_id":71905,"case_count":2,"gi_zscore":-0.0763,"gi_pvalue":0.146,"significance":"not_sig"}},{"type":"Feature","geometry":{"type":"Point","coordinates":[74.76471,13.15766]},"properties":{"cell_id":72009,"case_count":2,"gi_zscore":-0.1028,"gi_pvalue":0.498,"significance":"not_sig"}},{"type":"Feature","geometry":{"type":"Point","coordinates":[75.57647,13.15766]},"properties":{"cell_id":72078,"case_count":1,"gi_zscore":-0.1101,"gi_pvalue":0.311,"significance":"not_sig"}},{"type":"Feature","geometry":{"type":"Point","coordinates":[75.64706,13.15766]},"properties":{"cell_id":72084,"case_count":1,"gi_zscore":-0.1028,"gi_pvalue":0.37,"significance":"not_sig"}},{"type":"Feature","geometry":{"type":"Point","coordinates":[76.28235,13.15766]},"properties":{"cell_id":72138,"case_count":1,"gi_zscore":-0.1149,"gi_pvalue":0.169,"significance":"not_sig"}},{"type":"Feature","geometry":{"type":"Point","coordinates":[76.30588,13.15766]},"properties":{"cell_id":72140,"case_count":1,"gi_zscore":-0.1149,"gi_pvalue":0.169,"significance":"not_sig"}},{"type":"Feature","geometry":{"type":"Point","coordinates":[76.42353,13.15766]},"properties":{"cell_id":72150,"case_count":1,"gi_zscore":-0.1101,"gi_pvalue":0.311,"significance":"not_sig"}},{"type":"Feature","geometry":{"type":"Point","coordinates":[76.74118,13.15766]},"properties":{"cell_id":72177,"case_count":1,"gi_zscore":-0.1173,"gi_pvalue":0.069,"significance":"cold_90"}},{"type":"Feature","geometry":{"type":"Point","coordinates":[77.01176,13.15766]},"properties":{"cell_id":72200,"case_count":1,"gi_zscore":-0.1173,"gi_pvalue":0.069,"significance":"cold_90"}},{"type":"Feature","geometry":{"type":"Point","coordinates":[77.12941,13.15766]},"properties":{"cell_id":72210,"case_count":1,"gi_zscore":-0.1173,"gi_pvalue":0.069,"significance":"cold_90"}},{"type":"Feature","geometry":{"type":"Point","coordinates":[77.29412,13.15766]},"properties":{"cell_id":72224,"case_count":1,"gi_zscore":-0.1173,"gi_pvalue":0.069,"significance":"cold_90"}},{"type":"Feature","geometry":{"type":"Point","coordinates":[77.4,13.15766]},"properties":{"cell_id":72233,"case_count":2,"gi_zscore":-0.1101,"gi_pvalue":0.169,"significance":"not_sig"}},{"type":"Feature","geometry":{"type":"Point","coordinates":[77.56471,13.15766]},"properties":{"cell_id":72247,"case_count":1,"gi_zscore":-0.1052,"gi_pvalue":0.445,"significance":"not_sig"}},{"type":"Feature","geometry":{"type":"Point","coordinates":[77.77647,13.15766]},"properties":{"cell_id":72265,"case_count":414,"gi_zscore":5.5325,"gi_pvalue":0.001,"significance":"hot_99"}},{"type":"Feature","geometry":{"type":"Point","coordinates":[77.78824,13.15766]},"properties":{"cell_id":72266,"case_count":179,"gi_zscore":5.5325,"gi_pvalue":0.001,"significance":"hot_99"}},{"type":"Feature","geometry":{"type":"Point","coordinates":[78.14118,13.15766]},"properties":{"cell_id":72296,"case_count":1,"gi_zscore":-0.0763,"gi_pvalue":0.138,"significance":"not_sig"}},{"type":"Feature","geometry":{"type":"Point","coordinates":[78.38824,13.15766]},"properties":{"cell_id":72317,"case_count":1,"gi_zscore":-0.0691,"gi_pvalue":0.131,"significance":"not_sig"}},{"type":"Feature","geometry":{"type":"Point","coordinates":[75.48235,13.16667]},"properties":{"cell_id":72461,"case_count":1,"gi_zscore":-0.1173,"gi_pvalue":0.069,"significance":"cold_90"}},{"type":"Feature","geometry":{"type":"Point","coordinates":[76.55294,13.16667]},"properties":{"cell_id":72552,"case_count":1,"gi_zscore":-0.1173,"gi_pvalue":0.069,"significance":"cold_90"}},{"type":"Feature","geometry":{"type":"Point","coordinates":[76.76471,13.16667]},"properties":{"cell_id":72570,"case_count":1,"gi_zscore":-0.1173,"gi_pvalue":0.069,"significance":"cold_90"}},{"type":"Feature","geometry":{"type":"Point","coordinates":[77.6,13.16667]},"properties":{"cell_id":72641,"case_count":1,"gi_zscore":-0.1149,"gi_pvalue":0.169,"significance":"not_sig"}},{"type":"Feature","geometry":{"type":"Point","coordinates":[77.63529,13.16667]},"properties":{"cell_id":72644,"case_count":1,"gi_zscore":-0.1149,"gi_pvalue":0.169,"significance":"not_sig"}},{"type":"Feature","geometry":{"type":"Point","coordinates":[77.64706,13.16667]},"properties":{"cell_id":72645,"case_count":1,"gi_zscore":-0.1149,"gi_pvalue":0.169,"significance":"not_sig"}},{"type":"Feature","geometry":{"type":"Point","coordinates":[77.68235,13.16667]},"properties":{"cell_id":72648,"case_count":1,"gi_zscore":-0.1125,"gi_pvalue":0.292,"significance":"not_sig"}},{"type":"Feature","geometry":{"type":"Point","coordinates":[77.78824,13.16667]},"properties":{"cell_id":72657,"case_count":600,"gi_zscore":5.5325,"gi_pvalue":0.001,"significance":"hot_99"}},{"type":"Feature","geometry":{"type":"Point","coordinates":[78.38824,13.16667]},"properties":{"cell_id":72708,"case_count":18,"gi_zscore":-0.0691,"gi_pvalue":0.292,"significance":"not_sig"}},{"type":"Feature","geometry":{"type":"Point","coordinates":[78.4,13.16667]},"properties":{"cell_id":72709,"case_count":2,"gi_zscore":-0.0691,"gi_pvalue":0.136,"significance":"not_sig"}},{"type":"Feature","geometry":{"type":"Point","coordinates":[74.76471,13.17568]},"properties":{"cell_id":72791,"case_count":1,"gi_zscore":-0.1028,"gi_pvalue":0.404,"significance":"not_sig"}},{"type":"Feature","geometry":{"type":"Point","coordinates":[74.89412,13.17568]},"properties":{"cell_id":72802,"case_count":1,"gi_zscore":-0.1149,"gi_pvalue":0.068,"significance":"cold_90"}},{"type":"Feature","geometry":{"type":"Point","coordinates":[74.90588,13.17568]},"properties":{"cell_id":72803,"case_count":1,"gi_zscore":-0.1149,"gi_pvalue":0.068,"significance":"cold_90"}},{"type":"Feature","geometry":{"type":"Point","coordinates":[77.56471,13.17568]},"properties":{"cell_id":73029,"case_count":1,"gi_zscore":-0.1149,"gi_pvalue":0.068,"significance":"cold_90"}},{"type":"Feature","geometry":{"type":"Point","coordinates":[77.58824,13.17568]},"properties":{"cell_id":73031,"case_count":1,"gi_zscore":-0.1149,"gi_pvalue":0.168,"significance":"not_sig"}},{"type":"Feature","geometry":{"type":"Point","coordinates":[77.8,13.17568]},"properties":{"cell_id":73049,"case_count":20,"gi_zscore":4.2419,"gi_pvalue":0.001,"significance":"hot_99"}},{"type":"Feature","geometry":{"type":"Point","coordinates":[78.41176,13.17568]},"properties":{"cell_id":73101,"case_count":1,"gi_zscore":-0.0691,"gi_pvalue":0.129,"significance":"not_sig"}},{"type":"Feature","geometry":{"type":"Point","coordinates":[75.49412,13.18468]},"properties":{"cell_id":73244,"case_count":1,"gi_zscore":-0.1173,"gi_pvalue":0.068,"significance":"cold_90"}},{"type":"Feature","geometry":{"type":"Point","coordinates":[75.71765,13.18468]},"properties":{"cell_id":73263,"case_count":1,"gi_zscore":-0.1125,"gi_pvalue":0.168,"significance":"not_sig"}},{"type":"Feature","geometry":{"type":"Point","coordinates":[76.38824,13.18468]},"properties":{"cell_id":73320,"case_count":1,"gi_zscore":-0.1125,"gi_pvalue":0.168,"significance":"not_sig"}},{"type":"Feature","geometry":{"type":"Point","coordinates":[76.54118,13.18468]},"properties":{"cell_id":73333,"case_count":1,"gi_zscore":-0.1149,"gi_pvalue":0.068,"significance":"cold_90"}},{"type":"Feature","geometry":{"type":"Point","coordinates":[77.22353,13.18468]},"properties":{"cell_id":73391,"case_count":1,"gi_zscore":-0.1149,"gi_pvalue":0.068,"significance":"cold_90"}},{"type":"Feature","geometry":{"type":"Point","coordinates":[77.51765,13.18468]},"properties":{"cell_id":73416,"case_count":1,"gi_zscore":-0.1125,"gi_pvalue":0.168,"significance":"not_sig"}},{"type":"Feature","geometry":{"type":"Point","coordinates":[77.61176,13.18468]},"properties":{"cell_id":73424,"case_count":1,"gi_zscore":-0.1149,"gi_pvalue":0.168,"significance":"not_sig"}},{"type":"Feature","geometry":{"type":"Point","coordinates":[74.95294,13.19369]},"properties":{"cell_id":73589,"case_count":1,"gi_zscore":-0.1149,"gi_pvalue":0.068,"significance":"cold_90"}},{"type":"Feature","geometry":{"type":"Point","coordinates":[75.45882,13.19369]},"properties":{"cell_id":73632,"case_count":1,"gi_zscore":-0.1173,"gi_pvalue":0.068,"significance":"cold_90"}},{"type":"Feature","geometry":{"type":"Point","coordinates":[77.18824,13.19369]},"properties":{"cell_id":73779,"case_count":1,"gi_zscore":-0.1149,"gi_pvalue":0.068,"significance":"cold_90"}},{"type":"Feature","geometry":{"type":"Point","coordinates":[77.23529,13.19369]},"properties":{"cell_id":73783,"case_count":1,"gi_zscore":-0.1149,"gi_pvalue":0.068,"significance":"cold_90"}},{"type":"Feature","geometry":{"type":"Point","coordinates":[77.57647,13.19369]},"properties":{"cell_id":73812,"case_count":1,"gi_zscore":-0.1149,"gi_pvalue":0.068,"significance":"cold_90"}},{"type":"Feature","geometry":{"type":"Point","coordinates":[77.62353,13.19369]},"properties":{"cell_id":73816,"case_count":1,"gi_zscore":-0.1149,"gi_pvalue":0.168,"significance":"not_sig"}},{"type":"Feature","geometry":{"type":"Point","coordinates":[77.64706,13.19369]},"properties":{"cell_id":73818,"case_count":1,"gi_zscore":-0.1173,"gi_pvalue":0.068,"significance":"cold_90"}},{"type":"Feature","geometry":{"type":"Point","coordinates":[74.75294,13.2027]},"properties":{"cell_id":73963,"case_count":1,"gi_zscore":-0.1028,"gi_pvalue":0.403,"significance":"not_sig"}},{"type":"Feature","geometry":{"type":"Point","coordinates":[75.0,13.2027]},"properties":{"cell_id":73984,"case_count":1,"gi_zscore":-0.1149,"gi_pvalue":0.068,"significance":"cold_90"}},{"type":"Feature","geometry":{"type":"Point","coordinates":[75.02353,13.2027]},"properties":{"cell_id":73986,"case_count":1,"gi_zscore":-0.1149,"gi_pvalue":0.068,"significance":"cold_90"}},{"type":"Feature","geometry":{"type":"Point","coordinates":[76.90588,13.2027]},"properties":{"cell_id":74146,"case_count":1,"gi_zscore":-0.1173,"gi_pvalue":0.068,"significance":"cold_90"}},{"type":"Feature","geometry":{"type":"Point","coordinates":[76.92941,13.2027]},"properties":{"cell_id":74148,"case_count":1,"gi_zscore":-0.1173,"gi_pvalue":0.068,"significance":"cold_90"}},{"type":"Feature","geometry":{"type":"Point","coordinates":[77.70588,13.2027]},"properties":{"cell_id":74214,"case_count":1,"gi_zscore":-0.1101,"gi_pvalue":0.29,"significance":"not_sig"}},{"type":"Feature","geometry":{"type":"Point","coordinates":[77.74118,13.2027]},"properties":{"cell_id":74217,"case_count":1,"gi_zscore":1.4604,"gi_pvalue":0.004,"significance":"hot_99"}},{"type":"Feature","geometry":{"type":"Point","coordinates":[77.90588,13.2027]},"properties":{"cell_id":74231,"case_count":3,"gi_zscore":-0.1101,"gi_pvalue":0.168,"significance":"not_sig"}},{"type":"Feature","geometry":{"type":"Point","coordinates":[78.45882,13.2027]},"properties":{"cell_id":74278,"case_count":1,"gi_zscore":-0.0691,"gi_pvalue":0.127,"significance":"not_sig"}},{"type":"Feature","geometry":{"type":"Point","coordinates":[74.83529,13.21171]},"properties":{"cell_id":74361,"case_count":1,"gi_zscore":-0.1149,"gi_pvalue":0.068,"significance":"cold_90"}},{"type":"Feature","geometry":{"type":"Point","coordinates":[74.98824,13.21171]},"properties":{"cell_id":74374,"case_count":1,"gi_zscore":-0.1149,"gi_pvalue":0.068,"significance":"cold_90"}},{"type":"Feature","geometry":{"type":"Point","coordinates":[75.0,13.21171]},"properties":{"cell_id":74375,"case_count":1,"gi_zscore":-0.1149,"gi_pvalue":0.068,"significance":"cold_90"}},{"type":"Feature","geometry":{"type":"Point","coordinates":[76.92941,13.21171]},"properties":{"cell_id":74539,"case_count":1,"gi_zscore":-0.1173,"gi_pvalue":0.068,"significance":"cold_90"}},{"type":"Feature","geometry":{"type":"Point","coordinates":[77.03529,13.21171]},"properties":{"cell_id":74548,"case_count":1,"gi_zscore":-0.1149,"gi_pvalue":0.068,"significance":"cold_90"}},{"type":"Feature","geometry":{"type":"Point","coordinates":[77.05882,13.21171]},"properties":{"cell_id":74550,"case_count":1,"gi_zscore":-0.1149,"gi_pvalue":0.068,"significance":"cold_90"}},{"type":"Feature","geometry":{"type":"Point","coordinates":[77.16471,13.21171]},"properties":{"cell_id":74559,"case_count":1,"gi_zscore":-0.1173,"gi_pvalue":0.068,"significance":"cold_90"}},{"type":"Feature","geometry":{"type":"Point","coordinates":[77.25882,13.21171]},"properties":{"cell_id":74567,"case_count":1,"gi_zscore":-0.1149,"gi_pvalue":0.166,"significance":"not_sig"}},{"type":"Feature","geometry":{"type":"Point","coordinates":[77.44706,13.21171]},"properties":{"cell_id":74583,"case_count":1,"gi_zscore":-0.1125,"gi_pvalue":0.166,"significance":"not_sig"}},{"type":"Feature","geometry":{"type":"Point","coordinates":[77.67059,13.21171]},"properties":{"cell_id":74602,"case_count":1,"gi_zscore":-0.1149,"gi_pvalue":0.068,"significance":"cold_90"}},{"type":"Feature","geometry":{"type":"Point","coordinates":[74.78824,13.22072]},"properties":{"cell_id":74748,"case_count":1,"gi_zscore":-0.1077,"gi_pvalue":0.467,"significance":"not_sig"}},{"type":"Feature","geometry":{"type":"Point","coordinates":[76.47059,13.22072]},"properties":{"cell_id":74891,"case_count":1,"gi_zscore":-0.1101,"gi_pvalue":0.308,"significance":"not_sig"}},{"type":"Feature","geometry":{"type":"Point","coordinates":[77.55294,13.22072]},"properties":{"cell_id":74983,"case_count":1,"gi_zscore":-0.1125,"gi_pvalue":0.166,"significance":"not_sig"}},{"type":"Feature","geometry":{"type":"Point","coordinates":[77.56471,13.22072]},"properties":{"cell_id":74984,"case_count":2,"gi_zscore":-0.1125,"gi_pvalue":0.068,"significance":"cold_90"}},{"type":"Feature","geometry":{"type":"Point","coordinates":[77.61176,13.22072]},"properties":{"cell_id":74988,"case_count":1,"gi_zscore":-0.1149,"gi_pvalue":0.067,"significance":"cold_90"}},{"type":"Feature","geometry":{"type":"Point","coordinates":[77.69412,13.22072]},"properties":{"cell_id":74995,"case_count":2,"gi_zscore":-0.1101,"gi_pvalue":0.166,"significance":"not_sig"}},{"type":"Feature","geometry":{"type":"Point","coordinates":[77.91765,13.22072]},"properties":{"cell_id":75014,"case_count":1,"gi_zscore":-0.1125,"gi_pvalue":0.288,"significance":"not_sig"}},{"type":"Feature","geometry":{"type":"Point","coordinates":[77.94118,13.22072]},"properties":{"cell_id":75016,"case_count":1,"gi_zscore":-0.1125,"gi_pvalue":0.288,"significance":"not_sig"}},{"type":"Feature","geometry":{"type":"Point","coordinates":[74.75294,13.22973]},"properties":{"cell_id":75136,"case_count":3,"gi_zscore":-0.1125,"gi_pvalue":0.07,"significance":"cold_90"}},{"type":"Feature","geometry":{"type":"Point","coordinates":[75.36471,13.22973]},"properties":{"cell_id":75188,"case_count":1,"gi_zscore":-0.1173,"gi_pvalue":0.069,"significance":"cold_90"}},{"type":"Feature","geometry":{"type":"Point","coordinates":[75.49412,13.22973]},"properties":{"cell_id":75199,"case_count":1,"gi_zscore":-0.1173,"gi_pvalue":0.069,"significance":"cold_90"}},{"type":"Feature","geometry":{"type":"Point","coordinates":[76.91765,13.22973]},"properties":{"cell_id":75320,"case_count":1,"gi_zscore":-0.1173,"gi_pvalue":0.069,"significance":"cold_90"}},{"type":"Feature","geometry":{"type":"Point","coordinates":[77.24706,13.22973]},"properties":{"cell_id":75348,"case_count":2,"gi_zscore":-0.1149,"gi_pvalue":0.069,"significance":"cold_90"}},{"type":"Feature","geometry":{"type":"Point","coordinates":[77.30588,13.22973]},"properties":{"cell_id":75353,"case_count":1,"gi_zscore":-0.1149,"gi_pvalue":0.164,"significance":"not_sig"}},{"type":"Feature","geometry":{"type":"Point","coordinates":[77.31765,13.22973]},"properties":{"cell_id":75354,"case_count":1,"gi_zscore":-0.1149,"gi_pvalue":0.164,"significance":"not_sig"}},{"type":"Feature","geometry":{"type":"Point","coordinates":[77.35294,13.22973]},"properties":{"cell_id":75357,"case_count":1,"gi_zscore":-0.1149,"gi_pvalue":0.164,"significance":"not_sig"}},{"type":"Feature","geometry":{"type":"Point","coordinates":[77.75294,13.22973]},"properties":{"cell_id":75391,"case_count":1,"gi_zscore":-0.1077,"gi_pvalue":0.393,"significance":"not_sig"}},{"type":"Feature","geometry":{"type":"Point","coordinates":[77.95294,13.22973]},"properties":{"cell_id":75408,"case_count":1,"gi_zscore":-0.1125,"gi_pvalue":0.289,"significance":"not_sig"}},{"type":"Feature","geometry":{"type":"Point","coordinates":[78.23529,13.22973]},"properties":{"cell_id":75432,"case_count":1,"gi_zscore":-0.1101,"gi_pvalue":0.309,"significance":"not_sig"}},{"type":"Feature","geometry":{"type":"Point","coordinates":[74.97647,13.23874]},"properties":{"cell_id":75546,"case_count":1,"gi_zscore":-0.1149,"gi_pvalue":0.069,"significance":"cold_90"}},{"type":"Feature","geometry":{"type":"Point","coordinates":[75.77647,13.23874]},"properties":{"cell_id":75614,"case_count":1,"gi_zscore":-0.1101,"gi_pvalue":0.289,"significance":"not_sig"}},{"type":"Feature","geometry":{"type":"Point","coordinates":[76.85882,13.23874]},"properties":{"cell_id":75706,"case_count":1,"gi_zscore":-0.1173,"gi_pvalue":0.069,"significance":"cold_90"}},{"type":"Feature","geometry":{"type":"Point","coordinates":[77.23529,13.23874]},"properties":{"cell_id":75738,"case_count":1,"gi_zscore":-0.1149,"gi_pvalue":0.164,"significance":"not_sig"}},{"type":"Feature","geometry":{"type":"Point","coordinates":[77.27059,13.23874]},"properties":{"cell_id":75741,"case_count":1,"gi_zscore":-0.1149,"gi_pvalue":0.164,"significance":"not_sig"}},{"type":"Feature","geometry":{"type":"Point","coordinates":[77.28235,13.23874]},"properties":{"cell_id":75742,"case_count":1,"gi_zscore":-0.1149,"gi_pvalue":0.164,"significance":"not_sig"}},{"type":"Feature","geometry":{"type":"Point","coordinates":[77.55294,13.23874]},"properties":{"cell_id":75765,"case_count":2,"gi_zscore":-0.1125,"gi_pvalue":0.164,"significance":"not_sig"}},{"type":"Feature","geometry":{"type":"Point","coordinates":[77.71765,13.23874]},"properties":{"cell_id":75779,"case_count":1,"gi_zscore":-0.1077,"gi_pvalue":0.466,"significance":"not_sig"}},{"type":"Feature","geometry":{"type":"Point","coordinates":[77.81176,13.23874]},"properties":{"cell_id":75787,"case_count":1,"gi_zscore":-0.1101,"gi_pvalue":0.309,"significance":"not_sig"}},{"type":"Feature","geometry":{"type":"Point","coordinates":[74.83529,13.24775]},"properties":{"cell_id":75925,"case_count":2,"gi_zscore":-0.1101,"gi_pvalue":0.164,"significance":"not_sig"}},{"type":"Feature","geometry":{"type":"Point","coordinates":[74.97647,13.24775]},"properties":{"cell_id":75937,"case_count":2,"gi_zscore":-0.1149,"gi_pvalue":0.001,"significance":"cold_99"}},{"type":"Feature","geometry":{"type":"Point","coordinates":[75.65882,13.24775]},"properties":{"cell_id":75995,"case_count":1,"gi_zscore":-0.1125,"gi_pvalue":0.163,"significance":"not_sig"}},{"type":"Feature","geometry":{"type":"Point","coordinates":[76.47059,13.24775]},"properties":{"cell_id":76064,"case_count":1,"gi_zscore":-0.1101,"gi_pvalue":0.309,"significance":"not_sig"}},{"type":"Feature","geometry":{"type":"Point","coordinates":[76.61176,13.24775]},"properties":{"cell_id":76076,"case_count":1,"gi_zscore":-0.1149,"gi_pvalue":0.07,"significance":"cold_90"}},{"type":"Feature","geometry":{"type":"Point","coordinates":[77.09412,13.24775]},"properties":{"cell_id":76117,"case_count":1,"gi_zscore":-0.1125,"gi_pvalue":0.163,"significance":"not_sig"}},{"type":"Feature","geometry":{"type":"Point","coordinates":[77.29412,13.24775]},"properties":{"cell_id":76134,"case_count":1,"gi_zscore":-0.1149,"gi_pvalue":0.163,"significance":"not_sig"}},{"type":"Feature","geometry":{"type":"Point","coordinates":[77.52941,13.24775]},"properties":{"cell_id":76154,"case_count":1,"gi_zscore":-0.1125,"gi_pvalue":0.163,"significance":"not_sig"}},{"type":"Feature","geometry":{"type":"Point","coordinates":[77.55294,13.24775]},"properties":{"cell_id":76156,"case_count":1,"gi_zscore":-0.1149,"gi_pvalue":0.163,"significance":"not_sig"}},{"type":"Feature","geometry":{"type":"Point","coordinates":[77.56471,13.24775]},"properties":{"cell_id":76157,"case_count":1,"gi_zscore":-0.1125,"gi_pvalue":0.289,"significance":"not_sig"}},{"type":"Feature","geometry":{"type":"Point","coordinates":[77.71765,13.24775]},"properties":{"cell_id":76170,"case_count":3,"gi_zscore":-0.1052,"gi_pvalue":0.392,"significance":"not_sig"}},{"type":"Feature","geometry":{"type":"Point","coordinates":[77.8,13.24775]},"properties":{"cell_id":76177,"case_count":2,"gi_zscore":-0.1101,"gi_pvalue":0.164,"significance":"not_sig"}},{"type":"Feature","geometry":{"type":"Point","coordinates":[76.25882,13.25676]},"properties":{"cell_id":76437,"case_count":1,"gi_zscore":-0.1149,"gi_pvalue":0.164,"significance":"not_sig"}},{"type":"Feature","geometry":{"type":"Point","coordinates":[76.45882,13.25676]},"properties":{"cell_id":76454,"case_count":1,"gi_zscore":-0.1101,"gi_pvalue":0.309,"significance":"not_sig"}},{"type":"Feature","geometry":{"type":"Point","coordinates":[76.47059,13.25676]},"properties":{"cell_id":76455,"case_count":3,"gi_zscore":-0.1101,"gi_pvalue":0.168,"significance":"not_sig"}},{"type":"Feature","geometry":{"type":"Point","coordinates":[76.48235,13.25676]},"properties":{"cell_id":76456,"case_count":2,"gi_zscore":-0.1101,"gi_pvalue":0.168,"significance":"not_sig"}},{"type":"Feature","geometry":{"type":"Point","coordinates":[76.65882,13.25676]},"properties":{"cell_id":76471,"case_count":1,"gi_zscore":-0.1149,"gi_pvalue":0.071,"significance":"cold_90"}},{"type":"Feature","geometry":{"type":"Point","coordinates":[76.69412,13.25676]},"properties":{"cell_id":76474,"case_count":1,"gi_zscore":-0.1149,"gi_pvalue":0.071,"significance":"cold_90"}},{"type":"Feature","geometry":{"type":"Point","coordinates":[77.18824,13.25676]},"properties":{"cell_id":76516,"case_count":1,"gi_zscore":-0.1149,"gi_pvalue":0.071,"significance":"cold_90"}},{"type":"Feature","geometry":{"type":"Point","coordinates":[77.24706,13.25676]},"properties":{"cell_id":76521,"case_count":1,"gi_zscore":-0.1149,"gi_pvalue":0.168,"significance":"not_sig"}},{"type":"Feature","geometry":{"type":"Point","coordinates":[77.25882,13.25676]},"properties":{"cell_id":76522,"case_count":1,"gi_zscore":-0.1149,"gi_pvalue":0.168,"significance":"not_sig"}},{"type":"Feature","geometry":{"type":"Point","coordinates":[77.54118,13.25676]},"properties":{"cell_id":76546,"case_count":1,"gi_zscore":-0.1052,"gi_pvalue":0.442,"significance":"not_sig"}},{"type":"Feature","geometry":{"type":"Point","coordinates":[77.55294,13.25676]},"properties":{"cell_id":76547,"case_count":1,"gi_zscore":-0.1149,"gi_pvalue":0.168,"significance":"not_sig"}},{"type":"Feature","geometry":{"type":"Point","coordinates":[77.57647,13.25676]},"properties":{"cell_id":76549,"case_count":1,"gi_zscore":-0.1004,"gi_pvalue":0.332,"significance":"not_sig"}},{"type":"Feature","geometry":{"type":"Point","coordinates":[77.62353,13.25676]},"properties":{"cell_id":76553,"case_count":1,"gi_zscore":-0.1149,"gi_pvalue":0.071,"significance":"cold_90"}},{"type":"Feature","geometry":{"type":"Point","coordinates":[78.17647,13.25676]},"properties":{"cell_id":76600,"case_count":1,"gi_zscore":-0.1101,"gi_pvalue":0.312,"significance":"not_sig"}},{"type":"Feature","geometry":{"type":"Point","coordinates":[74.78824,13.26577]},"properties":{"cell_id":76703,"case_count":1,"gi_zscore":-0.1101,"gi_pvalue":0.312,"significance":"not_sig"}},{"type":"Feature","geometry":{"type":"Point","coordinates":[74.95294,13.26577]},"properties":{"cell_id":76717,"case_count":1,"gi_zscore":-0.1149,"gi_pvalue":0.071,"significance":"cold_90"}},{"type":"Feature","geometry":{"type":"Point","coordinates":[75.43529,13.26577]},"properties":{"cell_id":76758,"case_count":1,"gi_zscore":-0.1173,"gi_pvalue":0.071,"significance":"cold_90"}},{"type":"Feature","geometry":{"type":"Point","coordinates":[76.45882,13.26577]},"properties":{"cell_id":76845,"case_count":1,"gi_zscore":-0.1101,"gi_pvalue":0.312,"significance":"not_sig"}},{"type":"Feature","geometry":{"type":"Point","coordinates":[76.47059,13.26577]},"properties":{"cell_id":76846,"case_count":1,"gi_zscore":-0.1101,"gi_pvalue":0.312,"significance":"not_sig"}},{"type":"Feature","geometry":{"type":"Point","coordinates":[76.56471,13.26577]},"properties":{"cell_id":76854,"case_count":1,"gi_zscore":-0.1077,"gi_pvalue":0.466,"significance":"not_sig"}},{"type":"Feature","geometry":{"type":"Point","coordinates":[76.71765,13.26577]},"properties":{"cell_id":76867,"case_count":1,"gi_zscore":-0.1149,"gi_pvalue":0.071,"significance":"cold_90"}},{"type":"Feature","geometry":{"type":"Point","coordinates":[77.23529,13.26577]},"properties":{"cell_id":76911,"case_count":1,"gi_zscore":-0.1149,"gi_pvalue":0.168,"significance":"not_sig"}},{"type":"Feature","geometry":{"type":"Point","coordinates":[77.55294,13.26577]},"properties":{"cell_id":76938,"case_count":1,"gi_zscore":-0.0932,"gi_pvalue":0.235,"significance":"not_sig"}},{"type":"Feature","geometry":{"type":"Point","coordinates":[77.71765,13.26577]},"properties":{"cell_id":76952,"case_count":1,"gi_zscore":-0.1052,"gi_pvalue":0.442,"significance":"not_sig"}},{"type":"Feature","geometry":{"type":"Point","coordinates":[77.76471,13.26577]},"properties":{"cell_id":76956,"case_count":2,"gi_zscore":-0.1101,"gi_pvalue":0.168,"significance":"not_sig"}},{"type":"Feature","geometry":{"type":"Point","coordinates":[77.77647,13.26577]},"properties":{"cell_id":76957,"case_count":1,"gi_zscore":-0.1101,"gi_pvalue":0.312,"significance":"not_sig"}},{"type":"Feature","geometry":{"type":"Point","coordinates":[77.8,13.26577]},"properties":{"cell_id":76959,"case_count":1,"gi_zscore":-0.1101,"gi_pvalue":0.312,"significance":"not_sig"}},{"type":"Feature","geometry":{"type":"Point","coordinates":[77.82353,13.26577]},"properties":{"cell_id":76961,"case_count":1,"gi_zscore":-0.1101,"gi_pvalue":0.312,"significance":"not_sig"}},{"type":"Feature","geometry":{"type":"Point","coordinates":[74.78824,13.27477]},"properties":{"cell_id":77094,"case_count":1,"gi_zscore":-0.1101,"gi_pvalue":0.312,"significance":"not_sig"}},{"type":"Feature","geometry":{"type":"Point","coordinates":[75.96471,13.27477]},"properties":{"cell_id":77194,"case_count":1,"gi_zscore":-0.1173,"gi_pvalue":0.07,"significance":"cold_90"}},{"type":"Feature","geometry":{"type":"Point","coordinates":[76.47059,13.27477]},"properties":{"cell_id":77237,"case_count":1,"gi_zscore":-0.1101,"gi_pvalue":0.312,"significance":"not_sig"}},{"type":"Feature","geometry":{"type":"Point","coordinates":[76.51765,13.27477]},"properties":{"cell_id":77241,"case_count":1,"gi_zscore":-0.1101,"gi_pvalue":0.312,"significance":"not_sig"}},{"type":"Feature","geometry":{"type":"Point","coordinates":[76.74118,13.27477]},"properties":{"cell_id":77260,"case_count":1,"gi_zscore":-0.1149,"gi_pvalue":0.07,"significance":"cold_90"}},{"type":"Feature","geometry":{"type":"Point","coordinates":[77.04706,13.27477]},"properties":{"cell_id":77286,"case_count":1,"gi_zscore":-0.1101,"gi_pvalue":0.292,"significance":"not_sig"}},{"type":"Feature","geometry":{"type":"Point","coordinates":[77.51765,13.27477]},"properties":{"cell_id":77326,"case_count":2,"gi_zscore":0.0395,"gi_pvalue":0.098,"significance":"hot_90"}},{"type":"Feature","geometry":{"type":"Point","coordinates":[77.55294,13.27477]},"properties":{"cell_id":77329,"case_count":1,"gi_zscore":0.0057,"gi_pvalue":0.103,"significance":"not_sig"}},{"type":"Feature","geometry":{"type":"Point","coordinates":[77.64706,13.27477]},"properties":{"cell_id":77337,"case_count":2,"gi_zscore":-0.1101,"gi_pvalue":0.168,"significance":"not_sig"}},{"type":"Feature","geometry":{"type":"Point","coordinates":[74.75294,13.28378]},"properties":{"cell_id":77482,"case_count":1,"gi_zscore":-0.1149,"gi_pvalue":0.072,"significance":"cold_90"}},{"type":"Feature","geometry":{"type":"Point","coordinates":[76.71765,13.28378]},"properties":{"cell_id":77649,"case_count":1,"gi_zscore":-0.1149,"gi_pvalue":0.072,"significance":"cold_90"}},{"type":"Feature","geometry":{"type":"Point","coordinates":[77.18824,13.28378]},"properties":{"cell_id":77689,"case_count":1,"gi_zscore":-0.1125,"gi_pvalue":0.167,"significance":"not_sig"}},{"type":"Feature","geometry":{"type":"Point","coordinates":[77.52941,13.28378]},"properties":{"cell_id":77718,"case_count":5,"gi_zscore":0.1095,"gi_pvalue":0.096,"significance":"hot_90"}},{"type":"Feature","geometry":{"type":"Point","coordinates":[77.54118,13.28378]},"properties":{"cell_id":77719,"case_count":5,"gi_zscore":0.0733,"gi_pvalue":0.096,"significance":"hot_90"}},{"type":"Feature","geometry":{"type":"Point","coordinates":[77.55294,13.28378]},"properties":{"cell_id":77720,"case_count":7,"gi_zscore":0.0733,"gi_pvalue":0.096,"significance":"hot_90"}},{"type":"Feature","geometry":{"type":"Point","coordinates":[77.69412,13.28378]},"properties":{"cell_id":77732,"case_count":2,"gi_zscore":-0.1028,"gi_pvalue":0.44,"significance":"not_sig"}},{"type":"Feature","geometry":{"type":"Point","coordinates":[77.8,13.28378]},"properties":{"cell_id":77741,"case_count":1,"gi_zscore":-0.1101,"gi_pvalue":0.312,"significance":"not_sig"}},{"type":"Feature","geometry":{"type":"Point","coordinates":[74.72941,13.29279]},"properties":{"cell_id":77871,"case_count":1,"gi_zscore":-0.1077,"gi_pvalue":0.39,"significance":"not_sig"}},{"type":"Feature","geometry":{"type":"Point","coordinates":[74.77647,13.29279]},"properties":{"cell_id":77875,"case_count":1,"gi_zscore":-0.1125,"gi_pvalue":0.167,"significance":"not_sig"}},{"type":"Feature","geometry":{"type":"Point","coordinates":[76.41176,13.29279]},"properties":{"cell_id":78014,"case_count":1,"gi_zscore":-0.1101,"gi_pvalue":0.312,"significance":"not_sig"}},{"type":"Feature","geometry":{"type":"Point","coordinates":[76.75294,13.29279]},"properties":{"cell_id":78043,"case_count":1,"gi_zscore":-0.1149,"gi_pvalue":0.072,"significance":"cold_90"}},{"type":"Feature","geometry":{"type":"Point","coordinates":[77.05882,13.29279]},"properties":{"cell_id":78069,"case_count":1,"gi_zscore":-0.1004,"gi_pvalue":0.37,"significance":"not_sig"}},{"type":"Feature","geometry":{"type":"Point","coordinates":[77.09412,13.29279]},"properties":{"cell_id":78072,"case_count":2,"gi_zscore":-0.1004,"gi_pvalue":0.433,"significance":"not_sig"}},{"type":"Feature","geometry":{"type":"Point","coordinates":[77.14118,13.29279]},"properties":{"cell_id":78076,"case_count":2,"gi_zscore":-0.1052,"gi_pvalue":0.468,"significance":"not_sig"}},{"type":"Feature","geometry":{"type":"Point","coordinates":[77.52941,13.29279]},"properties":{"cell_id":78109,"case_count":6,"gi_zscore":0.1215,"gi_pvalue":0.096,"significance":"hot_90"}},{"type":"Feature","geometry":{"type":"Point","coordinates":[77.54118,13.29279]},"properties":{"cell_id":78110,"case_count":36,"gi_zscore":0.1336,"gi_pvalue":0.096,"significance":"hot_90"}},{"type":"Feature","geometry":{"type":"Point","coordinates":[77.55294,13.29279]},"properties":{"cell_id":78111,"case_count":3,"gi_zscore":0.1239,"gi_pvalue":0.096,"significance":"hot_90"}},{"type":"Feature","geometry":{"type":"Point","coordinates":[77.62353,13.29279]},"properties":{"cell_id":78117,"case_count":1,"gi_zscore":-0.0908,"gi_pvalue":0.225,"significance":"not_sig"}},{"type":"Feature","geometry":{"type":"Point","coordinates":[77.75294,13.29279]},"properties":{"cell_id":78128,"case_count":1,"gi_zscore":-0.1125,"gi_pvalue":0.165,"significance":"not_sig"}},{"type":"Feature","geometry":{"type":"Point","coordinates":[77.8,13.29279]},"properties":{"cell_id":78132,"case_count":2,"gi_zscore":-0.1125,"gi_pvalue":0.071,"significance":"cold_90"}},{"type":"Feature","geometry":{"type":"Point","coordinates":[77.82353,13.29279]},"properties":{"cell_id":78134,"case_count":1,"gi_zscore":-0.1125,"gi_pvalue":0.166,"significance":"not_sig"}},{"type":"Feature","geometry":{"type":"Point","coordinates":[77.90588,13.29279]},"properties":{"cell_id":78141,"case_count":1,"gi_zscore":-0.1173,"gi_pvalue":0.071,"significance":"cold_90"}},{"type":"Feature","geometry":{"type":"Point","coordinates":[74.72941,13.3018]},"properties":{"cell_id":78262,"case_count":1,"gi_zscore":-0.1028,"gi_pvalue":0.436,"significance":"not_sig"}},{"type":"Feature","geometry":{"type":"Point","coordinates":[77.48235,13.3018]},"properties":{"cell_id":78496,"case_count":1,"gi_zscore":0.1119,"gi_pvalue":0.096,"significance":"hot_90"}},{"type":"Feature","geometry":{"type":"Point","coordinates":[77.52941,13.3018]},"properties":{"cell_id":78500,"case_count":17,"gi_zscore":0.1191,"gi_pvalue":0.096,"significance":"hot_90"}},{"type":"Feature","geometry":{"type":"Point","coordinates":[77.54118,13.3018]},"properties":{"cell_id":78501,"case_count":24,"gi_zscore":0.1143,"gi_pvalue":0.096,"significance":"hot_90"}},{"type":"Feature","geometry":{"type":"Point","coordinates":[77.64706,13.3018]},"properties":{"cell_id":78510,"case_count":1,"gi_zscore":-0.1077,"gi_pvalue":0.465,"significance":"not_sig"}},{"type":"Feature","geometry":{"type":"Point","coordinates":[77.69412,13.3018]},"properties":{"cell_id":78514,"case_count":2,"gi_zscore":-0.1077,"gi_pvalue":0.313,"significance":"not_sig"}},{"type":"Feature","geometry":{"type":"Point","coordinates":[77.70588,13.3018]},"properties":{"cell_id":78515,"case_count":1,"gi_zscore":-0.1052,"gi_pvalue":0.491,"significance":"not_sig"}},{"type":"Feature","geometry":{"type":"Point","coordinates":[77.90588,13.3018]},"properties":{"cell_id":78532,"case_count":1,"gi_zscore":-0.1173,"gi_pvalue":0.072,"significance":"cold_90"}},{"type":"Feature","geometry":{"type":"Point","coordinates":[77.91765,13.3018]},"properties":{"cell_id":78533,"case_count":1,"gi_zscore":-0.1173,"gi_pvalue":0.072,"significance":"cold_90"}},{"type":"Feature","geometry":{"type":"Point","coordinates":[74.72941,13.31081]},"properties":{"cell_id":78653,"case_count":1,"gi_zscore":-0.1028,"gi_pvalue":0.439,"significance":"not_sig"}},{"type":"Feature","geometry":{"type":"Point","coordinates":[74.74118,13.31081]},"properties":{"cell_id":78654,"case_count":1,"gi_zscore":-0.1028,"gi_pvalue":0.439,"significance":"not_sig"}},{"type":"Feature","geometry":{"type":"Point","coordinates":[75.69412,13.31081]},"properties":{"cell_id":78735,"case_count":1,"gi_zscore":-0.1101,"gi_pvalue":0.312,"significance":"not_sig"}},{"type":"Feature","geometry":{"type":"Point","coordinates":[75.77647,13.31081]},"properties":{"cell_id":78742,"case_count":1,"gi_zscore":-0.1101,"gi_pvalue":0.312,"significance":"not_sig"}},{"type":"Feature","geometry":{"type":"Point","coordinates":[76.25882,13.31081]},"properties":{"cell_id":78783,"case_count":1,"gi_zscore":-0.1149,"gi_pvalue":0.072,"significance":"cold_90"}},{"type":"Feature","geometry":{"type":"Point","coordinates":[76.61176,13.31081]},"properties":{"cell_id":78813,"case_count":1,"gi_zscore":-0.1149,"gi_pvalue":0.072,"significance":"cold_90"}},{"type":"Feature","geometry":{"type":"Point","coordinates":[76.64706,13.31081]},"properties":{"cell_id":78816,"case_count":2,"gi_zscore":-0.1149,"gi_pvalue":0.001,"significance":"cold_99"}},{"type":"Feature","geometry":{"type":"Point","coordinates":[76.90588,13.31081]},"properties":{"cell_id":78838,"case_count":1,"gi_zscore":-0.1173,"gi_pvalue":0.072,"significance":"cold_90"}},{"type":"Feature","geometry":{"type":"Point","coordinates":[77.05882,13.31081]},"properties":{"cell_id":78851,"case_count":1,"gi_zscore":-0.1004,"gi_pvalue":0.376,"significance":"not_sig"}},{"type":"Feature","geometry":{"type":"Point","coordinates":[77.11765,13.31081]},"properties":{"cell_id":78856,"case_count":1,"gi_zscore":-0.1004,"gi_pvalue":0.376,"significance":"not_sig"}},{"type":"Feature","geometry":{"type":"Point","coordinates":[77.14118,13.31081]},"properties":{"cell_id":78858,"case_count":2,"gi_zscore":-0.1077,"gi_pvalue":0.312,"significance":"not_sig"}},{"type":"Feature","geometry":{"type":"Point","coordinates":[77.15294,13.31081]},"properties":{"cell_id":78859,"case_count":1,"gi_zscore":-0.1101,"gi_pvalue":0.312,"significance":"not_sig"}},{"type":"Feature","geometry":{"type":"Point","coordinates":[77.52941,13.31081]},"properties":{"cell_id":78891,"case_count":3,"gi_zscore":0.1191,"gi_pvalue":0.096,"significance":"hot_90"}},{"type":"Feature","geometry":{"type":"Point","coordinates":[77.54118,13.31081]},"properties":{"cell_id":78892,"case_count":10,"gi_zscore":0.1143,"gi_pvalue":0.096,"significance":"hot_90"}},{"type":"Feature","geometry":{"type":"Point","coordinates":[77.76471,13.31081]},"properties":{"cell_id":78911,"case_count":1,"gi_zscore":-0.1125,"gi_pvalue":0.166,"significance":"not_sig"}},{"type":"Feature","geometry":{"type":"Point","coordinates":[77.90588,13.31081]},"properties":{"cell_id":78923,"case_count":1,"gi_zscore":-0.1173,"gi_pvalue":0.072,"significance":"cold_90"}},{"type":"Feature","geometry":{"type":"Point","coordinates":[74.8,13.31982]},"properties":{"cell_id":79050,"case_count":1,"gi_zscore":-0.1052,"gi_pvalue":0.445,"significance":"not_sig"}},{"type":"Feature","geometry":{"type":"Point","coordinates":[74.88235,13.31982]},"properties":{"cell_id":79057,"case_count":1,"gi_zscore":-0.1149,"gi_pvalue":0.166,"significance":"not_sig"}},{"type":"Feature","geometry":{"type":"Point","coordinates":[75.70588,13.31982]},"properties":{"cell_id":79127,"case_count":1,"gi_zscore":-0.1101,"gi_pvalue":0.293,"significance":"not_sig"}},{"type":"Feature","geometry":{"type":"Point","coordinates":[75.76471,13.31982]},"properties":{"cell_id":79132,"case_count":1,"gi_zscore":-0.1101,"gi_pvalue":0.314,"significance":"not_sig"}},{"type":"Feature","geometry":{"type":"Point","coordinates":[75.77647,13.31982]},"properties":{"cell_id":79133,"case_count":2,"gi_zscore":-0.1101,"gi_pvalue":0.166,"significance":"not_sig"}},{"type":"Feature","geometry":{"type":"Point","coordinates":[75.81176,13.31982]},"properties":{"cell_id":79136,"case_count":1,"gi_zscore":-0.1101,"gi_pvalue":0.313,"significance":"not_sig"}},{"type":"Feature","geometry":{"type":"Point","coordinates":[77.09412,13.31982]},"properties":{"cell_id":79245,"case_count":1,"gi_zscore":-0.0884,"gi_pvalue":0.199,"significance":"not_sig"}},{"type":"Feature","geometry":{"type":"Point","coordinates":[77.10588,13.31982]},"properties":{"cell_id":79246,"case_count":2,"gi_zscore":-0.0884,"gi_pvalue":0.226,"significance":"not_sig"}},{"type":"Feature","geometry":{"type":"Point","coordinates":[77.11765,13.31982]},"properties":{"cell_id":79247,"case_count":2,"gi_zscore":-0.0932,"gi_pvalue":0.279,"significance":"not_sig"}},{"type":"Feature","geometry":{"type":"Point","coordinates":[77.12941,13.31982]},"properties":{"cell_id":79248,"case_count":2,"gi_zscore":-0.1028,"gi_pvalue":0.445,"significance":"not_sig"}},{"type":"Feature","geometry":{"type":"Point","coordinates":[77.14118,13.31982]},"properties":{"cell_id":79249,"case_count":1,"gi_zscore":-0.1077,"gi_pvalue":0.465,"significance":"not_sig"}},{"type":"Feature","geometry":{"type":"Point","coordinates":[77.15294,13.31982]},"properties":{"cell_id":79250,"case_count":1,"gi_zscore":-0.1077,"gi_pvalue":0.465,"significance":"not_sig"}},{"type":"Feature","geometry":{"type":"Point","coordinates":[77.54118,13.31982]},"properties":{"cell_id":79283,"case_count":1,"gi_zscore":0.1046,"gi_pvalue":0.096,"significance":"hot_90"}},{"type":"Feature","geometry":{"type":"Point","coordinates":[74.74118,13.32883]},"properties":{"cell_id":79436,"case_count":2,"gi_zscore":-0.1028,"gi_pvalue":0.445,"significance":"not_sig"}},{"type":"Feature","geometry":{"type":"Point","coordinates":[74.75294,13.32883]},"properties":{"cell_id":79437,"case_count":2,"gi_zscore":-0.1028,"gi_pvalue":0.445,"significance":"not_sig"}},{"type":"Feature","geometry":{"type":"Point","coordinates":[75.6,13.32883]},"properties":{"cell_id":79509,"case_count":1,"gi_zscore":-0.1149,"gi_pvalue":0.072,"significance":"cold_90"}},{"type":"Feature","geometry":{"type":"Point","coordinates":[75.75294,13.32883]},"properties":{"cell_id":79522,"case_count":1,"gi_zscore":-0.1101,"gi_pvalue":0.314,"significance":"not_sig"}},{"type":"Feature","geometry":{"type":"Point","coordinates":[75.76471,13.32883]},"properties":{"cell_id":79523,"case_count":3,"gi_zscore":-0.1101,"gi_pvalue":0.165,"significance":"not_sig"}},{"type":"Feature","geometry":{"type":"Point","coordinates":[75.77647,13.32883]},"properties":{"cell_id":79524,"case_count":1,"gi_zscore":-0.1101,"gi_pvalue":0.314,"significance":"not_sig"}},{"type":"Feature","geometry":{"type":"Point","coordinates":[77.02353,13.32883]},"properties":{"cell_id":79630,"case_count":1,"gi_zscore":-0.1004,"gi_pvalue":0.376,"significance":"not_sig"}},{"type":"Feature","geometry":{"type":"Point","coordinates":[77.08235,13.32883]},"properties":{"cell_id":79635,"case_count":3,"gi_zscore":-0.0932,"gi_pvalue":0.313,"significance":"not_sig"}},{"type":"Feature","geometry":{"type":"Point","coordinates":[77.10588,13.32883]},"properties":{"cell_id":79637,"case_count":3,"gi_zscore":-0.0884,"gi_pvalue":0.247,"significance":"not_sig"}},{"type":"Feature","geometry":{"type":"Point","coordinates":[77.11765,13.32883]},"properties":{"cell_id":79638,"case_count":2,"gi_zscore":-0.0932,"gi_pvalue":0.278,"significance":"not_sig"}},{"type":"Feature","geometry":{"type":"Point","coordinates":[77.69412,13.32883]},"properties":{"cell_id":79687,"case_count":2,"gi_zscore":-0.1101,"gi_pvalue":0.165,"significance":"not_sig"}},{"type":"Feature","geometry":{"type":"Point","coordinates":[77.71765,13.32883]},"properties":{"cell_id":79689,"case_count":1,"gi_zscore":-0.1125,"gi_pvalue":0.165,"significance":"not_sig"}},{"type":"Feature","geometry":{"type":"Point","coordinates":[77.82353,13.32883]},"properties":{"cell_id":79698,"case_count":1,"gi_zscore":-0.1149,"gi_pvalue":0.165,"significance":"not_sig"}},{"type":"Feature","geometry":{"type":"Point","coordinates":[77.83529,13.32883]},"properties":{"cell_id":79699,"case_count":1,"gi_zscore":-0.1149,"gi_pvalue":0.165,"significance":"not_sig"}},{"type":"Feature","geometry":{"type":"Point","coordinates":[74.75294,13.33784]},"properties":{"cell_id":79828,"case_count":3,"gi_zscore":-0.1004,"gi_pvalue":0.444,"significance":"not_sig"}},{"type":"Feature","geometry":{"type":"Point","coordinates":[74.78824,13.33784]},"properties":{"cell_id":79831,"case_count":2,"gi_zscore":-0.1052,"gi_pvalue":0.466,"significance":"not_sig"}},{"type":"Feature","geometry":{"type":"Point","coordinates":[75.63529,13.33784]},"properties":{"cell_id":79903,"case_count":2,"gi_zscore":-0.1149,"gi_pvalue":0.001,"significance":"cold_99"}},{"type":"Feature","geometry":{"type":"Point","coordinates":[77.09412,13.33784]},"properties":{"cell_id":80027,"case_count":4,"gi_zscore":-0.0884,"gi_pvalue":0.279,"significance":"not_sig"}},{"type":"Feature","geometry":{"type":"Point","coordinates":[77.10588,13.33784]},"properties":{"cell_id":80028,"case_count":3,"gi_zscore":-0.0908,"gi_pvalue":0.279,"significance":"not_sig"}},{"type":"Feature","geometry":{"type":"Point","coordinates":[77.11765,13.33784]},"properties":{"cell_id":80029,"case_count":3,"gi_zscore":-0.0932,"gi_pvalue":0.313,"significance":"not_sig"}},{"type":"Feature","geometry":{"type":"Point","coordinates":[77.12941,13.33784]},"properties":{"cell_id":80030,"case_count":1,"gi_zscore":-0.0956,"gi_pvalue":0.279,"significance":"not_sig"}},{"type":"Feature","geometry":{"type":"Point","coordinates":[77.14118,13.33784]},"properties":{"cell_id":80031,"case_count":1,"gi_zscore":-0.1052,"gi_pvalue":0.489,"significance":"not_sig"}},{"type":"Feature","geometry":{"type":"Point","coordinates":[77.55294,13.33784]},"properties":{"cell_id":80066,"case_count":1,"gi_zscore":0.0081,"gi_pvalue":0.103,"significance":"not_sig"}},{"type":"Feature","geometry":{"type":"Point","coordinates":[77.81176,13.33784]},"properties":{"cell_id":80088,"case_count":1,"gi_zscore":-0.1149,"gi_pvalue":0.164,"significance":"not_sig"}},{"type":"Feature","geometry":{"type":"Point","coordinates":[77.85882,13.33784]},"properties":{"cell_id":80092,"case_count":1,"gi_zscore":-0.1149,"gi_pvalue":0.071,"significance":"cold_90"}},{"type":"Feature","geometry":{"type":"Point","coordinates":[78.21176,13.33784]},"properties":{"cell_id":80122,"case_count":2,"gi_zscore":-0.1077,"gi_pvalue":0.313,"significance":"not_sig"}},{"type":"Feature","geometry":{"type":"Point","coordinates":[74.70588,13.34685]},"properties":{"cell_id":80215,"case_count":1,"gi_zscore":-0.1077,"gi_pvalue":0.465,"significance":"not_sig"}},{"type":"Feature","geometry":{"type":"Point","coordinates":[74.74118,13.34685]},"properties":{"cell_id":80218,"case_count":3,"gi_zscore":-0.1028,"gi_pvalue":0.466,"significance":"not_sig"}},{"type":"Feature","geometry":{"type":"Point","coordinates":[74.77647,13.34685]},"properties":{"cell_id":80221,"case_count":1,"gi_zscore":-0.098,"gi_pvalue":0.29,"significance":"not_sig"}},{"type":"Feature","geometry":{"type":"Point","coordinates":[74.78824,13.34685]},"properties":{"cell_id":80222,"case_count":1,"gi_zscore":-0.1052,"gi_pvalue":0.444,"significance":"not_sig"}},{"type":"Feature","geometry":{"type":"Point","coordinates":[74.8,13.34685]},"properties":{"cell_id":80223,"case_count":1,"gi_zscore":-0.1052,"gi_pvalue":0.444,"significance":"not_sig"}},{"type":"Feature","geometry":{"type":"Point","coordinates":[74.82353,13.34685]},"properties":{"cell_id":80225,"case_count":1,"gi_zscore":-0.1052,"gi_pvalue":0.444,"significance":"not_sig"}},{"type":"Feature","geometry":{"type":"Point","coordinates":[75.78824,13.34685]},"properties":{"cell_id":80307,"case_count":1,"gi_zscore":-0.1101,"gi_pvalue":0.313,"significance":"not_sig"}},{"type":"Feature","geometry":{"type":"Point","coordinates":[75.83529,13.34685]},"properties":{"cell_id":80311,"case_count":1,"gi_zscore":-0.1101,"gi_pvalue":0.313,"significance":"not_sig"}},{"type":"Feature","geometry":{"type":"Point","coordinates":[77.09412,13.34685]},"properties":{"cell_id":80418,"case_count":1,"gi_zscore":-0.0859,"gi_pvalue":0.171,"significance":"not_sig"}},{"type":"Feature","geometry":{"type":"Point","coordinates":[77.10588,13.34685]},"properties":{"cell_id":80419,"case_count":1,"gi_zscore":-0.0884,"gi_pvalue":0.2,"significance":"not_sig"}},{"type":"Feature","geometry":{"type":"Point","coordinates":[77.23529,13.34685]},"properties":{"cell_id":80430,"case_count":2,"gi_zscore":-0.1149,"gi_pvalue":0.001,"significance":"cold_99"}},{"type":"Feature","geometry":{"type":"Point","coordinates":[77.68235,13.34685]},"properties":{"cell_id":80468,"case_count":1,"gi_zscore":-0.1101,"gi_pvalue":0.314,"significance":"not_sig"}},{"type":"Feature","geometry":{"type":"Point","coordinates":[77.75294,13.34685]},"properties":{"cell_id":80474,"case_count":1,"gi_zscore":-0.1149,"gi_pvalue":0.164,"significance":"not_sig"}},{"type":"Feature","geometry":{"type":"Point","coordinates":[77.82353,13.34685]},"properties":{"cell_id":80480,"case_count":1,"gi_zscore":-0.1125,"gi_pvalue":0.164,"significance":"not_sig"}},{"type":"Feature","geometry":{"type":"Point","coordinates":[78.21176,13.34685]},"properties":{"cell_id":80513,"case_count":1,"gi_zscore":-0.1077,"gi_pvalue":0.463,"significance":"not_sig"}},{"type":"Feature","geometry":{"type":"Point","coordinates":[74.69412,13.35586]},"properties":{"cell_id":80605,"case_count":1,"gi_zscore":-0.1077,"gi_pvalue":0.393,"significance":"not_sig"}},{"type":"Feature","geometry":{"type":"Point","coordinates":[74.70588,13.35586]},"properties":{"cell_id":80606,"case_count":2,"gi_zscore":-0.1028,"gi_pvalue":0.443,"significance":"not_sig"}},{"type":"Feature","geometry":{"type":"Point","coordinates":[74.74118,13.35586]},"properties":{"cell_id":80609,"case_count":1,"gi_zscore":-0.1004,"gi_pvalue":0.374,"significance":"not_sig"}},{"type":"Feature","geometry":{"type":"Point","coordinates":[74.78824,13.35586]},"properties":{"cell_id":80613,"case_count":5,"gi_zscore":-0.1052,"gi_pvalue":0.163,"significance":"not_sig"}},{"type":"Feature","geometry":{"type":"Point","coordinates":[74.8,13.35586]},"properties":{"cell_id":80614,"case_count":1,"gi_zscore":-0.1052,"gi_pvalue":0.444,"significance":"not_sig"}},{"type":"Feature","geometry":{"type":"Point","coordinates":[74.81176,13.35586]},"properties":{"cell_id":80615,"case_count":1,"gi_zscore":-0.1052,"gi_pvalue":0.444,"significance":"not_sig"}},{"type":"Feature","geometry":{"type":"Point","coordinates":[75.52941,13.35586]},"properties":{"cell_id":80676,"case_count":1,"gi_zscore":-0.1149,"gi_pvalue":0.071,"significance":"cold_90"}},{"type":"Feature","geometry":{"type":"Point","coordinates":[77.28235,13.35586]},"properties":{"cell_id":80825,"case_count":1,"gi_zscore":-0.1149,"gi_pvalue":0.162,"significance":"not_sig"}},{"type":"Feature","geometry":{"type":"Point","coordinates":[77.35294,13.35586]},"properties":{"cell_id":80831,"case_count":1,"gi_zscore":-0.1149,"gi_pvalue":0.162,"significance":"not_sig"}},{"type":"Feature","geometry":{"type":"Point","coordinates":[77.89412,13.35586]},"properties":{"cell_id":80877,"case_count":1,"gi_zscore":-0.1077,"gi_pvalue":0.461,"significance":"not_sig"}},{"type":"Feature","geometry":{"type":"Point","coordinates":[74.74118,13.36486]},"properties":{"cell_id":81000,"case_count":1,"gi_zscore":-0.1004,"gi_pvalue":0.375,"significance":"not_sig"}},{"type":"Feature","geometry":{"type":"Point","coordinates":[74.8,13.36486]},"properties":{"cell_id":81005,"case_count":1,"gi_zscore":-0.1052,"gi_pvalue":0.444,"significance":"not_sig"}},{"type":"Feature","geometry":{"type":"Point","coordinates":[75.47059,13.36486]},"properties":{"cell_id":81062,"case_count":1,"gi_zscore":-0.1149,"gi_pvalue":0.162,"significance":"not_sig"}},{"type":"Feature","geometry":{"type":"Point","coordinates":[75.51765,13.36486]},"properties":{"cell_id":81066,"case_count":1,"gi_zscore":-0.1149,"gi_pvalue":0.162,"significance":"not_sig"}},{"type":"Feature","geometry":{"type":"Point","coordinates":[75.75294,13.36486]},"properties":{"cell_id":81086,"case_count":1,"gi_zscore":-0.1077,"gi_pvalue":0.461,"significance":"not_sig"}},{"type":"Feature","geometry":{"type":"Point","coordinates":[76.41176,13.36486]},"properties":{"cell_id":81142,"case_count":1,"gi_zscore":-0.1101,"gi_pvalue":0.311,"significance":"not_sig"}},{"type":"Feature","geometry":{"type":"Point","coordinates":[77.09412,13.36486]},"properties":{"cell_id":81200,"case_count":3,"gi_zscore":-0.0859,"gi_pvalue":0.226,"significance":"not_sig"}},{"type":"Feature","geometry":{"type":"Point","coordinates":[77.10588,13.36486]},"properties":{"cell_id":81201,"case_count":1,"gi_zscore":-0.0908,"gi_pvalue":0.213,"significance":"not_sig"}},{"type":"Feature","geometry":{"type":"Point","coordinates":[77.30588,13.36486]},"properties":{"cell_id":81218,"case_count":1,"gi_zscore":-0.1149,"gi_pvalue":0.161,"significance":"not_sig"}},{"type":"Feature","geometry":{"type":"Point","coordinates":[77.54118,13.36486]},"properties":{"cell_id":81238,"case_count":1,"gi_zscore":0.0877,"gi_pvalue":0.096,"significance":"hot_90"}},{"type":"Feature","geometry":{"type":"Point","coordinates":[77.57647,13.36486]},"properties":{"cell_id":81241,"case_count":1,"gi_zscore":-0.0305,"gi_pvalue":0.11,"significance":"not_sig"}},{"type":"Feature","geometry":{"type":"Point","coordinates":[77.72941,13.36486]},"properties":{"cell_id":81254,"case_count":1,"gi_zscore":-0.1149,"gi_pvalue":0.161,"significance":"not_sig"}},{"type":"Feature","geometry":{"type":"Point","coordinates":[77.83529,13.36486]},"properties":{"cell_id":81263,"case_count":1,"gi_zscore":-0.1125,"gi_pvalue":0.161,"significance":"not_sig"}},{"type":"Feature","geometry":{"type":"Point","coordinates":[74.72941,13.37387]},"properties":{"cell_id":81390,"case_count":1,"gi_zscore":-0.1101,"gi_pvalue":0.312,"significance":"not_sig"}},{"type":"Feature","geometry":{"type":"Point","coordinates":[74.76471,13.37387]},"properties":{"cell_id":81393,"case_count":1,"gi_zscore":-0.1028,"gi_pvalue":0.375,"significance":"not_sig"}},{"type":"Feature","geometry":{"type":"Point","coordinates":[76.56471,13.37387]},"properties":{"cell_id":81546,"case_count":1,"gi_zscore":-0.1149,"gi_pvalue":0.069,"significance":"cold_90"}},{"type":"Feature","geometry":{"type":"Point","coordinates":[76.63529,13.37387]},"properties":{"cell_id":81552,"case_count":1,"gi_zscore":-0.1149,"gi_pvalue":0.069,"significance":"cold_90"}},{"type":"Feature","geometry":{"type":"Point","coordinates":[77.30588,13.37387]},"properties":{"cell_id":81609,"case_count":1,"gi_zscore":-0.1149,"gi_pvalue":0.161,"significance":"not_sig"}},{"type":"Feature","geometry":{"type":"Point","coordinates":[77.41176,13.37387]},"properties":{"cell_id":81618,"case_count":1,"gi_zscore":-0.1125,"gi_pvalue":0.161,"significance":"not_sig"}},{"type":"Feature","geometry":{"type":"Point","coordinates":[77.09412,13.38288]},"properties":{"cell_id":81982,"case_count":3,"gi_zscore":-0.0956,"gi_pvalue":0.338,"significance":"not_sig"}},{"type":"Feature","geometry":{"type":"Point","coordinates":[77.14118,13.38288]},"properties":{"cell_id":81986,"case_count":1,"gi_zscore":-0.1028,"gi_pvalue":0.406,"significance":"not_sig"}},{"type":"Feature","geometry":{"type":"Point","coordinates":[77.69412,13.38288]},"properties":{"cell_id":82033,"case_count":1,"gi_zscore":-0.1149,"gi_pvalue":0.161,"significance":"not_sig"}},{"type":"Feature","geometry":{"type":"Point","coordinates":[77.85882,13.38288]},"properties":{"cell_id":82047,"case_count":2,"gi_zscore":-0.1077,"gi_pvalue":0.312,"significance":"not_sig"}},{"type":"Feature","geometry":{"type":"Point","coordinates":[77.87059,13.38288]},"properties":{"cell_id":82048,"case_count":1,"gi_zscore":-0.1077,"gi_pvalue":0.461,"significance":"not_sig"}},{"type":"Feature","geometry":{"type":"Point","coordinates":[75.76471,13.39189]},"properties":{"cell_id":82260,"case_count":2,"gi_zscore":-0.1101,"gi_pvalue":0.162,"significance":"not_sig"}},{"type":"Feature","geometry":{"type":"Point","coordinates":[75.77647,13.39189]},"properties":{"cell_id":82261,"case_count":1,"gi_zscore":-0.1077,"gi_pvalue":0.461,"significance":"not_sig"}},{"type":"Feature","geometry":{"type":"Point","coordinates":[77.85882,13.39189]},"properties":{"cell_id":82438,"case_count":2,"gi_zscore":-0.1077,"gi_pvalue":0.312,"significance":"not_sig"}},{"type":"Feature","geometry":{"type":"Point","coordinates":[77.87059,13.39189]},"properties":{"cell_id":82439,"case_count":2,"gi_zscore":-0.1077,"gi_pvalue":0.312,"significance":"not_sig"}},{"type":"Feature","geometry":{"type":"Point","coordinates":[77.88235,13.39189]},"properties":{"cell_id":82440,"case_count":1,"gi_zscore":-0.1077,"gi_pvalue":0.461,"significance":"not_sig"}},{"type":"Feature","geometry":{"type":"Point","coordinates":[77.92941,13.39189]},"properties":{"cell_id":82444,"case_count":2,"gi_zscore":-0.1077,"gi_pvalue":0.311,"significance":"not_sig"}},{"type":"Feature","geometry":{"type":"Point","coordinates":[78.04706,13.39189]},"properties":{"cell_id":82454,"case_count":1,"gi_zscore":-0.1077,"gi_pvalue":0.461,"significance":"not_sig"}},{"type":"Feature","geometry":{"type":"Point","coordinates":[74.75294,13.4009]},"properties":{"cell_id":82565,"case_count":1,"gi_zscore":-0.1125,"gi_pvalue":0.16,"significance":"not_sig"}},{"type":"Feature","geometry":{"type":"Point","coordinates":[76.94118,13.4009]},"properties":{"cell_id":82751,"case_count":1,"gi_zscore":-0.1173,"gi_pvalue":0.068,"significance":"cold_90"}},{"type":"Feature","geometry":{"type":"Point","coordinates":[77.72941,13.4009]},"properties":{"cell_id":82818,"case_count":1,"gi_zscore":-0.098,"gi_pvalue":0.291,"significance":"not_sig"}},{"type":"Feature","geometry":{"type":"Point","coordinates":[77.85882,13.4009]},"properties":{"cell_id":82829,"case_count":1,"gi_zscore":-0.1077,"gi_pvalue":0.461,"significance":"not_sig"}},{"type":"Feature","geometry":{"type":"Point","coordinates":[77.87059,13.4009]},"properties":{"cell_id":82830,"case_count":2,"gi_zscore":-0.1077,"gi_pvalue":0.311,"significance":"not_sig"}},{"type":"Feature","geometry":{"type":"Point","coordinates":[77.92941,13.4009]},"properties":{"cell_id":82835,"case_count":1,"gi_zscore":-0.1101,"gi_pvalue":0.311,"significance":"not_sig"}},{"type":"Feature","geometry":{"type":"Point","coordinates":[78.05882,13.4009]},"properties":{"cell_id":82846,"case_count":1,"gi_zscore":-0.1052,"gi_pvalue":0.445,"significance":"not_sig"}},{"type":"Feature","geometry":{"type":"Point","coordinates":[74.69412,13.40991]},"properties":{"cell_id":82951,"case_count":1,"gi_zscore":-0.1149,"gi_pvalue":0.158,"significance":"not_sig"}},{"type":"Feature","geometry":{"type":"Point","coordinates":[74.70588,13.40991]},"properties":{"cell_id":82952,"case_count":1,"gi_zscore":-0.1101,"gi_pvalue":0.311,"significance":"not_sig"}},{"type":"Feature","geometry":{"type":"Point","coordinates":[75.92941,13.40991]},"properties":{"cell_id":83056,"case_count":1,"gi_zscore":-0.1173,"gi_pvalue":0.066,"significance":"cold_90"}},{"type":"Feature","geometry":{"type":"Point","coordinates":[76.62353,13.40991]},"properties":{"cell_id":83115,"case_count":1,"gi_zscore":-0.1149,"gi_pvalue":0.066,"significance":"cold_90"}},{"type":"Feature","geometry":{"type":"Point","coordinates":[77.01176,13.40991]},"properties":{"cell_id":83148,"case_count":1,"gi_zscore":-0.1077,"gi_pvalue":0.461,"significance":"not_sig"}},{"type":"Feature","geometry":{"type":"Point","coordinates":[77.05882,13.40991]},"properties":{"cell_id":83152,"case_count":1,"gi_zscore":-0.1077,"gi_pvalue":0.461,"significance":"not_sig"}},{"type":"Feature","geometry":{"type":"Point","coordinates":[77.74118,13.40991]},"properties":{"cell_id":83210,"case_count":1,"gi_zscore":-0.098,"gi_pvalue":0.292,"significance":"not_sig"}},{"type":"Feature","geometry":{"type":"Point","coordinates":[77.87059,13.40991]},"properties":{"cell_id":83221,"case_count":1,"gi_zscore":-0.1077,"gi_pvalue":0.461,"significance":"not_sig"}},{"type":"Feature","geometry":{"type":"Point","coordinates":[78.03529,13.40991]},"properties":{"cell_id":83235,"case_count":4,"gi_zscore":-0.1077,"gi_pvalue":0.159,"significance":"not_sig"}},{"type":"Feature","geometry":{"type":"Point","coordinates":[74.75294,13.41892]},"properties":{"cell_id":83347,"case_count":1,"gi_zscore":-0.1125,"gi_pvalue":0.158,"significance":"not_sig"}},{"type":"Feature","geometry":{"type":"Point","coordinates":[74.82353,13.41892]},"properties":{"cell_id":83353,"case_count":1,"gi_zscore":-0.1125,"gi_pvalue":0.158,"significance":"not_sig"}},{"type":"Feature","geometry":{"type":"Point","coordinates":[75.36471,13.41892]},"properties":{"cell_id":83399,"case_count":1,"gi_zscore":-0.1173,"gi_pvalue":0.066,"significance":"cold_90"}},{"type":"Feature","geometry":{"type":"Point","coordinates":[75.8,13.41892]},"properties":{"cell_id":83436,"case_count":1,"gi_zscore":-0.1101,"gi_pvalue":0.31,"significance":"not_sig"}},{"type":"Feature","geometry":{"type":"Point","coordinates":[77.01176,13.41892]},"properties":{"cell_id":83539,"case_count":1,"gi_zscore":-0.1125,"gi_pvalue":0.289,"significance":"not_sig"}},{"type":"Feature","geometry":{"type":"Point","coordinates":[77.23529,13.41892]},"properties":{"cell_id":83558,"case_count":1,"gi_zscore":-0.1149,"gi_pvalue":0.158,"significance":"not_sig"}},{"type":"Feature","geometry":{"type":"Point","coordinates":[77.65882,13.41892]},"properties":{"cell_id":83594,"case_count":1,"gi_zscore":-0.0956,"gi_pvalue":0.278,"significance":"not_sig"}},{"type":"Feature","geometry":{"type":"Point","coordinates":[74.75294,13.42793]},"properties":{"cell_id":83738,"case_count":3,"gi_zscore":-0.1125,"gi_pvalue":0.066,"significance":"cold_90"}},{"type":"Feature","geometry":{"type":"Point","coordinates":[74.78824,13.42793]},"properties":{"cell_id":83741,"case_count":1,"gi_zscore":-0.1125,"gi_pvalue":0.156,"significance":"not_sig"}},{"type":"Feature","geometry":{"type":"Point","coordinates":[75.95294,13.42793]},"properties":{"cell_id":83840,"case_count":1,"gi_zscore":-0.1125,"gi_pvalue":0.156,"significance":"not_sig"}},{"type":"Feature","geometry":{"type":"Point","coordinates":[77.15294,13.42793]},"properties":{"cell_id":83942,"case_count":1,"gi_zscore":-0.1077,"gi_pvalue":0.459,"significance":"not_sig"}},{"type":"Feature","geometry":{"type":"Point","coordinates":[77.72941,13.42793]},"properties":{"cell_id":83991,"case_count":1,"gi_zscore":-0.098,"gi_pvalue":0.293,"significance":"not_sig"}},{"type":"Feature","geometry":{"type":"Point","coordinates":[77.85882,13.42793]},"properties":{"cell_id":84002,"case_count":1,"gi_zscore":-0.1077,"gi_pvalue":0.459,"significance":"not_sig"}},{"type":"Feature","geometry":{"type":"Point","coordinates":[74.74118,13.43694]},"properties":{"cell_id":84128,"case_count":1,"gi_zscore":-0.1125,"gi_pvalue":0.156,"significance":"not_sig"}},{"type":"Feature","geometry":{"type":"Point","coordinates":[75.91765,13.43694]},"properties":{"cell_id":84228,"case_count":1,"gi_zscore":-0.1173,"gi_pvalue":0.064,"significance":"cold_90"}},{"type":"Feature","geometry":{"type":"Point","coordinates":[77.16471,13.43694]},"properties":{"cell_id":84334,"case_count":1,"gi_zscore":-0.1125,"gi_pvalue":0.289,"significance":"not_sig"}},{"type":"Feature","geometry":{"type":"Point","coordinates":[77.57647,13.43694]},"properties":{"cell_id":84369,"case_count":1,"gi_zscore":-0.1052,"gi_pvalue":0.493,"significance":"not_sig"}},{"type":"Feature","geometry":{"type":"Point","coordinates":[77.71765,13.43694]},"properties":{"cell_id":84381,"case_count":1,"gi_zscore":-0.0956,"gi_pvalue":0.278,"significance":"not_sig"}},{"type":"Feature","geometry":{"type":"Point","coordinates":[77.72941,13.43694]},"properties":{"cell_id":84382,"case_count":9,"gi_zscore":-0.098,"gi_pvalue":0.064,"significance":"cold_90"}},{"type":"Feature","geometry":{"type":"Point","coordinates":[77.84706,13.43694]},"properties":{"cell_id":84392,"case_count":1,"gi_zscore":-0.1077,"gi_pvalue":0.458,"significance":"not_sig"}},{"type":"Feature","geometry":{"type":"Point","coordinates":[78.11765,13.43694]},"properties":{"cell_id":84415,"case_count":1,"gi_zscore":-0.1077,"gi_pvalue":0.458,"significance":"not_sig"}},{"type":"Feature","geometry":{"type":"Point","coordinates":[74.72941,13.44595]},"properties":{"cell_id":84518,"case_count":1,"gi_zscore":-0.1125,"gi_pvalue":0.155,"significance":"not_sig"}},{"type":"Feature","geometry":{"type":"Point","coordinates":[76.82353,13.44595]},"properties":{"cell_id":84696,"case_count":1,"gi_zscore":-0.1173,"gi_pvalue":0.063,"significance":"cold_90"}},{"type":"Feature","geometry":{"type":"Point","coordinates":[77.05882,13.44595]},"properties":{"cell_id":84716,"case_count":1,"gi_zscore":-0.1077,"gi_pvalue":0.458,"significance":"not_sig"}},{"type":"Feature","geometry":{"type":"Point","coordinates":[77.50588,13.44595]},"properties":{"cell_id":84754,"case_count":2,"gi_zscore":-0.1052,"gi_pvalue":0.458,"significance":"not_sig"}},{"type":"Feature","geometry":{"type":"Point","coordinates":[77.72941,13.44595]},"properties":{"cell_id":84773,"case_count":1,"gi_zscore":-0.0956,"gi_pvalue":0.277,"significance":"not_sig"}},{"type":"Feature","geometry":{"type":"Point","coordinates":[75.58824,13.45495]},"properties":{"cell_id":84982,"case_count":1,"gi_zscore":-0.1149,"gi_pvalue":0.155,"significance":"not_sig"}},{"type":"Feature","geometry":{"type":"Point","coordinates":[76.69412,13.45495]},"properties":{"cell_id":85076,"case_count":1,"gi_zscore":-0.1149,"gi_pvalue":0.155,"significance":"not_sig"}},{"type":"Feature","geometry":{"type":"Point","coordinates":[77.45882,13.45495]},"properties":{"cell_id":85141,"case_count":2,"gi_zscore":-0.1052,"gi_pvalue":0.458,"significance":"not_sig"}},{"type":"Feature","geometry":{"type":"Point","coordinates":[74.71765,13.46396]},"properties":{"cell_id":85299,"case_count":1,"gi_zscore":-0.1125,"gi_pvalue":0.155,"significance":"not_sig"}},{"type":"Feature","geometry":{"type":"Point","coordinates":[74.83529,13.46396]},"properties":{"cell_id":85309,"case_count":1,"gi_zscore":-0.1125,"gi_pvalue":0.287,"significance":"not_sig"}},{"type":"Feature","geometry":{"type":"Point","coordinates":[76.11765,13.46396]},"properties":{"cell_id":85418,"case_count":1,"gi_zscore":-0.1101,"gi_pvalue":0.306,"significance":"not_sig"}},{"type":"Feature","geometry":{"type":"Point","coordinates":[77.29412,13.46396]},"properties":{"cell_id":85518,"case_count":1,"gi_zscore":-0.1173,"gi_pvalue":0.063,"significance":"cold_90"}},{"type":"Feature","geometry":{"type":"Point","coordinates":[77.61176,13.46396]},"properties":{"cell_id":85545,"case_count":1,"gi_zscore":-0.1052,"gi_pvalue":0.494,"significance":"not_sig"}},{"type":"Feature","geometry":{"type":"Point","coordinates":[74.97647,13.47297]},"properties":{"cell_id":85712,"case_count":1,"gi_zscore":-0.1173,"gi_pvalue":0.063,"significance":"cold_90"}},{"type":"Feature","geometry":{"type":"Point","coordinates":[76.21176,13.47297]},"properties":{"cell_id":85817,"case_count":1,"gi_zscore":-0.1149,"gi_pvalue":0.063,"significance":"cold_90"}},{"type":"Feature","geometry":{"type":"Point","coordinates":[77.22353,13.47297]},"properties":{"cell_id":85903,"case_count":1,"gi_zscore":-0.1125,"gi_pvalue":0.155,"significance":"not_sig"}},{"type":"Feature","geometry":{"type":"Point","coordinates":[77.31765,13.47297]},"properties":{"cell_id":85911,"case_count":1,"gi_zscore":-0.1125,"gi_pvalue":0.155,"significance":"not_sig"}},{"type":"Feature","geometry":{"type":"Point","coordinates":[76.15294,13.48198]},"properties":{"cell_id":86203,"case_count":1,"gi_zscore":-0.1101,"gi_pvalue":0.306,"significance":"not_sig"}},{"type":"Feature","geometry":{"type":"Point","coordinates":[76.25882,13.48198]},"properties":{"cell_id":86212,"case_count":2,"gi_zscore":-0.1125,"gi_pvalue":0.063,"significance":"cold_90"}},{"type":"Feature","geometry":{"type":"Point","coordinates":[76.35294,13.48198]},"properties":{"cell_id":86220,"case_count":1,"gi_zscore":-0.1125,"gi_pvalue":0.157,"significance":"not_sig"}},{"type":"Feature","geometry":{"type":"Point","coordinates":[77.03529,13.48198]},"properties":{"cell_id":86278,"case_count":1,"gi_zscore":-0.1173,"gi_pvalue":0.063,"significance":"cold_90"}},{"type":"Feature","geometry":{"type":"Point","coordinates":[75.84706,13.49099]},"properties":{"cell_id":86568,"case_count":1,"gi_zscore":-0.1149,"gi_pvalue":0.063,"significance":"cold_90"}},{"type":"Feature","geometry":{"type":"Point","coordinates":[77.28235,13.49099]},"properties":{"cell_id":86690,"case_count":1,"gi_zscore":-0.1125,"gi_pvalue":0.157,"significance":"not_sig"}},{"type":"Feature","geometry":{"type":"Point","coordinates":[77.67059,13.49099]},"properties":{"cell_id":86723,"case_count":2,"gi_zscore":-0.0884,"gi_pvalue":0.225,"significance":"not_sig"}},{"type":"Feature","geometry":{"type":"Point","coordinates":[74.70588,13.5]},"properties":{"cell_id":86862,"case_count":1,"gi_zscore":-0.1125,"gi_pvalue":0.285,"significance":"not_sig"}},{"type":"Feature","geometry":{"type":"Point","coordinates":[74.81176,13.5]},"properties":{"cell_id":86871,"case_count":1,"gi_zscore":-0.1173,"gi_pvalue":0.063,"significance":"cold_90"}},{"type":"Feature","geometry":{"type":"Point","coordinates":[75.95294,13.5]},"properties":{"cell_id":86968,"case_count":1,"gi_zscore":-0.1101,"gi_pvalue":0.304,"significance":"not_sig"}},{"type":"Feature","geometry":{"type":"Point","coordinates":[77.05882,13.5]},"properties":{"cell_id":87062,"case_count":1,"gi_zscore":-0.1173,"gi_pvalue":0.063,"significance":"cold_90"}},{"type":"Feature","geometry":{"type":"Point","coordinates":[77.2,13.5]},"properties":{"cell_id":87074,"case_count":1,"gi_zscore":-0.1125,"gi_pvalue":0.156,"significance":"not_sig"}},{"type":"Feature","geometry":{"type":"Point","coordinates":[77.23529,13.5]},"properties":{"cell_id":87077,"case_count":1,"gi_zscore":-0.1125,"gi_pvalue":0.156,"significance":"not_sig"}},{"type":"Feature","geometry":{"type":"Point","coordinates":[77.6,13.5]},"properties":{"cell_id":87108,"case_count":4,"gi_zscore":-0.0787,"gi_pvalue":0.18,"significance":"not_sig"}},{"type":"Feature","geometry":{"type":"Point","coordinates":[74.88235,13.50901]},"properties":{"cell_id":87268,"case_count":1,"gi_zscore":-0.1173,"gi_pvalue":0.062,"significance":"cold_90"}},{"type":"Feature","geometry":{"type":"Point","coordinates":[76.12941,13.50901]},"properties":{"cell_id":87374,"case_count":1,"gi_zscore":-0.1101,"gi_pvalue":0.306,"significance":"not_sig"}},{"type":"Feature","geometry":{"type":"Point","coordinates":[74.75294,13.51802]},"properties":{"cell_id":87648,"case_count":1,"gi_zscore":-0.1173,"gi_pvalue":0.062,"significance":"cold_90"}},{"type":"Feature","geometry":{"type":"Point","coordinates":[75.81176,13.51802]},"properties":{"cell_id":87738,"case_count":1,"gi_zscore":-0.1149,"gi_pvalue":0.156,"significance":"not_sig"}},{"type":"Feature","geometry":{"type":"Point","coordinates":[77.0,13.51802]},"properties":{"cell_id":87839,"case_count":1,"gi_zscore":-0.1173,"gi_pvalue":0.062,"significance":"cold_90"}},{"type":"Feature","geometry":{"type":"Point","coordinates":[77.18824,13.51802]},"properties":{"cell_id":87855,"case_count":1,"gi_zscore":-0.1101,"gi_pvalue":0.306,"significance":"not_sig"}},{"type":"Feature","geometry":{"type":"Point","coordinates":[77.23529,13.51802]},"properties":{"cell_id":87859,"case_count":3,"gi_zscore":-0.1125,"gi_pvalue":0.062,"significance":"cold_90"}},{"type":"Feature","geometry":{"type":"Point","coordinates":[77.27059,13.51802]},"properties":{"cell_id":87862,"case_count":1,"gi_zscore":-0.1125,"gi_pvalue":0.157,"significance":"not_sig"}},{"type":"Feature","geometry":{"type":"Point","coordinates":[74.97647,13.52703]},"properties":{"cell_id":88058,"case_count":1,"gi_zscore":-0.1077,"gi_pvalue":0.463,"significance":"not_sig"}},{"type":"Feature","geometry":{"type":"Point","coordinates":[75.98824,13.52703]},"properties":{"cell_id":88144,"case_count":1,"gi_zscore":-0.1101,"gi_pvalue":0.307,"significance":"not_sig"}},{"type":"Feature","geometry":{"type":"Point","coordinates":[77.10588,13.52703]},"properties":{"cell_id":88239,"case_count":1,"gi_zscore":-0.1173,"gi_pvalue":0.062,"significance":"cold_90"}},{"type":"Feature","geometry":{"type":"Point","coordinates":[77.23529,13.52703]},"properties":{"cell_id":88250,"case_count":1,"gi_zscore":-0.1101,"gi_pvalue":0.307,"significance":"not_sig"}},{"type":"Feature","geometry":{"type":"Point","coordinates":[77.24706,13.52703]},"properties":{"cell_id":88251,"case_count":1,"gi_zscore":-0.1101,"gi_pvalue":0.307,"significance":"not_sig"}},{"type":"Feature","geometry":{"type":"Point","coordinates":[77.30588,13.52703]},"properties":{"cell_id":88256,"case_count":1,"gi_zscore":-0.1149,"gi_pvalue":0.062,"significance":"cold_90"}},{"type":"Feature","geometry":{"type":"Point","coordinates":[78.05882,13.53604]},"properties":{"cell_id":88711,"case_count":1,"gi_zscore":-0.1077,"gi_pvalue":0.463,"significance":"not_sig"}},{"type":"Feature","geometry":{"type":"Point","coordinates":[74.78824,13.54505]},"properties":{"cell_id":88824,"case_count":1,"gi_zscore":-0.1173,"gi_pvalue":0.062,"significance":"cold_90"}},{"type":"Feature","geometry":{"type":"Point","coordinates":[74.8,13.54505]},"properties":{"cell_id":88825,"case_count":1,"gi_zscore":-0.1173,"gi_pvalue":0.062,"significance":"cold_90"}},{"type":"Feature","geometry":{"type":"Point","coordinates":[75.36471,13.54505]},"properties":{"cell_id":88873,"case_count":1,"gi_zscore":-0.1173,"gi_pvalue":0.062,"significance":"cold_90"}},{"type":"Feature","geometry":{"type":"Point","coordinates":[74.70588,13.55405]},"properties":{"cell_id":89208,"case_count":1,"gi_zscore":-0.1173,"gi_pvalue":0.062,"significance":"cold_90"}},{"type":"Feature","geometry":{"type":"Point","coordinates":[74.97647,13.55405]},"properties":{"cell_id":89231,"case_count":1,"gi_zscore":-0.1077,"gi_pvalue":0.463,"significance":"not_sig"}},{"type":"Feature","geometry":{"type":"Point","coordinates":[75.12941,13.55405]},"properties":{"cell_id":89244,"case_count":1,"gi_zscore":-0.1101,"gi_pvalue":0.307,"significance":"not_sig"}},{"type":"Feature","geometry":{"type":"Point","coordinates":[76.01176,13.55405]},"properties":{"cell_id":89319,"case_count":3,"gi_zscore":-0.1101,"gi_pvalue":0.157,"significance":"not_sig"}},{"type":"Feature","geometry":{"type":"Point","coordinates":[76.42353,13.55405]},"properties":{"cell_id":89354,"case_count":2,"gi_zscore":-0.1125,"gi_pvalue":0.062,"significance":"cold_90"}},{"type":"Feature","geometry":{"type":"Point","coordinates":[75.32941,13.56306]},"properties":{"cell_id":89652,"case_count":1,"gi_zscore":-0.1173,"gi_pvalue":0.062,"significance":"cold_90"}},{"type":"Feature","geometry":{"type":"Point","coordinates":[75.34118,13.56306]},"properties":{"cell_id":89653,"case_count":1,"gi_zscore":-0.1173,"gi_pvalue":0.062,"significance":"cold_90"}},{"type":"Feature","geometry":{"type":"Point","coordinates":[75.83529,13.56306]},"properties":{"cell_id":89695,"case_count":2,"gi_zscore":-0.1149,"gi_pvalue":0.062,"significance":"cold_90"}},{"type":"Feature","geometry":{"type":"Point","coordinates":[76.97647,13.56306]},"properties":{"cell_id":89792,"case_count":1,"gi_zscore":-0.1173,"gi_pvalue":0.062,"significance":"cold_90"}},{"type":"Feature","geometry":{"type":"Point","coordinates":[74.70588,13.57207]},"properties":{"cell_id":89990,"case_count":1,"gi_zscore":-0.1101,"gi_pvalue":0.308,"significance":"not_sig"}},{"type":"Feature","geometry":{"type":"Point","coordinates":[76.02353,13.57207]},"properties":{"cell_id":90102,"case_count":1,"gi_zscore":-0.1101,"gi_pvalue":0.308,"significance":"not_sig"}},{"type":"Feature","geometry":{"type":"Point","coordinates":[76.36471,13.57207]},"properties":{"cell_id":90131,"case_count":1,"gi_zscore":-0.1125,"gi_pvalue":0.156,"significance":"not_sig"}},{"type":"Feature","geometry":{"type":"Point","coordinates":[76.68235,13.57207]},"properties":{"cell_id":90158,"case_count":1,"gi_zscore":-0.1173,"gi_pvalue":0.062,"significance":"cold_90"}},{"type":"Feature","geometry":{"type":"Point","coordinates":[76.97647,13.57207]},"properties":{"cell_id":90183,"case_count":1,"gi_zscore":-0.1173,"gi_pvalue":0.062,"significance":"cold_90"}},{"type":"Feature","geometry":{"type":"Point","coordinates":[77.28235,13.57207]},"properties":{"cell_id":90209,"case_count":1,"gi_zscore":-0.1077,"gi_pvalue":0.463,"significance":"not_sig"}},{"type":"Feature","geometry":{"type":"Point","coordinates":[77.77647,13.57207]},"properties":{"cell_id":90251,"case_count":1,"gi_zscore":-0.1173,"gi_pvalue":0.062,"significance":"cold_90"}},{"type":"Feature","geometry":{"type":"Point","coordinates":[74.8,13.58108]},"properties":{"cell_id":90389,"case_count":1,"gi_zscore":-0.1173,"gi_pvalue":0.062,"significance":"cold_90"}},{"type":"Feature","geometry":{"type":"Point","coordinates":[75.76471,13.58108]},"properties":{"cell_id":90471,"case_count":1,"gi_zscore":-0.1149,"gi_pvalue":0.156,"significance":"not_sig"}},{"type":"Feature","geometry":{"type":"Point","coordinates":[77.23529,13.58108]},"properties":{"cell_id":90596,"case_count":2,"gi_zscore":-0.1077,"gi_pvalue":0.308,"significance":"not_sig"}},{"type":"Feature","geometry":{"type":"Point","coordinates":[77.30588,13.58108]},"properties":{"cell_id":90602,"case_count":2,"gi_zscore":-0.1077,"gi_pvalue":0.308,"significance":"not_sig"}},{"type":"Feature","geometry":{"type":"Point","coordinates":[74.72941,13.59009]},"properties":{"cell_id":90774,"case_count":1,"gi_zscore":-0.1101,"gi_pvalue":0.308,"significance":"not_sig"}},{"type":"Feature","geometry":{"type":"Point","coordinates":[74.74118,13.59009]},"properties":{"cell_id":90775,"case_count":1,"gi_zscore":-0.1173,"gi_pvalue":0.06,"significance":"cold_90"}},{"type":"Feature","geometry":{"type":"Point","coordinates":[75.31765,13.59009]},"properties":{"cell_id":90824,"case_count":1,"gi_zscore":-0.1173,"gi_pvalue":0.06,"significance":"cold_90"}},{"type":"Feature","geometry":{"type":"Point","coordinates":[75.75294,13.59009]},"properties":{"cell_id":90861,"case_count":1,"gi_zscore":-0.1149,"gi_pvalue":0.156,"significance":"not_sig"}},{"type":"Feature","geometry":{"type":"Point","coordinates":[75.85882,13.59009]},"properties":{"cell_id":90870,"case_count":1,"gi_zscore":-0.1149,"gi_pvalue":0.156,"significance":"not_sig"}},{"type":"Feature","geometry":{"type":"Point","coordinates":[76.07059,13.59009]},"properties":{"cell_id":90888,"case_count":1,"gi_zscore":-0.1101,"gi_pvalue":0.308,"significance":"not_sig"}},{"type":"Feature","geometry":{"type":"Point","coordinates":[74.70588,13.5991]},"properties":{"cell_id":91163,"case_count":1,"gi_zscore":-0.1101,"gi_pvalue":0.308,"significance":"not_sig"}},{"type":"Feature","geometry":{"type":"Point","coordinates":[75.49412,13.5991]},"properties":{"cell_id":91230,"case_count":1,"gi_zscore":-0.1173,"gi_pvalue":0.06,"significance":"cold_90"}},{"type":"Feature","geometry":{"type":"Point","coordinates":[75.84706,13.5991]},"properties":{"cell_id":91260,"case_count":1,"gi_zscore":-0.1149,"gi_pvalue":0.156,"significance":"not_sig"}},{"type":"Feature","geometry":{"type":"Point","coordinates":[75.96471,13.5991]},"properties":{"cell_id":91270,"case_count":1,"gi_zscore":-0.1101,"gi_pvalue":0.308,"significance":"not_sig"}},{"type":"Feature","geometry":{"type":"Point","coordinates":[75.97647,13.5991]},"properties":{"cell_id":91271,"case_count":2,"gi_zscore":-0.1101,"gi_pvalue":0.157,"significance":"not_sig"}},{"type":"Feature","geometry":{"type":"Point","coordinates":[77.50588,13.5991]},"properties":{"cell_id":91401,"case_count":6,"gi_zscore":-0.0739,"gi_pvalue":0.173,"significance":"not_sig"}},{"type":"Feature","geometry":{"type":"Point","coordinates":[77.72941,13.5991]},"properties":{"cell_id":91420,"case_count":1,"gi_zscore":-0.1125,"gi_pvalue":0.155,"significance":"not_sig"}},{"type":"Feature","geometry":{"type":"Point","coordinates":[77.78824,13.5991]},"properties":{"cell_id":91425,"case_count":1,"gi_zscore":-0.1173,"gi_pvalue":0.061,"significance":"cold_90"}},{"type":"Feature","geometry":{"type":"Point","coordinates":[74.69412,13.60811]},"properties":{"cell_id":91553,"case_count":1,"gi_zscore":-0.1101,"gi_pvalue":0.307,"significance":"not_sig"}},{"type":"Feature","geometry":{"type":"Point","coordinates":[75.10588,13.60811]},"properties":{"cell_id":91588,"case_count":4,"gi_zscore":-0.1077,"gi_pvalue":0.157,"significance":"not_sig"}},{"type":"Feature","geometry":{"type":"Point","coordinates":[75.51765,13.60811]},"properties":{"cell_id":91623,"case_count":1,"gi_zscore":-0.1173,"gi_pvalue":0.061,"significance":"cold_90"}},{"type":"Feature","geometry":{"type":"Point","coordinates":[76.52941,13.60811]},"properties":{"cell_id":91709,"case_count":1,"gi_zscore":-0.1149,"gi_pvalue":0.156,"significance":"not_sig"}},{"type":"Feature","geometry":{"type":"Point","coordinates":[76.95294,13.60811]},"properties":{"cell_id":91745,"case_count":1,"gi_zscore":-0.1173,"gi_pvalue":0.061,"significance":"cold_90"}},{"type":"Feature","geometry":{"type":"Point","coordinates":[77.51765,13.60811]},"properties":{"cell_id":91793,"case_count":7,"gi_zscore":-0.0739,"gi_pvalue":0.197,"significance":"not_sig"}},{"type":"Feature","geometry":{"type":"Point","coordinates":[74.69412,13.61712]},"properties":{"cell_id":91944,"case_count":1,"gi_zscore":-0.1101,"gi_pvalue":0.311,"significance":"not_sig"}},{"type":"Feature","geometry":{"type":"Point","coordinates":[74.71765,13.61712]},"properties":{"cell_id":91946,"case_count":1,"gi_zscore":-0.1101,"gi_pvalue":0.311,"significance":"not_sig"}},{"type":"Feature","geometry":{"type":"Point","coordinates":[76.67059,13.61712]},"properties":{"cell_id":92112,"case_count":1,"gi_zscore":-0.1173,"gi_pvalue":0.063,"significance":"cold_90"}},{"type":"Feature","geometry":{"type":"Point","coordinates":[76.95294,13.61712]},"properties":{"cell_id":92136,"case_count":1,"gi_zscore":-0.1173,"gi_pvalue":0.063,"significance":"cold_90"}},{"type":"Feature","geometry":{"type":"Point","coordinates":[77.51765,13.61712]},"properties":{"cell_id":92184,"case_count":1,"gi_zscore":-0.0763,"gi_pvalue":0.146,"significance":"not_sig"}},{"type":"Feature","geometry":{"type":"Point","coordinates":[74.69412,13.62613]},"properties":{"cell_id":92335,"case_count":4,"gi_zscore":-0.1101,"gi_pvalue":0.064,"significance":"cold_90"}},{"type":"Feature","geometry":{"type":"Point","coordinates":[76.94118,13.62613]},"properties":{"cell_id":92526,"case_count":1,"gi_zscore":-0.1173,"gi_pvalue":0.064,"significance":"cold_90"}},{"type":"Feature","geometry":{"type":"Point","coordinates":[77.51765,13.62613]},"properties":{"cell_id":92575,"case_count":1,"gi_zscore":-0.0787,"gi_pvalue":0.148,"significance":"not_sig"}},{"type":"Feature","geometry":{"type":"Point","coordinates":[77.75294,13.62613]},"properties":{"cell_id":92595,"case_count":1,"gi_zscore":-0.1173,"gi_pvalue":0.064,"significance":"cold_90"}},{"type":"Feature","geometry":{"type":"Point","coordinates":[77.78824,13.62613]},"properties":{"cell_id":92598,"case_count":1,"gi_zscore":-0.1173,"gi_pvalue":0.064,"significance":"cold_90"}},{"type":"Feature","geometry":{"type":"Point","coordinates":[77.87059,13.62613]},"properties":{"cell_id":92605,"case_count":1,"gi_zscore":-0.1149,"gi_pvalue":0.064,"significance":"cold_90"}},{"type":"Feature","geometry":{"type":"Point","coordinates":[74.78824,13.63514]},"properties":{"cell_id":92734,"case_count":1,"gi_zscore":-0.1149,"gi_pvalue":0.064,"significance":"cold_90"}},{"type":"Feature","geometry":{"type":"Point","coordinates":[75.82353,13.63514]},"properties":{"cell_id":92822,"case_count":1,"gi_zscore":-0.1149,"gi_pvalue":0.064,"significance":"cold_90"}},{"type":"Feature","geometry":{"type":"Point","coordinates":[76.92941,13.63514]},"properties":{"cell_id":92916,"case_count":1,"gi_zscore":-0.1173,"gi_pvalue":0.064,"significance":"cold_90"}},{"type":"Feature","geometry":{"type":"Point","coordinates":[74.67059,13.64414]},"properties":{"cell_id":93115,"case_count":1,"gi_zscore":-0.1101,"gi_pvalue":0.311,"significance":"not_sig"}},{"type":"Feature","geometry":{"type":"Point","coordinates":[74.76471,13.64414]},"properties":{"cell_id":93123,"case_count":1,"gi_zscore":-0.1149,"gi_pvalue":0.064,"significance":"cold_90"}},{"type":"Feature","geometry":{"type":"Point","coordinates":[76.96471,13.64414]},"properties":{"cell_id":93310,"case_count":1,"gi_zscore":-0.1173,"gi_pvalue":0.064,"significance":"cold_90"}},{"type":"Feature","geometry":{"type":"Point","coordinates":[77.0,13.64414]},"properties":{"cell_id":93313,"case_count":1,"gi_zscore":-0.1173,"gi_pvalue":0.064,"significance":"cold_90"}},{"type":"Feature","geometry":{"type":"Point","coordinates":[77.62353,13.64414]},"properties":{"cell_id":93366,"case_count":1,"gi_zscore":-0.098,"gi_pvalue":0.292,"significance":"not_sig"}},{"type":"Feature","geometry":{"type":"Point","coordinates":[77.75294,13.64414]},"properties":{"cell_id":93377,"case_count":1,"gi_zscore":-0.1125,"gi_pvalue":0.16,"significance":"not_sig"}},{"type":"Feature","geometry":{"type":"Point","coordinates":[77.83529,13.64414]},"properties":{"cell_id":93384,"case_count":1,"gi_zscore":-0.1173,"gi_pvalue":0.064,"significance":"cold_90"}},{"type":"Feature","geometry":{"type":"Point","coordinates":[74.67059,13.65315]},"properties":{"cell_id":93506,"case_count":1,"gi_zscore":-0.1077,"gi_pvalue":0.462,"significance":"not_sig"}},{"type":"Feature","geometry":{"type":"Point","coordinates":[74.70588,13.65315]},"properties":{"cell_id":93509,"case_count":1,"gi_zscore":-0.1077,"gi_pvalue":0.462,"significance":"not_sig"}},{"type":"Feature","geometry":{"type":"Point","coordinates":[74.76471,13.65315]},"properties":{"cell_id":93514,"case_count":1,"gi_zscore":-0.1149,"gi_pvalue":0.064,"significance":"cold_90"}},{"type":"Feature","geometry":{"type":"Point","coordinates":[74.83529,13.65315]},"properties":{"cell_id":93520,"case_count":1,"gi_zscore":-0.1125,"gi_pvalue":0.16,"significance":"not_sig"}},{"type":"Feature","geometry":{"type":"Point","coordinates":[74.84706,13.65315]},"properties":{"cell_id":93521,"case_count":1,"gi_zscore":-0.1149,"gi_pvalue":0.064,"significance":"cold_90"}},{"type":"Feature","geometry":{"type":"Point","coordinates":[76.75294,13.65315]},"properties":{"cell_id":93683,"case_count":1,"gi_zscore":-0.1173,"gi_pvalue":0.064,"significance":"cold_90"}},{"type":"Feature","geometry":{"type":"Point","coordinates":[74.67059,13.66216]},"properties":{"cell_id":93897,"case_count":1,"gi_zscore":-0.1077,"gi_pvalue":0.462,"significance":"not_sig"}},{"type":"Feature","geometry":{"type":"Point","coordinates":[74.72941,13.66216]},"properties":{"cell_id":93902,"case_count":2,"gi_zscore":-0.1077,"gi_pvalue":0.311,"significance":"not_sig"}},{"type":"Feature","geometry":{"type":"Point","coordinates":[74.91765,13.66216]},"properties":{"cell_id":93918,"case_count":2,"gi_zscore":-0.1149,"gi_pvalue":0.001,"significance":"cold_99"}},{"type":"Feature","geometry":{"type":"Point","coordinates":[75.85882,13.66216]},"properties":{"cell_id":93998,"case_count":1,"gi_zscore":-0.1149,"gi_pvalue":0.065,"significance":"cold_90"}},{"type":"Feature","geometry":{"type":"Point","coordinates":[75.97647,13.66216]},"properties":{"cell_id":94008,"case_count":1,"gi_zscore":-0.1028,"gi_pvalue":0.403,"significance":"not_sig"}},{"type":"Feature","geometry":{"type":"Point","coordinates":[77.21176,13.66216]},"properties":{"cell_id":94113,"case_count":2,"gi_zscore":-0.1077,"gi_pvalue":0.311,"significance":"not_sig"}},{"type":"Feature","geometry":{"type":"Point","coordinates":[77.22353,13.66216]},"properties":{"cell_id":94114,"case_count":1,"gi_zscore":-0.1077,"gi_pvalue":0.461,"significance":"not_sig"}},{"type":"Feature","geometry":{"type":"Point","coordinates":[77.69412,13.66216]},"properties":{"cell_id":94154,"case_count":1,"gi_zscore":-0.1125,"gi_pvalue":0.16,"significance":"not_sig"}},{"type":"Feature","geometry":{"type":"Point","coordinates":[75.25882,13.67117]},"properties":{"cell_id":94338,"case_count":1,"gi_zscore":-0.1101,"gi_pvalue":0.311,"significance":"not_sig"}},{"type":"Feature","geometry":{"type":"Point","coordinates":[77.21176,13.67117]},"properties":{"cell_id":94504,"case_count":1,"gi_zscore":-0.1077,"gi_pvalue":0.461,"significance":"not_sig"}},{"type":"Feature","geometry":{"type":"Point","coordinates":[77.69412,13.67117]},"properties":{"cell_id":94545,"case_count":1,"gi_zscore":-0.1125,"gi_pvalue":0.16,"significance":"not_sig"}},{"type":"Feature","geometry":{"type":"Point","coordinates":[77.70588,13.67117]},"properties":{"cell_id":94546,"case_count":3,"gi_zscore":-0.1125,"gi_pvalue":0.065,"significance":"cold_90"}},{"type":"Feature","geometry":{"type":"Point","coordinates":[77.76471,13.67117]},"properties":{"cell_id":94551,"case_count":1,"gi_zscore":-0.1125,"gi_pvalue":0.16,"significance":"not_sig"}},{"type":"Feature","geometry":{"type":"Point","coordinates":[75.83529,13.68018]},"properties":{"cell_id":94778,"case_count":1,"gi_zscore":-0.1125,"gi_pvalue":0.16,"significance":"not_sig"}},{"type":"Feature","geometry":{"type":"Point","coordinates":[76.56471,13.68018]},"properties":{"cell_id":94840,"case_count":1,"gi_zscore":-0.1149,"gi_pvalue":0.16,"significance":"not_sig"}},{"type":"Feature","geometry":{"type":"Point","coordinates":[77.78824,13.68018]},"properties":{"cell_id":94944,"case_count":1,"gi_zscore":-0.1173,"gi_pvalue":0.065,"significance":"cold_90"}},{"type":"Feature","geometry":{"type":"Point","coordinates":[74.92941,13.68919]},"properties":{"cell_id":95092,"case_count":1,"gi_zscore":-0.1149,"gi_pvalue":0.065,"significance":"cold_90"}},{"type":"Feature","geometry":{"type":"Point","coordinates":[75.90588,13.68919]},"properties":{"cell_id":95175,"case_count":2,"gi_zscore":-0.1149,"gi_pvalue":0.066,"significance":"cold_90"}},{"type":"Feature","geometry":{"type":"Point","coordinates":[76.94118,13.68919]},"properties":{"cell_id":95263,"case_count":1,"gi_zscore":-0.1125,"gi_pvalue":0.158,"significance":"not_sig"}},{"type":"Feature","geometry":{"type":"Point","coordinates":[77.30588,13.68919]},"properties":{"cell_id":95294,"case_count":1,"gi_zscore":-0.1077,"gi_pvalue":0.395,"significance":"not_sig"}},{"type":"Feature","geometry":{"type":"Point","coordinates":[77.74118,13.68919]},"properties":{"cell_id":95331,"case_count":1,"gi_zscore":-0.1125,"gi_pvalue":0.158,"significance":"not_sig"}},{"type":"Feature","geometry":{"type":"Point","coordinates":[77.85882,13.68919]},"properties":{"cell_id":95341,"case_count":1,"gi_zscore":-0.1149,"gi_pvalue":0.066,"significance":"cold_90"}},{"type":"Feature","geometry":{"type":"Point","coordinates":[75.64706,13.6982]},"properties":{"cell_id":95544,"case_count":1,"gi_zscore":-0.1173,"gi_pvalue":0.066,"significance":"cold_90"}},{"type":"Feature","geometry":{"type":"Point","coordinates":[75.68235,13.6982]},"properties":{"cell_id":95547,"case_count":1,"gi_zscore":-0.1173,"gi_pvalue":0.066,"significance":"cold_90"}},{"type":"Feature","geometry":{"type":"Point","coordinates":[75.81176,13.6982]},"properties":{"cell_id":95558,"case_count":1,"gi_zscore":-0.1149,"gi_pvalue":0.066,"significance":"cold_90"}},{"type":"Feature","geometry":{"type":"Point","coordinates":[75.82353,13.6982]},"properties":{"cell_id":95559,"case_count":1,"gi_zscore":-0.1149,"gi_pvalue":0.066,"significance":"cold_90"}},{"type":"Feature","geometry":{"type":"Point","coordinates":[75.88235,13.6982]},"properties":{"cell_id":95564,"case_count":1,"gi_zscore":-0.1125,"gi_pvalue":0.158,"significance":"not_sig"}},{"type":"Feature","geometry":{"type":"Point","coordinates":[75.97647,13.6982]},"properties":{"cell_id":95572,"case_count":1,"gi_zscore":-0.1052,"gi_pvalue":0.441,"significance":"not_sig"}},{"type":"Feature","geometry":{"type":"Point","coordinates":[76.15294,13.6982]},"properties":{"cell_id":95587,"case_count":1,"gi_zscore":-0.1077,"gi_pvalue":0.465,"significance":"not_sig"}},{"type":"Feature","geometry":{"type":"Point","coordinates":[76.95294,13.6982]},"properties":{"cell_id":95655,"case_count":1,"gi_zscore":-0.1125,"gi_pvalue":0.158,"significance":"not_sig"}},{"type":"Feature","geometry":{"type":"Point","coordinates":[77.83529,13.6982]},"properties":{"cell_id":95730,"case_count":1,"gi_zscore":-0.1149,"gi_pvalue":0.066,"significance":"cold_90"}},{"type":"Feature","geometry":{"type":"Point","coordinates":[75.64706,13.70721]},"properties":{"cell_id":95935,"case_count":1,"gi_zscore":-0.1173,"gi_pvalue":0.066,"significance":"cold_90"}},{"type":"Feature","geometry":{"type":"Point","coordinates":[75.67059,13.70721]},"properties":{"cell_id":95937,"case_count":1,"gi_zscore":-0.1173,"gi_pvalue":0.066,"significance":"cold_90"}},{"type":"Feature","geometry":{"type":"Point","coordinates":[75.69412,13.70721]},"properties":{"cell_id":95939,"case_count":1,"gi_zscore":-0.1173,"gi_pvalue":0.066,"significance":"cold_90"}},{"type":"Feature","geometry":{"type":"Point","coordinates":[75.81176,13.70721]},"properties":{"cell_id":95949,"case_count":2,"gi_zscore":-0.1149,"gi_pvalue":0.001,"significance":"cold_99"}},{"type":"Feature","geometry":{"type":"Point","coordinates":[75.82353,13.70721]},"properties":{"cell_id":95950,"case_count":1,"gi_zscore":-0.1149,"gi_pvalue":0.066,"significance":"cold_90"}},{"type":"Feature","geometry":{"type":"Point","coordinates":[77.31765,13.70721]},"properties":{"cell_id":96077,"case_count":2,"gi_zscore":-0.1101,"gi_pvalue":0.159,"significance":"not_sig"}},{"type":"Feature","geometry":{"type":"Point","coordinates":[77.37647,13.70721]},"properties":{"cell_id":96082,"case_count":1,"gi_zscore":-0.1077,"gi_pvalue":0.395,"significance":"not_sig"}},{"type":"Feature","geometry":{"type":"Point","coordinates":[77.81176,13.70721]},"properties":{"cell_id":96119,"case_count":1,"gi_zscore":-0.1173,"gi_pvalue":0.066,"significance":"cold_90"}},{"type":"Feature","geometry":{"type":"Point","coordinates":[75.63529,13.71622]},"properties":{"cell_id":96325,"case_count":1,"gi_zscore":-0.1173,"gi_pvalue":0.066,"significance":"cold_90"}},{"type":"Feature","geometry":{"type":"Point","coordinates":[77.25882,13.71622]},"properties":{"cell_id":96463,"case_count":1,"gi_zscore":-0.1125,"gi_pvalue":0.159,"significance":"not_sig"}},{"type":"Feature","geometry":{"type":"Point","coordinates":[77.38824,13.71622]},"properties":{"cell_id":96474,"case_count":3,"gi_zscore":-0.1077,"gi_pvalue":0.161,"significance":"not_sig"}},{"type":"Feature","geometry":{"type":"Point","coordinates":[74.64706,13.72523]},"properties":{"cell_id":96632,"case_count":1,"gi_zscore":-0.1077,"gi_pvalue":0.463,"significance":"not_sig"}},{"type":"Feature","geometry":{"type":"Point","coordinates":[74.94118,13.72523]},"properties":{"cell_id":96657,"case_count":1,"gi_zscore":-0.1149,"gi_pvalue":0.067,"significance":"cold_90"}},{"type":"Feature","geometry":{"type":"Point","coordinates":[75.64706,13.72523]},"properties":{"cell_id":96717,"case_count":1,"gi_zscore":-0.1173,"gi_pvalue":0.067,"significance":"cold_90"}},{"type":"Feature","geometry":{"type":"Point","coordinates":[75.71765,13.72523]},"properties":{"cell_id":96723,"case_count":1,"gi_zscore":-0.1173,"gi_pvalue":0.067,"significance":"cold_90"}},{"type":"Feature","geometry":{"type":"Point","coordinates":[76.0,13.72523]},"properties":{"cell_id":96747,"case_count":5,"gi_zscore":-0.1052,"gi_pvalue":0.163,"significance":"not_sig"}},{"type":"Feature","geometry":{"type":"Point","coordinates":[76.01176,13.72523]},"properties":{"cell_id":96748,"case_count":1,"gi_zscore":-0.1052,"gi_pvalue":0.441,"significance":"not_sig"}},{"type":"Feature","geometry":{"type":"Point","coordinates":[76.05882,13.72523]},"properties":{"cell_id":96752,"case_count":1,"gi_zscore":-0.1077,"gi_pvalue":0.464,"significance":"not_sig"}},{"type":"Feature","geometry":{"type":"Point","coordinates":[76.87059,13.72523]},"properties":{"cell_id":96821,"case_count":1,"gi_zscore":-0.1125,"gi_pvalue":0.163,"significance":"not_sig"}},{"type":"Feature","geometry":{"type":"Point","coordinates":[77.88235,13.72523]},"properties":{"cell_id":96907,"case_count":2,"gi_zscore":-0.1149,"gi_pvalue":0.068,"significance":"cold_90"}},{"type":"Feature","geometry":{"type":"Point","coordinates":[75.78824,13.73423]},"properties":{"cell_id":97120,"case_count":1,"gi_zscore":-0.1149,"gi_pvalue":0.163,"significance":"not_sig"}},{"type":"Feature","geometry":{"type":"Point","coordinates":[76.0,13.73423]},"properties":{"cell_id":97138,"case_count":1,"gi_zscore":-0.1052,"gi_pvalue":0.441,"significance":"not_sig"}},{"type":"Feature","geometry":{"type":"Point","coordinates":[76.11765,13.73423]},"properties":{"cell_id":97148,"case_count":1,"gi_zscore":-0.1052,"gi_pvalue":0.441,"significance":"not_sig"}},{"type":"Feature","geometry":{"type":"Point","coordinates":[76.90588,13.73423]},"properties":{"cell_id":97215,"case_count":1,"gi_zscore":-0.1125,"gi_pvalue":0.163,"significance":"not_sig"}},{"type":"Feature","geometry":{"type":"Point","coordinates":[75.90588,13.74324]},"properties":{"cell_id":97521,"case_count":1,"gi_zscore":-0.1149,"gi_pvalue":0.163,"significance":"not_sig"}},{"type":"Feature","geometry":{"type":"Point","coordinates":[76.89412,13.74324]},"properties":{"cell_id":97605,"case_count":1,"gi_zscore":-0.1125,"gi_pvalue":0.163,"significance":"not_sig"}},{"type":"Feature","geometry":{"type":"Point","coordinates":[76.90588,13.74324]},"properties":{"cell_id":97606,"case_count":3,"gi_zscore":-0.1125,"gi_pvalue":0.069,"significance":"cold_90"}},{"type":"Feature","geometry":{"type":"Point","coordinates":[77.36471,13.74324]},"properties":{"cell_id":97645,"case_count":1,"gi_zscore":-0.1101,"gi_pvalue":0.317,"significance":"not_sig"}},{"type":"Feature","geometry":{"type":"Point","coordinates":[77.84706,13.74324]},"properties":{"cell_id":97686,"case_count":1,"gi_zscore":-0.1101,"gi_pvalue":0.317,"significance":"not_sig"}},{"type":"Feature","geometry":{"type":"Point","coordinates":[76.88235,13.75225]},"properties":{"cell_id":97995,"case_count":1,"gi_zscore":-0.1125,"gi_pvalue":0.164,"significance":"not_sig"}},{"type":"Feature","geometry":{"type":"Point","coordinates":[77.8,13.75225]},"properties":{"cell_id":98073,"case_count":1,"gi_zscore":-0.1052,"gi_pvalue":0.495,"significance":"not_sig"}},{"type":"Feature","geometry":{"type":"Point","coordinates":[75.68235,13.76126]},"properties":{"cell_id":98284,"case_count":1,"gi_zscore":-0.1149,"gi_pvalue":0.069,"significance":"cold_90"}},{"type":"Feature","geometry":{"type":"Point","coordinates":[75.70588,13.76126]},"properties":{"cell_id":98286,"case_count":1,"gi_zscore":-0.1173,"gi_pvalue":0.069,"significance":"cold_90"}},{"type":"Feature","geometry":{"type":"Point","coordinates":[75.76471,13.76126]},"properties":{"cell_id":98291,"case_count":1,"gi_zscore":-0.1149,"gi_pvalue":0.164,"significance":"not_sig"}},{"type":"Feature","geometry":{"type":"Point","coordinates":[74.63529,13.77027]},"properties":{"cell_id":98586,"case_count":1,"gi_zscore":-0.1173,"gi_pvalue":0.069,"significance":"cold_90"}},{"type":"Feature","geometry":{"type":"Point","coordinates":[75.75294,13.77027]},"properties":{"cell_id":98681,"case_count":1,"gi_zscore":-0.1173,"gi_pvalue":0.069,"significance":"cold_90"}},{"type":"Feature","geometry":{"type":"Point","coordinates":[76.97647,13.77027]},"properties":{"cell_id":98785,"case_count":1,"gi_zscore":-0.1125,"gi_pvalue":0.164,"significance":"not_sig"}},{"type":"Feature","geometry":{"type":"Point","coordinates":[77.81176,13.77027]},"properties":{"cell_id":98856,"case_count":1,"gi_zscore":-0.1052,"gi_pvalue":0.495,"significance":"not_sig"}},{"type":"Feature","geometry":{"type":"Point","coordinates":[77.36471,13.77928]},"properties":{"cell_id":99209,"case_count":1,"gi_zscore":-0.1077,"gi_pvalue":0.464,"significance":"not_sig"}},{"type":"Feature","geometry":{"type":"Point","coordinates":[77.78824,13.77928]},"properties":{"cell_id":99245,"case_count":1,"gi_zscore":-0.1052,"gi_pvalue":0.495,"significance":"not_sig"}},{"type":"Feature","geometry":{"type":"Point","coordinates":[77.8,13.77928]},"properties":{"cell_id":99246,"case_count":3,"gi_zscore":-0.1052,"gi_pvalue":0.296,"significance":"not_sig"}},{"type":"Feature","geometry":{"type":"Point","coordinates":[75.75294,13.78829]},"properties":{"cell_id":99463,"case_count":1,"gi_zscore":-0.1173,"gi_pvalue":0.069,"significance":"cold_90"}},{"type":"Feature","geometry":{"type":"Point","coordinates":[77.76471,13.78829]},"properties":{"cell_id":99634,"case_count":1,"gi_zscore":-0.1052,"gi_pvalue":0.494,"significance":"not_sig"}},{"type":"Feature","geometry":{"type":"Point","coordinates":[77.77647,13.78829]},"properties":{"cell_id":99635,"case_count":3,"gi_zscore":-0.1052,"gi_pvalue":0.296,"significance":"not_sig"}},{"type":"Feature","geometry":{"type":"Point","coordinates":[77.8,13.78829]},"properties":{"cell_id":99637,"case_count":2,"gi_zscore":-0.1052,"gi_pvalue":0.398,"significance":"not_sig"}},{"type":"Feature","geometry":{"type":"Point","coordinates":[78.0,13.78829]},"properties":{"cell_id":99654,"case_count":1,"gi_zscore":-0.1149,"gi_pvalue":0.164,"significance":"not_sig"}},{"type":"Feature","geometry":{"type":"Point","coordinates":[75.72941,13.7973]},"properties":{"cell_id":99852,"case_count":1,"gi_zscore":-0.1149,"gi_pvalue":0.069,"significance":"cold_90"}},{"type":"Feature","geometry":{"type":"Point","coordinates":[75.77647,13.7973]},"properties":{"cell_id":99856,"case_count":1,"gi_zscore":-0.1149,"gi_pvalue":0.069,"significance":"cold_90"}},{"type":"Feature","geometry":{"type":"Point","coordinates":[76.8,13.7973]},"properties":{"cell_id":99943,"case_count":1,"gi_zscore":-0.1125,"gi_pvalue":0.164,"significance":"not_sig"}},{"type":"Feature","geometry":{"type":"Point","coordinates":[77.87059,13.7973]},"properties":{"cell_id":100034,"case_count":1,"gi_zscore":-0.1077,"gi_pvalue":0.462,"significance":"not_sig"}},{"type":"Feature","geometry":{"type":"Point","coordinates":[77.92941,13.7973]},"properties":{"cell_id":100039,"case_count":1,"gi_zscore":-0.1125,"gi_pvalue":0.164,"significance":"not_sig"}},{"type":"Feature","geometry":{"type":"Point","coordinates":[75.24706,13.80631]},"properties":{"cell_id":100202,"case_count":1,"gi_zscore":-0.1101,"gi_pvalue":0.317,"significance":"not_sig"}},{"type":"Feature","geometry":{"type":"Point","coordinates":[75.70588,13.80631]},"properties":{"cell_id":100241,"case_count":1,"gi_zscore":-0.1101,"gi_pvalue":0.317,"significance":"not_sig"}},{"type":"Feature","geometry":{"type":"Point","coordinates":[77.21176,13.80631]},"properties":{"cell_id":100369,"case_count":1,"gi_zscore":-0.1101,"gi_pvalue":0.317,"significance":"not_sig"}},{"type":"Feature","geometry":{"type":"Point","coordinates":[74.87059,13.81532]},"properties":{"cell_id":100561,"case_count":1,"gi_zscore":-0.1149,"gi_pvalue":0.069,"significance":"cold_90"}},{"type":"Feature","geometry":{"type":"Point","coordinates":[75.68235,13.81532]},"properties":{"cell_id":100630,"case_count":2,"gi_zscore":-0.1052,"gi_pvalue":0.463,"significance":"not_sig"}},{"type":"Feature","geometry":{"type":"Point","coordinates":[76.03529,13.81532]},"properties":{"cell_id":100660,"case_count":1,"gi_zscore":-0.1125,"gi_pvalue":0.163,"significance":"not_sig"}},{"type":"Feature","geometry":{"type":"Point","coordinates":[76.04706,13.81532]},"properties":{"cell_id":100661,"case_count":1,"gi_zscore":-0.1028,"gi_pvalue":0.375,"significance":"not_sig"}},{"type":"Feature","geometry":{"type":"Point","coordinates":[76.83529,13.81532]},"properties":{"cell_id":100728,"case_count":1,"gi_zscore":-0.1125,"gi_pvalue":0.163,"significance":"not_sig"}},{"type":"Feature","geometry":{"type":"Point","coordinates":[75.68235,13.82432]},"properties":{"cell_id":101021,"case_count":1,"gi_zscore":-0.1052,"gi_pvalue":0.482,"significance":"not_sig"}},{"type":"Feature","geometry":{"type":"Point","coordinates":[75.69412,13.82432]},"properties":{"cell_id":101022,"case_count":2,"gi_zscore":-0.1052,"gi_pvalue":0.463,"significance":"not_sig"}},{"type":"Feature","geometry":{"type":"Point","coordinates":[75.70588,13.82432]},"properties":{"cell_id":101023,"case_count":1,"gi_zscore":-0.1052,"gi_pvalue":0.482,"significance":"not_sig"}},{"type":"Feature","geometry":{"type":"Point","coordinates":[75.94118,13.82432]},"properties":{"cell_id":101043,"case_count":1,"gi_zscore":-0.1101,"gi_pvalue":0.316,"significance":"not_sig"}},{"type":"Feature","geometry":{"type":"Point","coordinates":[75.97647,13.82432]},"properties":{"cell_id":101046,"case_count":2,"gi_zscore":-0.1028,"gi_pvalue":0.443,"significance":"not_sig"}},{"type":"Feature","geometry":{"type":"Point","coordinates":[75.68235,13.83333]},"properties":{"cell_id":101412,"case_count":1,"gi_zscore":-0.1101,"gi_pvalue":0.316,"significance":"not_sig"}},{"type":"Feature","geometry":{"type":"Point","coordinates":[75.69412,13.83333]},"properties":{"cell_id":101413,"case_count":2,"gi_zscore":-0.1052,"gi_pvalue":0.463,"significance":"not_sig"}},{"type":"Feature","geometry":{"type":"Point","coordinates":[77.2,13.83333]},"properties":{"cell_id":101541,"case_count":2,"gi_zscore":-0.1101,"gi_pvalue":0.163,"significance":"not_sig"}},{"type":"Feature","geometry":{"type":"Point","coordinates":[77.81176,13.83333]},"properties":{"cell_id":101593,"case_count":1,"gi_zscore":-0.1052,"gi_pvalue":0.495,"significance":"not_sig"}},{"type":"Feature","geometry":{"type":"Point","coordinates":[75.71765,13.84234]},"properties":{"cell_id":101806,"case_count":1,"gi_zscore":-0.1004,"gi_pvalue":0.343,"significance":"not_sig"}},{"type":"Feature","geometry":{"type":"Point","coordinates":[75.84706,13.84234]},"properties":{"cell_id":101817,"case_count":2,"gi_zscore":-0.1125,"gi_pvalue":0.069,"significance":"cold_90"}},{"type":"Feature","geometry":{"type":"Point","coordinates":[76.03529,13.84234]},"properties":{"cell_id":101833,"case_count":2,"gi_zscore":-0.1125,"gi_pvalue":0.069,"significance":"cold_90"}},{"type":"Feature","geometry":{"type":"Point","coordinates":[75.68235,13.85135]},"properties":{"cell_id":102194,"case_count":1,"gi_zscore":-0.1052,"gi_pvalue":0.495,"significance":"not_sig"}},{"type":"Feature","geometry":{"type":"Point","coordinates":[75.70588,13.85135]},"properties":{"cell_id":102196,"case_count":3,"gi_zscore":-0.1004,"gi_pvalue":0.444,"significance":"not_sig"}},{"type":"Feature","geometry":{"type":"Point","coordinates":[75.71765,13.85135]},"properties":{"cell_id":102197,"case_count":2,"gi_zscore":-0.1004,"gi_pvalue":0.375,"significance":"not_sig"}},{"type":"Feature","geometry":{"type":"Point","coordinates":[78.05882,13.85135]},"properties":{"cell_id":102396,"case_count":1,"gi_zscore":-0.1149,"gi_pvalue":0.163,"significance":"not_sig"}},{"type":"Feature","geometry":{"type":"Point","coordinates":[74.62353,13.86036]},"properties":{"cell_id":102495,"case_count":1,"gi_zscore":-0.1173,"gi_pvalue":0.069,"significance":"cold_90"}},{"type":"Feature","geometry":{"type":"Point","coordinates":[74.81176,13.86036]},"properties":{"cell_id":102511,"case_count":1,"gi_zscore":-0.1173,"gi_pvalue":0.069,"significance":"cold_90"}},{"type":"Feature","geometry":{"type":"Point","coordinates":[75.67059,13.86036]},"properties":{"cell_id":102584,"case_count":1,"gi_zscore":-0.1028,"gi_pvalue":0.443,"significance":"not_sig"}},{"type":"Feature","geometry":{"type":"Point","coordinates":[75.68235,13.86036]},"properties":{"cell_id":102585,"case_count":1,"gi_zscore":-0.1028,"gi_pvalue":0.408,"significance":"not_sig"}},{"type":"Feature","geometry":{"type":"Point","coordinates":[75.71765,13.86036]},"properties":{"cell_id":102588,"case_count":3,"gi_zscore":-0.1004,"gi_pvalue":0.482,"significance":"not_sig"}},{"type":"Feature","geometry":{"type":"Point","coordinates":[75.75294,13.86036]},"properties":{"cell_id":102591,"case_count":2,"gi_zscore":-0.1028,"gi_pvalue":0.445,"significance":"not_sig"}},{"type":"Feature","geometry":{"type":"Point","coordinates":[75.97647,13.86036]},"properties":{"cell_id":102610,"case_count":1,"gi_zscore":-0.1125,"gi_pvalue":0.165,"significance":"not_sig"}},{"type":"Feature","geometry":{"type":"Point","coordinates":[75.72941,13.86937]},"properties":{"cell_id":102980,"case_count":1,"gi_zscore":-0.098,"gi_pvalue":0.292,"significance":"not_sig"}},{"type":"Feature","geometry":{"type":"Point","coordinates":[75.07059,13.87838]},"properties":{"cell_id":103315,"case_count":1,"gi_zscore":-0.1173,"gi_pvalue":0.07,"significance":"cold_90"}},{"type":"Feature","geometry":{"type":"Point","coordinates":[75.74118,13.87838]},"properties":{"cell_id":103372,"case_count":1,"gi_zscore":-0.098,"gi_pvalue":0.292,"significance":"not_sig"}},{"type":"Feature","geometry":{"type":"Point","coordinates":[75.07059,13.88739]},"properties":{"cell_id":103706,"case_count":1,"gi_zscore":-0.1173,"gi_pvalue":0.07,"significance":"cold_90"}},{"type":"Feature","geometry":{"type":"Point","coordinates":[74.6,13.8964]},"properties":{"cell_id":104057,"case_count":1,"gi_zscore":-0.1173,"gi_pvalue":0.07,"significance":"cold_90"}},{"type":"Feature","geometry":{"type":"Point","coordinates":[75.48235,13.8964]},"properties":{"cell_id":104132,"case_count":1,"gi_zscore":-0.1052,"gi_pvalue":0.483,"significance":"not_sig"}},{"type":"Feature","geometry":{"type":"Point","coordinates":[75.49412,13.8964]},"properties":{"cell_id":104133,"case_count":1,"gi_zscore":-0.0522,"gi_pvalue":0.118,"significance":"not_sig"}},{"type":"Feature","geometry":{"type":"Point","coordinates":[75.57647,13.8964]},"properties":{"cell_id":104140,"case_count":2,"gi_zscore":-0.0425,"gi_pvalue":0.114,"significance":"not_sig"}},{"type":"Feature","geometry":{"type":"Point","coordinates":[75.69412,13.8964]},"properties":{"cell_id":104150,"case_count":3,"gi_zscore":-0.1028,"gi_pvalue":0.463,"significance":"not_sig"}},{"type":"Feature","geometry":{"type":"Point","coordinates":[75.70588,13.8964]},"properties":{"cell_id":104151,"case_count":1,"gi_zscore":-0.1004,"gi_pvalue":0.342,"significance":"not_sig"}},{"type":"Feature","geometry":{"type":"Point","coordinates":[74.61176,13.90541]},"properties":{"cell_id":104449,"case_count":1,"gi_zscore":-0.1173,"gi_pvalue":0.07,"significance":"cold_90"}},{"type":"Feature","geometry":{"type":"Point","coordinates":[75.61176,13.90541]},"properties":{"cell_id":104534,"case_count":1,"gi_zscore":-0.1028,"gi_pvalue":0.375,"significance":"not_sig"}},{"type":"Feature","geometry":{"type":"Point","coordinates":[75.56471,13.91441]},"properties":{"cell_id":104921,"case_count":1,"gi_zscore":-0.0449,"gi_pvalue":0.114,"significance":"not_sig"}},{"type":"Feature","geometry":{"type":"Point","coordinates":[75.55294,13.92342]},"properties":{"cell_id":105311,"case_count":3,"gi_zscore":-0.0498,"gi_pvalue":0.12,"significance":"not_sig"}},{"type":"Feature","geometry":{"type":"Point","coordinates":[75.56471,13.92342]},"properties":{"cell_id":105312,"case_count":2,"gi_zscore":-0.0473,"gi_pvalue":0.117,"significance":"not_sig"}},{"type":"Feature","geometry":{"type":"Point","coordinates":[75.58824,13.92342]},"properties":{"cell_id":105314,"case_count":2,"gi_zscore":-0.0498,"gi_pvalue":0.118,"significance":"not_sig"}},{"type":"Feature","geometry":{"type":"Point","coordinates":[75.6,13.92342]},"properties":{"cell_id":105315,"case_count":4,"gi_zscore":-0.1004,"gi_pvalue":0.493,"significance":"not_sig"}},{"type":"Feature","geometry":{"type":"Point","coordinates":[75.64706,13.92342]},"properties":{"cell_id":105319,"case_count":1,"gi_zscore":-0.1028,"gi_pvalue":0.376,"significance":"not_sig"}},{"type":"Feature","geometry":{"type":"Point","coordinates":[74.6,13.93243]},"properties":{"cell_id":105621,"case_count":1,"gi_zscore":-0.1173,"gi_pvalue":0.069,"significance":"cold_90"}},{"type":"Feature","geometry":{"type":"Point","coordinates":[75.55294,13.93243]},"properties":{"cell_id":105702,"case_count":3,"gi_zscore":-0.0498,"gi_pvalue":0.12,"significance":"not_sig"}},{"type":"Feature","geometry":{"type":"Point","coordinates":[75.56471,13.93243]},"properties":{"cell_id":105703,"case_count":23,"gi_zscore":-0.0498,"gi_pvalue":0.442,"significance":"not_sig"}},{"type":"Feature","geometry":{"type":"Point","coordinates":[75.57647,13.93243]},"properties":{"cell_id":105704,"case_count":2,"gi_zscore":-0.0522,"gi_pvalue":0.12,"significance":"not_sig"}},{"type":"Feature","geometry":{"type":"Point","coordinates":[75.58824,13.93243]},"properties":{"cell_id":105705,"case_count":1,"gi_zscore":-0.0498,"gi_pvalue":0.117,"significance":"not_sig"}},{"type":"Feature","geometry":{"type":"Point","coordinates":[75.61176,13.93243]},"properties":{"cell_id":105707,"case_count":1,"gi_zscore":-0.1028,"gi_pvalue":0.374,"significance":"not_sig"}},{"type":"Feature","geometry":{"type":"Point","coordinates":[75.67059,13.93243]},"properties":{"cell_id":105712,"case_count":1,"gi_zscore":-0.1004,"gi_pvalue":0.341,"significance":"not_sig"}},{"type":"Feature","geometry":{"type":"Point","coordinates":[76.61176,13.93243]},"properties":{"cell_id":105792,"case_count":1,"gi_zscore":-0.1149,"gi_pvalue":0.069,"significance":"cold_90"}},{"type":"Feature","geometry":{"type":"Point","coordinates":[75.54118,13.94144]},"properties":{"cell_id":106092,"case_count":1,"gi_zscore":-0.0546,"gi_pvalue":0.12,"significance":"not_sig"}},{"type":"Feature","geometry":{"type":"Point","coordinates":[75.56471,13.94144]},"properties":{"cell_id":106094,"case_count":1,"gi_zscore":-0.0473,"gi_pvalue":0.115,"significance":"not_sig"}},{"type":"Feature","geometry":{"type":"Point","coordinates":[76.62353,13.94144]},"properties":{"cell_id":106184,"case_count":2,"gi_zscore":-0.1149,"gi_pvalue":0.001,"significance":"cold_99"}},{"type":"Feature","geometry":{"type":"Point","coordinates":[76.85882,13.94144]},"properties":{"cell_id":106204,"case_count":1,"gi_zscore":-0.1125,"gi_pvalue":0.298,"significance":"not_sig"}},{"type":"Feature","geometry":{"type":"Point","coordinates":[75.55294,13.95045]},"properties":{"cell_id":106484,"case_count":1,"gi_zscore":-0.0594,"gi_pvalue":0.121,"significance":"not_sig"}},{"type":"Feature","geometry":{"type":"Point","coordinates":[75.57647,13.95045]},"properties":{"cell_id":106486,"case_count":1,"gi_zscore":-0.0594,"gi_pvalue":0.121,"significance":"not_sig"}},{"type":"Feature","geometry":{"type":"Point","coordinates":[75.75294,13.95045]},"properties":{"cell_id":106501,"case_count":1,"gi_zscore":-0.1077,"gi_pvalue":0.463,"significance":"not_sig"}},{"type":"Feature","geometry":{"type":"Point","coordinates":[75.97647,13.95045]},"properties":{"cell_id":106520,"case_count":1,"gi_zscore":-0.1173,"gi_pvalue":0.069,"significance":"cold_90"}},{"type":"Feature","geometry":{"type":"Point","coordinates":[75.54118,13.95946]},"properties":{"cell_id":106874,"case_count":1,"gi_zscore":-0.1101,"gi_pvalue":0.318,"significance":"not_sig"}},{"type":"Feature","geometry":{"type":"Point","coordinates":[75.55294,13.95946]},"properties":{"cell_id":106875,"case_count":1,"gi_zscore":-0.1149,"gi_pvalue":0.069,"significance":"cold_90"}},{"type":"Feature","geometry":{"type":"Point","coordinates":[75.57647,13.95946]},"properties":{"cell_id":106877,"case_count":2,"gi_zscore":-0.0594,"gi_pvalue":0.121,"significance":"not_sig"}},{"type":"Feature","geometry":{"type":"Point","coordinates":[76.08235,13.95946]},"properties":{"cell_id":106920,"case_count":1,"gi_zscore":-0.1149,"gi_pvalue":0.166,"significance":"not_sig"}},{"type":"Feature","geometry":{"type":"Point","coordinates":[76.61176,13.95946]},"properties":{"cell_id":106965,"case_count":1,"gi_zscore":-0.1125,"gi_pvalue":0.166,"significance":"not_sig"}},{"type":"Feature","geometry":{"type":"Point","coordinates":[75.55294,13.96847]},"properties":{"cell_id":107266,"case_count":1,"gi_zscore":-0.1149,"gi_pvalue":0.068,"significance":"cold_90"}},{"type":"Feature","geometry":{"type":"Point","coordinates":[75.56471,13.96847]},"properties":{"cell_id":107267,"case_count":1,"gi_zscore":-0.1149,"gi_pvalue":0.068,"significance":"cold_90"}},{"type":"Feature","geometry":{"type":"Point","coordinates":[75.97647,13.96847]},"properties":{"cell_id":107302,"case_count":1,"gi_zscore":-0.1173,"gi_pvalue":0.068,"significance":"cold_90"}},{"type":"Feature","geometry":{"type":"Point","coordinates":[77.38824,13.96847]},"properties":{"cell_id":107422,"case_count":1,"gi_zscore":-0.1052,"gi_pvalue":0.444,"significance":"not_sig"}},{"type":"Feature","geometry":{"type":"Point","coordinates":[75.85882,13.97748]},"properties":{"cell_id":107683,"case_count":1,"gi_zscore":-0.1173,"gi_pvalue":0.068,"significance":"cold_90"}},{"type":"Feature","geometry":{"type":"Point","coordinates":[76.95294,13.97748]},"properties":{"cell_id":107776,"case_count":1,"gi_zscore":-0.1149,"gi_pvalue":0.068,"significance":"cold_90"}},{"type":"Feature","geometry":{"type":"Point","coordinates":[74.54118,13.98649]},"properties":{"cell_id":107962,"case_count":1,"gi_zscore":-0.1149,"gi_pvalue":0.068,"significance":"cold_90"}},{"type":"Feature","geometry":{"type":"Point","coordinates":[75.68235,13.98649]},"properties":{"cell_id":108059,"case_count":3,"gi_zscore":-0.1077,"gi_pvalue":0.298,"significance":"not_sig"}},{"type":"Feature","geometry":{"type":"Point","coordinates":[75.69412,13.98649]},"properties":{"cell_id":108060,"case_count":1,"gi_zscore":-0.1077,"gi_pvalue":0.463,"significance":"not_sig"}},{"type":"Feature","geometry":{"type":"Point","coordinates":[76.0,13.98649]},"properties":{"cell_id":108086,"case_count":1,"gi_zscore":-0.1173,"gi_pvalue":0.068,"significance":"cold_90"}},{"type":"Feature","geometry":{"type":"Point","coordinates":[74.56471,13.9955]},"properties":{"cell_id":108355,"case_count":1,"gi_zscore":-0.1149,"gi_pvalue":0.068,"significance":"cold_90"}},{"type":"Feature","geometry":{"type":"Point","coordinates":[75.0,13.9955]},"properties":{"cell_id":108392,"case_count":1,"gi_zscore":-0.1125,"gi_pvalue":0.166,"significance":"not_sig"}},{"type":"Feature","geometry":{"type":"Point","coordinates":[75.25882,13.9955]},"properties":{"cell_id":108414,"case_count":1,"gi_zscore":-0.1077,"gi_pvalue":0.463,"significance":"not_sig"}},{"type":"Feature","geometry":{"type":"Point","coordinates":[75.57647,13.9955]},"properties":{"cell_id":108441,"case_count":1,"gi_zscore":-0.1149,"gi_pvalue":0.068,"significance":"cold_90"}},{"type":"Feature","geometry":{"type":"Point","coordinates":[74.52941,14.0045]},"properties":{"cell_id":108743,"case_count":1,"gi_zscore":-0.1149,"gi_pvalue":0.068,"significance":"cold_90"}},{"type":"Feature","geometry":{"type":"Point","coordinates":[74.55294,14.0045]},"properties":{"cell_id":108745,"case_count":1,"gi_zscore":-0.1149,"gi_pvalue":0.068,"significance":"cold_90"}},{"type":"Feature","geometry":{"type":"Point","coordinates":[75.67059,14.0045]},"properties":{"cell_id":108840,"case_count":1,"gi_zscore":-0.1125,"gi_pvalue":0.166,"significance":"not_sig"}},{"type":"Feature","geometry":{"type":"Point","coordinates":[75.8,14.0045]},"properties":{"cell_id":108851,"case_count":1,"gi_zscore":-0.1125,"gi_pvalue":0.297,"significance":"not_sig"}},{"type":"Feature","geometry":{"type":"Point","coordinates":[76.01176,14.0045]},"properties":{"cell_id":108869,"case_count":1,"gi_zscore":-0.1173,"gi_pvalue":0.068,"significance":"cold_90"}},{"type":"Feature","geometry":{"type":"Point","coordinates":[76.96471,14.0045]},"properties":{"cell_id":108950,"case_count":1,"gi_zscore":-0.1149,"gi_pvalue":0.068,"significance":"cold_90"}},{"type":"Feature","geometry":{"type":"Point","coordinates":[74.51765,14.01351]},"properties":{"cell_id":109133,"case_count":1,"gi_zscore":-0.1149,"gi_pvalue":0.068,"significance":"cold_90"}},{"type":"Feature","geometry":{"type":"Point","coordinates":[74.52941,14.01351]},"properties":{"cell_id":109134,"case_count":1,"gi_zscore":-0.1149,"gi_pvalue":0.068,"significance":"cold_90"}},{"type":"Feature","geometry":{"type":"Point","coordinates":[74.58824,14.01351]},"properties":{"cell_id":109139,"case_count":1,"gi_zscore":-0.1149,"gi_pvalue":0.068,"significance":"cold_90"}},{"type":"Feature","geometry":{"type":"Point","coordinates":[75.90588,14.01351]},"properties":{"cell_id":109251,"case_count":1,"gi_zscore":-0.1173,"gi_pvalue":0.068,"significance":"cold_90"}},{"type":"Feature","geometry":{"type":"Point","coordinates":[75.0,14.02252]},"properties":{"cell_id":109565,"case_count":1,"gi_zscore":-0.1125,"gi_pvalue":0.166,"significance":"not_sig"}},{"type":"Feature","geometry":{"type":"Point","coordinates":[75.91765,14.02252]},"properties":{"cell_id":109643,"case_count":1,"gi_zscore":-0.1173,"gi_pvalue":0.068,"significance":"cold_90"}},{"type":"Feature","geometry":{"type":"Point","coordinates":[75.94118,14.02252]},"properties":{"cell_id":109645,"case_count":1,"gi_zscore":-0.1173,"gi_pvalue":0.068,"significance":"cold_90"}},{"type":"Feature","geometry":{"type":"Point","coordinates":[74.52941,14.03153]},"properties":{"cell_id":109916,"case_count":2,"gi_zscore":-0.1149,"gi_pvalue":0.001,"significance":"cold_99"}},{"type":"Feature","geometry":{"type":"Point","coordinates":[77.15294,14.03153]},"properties":{"cell_id":110139,"case_count":2,"gi_zscore":-0.1101,"gi_pvalue":0.167,"significance":"not_sig"}},{"type":"Feature","geometry":{"type":"Point","coordinates":[75.45882,14.04054]},"properties":{"cell_id":110386,"case_count":1,"gi_zscore":-0.1125,"gi_pvalue":0.167,"significance":"not_sig"}},{"type":"Feature","geometry":{"type":"Point","coordinates":[76.17647,14.04054]},"properties":{"cell_id":110447,"case_count":1,"gi_zscore":-0.1149,"gi_pvalue":0.068,"significance":"cold_90"}},{"type":"Feature","geometry":{"type":"Point","coordinates":[75.38824,14.05856]},"properties":{"cell_id":111162,"case_count":3,"gi_zscore":-0.1101,"gi_pvalue":0.167,"significance":"not_sig"}},{"type":"Feature","geometry":{"type":"Point","coordinates":[75.74118,14.05856]},"properties":{"cell_id":111192,"case_count":1,"gi_zscore":-0.1125,"gi_pvalue":0.298,"significance":"not_sig"}},{"type":"Feature","geometry":{"type":"Point","coordinates":[77.08235,14.06757]},"properties":{"cell_id":111697,"case_count":1,"gi_zscore":-0.1125,"gi_pvalue":0.167,"significance":"not_sig"}},{"type":"Feature","geometry":{"type":"Point","coordinates":[74.50588,14.07658]},"properties":{"cell_id":111869,"case_count":1,"gi_zscore":-0.1125,"gi_pvalue":0.167,"significance":"not_sig"}},{"type":"Feature","geometry":{"type":"Point","coordinates":[75.01176,14.07658]},"properties":{"cell_id":111912,"case_count":1,"gi_zscore":-0.1125,"gi_pvalue":0.167,"significance":"not_sig"}},{"type":"Feature","geometry":{"type":"Point","coordinates":[74.49412,14.08559]},"properties":{"cell_id":112259,"case_count":1,"gi_zscore":-0.1125,"gi_pvalue":0.167,"significance":"not_sig"}},{"type":"Feature","geometry":{"type":"Point","coordinates":[75.87059,14.08559]},"properties":{"cell_id":112376,"case_count":1,"gi_zscore":-0.1173,"gi_pvalue":0.068,"significance":"cold_90"}},{"type":"Feature","geometry":{"type":"Point","coordinates":[75.88235,14.08559]},"properties":{"cell_id":112377,"case_count":1,"gi_zscore":-0.1173,"gi_pvalue":0.068,"significance":"cold_90"}},{"type":"Feature","geometry":{"type":"Point","coordinates":[74.48235,14.09459]},"properties":{"cell_id":112649,"case_count":2,"gi_zscore":-0.1125,"gi_pvalue":0.068,"significance":"cold_90"}},{"type":"Feature","geometry":{"type":"Point","coordinates":[74.49412,14.09459]},"properties":{"cell_id":112650,"case_count":1,"gi_zscore":-0.1125,"gi_pvalue":0.167,"significance":"not_sig"}},{"type":"Feature","geometry":{"type":"Point","coordinates":[75.68235,14.1036]},"properties":{"cell_id":113142,"case_count":1,"gi_zscore":-0.1125,"gi_pvalue":0.298,"significance":"not_sig"}},{"type":"Feature","geometry":{"type":"Point","coordinates":[75.87059,14.1036]},"properties":{"cell_id":113158,"case_count":1,"gi_zscore":-0.1149,"gi_pvalue":0.068,"significance":"cold_90"}},{"type":"Feature","geometry":{"type":"Point","coordinates":[77.28235,14.1036]},"properties":{"cell_id":113278,"case_count":2,"gi_zscore":-0.1125,"gi_pvalue":0.068,"significance":"cold_90"}},{"type":"Feature","geometry":{"type":"Point","coordinates":[77.29412,14.1036]},"properties":{"cell_id":113279,"case_count":1,"gi_zscore":-0.1125,"gi_pvalue":0.3,"significance":"not_sig"}},{"type":"Feature","geometry":{"type":"Point","coordinates":[75.62353,14.11261]},"properties":{"cell_id":113528,"case_count":1,"gi_zscore":-0.1149,"gi_pvalue":0.068,"significance":"cold_90"}},{"type":"Feature","geometry":{"type":"Point","coordinates":[74.50588,14.12162]},"properties":{"cell_id":113824,"case_count":1,"gi_zscore":-0.1125,"gi_pvalue":0.167,"significance":"not_sig"}},{"type":"Feature","geometry":{"type":"Point","coordinates":[75.07059,14.12162]},"properties":{"cell_id":113872,"case_count":1,"gi_zscore":-0.1101,"gi_pvalue":0.318,"significance":"not_sig"}},{"type":"Feature","geometry":{"type":"Point","coordinates":[75.67059,14.12162]},"properties":{"cell_id":113923,"case_count":1,"gi_zscore":-0.1173,"gi_pvalue":0.068,"significance":"cold_90"}},{"type":"Feature","geometry":{"type":"Point","coordinates":[76.0,14.12162]},"properties":{"cell_id":113951,"case_count":1,"gi_zscore":-0.1173,"gi_pvalue":0.068,"significance":"cold_90"}},{"type":"Feature","geometry":{"type":"Point","coordinates":[75.55294,14.13063]},"properties":{"cell_id":114304,"case_count":1,"gi_zscore":-0.1149,"gi_pvalue":0.068,"significance":"cold_90"}},{"type":"Feature","geometry":{"type":"Point","coordinates":[75.77647,14.13063]},"properties":{"cell_id":114323,"case_count":1,"gi_zscore":-0.0353,"gi_pvalue":0.113,"significance":"not_sig"}},{"type":"Feature","geometry":{"type":"Point","coordinates":[75.96471,14.13063]},"properties":{"cell_id":114339,"case_count":1,"gi_zscore":-0.1149,"gi_pvalue":0.068,"significance":"cold_90"}},{"type":"Feature","geometry":{"type":"Point","coordinates":[77.18824,14.13964]},"properties":{"cell_id":114834,"case_count":1,"gi_zscore":-0.1101,"gi_pvalue":0.318,"significance":"not_sig"}},{"type":"Feature","geometry":{"type":"Point","coordinates":[75.2,14.14865]},"properties":{"cell_id":115056,"case_count":1,"gi_zscore":-0.1125,"gi_pvalue":0.167,"significance":"not_sig"}},{"type":"Feature","geometry":{"type":"Point","coordinates":[75.44706,14.14865]},"properties":{"cell_id":115077,"case_count":1,"gi_zscore":-0.1077,"gi_pvalue":0.462,"significance":"not_sig"}},{"type":"Feature","geometry":{"type":"Point","coordinates":[75.55294,14.14865]},"properties":{"cell_id":115086,"case_count":2,"gi_zscore":-0.1149,"gi_pvalue":0.001,"significance":"cold_99"}},{"type":"Feature","geometry":{"type":"Point","coordinates":[75.56471,14.14865]},"properties":{"cell_id":115087,"case_count":1,"gi_zscore":-0.1149,"gi_pvalue":0.068,"significance":"cold_90"}},{"type":"Feature","geometry":{"type":"Point","coordinates":[75.89412,14.14865]},"properties":{"cell_id":115115,"case_count":1,"gi_zscore":-0.1149,"gi_pvalue":0.068,"significance":"cold_90"}},{"type":"Feature","geometry":{"type":"Point","coordinates":[75.03529,14.15766]},"properties":{"cell_id":115433,"case_count":1,"gi_zscore":-0.1101,"gi_pvalue":0.318,"significance":"not_sig"}},{"type":"Feature","geometry":{"type":"Point","coordinates":[75.68235,14.15766]},"properties":{"cell_id":115488,"case_count":1,"gi_zscore":-0.1052,"gi_pvalue":0.446,"significance":"not_sig"}},{"type":"Feature","geometry":{"type":"Point","coordinates":[75.02353,14.16667]},"properties":{"cell_id":115823,"case_count":2,"gi_zscore":-0.1125,"gi_pvalue":0.068,"significance":"cold_90"}},{"type":"Feature","geometry":{"type":"Point","coordinates":[75.03529,14.16667]},"properties":{"cell_id":115824,"case_count":2,"gi_zscore":-0.1125,"gi_pvalue":0.068,"significance":"cold_90"}},{"type":"Feature","geometry":{"type":"Point","coordinates":[75.24706,14.16667]},"properties":{"cell_id":115842,"case_count":2,"gi_zscore":-0.1125,"gi_pvalue":0.167,"significance":"not_sig"}},{"type":"Feature","geometry":{"type":"Point","coordinates":[75.34118,14.17568]},"properties":{"cell_id":116241,"case_count":2,"gi_zscore":-0.1149,"gi_pvalue":0.068,"significance":"cold_90"}},{"type":"Feature","geometry":{"type":"Point","coordinates":[75.42353,14.17568]},"properties":{"cell_id":116248,"case_count":1,"gi_zscore":-0.1149,"gi_pvalue":0.167,"significance":"not_sig"}},{"type":"Feature","geometry":{"type":"Point","coordinates":[75.42353,14.18468]},"properties":{"cell_id":116639,"case_count":1,"gi_zscore":-0.1149,"gi_pvalue":0.167,"significance":"not_sig"}},{"type":"Feature","geometry":{"type":"Point","coordinates":[75.6,14.18468]},"properties":{"cell_id":116654,"case_count":1,"gi_zscore":-0.1125,"gi_pvalue":0.167,"significance":"not_sig"}},{"type":"Feature","geometry":{"type":"Point","coordinates":[77.04706,14.18468]},"properties":{"cell_id":116777,"case_count":1,"gi_zscore":-0.1101,"gi_pvalue":0.318,"significance":"not_sig"}},{"type":"Feature","geometry":{"type":"Point","coordinates":[75.35294,14.19369]},"properties":{"cell_id":117024,"case_count":1,"gi_zscore":-0.1149,"gi_pvalue":0.167,"significance":"not_sig"}},{"type":"Feature","geometry":{"type":"Point","coordinates":[75.78824,14.19369]},"properties":{"cell_id":117061,"case_count":5,"gi_zscore":-0.0353,"gi_pvalue":0.115,"significance":"not_sig"}},{"type":"Feature","geometry":{"type":"Point","coordinates":[75.81176,14.19369]},"properties":{"cell_id":117063,"case_count":5,"gi_zscore":-0.0353,"gi_pvalue":0.115,"significance":"not_sig"}},{"type":"Feature","geometry":{"type":"Point","coordinates":[75.82353,14.19369]},"properties":{"cell_id":117064,"case_count":1,"gi_zscore":-0.0329,"gi_pvalue":0.113,"significance":"not_sig"}},{"type":"Feature","geometry":{"type":"Point","coordinates":[75.78824,14.2027]},"properties":{"cell_id":117452,"case_count":8,"gi_zscore":-0.0353,"gi_pvalue":0.118,"significance":"not_sig"}},{"type":"Feature","geometry":{"type":"Point","coordinates":[75.81176,14.2027]},"properties":{"cell_id":117454,"case_count":20,"gi_zscore":-0.0353,"gi_pvalue":0.163,"significance":"not_sig"}},{"type":"Feature","geometry":{"type":"Point","coordinates":[75.88235,14.2027]},"properties":{"cell_id":117460,"case_count":2,"gi_zscore":-0.0594,"gi_pvalue":0.123,"significance":"not_sig"}},{"type":"Feature","geometry":{"type":"Point","coordinates":[76.25882,14.2027]},"properties":{"cell_id":117492,"case_count":1,"gi_zscore":-0.1077,"gi_pvalue":0.464,"significance":"not_sig"}},{"type":"Feature","geometry":{"type":"Point","coordinates":[75.34118,14.21171]},"properties":{"cell_id":117805,"case_count":1,"gi_zscore":-0.1149,"gi_pvalue":0.167,"significance":"not_sig"}},{"type":"Feature","geometry":{"type":"Point","coordinates":[75.83529,14.21171]},"properties":{"cell_id":117847,"case_count":1,"gi_zscore":-0.0329,"gi_pvalue":0.112,"significance":"not_sig"}},{"type":"Feature","geometry":{"type":"Point","coordinates":[76.41176,14.21171]},"properties":{"cell_id":117896,"case_count":2,"gi_zscore":-0.1077,"gi_pvalue":0.319,"significance":"not_sig"}},{"type":"Feature","geometry":{"type":"Point","coordinates":[75.30588,14.22072]},"properties":{"cell_id":118193,"case_count":1,"gi_zscore":-0.1125,"gi_pvalue":0.301,"significance":"not_sig"}},{"type":"Feature","geometry":{"type":"Point","coordinates":[75.90588,14.22072]},"properties":{"cell_id":118244,"case_count":1,"gi_zscore":-0.0691,"gi_pvalue":0.132,"significance":"not_sig"}},{"type":"Feature","geometry":{"type":"Point","coordinates":[76.01176,14.22072]},"properties":{"cell_id":118253,"case_count":1,"gi_zscore":-0.1149,"gi_pvalue":0.167,"significance":"not_sig"}},{"type":"Feature","geometry":{"type":"Point","coordinates":[76.25882,14.22072]},"properties":{"cell_id":118274,"case_count":2,"gi_zscore":-0.1077,"gi_pvalue":0.319,"significance":"not_sig"}},{"type":"Feature","geometry":{"type":"Point","coordinates":[76.4,14.22072]},"properties":{"cell_id":118286,"case_count":1,"gi_zscore":-0.1077,"gi_pvalue":0.464,"significance":"not_sig"}},{"type":"Feature","geometry":{"type":"Point","coordinates":[76.41176,14.22072]},"properties":{"cell_id":118287,"case_count":2,"gi_zscore":-0.1077,"gi_pvalue":0.317,"significance":"not_sig"}},{"type":"Feature","geometry":{"type":"Point","coordinates":[76.43529,14.22072]},"properties":{"cell_id":118289,"case_count":1,"gi_zscore":-0.1077,"gi_pvalue":0.464,"significance":"not_sig"}},{"type":"Feature","geometry":{"type":"Point","coordinates":[77.23529,14.22072]},"properties":{"cell_id":118357,"case_count":1,"gi_zscore":-0.1101,"gi_pvalue":0.317,"significance":"not_sig"}},{"type":"Feature","geometry":{"type":"Point","coordinates":[75.34118,14.22973]},"properties":{"cell_id":118587,"case_count":1,"gi_zscore":-0.1149,"gi_pvalue":0.165,"significance":"not_sig"}},{"type":"Feature","geometry":{"type":"Point","coordinates":[75.65882,14.22973]},"properties":{"cell_id":118614,"case_count":1,"gi_zscore":-0.1149,"gi_pvalue":0.069,"significance":"cold_90"}},{"type":"Feature","geometry":{"type":"Point","coordinates":[75.83529,14.22973]},"properties":{"cell_id":118629,"case_count":1,"gi_zscore":-0.0425,"gi_pvalue":0.115,"significance":"not_sig"}},{"type":"Feature","geometry":{"type":"Point","coordinates":[76.4,14.22973]},"properties":{"cell_id":118677,"case_count":2,"gi_zscore":-0.1077,"gi_pvalue":0.317,"significance":"not_sig"}},{"type":"Feature","geometry":{"type":"Point","coordinates":[75.37647,14.23874]},"properties":{"cell_id":118981,"case_count":1,"gi_zscore":-0.1149,"gi_pvalue":0.166,"significance":"not_sig"}},{"type":"Feature","geometry":{"type":"Point","coordinates":[76.38824,14.23874]},"properties":{"cell_id":119067,"case_count":1,"gi_zscore":-0.1077,"gi_pvalue":0.464,"significance":"not_sig"}},{"type":"Feature","geometry":{"type":"Point","coordinates":[77.43529,14.23874]},"properties":{"cell_id":119156,"case_count":1,"gi_zscore":-0.1101,"gi_pvalue":0.317,"significance":"not_sig"}},{"type":"Feature","geometry":{"type":"Point","coordinates":[75.36471,14.24775]},"properties":{"cell_id":119371,"case_count":1,"gi_zscore":-0.1149,"gi_pvalue":0.166,"significance":"not_sig"}},{"type":"Feature","geometry":{"type":"Point","coordinates":[75.50588,14.24775]},"properties":{"cell_id":119383,"case_count":1,"gi_zscore":-0.1149,"gi_pvalue":0.166,"significance":"not_sig"}},{"type":"Feature","geometry":{"type":"Point","coordinates":[75.64706,14.24775]},"properties":{"cell_id":119395,"case_count":2,"gi_zscore":-0.1125,"gi_pvalue":0.069,"significance":"cold_90"}},{"type":"Feature","geometry":{"type":"Point","coordinates":[75.84706,14.24775]},"properties":{"cell_id":119412,"case_count":1,"gi_zscore":-0.0594,"gi_pvalue":0.122,"significance":"not_sig"}},{"type":"Feature","geometry":{"type":"Point","coordinates":[75.8,14.25676]},"properties":{"cell_id":119799,"case_count":1,"gi_zscore":-0.0353,"gi_pvalue":0.112,"significance":"not_sig"}},{"type":"Feature","geometry":{"type":"Point","coordinates":[76.09412,14.25676]},"properties":{"cell_id":119824,"case_count":1,"gi_zscore":-0.1149,"gi_pvalue":0.167,"significance":"not_sig"}},{"type":"Feature","geometry":{"type":"Point","coordinates":[75.35294,14.26577]},"properties":{"cell_id":120152,"case_count":1,"gi_zscore":-0.1149,"gi_pvalue":0.167,"significance":"not_sig"}},{"type":"Feature","geometry":{"type":"Point","coordinates":[76.16471,14.28378]},"properties":{"cell_id":121003,"case_count":1,"gi_zscore":-0.1149,"gi_pvalue":0.167,"significance":"not_sig"}},{"type":"Feature","geometry":{"type":"Point","coordinates":[77.17647,14.28378]},"properties":{"cell_id":121089,"case_count":2,"gi_zscore":-0.1101,"gi_pvalue":0.167,"significance":"not_sig"}},{"type":"Feature","geometry":{"type":"Point","coordinates":[77.24706,14.28378]},"properties":{"cell_id":121095,"case_count":1,"gi_zscore":-0.1101,"gi_pvalue":0.315,"significance":"not_sig"}},{"type":"Feature","geometry":{"type":"Point","coordinates":[74.51765,14.29279]},"properties":{"cell_id":121254,"case_count":1,"gi_zscore":-0.1149,"gi_pvalue":0.167,"significance":"not_sig"}},{"type":"Feature","geometry":{"type":"Point","coordinates":[75.42353,14.29279]},"properties":{"cell_id":121331,"case_count":1,"gi_zscore":-0.1149,"gi_pvalue":0.069,"significance":"cold_90"}},{"type":"Feature","geometry":{"type":"Point","coordinates":[76.08235,14.29279]},"properties":{"cell_id":121387,"case_count":1,"gi_zscore":-0.1173,"gi_pvalue":0.069,"significance":"cold_90"}},{"type":"Feature","geometry":{"type":"Point","coordinates":[76.92941,14.29279]},"properties":{"cell_id":121459,"case_count":2,"gi_zscore":-0.1125,"gi_pvalue":0.069,"significance":"cold_90"}},{"type":"Feature","geometry":{"type":"Point","coordinates":[75.92941,14.3018]},"properties":{"cell_id":121765,"case_count":1,"gi_zscore":-0.1149,"gi_pvalue":0.167,"significance":"not_sig"}},{"type":"Feature","geometry":{"type":"Point","coordinates":[77.21176,14.3018]},"properties":{"cell_id":121874,"case_count":1,"gi_zscore":-0.1101,"gi_pvalue":0.313,"significance":"not_sig"}},{"type":"Feature","geometry":{"type":"Point","coordinates":[75.96471,14.31081]},"properties":{"cell_id":122159,"case_count":1,"gi_zscore":-0.1125,"gi_pvalue":0.167,"significance":"not_sig"}},{"type":"Feature","geometry":{"type":"Point","coordinates":[76.64706,14.31081]},"properties":{"cell_id":122217,"case_count":1,"gi_zscore":-0.1101,"gi_pvalue":0.313,"significance":"not_sig"}},{"type":"Feature","geometry":{"type":"Point","coordinates":[77.27059,14.31982]},"properties":{"cell_id":122661,"case_count":2,"gi_zscore":-0.1101,"gi_pvalue":0.168,"significance":"not_sig"}},{"type":"Feature","geometry":{"type":"Point","coordinates":[74.90588,14.32883]},"properties":{"cell_id":122851,"case_count":1,"gi_zscore":-0.1077,"gi_pvalue":0.394,"significance":"not_sig"}},{"type":"Feature","geometry":{"type":"Point","coordinates":[75.91765,14.32883]},"properties":{"cell_id":122937,"case_count":1,"gi_zscore":-0.1125,"gi_pvalue":0.168,"significance":"not_sig"}},{"type":"Feature","geometry":{"type":"Point","coordinates":[74.42353,14.33784]},"properties":{"cell_id":123201,"case_count":1,"gi_zscore":-0.1173,"gi_pvalue":0.07,"significance":"cold_90"}},{"type":"Feature","geometry":{"type":"Point","coordinates":[75.62353,14.33784]},"properties":{"cell_id":123303,"case_count":1,"gi_zscore":-0.1149,"gi_pvalue":0.168,"significance":"not_sig"}},{"type":"Feature","geometry":{"type":"Point","coordinates":[75.74118,14.35586]},"properties":{"cell_id":124095,"case_count":1,"gi_zscore":-0.1173,"gi_pvalue":0.07,"significance":"cold_90"}},{"type":"Feature","geometry":{"type":"Point","coordinates":[74.69412,14.36486]},"properties":{"cell_id":124397,"case_count":1,"gi_zscore":-0.1149,"gi_pvalue":0.07,"significance":"cold_90"}},{"type":"Feature","geometry":{"type":"Point","coordinates":[74.49412,14.37387]},"properties":{"cell_id":124771,"case_count":1,"gi_zscore":-0.1173,"gi_pvalue":0.07,"significance":"cold_90"}},{"type":"Feature","geometry":{"type":"Point","coordinates":[75.75294,14.37387]},"properties":{"cell_id":124878,"case_count":1,"gi_zscore":-0.1173,"gi_pvalue":0.07,"significance":"cold_90"}},{"type":"Feature","geometry":{"type":"Point","coordinates":[75.89412,14.37387]},"properties":{"cell_id":124890,"case_count":1,"gi_zscore":-0.1004,"gi_pvalue":0.343,"significance":"not_sig"}},{"type":"Feature","geometry":{"type":"Point","coordinates":[75.4,14.38288]},"properties":{"cell_id":125239,"case_count":2,"gi_zscore":-0.1101,"gi_pvalue":0.168,"significance":"not_sig"}},{"type":"Feature","geometry":{"type":"Point","coordinates":[75.92941,14.4009]},"properties":{"cell_id":126066,"case_count":1,"gi_zscore":-0.098,"gi_pvalue":0.323,"significance":"not_sig"}},{"type":"Feature","geometry":{"type":"Point","coordinates":[75.96471,14.4009]},"properties":{"cell_id":126069,"case_count":1,"gi_zscore":-0.1052,"gi_pvalue":0.446,"significance":"not_sig"}},{"type":"Feature","geometry":{"type":"Point","coordinates":[76.43529,14.4009]},"properties":{"cell_id":126109,"case_count":1,"gi_zscore":-0.1101,"gi_pvalue":0.312,"significance":"not_sig"}},{"type":"Feature","geometry":{"type":"Point","coordinates":[76.87059,14.4009]},"properties":{"cell_id":126146,"case_count":1,"gi_zscore":-0.1077,"gi_pvalue":0.394,"significance":"not_sig"}},{"type":"Feature","geometry":{"type":"Point","coordinates":[75.72941,14.40991]},"properties":{"cell_id":126440,"case_count":1,"gi_zscore":-0.1149,"gi_pvalue":0.07,"significance":"cold_90"}},{"type":"Feature","geometry":{"type":"Point","coordinates":[75.85882,14.40991]},"properties":{"cell_id":126451,"case_count":1,"gi_zscore":-0.1004,"gi_pvalue":0.343,"significance":"not_sig"}},{"type":"Feature","geometry":{"type":"Point","coordinates":[75.94118,14.41892]},"properties":{"cell_id":126849,"case_count":3,"gi_zscore":-0.1028,"gi_pvalue":0.494,"significance":"not_sig"}},{"type":"Feature","geometry":{"type":"Point","coordinates":[76.0,14.41892]},"properties":{"cell_id":126854,"case_count":1,"gi_zscore":-0.1101,"gi_pvalue":0.312,"significance":"not_sig"}},{"type":"Feature","geometry":{"type":"Point","coordinates":[76.05882,14.41892]},"properties":{"cell_id":126859,"case_count":1,"gi_zscore":-0.1125,"gi_pvalue":0.295,"significance":"not_sig"}},{"type":"Feature","geometry":{"type":"Point","coordinates":[74.41176,14.42793]},"properties":{"cell_id":127110,"case_count":1,"gi_zscore":-0.1173,"gi_pvalue":0.072,"significance":"cold_90"}},{"type":"Feature","geometry":{"type":"Point","coordinates":[74.42353,14.42793]},"properties":{"cell_id":127111,"case_count":1,"gi_zscore":-0.1173,"gi_pvalue":0.072,"significance":"cold_90"}},{"type":"Feature","geometry":{"type":"Point","coordinates":[75.4,14.42793]},"properties":{"cell_id":127194,"case_count":1,"gi_zscore":-0.1101,"gi_pvalue":0.312,"significance":"not_sig"}},{"type":"Feature","geometry":{"type":"Point","coordinates":[75.47059,14.42793]},"properties":{"cell_id":127200,"case_count":1,"gi_zscore":-0.1101,"gi_pvalue":0.312,"significance":"not_sig"}},{"type":"Feature","geometry":{"type":"Point","coordinates":[75.92941,14.42793]},"properties":{"cell_id":127239,"case_count":1,"gi_zscore":-0.0932,"gi_pvalue":0.224,"significance":"not_sig"}},{"type":"Feature","geometry":{"type":"Point","coordinates":[75.96471,14.42793]},"properties":{"cell_id":127242,"case_count":1,"gi_zscore":-0.1052,"gi_pvalue":0.447,"significance":"not_sig"}},{"type":"Feature","geometry":{"type":"Point","coordinates":[75.76471,14.43694]},"properties":{"cell_id":127616,"case_count":1,"gi_zscore":-0.1149,"gi_pvalue":0.072,"significance":"cold_90"}},{"type":"Feature","geometry":{"type":"Point","coordinates":[75.91765,14.43694]},"properties":{"cell_id":127629,"case_count":2,"gi_zscore":-0.0594,"gi_pvalue":0.123,"significance":"not_sig"}},{"type":"Feature","geometry":{"type":"Point","coordinates":[75.90588,14.44595]},"properties":{"cell_id":128019,"case_count":5,"gi_zscore":-0.0666,"gi_pvalue":0.144,"significance":"not_sig"}},{"type":"Feature","geometry":{"type":"Point","coordinates":[75.92941,14.44595]},"properties":{"cell_id":128021,"case_count":2,"gi_zscore":-0.0618,"gi_pvalue":0.125,"significance":"not_sig"}},{"type":"Feature","geometry":{"type":"Point","coordinates":[76.67059,14.44595]},"properties":{"cell_id":128084,"case_count":1,"gi_zscore":-0.1077,"gi_pvalue":0.461,"significance":"not_sig"}},{"type":"Feature","geometry":{"type":"Point","coordinates":[75.4,14.45495]},"properties":{"cell_id":128367,"case_count":3,"gi_zscore":-0.1077,"gi_pvalue":0.297,"significance":"not_sig"}},{"type":"Feature","geometry":{"type":"Point","coordinates":[75.91765,14.45495]},"properties":{"cell_id":128411,"case_count":2,"gi_zscore":-0.0498,"gi_pvalue":0.119,"significance":"not_sig"}},{"type":"Feature","geometry":{"type":"Point","coordinates":[75.92941,14.45495]},"properties":{"cell_id":128412,"case_count":2,"gi_zscore":-0.0522,"gi_pvalue":0.121,"significance":"not_sig"}},{"type":"Feature","geometry":{"type":"Point","coordinates":[76.16471,14.45495]},"properties":{"cell_id":128432,"case_count":1,"gi_zscore":-0.1173,"gi_pvalue":0.073,"significance":"cold_90"}},{"type":"Feature","geometry":{"type":"Point","coordinates":[75.38824,14.46396]},"properties":{"cell_id":128757,"case_count":1,"gi_zscore":-0.1077,"gi_pvalue":0.461,"significance":"not_sig"}},{"type":"Feature","geometry":{"type":"Point","coordinates":[75.78824,14.46396]},"properties":{"cell_id":128791,"case_count":1,"gi_zscore":-0.1077,"gi_pvalue":0.391,"significance":"not_sig"}},{"type":"Feature","geometry":{"type":"Point","coordinates":[75.8,14.46396]},"properties":{"cell_id":128792,"case_count":1,"gi_zscore":-0.1077,"gi_pvalue":0.391,"significance":"not_sig"}},{"type":"Feature","geometry":{"type":"Point","coordinates":[75.89412,14.46396]},"properties":{"cell_id":128800,"case_count":1,"gi_zscore":-0.057,"gi_pvalue":0.121,"significance":"not_sig"}},{"type":"Feature","geometry":{"type":"Point","coordinates":[75.90588,14.46396]},"properties":{"cell_id":128801,"case_count":3,"gi_zscore":-0.0522,"gi_pvalue":0.122,"significance":"not_sig"}},{"type":"Feature","geometry":{"type":"Point","coordinates":[75.91765,14.46396]},"properties":{"cell_id":128802,"case_count":12,"gi_zscore":-0.0546,"gi_pvalue":0.154,"significance":"not_sig"}},{"type":"Feature","geometry":{"type":"Point","coordinates":[75.92941,14.46396]},"properties":{"cell_id":128803,"case_count":4,"gi_zscore":-0.0546,"gi_pvalue":0.123,"significance":"not_sig"}},{"type":"Feature","geometry":{"type":"Point","coordinates":[75.90588,14.47297]},"properties":{"cell_id":129192,"case_count":1,"gi_zscore":-0.0594,"gi_pvalue":0.122,"significance":"not_sig"}},{"type":"Feature","geometry":{"type":"Point","coordinates":[75.91765,14.47297]},"properties":{"cell_id":129193,"case_count":5,"gi_zscore":-0.0522,"gi_pvalue":0.125,"significance":"not_sig"}},{"type":"Feature","geometry":{"type":"Point","coordinates":[75.92941,14.47297]},"properties":{"cell_id":129194,"case_count":2,"gi_zscore":-0.057,"gi_pvalue":0.122,"significance":"not_sig"}},{"type":"Feature","geometry":{"type":"Point","coordinates":[75.85882,14.48198]},"properties":{"cell_id":129579,"case_count":1,"gi_zscore":-0.1028,"gi_pvalue":0.372,"significance":"not_sig"}},{"type":"Feature","geometry":{"type":"Point","coordinates":[75.89412,14.48198]},"properties":{"cell_id":129582,"case_count":2,"gi_zscore":-0.0594,"gi_pvalue":0.123,"significance":"not_sig"}},{"type":"Feature","geometry":{"type":"Point","coordinates":[75.90588,14.48198]},"properties":{"cell_id":129583,"case_count":3,"gi_zscore":-0.0594,"gi_pvalue":0.127,"significance":"not_sig"}},{"type":"Feature","geometry":{"type":"Point","coordinates":[75.91765,14.48198]},"properties":{"cell_id":129584,"case_count":4,"gi_zscore":-0.0618,"gi_pvalue":0.131,"significance":"not_sig"}},{"type":"Feature","geometry":{"type":"Point","coordinates":[75.92941,14.48198]},"properties":{"cell_id":129585,"case_count":2,"gi_zscore":-0.0594,"gi_pvalue":0.123,"significance":"not_sig"}},{"type":"Feature","geometry":{"type":"Point","coordinates":[76.01176,14.48198]},"properties":{"cell_id":129592,"case_count":1,"gi_zscore":-0.1149,"gi_pvalue":0.168,"significance":"not_sig"}},{"type":"Feature","geometry":{"type":"Point","coordinates":[74.37647,14.49099]},"properties":{"cell_id":129844,"case_count":1,"gi_zscore":-0.1173,"gi_pvalue":0.075,"significance":"cold_90"}},{"type":"Feature","geometry":{"type":"Point","coordinates":[75.77647,14.49099]},"properties":{"cell_id":129963,"case_count":1,"gi_zscore":-0.1077,"gi_pvalue":0.393,"significance":"not_sig"}},{"type":"Feature","geometry":{"type":"Point","coordinates":[75.91765,14.49099]},"properties":{"cell_id":129975,"case_count":2,"gi_zscore":-0.0884,"gi_pvalue":0.222,"significance":"not_sig"}},{"type":"Feature","geometry":{"type":"Point","coordinates":[75.92941,14.49099]},"properties":{"cell_id":129976,"case_count":1,"gi_zscore":-0.0811,"gi_pvalue":0.152,"significance":"not_sig"}},{"type":"Feature","geometry":{"type":"Point","coordinates":[75.94118,14.49099]},"properties":{"cell_id":129977,"case_count":1,"gi_zscore":-0.0594,"gi_pvalue":0.122,"significance":"not_sig"}},{"type":"Feature","geometry":{"type":"Point","coordinates":[76.07059,14.49099]},"properties":{"cell_id":129988,"case_count":1,"gi_zscore":-0.1173,"gi_pvalue":0.075,"significance":"cold_90"}},{"type":"Feature","geometry":{"type":"Point","coordinates":[76.15294,14.49099]},"properties":{"cell_id":129995,"case_count":1,"gi_zscore":-0.1173,"gi_pvalue":0.075,"significance":"cold_90"}},{"type":"Feature","geometry":{"type":"Point","coordinates":[76.16471,14.49099]},"properties":{"cell_id":129996,"case_count":1,"gi_zscore":-0.1173,"gi_pvalue":0.075,"significance":"cold_90"}},{"type":"Feature","geometry":{"type":"Point","coordinates":[75.81176,14.5]},"properties":{"cell_id":130357,"case_count":2,"gi_zscore":-0.1028,"gi_pvalue":0.446,"significance":"not_sig"}},{"type":"Feature","geometry":{"type":"Point","coordinates":[76.23529,14.5]},"properties":{"cell_id":130393,"case_count":1,"gi_zscore":-0.1173,"gi_pvalue":0.074,"significance":"cold_90"}},{"type":"Feature","geometry":{"type":"Point","coordinates":[75.81176,14.50901]},"properties":{"cell_id":130748,"case_count":1,"gi_zscore":-0.1028,"gi_pvalue":0.406,"significance":"not_sig"}},{"type":"Feature","geometry":{"type":"Point","coordinates":[75.82353,14.50901]},"properties":{"cell_id":130749,"case_count":1,"gi_zscore":-0.1028,"gi_pvalue":0.406,"significance":"not_sig"}},{"type":"Feature","geometry":{"type":"Point","coordinates":[75.87059,14.50901]},"properties":{"cell_id":130753,"case_count":1,"gi_zscore":-0.1004,"gi_pvalue":0.373,"significance":"not_sig"}},{"type":"Feature","geometry":{"type":"Point","coordinates":[76.02353,14.50901]},"properties":{"cell_id":130766,"case_count":1,"gi_zscore":-0.1149,"gi_pvalue":0.169,"significance":"not_sig"}},{"type":"Feature","geometry":{"type":"Point","coordinates":[74.36471,14.51802]},"properties":{"cell_id":131016,"case_count":1,"gi_zscore":-0.1173,"gi_pvalue":0.074,"significance":"cold_90"}},{"type":"Feature","geometry":{"type":"Point","coordinates":[75.30588,14.51802]},"properties":{"cell_id":131096,"case_count":1,"gi_zscore":-0.1077,"gi_pvalue":0.465,"significance":"not_sig"}},{"type":"Feature","geometry":{"type":"Point","coordinates":[75.8,14.51802]},"properties":{"cell_id":131138,"case_count":1,"gi_zscore":-0.1028,"gi_pvalue":0.406,"significance":"not_sig"}},{"type":"Feature","geometry":{"type":"Point","coordinates":[75.81176,14.51802]},"properties":{"cell_id":131139,"case_count":4,"gi_zscore":-0.1028,"gi_pvalue":0.315,"significance":"not_sig"}},{"type":"Feature","geometry":{"type":"Point","coordinates":[76.34118,14.51802]},"properties":{"cell_id":131184,"case_count":1,"gi_zscore":-0.1173,"gi_pvalue":0.074,"significance":"cold_90"}},{"type":"Feature","geometry":{"type":"Point","coordinates":[74.35294,14.52703]},"properties":{"cell_id":131406,"case_count":1,"gi_zscore":-0.1173,"gi_pvalue":0.074,"significance":"cold_90"}},{"type":"Feature","geometry":{"type":"Point","coordinates":[75.30588,14.52703]},"properties":{"cell_id":131487,"case_count":1,"gi_zscore":-0.1077,"gi_pvalue":0.468,"significance":"not_sig"}},{"type":"Feature","geometry":{"type":"Point","coordinates":[75.47059,14.52703]},"properties":{"cell_id":131501,"case_count":1,"gi_zscore":-0.1052,"gi_pvalue":0.446,"significance":"not_sig"}},{"type":"Feature","geometry":{"type":"Point","coordinates":[75.92941,14.52703]},"properties":{"cell_id":131540,"case_count":1,"gi_zscore":-0.1004,"gi_pvalue":0.337,"significance":"not_sig"}},{"type":"Feature","geometry":{"type":"Point","coordinates":[76.15294,14.52703]},"properties":{"cell_id":131559,"case_count":1,"gi_zscore":-0.1173,"gi_pvalue":0.074,"significance":"cold_90"}},{"type":"Feature","geometry":{"type":"Point","coordinates":[75.61176,14.53604]},"properties":{"cell_id":131904,"case_count":1,"gi_zscore":-0.1077,"gi_pvalue":0.468,"significance":"not_sig"}},{"type":"Feature","geometry":{"type":"Point","coordinates":[75.81176,14.53604]},"properties":{"cell_id":131921,"case_count":3,"gi_zscore":-0.1028,"gi_pvalue":0.468,"significance":"not_sig"}},{"type":"Feature","geometry":{"type":"Point","coordinates":[74.31765,14.54505]},"properties":{"cell_id":132185,"case_count":1,"gi_zscore":-0.1173,"gi_pvalue":0.073,"significance":"cold_90"}},{"type":"Feature","geometry":{"type":"Point","coordinates":[75.01176,14.54505]},"properties":{"cell_id":132244,"case_count":3,"gi_zscore":-0.1028,"gi_pvalue":0.498,"significance":"not_sig"}},{"type":"Feature","geometry":{"type":"Point","coordinates":[75.8,14.54505]},"properties":{"cell_id":132311,"case_count":1,"gi_zscore":-0.1028,"gi_pvalue":0.405,"significance":"not_sig"}},{"type":"Feature","geometry":{"type":"Point","coordinates":[75.91765,14.54505]},"properties":{"cell_id":132321,"case_count":1,"gi_zscore":-0.1077,"gi_pvalue":0.468,"significance":"not_sig"}},{"type":"Feature","geometry":{"type":"Point","coordinates":[74.38824,14.55405]},"properties":{"cell_id":132582,"case_count":1,"gi_zscore":-0.1173,"gi_pvalue":0.073,"significance":"cold_90"}},{"type":"Feature","geometry":{"type":"Point","coordinates":[75.6,14.55405]},"properties":{"cell_id":132685,"case_count":3,"gi_zscore":-0.1077,"gi_pvalue":0.298,"significance":"not_sig"}},{"type":"Feature","geometry":{"type":"Point","coordinates":[75.61176,14.55405]},"properties":{"cell_id":132686,"case_count":1,"gi_zscore":-0.1077,"gi_pvalue":0.468,"significance":"not_sig"}},{"type":"Feature","geometry":{"type":"Point","coordinates":[75.88235,14.56306]},"properties":{"cell_id":133100,"case_count":1,"gi_zscore":-0.1101,"gi_pvalue":0.316,"significance":"not_sig"}},{"type":"Feature","geometry":{"type":"Point","coordinates":[75.94118,14.56306]},"properties":{"cell_id":133105,"case_count":1,"gi_zscore":-0.1125,"gi_pvalue":0.298,"significance":"not_sig"}},{"type":"Feature","geometry":{"type":"Point","coordinates":[74.32941,14.57207]},"properties":{"cell_id":133359,"case_count":1,"gi_zscore":-0.1173,"gi_pvalue":0.073,"significance":"cold_90"}},{"type":"Feature","geometry":{"type":"Point","coordinates":[74.38824,14.57207]},"properties":{"cell_id":133364,"case_count":1,"gi_zscore":-0.1173,"gi_pvalue":0.073,"significance":"cold_90"}},{"type":"Feature","geometry":{"type":"Point","coordinates":[75.36471,14.57207]},"properties":{"cell_id":133447,"case_count":2,"gi_zscore":-0.1125,"gi_pvalue":0.073,"significance":"cold_90"}},{"type":"Feature","geometry":{"type":"Point","coordinates":[74.37647,14.58108]},"properties":{"cell_id":133754,"case_count":1,"gi_zscore":-0.1173,"gi_pvalue":0.071,"significance":"cold_90"}},{"type":"Feature","geometry":{"type":"Point","coordinates":[75.22353,14.59009]},"properties":{"cell_id":134217,"case_count":1,"gi_zscore":-0.1125,"gi_pvalue":0.17,"significance":"not_sig"}},{"type":"Feature","geometry":{"type":"Point","coordinates":[74.38824,14.5991]},"properties":{"cell_id":134537,"case_count":1,"gi_zscore":-0.1173,"gi_pvalue":0.071,"significance":"cold_90"}},{"type":"Feature","geometry":{"type":"Point","coordinates":[74.83529,14.60811]},"properties":{"cell_id":134966,"case_count":2,"gi_zscore":-0.1077,"gi_pvalue":0.316,"significance":"not_sig"}},{"type":"Feature","geometry":{"type":"Point","coordinates":[74.84706,14.60811]},"properties":{"cell_id":134967,"case_count":1,"gi_zscore":-0.1077,"gi_pvalue":0.468,"significance":"not_sig"}},{"type":"Feature","geometry":{"type":"Point","coordinates":[75.50588,14.60811]},"properties":{"cell_id":135023,"case_count":1,"gi_zscore":-0.1125,"gi_pvalue":0.298,"significance":"not_sig"}},{"type":"Feature","geometry":{"type":"Point","coordinates":[75.62353,14.60811]},"properties":{"cell_id":135033,"case_count":1,"gi_zscore":-0.1077,"gi_pvalue":0.468,"significance":"not_sig"}},{"type":"Feature","geometry":{"type":"Point","coordinates":[75.63529,14.60811]},"properties":{"cell_id":135034,"case_count":1,"gi_zscore":-0.1077,"gi_pvalue":0.468,"significance":"not_sig"}},{"type":"Feature","geometry":{"type":"Point","coordinates":[75.90588,14.60811]},"properties":{"cell_id":135057,"case_count":1,"gi_zscore":-0.1101,"gi_pvalue":0.316,"significance":"not_sig"}},{"type":"Feature","geometry":{"type":"Point","coordinates":[76.15294,14.60811]},"properties":{"cell_id":135078,"case_count":1,"gi_zscore":-0.1173,"gi_pvalue":0.07,"significance":"cold_90"}},{"type":"Feature","geometry":{"type":"Point","coordinates":[74.35294,14.61712]},"properties":{"cell_id":135316,"case_count":1,"gi_zscore":-0.1173,"gi_pvalue":0.07,"significance":"cold_90"}},{"type":"Feature","geometry":{"type":"Point","coordinates":[74.83529,14.61712]},"properties":{"cell_id":135357,"case_count":2,"gi_zscore":-0.1077,"gi_pvalue":0.316,"significance":"not_sig"}},{"type":"Feature","geometry":{"type":"Point","coordinates":[74.84706,14.61712]},"properties":{"cell_id":135358,"case_count":1,"gi_zscore":-0.1077,"gi_pvalue":0.469,"significance":"not_sig"}},{"type":"Feature","geometry":{"type":"Point","coordinates":[74.97647,14.61712]},"properties":{"cell_id":135369,"case_count":2,"gi_zscore":-0.1052,"gi_pvalue":0.4,"significance":"not_sig"}},{"type":"Feature","geometry":{"type":"Point","coordinates":[75.28235,14.61712]},"properties":{"cell_id":135395,"case_count":1,"gi_zscore":-0.1125,"gi_pvalue":0.171,"significance":"not_sig"}},{"type":"Feature","geometry":{"type":"Point","coordinates":[75.32941,14.61712]},"properties":{"cell_id":135399,"case_count":1,"gi_zscore":-0.1125,"gi_pvalue":0.171,"significance":"not_sig"}},{"type":"Feature","geometry":{"type":"Point","coordinates":[75.62353,14.61712]},"properties":{"cell_id":135424,"case_count":2,"gi_zscore":-0.1077,"gi_pvalue":0.318,"significance":"not_sig"}},{"type":"Feature","geometry":{"type":"Point","coordinates":[74.81176,14.62613]},"properties":{"cell_id":135746,"case_count":1,"gi_zscore":-0.1077,"gi_pvalue":0.47,"significance":"not_sig"}},{"type":"Feature","geometry":{"type":"Point","coordinates":[74.83529,14.62613]},"properties":{"cell_id":135748,"case_count":1,"gi_zscore":-0.1077,"gi_pvalue":0.47,"significance":"not_sig"}},{"type":"Feature","geometry":{"type":"Point","coordinates":[74.84706,14.62613]},"properties":{"cell_id":135749,"case_count":2,"gi_zscore":-0.1077,"gi_pvalue":0.318,"significance":"not_sig"}},{"type":"Feature","geometry":{"type":"Point","coordinates":[75.62353,14.62613]},"properties":{"cell_id":135815,"case_count":2,"gi_zscore":-0.1077,"gi_pvalue":0.318,"significance":"not_sig"}},{"type":"Feature","geometry":{"type":"Point","coordinates":[75.63529,14.62613]},"properties":{"cell_id":135816,"case_count":1,"gi_zscore":-0.1077,"gi_pvalue":0.47,"significance":"not_sig"}},{"type":"Feature","geometry":{"type":"Point","coordinates":[74.28235,14.63514]},"properties":{"cell_id":136092,"case_count":1,"gi_zscore":-0.1173,"gi_pvalue":0.07,"significance":"cold_90"}},{"type":"Feature","geometry":{"type":"Point","coordinates":[75.27059,14.63514]},"properties":{"cell_id":136176,"case_count":2,"gi_zscore":-0.1125,"gi_pvalue":0.07,"significance":"cold_90"}},{"type":"Feature","geometry":{"type":"Point","coordinates":[74.30588,14.65315]},"properties":{"cell_id":136876,"case_count":1,"gi_zscore":-0.1173,"gi_pvalue":0.07,"significance":"cold_90"}},{"type":"Feature","geometry":{"type":"Point","coordinates":[74.31765,14.65315]},"properties":{"cell_id":136877,"case_count":1,"gi_zscore":-0.1173,"gi_pvalue":0.07,"significance":"cold_90"}},{"type":"Feature","geometry":{"type":"Point","coordinates":[75.37647,14.65315]},"properties":{"cell_id":136967,"case_count":1,"gi_zscore":-0.1125,"gi_pvalue":0.17,"significance":"not_sig"}},{"type":"Feature","geometry":{"type":"Point","coordinates":[75.10588,14.66216]},"properties":{"cell_id":137335,"case_count":1,"gi_zscore":-0.1077,"gi_pvalue":0.47,"significance":"not_sig"}},{"type":"Feature","geometry":{"type":"Point","coordinates":[75.43529,14.67117]},"properties":{"cell_id":137754,"case_count":1,"gi_zscore":-0.1173,"gi_pvalue":0.07,"significance":"cold_90"}},{"type":"Feature","geometry":{"type":"Point","coordinates":[75.48235,14.67117]},"properties":{"cell_id":137758,"case_count":1,"gi_zscore":-0.1173,"gi_pvalue":0.07,"significance":"cold_90"}},{"type":"Feature","geometry":{"type":"Point","coordinates":[75.38824,14.68018]},"properties":{"cell_id":138141,"case_count":1,"gi_zscore":-0.1173,"gi_pvalue":0.07,"significance":"cold_90"}},{"type":"Feature","geometry":{"type":"Point","coordinates":[75.54118,14.68018]},"properties":{"cell_id":138154,"case_count":1,"gi_zscore":-0.1125,"gi_pvalue":0.3,"significance":"not_sig"}},{"type":"Feature","geometry":{"type":"Point","coordinates":[75.22353,14.68919]},"properties":{"cell_id":138518,"case_count":1,"gi_zscore":-0.1101,"gi_pvalue":0.318,"significance":"not_sig"}},{"type":"Feature","geometry":{"type":"Point","coordinates":[75.78824,14.68919]},"properties":{"cell_id":138566,"case_count":1,"gi_zscore":-0.1052,"gi_pvalue":0.447,"significance":"not_sig"}},{"type":"Feature","geometry":{"type":"Point","coordinates":[76.18824,14.68919]},"properties":{"cell_id":138600,"case_count":1,"gi_zscore":-0.1173,"gi_pvalue":0.07,"significance":"cold_90"}},{"type":"Feature","geometry":{"type":"Point","coordinates":[75.49412,14.6982]},"properties":{"cell_id":138932,"case_count":1,"gi_zscore":-0.1173,"gi_pvalue":0.07,"significance":"cold_90"}},{"type":"Feature","geometry":{"type":"Point","coordinates":[74.27059,14.70721]},"properties":{"cell_id":139219,"case_count":1,"gi_zscore":-0.1173,"gi_pvalue":0.07,"significance":"cold_90"}},{"type":"Feature","geometry":{"type":"Point","coordinates":[75.77647,14.70721]},"properties":{"cell_id":139347,"case_count":1,"gi_zscore":-0.1077,"gi_pvalue":0.47,"significance":"not_sig"}},{"type":"Feature","geometry":{"type":"Point","coordinates":[75.4,14.71622]},"properties":{"cell_id":139706,"case_count":1,"gi_zscore":-0.1004,"gi_pvalue":0.37,"significance":"not_sig"}},{"type":"Feature","geometry":{"type":"Point","coordinates":[75.48235,14.71622]},"properties":{"cell_id":139713,"case_count":1,"gi_zscore":-0.1173,"gi_pvalue":0.07,"significance":"cold_90"}},{"type":"Feature","geometry":{"type":"Point","coordinates":[75.57647,14.71622]},"properties":{"cell_id":139721,"case_count":1,"gi_zscore":-0.1125,"gi_pvalue":0.3,"significance":"not_sig"}},{"type":"Feature","geometry":{"type":"Point","coordinates":[76.74118,14.71622]},"properties":{"cell_id":139820,"case_count":3,"gi_zscore":-0.1101,"gi_pvalue":0.17,"significance":"not_sig"}},{"type":"Feature","geometry":{"type":"Point","coordinates":[74.28235,14.72523]},"properties":{"cell_id":140002,"case_count":1,"gi_zscore":-0.1173,"gi_pvalue":0.07,"significance":"cold_90"}},{"type":"Feature","geometry":{"type":"Point","coordinates":[74.96471,14.72523]},"properties":{"cell_id":140060,"case_count":1,"gi_zscore":-0.1125,"gi_pvalue":0.17,"significance":"not_sig"}},{"type":"Feature","geometry":{"type":"Point","coordinates":[75.48235,14.72523]},"properties":{"cell_id":140104,"case_count":1,"gi_zscore":-0.1173,"gi_pvalue":0.07,"significance":"cold_90"}},{"type":"Feature","geometry":{"type":"Point","coordinates":[76.12941,14.73423]},"properties":{"cell_id":140550,"case_count":1,"gi_zscore":-0.1173,"gi_pvalue":0.07,"significance":"cold_90"}},{"type":"Feature","geometry":{"type":"Point","coordinates":[74.09412,14.75225]},"properties":{"cell_id":141159,"case_count":1,"gi_zscore":-0.1052,"gi_pvalue":0.448,"significance":"not_sig"}},{"type":"Feature","geometry":{"type":"Point","coordinates":[75.25882,14.75225]},"properties":{"cell_id":141258,"case_count":1,"gi_zscore":-0.1052,"gi_pvalue":0.448,"significance":"not_sig"}},{"type":"Feature","geometry":{"type":"Point","coordinates":[75.12941,14.76126]},"properties":{"cell_id":141638,"case_count":1,"gi_zscore":-0.1101,"gi_pvalue":0.318,"significance":"not_sig"}},{"type":"Feature","geometry":{"type":"Point","coordinates":[75.4,14.76126]},"properties":{"cell_id":141661,"case_count":1,"gi_zscore":-0.0908,"gi_pvalue":0.225,"significance":"not_sig"}},{"type":"Feature","geometry":{"type":"Point","coordinates":[74.2,14.77027]},"properties":{"cell_id":141950,"case_count":1,"gi_zscore":-0.1052,"gi_pvalue":0.496,"significance":"not_sig"}},{"type":"Feature","geometry":{"type":"Point","coordinates":[75.12941,14.77027]},"properties":{"cell_id":142029,"case_count":2,"gi_zscore":-0.1101,"gi_pvalue":0.17,"significance":"not_sig"}},{"type":"Feature","geometry":{"type":"Point","coordinates":[75.24706,14.77027]},"properties":{"cell_id":142039,"case_count":2,"gi_zscore":-0.1052,"gi_pvalue":0.469,"significance":"not_sig"}},{"type":"Feature","geometry":{"type":"Point","coordinates":[75.4,14.77928]},"properties":{"cell_id":142443,"case_count":1,"gi_zscore":-0.0908,"gi_pvalue":0.225,"significance":"not_sig"}},{"type":"Feature","geometry":{"type":"Point","coordinates":[76.23529,14.77928]},"properties":{"cell_id":142514,"case_count":1,"gi_zscore":-0.1173,"gi_pvalue":0.071,"significance":"cold_90"}},{"type":"Feature","geometry":{"type":"Point","coordinates":[75.37647,14.78829]},"properties":{"cell_id":142832,"case_count":2,"gi_zscore":-0.0932,"gi_pvalue":0.27,"significance":"not_sig"}},{"type":"Feature","geometry":{"type":"Point","coordinates":[75.38824,14.78829]},"properties":{"cell_id":142833,"case_count":2,"gi_zscore":-0.0932,"gi_pvalue":0.27,"significance":"not_sig"}},{"type":"Feature","geometry":{"type":"Point","coordinates":[75.4,14.78829]},"properties":{"cell_id":142834,"case_count":7,"gi_zscore":-0.0932,"gi_pvalue":0.469,"significance":"not_sig"}},{"type":"Feature","geometry":{"type":"Point","coordinates":[75.41176,14.78829]},"properties":{"cell_id":142835,"case_count":1,"gi_zscore":-0.0932,"gi_pvalue":0.241,"significance":"not_sig"}},{"type":"Feature","geometry":{"type":"Point","coordinates":[75.98824,14.78829]},"properties":{"cell_id":142884,"case_count":1,"gi_zscore":-0.1173,"gi_pvalue":0.071,"significance":"cold_90"}},{"type":"Feature","geometry":{"type":"Point","coordinates":[76.07059,14.78829]},"properties":{"cell_id":142891,"case_count":1,"gi_zscore":-0.1173,"gi_pvalue":0.071,"significance":"cold_90"}},{"type":"Feature","geometry":{"type":"Point","coordinates":[75.04706,14.7973]},"properties":{"cell_id":143195,"case_count":1,"gi_zscore":-0.1101,"gi_pvalue":0.316,"significance":"not_sig"}},{"type":"Feature","geometry":{"type":"Point","coordinates":[75.38824,14.7973]},"properties":{"cell_id":143224,"case_count":1,"gi_zscore":-0.0908,"gi_pvalue":0.212,"significance":"not_sig"}},{"type":"Feature","geometry":{"type":"Point","coordinates":[75.4,14.7973]},"properties":{"cell_id":143225,"case_count":3,"gi_zscore":-0.0932,"gi_pvalue":0.315,"significance":"not_sig"}},{"type":"Feature","geometry":{"type":"Point","coordinates":[75.41176,14.7973]},"properties":{"cell_id":143226,"case_count":2,"gi_zscore":-0.0932,"gi_pvalue":0.27,"significance":"not_sig"}},{"type":"Feature","geometry":{"type":"Point","coordinates":[75.38824,14.80631]},"properties":{"cell_id":143615,"case_count":1,"gi_zscore":-0.0908,"gi_pvalue":0.211,"significance":"not_sig"}},{"type":"Feature","geometry":{"type":"Point","coordinates":[75.4,14.80631]},"properties":{"cell_id":143616,"case_count":1,"gi_zscore":-0.0932,"gi_pvalue":0.24,"significance":"not_sig"}},{"type":"Feature","geometry":{"type":"Point","coordinates":[74.12941,14.81532]},"properties":{"cell_id":143899,"case_count":3,"gi_zscore":-0.1028,"gi_pvalue":0.493,"significance":"not_sig"}},{"type":"Feature","geometry":{"type":"Point","coordinates":[74.14118,14.81532]},"properties":{"cell_id":143900,"case_count":1,"gi_zscore":-0.1028,"gi_pvalue":0.371,"significance":"not_sig"}},{"type":"Feature","geometry":{"type":"Point","coordinates":[74.12941,14.82432]},"properties":{"cell_id":144290,"case_count":3,"gi_zscore":-0.1028,"gi_pvalue":0.493,"significance":"not_sig"}},{"type":"Feature","geometry":{"type":"Point","coordinates":[74.18824,14.82432]},"properties":{"cell_id":144295,"case_count":1,"gi_zscore":-0.1028,"gi_pvalue":0.37,"significance":"not_sig"}},{"type":"Feature","geometry":{"type":"Point","coordinates":[76.21176,14.82432]},"properties":{"cell_id":144467,"case_count":1,"gi_zscore":-0.1173,"gi_pvalue":0.072,"significance":"cold_90"}},{"type":"Feature","geometry":{"type":"Point","coordinates":[76.22353,14.82432]},"properties":{"cell_id":144468,"case_count":1,"gi_zscore":-0.1173,"gi_pvalue":0.072,"significance":"cold_90"}},{"type":"Feature","geometry":{"type":"Point","coordinates":[74.12941,14.83333]},"properties":{"cell_id":144681,"case_count":2,"gi_zscore":-0.1028,"gi_pvalue":0.449,"significance":"not_sig"}},{"type":"Feature","geometry":{"type":"Point","coordinates":[74.14118,14.83333]},"properties":{"cell_id":144682,"case_count":1,"gi_zscore":-0.1028,"gi_pvalue":0.371,"significance":"not_sig"}},{"type":"Feature","geometry":{"type":"Point","coordinates":[76.22353,14.83333]},"properties":{"cell_id":144859,"case_count":1,"gi_zscore":-0.1173,"gi_pvalue":0.073,"significance":"cold_90"}},{"type":"Feature","geometry":{"type":"Point","coordinates":[75.31765,14.84234]},"properties":{"cell_id":145173,"case_count":1,"gi_zscore":-0.1125,"gi_pvalue":0.295,"significance":"not_sig"}},{"type":"Feature","geometry":{"type":"Point","coordinates":[75.37647,14.84234]},"properties":{"cell_id":145178,"case_count":1,"gi_zscore":-0.1077,"gi_pvalue":0.465,"significance":"not_sig"}},{"type":"Feature","geometry":{"type":"Point","coordinates":[75.36471,14.85135]},"properties":{"cell_id":145568,"case_count":1,"gi_zscore":-0.1101,"gi_pvalue":0.316,"significance":"not_sig"}},{"type":"Feature","geometry":{"type":"Point","coordinates":[74.12941,14.86036]},"properties":{"cell_id":145854,"case_count":1,"gi_zscore":-0.1028,"gi_pvalue":0.371,"significance":"not_sig"}},{"type":"Feature","geometry":{"type":"Point","coordinates":[75.45882,14.86036]},"properties":{"cell_id":145967,"case_count":1,"gi_zscore":-0.1101,"gi_pvalue":0.316,"significance":"not_sig"}},{"type":"Feature","geometry":{"type":"Point","coordinates":[74.12941,14.86937]},"properties":{"cell_id":146245,"case_count":2,"gi_zscore":-0.1028,"gi_pvalue":0.451,"significance":"not_sig"}},{"type":"Feature","geometry":{"type":"Point","coordinates":[75.4,14.87838]},"properties":{"cell_id":146744,"case_count":1,"gi_zscore":-0.1173,"gi_pvalue":0.073,"significance":"cold_90"}},{"type":"Feature","geometry":{"type":"Point","coordinates":[76.77647,14.87838]},"properties":{"cell_id":146861,"case_count":1,"gi_zscore":-0.1125,"gi_pvalue":0.294,"significance":"not_sig"}},{"type":"Feature","geometry":{"type":"Point","coordinates":[76.78824,14.87838]},"properties":{"cell_id":146862,"case_count":1,"gi_zscore":-0.1125,"gi_pvalue":0.294,"significance":"not_sig"}},{"type":"Feature","geometry":{"type":"Point","coordinates":[75.61176,14.8964]},"properties":{"cell_id":147544,"case_count":3,"gi_zscore":-0.1125,"gi_pvalue":0.074,"significance":"cold_90"}},{"type":"Feature","geometry":{"type":"Point","coordinates":[74.34118,14.91441]},"properties":{"cell_id":148218,"case_count":1,"gi_zscore":-0.1149,"gi_pvalue":0.074,"significance":"cold_90"}},{"type":"Feature","geometry":{"type":"Point","coordinates":[75.27059,14.92342]},"properties":{"cell_id":148688,"case_count":2,"gi_zscore":-0.1052,"gi_pvalue":0.394,"significance":"not_sig"}},{"type":"Feature","geometry":{"type":"Point","coordinates":[75.34118,14.92342]},"properties":{"cell_id":148694,"case_count":1,"gi_zscore":-0.1077,"gi_pvalue":0.394,"significance":"not_sig"}},{"type":"Feature","geometry":{"type":"Point","coordinates":[75.42353,14.94144]},"properties":{"cell_id":149483,"case_count":1,"gi_zscore":-0.1101,"gi_pvalue":0.316,"significance":"not_sig"}},{"type":"Feature","geometry":{"type":"Point","coordinates":[76.09412,14.95045]},"properties":{"cell_id":149931,"case_count":1,"gi_zscore":-0.1173,"gi_pvalue":0.074,"significance":"cold_90"}},{"type":"Feature","geometry":{"type":"Point","coordinates":[74.70588,14.95946]},"properties":{"cell_id":150204,"case_count":1,"gi_zscore":-0.1125,"gi_pvalue":0.167,"significance":"not_sig"}},{"type":"Feature","geometry":{"type":"Point","coordinates":[75.0,14.95946]},"properties":{"cell_id":150229,"case_count":1,"gi_zscore":-0.1173,"gi_pvalue":0.074,"significance":"cold_90"}},{"type":"Feature","geometry":{"type":"Point","coordinates":[75.4,14.95946]},"properties":{"cell_id":150263,"case_count":1,"gi_zscore":-0.1101,"gi_pvalue":0.295,"significance":"not_sig"}},{"type":"Feature","geometry":{"type":"Point","coordinates":[75.32941,14.96847]},"properties":{"cell_id":150648,"case_count":1,"gi_zscore":-0.1077,"gi_pvalue":0.394,"significance":"not_sig"}},{"type":"Feature","geometry":{"type":"Point","coordinates":[75.34118,14.96847]},"properties":{"cell_id":150649,"case_count":2,"gi_zscore":-0.1077,"gi_pvalue":0.317,"significance":"not_sig"}},{"type":"Feature","geometry":{"type":"Point","coordinates":[75.21176,14.97748]},"properties":{"cell_id":151029,"case_count":1,"gi_zscore":-0.1052,"gi_pvalue":0.451,"significance":"not_sig"}},{"type":"Feature","geometry":{"type":"Point","coordinates":[75.32941,14.97748]},"properties":{"cell_id":151039,"case_count":1,"gi_zscore":-0.1077,"gi_pvalue":0.394,"significance":"not_sig"}},{"type":"Feature","geometry":{"type":"Point","coordinates":[75.34118,14.97748]},"properties":{"cell_id":151040,"case_count":3,"gi_zscore":-0.1077,"gi_pvalue":0.167,"significance":"not_sig"}},{"type":"Feature","geometry":{"type":"Point","coordinates":[75.10588,14.98649]},"properties":{"cell_id":151411,"case_count":1,"gi_zscore":-0.1125,"gi_pvalue":0.166,"significance":"not_sig"}},{"type":"Feature","geometry":{"type":"Point","coordinates":[75.6,14.98649]},"properties":{"cell_id":151453,"case_count":1,"gi_zscore":-0.1125,"gi_pvalue":0.294,"significance":"not_sig"}},{"type":"Feature","geometry":{"type":"Point","coordinates":[75.22353,14.9955]},"properties":{"cell_id":151812,"case_count":2,"gi_zscore":-0.1052,"gi_pvalue":0.468,"significance":"not_sig"}},{"type":"Feature","geometry":{"type":"Point","coordinates":[75.83529,14.9955]},"properties":{"cell_id":151864,"case_count":2,"gi_zscore":-0.1101,"gi_pvalue":0.166,"significance":"not_sig"}},{"type":"Feature","geometry":{"type":"Point","coordinates":[74.72941,15.0045]},"properties":{"cell_id":152161,"case_count":1,"gi_zscore":-0.1125,"gi_pvalue":0.166,"significance":"not_sig"}},{"type":"Feature","geometry":{"type":"Point","coordinates":[75.05882,15.02252]},"properties":{"cell_id":152971,"case_count":1,"gi_zscore":-0.1149,"gi_pvalue":0.166,"significance":"not_sig"}},{"type":"Feature","geometry":{"type":"Point","coordinates":[75.30588,15.03153]},"properties":{"cell_id":153383,"case_count":1,"gi_zscore":-0.1052,"gi_pvalue":0.449,"significance":"not_sig"}},{"type":"Feature","geometry":{"type":"Point","coordinates":[75.43529,15.03153]},"properties":{"cell_id":153394,"case_count":1,"gi_zscore":-0.1173,"gi_pvalue":0.076,"significance":"cold_90"}},{"type":"Feature","geometry":{"type":"Point","coordinates":[75.43529,15.04054]},"properties":{"cell_id":153785,"case_count":1,"gi_zscore":-0.1173,"gi_pvalue":0.076,"significance":"cold_90"}},{"type":"Feature","geometry":{"type":"Point","coordinates":[75.56471,15.04955]},"properties":{"cell_id":154187,"case_count":1,"gi_zscore":-0.1173,"gi_pvalue":0.076,"significance":"cold_90"}},{"type":"Feature","geometry":{"type":"Point","coordinates":[75.50588,15.05856]},"properties":{"cell_id":154573,"case_count":1,"gi_zscore":-0.1173,"gi_pvalue":0.076,"significance":"cold_90"}},{"type":"Feature","geometry":{"type":"Point","coordinates":[75.37647,15.06757]},"properties":{"cell_id":154953,"case_count":1,"gi_zscore":-0.1101,"gi_pvalue":0.316,"significance":"not_sig"}},{"type":"Feature","geometry":{"type":"Point","coordinates":[75.76471,15.06757]},"properties":{"cell_id":154986,"case_count":1,"gi_zscore":-0.1149,"gi_pvalue":0.166,"significance":"not_sig"}},{"type":"Feature","geometry":{"type":"Point","coordinates":[75.64706,15.07658]},"properties":{"cell_id":155367,"case_count":1,"gi_zscore":-0.1173,"gi_pvalue":0.076,"significance":"cold_90"}},{"type":"Feature","geometry":{"type":"Point","coordinates":[75.01176,15.08559]},"properties":{"cell_id":155704,"case_count":1,"gi_zscore":-0.1173,"gi_pvalue":0.076,"significance":"cold_90"}},{"type":"Feature","geometry":{"type":"Point","coordinates":[75.64706,15.08559]},"properties":{"cell_id":155758,"case_count":1,"gi_zscore":-0.1173,"gi_pvalue":0.076,"significance":"cold_90"}},{"type":"Feature","geometry":{"type":"Point","coordinates":[74.92941,15.09459]},"properties":{"cell_id":156088,"case_count":1,"gi_zscore":-0.1173,"gi_pvalue":0.076,"significance":"cold_90"}},{"type":"Feature","geometry":{"type":"Point","coordinates":[75.41176,15.1036]},"properties":{"cell_id":156520,"case_count":1,"gi_zscore":-0.1173,"gi_pvalue":0.076,"significance":"cold_90"}},{"type":"Feature","geometry":{"type":"Point","coordinates":[75.62353,15.11261]},"properties":{"cell_id":156929,"case_count":1,"gi_zscore":-0.1173,"gi_pvalue":0.076,"significance":"cold_90"}},{"type":"Feature","geometry":{"type":"Point","coordinates":[75.63529,15.11261]},"properties":{"cell_id":156930,"case_count":1,"gi_zscore":-0.1173,"gi_pvalue":0.076,"significance":"cold_90"}},{"type":"Feature","geometry":{"type":"Point","coordinates":[75.76471,15.11261]},"properties":{"cell_id":156941,"case_count":1,"gi_zscore":-0.1149,"gi_pvalue":0.166,"significance":"not_sig"}},{"type":"Feature","geometry":{"type":"Point","coordinates":[74.91765,15.12162]},"properties":{"cell_id":157260,"case_count":1,"gi_zscore":-0.1173,"gi_pvalue":0.076,"significance":"cold_90"}},{"type":"Feature","geometry":{"type":"Point","coordinates":[75.11765,15.12162]},"properties":{"cell_id":157277,"case_count":1,"gi_zscore":-0.1173,"gi_pvalue":0.076,"significance":"cold_90"}},{"type":"Feature","geometry":{"type":"Point","coordinates":[75.47059,15.12162]},"properties":{"cell_id":157307,"case_count":1,"gi_zscore":-0.1173,"gi_pvalue":0.076,"significance":"cold_90"}},{"type":"Feature","geometry":{"type":"Point","coordinates":[75.57647,15.12162]},"properties":{"cell_id":157316,"case_count":1,"gi_zscore":-0.1173,"gi_pvalue":0.076,"significance":"cold_90"}},{"type":"Feature","geometry":{"type":"Point","coordinates":[75.17647,15.13063]},"properties":{"cell_id":157673,"case_count":1,"gi_zscore":-0.1077,"gi_pvalue":0.468,"significance":"not_sig"}},{"type":"Feature","geometry":{"type":"Point","coordinates":[75.45882,15.13063]},"properties":{"cell_id":157697,"case_count":1,"gi_zscore":-0.1173,"gi_pvalue":0.076,"significance":"cold_90"}},{"type":"Feature","geometry":{"type":"Point","coordinates":[75.85882,15.13063]},"properties":{"cell_id":157731,"case_count":1,"gi_zscore":-0.1101,"gi_pvalue":0.316,"significance":"not_sig"}},{"type":"Feature","geometry":{"type":"Point","coordinates":[76.35294,15.15766]},"properties":{"cell_id":158946,"case_count":1,"gi_zscore":-0.1125,"gi_pvalue":0.166,"significance":"not_sig"}},{"type":"Feature","geometry":{"type":"Point","coordinates":[74.70588,15.16667]},"properties":{"cell_id":159197,"case_count":1,"gi_zscore":-0.1028,"gi_pvalue":0.37,"significance":"not_sig"}},{"type":"Feature","geometry":{"type":"Point","coordinates":[75.63529,15.17568]},"properties":{"cell_id":159667,"case_count":1,"gi_zscore":-0.1149,"gi_pvalue":0.076,"significance":"cold_90"}},{"type":"Feature","geometry":{"type":"Point","coordinates":[74.92941,15.18468]},"properties":{"cell_id":159998,"case_count":1,"gi_zscore":-0.1173,"gi_pvalue":0.076,"significance":"cold_90"}},{"type":"Feature","geometry":{"type":"Point","coordinates":[75.14118,15.18468]},"properties":{"cell_id":160016,"case_count":1,"gi_zscore":-0.1173,"gi_pvalue":0.076,"significance":"cold_90"}},{"type":"Feature","geometry":{"type":"Point","coordinates":[75.51765,15.18468]},"properties":{"cell_id":160048,"case_count":1,"gi_zscore":-0.1125,"gi_pvalue":0.166,"significance":"not_sig"}},{"type":"Feature","geometry":{"type":"Point","coordinates":[75.07059,15.19369]},"properties":{"cell_id":160401,"case_count":1,"gi_zscore":-0.1173,"gi_pvalue":0.076,"significance":"cold_90"}},{"type":"Feature","geometry":{"type":"Point","coordinates":[76.01176,15.19369]},"properties":{"cell_id":160481,"case_count":1,"gi_zscore":-0.1052,"gi_pvalue":0.487,"significance":"not_sig"}},{"type":"Feature","geometry":{"type":"Point","coordinates":[75.09412,15.2027]},"properties":{"cell_id":160794,"case_count":1,"gi_zscore":-0.1173,"gi_pvalue":0.076,"significance":"cold_90"}},{"type":"Feature","geometry":{"type":"Point","coordinates":[75.88235,15.21171]},"properties":{"cell_id":161252,"case_count":2,"gi_zscore":-0.1125,"gi_pvalue":0.076,"significance":"cold_90"}},{"type":"Feature","geometry":{"type":"Point","coordinates":[75.89412,15.21171]},"properties":{"cell_id":161253,"case_count":2,"gi_zscore":-0.1125,"gi_pvalue":0.076,"significance":"cold_90"}},{"type":"Feature","geometry":{"type":"Point","coordinates":[74.61176,15.22072]},"properties":{"cell_id":161535,"case_count":2,"gi_zscore":-0.1028,"gi_pvalue":0.449,"significance":"not_sig"}},{"type":"Feature","geometry":{"type":"Point","coordinates":[75.54118,15.22973]},"properties":{"cell_id":162005,"case_count":2,"gi_zscore":-0.1125,"gi_pvalue":0.076,"significance":"cold_90"}},{"type":"Feature","geometry":{"type":"Point","coordinates":[74.62353,15.23874]},"properties":{"cell_id":162318,"case_count":2,"gi_zscore":-0.1028,"gi_pvalue":0.449,"significance":"not_sig"}},{"type":"Feature","geometry":{"type":"Point","coordinates":[74.76471,15.23874]},"properties":{"cell_id":162330,"case_count":1,"gi_zscore":-0.1125,"gi_pvalue":0.165,"significance":"not_sig"}},{"type":"Feature","geometry":{"type":"Point","coordinates":[74.8,15.23874]},"properties":{"cell_id":162333,"case_count":1,"gi_zscore":-0.1125,"gi_pvalue":0.165,"significance":"not_sig"}},{"type":"Feature","geometry":{"type":"Point","coordinates":[74.62353,15.24775]},"properties":{"cell_id":162709,"case_count":4,"gi_zscore":-0.1028,"gi_pvalue":0.395,"significance":"not_sig"}},{"type":"Feature","geometry":{"type":"Point","coordinates":[74.63529,15.24775]},"properties":{"cell_id":162710,"case_count":1,"gi_zscore":-0.1028,"gi_pvalue":0.369,"significance":"not_sig"}},{"type":"Feature","geometry":{"type":"Point","coordinates":[74.61176,15.25676]},"properties":{"cell_id":163099,"case_count":1,"gi_zscore":-0.1028,"gi_pvalue":0.369,"significance":"not_sig"}},{"type":"Feature","geometry":{"type":"Point","coordinates":[74.62353,15.25676]},"properties":{"cell_id":163100,"case_count":2,"gi_zscore":-0.1028,"gi_pvalue":0.45,"significance":"not_sig"}},{"type":"Feature","geometry":{"type":"Point","coordinates":[75.03529,15.25676]},"properties":{"cell_id":163135,"case_count":1,"gi_zscore":-0.1052,"gi_pvalue":0.493,"significance":"not_sig"}},{"type":"Feature","geometry":{"type":"Point","coordinates":[75.12941,15.25676]},"properties":{"cell_id":163143,"case_count":1,"gi_zscore":-0.1077,"gi_pvalue":0.394,"significance":"not_sig"}},{"type":"Feature","geometry":{"type":"Point","coordinates":[75.24706,15.25676]},"properties":{"cell_id":163153,"case_count":4,"gi_zscore":-0.1052,"gi_pvalue":0.292,"significance":"not_sig"}},{"type":"Feature","geometry":{"type":"Point","coordinates":[75.48235,15.25676]},"properties":{"cell_id":163173,"case_count":2,"gi_zscore":-0.1125,"gi_pvalue":0.073,"significance":"cold_90"}},{"type":"Feature","geometry":{"type":"Point","coordinates":[74.62353,15.26577]},"properties":{"cell_id":163491,"case_count":1,"gi_zscore":-0.1028,"gi_pvalue":0.368,"significance":"not_sig"}},{"type":"Feature","geometry":{"type":"Point","coordinates":[75.83529,15.26577]},"properties":{"cell_id":163594,"case_count":1,"gi_zscore":0.1505,"gi_pvalue":0.09,"significance":"hot_90"}},{"type":"Feature","geometry":{"type":"Point","coordinates":[76.16471,15.26577]},"properties":{"cell_id":163622,"case_count":1,"gi_zscore":-0.1077,"gi_pvalue":0.467,"significance":"not_sig"}},{"type":"Feature","geometry":{"type":"Point","coordinates":[76.22353,15.26577]},"properties":{"cell_id":163627,"case_count":1,"gi_zscore":-0.1173,"gi_pvalue":0.071,"significance":"cold_90"}},{"type":"Feature","geometry":{"type":"Point","coordinates":[76.38824,15.26577]},"properties":{"cell_id":163641,"case_count":1,"gi_zscore":-0.1101,"gi_pvalue":0.313,"significance":"not_sig"}},{"type":"Feature","geometry":{"type":"Point","coordinates":[74.61176,15.27477]},"properties":{"cell_id":163881,"case_count":1,"gi_zscore":-0.1028,"gi_pvalue":0.368,"significance":"not_sig"}},{"type":"Feature","geometry":{"type":"Point","coordinates":[75.16471,15.27477]},"properties":{"cell_id":163928,"case_count":1,"gi_zscore":-0.1052,"gi_pvalue":0.493,"significance":"not_sig"}},{"type":"Feature","geometry":{"type":"Point","coordinates":[76.32941,15.27477]},"properties":{"cell_id":164027,"case_count":1,"gi_zscore":-0.1125,"gi_pvalue":0.162,"significance":"not_sig"}},{"type":"Feature","geometry":{"type":"Point","coordinates":[76.37647,15.27477]},"properties":{"cell_id":164031,"case_count":1,"gi_zscore":-0.1125,"gi_pvalue":0.162,"significance":"not_sig"}},{"type":"Feature","geometry":{"type":"Point","coordinates":[76.38824,15.27477]},"properties":{"cell_id":164032,"case_count":2,"gi_zscore":-0.1101,"gi_pvalue":0.162,"significance":"not_sig"}},{"type":"Feature","geometry":{"type":"Point","coordinates":[76.4,15.27477]},"properties":{"cell_id":164033,"case_count":1,"gi_zscore":-0.1101,"gi_pvalue":0.314,"significance":"not_sig"}},{"type":"Feature","geometry":{"type":"Point","coordinates":[75.05882,15.28378]},"properties":{"cell_id":164310,"case_count":1,"gi_zscore":-0.1052,"gi_pvalue":0.493,"significance":"not_sig"}},{"type":"Feature","geometry":{"type":"Point","coordinates":[75.29412,15.28378]},"properties":{"cell_id":164330,"case_count":1,"gi_zscore":-0.1077,"gi_pvalue":0.467,"significance":"not_sig"}},{"type":"Feature","geometry":{"type":"Point","coordinates":[75.6,15.28378]},"properties":{"cell_id":164356,"case_count":1,"gi_zscore":0.2108,"gi_pvalue":0.086,"significance":"hot_90"}},{"type":"Feature","geometry":{"type":"Point","coordinates":[76.38824,15.28378]},"properties":{"cell_id":164423,"case_count":1,"gi_zscore":-0.1101,"gi_pvalue":0.314,"significance":"not_sig"}},{"type":"Feature","geometry":{"type":"Point","coordinates":[75.71765,15.29279]},"properties":{"cell_id":164757,"case_count":1,"gi_zscore":0.3941,"gi_pvalue":0.076,"significance":"hot_90"}},{"type":"Feature","geometry":{"type":"Point","coordinates":[75.77647,15.29279]},"properties":{"cell_id":164762,"case_count":1,"gi_zscore":0.2639,"gi_pvalue":0.081,"significance":"hot_90"}},{"type":"Feature","geometry":{"type":"Point","coordinates":[75.21176,15.3018]},"properties":{"cell_id":165105,"case_count":1,"gi_zscore":-0.0956,"gi_pvalue":0.269,"significance":"not_sig"}},{"type":"Feature","geometry":{"type":"Point","coordinates":[76.21176,15.3018]},"properties":{"cell_id":165190,"case_count":1,"gi_zscore":-0.1101,"gi_pvalue":0.314,"significance":"not_sig"}},{"type":"Feature","geometry":{"type":"Point","coordinates":[76.44706,15.3018]},"properties":{"cell_id":165210,"case_count":1,"gi_zscore":-0.1125,"gi_pvalue":0.162,"significance":"not_sig"}},{"type":"Feature","geometry":{"type":"Point","coordinates":[75.14118,15.31081]},"properties":{"cell_id":165490,"case_count":1,"gi_zscore":-0.0618,"gi_pvalue":0.122,"significance":"not_sig"}},{"type":"Feature","geometry":{"type":"Point","coordinates":[75.31765,15.31081]},"properties":{"cell_id":165505,"case_count":1,"gi_zscore":-0.1077,"gi_pvalue":0.467,"significance":"not_sig"}},{"type":"Feature","geometry":{"type":"Point","coordinates":[75.70588,15.31081]},"properties":{"cell_id":165538,"case_count":26,"gi_zscore":0.3941,"gi_pvalue":0.079,"significance":"hot_90"}},{"type":"Feature","geometry":{"type":"Point","coordinates":[75.71765,15.31081]},"properties":{"cell_id":165539,"case_count":56,"gi_zscore":0.3941,"gi_pvalue":0.081,"significance":"hot_90"}},{"type":"Feature","geometry":{"type":"Point","coordinates":[75.72941,15.31081]},"properties":{"cell_id":165540,"case_count":1,"gi_zscore":0.3941,"gi_pvalue":0.076,"significance":"hot_90"}},{"type":"Feature","geometry":{"type":"Point","coordinates":[76.31765,15.31081]},"properties":{"cell_id":165590,"case_count":1,"gi_zscore":-0.1149,"gi_pvalue":0.161,"significance":"not_sig"}},{"type":"Feature","geometry":{"type":"Point","coordinates":[76.34118,15.31081]},"properties":{"cell_id":165592,"case_count":2,"gi_zscore":-0.1125,"gi_pvalue":0.071,"significance":"cold_90"}},{"type":"Feature","geometry":{"type":"Point","coordinates":[74.75294,15.31982]},"properties":{"cell_id":165848,"case_count":1,"gi_zscore":-0.1125,"gi_pvalue":0.161,"significance":"not_sig"}},{"type":"Feature","geometry":{"type":"Point","coordinates":[74.76471,15.31982]},"properties":{"cell_id":165849,"case_count":1,"gi_zscore":-0.1125,"gi_pvalue":0.161,"significance":"not_sig"}},{"type":"Feature","geometry":{"type":"Point","coordinates":[75.12941,15.31982]},"properties":{"cell_id":165880,"case_count":1,"gi_zscore":-0.0763,"gi_pvalue":0.146,"significance":"not_sig"}},{"type":"Feature","geometry":{"type":"Point","coordinates":[75.14118,15.31982]},"properties":{"cell_id":165881,"case_count":3,"gi_zscore":-0.0618,"gi_pvalue":0.13,"significance":"not_sig"}},{"type":"Feature","geometry":{"type":"Point","coordinates":[75.70588,15.31982]},"properties":{"cell_id":165929,"case_count":46,"gi_zscore":0.3941,"gi_pvalue":0.081,"significance":"hot_90"}},{"type":"Feature","geometry":{"type":"Point","coordinates":[75.71765,15.31982]},"properties":{"cell_id":165930,"case_count":51,"gi_zscore":0.3941,"gi_pvalue":0.081,"significance":"hot_90"}},{"type":"Feature","geometry":{"type":"Point","coordinates":[75.72941,15.31982]},"properties":{"cell_id":165931,"case_count":5,"gi_zscore":0.3941,"gi_pvalue":0.076,"significance":"hot_90"}},{"type":"Feature","geometry":{"type":"Point","coordinates":[76.30588,15.31982]},"properties":{"cell_id":165980,"case_count":1,"gi_zscore":-0.1149,"gi_pvalue":0.161,"significance":"not_sig"}},{"type":"Feature","geometry":{"type":"Point","coordinates":[74.71765,15.32883]},"properties":{"cell_id":166236,"case_count":1,"gi_zscore":-0.1125,"gi_pvalue":0.161,"significance":"not_sig"}},{"type":"Feature","geometry":{"type":"Point","coordinates":[74.76471,15.32883]},"properties":{"cell_id":166240,"case_count":3,"gi_zscore":-0.1125,"gi_pvalue":0.07,"significance":"cold_90"}},{"type":"Feature","geometry":{"type":"Point","coordinates":[75.12941,15.32883]},"properties":{"cell_id":166271,"case_count":3,"gi_zscore":-0.057,"gi_pvalue":0.122,"significance":"not_sig"}},{"type":"Feature","geometry":{"type":"Point","coordinates":[75.15294,15.32883]},"properties":{"cell_id":166273,"case_count":1,"gi_zscore":-0.0546,"gi_pvalue":0.12,"significance":"not_sig"}},{"type":"Feature","geometry":{"type":"Point","coordinates":[75.70588,15.32883]},"properties":{"cell_id":166320,"case_count":10,"gi_zscore":0.3941,"gi_pvalue":0.076,"significance":"hot_90"}},{"type":"Feature","geometry":{"type":"Point","coordinates":[75.71765,15.32883]},"properties":{"cell_id":166321,"case_count":25,"gi_zscore":0.3941,"gi_pvalue":0.079,"significance":"hot_90"}},{"type":"Feature","geometry":{"type":"Point","coordinates":[76.15294,15.32883]},"properties":{"cell_id":166358,"case_count":1,"gi_zscore":-0.1077,"gi_pvalue":0.392,"significance":"not_sig"}},{"type":"Feature","geometry":{"type":"Point","coordinates":[76.24706,15.32883]},"properties":{"cell_id":166366,"case_count":1,"gi_zscore":-0.1173,"gi_pvalue":0.069,"significance":"cold_90"}},{"type":"Feature","geometry":{"type":"Point","coordinates":[76.31765,15.32883]},"properties":{"cell_id":166372,"case_count":1,"gi_zscore":-0.1125,"gi_pvalue":0.16,"significance":"not_sig"}},{"type":"Feature","geometry":{"type":"Point","coordinates":[74.76471,15.33784]},"properties":{"cell_id":166631,"case_count":1,"gi_zscore":-0.1125,"gi_pvalue":0.16,"significance":"not_sig"}},{"type":"Feature","geometry":{"type":"Point","coordinates":[74.77647,15.33784]},"properties":{"cell_id":166632,"case_count":1,"gi_zscore":-0.1125,"gi_pvalue":0.16,"significance":"not_sig"}},{"type":"Feature","geometry":{"type":"Point","coordinates":[75.10588,15.33784]},"properties":{"cell_id":166660,"case_count":3,"gi_zscore":-0.0787,"gi_pvalue":0.171,"significance":"not_sig"}},{"type":"Feature","geometry":{"type":"Point","coordinates":[75.12941,15.33784]},"properties":{"cell_id":166662,"case_count":8,"gi_zscore":-0.0498,"gi_pvalue":0.13,"significance":"not_sig"}},{"type":"Feature","geometry":{"type":"Point","coordinates":[75.14118,15.33784]},"properties":{"cell_id":166663,"case_count":4,"gi_zscore":-0.0522,"gi_pvalue":0.122,"significance":"not_sig"}},{"type":"Feature","geometry":{"type":"Point","coordinates":[75.15294,15.33784]},"properties":{"cell_id":166664,"case_count":2,"gi_zscore":-0.0666,"gi_pvalue":0.132,"significance":"not_sig"}},{"type":"Feature","geometry":{"type":"Point","coordinates":[75.42353,15.33784]},"properties":{"cell_id":166687,"case_count":1,"gi_zscore":-0.1125,"gi_pvalue":0.159,"significance":"not_sig"}},{"type":"Feature","geometry":{"type":"Point","coordinates":[74.76471,15.34685]},"properties":{"cell_id":167022,"case_count":1,"gi_zscore":-0.1125,"gi_pvalue":0.159,"significance":"not_sig"}},{"type":"Feature","geometry":{"type":"Point","coordinates":[75.08235,15.34685]},"properties":{"cell_id":167049,"case_count":1,"gi_zscore":-0.1004,"gi_pvalue":0.369,"significance":"not_sig"}},{"type":"Feature","geometry":{"type":"Point","coordinates":[75.09412,15.34685]},"properties":{"cell_id":167050,"case_count":3,"gi_zscore":-0.0956,"gi_pvalue":0.369,"significance":"not_sig"}},{"type":"Feature","geometry":{"type":"Point","coordinates":[75.10588,15.34685]},"properties":{"cell_id":167051,"case_count":1,"gi_zscore":-0.0932,"gi_pvalue":0.246,"significance":"not_sig"}},{"type":"Feature","geometry":{"type":"Point","coordinates":[75.11765,15.34685]},"properties":{"cell_id":167052,"case_count":3,"gi_zscore":-0.0739,"gi_pvalue":0.154,"significance":"not_sig"}},{"type":"Feature","geometry":{"type":"Point","coordinates":[75.12941,15.34685]},"properties":{"cell_id":167053,"case_count":2,"gi_zscore":-0.0498,"gi_pvalue":0.118,"significance":"not_sig"}},{"type":"Feature","geometry":{"type":"Point","coordinates":[75.14118,15.34685]},"properties":{"cell_id":167054,"case_count":9,"gi_zscore":-0.0449,"gi_pvalue":0.128,"significance":"not_sig"}},{"type":"Feature","geometry":{"type":"Point","coordinates":[75.15294,15.34685]},"properties":{"cell_id":167055,"case_count":4,"gi_zscore":-0.0715,"gi_pvalue":0.148,"significance":"not_sig"}},{"type":"Feature","geometry":{"type":"Point","coordinates":[75.42353,15.34685]},"properties":{"cell_id":167078,"case_count":1,"gi_zscore":-0.1125,"gi_pvalue":0.163,"significance":"not_sig"}},{"type":"Feature","geometry":{"type":"Point","coordinates":[76.15294,15.34685]},"properties":{"cell_id":167140,"case_count":4,"gi_zscore":-0.1077,"gi_pvalue":0.164,"significance":"not_sig"}},{"type":"Feature","geometry":{"type":"Point","coordinates":[76.22353,15.34685]},"properties":{"cell_id":167146,"case_count":1,"gi_zscore":-0.1077,"gi_pvalue":0.468,"significance":"not_sig"}},{"type":"Feature","geometry":{"type":"Point","coordinates":[76.23529,15.34685]},"properties":{"cell_id":167147,"case_count":1,"gi_zscore":-0.1101,"gi_pvalue":0.31,"significance":"not_sig"}},{"type":"Feature","geometry":{"type":"Point","coordinates":[76.37647,15.34685]},"properties":{"cell_id":167159,"case_count":1,"gi_zscore":-0.1125,"gi_pvalue":0.164,"significance":"not_sig"}},{"type":"Feature","geometry":{"type":"Point","coordinates":[76.38824,15.34685]},"properties":{"cell_id":167160,"case_count":2,"gi_zscore":-0.1101,"gi_pvalue":0.164,"significance":"not_sig"}},{"type":"Feature","geometry":{"type":"Point","coordinates":[74.74118,15.35586]},"properties":{"cell_id":167411,"case_count":1,"gi_zscore":-0.1125,"gi_pvalue":0.29,"significance":"not_sig"}},{"type":"Feature","geometry":{"type":"Point","coordinates":[75.03529,15.35586]},"properties":{"cell_id":167436,"case_count":2,"gi_zscore":-0.1077,"gi_pvalue":0.31,"significance":"not_sig"}},{"type":"Feature","geometry":{"type":"Point","coordinates":[75.09412,15.35586]},"properties":{"cell_id":167441,"case_count":1,"gi_zscore":-0.0956,"gi_pvalue":0.273,"significance":"not_sig"}},{"type":"Feature","geometry":{"type":"Point","coordinates":[75.12941,15.35586]},"properties":{"cell_id":167444,"case_count":4,"gi_zscore":-0.0473,"gi_pvalue":0.12,"significance":"not_sig"}},{"type":"Feature","geometry":{"type":"Point","coordinates":[75.14118,15.35586]},"properties":{"cell_id":167445,"case_count":3,"gi_zscore":-0.0618,"gi_pvalue":0.128,"significance":"not_sig"}},{"type":"Feature","geometry":{"type":"Point","coordinates":[75.15294,15.35586]},"properties":{"cell_id":167446,"case_count":3,"gi_zscore":-0.0618,"gi_pvalue":0.128,"significance":"not_sig"}},{"type":"Feature","geometry":{"type":"Point","coordinates":[75.16471,15.35586]},"properties":{"cell_id":167447,"case_count":1,"gi_zscore":-0.0691,"gi_pvalue":0.132,"significance":"not_sig"}},{"type":"Feature","geometry":{"type":"Point","coordinates":[76.15294,15.35586]},"properties":{"cell_id":167531,"case_count":2,"gi_zscore":-0.1077,"gi_pvalue":0.305,"significance":"not_sig"}},{"type":"Feature","geometry":{"type":"Point","coordinates":[76.2,15.35586]},"properties":{"cell_id":167535,"case_count":1,"gi_zscore":-0.1077,"gi_pvalue":0.465,"significance":"not_sig"}},{"type":"Feature","geometry":{"type":"Point","coordinates":[76.4,15.35586]},"properties":{"cell_id":167552,"case_count":1,"gi_zscore":-0.1101,"gi_pvalue":0.305,"significance":"not_sig"}},{"type":"Feature","geometry":{"type":"Point","coordinates":[75.10588,15.36486]},"properties":{"cell_id":167833,"case_count":2,"gi_zscore":-0.098,"gi_pvalue":0.367,"significance":"not_sig"}},{"type":"Feature","geometry":{"type":"Point","coordinates":[75.11765,15.36486]},"properties":{"cell_id":167834,"case_count":3,"gi_zscore":-0.0932,"gi_pvalue":0.318,"significance":"not_sig"}},{"type":"Feature","geometry":{"type":"Point","coordinates":[75.12941,15.36486]},"properties":{"cell_id":167835,"case_count":1,"gi_zscore":-0.0835,"gi_pvalue":0.169,"significance":"not_sig"}},{"type":"Feature","geometry":{"type":"Point","coordinates":[75.14118,15.36486]},"properties":{"cell_id":167836,"case_count":5,"gi_zscore":-0.0859,"gi_pvalue":0.27,"significance":"not_sig"}},{"type":"Feature","geometry":{"type":"Point","coordinates":[75.15294,15.36486]},"properties":{"cell_id":167837,"case_count":1,"gi_zscore":-0.0859,"gi_pvalue":0.176,"significance":"not_sig"}},{"type":"Feature","geometry":{"type":"Point","coordinates":[76.08235,15.36486]},"properties":{"cell_id":167916,"case_count":1,"gi_zscore":-0.1077,"gi_pvalue":0.464,"significance":"not_sig"}},{"type":"Feature","geometry":{"type":"Point","coordinates":[76.14118,15.36486]},"properties":{"cell_id":167921,"case_count":1,"gi_zscore":-0.1077,"gi_pvalue":0.464,"significance":"not_sig"}},{"type":"Feature","geometry":{"type":"Point","coordinates":[74.76471,15.37387]},"properties":{"cell_id":168195,"case_count":1,"gi_zscore":-0.1125,"gi_pvalue":0.284,"significance":"not_sig"}},{"type":"Feature","geometry":{"type":"Point","coordinates":[75.10588,15.37387]},"properties":{"cell_id":168224,"case_count":1,"gi_zscore":-0.1052,"gi_pvalue":0.448,"significance":"not_sig"}},{"type":"Feature","geometry":{"type":"Point","coordinates":[75.11765,15.37387]},"properties":{"cell_id":168225,"case_count":2,"gi_zscore":-0.0956,"gi_pvalue":0.273,"significance":"not_sig"}},{"type":"Feature","geometry":{"type":"Point","coordinates":[75.12941,15.37387]},"properties":{"cell_id":168226,"case_count":1,"gi_zscore":-0.0835,"gi_pvalue":0.168,"significance":"not_sig"}},{"type":"Feature","geometry":{"type":"Point","coordinates":[75.14118,15.37387]},"properties":{"cell_id":168227,"case_count":2,"gi_zscore":-0.0859,"gi_pvalue":0.2,"significance":"not_sig"}},{"type":"Feature","geometry":{"type":"Point","coordinates":[75.16471,15.37387]},"properties":{"cell_id":168229,"case_count":1,"gi_zscore":-0.0859,"gi_pvalue":0.176,"significance":"not_sig"}},{"type":"Feature","geometry":{"type":"Point","coordinates":[75.51765,15.37387]},"properties":{"cell_id":168259,"case_count":1,"gi_zscore":-0.1149,"gi_pvalue":0.073,"significance":"cold_90"}},{"type":"Feature","geometry":{"type":"Point","coordinates":[76.34118,15.37387]},"properties":{"cell_id":168329,"case_count":1,"gi_zscore":-0.1101,"gi_pvalue":0.304,"significance":"not_sig"}},{"type":"Feature","geometry":{"type":"Point","coordinates":[75.08235,15.38288]},"properties":{"cell_id":168613,"case_count":1,"gi_zscore":-0.1101,"gi_pvalue":0.304,"significance":"not_sig"}},{"type":"Feature","geometry":{"type":"Point","coordinates":[75.14118,15.38288]},"properties":{"cell_id":168618,"case_count":2,"gi_zscore":-0.098,"gi_pvalue":0.319,"significance":"not_sig"}},{"type":"Feature","geometry":{"type":"Point","coordinates":[76.14118,15.38288]},"properties":{"cell_id":168703,"case_count":1,"gi_zscore":-0.1077,"gi_pvalue":0.462,"significance":"not_sig"}},{"type":"Feature","geometry":{"type":"Point","coordinates":[76.15294,15.38288]},"properties":{"cell_id":168704,"case_count":1,"gi_zscore":-0.1077,"gi_pvalue":0.462,"significance":"not_sig"}},{"type":"Feature","geometry":{"type":"Point","coordinates":[76.50588,15.38288]},"properties":{"cell_id":168734,"case_count":1,"gi_zscore":-0.1125,"gi_pvalue":0.162,"significance":"not_sig"}},{"type":"Feature","geometry":{"type":"Point","coordinates":[74.34118,15.39189]},"properties":{"cell_id":168941,"case_count":1,"gi_zscore":-0.1101,"gi_pvalue":0.304,"significance":"not_sig"}},{"type":"Feature","geometry":{"type":"Point","coordinates":[74.72941,15.39189]},"properties":{"cell_id":168974,"case_count":1,"gi_zscore":-0.1125,"gi_pvalue":0.284,"significance":"not_sig"}},{"type":"Feature","geometry":{"type":"Point","coordinates":[75.08235,15.39189]},"properties":{"cell_id":169004,"case_count":1,"gi_zscore":-0.1077,"gi_pvalue":0.462,"significance":"not_sig"}},{"type":"Feature","geometry":{"type":"Point","coordinates":[75.11765,15.39189]},"properties":{"cell_id":169007,"case_count":2,"gi_zscore":-0.1004,"gi_pvalue":0.368,"significance":"not_sig"}},{"type":"Feature","geometry":{"type":"Point","coordinates":[75.21176,15.39189]},"properties":{"cell_id":169015,"case_count":2,"gi_zscore":-0.1077,"gi_pvalue":0.304,"significance":"not_sig"}},{"type":"Feature","geometry":{"type":"Point","coordinates":[76.25882,15.39189]},"properties":{"cell_id":169104,"case_count":1,"gi_zscore":-0.1173,"gi_pvalue":0.073,"significance":"cold_90"}},{"type":"Feature","geometry":{"type":"Point","coordinates":[75.08235,15.4009]},"properties":{"cell_id":169395,"case_count":2,"gi_zscore":-0.1077,"gi_pvalue":0.304,"significance":"not_sig"}},{"type":"Feature","geometry":{"type":"Point","coordinates":[76.15294,15.4009]},"properties":{"cell_id":169486,"case_count":1,"gi_zscore":-0.1077,"gi_pvalue":0.462,"significance":"not_sig"}},{"type":"Feature","geometry":{"type":"Point","coordinates":[74.88235,15.40991]},"properties":{"cell_id":169769,"case_count":1,"gi_zscore":-0.1149,"gi_pvalue":0.073,"significance":"cold_90"}},{"type":"Feature","geometry":{"type":"Point","coordinates":[75.07059,15.40991]},"properties":{"cell_id":169785,"case_count":1,"gi_zscore":-0.1052,"gi_pvalue":0.49,"significance":"not_sig"}},{"type":"Feature","geometry":{"type":"Point","coordinates":[76.54118,15.40991]},"properties":{"cell_id":169910,"case_count":1,"gi_zscore":-0.1125,"gi_pvalue":0.163,"significance":"not_sig"}},{"type":"Feature","geometry":{"type":"Point","coordinates":[74.49412,15.41892]},"properties":{"cell_id":170127,"case_count":3,"gi_zscore":-0.1028,"gi_pvalue":0.462,"significance":"not_sig"}},{"type":"Feature","geometry":{"type":"Point","coordinates":[74.95294,15.41892]},"properties":{"cell_id":170166,"case_count":1,"gi_zscore":-0.1101,"gi_pvalue":0.305,"significance":"not_sig"}},{"type":"Feature","geometry":{"type":"Point","coordinates":[75.43529,15.41892]},"properties":{"cell_id":170207,"case_count":1,"gi_zscore":-0.1149,"gi_pvalue":0.073,"significance":"cold_90"}},{"type":"Feature","geometry":{"type":"Point","coordinates":[75.54118,15.41892]},"properties":{"cell_id":170216,"case_count":1,"gi_zscore":-0.098,"gi_pvalue":0.321,"significance":"not_sig"}},{"type":"Feature","geometry":{"type":"Point","coordinates":[75.63529,15.41892]},"properties":{"cell_id":170224,"case_count":3,"gi_zscore":-0.0908,"gi_pvalue":0.271,"significance":"not_sig"}},{"type":"Feature","geometry":{"type":"Point","coordinates":[76.52941,15.41892]},"properties":{"cell_id":170300,"case_count":1,"gi_zscore":-0.1125,"gi_pvalue":0.163,"significance":"not_sig"}},{"type":"Feature","geometry":{"type":"Point","coordinates":[76.58824,15.41892]},"properties":{"cell_id":170305,"case_count":1,"gi_zscore":-0.1149,"gi_pvalue":0.163,"significance":"not_sig"}},{"type":"Feature","geometry":{"type":"Point","coordinates":[75.01176,15.42793]},"properties":{"cell_id":170562,"case_count":2,"gi_zscore":-0.0956,"gi_pvalue":0.321,"significance":"not_sig"}},{"type":"Feature","geometry":{"type":"Point","coordinates":[75.04706,15.42793]},"properties":{"cell_id":170565,"case_count":1,"gi_zscore":-0.0956,"gi_pvalue":0.272,"significance":"not_sig"}},{"type":"Feature","geometry":{"type":"Point","coordinates":[75.44706,15.42793]},"properties":{"cell_id":170599,"case_count":2,"gi_zscore":-0.1149,"gi_pvalue":0.001,"significance":"cold_99"}},{"type":"Feature","geometry":{"type":"Point","coordinates":[75.62353,15.42793]},"properties":{"cell_id":170614,"case_count":1,"gi_zscore":-0.0956,"gi_pvalue":0.272,"significance":"not_sig"}},{"type":"Feature","geometry":{"type":"Point","coordinates":[75.63529,15.42793]},"properties":{"cell_id":170615,"case_count":5,"gi_zscore":-0.0908,"gi_pvalue":0.37,"significance":"not_sig"}},{"type":"Feature","geometry":{"type":"Point","coordinates":[75.64706,15.42793]},"properties":{"cell_id":170616,"case_count":1,"gi_zscore":-0.0908,"gi_pvalue":0.213,"significance":"not_sig"}},{"type":"Feature","geometry":{"type":"Point","coordinates":[76.52941,15.42793]},"properties":{"cell_id":170691,"case_count":2,"gi_zscore":-0.1125,"gi_pvalue":0.074,"significance":"cold_90"}},{"type":"Feature","geometry":{"type":"Point","coordinates":[76.54118,15.42793]},"properties":{"cell_id":170692,"case_count":1,"gi_zscore":-0.1125,"gi_pvalue":0.163,"significance":"not_sig"}},{"type":"Feature","geometry":{"type":"Point","coordinates":[74.97647,15.43694]},"properties":{"cell_id":170950,"case_count":1,"gi_zscore":-0.1125,"gi_pvalue":0.163,"significance":"not_sig"}},{"type":"Feature","geometry":{"type":"Point","coordinates":[74.98824,15.43694]},"properties":{"cell_id":170951,"case_count":1,"gi_zscore":-0.1101,"gi_pvalue":0.306,"significance":"not_sig"}},{"type":"Feature","geometry":{"type":"Point","coordinates":[75.0,15.43694]},"properties":{"cell_id":170952,"case_count":1,"gi_zscore":-0.0932,"gi_pvalue":0.248,"significance":"not_sig"}},{"type":"Feature","geometry":{"type":"Point","coordinates":[75.01176,15.43694]},"properties":{"cell_id":170953,"case_count":1,"gi_zscore":-0.0908,"gi_pvalue":0.213,"significance":"not_sig"}},{"type":"Feature","geometry":{"type":"Point","coordinates":[75.02353,15.43694]},"properties":{"cell_id":170954,"case_count":3,"gi_zscore":-0.0932,"gi_pvalue":0.322,"significance":"not_sig"}},{"type":"Feature","geometry":{"type":"Point","coordinates":[75.17647,15.43694]},"properties":{"cell_id":170967,"case_count":1,"gi_zscore":-0.1101,"gi_pvalue":0.306,"significance":"not_sig"}},{"type":"Feature","geometry":{"type":"Point","coordinates":[75.50588,15.43694]},"properties":{"cell_id":170995,"case_count":1,"gi_zscore":-0.1125,"gi_pvalue":0.163,"significance":"not_sig"}},{"type":"Feature","geometry":{"type":"Point","coordinates":[75.61176,15.43694]},"properties":{"cell_id":171004,"case_count":1,"gi_zscore":-0.0956,"gi_pvalue":0.271,"significance":"not_sig"}},{"type":"Feature","geometry":{"type":"Point","coordinates":[75.62353,15.43694]},"properties":{"cell_id":171005,"case_count":2,"gi_zscore":-0.0956,"gi_pvalue":0.322,"significance":"not_sig"}},{"type":"Feature","geometry":{"type":"Point","coordinates":[75.63529,15.43694]},"properties":{"cell_id":171006,"case_count":3,"gi_zscore":-0.0908,"gi_pvalue":0.271,"significance":"not_sig"}},{"type":"Feature","geometry":{"type":"Point","coordinates":[75.64706,15.43694]},"properties":{"cell_id":171007,"case_count":1,"gi_zscore":-0.0932,"gi_pvalue":0.248,"significance":"not_sig"}},{"type":"Feature","geometry":{"type":"Point","coordinates":[76.38824,15.43694]},"properties":{"cell_id":171070,"case_count":1,"gi_zscore":-0.1125,"gi_pvalue":0.163,"significance":"not_sig"}},{"type":"Feature","geometry":{"type":"Point","coordinates":[76.52941,15.43694]},"properties":{"cell_id":171082,"case_count":2,"gi_zscore":-0.1125,"gi_pvalue":0.073,"significance":"cold_90"}},{"type":"Feature","geometry":{"type":"Point","coordinates":[76.54118,15.43694]},"properties":{"cell_id":171083,"case_count":1,"gi_zscore":-0.1125,"gi_pvalue":0.163,"significance":"not_sig"}},{"type":"Feature","geometry":{"type":"Point","coordinates":[74.83529,15.44595]},"properties":{"cell_id":171329,"case_count":1,"gi_zscore":-0.1173,"gi_pvalue":0.073,"significance":"cold_90"}},{"type":"Feature","geometry":{"type":"Point","coordinates":[74.84706,15.44595]},"properties":{"cell_id":171330,"case_count":1,"gi_zscore":-0.1173,"gi_pvalue":0.073,"significance":"cold_90"}},{"type":"Feature","geometry":{"type":"Point","coordinates":[74.98824,15.44595]},"properties":{"cell_id":171342,"case_count":2,"gi_zscore":-0.1004,"gi_pvalue":0.372,"significance":"not_sig"}},{"type":"Feature","geometry":{"type":"Point","coordinates":[75.01176,15.44595]},"properties":{"cell_id":171344,"case_count":1,"gi_zscore":-0.0908,"gi_pvalue":0.212,"significance":"not_sig"}},{"type":"Feature","geometry":{"type":"Point","coordinates":[75.21176,15.44595]},"properties":{"cell_id":171361,"case_count":1,"gi_zscore":-0.1125,"gi_pvalue":0.163,"significance":"not_sig"}},{"type":"Feature","geometry":{"type":"Point","coordinates":[75.63529,15.44595]},"properties":{"cell_id":171397,"case_count":1,"gi_zscore":-0.0956,"gi_pvalue":0.273,"significance":"not_sig"}},{"type":"Feature","geometry":{"type":"Point","coordinates":[75.64706,15.44595]},"properties":{"cell_id":171398,"case_count":3,"gi_zscore":-0.0956,"gi_pvalue":0.338,"significance":"not_sig"}},{"type":"Feature","geometry":{"type":"Point","coordinates":[76.14118,15.44595]},"properties":{"cell_id":171440,"case_count":1,"gi_zscore":-0.1077,"gi_pvalue":0.46,"significance":"not_sig"}},{"type":"Feature","geometry":{"type":"Point","coordinates":[76.25882,15.44595]},"properties":{"cell_id":171450,"case_count":1,"gi_zscore":-0.1149,"gi_pvalue":0.073,"significance":"cold_90"}},{"type":"Feature","geometry":{"type":"Point","coordinates":[76.32941,15.44595]},"properties":{"cell_id":171456,"case_count":2,"gi_zscore":-0.1149,"gi_pvalue":0.001,"significance":"cold_99"}},{"type":"Feature","geometry":{"type":"Point","coordinates":[76.45882,15.44595]},"properties":{"cell_id":171467,"case_count":1,"gi_zscore":-0.1125,"gi_pvalue":0.161,"significance":"not_sig"}},{"type":"Feature","geometry":{"type":"Point","coordinates":[76.48235,15.44595]},"properties":{"cell_id":171469,"case_count":1,"gi_zscore":-0.1125,"gi_pvalue":0.161,"significance":"not_sig"}},{"type":"Feature","geometry":{"type":"Point","coordinates":[74.98824,15.45495]},"properties":{"cell_id":171733,"case_count":2,"gi_zscore":-0.1004,"gi_pvalue":0.372,"significance":"not_sig"}},{"type":"Feature","geometry":{"type":"Point","coordinates":[75.01176,15.45495]},"properties":{"cell_id":171735,"case_count":6,"gi_zscore":-0.0932,"gi_pvalue":0.494,"significance":"not_sig"}},{"type":"Feature","geometry":{"type":"Point","coordinates":[75.21176,15.45495]},"properties":{"cell_id":171752,"case_count":1,"gi_zscore":-0.1125,"gi_pvalue":0.16,"significance":"not_sig"}},{"type":"Feature","geometry":{"type":"Point","coordinates":[75.29412,15.45495]},"properties":{"cell_id":171759,"case_count":1,"gi_zscore":-0.1125,"gi_pvalue":0.16,"significance":"not_sig"}},{"type":"Feature","geometry":{"type":"Point","coordinates":[75.64706,15.45495]},"properties":{"cell_id":171789,"case_count":1,"gi_zscore":-0.0956,"gi_pvalue":0.276,"significance":"not_sig"}},{"type":"Feature","geometry":{"type":"Point","coordinates":[75.65882,15.45495]},"properties":{"cell_id":171790,"case_count":1,"gi_zscore":-0.0956,"gi_pvalue":0.276,"significance":"not_sig"}},{"type":"Feature","geometry":{"type":"Point","coordinates":[76.6,15.45495]},"properties":{"cell_id":171870,"case_count":1,"gi_zscore":-0.1149,"gi_pvalue":0.16,"significance":"not_sig"}},{"type":"Feature","geometry":{"type":"Point","coordinates":[74.98824,15.46396]},"properties":{"cell_id":172124,"case_count":1,"gi_zscore":-0.0932,"gi_pvalue":0.249,"significance":"not_sig"}},{"type":"Feature","geometry":{"type":"Point","coordinates":[75.0,15.46396]},"properties":{"cell_id":172125,"case_count":1,"gi_zscore":-0.0932,"gi_pvalue":0.249,"significance":"not_sig"}},{"type":"Feature","geometry":{"type":"Point","coordinates":[75.01176,15.46396]},"properties":{"cell_id":172126,"case_count":3,"gi_zscore":-0.0956,"gi_pvalue":0.342,"significance":"not_sig"}},{"type":"Feature","geometry":{"type":"Point","coordinates":[75.14118,15.46396]},"properties":{"cell_id":172137,"case_count":1,"gi_zscore":-0.1101,"gi_pvalue":0.302,"significance":"not_sig"}},{"type":"Feature","geometry":{"type":"Point","coordinates":[76.22353,15.46396]},"properties":{"cell_id":172229,"case_count":1,"gi_zscore":-0.1149,"gi_pvalue":0.071,"significance":"cold_90"}},{"type":"Feature","geometry":{"type":"Point","coordinates":[76.44706,15.46396]},"properties":{"cell_id":172248,"case_count":1,"gi_zscore":-0.1125,"gi_pvalue":0.28,"significance":"not_sig"}},{"type":"Feature","geometry":{"type":"Point","coordinates":[74.23529,15.47297]},"properties":{"cell_id":172451,"case_count":1,"gi_zscore":-0.1101,"gi_pvalue":0.302,"significance":"not_sig"}},{"type":"Feature","geometry":{"type":"Point","coordinates":[74.97647,15.47297]},"properties":{"cell_id":172514,"case_count":1,"gi_zscore":-0.1101,"gi_pvalue":0.302,"significance":"not_sig"}},{"type":"Feature","geometry":{"type":"Point","coordinates":[75.01176,15.47297]},"properties":{"cell_id":172517,"case_count":2,"gi_zscore":-0.0956,"gi_pvalue":0.326,"significance":"not_sig"}},{"type":"Feature","geometry":{"type":"Point","coordinates":[75.02353,15.47297]},"properties":{"cell_id":172518,"case_count":1,"gi_zscore":-0.0932,"gi_pvalue":0.249,"significance":"not_sig"}},{"type":"Feature","geometry":{"type":"Point","coordinates":[75.14118,15.47297]},"properties":{"cell_id":172528,"case_count":1,"gi_zscore":-0.1101,"gi_pvalue":0.302,"significance":"not_sig"}},{"type":"Feature","geometry":{"type":"Point","coordinates":[75.84706,15.47297]},"properties":{"cell_id":172588,"case_count":1,"gi_zscore":-0.1028,"gi_pvalue":0.376,"significance":"not_sig"}},{"type":"Feature","geometry":{"type":"Point","coordinates":[76.57647,15.47297]},"properties":{"cell_id":172650,"case_count":1,"gi_zscore":-0.1149,"gi_pvalue":0.157,"significance":"not_sig"}},{"type":"Feature","geometry":{"type":"Point","coordinates":[76.58824,15.47297]},"properties":{"cell_id":172651,"case_count":1,"gi_zscore":-0.1149,"gi_pvalue":0.157,"significance":"not_sig"}},{"type":"Feature","geometry":{"type":"Point","coordinates":[74.95294,15.48198]},"properties":{"cell_id":172903,"case_count":1,"gi_zscore":-0.1125,"gi_pvalue":0.279,"significance":"not_sig"}},{"type":"Feature","geometry":{"type":"Point","coordinates":[74.97647,15.48198]},"properties":{"cell_id":172905,"case_count":1,"gi_zscore":-0.1101,"gi_pvalue":0.302,"significance":"not_sig"}},{"type":"Feature","geometry":{"type":"Point","coordinates":[75.12941,15.48198]},"properties":{"cell_id":172918,"case_count":2,"gi_zscore":-0.1125,"gi_pvalue":0.071,"significance":"cold_90"}},{"type":"Feature","geometry":{"type":"Point","coordinates":[74.71765,15.49099]},"properties":{"cell_id":173274,"case_count":1,"gi_zscore":-0.1101,"gi_pvalue":0.302,"significance":"not_sig"}},{"type":"Feature","geometry":{"type":"Point","coordinates":[74.98824,15.49099]},"properties":{"cell_id":173297,"case_count":1,"gi_zscore":-0.1077,"gi_pvalue":0.459,"significance":"not_sig"}},{"type":"Feature","geometry":{"type":"Point","coordinates":[75.12941,15.49099]},"properties":{"cell_id":173309,"case_count":1,"gi_zscore":-0.1125,"gi_pvalue":0.156,"significance":"not_sig"}},{"type":"Feature","geometry":{"type":"Point","coordinates":[75.90588,15.49099]},"properties":{"cell_id":173375,"case_count":1,"gi_zscore":-0.1125,"gi_pvalue":0.156,"significance":"not_sig"}},{"type":"Feature","geometry":{"type":"Point","coordinates":[75.98824,15.49099]},"properties":{"cell_id":173382,"case_count":2,"gi_zscore":-0.1125,"gi_pvalue":0.07,"significance":"cold_90"}},{"type":"Feature","geometry":{"type":"Point","coordinates":[76.0,15.49099]},"properties":{"cell_id":173383,"case_count":2,"gi_zscore":-0.1125,"gi_pvalue":0.07,"significance":"cold_90"}},{"type":"Feature","geometry":{"type":"Point","coordinates":[75.44706,15.5]},"properties":{"cell_id":173727,"case_count":1,"gi_zscore":-0.1149,"gi_pvalue":0.07,"significance":"cold_90"}},{"type":"Feature","geometry":{"type":"Point","coordinates":[76.47059,15.5]},"properties":{"cell_id":173814,"case_count":1,"gi_zscore":-0.1149,"gi_pvalue":0.156,"significance":"not_sig"}},{"type":"Feature","geometry":{"type":"Point","coordinates":[76.6,15.5]},"properties":{"cell_id":173825,"case_count":1,"gi_zscore":-0.1173,"gi_pvalue":0.07,"significance":"cold_90"}},{"type":"Feature","geometry":{"type":"Point","coordinates":[76.49412,15.50901]},"properties":{"cell_id":174207,"case_count":1,"gi_zscore":-0.1149,"gi_pvalue":0.156,"significance":"not_sig"}},{"type":"Feature","geometry":{"type":"Point","coordinates":[76.54118,15.50901]},"properties":{"cell_id":174211,"case_count":1,"gi_zscore":-0.1173,"gi_pvalue":0.07,"significance":"cold_90"}},{"type":"Feature","geometry":{"type":"Point","coordinates":[74.94118,15.51802]},"properties":{"cell_id":174466,"case_count":1,"gi_zscore":-0.1149,"gi_pvalue":0.156,"significance":"not_sig"}},{"type":"Feature","geometry":{"type":"Point","coordinates":[75.55294,15.51802]},"properties":{"cell_id":174518,"case_count":1,"gi_zscore":-0.1149,"gi_pvalue":0.156,"significance":"not_sig"}},{"type":"Feature","geometry":{"type":"Point","coordinates":[76.48235,15.51802]},"properties":{"cell_id":174597,"case_count":1,"gi_zscore":-0.1149,"gi_pvalue":0.156,"significance":"not_sig"}},{"type":"Feature","geometry":{"type":"Point","coordinates":[75.0,15.52703]},"properties":{"cell_id":174862,"case_count":1,"gi_zscore":-0.1125,"gi_pvalue":0.156,"significance":"not_sig"}},{"type":"Feature","geometry":{"type":"Point","coordinates":[76.63529,15.52703]},"properties":{"cell_id":175001,"case_count":1,"gi_zscore":-0.1173,"gi_pvalue":0.07,"significance":"cold_90"}},{"type":"Feature","geometry":{"type":"Point","coordinates":[75.04706,15.53604]},"properties":{"cell_id":175257,"case_count":2,"gi_zscore":-0.1052,"gi_pvalue":0.46,"significance":"not_sig"}},{"type":"Feature","geometry":{"type":"Point","coordinates":[75.70588,15.53604]},"properties":{"cell_id":175313,"case_count":1,"gi_zscore":-0.1125,"gi_pvalue":0.28,"significance":"not_sig"}},{"type":"Feature","geometry":{"type":"Point","coordinates":[75.77647,15.53604]},"properties":{"cell_id":175319,"case_count":1,"gi_zscore":-0.1125,"gi_pvalue":0.28,"significance":"not_sig"}},{"type":"Feature","geometry":{"type":"Point","coordinates":[76.32941,15.53604]},"properties":{"cell_id":175366,"case_count":1,"gi_zscore":-0.1149,"gi_pvalue":0.156,"significance":"not_sig"}},{"type":"Feature","geometry":{"type":"Point","coordinates":[74.83529,15.54505]},"properties":{"cell_id":175630,"case_count":1,"gi_zscore":-0.1077,"gi_pvalue":0.46,"significance":"not_sig"}},{"type":"Feature","geometry":{"type":"Point","coordinates":[74.85882,15.54505]},"properties":{"cell_id":175632,"case_count":1,"gi_zscore":-0.1149,"gi_pvalue":0.07,"significance":"cold_90"}},{"type":"Feature","geometry":{"type":"Point","coordinates":[75.05882,15.54505]},"properties":{"cell_id":175649,"case_count":1,"gi_zscore":-0.1077,"gi_pvalue":0.46,"significance":"not_sig"}},{"type":"Feature","geometry":{"type":"Point","coordinates":[75.24706,15.54505]},"properties":{"cell_id":175665,"case_count":2,"gi_zscore":-0.1149,"gi_pvalue":0.001,"significance":"cold_99"}},{"type":"Feature","geometry":{"type":"Point","coordinates":[76.6,15.54505]},"properties":{"cell_id":175780,"case_count":1,"gi_zscore":-0.1173,"gi_pvalue":0.069,"significance":"cold_90"}},{"type":"Feature","geometry":{"type":"Point","coordinates":[74.64706,15.56306]},"properties":{"cell_id":176396,"case_count":1,"gi_zscore":-0.1173,"gi_pvalue":0.069,"significance":"cold_90"}},{"type":"Feature","geometry":{"type":"Point","coordinates":[75.03529,15.56306]},"properties":{"cell_id":176429,"case_count":1,"gi_zscore":-0.1077,"gi_pvalue":0.46,"significance":"not_sig"}},{"type":"Feature","geometry":{"type":"Point","coordinates":[76.12941,15.56306]},"properties":{"cell_id":176522,"case_count":1,"gi_zscore":-0.1125,"gi_pvalue":0.157,"significance":"not_sig"}},{"type":"Feature","geometry":{"type":"Point","coordinates":[74.87059,15.57207]},"properties":{"cell_id":176806,"case_count":1,"gi_zscore":-0.1077,"gi_pvalue":0.46,"significance":"not_sig"}},{"type":"Feature","geometry":{"type":"Point","coordinates":[75.8,15.57207]},"properties":{"cell_id":176885,"case_count":1,"gi_zscore":-0.1125,"gi_pvalue":0.157,"significance":"not_sig"}},{"type":"Feature","geometry":{"type":"Point","coordinates":[76.42353,15.57207]},"properties":{"cell_id":176938,"case_count":1,"gi_zscore":-0.1173,"gi_pvalue":0.069,"significance":"cold_90"}},{"type":"Feature","geometry":{"type":"Point","coordinates":[76.6,15.57207]},"properties":{"cell_id":176953,"case_count":1,"gi_zscore":-0.1173,"gi_pvalue":0.069,"significance":"cold_90"}},{"type":"Feature","geometry":{"type":"Point","coordinates":[74.74118,15.58108]},"properties":{"cell_id":177186,"case_count":1,"gi_zscore":-0.1101,"gi_pvalue":0.303,"significance":"not_sig"}},{"type":"Feature","geometry":{"type":"Point","coordinates":[74.8,15.58108]},"properties":{"cell_id":177191,"case_count":1,"gi_zscore":-0.1101,"gi_pvalue":0.303,"significance":"not_sig"}},{"type":"Feature","geometry":{"type":"Point","coordinates":[75.47059,15.58108]},"properties":{"cell_id":177248,"case_count":1,"gi_zscore":-0.0956,"gi_pvalue":0.276,"significance":"not_sig"}},{"type":"Feature","geometry":{"type":"Point","coordinates":[75.64706,15.58108]},"properties":{"cell_id":177263,"case_count":1,"gi_zscore":-0.1077,"gi_pvalue":0.46,"significance":"not_sig"}},{"type":"Feature","geometry":{"type":"Point","coordinates":[76.29412,15.58108]},"properties":{"cell_id":177318,"case_count":1,"gi_zscore":-0.1149,"gi_pvalue":0.157,"significance":"not_sig"}},{"type":"Feature","geometry":{"type":"Point","coordinates":[76.23529,15.59009]},"properties":{"cell_id":177704,"case_count":1,"gi_zscore":-0.1173,"gi_pvalue":0.069,"significance":"cold_90"}},{"type":"Feature","geometry":{"type":"Point","coordinates":[77.24706,15.59009]},"properties":{"cell_id":177790,"case_count":1,"gi_zscore":-0.1125,"gi_pvalue":0.157,"significance":"not_sig"}},{"type":"Feature","geometry":{"type":"Point","coordinates":[74.78824,15.5991]},"properties":{"cell_id":177972,"case_count":4,"gi_zscore":-0.1101,"gi_pvalue":0.069,"significance":"cold_90"}},{"type":"Feature","geometry":{"type":"Point","coordinates":[74.8,15.5991]},"properties":{"cell_id":177973,"case_count":1,"gi_zscore":-0.1101,"gi_pvalue":0.302,"significance":"not_sig"}},{"type":"Feature","geometry":{"type":"Point","coordinates":[76.6,15.5991]},"properties":{"cell_id":178126,"case_count":1,"gi_zscore":-0.1173,"gi_pvalue":0.068,"significance":"cold_90"}},{"type":"Feature","geometry":{"type":"Point","coordinates":[74.90588,15.60811]},"properties":{"cell_id":178373,"case_count":2,"gi_zscore":-0.1125,"gi_pvalue":0.068,"significance":"cold_90"}},{"type":"Feature","geometry":{"type":"Point","coordinates":[75.01176,15.60811]},"properties":{"cell_id":178382,"case_count":2,"gi_zscore":-0.1077,"gi_pvalue":0.303,"significance":"not_sig"}},{"type":"Feature","geometry":{"type":"Point","coordinates":[75.10588,15.60811]},"properties":{"cell_id":178390,"case_count":2,"gi_zscore":-0.1077,"gi_pvalue":0.303,"significance":"not_sig"}},{"type":"Feature","geometry":{"type":"Point","coordinates":[76.65882,15.60811]},"properties":{"cell_id":178522,"case_count":1,"gi_zscore":-0.1173,"gi_pvalue":0.068,"significance":"cold_90"}},{"type":"Feature","geometry":{"type":"Point","coordinates":[74.61176,15.61712]},"properties":{"cell_id":178739,"case_count":1,"gi_zscore":-0.1173,"gi_pvalue":0.068,"significance":"cold_90"}},{"type":"Feature","geometry":{"type":"Point","coordinates":[74.81176,15.61712]},"properties":{"cell_id":178756,"case_count":1,"gi_zscore":-0.1101,"gi_pvalue":0.303,"significance":"not_sig"}},{"type":"Feature","geometry":{"type":"Point","coordinates":[75.21176,15.61712]},"properties":{"cell_id":178790,"case_count":1,"gi_zscore":-0.1101,"gi_pvalue":0.303,"significance":"not_sig"}},{"type":"Feature","geometry":{"type":"Point","coordinates":[76.01176,15.61712]},"properties":{"cell_id":178858,"case_count":1,"gi_zscore":-0.1101,"gi_pvalue":0.303,"significance":"not_sig"}},{"type":"Feature","geometry":{"type":"Point","coordinates":[76.63529,15.61712]},"properties":{"cell_id":178911,"case_count":1,"gi_zscore":-0.1173,"gi_pvalue":0.068,"significance":"cold_90"}},{"type":"Feature","geometry":{"type":"Point","coordinates":[74.50588,15.62613]},"properties":{"cell_id":179121,"case_count":1,"gi_zscore":-0.1149,"gi_pvalue":0.068,"significance":"cold_90"}},{"type":"Feature","geometry":{"type":"Point","coordinates":[74.76471,15.62613]},"properties":{"cell_id":179143,"case_count":1,"gi_zscore":-0.1101,"gi_pvalue":0.303,"significance":"not_sig"}},{"type":"Feature","geometry":{"type":"Point","coordinates":[74.85882,15.62613]},"properties":{"cell_id":179151,"case_count":1,"gi_zscore":-0.1077,"gi_pvalue":0.459,"significance":"not_sig"}},{"type":"Feature","geometry":{"type":"Point","coordinates":[74.50588,15.63514]},"properties":{"cell_id":179512,"case_count":1,"gi_zscore":-0.1149,"gi_pvalue":0.068,"significance":"cold_90"}},{"type":"Feature","geometry":{"type":"Point","coordinates":[76.63529,15.63514]},"properties":{"cell_id":179693,"case_count":1,"gi_zscore":-0.1149,"gi_pvalue":0.068,"significance":"cold_90"}},{"type":"Feature","geometry":{"type":"Point","coordinates":[74.50588,15.64414]},"properties":{"cell_id":179903,"case_count":1,"gi_zscore":-0.1149,"gi_pvalue":0.068,"significance":"cold_90"}},{"type":"Feature","geometry":{"type":"Point","coordinates":[74.81176,15.64414]},"properties":{"cell_id":179929,"case_count":1,"gi_zscore":-0.1101,"gi_pvalue":0.303,"significance":"not_sig"}},{"type":"Feature","geometry":{"type":"Point","coordinates":[75.95294,15.64414]},"properties":{"cell_id":180026,"case_count":1,"gi_zscore":-0.1077,"gi_pvalue":0.459,"significance":"not_sig"}},{"type":"Feature","geometry":{"type":"Point","coordinates":[74.63529,15.66216]},"properties":{"cell_id":180696,"case_count":1,"gi_zscore":-0.1173,"gi_pvalue":0.068,"significance":"cold_90"}},{"type":"Feature","geometry":{"type":"Point","coordinates":[74.64706,15.66216]},"properties":{"cell_id":180697,"case_count":1,"gi_zscore":-0.1173,"gi_pvalue":0.068,"significance":"cold_90"}},{"type":"Feature","geometry":{"type":"Point","coordinates":[74.68235,15.66216]},"properties":{"cell_id":180700,"case_count":1,"gi_zscore":-0.1173,"gi_pvalue":0.068,"significance":"cold_90"}},{"type":"Feature","geometry":{"type":"Point","coordinates":[75.01176,15.66216]},"properties":{"cell_id":180728,"case_count":1,"gi_zscore":-0.1077,"gi_pvalue":0.459,"significance":"not_sig"}},{"type":"Feature","geometry":{"type":"Point","coordinates":[76.34118,15.66216]},"properties":{"cell_id":180841,"case_count":1,"gi_zscore":-0.1101,"gi_pvalue":0.303,"significance":"not_sig"}},{"type":"Feature","geometry":{"type":"Point","coordinates":[76.69412,15.66216]},"properties":{"cell_id":180871,"case_count":1,"gi_zscore":-0.1125,"gi_pvalue":0.156,"significance":"not_sig"}},{"type":"Feature","geometry":{"type":"Point","coordinates":[76.68235,15.67117]},"properties":{"cell_id":181261,"case_count":1,"gi_zscore":-0.1101,"gi_pvalue":0.303,"significance":"not_sig"}},{"type":"Feature","geometry":{"type":"Point","coordinates":[74.71765,15.68018]},"properties":{"cell_id":181485,"case_count":1,"gi_zscore":-0.1173,"gi_pvalue":0.068,"significance":"cold_90"}},{"type":"Feature","geometry":{"type":"Point","coordinates":[74.32941,15.68919]},"properties":{"cell_id":181843,"case_count":1,"gi_zscore":-0.1149,"gi_pvalue":0.068,"significance":"cold_90"}},{"type":"Feature","geometry":{"type":"Point","coordinates":[74.36471,15.68919]},"properties":{"cell_id":181846,"case_count":2,"gi_zscore":-0.1149,"gi_pvalue":0.001,"significance":"cold_99"}},{"type":"Feature","geometry":{"type":"Point","coordinates":[74.63529,15.68919]},"properties":{"cell_id":181869,"case_count":1,"gi_zscore":-0.1173,"gi_pvalue":0.068,"significance":"cold_90"}},{"type":"Feature","geometry":{"type":"Point","coordinates":[75.72941,15.6982]},"properties":{"cell_id":182353,"case_count":3,"gi_zscore":-0.1125,"gi_pvalue":0.068,"significance":"cold_90"}},{"type":"Feature","geometry":{"type":"Point","coordinates":[74.75294,15.70721]},"properties":{"cell_id":182661,"case_count":1,"gi_zscore":-0.1101,"gi_pvalue":0.381,"significance":"not_sig"}},{"type":"Feature","geometry":{"type":"Point","coordinates":[75.37647,15.72523]},"properties":{"cell_id":183496,"case_count":3,"gi_zscore":-0.098,"gi_pvalue":0.375,"significance":"not_sig"}},{"type":"Feature","geometry":{"type":"Point","coordinates":[75.38824,15.72523]},"properties":{"cell_id":183497,"case_count":6,"gi_zscore":-0.098,"gi_pvalue":0.382,"significance":"not_sig"}},{"type":"Feature","geometry":{"type":"Point","coordinates":[75.96471,15.72523]},"properties":{"cell_id":183546,"case_count":1,"gi_zscore":-0.1125,"gi_pvalue":0.158,"significance":"not_sig"}},{"type":"Feature","geometry":{"type":"Point","coordinates":[75.12941,15.73423]},"properties":{"cell_id":183866,"case_count":1,"gi_zscore":-0.1077,"gi_pvalue":0.461,"significance":"not_sig"}},{"type":"Feature","geometry":{"type":"Point","coordinates":[75.21176,15.73423]},"properties":{"cell_id":183873,"case_count":1,"gi_zscore":-0.1077,"gi_pvalue":0.461,"significance":"not_sig"}},{"type":"Feature","geometry":{"type":"Point","coordinates":[75.38824,15.73423]},"properties":{"cell_id":183888,"case_count":2,"gi_zscore":-0.098,"gi_pvalue":0.322,"significance":"not_sig"}},{"type":"Feature","geometry":{"type":"Point","coordinates":[75.96471,15.73423]},"properties":{"cell_id":183937,"case_count":2,"gi_zscore":-0.1125,"gi_pvalue":0.068,"significance":"cold_90"}},{"type":"Feature","geometry":{"type":"Point","coordinates":[76.12941,15.73423]},"properties":{"cell_id":183951,"case_count":1,"gi_zscore":-0.1028,"gi_pvalue":0.406,"significance":"not_sig"}},{"type":"Feature","geometry":{"type":"Point","coordinates":[76.2,15.73423]},"properties":{"cell_id":183957,"case_count":1,"gi_zscore":-0.1101,"gi_pvalue":0.304,"significance":"not_sig"}},{"type":"Feature","geometry":{"type":"Point","coordinates":[76.64706,15.73423]},"properties":{"cell_id":183995,"case_count":2,"gi_zscore":-0.1101,"gi_pvalue":0.158,"significance":"not_sig"}},{"type":"Feature","geometry":{"type":"Point","coordinates":[76.74118,15.73423]},"properties":{"cell_id":184003,"case_count":2,"gi_zscore":-0.1101,"gi_pvalue":0.158,"significance":"not_sig"}},{"type":"Feature","geometry":{"type":"Point","coordinates":[75.78824,15.74324]},"properties":{"cell_id":184313,"case_count":1,"gi_zscore":-0.1101,"gi_pvalue":0.304,"significance":"not_sig"}},{"type":"Feature","geometry":{"type":"Point","coordinates":[75.82353,15.74324]},"properties":{"cell_id":184316,"case_count":1,"gi_zscore":-0.1101,"gi_pvalue":0.304,"significance":"not_sig"}},{"type":"Feature","geometry":{"type":"Point","coordinates":[75.15294,15.75225]},"properties":{"cell_id":184650,"case_count":1,"gi_zscore":-0.1077,"gi_pvalue":0.46,"significance":"not_sig"}},{"type":"Feature","geometry":{"type":"Point","coordinates":[76.12941,15.75225]},"properties":{"cell_id":184733,"case_count":1,"gi_zscore":-0.1028,"gi_pvalue":0.406,"significance":"not_sig"}},{"type":"Feature","geometry":{"type":"Point","coordinates":[76.18824,15.75225]},"properties":{"cell_id":184738,"case_count":4,"gi_zscore":-0.1101,"gi_pvalue":0.069,"significance":"cold_90"}},{"type":"Feature","geometry":{"type":"Point","coordinates":[76.2,15.75225]},"properties":{"cell_id":184739,"case_count":1,"gi_zscore":-0.1101,"gi_pvalue":0.303,"significance":"not_sig"}},{"type":"Feature","geometry":{"type":"Point","coordinates":[75.12941,15.76126]},"properties":{"cell_id":185039,"case_count":1,"gi_zscore":-0.1077,"gi_pvalue":0.461,"significance":"not_sig"}},{"type":"Feature","geometry":{"type":"Point","coordinates":[76.18824,15.76126]},"properties":{"cell_id":185129,"case_count":1,"gi_zscore":-0.1101,"gi_pvalue":0.303,"significance":"not_sig"}},{"type":"Feature","geometry":{"type":"Point","coordinates":[76.6,15.76126]},"properties":{"cell_id":185164,"case_count":2,"gi_zscore":-0.1101,"gi_pvalue":0.156,"significance":"not_sig"}},{"type":"Feature","geometry":{"type":"Point","coordinates":[75.11765,15.77027]},"properties":{"cell_id":185429,"case_count":2,"gi_zscore":-0.1077,"gi_pvalue":0.303,"significance":"not_sig"}},{"type":"Feature","geometry":{"type":"Point","coordinates":[75.12941,15.77027]},"properties":{"cell_id":185430,"case_count":3,"gi_zscore":-0.1077,"gi_pvalue":0.282,"significance":"not_sig"}},{"type":"Feature","geometry":{"type":"Point","coordinates":[75.43529,15.77027]},"properties":{"cell_id":185456,"case_count":1,"gi_zscore":-0.098,"gi_pvalue":0.282,"significance":"not_sig"}},{"type":"Feature","geometry":{"type":"Point","coordinates":[75.44706,15.77027]},"properties":{"cell_id":185457,"case_count":1,"gi_zscore":-0.098,"gi_pvalue":0.282,"significance":"not_sig"}},{"type":"Feature","geometry":{"type":"Point","coordinates":[75.89412,15.77027]},"properties":{"cell_id":185495,"case_count":1,"gi_zscore":-0.1125,"gi_pvalue":0.155,"significance":"not_sig"}},{"type":"Feature","geometry":{"type":"Point","coordinates":[76.4,15.77027]},"properties":{"cell_id":185538,"case_count":1,"gi_zscore":-0.1149,"gi_pvalue":0.066,"significance":"cold_90"}},{"type":"Feature","geometry":{"type":"Point","coordinates":[76.76471,15.77928]},"properties":{"cell_id":185960,"case_count":1,"gi_zscore":-0.1101,"gi_pvalue":0.304,"significance":"not_sig"}},{"type":"Feature","geometry":{"type":"Point","coordinates":[75.27059,15.78829]},"properties":{"cell_id":186224,"case_count":1,"gi_zscore":-0.1077,"gi_pvalue":0.46,"significance":"not_sig"}},{"type":"Feature","geometry":{"type":"Point","coordinates":[75.18824,15.7973]},"properties":{"cell_id":186608,"case_count":2,"gi_zscore":-0.1077,"gi_pvalue":0.304,"significance":"not_sig"}},{"type":"Feature","geometry":{"type":"Point","coordinates":[75.85882,15.7973]},"properties":{"cell_id":186665,"case_count":1,"gi_zscore":-0.1125,"gi_pvalue":0.155,"significance":"not_sig"}},{"type":"Feature","geometry":{"type":"Point","coordinates":[76.76471,15.7973]},"properties":{"cell_id":186742,"case_count":1,"gi_zscore":-0.1101,"gi_pvalue":0.303,"significance":"not_sig"}},{"type":"Feature","geometry":{"type":"Point","coordinates":[75.95294,15.80631]},"properties":{"cell_id":187064,"case_count":2,"gi_zscore":-0.1052,"gi_pvalue":0.462,"significance":"not_sig"}},{"type":"Feature","geometry":{"type":"Point","coordinates":[75.16471,15.82432]},"properties":{"cell_id":187779,"case_count":1,"gi_zscore":-0.1077,"gi_pvalue":0.461,"significance":"not_sig"}},{"type":"Feature","geometry":{"type":"Point","coordinates":[76.09412,15.82432]},"properties":{"cell_id":187858,"case_count":1,"gi_zscore":-0.1101,"gi_pvalue":0.303,"significance":"not_sig"}},{"type":"Feature","geometry":{"type":"Point","coordinates":[74.77647,15.83333]},"properties":{"cell_id":188137,"case_count":1,"gi_zscore":-0.1173,"gi_pvalue":0.063,"significance":"cold_90"}},{"type":"Feature","geometry":{"type":"Point","coordinates":[74.78824,15.83333]},"properties":{"cell_id":188138,"case_count":1,"gi_zscore":-0.1173,"gi_pvalue":0.063,"significance":"cold_90"}},{"type":"Feature","geometry":{"type":"Point","coordinates":[75.14118,15.83333]},"properties":{"cell_id":188168,"case_count":1,"gi_zscore":-0.1077,"gi_pvalue":0.461,"significance":"not_sig"}},{"type":"Feature","geometry":{"type":"Point","coordinates":[74.70588,15.84234]},"properties":{"cell_id":188522,"case_count":1,"gi_zscore":-0.1173,"gi_pvalue":0.063,"significance":"cold_90"}},{"type":"Feature","geometry":{"type":"Point","coordinates":[74.91765,15.84234]},"properties":{"cell_id":188540,"case_count":1,"gi_zscore":-0.1125,"gi_pvalue":0.155,"significance":"not_sig"}},{"type":"Feature","geometry":{"type":"Point","coordinates":[75.37647,15.84234]},"properties":{"cell_id":188579,"case_count":1,"gi_zscore":-0.098,"gi_pvalue":0.282,"significance":"not_sig"}},{"type":"Feature","geometry":{"type":"Point","coordinates":[75.85882,15.84234]},"properties":{"cell_id":188620,"case_count":1,"gi_zscore":-0.1125,"gi_pvalue":0.155,"significance":"not_sig"}},{"type":"Feature","geometry":{"type":"Point","coordinates":[76.01176,15.84234]},"properties":{"cell_id":188633,"case_count":1,"gi_zscore":-0.1052,"gi_pvalue":0.448,"significance":"not_sig"}},{"type":"Feature","geometry":{"type":"Point","coordinates":[74.51765,15.85135]},"properties":{"cell_id":188897,"case_count":1,"gi_zscore":-0.1173,"gi_pvalue":0.063,"significance":"cold_90"}},{"type":"Feature","geometry":{"type":"Point","coordinates":[75.49412,15.85135]},"properties":{"cell_id":188980,"case_count":1,"gi_zscore":-0.098,"gi_pvalue":0.282,"significance":"not_sig"}},{"type":"Feature","geometry":{"type":"Point","coordinates":[75.27059,15.86036]},"properties":{"cell_id":189352,"case_count":1,"gi_zscore":-0.1052,"gi_pvalue":0.448,"significance":"not_sig"}},{"type":"Feature","geometry":{"type":"Point","coordinates":[75.49412,15.86036]},"properties":{"cell_id":189371,"case_count":1,"gi_zscore":-0.098,"gi_pvalue":0.282,"significance":"not_sig"}},{"type":"Feature","geometry":{"type":"Point","coordinates":[74.84706,15.86937]},"properties":{"cell_id":189707,"case_count":1,"gi_zscore":-0.1149,"gi_pvalue":0.063,"significance":"cold_90"}},{"type":"Feature","geometry":{"type":"Point","coordinates":[75.37647,15.86937]},"properties":{"cell_id":189752,"case_count":1,"gi_zscore":-0.1077,"gi_pvalue":0.461,"significance":"not_sig"}},{"type":"Feature","geometry":{"type":"Point","coordinates":[75.85882,15.86937]},"properties":{"cell_id":189793,"case_count":1,"gi_zscore":-0.1149,"gi_pvalue":0.063,"significance":"cold_90"}},{"type":"Feature","geometry":{"type":"Point","coordinates":[76.04706,15.86937]},"properties":{"cell_id":189809,"case_count":4,"gi_zscore":-0.1077,"gi_pvalue":0.157,"significance":"not_sig"}},{"type":"Feature","geometry":{"type":"Point","coordinates":[75.15294,15.87838]},"properties":{"cell_id":190124,"case_count":1,"gi_zscore":-0.1077,"gi_pvalue":0.46,"significance":"not_sig"}},{"type":"Feature","geometry":{"type":"Point","coordinates":[76.04706,15.87838]},"properties":{"cell_id":190200,"case_count":1,"gi_zscore":-0.1077,"gi_pvalue":0.46,"significance":"not_sig"}},{"type":"Feature","geometry":{"type":"Point","coordinates":[76.14118,15.87838]},"properties":{"cell_id":190208,"case_count":1,"gi_zscore":-0.1101,"gi_pvalue":0.304,"significance":"not_sig"}},{"type":"Feature","geometry":{"type":"Point","coordinates":[76.25882,15.87838]},"properties":{"cell_id":190218,"case_count":1,"gi_zscore":-0.1101,"gi_pvalue":0.381,"significance":"not_sig"}},{"type":"Feature","geometry":{"type":"Point","coordinates":[74.92941,15.88739]},"properties":{"cell_id":190496,"case_count":2,"gi_zscore":-0.1101,"gi_pvalue":0.157,"significance":"not_sig"}},{"type":"Feature","geometry":{"type":"Point","coordinates":[74.92941,15.8964]},"properties":{"cell_id":190887,"case_count":1,"gi_zscore":-0.1101,"gi_pvalue":0.305,"significance":"not_sig"}},{"type":"Feature","geometry":{"type":"Point","coordinates":[76.16471,15.8964]},"properties":{"cell_id":190992,"case_count":1,"gi_zscore":-0.1028,"gi_pvalue":0.375,"significance":"not_sig"}},{"type":"Feature","geometry":{"type":"Point","coordinates":[76.16471,15.90541]},"properties":{"cell_id":191383,"case_count":1,"gi_zscore":-0.1077,"gi_pvalue":0.46,"significance":"not_sig"}},{"type":"Feature","geometry":{"type":"Point","coordinates":[74.72941,15.91441]},"properties":{"cell_id":191652,"case_count":1,"gi_zscore":-0.1173,"gi_pvalue":0.064,"significance":"cold_90"}},{"type":"Feature","geometry":{"type":"Point","coordinates":[74.74118,15.91441]},"properties":{"cell_id":191653,"case_count":1,"gi_zscore":-0.1173,"gi_pvalue":0.064,"significance":"cold_90"}},{"type":"Feature","geometry":{"type":"Point","coordinates":[74.95294,15.91441]},"properties":{"cell_id":191671,"case_count":1,"gi_zscore":-0.1101,"gi_pvalue":0.305,"significance":"not_sig"}},{"type":"Feature","geometry":{"type":"Point","coordinates":[76.56471,15.92342]},"properties":{"cell_id":192199,"case_count":1,"gi_zscore":-0.1149,"gi_pvalue":0.157,"significance":"not_sig"}},{"type":"Feature","geometry":{"type":"Point","coordinates":[75.29412,15.93243]},"properties":{"cell_id":192482,"case_count":1,"gi_zscore":-0.1077,"gi_pvalue":0.46,"significance":"not_sig"}},{"type":"Feature","geometry":{"type":"Point","coordinates":[76.42353,15.93243]},"properties":{"cell_id":192578,"case_count":1,"gi_zscore":-0.1173,"gi_pvalue":0.064,"significance":"cold_90"}},{"type":"Feature","geometry":{"type":"Point","coordinates":[74.96471,15.94144]},"properties":{"cell_id":192845,"case_count":1,"gi_zscore":-0.1101,"gi_pvalue":0.305,"significance":"not_sig"}},{"type":"Feature","geometry":{"type":"Point","coordinates":[75.16471,15.94144]},"properties":{"cell_id":192862,"case_count":1,"gi_zscore":-0.1149,"gi_pvalue":0.064,"significance":"cold_90"}},{"type":"Feature","geometry":{"type":"Point","coordinates":[75.29412,15.94144]},"properties":{"cell_id":192873,"case_count":2,"gi_zscore":-0.1077,"gi_pvalue":0.306,"significance":"not_sig"}},{"type":"Feature","geometry":{"type":"Point","coordinates":[75.29412,15.95045]},"properties":{"cell_id":193264,"case_count":4,"gi_zscore":-0.1077,"gi_pvalue":0.158,"significance":"not_sig"}},{"type":"Feature","geometry":{"type":"Point","coordinates":[75.30588,15.95045]},"properties":{"cell_id":193265,"case_count":1,"gi_zscore":-0.1077,"gi_pvalue":0.459,"significance":"not_sig"}},{"type":"Feature","geometry":{"type":"Point","coordinates":[75.98824,15.95045]},"properties":{"cell_id":193323,"case_count":1,"gi_zscore":-0.1052,"gi_pvalue":0.45,"significance":"not_sig"}},{"type":"Feature","geometry":{"type":"Point","coordinates":[74.95294,15.95946]},"properties":{"cell_id":193626,"case_count":2,"gi_zscore":-0.1125,"gi_pvalue":0.064,"significance":"cold_90"}},{"type":"Feature","geometry":{"type":"Point","coordinates":[75.03529,15.95946]},"properties":{"cell_id":193633,"case_count":1,"gi_zscore":-0.1125,"gi_pvalue":0.159,"significance":"not_sig"}},{"type":"Feature","geometry":{"type":"Point","coordinates":[75.27059,15.95946]},"properties":{"cell_id":193653,"case_count":1,"gi_zscore":-0.1077,"gi_pvalue":0.46,"significance":"not_sig"}},{"type":"Feature","geometry":{"type":"Point","coordinates":[76.02353,15.95946]},"properties":{"cell_id":193717,"case_count":1,"gi_zscore":-0.1077,"gi_pvalue":0.46,"significance":"not_sig"}},{"type":"Feature","geometry":{"type":"Point","coordinates":[76.48235,15.95946]},"properties":{"cell_id":193756,"case_count":1,"gi_zscore":-0.1173,"gi_pvalue":0.064,"significance":"cold_90"}},{"type":"Feature","geometry":{"type":"Point","coordinates":[76.65882,15.95946]},"properties":{"cell_id":193771,"case_count":1,"gi_zscore":-0.1149,"gi_pvalue":0.159,"significance":"not_sig"}},{"type":"Feature","geometry":{"type":"Point","coordinates":[76.75294,15.95946]},"properties":{"cell_id":193779,"case_count":1,"gi_zscore":-0.1149,"gi_pvalue":0.159,"significance":"not_sig"}},{"type":"Feature","geometry":{"type":"Point","coordinates":[74.75294,15.96847]},"properties":{"cell_id":194000,"case_count":1,"gi_zscore":-0.1173,"gi_pvalue":0.064,"significance":"cold_90"}},{"type":"Feature","geometry":{"type":"Point","coordinates":[74.88235,15.96847]},"properties":{"cell_id":194011,"case_count":1,"gi_zscore":-0.1125,"gi_pvalue":0.159,"significance":"not_sig"}},{"type":"Feature","geometry":{"type":"Point","coordinates":[75.02353,15.96847]},"properties":{"cell_id":194023,"case_count":2,"gi_zscore":-0.1125,"gi_pvalue":0.064,"significance":"cold_90"}},{"type":"Feature","geometry":{"type":"Point","coordinates":[75.25882,15.96847]},"properties":{"cell_id":194043,"case_count":1,"gi_zscore":-0.1077,"gi_pvalue":0.46,"significance":"not_sig"}},{"type":"Feature","geometry":{"type":"Point","coordinates":[76.64706,15.96847]},"properties":{"cell_id":194161,"case_count":1,"gi_zscore":-0.1173,"gi_pvalue":0.064,"significance":"cold_90"}},{"type":"Feature","geometry":{"type":"Point","coordinates":[74.78824,15.97748]},"properties":{"cell_id":194394,"case_count":1,"gi_zscore":-0.1173,"gi_pvalue":0.064,"significance":"cold_90"}},{"type":"Feature","geometry":{"type":"Point","coordinates":[75.07059,15.97748]},"properties":{"cell_id":194418,"case_count":1,"gi_zscore":-0.1125,"gi_pvalue":0.16,"significance":"not_sig"}},{"type":"Feature","geometry":{"type":"Point","coordinates":[77.37647,15.97748]},"properties":{"cell_id":194614,"case_count":1,"gi_zscore":-0.1077,"gi_pvalue":0.38,"significance":"not_sig"}},{"type":"Feature","geometry":{"type":"Point","coordinates":[74.0,15.9955]},"properties":{"cell_id":195109,"case_count":2,"gi_zscore":-0.1101,"gi_pvalue":0.16,"significance":"not_sig"}},{"type":"Feature","geometry":{"type":"Point","coordinates":[75.34118,15.9955]},"properties":{"cell_id":195223,"case_count":1,"gi_zscore":-0.1077,"gi_pvalue":0.46,"significance":"not_sig"}},{"type":"Feature","geometry":{"type":"Point","coordinates":[76.0,15.9955]},"properties":{"cell_id":195279,"case_count":1,"gi_zscore":-0.1077,"gi_pvalue":0.46,"significance":"not_sig"}},{"type":"Feature","geometry":{"type":"Point","coordinates":[77.04706,15.9955]},"properties":{"cell_id":195368,"case_count":2,"gi_zscore":-0.1101,"gi_pvalue":0.161,"significance":"not_sig"}},{"type":"Feature","geometry":{"type":"Point","coordinates":[77.05882,15.9955]},"properties":{"cell_id":195369,"case_count":1,"gi_zscore":-0.1101,"gi_pvalue":0.303,"significance":"not_sig"}},{"type":"Feature","geometry":{"type":"Point","coordinates":[75.01176,16.0045]},"properties":{"cell_id":195586,"case_count":1,"gi_zscore":-0.1125,"gi_pvalue":0.161,"significance":"not_sig"}},{"type":"Feature","geometry":{"type":"Point","coordinates":[74.58824,16.01351]},"properties":{"cell_id":195941,"case_count":1,"gi_zscore":-0.1173,"gi_pvalue":0.066,"significance":"cold_90"}},{"type":"Feature","geometry":{"type":"Point","coordinates":[74.61176,16.01351]},"properties":{"cell_id":195943,"case_count":1,"gi_zscore":-0.1173,"gi_pvalue":0.066,"significance":"cold_90"}},{"type":"Feature","geometry":{"type":"Point","coordinates":[74.95294,16.01351]},"properties":{"cell_id":195972,"case_count":1,"gi_zscore":-0.1125,"gi_pvalue":0.161,"significance":"not_sig"}},{"type":"Feature","geometry":{"type":"Point","coordinates":[74.97647,16.01351]},"properties":{"cell_id":195974,"case_count":1,"gi_zscore":-0.1125,"gi_pvalue":0.161,"significance":"not_sig"}},{"type":"Feature","geometry":{"type":"Point","coordinates":[75.18824,16.01351]},"properties":{"cell_id":195992,"case_count":1,"gi_zscore":-0.1052,"gi_pvalue":0.45,"significance":"not_sig"}},{"type":"Feature","geometry":{"type":"Point","coordinates":[76.44706,16.01351]},"properties":{"cell_id":196099,"case_count":1,"gi_zscore":-0.1173,"gi_pvalue":0.066,"significance":"cold_90"}},{"type":"Feature","geometry":{"type":"Point","coordinates":[75.08235,16.02252]},"properties":{"cell_id":196374,"case_count":1,"gi_zscore":-0.1125,"gi_pvalue":0.161,"significance":"not_sig"}},{"type":"Feature","geometry":{"type":"Point","coordinates":[76.07059,16.02252]},"properties":{"cell_id":196458,"case_count":2,"gi_zscore":-0.1077,"gi_pvalue":0.304,"significance":"not_sig"}},{"type":"Feature","geometry":{"type":"Point","coordinates":[75.11765,16.04054]},"properties":{"cell_id":197159,"case_count":2,"gi_zscore":-0.1149,"gi_pvalue":0.001,"significance":"cold_99"}},{"type":"Feature","geometry":{"type":"Point","coordinates":[74.51765,16.04955]},"properties":{"cell_id":197499,"case_count":1,"gi_zscore":-0.1149,"gi_pvalue":0.066,"significance":"cold_90"}},{"type":"Feature","geometry":{"type":"Point","coordinates":[75.37647,16.04955]},"properties":{"cell_id":197572,"case_count":1,"gi_zscore":-0.1077,"gi_pvalue":0.459,"significance":"not_sig"}},{"type":"Feature","geometry":{"type":"Point","coordinates":[76.54118,16.04955]},"properties":{"cell_id":197671,"case_count":1,"gi_zscore":-0.1173,"gi_pvalue":0.066,"significance":"cold_90"}},{"type":"Feature","geometry":{"type":"Point","coordinates":[74.64706,16.05856]},"properties":{"cell_id":197901,"case_count":1,"gi_zscore":-0.1173,"gi_pvalue":0.066,"significance":"cold_90"}},{"type":"Feature","geometry":{"type":"Point","coordinates":[76.88235,16.05856]},"properties":{"cell_id":198091,"case_count":1,"gi_zscore":-0.1101,"gi_pvalue":0.303,"significance":"not_sig"}},{"type":"Feature","geometry":{"type":"Point","coordinates":[74.48235,16.06757]},"properties":{"cell_id":198278,"case_count":1,"gi_zscore":-0.1149,"gi_pvalue":0.066,"significance":"cold_90"}},{"type":"Feature","geometry":{"type":"Point","coordinates":[75.42353,16.06757]},"properties":{"cell_id":198358,"case_count":1,"gi_zscore":-0.1077,"gi_pvalue":0.459,"significance":"not_sig"}},{"type":"Feature","geometry":{"type":"Point","coordinates":[74.44706,16.07658]},"properties":{"cell_id":198666,"case_count":1,"gi_zscore":-0.1149,"gi_pvalue":0.066,"significance":"cold_90"}},{"type":"Feature","geometry":{"type":"Point","coordinates":[75.36471,16.07658]},"properties":{"cell_id":198744,"case_count":1,"gi_zscore":-0.1077,"gi_pvalue":0.459,"significance":"not_sig"}},{"type":"Feature","geometry":{"type":"Point","coordinates":[77.02353,16.07658]},"properties":{"cell_id":198885,"case_count":2,"gi_zscore":-0.1101,"gi_pvalue":0.162,"significance":"not_sig"}},{"type":"Feature","geometry":{"type":"Point","coordinates":[77.41176,16.07658]},"properties":{"cell_id":198918,"case_count":1,"gi_zscore":-0.1052,"gi_pvalue":0.45,"significance":"not_sig"}},{"type":"Feature","geometry":{"type":"Point","coordinates":[74.67059,16.09459]},"properties":{"cell_id":199467,"case_count":1,"gi_zscore":-0.1173,"gi_pvalue":0.067,"significance":"cold_90"}},{"type":"Feature","geometry":{"type":"Point","coordinates":[74.69412,16.09459]},"properties":{"cell_id":199469,"case_count":1,"gi_zscore":-0.1173,"gi_pvalue":0.067,"significance":"cold_90"}},{"type":"Feature","geometry":{"type":"Point","coordinates":[76.35294,16.09459]},"properties":{"cell_id":199610,"case_count":1,"gi_zscore":-0.1173,"gi_pvalue":0.067,"significance":"cold_90"}},{"type":"Feature","geometry":{"type":"Point","coordinates":[76.78824,16.1036]},"properties":{"cell_id":200038,"case_count":1,"gi_zscore":-0.1125,"gi_pvalue":0.162,"significance":"not_sig"}},{"type":"Feature","geometry":{"type":"Point","coordinates":[75.04706,16.11261]},"properties":{"cell_id":200281,"case_count":1,"gi_zscore":-0.1101,"gi_pvalue":0.281,"significance":"not_sig"}},{"type":"Feature","geometry":{"type":"Point","coordinates":[77.25882,16.11261]},"properties":{"cell_id":200469,"case_count":1,"gi_zscore":-0.1052,"gi_pvalue":0.45,"significance":"not_sig"}},{"type":"Feature","geometry":{"type":"Point","coordinates":[74.51765,16.13063]},"properties":{"cell_id":201018,"case_count":1,"gi_zscore":-0.1149,"gi_pvalue":0.067,"significance":"cold_90"}},{"type":"Feature","geometry":{"type":"Point","coordinates":[74.51765,16.13964]},"properties":{"cell_id":201409,"case_count":1,"gi_zscore":-0.1149,"gi_pvalue":0.067,"significance":"cold_90"}},{"type":"Feature","geometry":{"type":"Point","coordinates":[77.21176,16.13964]},"properties":{"cell_id":201638,"case_count":1,"gi_zscore":-0.1052,"gi_pvalue":0.45,"significance":"not_sig"}},{"type":"Feature","geometry":{"type":"Point","coordinates":[74.64706,16.14865]},"properties":{"cell_id":201811,"case_count":1,"gi_zscore":-0.1173,"gi_pvalue":0.067,"significance":"cold_90"}},{"type":"Feature","geometry":{"type":"Point","coordinates":[74.69412,16.14865]},"properties":{"cell_id":201815,"case_count":1,"gi_zscore":-0.1173,"gi_pvalue":0.067,"significance":"cold_90"}},{"type":"Feature","geometry":{"type":"Point","coordinates":[75.12941,16.14865]},"properties":{"cell_id":201852,"case_count":1,"gi_zscore":-0.1101,"gi_pvalue":0.303,"significance":"not_sig"}},{"type":"Feature","geometry":{"type":"Point","coordinates":[75.69412,16.14865]},"properties":{"cell_id":201900,"case_count":1,"gi_zscore":-0.1173,"gi_pvalue":0.067,"significance":"cold_90"}},{"type":"Feature","geometry":{"type":"Point","coordinates":[77.32941,16.14865]},"properties":{"cell_id":202039,"case_count":2,"gi_zscore":-0.1028,"gi_pvalue":0.45,"significance":"not_sig"}},{"type":"Feature","geometry":{"type":"Point","coordinates":[76.51765,16.15766]},"properties":{"cell_id":202361,"case_count":1,"gi_zscore":-0.1149,"gi_pvalue":0.069,"significance":"cold_90"}},{"type":"Feature","geometry":{"type":"Point","coordinates":[76.52941,16.15766]},"properties":{"cell_id":202362,"case_count":1,"gi_zscore":-0.1173,"gi_pvalue":0.069,"significance":"cold_90"}},{"type":"Feature","geometry":{"type":"Point","coordinates":[77.01176,16.15766]},"properties":{"cell_id":202403,"case_count":2,"gi_zscore":-0.1101,"gi_pvalue":0.163,"significance":"not_sig"}},{"type":"Feature","geometry":{"type":"Point","coordinates":[74.63529,16.17568]},"properties":{"cell_id":202983,"case_count":1,"gi_zscore":-0.1173,"gi_pvalue":0.069,"significance":"cold_90"}},{"type":"Feature","geometry":{"type":"Point","coordinates":[74.65882,16.18468]},"properties":{"cell_id":203376,"case_count":1,"gi_zscore":-0.1173,"gi_pvalue":0.069,"significance":"cold_90"}},{"type":"Feature","geometry":{"type":"Point","coordinates":[74.55294,16.19369]},"properties":{"cell_id":203758,"case_count":2,"gi_zscore":-0.1149,"gi_pvalue":0.069,"significance":"cold_90"}},{"type":"Feature","geometry":{"type":"Point","coordinates":[74.57647,16.19369]},"properties":{"cell_id":203760,"case_count":1,"gi_zscore":-0.1149,"gi_pvalue":0.164,"significance":"not_sig"}},{"type":"Feature","geometry":{"type":"Point","coordinates":[76.65882,16.19369]},"properties":{"cell_id":203937,"case_count":1,"gi_zscore":-0.1173,"gi_pvalue":0.069,"significance":"cold_90"}},{"type":"Feature","geometry":{"type":"Point","coordinates":[77.34118,16.19369]},"properties":{"cell_id":203995,"case_count":1,"gi_zscore":-0.098,"gi_pvalue":0.284,"significance":"not_sig"}},{"type":"Feature","geometry":{"type":"Point","coordinates":[77.36471,16.19369]},"properties":{"cell_id":203997,"case_count":1,"gi_zscore":-0.1004,"gi_pvalue":0.338,"significance":"not_sig"}},{"type":"Feature","geometry":{"type":"Point","coordinates":[75.05882,16.2027]},"properties":{"cell_id":204192,"case_count":3,"gi_zscore":-0.1125,"gi_pvalue":0.069,"significance":"cold_90"}},{"type":"Feature","geometry":{"type":"Point","coordinates":[77.35294,16.2027]},"properties":{"cell_id":204387,"case_count":2,"gi_zscore":-0.1004,"gi_pvalue":0.376,"significance":"not_sig"}},{"type":"Feature","geometry":{"type":"Point","coordinates":[77.36471,16.2027]},"properties":{"cell_id":204388,"case_count":3,"gi_zscore":-0.1004,"gi_pvalue":0.45,"significance":"not_sig"}},{"type":"Feature","geometry":{"type":"Point","coordinates":[77.34118,16.21171]},"properties":{"cell_id":204777,"case_count":1,"gi_zscore":-0.1004,"gi_pvalue":0.338,"significance":"not_sig"}},{"type":"Feature","geometry":{"type":"Point","coordinates":[77.35294,16.21171]},"properties":{"cell_id":204778,"case_count":2,"gi_zscore":-0.1004,"gi_pvalue":0.375,"significance":"not_sig"}},{"type":"Feature","geometry":{"type":"Point","coordinates":[77.36471,16.21171]},"properties":{"cell_id":204779,"case_count":2,"gi_zscore":-0.1004,"gi_pvalue":0.375,"significance":"not_sig"}},{"type":"Feature","geometry":{"type":"Point","coordinates":[74.55294,16.22072]},"properties":{"cell_id":204931,"case_count":1,"gi_zscore":-0.1125,"gi_pvalue":0.164,"significance":"not_sig"}},{"type":"Feature","geometry":{"type":"Point","coordinates":[77.36471,16.22072]},"properties":{"cell_id":205170,"case_count":3,"gi_zscore":-0.1004,"gi_pvalue":0.448,"significance":"not_sig"}},{"type":"Feature","geometry":{"type":"Point","coordinates":[77.38824,16.22072]},"properties":{"cell_id":205172,"case_count":1,"gi_zscore":-0.1004,"gi_pvalue":0.374,"significance":"not_sig"}},{"type":"Feature","geometry":{"type":"Point","coordinates":[74.6,16.22973]},"properties":{"cell_id":205326,"case_count":1,"gi_zscore":-0.1149,"gi_pvalue":0.164,"significance":"not_sig"}},{"type":"Feature","geometry":{"type":"Point","coordinates":[74.61176,16.22973]},"properties":{"cell_id":205327,"case_count":1,"gi_zscore":-0.1173,"gi_pvalue":0.068,"significance":"cold_90"}},{"type":"Feature","geometry":{"type":"Point","coordinates":[74.65882,16.22973]},"properties":{"cell_id":205331,"case_count":1,"gi_zscore":-0.1173,"gi_pvalue":0.068,"significance":"cold_90"}},{"type":"Feature","geometry":{"type":"Point","coordinates":[74.6,16.23874]},"properties":{"cell_id":205717,"case_count":1,"gi_zscore":-0.1149,"gi_pvalue":0.164,"significance":"not_sig"}},{"type":"Feature","geometry":{"type":"Point","coordinates":[76.29412,16.23874]},"properties":{"cell_id":205861,"case_count":1,"gi_zscore":-0.1125,"gi_pvalue":0.164,"significance":"not_sig"}},{"type":"Feature","geometry":{"type":"Point","coordinates":[74.70588,16.24775]},"properties":{"cell_id":206117,"case_count":1,"gi_zscore":-0.1173,"gi_pvalue":0.068,"significance":"cold_90"}},{"type":"Feature","geometry":{"type":"Point","coordinates":[74.91765,16.24775]},"properties":{"cell_id":206135,"case_count":1,"gi_zscore":-0.1173,"gi_pvalue":0.068,"significance":"cold_90"}},{"type":"Feature","geometry":{"type":"Point","coordinates":[75.01176,16.24775]},"properties":{"cell_id":206143,"case_count":1,"gi_zscore":-0.1125,"gi_pvalue":0.282,"significance":"not_sig"}},{"type":"Feature","geometry":{"type":"Point","coordinates":[75.04706,16.24775]},"properties":{"cell_id":206146,"case_count":1,"gi_zscore":-0.1125,"gi_pvalue":0.282,"significance":"not_sig"}},{"type":"Feature","geometry":{"type":"Point","coordinates":[74.48235,16.25676]},"properties":{"cell_id":206489,"case_count":2,"gi_zscore":-0.1101,"gi_pvalue":0.164,"significance":"not_sig"}},{"type":"Feature","geometry":{"type":"Point","coordinates":[74.58824,16.25676]},"properties":{"cell_id":206498,"case_count":1,"gi_zscore":-0.1149,"gi_pvalue":0.164,"significance":"not_sig"}},{"type":"Feature","geometry":{"type":"Point","coordinates":[74.91765,16.25676]},"properties":{"cell_id":206526,"case_count":1,"gi_zscore":-0.1149,"gi_pvalue":0.068,"significance":"cold_90"}},{"type":"Feature","geometry":{"type":"Point","coordinates":[74.96471,16.25676]},"properties":{"cell_id":206530,"case_count":1,"gi_zscore":-0.1173,"gi_pvalue":0.068,"significance":"cold_90"}},{"type":"Feature","geometry":{"type":"Point","coordinates":[77.36471,16.25676]},"properties":{"cell_id":206734,"case_count":1,"gi_zscore":-0.1004,"gi_pvalue":0.338,"significance":"not_sig"}},{"type":"Feature","geometry":{"type":"Point","coordinates":[74.67059,16.28378]},"properties":{"cell_id":207678,"case_count":1,"gi_zscore":-0.1173,"gi_pvalue":0.068,"significance":"cold_90"}},{"type":"Feature","geometry":{"type":"Point","coordinates":[76.11765,16.28378]},"properties":{"cell_id":207801,"case_count":1,"gi_zscore":-0.1149,"gi_pvalue":0.068,"significance":"cold_90"}},{"type":"Feature","geometry":{"type":"Point","coordinates":[76.63529,16.28378]},"properties":{"cell_id":207845,"case_count":1,"gi_zscore":-0.1149,"gi_pvalue":0.068,"significance":"cold_90"}},{"type":"Feature","geometry":{"type":"Point","coordinates":[77.36471,16.28378]},"properties":{"cell_id":207907,"case_count":1,"gi_zscore":-0.1028,"gi_pvalue":0.401,"significance":"not_sig"}},{"type":"Feature","geometry":{"type":"Point","coordinates":[74.41176,16.29279]},"properties":{"cell_id":208047,"case_count":2,"gi_zscore":-0.1052,"gi_pvalue":0.456,"significance":"not_sig"}},{"type":"Feature","geometry":{"type":"Point","coordinates":[74.55294,16.29279]},"properties":{"cell_id":208059,"case_count":1,"gi_zscore":-0.1149,"gi_pvalue":0.068,"significance":"cold_90"}},{"type":"Feature","geometry":{"type":"Point","coordinates":[74.71765,16.3018]},"properties":{"cell_id":208464,"case_count":1,"gi_zscore":-0.1173,"gi_pvalue":0.068,"significance":"cold_90"}},{"type":"Feature","geometry":{"type":"Point","coordinates":[74.91765,16.3018]},"properties":{"cell_id":208481,"case_count":1,"gi_zscore":-0.1149,"gi_pvalue":0.068,"significance":"cold_90"}},{"type":"Feature","geometry":{"type":"Point","coordinates":[74.91765,16.31081]},"properties":{"cell_id":208872,"case_count":1,"gi_zscore":-0.1149,"gi_pvalue":0.068,"significance":"cold_90"}},{"type":"Feature","geometry":{"type":"Point","coordinates":[77.15294,16.31081]},"properties":{"cell_id":209062,"case_count":1,"gi_zscore":-0.1149,"gi_pvalue":0.164,"significance":"not_sig"}},{"type":"Feature","geometry":{"type":"Point","coordinates":[74.6,16.31982]},"properties":{"cell_id":209236,"case_count":1,"gi_zscore":-0.1173,"gi_pvalue":0.068,"significance":"cold_90"}},{"type":"Feature","geometry":{"type":"Point","coordinates":[76.12941,16.32883]},"properties":{"cell_id":209757,"case_count":1,"gi_zscore":-0.1149,"gi_pvalue":0.068,"significance":"cold_90"}},{"type":"Feature","geometry":{"type":"Point","coordinates":[74.47059,16.33784]},"properties":{"cell_id":210007,"case_count":1,"gi_zscore":-0.1101,"gi_pvalue":0.304,"significance":"not_sig"}},{"type":"Feature","geometry":{"type":"Point","coordinates":[74.84706,16.33784]},"properties":{"cell_id":210039,"case_count":1,"gi_zscore":-0.1149,"gi_pvalue":0.068,"significance":"cold_90"}},{"type":"Feature","geometry":{"type":"Point","coordinates":[74.92941,16.33784]},"properties":{"cell_id":210046,"case_count":1,"gi_zscore":-0.1149,"gi_pvalue":0.068,"significance":"cold_90"}},{"type":"Feature","geometry":{"type":"Point","coordinates":[74.95294,16.33784]},"properties":{"cell_id":210048,"case_count":1,"gi_zscore":-0.1149,"gi_pvalue":0.068,"significance":"cold_90"}},{"type":"Feature","geometry":{"type":"Point","coordinates":[74.97647,16.33784]},"properties":{"cell_id":210050,"case_count":1,"gi_zscore":-0.1149,"gi_pvalue":0.068,"significance":"cold_90"}},{"type":"Feature","geometry":{"type":"Point","coordinates":[75.92941,16.33784]},"properties":{"cell_id":210131,"case_count":1,"gi_zscore":-0.1149,"gi_pvalue":0.164,"significance":"not_sig"}},{"type":"Feature","geometry":{"type":"Point","coordinates":[76.12941,16.33784]},"properties":{"cell_id":210148,"case_count":2,"gi_zscore":-0.1149,"gi_pvalue":0.001,"significance":"cold_99"}},{"type":"Feature","geometry":{"type":"Point","coordinates":[74.37647,16.34685]},"properties":{"cell_id":210390,"case_count":1,"gi_zscore":-0.1077,"gi_pvalue":0.378,"significance":"not_sig"}},{"type":"Feature","geometry":{"type":"Point","coordinates":[74.96471,16.34685]},"properties":{"cell_id":210440,"case_count":1,"gi_zscore":-0.1149,"gi_pvalue":0.067,"significance":"cold_90"}},{"type":"Feature","geometry":{"type":"Point","coordinates":[75.90588,16.34685]},"properties":{"cell_id":210520,"case_count":1,"gi_zscore":-0.1149,"gi_pvalue":0.164,"significance":"not_sig"}},{"type":"Feature","geometry":{"type":"Point","coordinates":[76.12941,16.34685]},"properties":{"cell_id":210539,"case_count":1,"gi_zscore":-0.1149,"gi_pvalue":0.067,"significance":"cold_90"}},{"type":"Feature","geometry":{"type":"Point","coordinates":[77.35294,16.34685]},"properties":{"cell_id":210643,"case_count":1,"gi_zscore":-0.1077,"gi_pvalue":0.454,"significance":"not_sig"}},{"type":"Feature","geometry":{"type":"Point","coordinates":[74.82353,16.35586]},"properties":{"cell_id":210819,"case_count":1,"gi_zscore":-0.1149,"gi_pvalue":0.067,"significance":"cold_90"}},{"type":"Feature","geometry":{"type":"Point","coordinates":[74.90588,16.35586]},"properties":{"cell_id":210826,"case_count":2,"gi_zscore":-0.1149,"gi_pvalue":0.001,"significance":"cold_99"}},{"type":"Feature","geometry":{"type":"Point","coordinates":[76.41176,16.35586]},"properties":{"cell_id":210954,"case_count":2,"gi_zscore":-0.1149,"gi_pvalue":0.001,"significance":"cold_99"}},{"type":"Feature","geometry":{"type":"Point","coordinates":[77.35294,16.36486]},"properties":{"cell_id":211425,"case_count":1,"gi_zscore":-0.1077,"gi_pvalue":0.455,"significance":"not_sig"}},{"type":"Feature","geometry":{"type":"Point","coordinates":[74.38824,16.39189]},"properties":{"cell_id":212346,"case_count":1,"gi_zscore":-0.1101,"gi_pvalue":0.302,"significance":"not_sig"}},{"type":"Feature","geometry":{"type":"Point","coordinates":[74.37647,16.4009]},"properties":{"cell_id":212736,"case_count":3,"gi_zscore":-0.1101,"gi_pvalue":0.165,"significance":"not_sig"}},{"type":"Feature","geometry":{"type":"Point","coordinates":[74.43529,16.4009]},"properties":{"cell_id":212741,"case_count":2,"gi_zscore":-0.1101,"gi_pvalue":0.163,"significance":"not_sig"}},{"type":"Feature","geometry":{"type":"Point","coordinates":[74.36471,16.40991]},"properties":{"cell_id":213126,"case_count":1,"gi_zscore":-0.1101,"gi_pvalue":0.304,"significance":"not_sig"}},{"type":"Feature","geometry":{"type":"Point","coordinates":[74.37647,16.40991]},"properties":{"cell_id":213127,"case_count":1,"gi_zscore":-0.1101,"gi_pvalue":0.304,"significance":"not_sig"}},{"type":"Feature","geometry":{"type":"Point","coordinates":[74.51765,16.40991]},"properties":{"cell_id":213139,"case_count":1,"gi_zscore":-0.1149,"gi_pvalue":0.163,"significance":"not_sig"}},{"type":"Feature","geometry":{"type":"Point","coordinates":[74.37647,16.41892]},"properties":{"cell_id":213518,"case_count":1,"gi_zscore":-0.1101,"gi_pvalue":0.304,"significance":"not_sig"}},{"type":"Feature","geometry":{"type":"Point","coordinates":[74.41176,16.41892]},"properties":{"cell_id":213521,"case_count":1,"gi_zscore":-0.1101,"gi_pvalue":0.304,"significance":"not_sig"}},{"type":"Feature","geometry":{"type":"Point","coordinates":[76.92941,16.41892]},"properties":{"cell_id":213735,"case_count":4,"gi_zscore":-0.1077,"gi_pvalue":0.163,"significance":"not_sig"}},{"type":"Feature","geometry":{"type":"Point","coordinates":[76.92941,16.42793]},"properties":{"cell_id":214126,"case_count":2,"gi_zscore":-0.1077,"gi_pvalue":0.304,"significance":"not_sig"}},{"type":"Feature","geometry":{"type":"Point","coordinates":[74.71765,16.43694]},"properties":{"cell_id":214329,"case_count":1,"gi_zscore":-0.1125,"gi_pvalue":0.163,"significance":"not_sig"}},{"type":"Feature","geometry":{"type":"Point","coordinates":[75.81176,16.43694]},"properties":{"cell_id":214422,"case_count":1,"gi_zscore":-0.1173,"gi_pvalue":0.066,"significance":"cold_90"}},{"type":"Feature","geometry":{"type":"Point","coordinates":[76.92941,16.43694]},"properties":{"cell_id":214517,"case_count":1,"gi_zscore":-0.1077,"gi_pvalue":0.455,"significance":"not_sig"}},{"type":"Feature","geometry":{"type":"Point","coordinates":[74.47059,16.44595]},"properties":{"cell_id":214699,"case_count":1,"gi_zscore":-0.1149,"gi_pvalue":0.163,"significance":"not_sig"}},{"type":"Feature","geometry":{"type":"Point","coordinates":[76.83529,16.45495]},"properties":{"cell_id":215291,"case_count":1,"gi_zscore":-0.1028,"gi_pvalue":0.401,"significance":"not_sig"}},{"type":"Feature","geometry":{"type":"Point","coordinates":[74.43529,16.47297]},"properties":{"cell_id":215869,"case_count":1,"gi_zscore":-0.1149,"gi_pvalue":0.163,"significance":"not_sig"}},{"type":"Feature","geometry":{"type":"Point","coordinates":[74.51765,16.47297]},"properties":{"cell_id":215876,"case_count":1,"gi_zscore":-0.1149,"gi_pvalue":0.163,"significance":"not_sig"}},{"type":"Feature","geometry":{"type":"Point","coordinates":[74.81176,16.48198]},"properties":{"cell_id":216292,"case_count":1,"gi_zscore":-0.1077,"gi_pvalue":0.378,"significance":"not_sig"}},{"type":"Feature","geometry":{"type":"Point","coordinates":[74.82353,16.48198]},"properties":{"cell_id":216293,"case_count":1,"gi_zscore":-0.1077,"gi_pvalue":0.378,"significance":"not_sig"}},{"type":"Feature","geometry":{"type":"Point","coordinates":[75.6,16.48198]},"properties":{"cell_id":216359,"case_count":1,"gi_zscore":-0.1149,"gi_pvalue":0.066,"significance":"cold_90"}},{"type":"Feature","geometry":{"type":"Point","coordinates":[76.29412,16.48198]},"properties":{"cell_id":216418,"case_count":1,"gi_zscore":-0.1149,"gi_pvalue":0.163,"significance":"not_sig"}},{"type":"Feature","geometry":{"type":"Point","coordinates":[74.76471,16.49099]},"properties":{"cell_id":216679,"case_count":2,"gi_zscore":-0.1077,"gi_pvalue":0.303,"significance":"not_sig"}},{"type":"Feature","geometry":{"type":"Point","coordinates":[74.77647,16.49099]},"properties":{"cell_id":216680,"case_count":1,"gi_zscore":-0.1077,"gi_pvalue":0.378,"significance":"not_sig"}},{"type":"Feature","geometry":{"type":"Point","coordinates":[75.88235,16.49099]},"properties":{"cell_id":216774,"case_count":1,"gi_zscore":-0.1173,"gi_pvalue":0.067,"significance":"cold_90"}},{"type":"Feature","geometry":{"type":"Point","coordinates":[75.95294,16.49099]},"properties":{"cell_id":216780,"case_count":1,"gi_zscore":-0.1173,"gi_pvalue":0.067,"significance":"cold_90"}},{"type":"Feature","geometry":{"type":"Point","coordinates":[76.75294,16.50901]},"properties":{"cell_id":217630,"case_count":1,"gi_zscore":-0.1028,"gi_pvalue":0.401,"significance":"not_sig"}},{"type":"Feature","geometry":{"type":"Point","coordinates":[74.32941,16.52703]},"properties":{"cell_id":218206,"case_count":1,"gi_zscore":-0.1125,"gi_pvalue":0.282,"significance":"not_sig"}},{"type":"Feature","geometry":{"type":"Point","coordinates":[76.16471,16.52703]},"properties":{"cell_id":218362,"case_count":1,"gi_zscore":-0.1149,"gi_pvalue":0.163,"significance":"not_sig"}},{"type":"Feature","geometry":{"type":"Point","coordinates":[76.77647,16.52703]},"properties":{"cell_id":218414,"case_count":1,"gi_zscore":-0.1028,"gi_pvalue":0.401,"significance":"not_sig"}},{"type":"Feature","geometry":{"type":"Point","coordinates":[74.48235,16.53604]},"properties":{"cell_id":218610,"case_count":1,"gi_zscore":-0.1149,"gi_pvalue":0.163,"significance":"not_sig"}},{"type":"Feature","geometry":{"type":"Point","coordinates":[74.49412,16.53604]},"properties":{"cell_id":218611,"case_count":1,"gi_zscore":-0.1149,"gi_pvalue":0.163,"significance":"not_sig"}},{"type":"Feature","geometry":{"type":"Point","coordinates":[74.61176,16.53604]},"properties":{"cell_id":218621,"case_count":1,"gi_zscore":-0.1125,"gi_pvalue":0.163,"significance":"not_sig"}},{"type":"Feature","geometry":{"type":"Point","coordinates":[74.31765,16.54505]},"properties":{"cell_id":218987,"case_count":1,"gi_zscore":-0.1125,"gi_pvalue":0.282,"significance":"not_sig"}},{"type":"Feature","geometry":{"type":"Point","coordinates":[74.70588,16.55405]},"properties":{"cell_id":219411,"case_count":2,"gi_zscore":-0.1077,"gi_pvalue":0.304,"significance":"not_sig"}},{"type":"Feature","geometry":{"type":"Point","coordinates":[74.81176,16.56306]},"properties":{"cell_id":219811,"case_count":3,"gi_zscore":-0.1101,"gi_pvalue":0.164,"significance":"not_sig"}},{"type":"Feature","geometry":{"type":"Point","coordinates":[75.96471,16.56306]},"properties":{"cell_id":219909,"case_count":1,"gi_zscore":-0.1173,"gi_pvalue":0.068,"significance":"cold_90"}},{"type":"Feature","geometry":{"type":"Point","coordinates":[76.08235,16.56306]},"properties":{"cell_id":219919,"case_count":1,"gi_zscore":-0.1173,"gi_pvalue":0.068,"significance":"cold_90"}},{"type":"Feature","geometry":{"type":"Point","coordinates":[75.76471,16.57207]},"properties":{"cell_id":220283,"case_count":1,"gi_zscore":-0.1149,"gi_pvalue":0.068,"significance":"cold_90"}},{"type":"Feature","geometry":{"type":"Point","coordinates":[75.97647,16.58108]},"properties":{"cell_id":220692,"case_count":1,"gi_zscore":-0.1173,"gi_pvalue":0.068,"significance":"cold_90"}},{"type":"Feature","geometry":{"type":"Point","coordinates":[74.91765,16.59009]},"properties":{"cell_id":220993,"case_count":1,"gi_zscore":-0.1125,"gi_pvalue":0.28,"significance":"not_sig"}},{"type":"Feature","geometry":{"type":"Point","coordinates":[77.09412,16.59009]},"properties":{"cell_id":221178,"case_count":1,"gi_zscore":-0.1101,"gi_pvalue":0.302,"significance":"not_sig"}},{"type":"Feature","geometry":{"type":"Point","coordinates":[77.24706,16.5991]},"properties":{"cell_id":221582,"case_count":1,"gi_zscore":-0.1125,"gi_pvalue":0.164,"significance":"not_sig"}},{"type":"Feature","geometry":{"type":"Point","coordinates":[74.83529,16.60811]},"properties":{"cell_id":221768,"case_count":1,"gi_zscore":-0.1125,"gi_pvalue":0.28,"significance":"not_sig"}},{"type":"Feature","geometry":{"type":"Point","coordinates":[74.94118,16.60811]},"properties":{"cell_id":221777,"case_count":1,"gi_zscore":-0.1125,"gi_pvalue":0.28,"significance":"not_sig"}},{"type":"Feature","geometry":{"type":"Point","coordinates":[77.41176,16.60811]},"properties":{"cell_id":221987,"case_count":1,"gi_zscore":-0.1125,"gi_pvalue":0.164,"significance":"not_sig"}},{"type":"Feature","geometry":{"type":"Point","coordinates":[74.68235,16.62613]},"properties":{"cell_id":222537,"case_count":1,"gi_zscore":-0.1077,"gi_pvalue":0.455,"significance":"not_sig"}},{"type":"Feature","geometry":{"type":"Point","coordinates":[74.85882,16.62613]},"properties":{"cell_id":222552,"case_count":1,"gi_zscore":-0.1125,"gi_pvalue":0.28,"significance":"not_sig"}},{"type":"Feature","geometry":{"type":"Point","coordinates":[76.43529,16.62613]},"properties":{"cell_id":222686,"case_count":1,"gi_zscore":-0.1173,"gi_pvalue":0.068,"significance":"cold_90"}},{"type":"Feature","geometry":{"type":"Point","coordinates":[76.78824,16.62613]},"properties":{"cell_id":222716,"case_count":1,"gi_zscore":-0.1125,"gi_pvalue":0.164,"significance":"not_sig"}},{"type":"Feature","geometry":{"type":"Point","coordinates":[76.69412,16.63514]},"properties":{"cell_id":223099,"case_count":1,"gi_zscore":-0.1125,"gi_pvalue":0.164,"significance":"not_sig"}},{"type":"Feature","geometry":{"type":"Point","coordinates":[77.25882,16.63514]},"properties":{"cell_id":223147,"case_count":1,"gi_zscore":-0.1125,"gi_pvalue":0.164,"significance":"not_sig"}},{"type":"Feature","geometry":{"type":"Point","coordinates":[74.8,16.64414]},"properties":{"cell_id":223329,"case_count":1,"gi_zscore":-0.1125,"gi_pvalue":0.28,"significance":"not_sig"}},{"type":"Feature","geometry":{"type":"Point","coordinates":[74.82353,16.64414]},"properties":{"cell_id":223331,"case_count":1,"gi_zscore":-0.1125,"gi_pvalue":0.28,"significance":"not_sig"}},{"type":"Feature","geometry":{"type":"Point","coordinates":[76.22353,16.65315]},"properties":{"cell_id":223841,"case_count":1,"gi_zscore":-0.1173,"gi_pvalue":0.068,"significance":"cold_90"}},{"type":"Feature","geometry":{"type":"Point","coordinates":[76.42353,16.65315]},"properties":{"cell_id":223858,"case_count":1,"gi_zscore":-0.1173,"gi_pvalue":0.068,"significance":"cold_90"}},{"type":"Feature","geometry":{"type":"Point","coordinates":[76.52941,16.65315]},"properties":{"cell_id":223867,"case_count":1,"gi_zscore":-0.1173,"gi_pvalue":0.068,"significance":"cold_90"}},{"type":"Feature","geometry":{"type":"Point","coordinates":[74.82353,16.67117]},"properties":{"cell_id":224504,"case_count":1,"gi_zscore":-0.1125,"gi_pvalue":0.28,"significance":"not_sig"}},{"type":"Feature","geometry":{"type":"Point","coordinates":[76.30588,16.67117]},"properties":{"cell_id":224630,"case_count":1,"gi_zscore":-0.1173,"gi_pvalue":0.068,"significance":"cold_90"}},{"type":"Feature","geometry":{"type":"Point","coordinates":[77.11765,16.67117]},"properties":{"cell_id":224699,"case_count":2,"gi_zscore":-0.1028,"gi_pvalue":0.45,"significance":"not_sig"}},{"type":"Feature","geometry":{"type":"Point","coordinates":[76.0,16.68018]},"properties":{"cell_id":224995,"case_count":1,"gi_zscore":-0.1149,"gi_pvalue":0.066,"significance":"cold_90"}},{"type":"Feature","geometry":{"type":"Point","coordinates":[76.6,16.68919]},"properties":{"cell_id":225437,"case_count":1,"gi_zscore":-0.1173,"gi_pvalue":0.066,"significance":"cold_90"}},{"type":"Feature","geometry":{"type":"Point","coordinates":[76.97647,16.68919]},"properties":{"cell_id":225469,"case_count":1,"gi_zscore":-0.1077,"gi_pvalue":0.455,"significance":"not_sig"}},{"type":"Feature","geometry":{"type":"Point","coordinates":[77.25882,16.68919]},"properties":{"cell_id":225493,"case_count":1,"gi_zscore":-0.1125,"gi_pvalue":0.164,"significance":"not_sig"}},{"type":"Feature","geometry":{"type":"Point","coordinates":[74.89412,16.6982]},"properties":{"cell_id":225683,"case_count":1,"gi_zscore":-0.1173,"gi_pvalue":0.066,"significance":"cold_90"}},{"type":"Feature","geometry":{"type":"Point","coordinates":[76.28235,16.6982]},"properties":{"cell_id":225801,"case_count":1,"gi_zscore":-0.1173,"gi_pvalue":0.066,"significance":"cold_90"}},{"type":"Feature","geometry":{"type":"Point","coordinates":[76.84706,16.6982]},"properties":{"cell_id":225849,"case_count":3,"gi_zscore":-0.1125,"gi_pvalue":0.066,"significance":"cold_90"}},{"type":"Feature","geometry":{"type":"Point","coordinates":[76.83529,16.70721]},"properties":{"cell_id":226239,"case_count":1,"gi_zscore":-0.1125,"gi_pvalue":0.164,"significance":"not_sig"}},{"type":"Feature","geometry":{"type":"Point","coordinates":[74.91765,16.71622]},"properties":{"cell_id":226467,"case_count":1,"gi_zscore":-0.1173,"gi_pvalue":0.066,"significance":"cold_90"}},{"type":"Feature","geometry":{"type":"Point","coordinates":[75.63529,16.71622]},"properties":{"cell_id":226528,"case_count":1,"gi_zscore":-0.1125,"gi_pvalue":0.164,"significance":"not_sig"}},{"type":"Feature","geometry":{"type":"Point","coordinates":[75.76471,16.72523]},"properties":{"cell_id":226930,"case_count":1,"gi_zscore":-0.1052,"gi_pvalue":0.492,"significance":"not_sig"}},{"type":"Feature","geometry":{"type":"Point","coordinates":[76.05882,16.72523]},"properties":{"cell_id":226955,"case_count":1,"gi_zscore":-0.1149,"gi_pvalue":0.066,"significance":"cold_90"}},{"type":"Feature","geometry":{"type":"Point","coordinates":[74.83529,16.73423]},"properties":{"cell_id":227242,"case_count":1,"gi_zscore":-0.1173,"gi_pvalue":0.066,"significance":"cold_90"}},{"type":"Feature","geometry":{"type":"Point","coordinates":[75.87059,16.73423]},"properties":{"cell_id":227330,"case_count":1,"gi_zscore":-0.1101,"gi_pvalue":0.302,"significance":"not_sig"}},{"type":"Feature","geometry":{"type":"Point","coordinates":[77.37647,16.73423]},"properties":{"cell_id":227458,"case_count":1,"gi_zscore":-0.1125,"gi_pvalue":0.164,"significance":"not_sig"}},{"type":"Feature","geometry":{"type":"Point","coordinates":[75.75294,16.74324]},"properties":{"cell_id":227711,"case_count":2,"gi_zscore":-0.1052,"gi_pvalue":0.456,"significance":"not_sig"}},{"type":"Feature","geometry":{"type":"Point","coordinates":[75.83529,16.74324]},"properties":{"cell_id":227718,"case_count":1,"gi_zscore":-0.1077,"gi_pvalue":0.379,"significance":"not_sig"}},{"type":"Feature","geometry":{"type":"Point","coordinates":[76.6,16.74324]},"properties":{"cell_id":227783,"case_count":1,"gi_zscore":-0.1173,"gi_pvalue":0.066,"significance":"cold_90"}},{"type":"Feature","geometry":{"type":"Point","coordinates":[77.12941,16.74324]},"properties":{"cell_id":227828,"case_count":2,"gi_zscore":-0.1028,"gi_pvalue":0.45,"significance":"not_sig"}},{"type":"Feature","geometry":{"type":"Point","coordinates":[77.14118,16.74324]},"properties":{"cell_id":227829,"case_count":1,"gi_zscore":-0.1028,"gi_pvalue":0.401,"significance":"not_sig"}},{"type":"Feature","geometry":{"type":"Point","coordinates":[77.30588,16.74324]},"properties":{"cell_id":227843,"case_count":1,"gi_zscore":-0.1125,"gi_pvalue":0.162,"significance":"not_sig"}},{"type":"Feature","geometry":{"type":"Point","coordinates":[75.56471,16.75225]},"properties":{"cell_id":228086,"case_count":1,"gi_zscore":-0.1125,"gi_pvalue":0.162,"significance":"not_sig"}},{"type":"Feature","geometry":{"type":"Point","coordinates":[76.21176,16.75225]},"properties":{"cell_id":228141,"case_count":1,"gi_zscore":-0.1173,"gi_pvalue":0.066,"significance":"cold_90"}},{"type":"Feature","geometry":{"type":"Point","coordinates":[77.12941,16.75225]},"properties":{"cell_id":228219,"case_count":1,"gi_zscore":-0.1028,"gi_pvalue":0.445,"significance":"not_sig"}},{"type":"Feature","geometry":{"type":"Point","coordinates":[77.14118,16.75225]},"properties":{"cell_id":228220,"case_count":2,"gi_zscore":-0.1028,"gi_pvalue":0.45,"significance":"not_sig"}},{"type":"Feature","geometry":{"type":"Point","coordinates":[77.15294,16.75225]},"properties":{"cell_id":228221,"case_count":1,"gi_zscore":-0.1028,"gi_pvalue":0.445,"significance":"not_sig"}},{"type":"Feature","geometry":{"type":"Point","coordinates":[77.0,16.76126]},"properties":{"cell_id":228599,"case_count":1,"gi_zscore":-0.1052,"gi_pvalue":0.45,"significance":"not_sig"}},{"type":"Feature","geometry":{"type":"Point","coordinates":[77.14118,16.76126]},"properties":{"cell_id":228611,"case_count":4,"gi_zscore":-0.1028,"gi_pvalue":0.282,"significance":"not_sig"}},{"type":"Feature","geometry":{"type":"Point","coordinates":[77.12941,16.77027]},"properties":{"cell_id":229001,"case_count":1,"gi_zscore":-0.1028,"gi_pvalue":0.444,"significance":"not_sig"}},{"type":"Feature","geometry":{"type":"Point","coordinates":[77.14118,16.77027]},"properties":{"cell_id":229002,"case_count":1,"gi_zscore":-0.1028,"gi_pvalue":0.444,"significance":"not_sig"}},{"type":"Feature","geometry":{"type":"Point","coordinates":[77.23529,16.77027]},"properties":{"cell_id":229010,"case_count":2,"gi_zscore":-0.1052,"gi_pvalue":0.456,"significance":"not_sig"}},{"type":"Feature","geometry":{"type":"Point","coordinates":[75.72941,16.7973]},"properties":{"cell_id":230055,"case_count":2,"gi_zscore":-0.1052,"gi_pvalue":0.456,"significance":"not_sig"}},{"type":"Feature","geometry":{"type":"Point","coordinates":[75.72941,16.80631]},"properties":{"cell_id":230446,"case_count":2,"gi_zscore":-0.1052,"gi_pvalue":0.456,"significance":"not_sig"}},{"type":"Feature","geometry":{"type":"Point","coordinates":[75.56471,16.81532]},"properties":{"cell_id":230823,"case_count":1,"gi_zscore":-0.1125,"gi_pvalue":0.165,"significance":"not_sig"}},{"type":"Feature","geometry":{"type":"Point","coordinates":[75.68235,16.81532]},"properties":{"cell_id":230833,"case_count":1,"gi_zscore":-0.098,"gi_pvalue":0.319,"significance":"not_sig"}},{"type":"Feature","geometry":{"type":"Point","coordinates":[75.70588,16.81532]},"properties":{"cell_id":230835,"case_count":1,"gi_zscore":-0.0859,"gi_pvalue":0.177,"significance":"not_sig"}},{"type":"Feature","geometry":{"type":"Point","coordinates":[75.71765,16.81532]},"properties":{"cell_id":230836,"case_count":3,"gi_zscore":-0.0884,"gi_pvalue":0.256,"significance":"not_sig"}},{"type":"Feature","geometry":{"type":"Point","coordinates":[75.72941,16.81532]},"properties":{"cell_id":230837,"case_count":1,"gi_zscore":-0.1028,"gi_pvalue":0.371,"significance":"not_sig"}},{"type":"Feature","geometry":{"type":"Point","coordinates":[75.74118,16.81532]},"properties":{"cell_id":230838,"case_count":1,"gi_zscore":-0.1052,"gi_pvalue":0.494,"significance":"not_sig"}},{"type":"Feature","geometry":{"type":"Point","coordinates":[76.04706,16.81532]},"properties":{"cell_id":230864,"case_count":1,"gi_zscore":-0.1149,"gi_pvalue":0.066,"significance":"cold_90"}},{"type":"Feature","geometry":{"type":"Point","coordinates":[76.05882,16.81532]},"properties":{"cell_id":230865,"case_count":2,"gi_zscore":-0.1149,"gi_pvalue":0.001,"significance":"cold_99"}},{"type":"Feature","geometry":{"type":"Point","coordinates":[76.34118,16.81532]},"properties":{"cell_id":230889,"case_count":1,"gi_zscore":-0.1052,"gi_pvalue":0.495,"significance":"not_sig"}},{"type":"Feature","geometry":{"type":"Point","coordinates":[75.65882,16.82432]},"properties":{"cell_id":231222,"case_count":1,"gi_zscore":-0.0956,"gi_pvalue":0.281,"significance":"not_sig"}},{"type":"Feature","geometry":{"type":"Point","coordinates":[75.69412,16.82432]},"properties":{"cell_id":231225,"case_count":1,"gi_zscore":-0.0956,"gi_pvalue":0.281,"significance":"not_sig"}},{"type":"Feature","geometry":{"type":"Point","coordinates":[75.70588,16.82432]},"properties":{"cell_id":231226,"case_count":1,"gi_zscore":-0.0787,"gi_pvalue":0.153,"significance":"not_sig"}},{"type":"Feature","geometry":{"type":"Point","coordinates":[75.71765,16.82432]},"properties":{"cell_id":231227,"case_count":2,"gi_zscore":-0.0859,"gi_pvalue":0.204,"significance":"not_sig"}},{"type":"Feature","geometry":{"type":"Point","coordinates":[75.72941,16.82432]},"properties":{"cell_id":231228,"case_count":1,"gi_zscore":-0.0908,"gi_pvalue":0.217,"significance":"not_sig"}},{"type":"Feature","geometry":{"type":"Point","coordinates":[75.74118,16.82432]},"properties":{"cell_id":231229,"case_count":1,"gi_zscore":-0.1077,"gi_pvalue":0.379,"significance":"not_sig"}},{"type":"Feature","geometry":{"type":"Point","coordinates":[77.09412,16.82432]},"properties":{"cell_id":231344,"case_count":2,"gi_zscore":-0.1028,"gi_pvalue":0.451,"significance":"not_sig"}},{"type":"Feature","geometry":{"type":"Point","coordinates":[75.69412,16.83333]},"properties":{"cell_id":231616,"case_count":2,"gi_zscore":-0.0787,"gi_pvalue":0.164,"significance":"not_sig"}},{"type":"Feature","geometry":{"type":"Point","coordinates":[75.70588,16.83333]},"properties":{"cell_id":231617,"case_count":3,"gi_zscore":-0.0739,"gi_pvalue":0.153,"significance":"not_sig"}},{"type":"Feature","geometry":{"type":"Point","coordinates":[75.71765,16.83333]},"properties":{"cell_id":231618,"case_count":8,"gi_zscore":-0.0811,"gi_pvalue":0.315,"significance":"not_sig"}},{"type":"Feature","geometry":{"type":"Point","coordinates":[75.72941,16.83333]},"properties":{"cell_id":231619,"case_count":2,"gi_zscore":-0.0932,"gi_pvalue":0.281,"significance":"not_sig"}},{"type":"Feature","geometry":{"type":"Point","coordinates":[75.74118,16.83333]},"properties":{"cell_id":231620,"case_count":1,"gi_zscore":-0.1077,"gi_pvalue":0.452,"significance":"not_sig"}},{"type":"Feature","geometry":{"type":"Point","coordinates":[75.75294,16.83333]},"properties":{"cell_id":231621,"case_count":3,"gi_zscore":-0.1077,"gi_pvalue":0.28,"significance":"not_sig"}},{"type":"Feature","geometry":{"type":"Point","coordinates":[75.85882,16.83333]},"properties":{"cell_id":231630,"case_count":1,"gi_zscore":-0.1101,"gi_pvalue":0.303,"significance":"not_sig"}},{"type":"Feature","geometry":{"type":"Point","coordinates":[75.51765,16.84234]},"properties":{"cell_id":231992,"case_count":2,"gi_zscore":-0.1149,"gi_pvalue":0.001,"significance":"cold_99"}},{"type":"Feature","geometry":{"type":"Point","coordinates":[75.70588,16.84234]},"properties":{"cell_id":232008,"case_count":4,"gi_zscore":-0.0739,"gi_pvalue":0.163,"significance":"not_sig"}},{"type":"Feature","geometry":{"type":"Point","coordinates":[75.71765,16.84234]},"properties":{"cell_id":232009,"case_count":2,"gi_zscore":-0.0739,"gi_pvalue":0.148,"significance":"not_sig"}},{"type":"Feature","geometry":{"type":"Point","coordinates":[75.72941,16.84234]},"properties":{"cell_id":232010,"case_count":1,"gi_zscore":-0.0908,"gi_pvalue":0.218,"significance":"not_sig"}},{"type":"Feature","geometry":{"type":"Point","coordinates":[75.75294,16.84234]},"properties":{"cell_id":232012,"case_count":2,"gi_zscore":-0.1077,"gi_pvalue":0.303,"significance":"not_sig"}},{"type":"Feature","geometry":{"type":"Point","coordinates":[75.82353,16.84234]},"properties":{"cell_id":232018,"case_count":1,"gi_zscore":-0.1101,"gi_pvalue":0.303,"significance":"not_sig"}},{"type":"Feature","geometry":{"type":"Point","coordinates":[77.02353,16.84234]},"properties":{"cell_id":232120,"case_count":1,"gi_zscore":-0.1077,"gi_pvalue":0.454,"significance":"not_sig"}},{"type":"Feature","geometry":{"type":"Point","coordinates":[75.70588,16.85135]},"properties":{"cell_id":232399,"case_count":4,"gi_zscore":-0.0763,"gi_pvalue":0.166,"significance":"not_sig"}},{"type":"Feature","geometry":{"type":"Point","coordinates":[75.75294,16.85135]},"properties":{"cell_id":232403,"case_count":1,"gi_zscore":-0.1077,"gi_pvalue":0.454,"significance":"not_sig"}},{"type":"Feature","geometry":{"type":"Point","coordinates":[76.52941,16.85135]},"properties":{"cell_id":232469,"case_count":1,"gi_zscore":-0.1173,"gi_pvalue":0.067,"significance":"cold_90"}},{"type":"Feature","geometry":{"type":"Point","coordinates":[77.08235,16.85135]},"properties":{"cell_id":232516,"case_count":1,"gi_zscore":-0.1028,"gi_pvalue":0.374,"significance":"not_sig"}},{"type":"Feature","geometry":{"type":"Point","coordinates":[77.22353,16.85135]},"properties":{"cell_id":232528,"case_count":1,"gi_zscore":-0.1028,"gi_pvalue":0.374,"significance":"not_sig"}},{"type":"Feature","geometry":{"type":"Point","coordinates":[76.15294,16.86036]},"properties":{"cell_id":232828,"case_count":1,"gi_zscore":-0.1028,"gi_pvalue":0.404,"significance":"not_sig"}},{"type":"Feature","geometry":{"type":"Point","coordinates":[75.71765,16.86937]},"properties":{"cell_id":233182,"case_count":1,"gi_zscore":-0.0763,"gi_pvalue":0.148,"significance":"not_sig"}},{"type":"Feature","geometry":{"type":"Point","coordinates":[75.75294,16.86937]},"properties":{"cell_id":233185,"case_count":1,"gi_zscore":-0.1077,"gi_pvalue":0.378,"significance":"not_sig"}},{"type":"Feature","geometry":{"type":"Point","coordinates":[76.05882,16.86937]},"properties":{"cell_id":233211,"case_count":1,"gi_zscore":-0.1149,"gi_pvalue":0.165,"significance":"not_sig"}},{"type":"Feature","geometry":{"type":"Point","coordinates":[76.34118,16.86937]},"properties":{"cell_id":233235,"case_count":1,"gi_zscore":-0.1052,"gi_pvalue":0.499,"significance":"not_sig"}},{"type":"Feature","geometry":{"type":"Point","coordinates":[77.38824,16.86937]},"properties":{"cell_id":233324,"case_count":2,"gi_zscore":-0.1101,"gi_pvalue":0.166,"significance":"not_sig"}},{"type":"Feature","geometry":{"type":"Point","coordinates":[76.21176,16.88739]},"properties":{"cell_id":234006,"case_count":1,"gi_zscore":-0.1052,"gi_pvalue":0.499,"significance":"not_sig"}},{"type":"Feature","geometry":{"type":"Point","coordinates":[75.51765,16.8964]},"properties":{"cell_id":234338,"case_count":1,"gi_zscore":-0.1125,"gi_pvalue":0.166,"significance":"not_sig"}},{"type":"Feature","geometry":{"type":"Point","coordinates":[75.76471,16.8964]},"properties":{"cell_id":234359,"case_count":1,"gi_zscore":-0.1101,"gi_pvalue":0.304,"significance":"not_sig"}},{"type":"Feature","geometry":{"type":"Point","coordinates":[75.78824,16.8964]},"properties":{"cell_id":234361,"case_count":1,"gi_zscore":-0.1101,"gi_pvalue":0.378,"significance":"not_sig"}},{"type":"Feature","geometry":{"type":"Point","coordinates":[76.22353,16.91441]},"properties":{"cell_id":235180,"case_count":1,"gi_zscore":-0.1052,"gi_pvalue":0.499,"significance":"not_sig"}},{"type":"Feature","geometry":{"type":"Point","coordinates":[76.23529,16.91441]},"properties":{"cell_id":235181,"case_count":4,"gi_zscore":-0.1052,"gi_pvalue":0.167,"significance":"not_sig"}},{"type":"Feature","geometry":{"type":"Point","coordinates":[76.23529,16.92342]},"properties":{"cell_id":235572,"case_count":3,"gi_zscore":-0.1052,"gi_pvalue":0.305,"significance":"not_sig"}},{"type":"Feature","geometry":{"type":"Point","coordinates":[76.42353,16.92342]},"properties":{"cell_id":235588,"case_count":1,"gi_zscore":-0.1052,"gi_pvalue":0.499,"significance":"not_sig"}},{"type":"Feature","geometry":{"type":"Point","coordinates":[77.24706,16.92342]},"properties":{"cell_id":235658,"case_count":1,"gi_zscore":-0.1101,"gi_pvalue":0.303,"significance":"not_sig"}},{"type":"Feature","geometry":{"type":"Point","coordinates":[75.37647,16.93243]},"properties":{"cell_id":235890,"case_count":1,"gi_zscore":-0.1125,"gi_pvalue":0.166,"significance":"not_sig"}},{"type":"Feature","geometry":{"type":"Point","coordinates":[75.62353,16.93243]},"properties":{"cell_id":235911,"case_count":1,"gi_zscore":-0.0956,"gi_pvalue":0.283,"significance":"not_sig"}},{"type":"Feature","geometry":{"type":"Point","coordinates":[75.84706,16.93243]},"properties":{"cell_id":235930,"case_count":1,"gi_zscore":-0.1149,"gi_pvalue":0.166,"significance":"not_sig"}},{"type":"Feature","geometry":{"type":"Point","coordinates":[76.07059,16.93243]},"properties":{"cell_id":235949,"case_count":1,"gi_zscore":-0.1149,"gi_pvalue":0.166,"significance":"not_sig"}},{"type":"Feature","geometry":{"type":"Point","coordinates":[75.94118,16.96847]},"properties":{"cell_id":237502,"case_count":1,"gi_zscore":-0.1173,"gi_pvalue":0.067,"significance":"cold_90"}},{"type":"Feature","geometry":{"type":"Point","coordinates":[76.58824,16.97748]},"properties":{"cell_id":237948,"case_count":1,"gi_zscore":-0.1173,"gi_pvalue":0.067,"significance":"cold_90"}},{"type":"Feature","geometry":{"type":"Point","coordinates":[77.03529,16.97748]},"properties":{"cell_id":237986,"case_count":1,"gi_zscore":-0.1149,"gi_pvalue":0.166,"significance":"not_sig"}},{"type":"Feature","geometry":{"type":"Point","coordinates":[76.0,16.9955]},"properties":{"cell_id":238680,"case_count":1,"gi_zscore":-0.1173,"gi_pvalue":0.067,"significance":"cold_90"}},{"type":"Feature","geometry":{"type":"Point","coordinates":[76.77647,17.0045]},"properties":{"cell_id":239137,"case_count":1,"gi_zscore":-0.1173,"gi_pvalue":0.067,"significance":"cold_90"}},{"type":"Feature","geometry":{"type":"Point","coordinates":[76.12941,17.02252]},"properties":{"cell_id":239864,"case_count":1,"gi_zscore":-0.1173,"gi_pvalue":0.067,"significance":"cold_90"}},{"type":"Feature","geometry":{"type":"Point","coordinates":[75.70588,17.03153]},"properties":{"cell_id":240219,"case_count":1,"gi_zscore":-0.1173,"gi_pvalue":0.067,"significance":"cold_90"}},{"type":"Feature","geometry":{"type":"Point","coordinates":[76.22353,17.03153]},"properties":{"cell_id":240263,"case_count":1,"gi_zscore":-0.1052,"gi_pvalue":0.457,"significance":"not_sig"}},{"type":"Feature","geometry":{"type":"Point","coordinates":[75.77647,17.04955]},"properties":{"cell_id":241007,"case_count":1,"gi_zscore":-0.1173,"gi_pvalue":0.067,"significance":"cold_90"}},{"type":"Feature","geometry":{"type":"Point","coordinates":[76.35294,17.04955]},"properties":{"cell_id":241056,"case_count":1,"gi_zscore":-0.1052,"gi_pvalue":0.457,"significance":"not_sig"}},{"type":"Feature","geometry":{"type":"Point","coordinates":[76.61176,17.05856]},"properties":{"cell_id":241469,"case_count":1,"gi_zscore":-0.1173,"gi_pvalue":0.067,"significance":"cold_90"}},{"type":"Feature","geometry":{"type":"Point","coordinates":[76.98824,17.05856]},"properties":{"cell_id":241501,"case_count":1,"gi_zscore":-0.1173,"gi_pvalue":0.067,"significance":"cold_90"}},{"type":"Feature","geometry":{"type":"Point","coordinates":[77.4,17.05856]},"properties":{"cell_id":241536,"case_count":2,"gi_zscore":-0.1101,"gi_pvalue":0.167,"significance":"not_sig"}},{"type":"Feature","geometry":{"type":"Point","coordinates":[76.95294,17.06757]},"properties":{"cell_id":241889,"case_count":1,"gi_zscore":-0.1173,"gi_pvalue":0.067,"significance":"cold_90"}},{"type":"Feature","geometry":{"type":"Point","coordinates":[76.10588,17.07658]},"properties":{"cell_id":242208,"case_count":1,"gi_zscore":-0.1173,"gi_pvalue":0.067,"significance":"cold_90"}},{"type":"Feature","geometry":{"type":"Point","coordinates":[76.21176,17.08559]},"properties":{"cell_id":242608,"case_count":1,"gi_zscore":-0.1173,"gi_pvalue":0.067,"significance":"cold_90"}},{"type":"Feature","geometry":{"type":"Point","coordinates":[76.61176,17.08559]},"properties":{"cell_id":242642,"case_count":1,"gi_zscore":-0.1173,"gi_pvalue":0.067,"significance":"cold_90"}},{"type":"Feature","geometry":{"type":"Point","coordinates":[76.78824,17.08559]},"properties":{"cell_id":242657,"case_count":1,"gi_zscore":-0.1173,"gi_pvalue":0.067,"significance":"cold_90"}},{"type":"Feature","geometry":{"type":"Point","coordinates":[77.12941,17.08559]},"properties":{"cell_id":242686,"case_count":1,"gi_zscore":-0.1149,"gi_pvalue":0.167,"significance":"not_sig"}},{"type":"Feature","geometry":{"type":"Point","coordinates":[76.22353,17.09459]},"properties":{"cell_id":243000,"case_count":1,"gi_zscore":-0.1173,"gi_pvalue":0.067,"significance":"cold_90"}},{"type":"Feature","geometry":{"type":"Point","coordinates":[75.78824,17.11261]},"properties":{"cell_id":243745,"case_count":1,"gi_zscore":-0.1173,"gi_pvalue":0.067,"significance":"cold_90"}},{"type":"Feature","geometry":{"type":"Point","coordinates":[76.17647,17.12162]},"properties":{"cell_id":244169,"case_count":1,"gi_zscore":-0.1173,"gi_pvalue":0.067,"significance":"cold_90"}},{"type":"Feature","geometry":{"type":"Point","coordinates":[76.02353,17.13063]},"properties":{"cell_id":244547,"case_count":1,"gi_zscore":-0.1101,"gi_pvalue":0.303,"significance":"not_sig"}},{"type":"Feature","geometry":{"type":"Point","coordinates":[75.83529,17.14865]},"properties":{"cell_id":245313,"case_count":1,"gi_zscore":-0.1101,"gi_pvalue":0.303,"significance":"not_sig"}},{"type":"Feature","geometry":{"type":"Point","coordinates":[76.2,17.15766]},"properties":{"cell_id":245735,"case_count":1,"gi_zscore":-0.1173,"gi_pvalue":0.067,"significance":"cold_90"}},{"type":"Feature","geometry":{"type":"Point","coordinates":[75.94118,17.17568]},"properties":{"cell_id":246495,"case_count":1,"gi_zscore":-0.1101,"gi_pvalue":0.303,"significance":"not_sig"}},{"type":"Feature","geometry":{"type":"Point","coordinates":[75.95294,17.17568]},"properties":{"cell_id":246496,"case_count":4,"gi_zscore":-0.1101,"gi_pvalue":0.067,"significance":"cold_90"}},{"type":"Feature","geometry":{"type":"Point","coordinates":[76.17647,17.17568]},"properties":{"cell_id":246515,"case_count":1,"gi_zscore":-0.1173,"gi_pvalue":0.067,"significance":"cold_90"}},{"type":"Feature","geometry":{"type":"Point","coordinates":[75.71765,17.18468]},"properties":{"cell_id":246867,"case_count":1,"gi_zscore":-0.1173,"gi_pvalue":0.067,"significance":"cold_90"}},{"type":"Feature","geometry":{"type":"Point","coordinates":[75.95294,17.18468]},"properties":{"cell_id":246887,"case_count":1,"gi_zscore":-0.1101,"gi_pvalue":0.304,"significance":"not_sig"}},{"type":"Feature","geometry":{"type":"Point","coordinates":[76.52941,17.18468]},"properties":{"cell_id":246936,"case_count":1,"gi_zscore":-0.1173,"gi_pvalue":0.067,"significance":"cold_90"}},{"type":"Feature","geometry":{"type":"Point","coordinates":[76.78824,17.18468]},"properties":{"cell_id":246958,"case_count":1,"gi_zscore":-0.1149,"gi_pvalue":0.067,"significance":"cold_90"}},{"type":"Feature","geometry":{"type":"Point","coordinates":[76.0,17.21171]},"properties":{"cell_id":248064,"case_count":1,"gi_zscore":-0.1101,"gi_pvalue":0.304,"significance":"not_sig"}},{"type":"Feature","geometry":{"type":"Point","coordinates":[76.57647,17.22072]},"properties":{"cell_id":248504,"case_count":1,"gi_zscore":-0.1173,"gi_pvalue":0.067,"significance":"cold_90"}},{"type":"Feature","geometry":{"type":"Point","coordinates":[76.67059,17.22973]},"properties":{"cell_id":248903,"case_count":1,"gi_zscore":-0.1173,"gi_pvalue":0.067,"significance":"cold_90"}},{"type":"Feature","geometry":{"type":"Point","coordinates":[76.72941,17.22973]},"properties":{"cell_id":248908,"case_count":1,"gi_zscore":-0.1149,"gi_pvalue":0.067,"significance":"cold_90"}},{"type":"Feature","geometry":{"type":"Point","coordinates":[76.82353,17.22973]},"properties":{"cell_id":248916,"case_count":1,"gi_zscore":-0.1028,"gi_pvalue":0.454,"significance":"not_sig"}},{"type":"Feature","geometry":{"type":"Point","coordinates":[75.68235,17.23874]},"properties":{"cell_id":249210,"case_count":1,"gi_zscore":-0.1149,"gi_pvalue":0.067,"significance":"cold_90"}},{"type":"Feature","geometry":{"type":"Point","coordinates":[75.87059,17.25676]},"properties":{"cell_id":250008,"case_count":1,"gi_zscore":-0.1101,"gi_pvalue":0.304,"significance":"not_sig"}},{"type":"Feature","geometry":{"type":"Point","coordinates":[76.8,17.26577]},"properties":{"cell_id":250478,"case_count":1,"gi_zscore":-0.1052,"gi_pvalue":0.458,"significance":"not_sig"}},{"type":"Feature","geometry":{"type":"Point","coordinates":[76.94118,17.26577]},"properties":{"cell_id":250490,"case_count":1,"gi_zscore":-0.1101,"gi_pvalue":0.304,"significance":"not_sig"}},{"type":"Feature","geometry":{"type":"Point","coordinates":[75.72941,17.27477]},"properties":{"cell_id":250778,"case_count":1,"gi_zscore":-0.1149,"gi_pvalue":0.067,"significance":"cold_90"}},{"type":"Feature","geometry":{"type":"Point","coordinates":[76.84706,17.28378]},"properties":{"cell_id":251264,"case_count":1,"gi_zscore":-0.0932,"gi_pvalue":0.252,"significance":"not_sig"}},{"type":"Feature","geometry":{"type":"Point","coordinates":[76.82353,17.3018]},"properties":{"cell_id":252044,"case_count":2,"gi_zscore":-0.0932,"gi_pvalue":0.283,"significance":"not_sig"}},{"type":"Feature","geometry":{"type":"Point","coordinates":[75.65882,17.31081]},"properties":{"cell_id":252336,"case_count":1,"gi_zscore":-0.1149,"gi_pvalue":0.068,"significance":"cold_90"}},{"type":"Feature","geometry":{"type":"Point","coordinates":[75.67059,17.31081]},"properties":{"cell_id":252337,"case_count":1,"gi_zscore":-0.1149,"gi_pvalue":0.068,"significance":"cold_90"}},{"type":"Feature","geometry":{"type":"Point","coordinates":[76.77647,17.31081]},"properties":{"cell_id":252431,"case_count":1,"gi_zscore":-0.0956,"gi_pvalue":0.283,"significance":"not_sig"}},{"type":"Feature","geometry":{"type":"Point","coordinates":[76.84706,17.31081]},"properties":{"cell_id":252437,"case_count":1,"gi_zscore":-0.0932,"gi_pvalue":0.252,"significance":"not_sig"}},{"type":"Feature","geometry":{"type":"Point","coordinates":[76.8,17.31982]},"properties":{"cell_id":252824,"case_count":1,"gi_zscore":-0.098,"gi_pvalue":0.322,"significance":"not_sig"}},{"type":"Feature","geometry":{"type":"Point","coordinates":[76.82353,17.31982]},"properties":{"cell_id":252826,"case_count":5,"gi_zscore":-0.0811,"gi_pvalue":0.218,"significance":"not_sig"}},{"type":"Feature","geometry":{"type":"Point","coordinates":[76.83529,17.31982]},"properties":{"cell_id":252827,"case_count":2,"gi_zscore":-0.0859,"gi_pvalue":0.205,"significance":"not_sig"}},{"type":"Feature","geometry":{"type":"Point","coordinates":[76.85882,17.31982]},"properties":{"cell_id":252829,"case_count":2,"gi_zscore":-0.1028,"gi_pvalue":0.457,"significance":"not_sig"}},{"type":"Feature","geometry":{"type":"Point","coordinates":[76.8,17.32883]},"properties":{"cell_id":253215,"case_count":1,"gi_zscore":-0.0956,"gi_pvalue":0.284,"significance":"not_sig"}},{"type":"Feature","geometry":{"type":"Point","coordinates":[76.81176,17.32883]},"properties":{"cell_id":253216,"case_count":1,"gi_zscore":-0.0932,"gi_pvalue":0.252,"significance":"not_sig"}},{"type":"Feature","geometry":{"type":"Point","coordinates":[76.82353,17.32883]},"properties":{"cell_id":253217,"case_count":3,"gi_zscore":-0.0811,"gi_pvalue":0.185,"significance":"not_sig"}},{"type":"Feature","geometry":{"type":"Point","coordinates":[76.83529,17.32883]},"properties":{"cell_id":253218,"case_count":3,"gi_zscore":-0.0859,"gi_pvalue":0.218,"significance":"not_sig"}},{"type":"Feature","geometry":{"type":"Point","coordinates":[76.84706,17.32883]},"properties":{"cell_id":253219,"case_count":2,"gi_zscore":-0.098,"gi_pvalue":0.377,"significance":"not_sig"}},{"type":"Feature","geometry":{"type":"Point","coordinates":[76.81176,17.33784]},"properties":{"cell_id":253607,"case_count":3,"gi_zscore":-0.1004,"gi_pvalue":0.452,"significance":"not_sig"}},{"type":"Feature","geometry":{"type":"Point","coordinates":[76.82353,17.33784]},"properties":{"cell_id":253608,"case_count":2,"gi_zscore":-0.0932,"gi_pvalue":0.285,"significance":"not_sig"}},{"type":"Feature","geometry":{"type":"Point","coordinates":[76.83529,17.33784]},"properties":{"cell_id":253609,"case_count":3,"gi_zscore":-0.0932,"gi_pvalue":0.321,"significance":"not_sig"}},{"type":"Feature","geometry":{"type":"Point","coordinates":[76.84706,17.33784]},"properties":{"cell_id":253610,"case_count":1,"gi_zscore":-0.098,"gi_pvalue":0.322,"significance":"not_sig"}},{"type":"Feature","geometry":{"type":"Point","coordinates":[76.85882,17.33784]},"properties":{"cell_id":253611,"case_count":1,"gi_zscore":-0.1004,"gi_pvalue":0.322,"significance":"not_sig"}},{"type":"Feature","geometry":{"type":"Point","coordinates":[76.87059,17.33784]},"properties":{"cell_id":253612,"case_count":1,"gi_zscore":-0.1004,"gi_pvalue":0.34,"significance":"not_sig"}},{"type":"Feature","geometry":{"type":"Point","coordinates":[76.72941,17.34685]},"properties":{"cell_id":253991,"case_count":1,"gi_zscore":-0.1101,"gi_pvalue":0.302,"significance":"not_sig"}},{"type":"Feature","geometry":{"type":"Point","coordinates":[76.8,17.34685]},"properties":{"cell_id":253997,"case_count":1,"gi_zscore":-0.1052,"gi_pvalue":0.457,"significance":"not_sig"}},{"type":"Feature","geometry":{"type":"Point","coordinates":[76.81176,17.34685]},"properties":{"cell_id":253998,"case_count":1,"gi_zscore":-0.1004,"gi_pvalue":0.322,"significance":"not_sig"}},{"type":"Feature","geometry":{"type":"Point","coordinates":[76.82353,17.34685]},"properties":{"cell_id":253999,"case_count":2,"gi_zscore":-0.0956,"gi_pvalue":0.322,"significance":"not_sig"}},{"type":"Feature","geometry":{"type":"Point","coordinates":[76.83529,17.34685]},"properties":{"cell_id":254000,"case_count":1,"gi_zscore":-0.0956,"gi_pvalue":0.259,"significance":"not_sig"}},{"type":"Feature","geometry":{"type":"Point","coordinates":[76.85882,17.34685]},"properties":{"cell_id":254002,"case_count":2,"gi_zscore":-0.1004,"gi_pvalue":0.378,"significance":"not_sig"}},{"type":"Feature","geometry":{"type":"Point","coordinates":[76.81176,17.35586]},"properties":{"cell_id":254389,"case_count":2,"gi_zscore":-0.1052,"gi_pvalue":0.453,"significance":"not_sig"}},{"type":"Feature","geometry":{"type":"Point","coordinates":[76.83529,17.36486]},"properties":{"cell_id":254782,"case_count":1,"gi_zscore":-0.1004,"gi_pvalue":0.34,"significance":"not_sig"}},{"type":"Feature","geometry":{"type":"Point","coordinates":[76.84706,17.36486]},"properties":{"cell_id":254783,"case_count":3,"gi_zscore":-0.1028,"gi_pvalue":0.453,"significance":"not_sig"}},{"type":"Feature","geometry":{"type":"Point","coordinates":[77.49412,17.36486]},"properties":{"cell_id":254838,"case_count":1,"gi_zscore":-0.1149,"gi_pvalue":0.168,"significance":"not_sig"}},{"type":"Feature","geometry":{"type":"Point","coordinates":[76.82353,17.37387]},"properties":{"cell_id":255172,"case_count":1,"gi_zscore":-0.1052,"gi_pvalue":0.479,"significance":"not_sig"}},{"type":"Feature","geometry":{"type":"Point","coordinates":[75.74118,17.4009]},"properties":{"cell_id":256253,"case_count":2,"gi_zscore":-0.1149,"gi_pvalue":0.001,"significance":"cold_99"}},{"type":"Feature","geometry":{"type":"Point","coordinates":[76.89412,17.40991]},"properties":{"cell_id":256742,"case_count":1,"gi_zscore":-0.1101,"gi_pvalue":0.277,"significance":"not_sig"}},{"type":"Feature","geometry":{"type":"Point","coordinates":[77.18824,17.46396]},"properties":{"cell_id":259113,"case_count":1,"gi_zscore":-0.1149,"gi_pvalue":0.168,"significance":"not_sig"}},{"type":"Feature","geometry":{"type":"Point","coordinates":[77.22353,17.46396]},"properties":{"cell_id":259116,"case_count":1,"gi_zscore":-0.1149,"gi_pvalue":0.069,"significance":"cold_90"}},{"type":"Feature","geometry":{"type":"Point","coordinates":[76.56471,17.57207]},"properties":{"cell_id":263752,"case_count":1,"gi_zscore":-0.1125,"gi_pvalue":0.168,"significance":"not_sig"}},{"type":"Feature","geometry":{"type":"Point","coordinates":[76.97647,17.57207]},"properties":{"cell_id":263787,"case_count":1,"gi_zscore":-0.1028,"gi_pvalue":0.409,"significance":"not_sig"}},{"type":"Feature","geometry":{"type":"Point","coordinates":[76.98824,17.58108]},"properties":{"cell_id":264179,"case_count":2,"gi_zscore":-0.1101,"gi_pvalue":0.169,"significance":"not_sig"}},{"type":"Feature","geometry":{"type":"Point","coordinates":[77.25882,17.68018]},"properties":{"cell_id":268503,"case_count":1,"gi_zscore":-0.1149,"gi_pvalue":0.069,"significance":"cold_90"}},{"type":"Feature","geometry":{"type":"Point","coordinates":[77.21176,17.6982]},"properties":{"cell_id":269281,"case_count":1,"gi_zscore":-0.1101,"gi_pvalue":0.277,"significance":"not_sig"}},{"type":"Feature","geometry":{"type":"Point","coordinates":[77.52941,17.6982]},"properties":{"cell_id":269308,"case_count":1,"gi_zscore":-0.1173,"gi_pvalue":0.069,"significance":"cold_90"}},{"type":"Feature","geometry":{"type":"Point","coordinates":[77.36471,17.71622]},"properties":{"cell_id":270076,"case_count":1,"gi_zscore":-0.1149,"gi_pvalue":0.069,"significance":"cold_90"}},{"type":"Feature","geometry":{"type":"Point","coordinates":[76.81176,17.72523]},"properties":{"cell_id":270420,"case_count":1,"gi_zscore":-0.1149,"gi_pvalue":0.168,"significance":"not_sig"}},{"type":"Feature","geometry":{"type":"Point","coordinates":[77.36471,17.72523]},"properties":{"cell_id":270467,"case_count":1,"gi_zscore":-0.1149,"gi_pvalue":0.069,"significance":"cold_90"}},{"type":"Feature","geometry":{"type":"Point","coordinates":[76.74118,17.74324]},"properties":{"cell_id":271196,"case_count":1,"gi_zscore":-0.1149,"gi_pvalue":0.168,"significance":"not_sig"}},{"type":"Feature","geometry":{"type":"Point","coordinates":[77.15294,17.74324]},"properties":{"cell_id":271231,"case_count":1,"gi_zscore":-0.1125,"gi_pvalue":0.168,"significance":"not_sig"}},{"type":"Feature","geometry":{"type":"Point","coordinates":[77.28235,17.74324]},"properties":{"cell_id":271242,"case_count":1,"gi_zscore":-0.1149,"gi_pvalue":0.069,"significance":"cold_90"}},{"type":"Feature","geometry":{"type":"Point","coordinates":[77.30588,17.75225]},"properties":{"cell_id":271635,"case_count":2,"gi_zscore":-0.1149,"gi_pvalue":0.001,"significance":"cold_99"}},{"type":"Feature","geometry":{"type":"Point","coordinates":[76.82353,17.76126]},"properties":{"cell_id":271985,"case_count":2,"gi_zscore":-0.1149,"gi_pvalue":0.069,"significance":"cold_90"}},{"type":"Feature","geometry":{"type":"Point","coordinates":[77.18824,17.76126]},"properties":{"cell_id":272016,"case_count":1,"gi_zscore":-0.1125,"gi_pvalue":0.17,"significance":"not_sig"}},{"type":"Feature","geometry":{"type":"Point","coordinates":[77.11765,17.77027]},"properties":{"cell_id":272401,"case_count":3,"gi_zscore":-0.1125,"gi_pvalue":0.069,"significance":"cold_90"}},{"type":"Feature","geometry":{"type":"Point","coordinates":[77.12941,17.77027]},"properties":{"cell_id":272402,"case_count":1,"gi_zscore":-0.1125,"gi_pvalue":0.17,"significance":"not_sig"}},{"type":"Feature","geometry":{"type":"Point","coordinates":[77.14118,17.77027]},"properties":{"cell_id":272403,"case_count":1,"gi_zscore":-0.1125,"gi_pvalue":0.17,"significance":"not_sig"}},{"type":"Feature","geometry":{"type":"Point","coordinates":[77.50588,17.77027]},"properties":{"cell_id":272434,"case_count":1,"gi_zscore":-0.1101,"gi_pvalue":0.301,"significance":"not_sig"}},{"type":"Feature","geometry":{"type":"Point","coordinates":[77.10588,17.77928]},"properties":{"cell_id":272791,"case_count":1,"gi_zscore":-0.1125,"gi_pvalue":0.17,"significance":"not_sig"}},{"type":"Feature","geometry":{"type":"Point","coordinates":[77.17647,17.82432]},"properties":{"cell_id":274752,"case_count":1,"gi_zscore":-0.1125,"gi_pvalue":0.277,"significance":"not_sig"}},{"type":"Feature","geometry":{"type":"Point","coordinates":[76.94118,17.85135]},"properties":{"cell_id":275905,"case_count":1,"gi_zscore":-0.1173,"gi_pvalue":0.069,"significance":"cold_90"}},{"type":"Feature","geometry":{"type":"Point","coordinates":[77.07059,17.85135]},"properties":{"cell_id":275916,"case_count":1,"gi_zscore":-0.1125,"gi_pvalue":0.277,"significance":"not_sig"}},{"type":"Feature","geometry":{"type":"Point","coordinates":[76.94118,17.86036]},"properties":{"cell_id":276296,"case_count":1,"gi_zscore":-0.1173,"gi_pvalue":0.069,"significance":"cold_90"}},{"type":"Feature","geometry":{"type":"Point","coordinates":[76.95294,17.86036]},"properties":{"cell_id":276297,"case_count":1,"gi_zscore":-0.1173,"gi_pvalue":0.069,"significance":"cold_90"}},{"type":"Feature","geometry":{"type":"Point","coordinates":[77.4,17.86036]},"properties":{"cell_id":276335,"case_count":1,"gi_zscore":-0.1173,"gi_pvalue":0.069,"significance":"cold_90"}},{"type":"Feature","geometry":{"type":"Point","coordinates":[77.45882,17.86036]},"properties":{"cell_id":276340,"case_count":1,"gi_zscore":-0.1101,"gi_pvalue":0.301,"significance":"not_sig"}},{"type":"Feature","geometry":{"type":"Point","coordinates":[76.94118,17.86937]},"properties":{"cell_id":276687,"case_count":1,"gi_zscore":-0.1173,"gi_pvalue":0.069,"significance":"cold_90"}},{"type":"Feature","geometry":{"type":"Point","coordinates":[76.95294,17.86937]},"properties":{"cell_id":276688,"case_count":1,"gi_zscore":-0.1173,"gi_pvalue":0.069,"significance":"cold_90"}},{"type":"Feature","geometry":{"type":"Point","coordinates":[77.21176,17.86937]},"properties":{"cell_id":276710,"case_count":1,"gi_zscore":-0.1125,"gi_pvalue":0.277,"significance":"not_sig"}},{"type":"Feature","geometry":{"type":"Point","coordinates":[76.92941,17.87838]},"properties":{"cell_id":277077,"case_count":1,"gi_zscore":-0.1173,"gi_pvalue":0.069,"significance":"cold_90"}},{"type":"Feature","geometry":{"type":"Point","coordinates":[76.96471,17.87838]},"properties":{"cell_id":277080,"case_count":1,"gi_zscore":-0.1173,"gi_pvalue":0.069,"significance":"cold_90"}},{"type":"Feature","geometry":{"type":"Point","coordinates":[77.51765,17.88739]},"properties":{"cell_id":277518,"case_count":1,"gi_zscore":-0.1101,"gi_pvalue":0.301,"significance":"not_sig"}},{"type":"Feature","geometry":{"type":"Point","coordinates":[77.52941,17.88739]},"properties":{"cell_id":277519,"case_count":1,"gi_zscore":-0.1101,"gi_pvalue":0.301,"significance":"not_sig"}},{"type":"Feature","geometry":{"type":"Point","coordinates":[77.32941,17.8964]},"properties":{"cell_id":277893,"case_count":1,"gi_zscore":-0.1173,"gi_pvalue":0.069,"significance":"cold_90"}},{"type":"Feature","geometry":{"type":"Point","coordinates":[77.50588,17.90541]},"properties":{"cell_id":278299,"case_count":1,"gi_zscore":-0.1101,"gi_pvalue":0.301,"significance":"not_sig"}},{"type":"Feature","geometry":{"type":"Point","coordinates":[76.94118,17.91441]},"properties":{"cell_id":278642,"case_count":1,"gi_zscore":-0.1173,"gi_pvalue":0.069,"significance":"cold_90"}},{"type":"Feature","geometry":{"type":"Point","coordinates":[77.51765,17.91441]},"properties":{"cell_id":278691,"case_count":4,"gi_zscore":-0.1101,"gi_pvalue":0.07,"significance":"cold_90"}},{"type":"Feature","geometry":{"type":"Point","coordinates":[77.24706,17.92342]},"properties":{"cell_id":279059,"case_count":1,"gi_zscore":-0.1173,"gi_pvalue":0.07,"significance":"cold_90"}},{"type":"Feature","geometry":{"type":"Point","coordinates":[77.50588,17.92342]},"properties":{"cell_id":279081,"case_count":1,"gi_zscore":-0.1101,"gi_pvalue":0.304,"significance":"not_sig"}},{"type":"Feature","geometry":{"type":"Point","coordinates":[77.52941,17.92342]},"properties":{"cell_id":279083,"case_count":1,"gi_zscore":-0.1101,"gi_pvalue":0.304,"significance":"not_sig"}},{"type":"Feature","geometry":{"type":"Point","coordinates":[77.37647,17.93243]},"properties":{"cell_id":279461,"case_count":1,"gi_zscore":-0.1173,"gi_pvalue":0.07,"significance":"cold_90"}},{"type":"Feature","geometry":{"type":"Point","coordinates":[77.41176,17.93243]},"properties":{"cell_id":279464,"case_count":1,"gi_zscore":-0.1173,"gi_pvalue":0.07,"significance":"cold_90"}},{"type":"Feature","geometry":{"type":"Point","coordinates":[77.48235,17.93243]},"properties":{"cell_id":279470,"case_count":1,"gi_zscore":-0.1101,"gi_pvalue":0.304,"significance":"not_sig"}},{"type":"Feature","geometry":{"type":"Point","coordinates":[77.51765,17.93243]},"properties":{"cell_id":279473,"case_count":1,"gi_zscore":-0.1101,"gi_pvalue":0.304,"significance":"not_sig"}},{"type":"Feature","geometry":{"type":"Point","coordinates":[77.37647,17.95045]},"properties":{"cell_id":280243,"case_count":1,"gi_zscore":-0.1173,"gi_pvalue":0.07,"significance":"cold_90"}},{"type":"Feature","geometry":{"type":"Point","coordinates":[77.0,17.97748]},"properties":{"cell_id":281384,"case_count":1,"gi_zscore":-0.1173,"gi_pvalue":0.07,"significance":"cold_90"}},{"type":"Feature","geometry":{"type":"Point","coordinates":[77.30588,17.97748]},"properties":{"cell_id":281410,"case_count":1,"gi_zscore":-0.1173,"gi_pvalue":0.07,"significance":"cold_90"}},{"type":"Feature","geometry":{"type":"Point","coordinates":[77.32941,17.9955]},"properties":{"cell_id":282194,"case_count":1,"gi_zscore":-0.1173,"gi_pvalue":0.07,"significance":"cold_90"}},{"type":"Feature","geometry":{"type":"Point","coordinates":[77.48235,18.0045]},"properties":{"cell_id":282598,"case_count":1,"gi_zscore":-0.1101,"gi_pvalue":0.377,"significance":"not_sig"}},{"type":"Feature","geometry":{"type":"Point","coordinates":[77.11765,18.04955]},"properties":{"cell_id":284522,"case_count":1,"gi_zscore":-0.1173,"gi_pvalue":0.07,"significance":"cold_90"}},{"type":"Feature","geometry":{"type":"Point","coordinates":[77.21176,18.04955]},"properties":{"cell_id":284530,"case_count":1,"gi_zscore":-0.1173,"gi_pvalue":0.07,"significance":"cold_90"}},{"type":"Feature","geometry":{"type":"Point","coordinates":[77.22353,18.04955]},"properties":{"cell_id":284531,"case_count":1,"gi_zscore":-0.1173,"gi_pvalue":0.07,"significance":"cold_90"}},{"type":"Feature","geometry":{"type":"Point","coordinates":[77.57647,18.1036]},"properties":{"cell_id":286907,"case_count":1,"gi_zscore":-0.1077,"gi_pvalue":0.458,"significance":"not_sig"}},{"type":"Feature","geometry":{"type":"Point","coordinates":[77.15294,18.12162]},"properties":{"cell_id":287653,"case_count":1,"gi_zscore":-0.1173,"gi_pvalue":0.07,"significance":"cold_90"}},{"type":"Feature","geometry":{"type":"Point","coordinates":[77.18824,18.13063]},"properties":{"cell_id":288047,"case_count":1,"gi_zscore":-0.1173,"gi_pvalue":0.07,"significance":"cold_90"}},{"type":"Feature","geometry":{"type":"Point","coordinates":[77.32941,18.15766]},"properties":{"cell_id":289232,"case_count":1,"gi_zscore":-0.1149,"gi_pvalue":0.07,"significance":"cold_90"}},{"type":"Feature","geometry":{"type":"Point","coordinates":[77.15294,18.16667]},"properties":{"cell_id":289608,"case_count":1,"gi_zscore":-0.1173,"gi_pvalue":0.07,"significance":"cold_90"}},{"type":"Feature","geometry":{"type":"Point","coordinates":[77.31765,18.22072]},"properties":{"cell_id":291968,"case_count":1,"gi_zscore":-0.1149,"gi_pvalue":0.17,"significance":"not_sig"}},{"type":"Feature","geometry":{"type":"Point","coordinates":[77.42353,18.23874]},"properties":{"cell_id":292759,"case_count":2,"gi_zscore":-0.1149,"gi_pvalue":0.07,"significance":"cold_90"}},{"type":"Feature","geometry":{"type":"Point","coordinates":[77.38824,18.24775]},"properties":{"cell_id":293147,"case_count":1,"gi_zscore":-0.1149,"gi_pvalue":0.17,"significance":"not_sig"}},{"type":"Feature","geometry":{"type":"Point","coordinates":[77.41176,18.25676]},"properties":{"cell_id":293540,"case_count":1,"gi_zscore":-0.1149,"gi_pvalue":0.17,"significance":"not_sig"}},{"type":"Feature","geometry":{"type":"Point","coordinates":[77.42353,18.25676]},"properties":{"cell_id":293541,"case_count":1,"gi_zscore":-0.1149,"gi_pvalue":0.17,"significance":"not_sig"}},{"type":"Feature","geometry":{"type":"Point","coordinates":[77.51765,18.27477]},"properties":{"cell_id":294331,"case_count":1,"gi_zscore":-0.1149,"gi_pvalue":0.17,"significance":"not_sig"}},{"type":"Feature","geometry":{"type":"Point","coordinates":[77.22353,18.31081]},"properties":{"cell_id":295870,"case_count":1,"gi_zscore":-0.1173,"gi_pvalue":0.07,"significance":"cold_90"}},{"type":"Feature","geometry":{"type":"Point","coordinates":[77.28235,18.37387]},"properties":{"cell_id":298612,"case_count":1,"gi_zscore":-0.1149,"gi_pvalue":0.17,"significance":"not_sig"}},{"type":"Feature","geometry":{"type":"Point","coordinates":[77.32941,18.37387]},"properties":{"cell_id":298616,"case_count":1,"gi_zscore":-0.1149,"gi_pvalue":0.17,"significance":"not_sig"}}]}