{"type":"FeatureCollection","features":[{"type":"Feature","geometry":{"type":"Point","coordinates":[76.56471,11.55405]},"properties":{"cell_id":2564,"case_count":3,"gi_zscore":-0.1076,"gi_pvalue":0.289,"significance":"not_sig"}},{"type":"Feature","geometry":{"type":"Point","coordinates":[76.78824,11.71622]},"properties":{"cell_id":9621,"case_count":1,"gi_zscore":-0.1076,"gi_pvalue":0.276,"significance":"not_sig"}},{"type":"Feature","geometry":{"type":"Point","coordinates":[76.75294,11.73423]},"properties":{"cell_id":10400,"case_count":1,"gi_zscore":-0.1076,"gi_pvalue":0.276,"significance":"not_sig"}},{"type":"Feature","geometry":{"type":"Point","coordinates":[76.65882,11.81532]},"properties":{"cell_id":13911,"case_count":1,"gi_zscore":-0.1146,"gi_pvalue":0.303,"significance":"not_sig"}},{"type":"Feature","geometry":{"type":"Point","coordinates":[76.76471,11.86937]},"properties":{"cell_id":16266,"case_count":1,"gi_zscore":-0.1123,"gi_pvalue":0.286,"significance":"not_sig"}},{"type":"Feature","geometry":{"type":"Point","coordinates":[76.94118,11.91441]},"properties":{"cell_id":18236,"case_count":2,"gi_zscore":-0.1123,"gi_pvalue":0.303,"significance":"not_sig"}},{"type":"Feature","geometry":{"type":"Point","coordinates":[76.94118,11.92342]},"properties":{"cell_id":18627,"case_count":11,"gi_zscore":-0.1123,"gi_pvalue":0.497,"significance":"not_sig"}},{"type":"Feature","geometry":{"type":"Point","coordinates":[76.94118,11.93243]},"properties":{"cell_id":19018,"case_count":5,"gi_zscore":-0.1123,"gi_pvalue":0.34,"significance":"not_sig"}},{"type":"Feature","geometry":{"type":"Point","coordinates":[76.96471,11.93243]},"properties":{"cell_id":19020,"case_count":4,"gi_zscore":-0.1123,"gi_pvalue":0.325,"significance":"not_sig"}},{"type":"Feature","geometry":{"type":"Point","coordinates":[77.02353,11.93243]},"properties":{"cell_id":19025,"case_count":1,"gi_zscore":-0.1123,"gi_pvalue":0.291,"significance":"not_sig"}},{"type":"Feature","geometry":{"type":"Point","coordinates":[77.14118,11.98649]},"properties":{"cell_id":21381,"case_count":1,"gi_zscore":-0.1429,"gi_pvalue":0.346,"significance":"not_sig"}},{"type":"Feature","geometry":{"type":"Point","coordinates":[76.96471,11.9955]},"properties":{"cell_id":21757,"case_count":1,"gi_zscore":-0.1123,"gi_pvalue":0.291,"significance":"not_sig"}},{"type":"Feature","geometry":{"type":"Point","coordinates":[77.04706,11.9955]},"properties":{"cell_id":21764,"case_count":1,"gi_zscore":-0.1476,"gi_pvalue":0.253,"significance":"not_sig"}},{"type":"Feature","geometry":{"type":"Point","coordinates":[76.96471,12.0045]},"properties":{"cell_id":22148,"case_count":1,"gi_zscore":-0.1146,"gi_pvalue":0.294,"significance":"not_sig"}},{"type":"Feature","geometry":{"type":"Point","coordinates":[76.22353,12.02252]},"properties":{"cell_id":22867,"case_count":1,"gi_zscore":-0.1547,"gi_pvalue":0.033,"significance":"cold_95"}},{"type":"Feature","geometry":{"type":"Point","coordinates":[76.97647,12.04054]},"properties":{"cell_id":23713,"case_count":1,"gi_zscore":-0.1382,"gi_pvalue":0.495,"significance":"not_sig"}},{"type":"Feature","geometry":{"type":"Point","coordinates":[76.97647,12.04955]},"properties":{"cell_id":24104,"case_count":1,"gi_zscore":-0.1382,"gi_pvalue":0.495,"significance":"not_sig"}},{"type":"Feature","geometry":{"type":"Point","coordinates":[77.04706,12.05856]},"properties":{"cell_id":24501,"case_count":1,"gi_zscore":-0.1429,"gi_pvalue":0.346,"significance":"not_sig"}},{"type":"Feature","geometry":{"type":"Point","coordinates":[77.68235,12.08559]},"properties":{"cell_id":25728,"case_count":1,"gi_zscore":-0.1264,"gi_pvalue":0.378,"significance":"not_sig"}},{"type":"Feature","geometry":{"type":"Point","coordinates":[77.69412,12.08559]},"properties":{"cell_id":25729,"case_count":1,"gi_zscore":-0.1264,"gi_pvalue":0.378,"significance":"not_sig"}},{"type":"Feature","geometry":{"type":"Point","coordinates":[77.6,12.09459]},"properties":{"cell_id":26112,"case_count":3,"gi_zscore":-0.1264,"gi_pvalue":0.416,"significance":"not_sig"}},{"type":"Feature","geometry":{"type":"Point","coordinates":[75.90588,12.11261]},"properties":{"cell_id":26750,"case_count":1,"gi_zscore":-0.1406,"gi_pvalue":0.403,"significance":"not_sig"}},{"type":"Feature","geometry":{"type":"Point","coordinates":[76.67059,12.11261]},"properties":{"cell_id":26815,"case_count":1,"gi_zscore":-0.1547,"gi_pvalue":0.032,"significance":"cold_95"}},{"type":"Feature","geometry":{"type":"Point","coordinates":[77.08235,12.11261]},"properties":{"cell_id":26850,"case_count":1,"gi_zscore":-0.1382,"gi_pvalue":0.495,"significance":"not_sig"}},{"type":"Feature","geometry":{"type":"Point","coordinates":[76.11765,12.12162]},"properties":{"cell_id":27159,"case_count":1,"gi_zscore":-0.1476,"gi_pvalue":0.19,"significance":"not_sig"}},{"type":"Feature","geometry":{"type":"Point","coordinates":[77.07059,12.13964]},"properties":{"cell_id":28022,"case_count":1,"gi_zscore":-0.1382,"gi_pvalue":0.495,"significance":"not_sig"}},{"type":"Feature","geometry":{"type":"Point","coordinates":[77.08235,12.13964]},"properties":{"cell_id":28023,"case_count":3,"gi_zscore":-0.1382,"gi_pvalue":0.404,"significance":"not_sig"}},{"type":"Feature","geometry":{"type":"Point","coordinates":[77.09412,12.13964]},"properties":{"cell_id":28024,"case_count":4,"gi_zscore":-0.1382,"gi_pvalue":0.32,"significance":"not_sig"}},{"type":"Feature","geometry":{"type":"Point","coordinates":[77.10588,12.13964]},"properties":{"cell_id":28025,"case_count":1,"gi_zscore":-0.1382,"gi_pvalue":0.497,"significance":"not_sig"}},{"type":"Feature","geometry":{"type":"Point","coordinates":[77.09412,12.14865]},"properties":{"cell_id":28415,"case_count":2,"gi_zscore":-0.1382,"gi_pvalue":0.453,"significance":"not_sig"}},{"type":"Feature","geometry":{"type":"Point","coordinates":[77.21176,12.14865]},"properties":{"cell_id":28425,"case_count":1,"gi_zscore":-0.1429,"gi_pvalue":0.344,"significance":"not_sig"}},{"type":"Feature","geometry":{"type":"Point","coordinates":[77.48235,12.14865]},"properties":{"cell_id":28448,"case_count":1,"gi_zscore":-0.1264,"gi_pvalue":0.378,"significance":"not_sig"}},{"type":"Feature","geometry":{"type":"Point","coordinates":[77.10588,12.15766]},"properties":{"cell_id":28807,"case_count":2,"gi_zscore":-0.1382,"gi_pvalue":0.453,"significance":"not_sig"}},{"type":"Feature","geometry":{"type":"Point","coordinates":[77.11765,12.15766]},"properties":{"cell_id":28808,"case_count":1,"gi_zscore":-0.1311,"gi_pvalue":0.404,"significance":"not_sig"}},{"type":"Feature","geometry":{"type":"Point","coordinates":[77.14118,12.15766]},"properties":{"cell_id":28810,"case_count":1,"gi_zscore":-0.1311,"gi_pvalue":0.404,"significance":"not_sig"}},{"type":"Feature","geometry":{"type":"Point","coordinates":[75.84706,12.16667]},"properties":{"cell_id":29091,"case_count":1,"gi_zscore":-0.1406,"gi_pvalue":0.4,"significance":"not_sig"}},{"type":"Feature","geometry":{"type":"Point","coordinates":[76.74118,12.16667]},"properties":{"cell_id":29167,"case_count":1,"gi_zscore":-0.1523,"gi_pvalue":0.032,"significance":"cold_95"}},{"type":"Feature","geometry":{"type":"Point","coordinates":[77.11765,12.16667]},"properties":{"cell_id":29199,"case_count":1,"gi_zscore":-0.1311,"gi_pvalue":0.404,"significance":"not_sig"}},{"type":"Feature","geometry":{"type":"Point","coordinates":[75.88235,12.17568]},"properties":{"cell_id":29485,"case_count":1,"gi_zscore":-0.1406,"gi_pvalue":0.4,"significance":"not_sig"}},{"type":"Feature","geometry":{"type":"Point","coordinates":[77.15294,12.17568]},"properties":{"cell_id":29593,"case_count":4,"gi_zscore":-0.1358,"gi_pvalue":0.343,"significance":"not_sig"}},{"type":"Feature","geometry":{"type":"Point","coordinates":[75.91765,12.18468]},"properties":{"cell_id":29879,"case_count":1,"gi_zscore":-0.1382,"gi_pvalue":0.452,"significance":"not_sig"}},{"type":"Feature","geometry":{"type":"Point","coordinates":[75.92941,12.18468]},"properties":{"cell_id":29880,"case_count":4,"gi_zscore":-0.1382,"gi_pvalue":0.254,"significance":"not_sig"}},{"type":"Feature","geometry":{"type":"Point","coordinates":[76.67059,12.18468]},"properties":{"cell_id":29943,"case_count":1,"gi_zscore":-0.1547,"gi_pvalue":0.032,"significance":"cold_95"}},{"type":"Feature","geometry":{"type":"Point","coordinates":[75.8,12.19369]},"properties":{"cell_id":30260,"case_count":1,"gi_zscore":-0.1476,"gi_pvalue":0.192,"significance":"not_sig"}},{"type":"Feature","geometry":{"type":"Point","coordinates":[76.35294,12.19369]},"properties":{"cell_id":30307,"case_count":1,"gi_zscore":-0.1547,"gi_pvalue":0.032,"significance":"cold_95"}},{"type":"Feature","geometry":{"type":"Point","coordinates":[76.37647,12.19369]},"properties":{"cell_id":30309,"case_count":1,"gi_zscore":-0.1547,"gi_pvalue":0.032,"significance":"cold_95"}},{"type":"Feature","geometry":{"type":"Point","coordinates":[76.18824,12.2027]},"properties":{"cell_id":30684,"case_count":1,"gi_zscore":-0.1547,"gi_pvalue":0.032,"significance":"cold_95"}},{"type":"Feature","geometry":{"type":"Point","coordinates":[76.55294,12.2027]},"properties":{"cell_id":30715,"case_count":1,"gi_zscore":-0.15,"gi_pvalue":0.094,"significance":"cold_90"}},{"type":"Feature","geometry":{"type":"Point","coordinates":[77.70588,12.2027]},"properties":{"cell_id":30813,"case_count":10,"gi_zscore":-0.1264,"gi_pvalue":0.194,"significance":"not_sig"}},{"type":"Feature","geometry":{"type":"Point","coordinates":[76.6,12.21171]},"properties":{"cell_id":31110,"case_count":1,"gi_zscore":-0.1523,"gi_pvalue":0.032,"significance":"cold_95"}},{"type":"Feature","geometry":{"type":"Point","coordinates":[75.74118,12.22072]},"properties":{"cell_id":31428,"case_count":1,"gi_zscore":-0.1429,"gi_pvalue":0.344,"significance":"not_sig"}},{"type":"Feature","geometry":{"type":"Point","coordinates":[75.83529,12.22072]},"properties":{"cell_id":31436,"case_count":3,"gi_zscore":-0.1453,"gi_pvalue":0.098,"significance":"cold_90"}},{"type":"Feature","geometry":{"type":"Point","coordinates":[75.85882,12.23874]},"properties":{"cell_id":32220,"case_count":2,"gi_zscore":-0.1382,"gi_pvalue":0.402,"significance":"not_sig"}},{"type":"Feature","geometry":{"type":"Point","coordinates":[75.75294,12.25676]},"properties":{"cell_id":32993,"case_count":1,"gi_zscore":-0.1406,"gi_pvalue":0.426,"significance":"not_sig"}},{"type":"Feature","geometry":{"type":"Point","coordinates":[76.27059,12.25676]},"properties":{"cell_id":33037,"case_count":1,"gi_zscore":-0.1547,"gi_pvalue":0.034,"significance":"cold_95"}},{"type":"Feature","geometry":{"type":"Point","coordinates":[77.18824,12.25676]},"properties":{"cell_id":33115,"case_count":1,"gi_zscore":-0.1476,"gi_pvalue":0.196,"significance":"not_sig"}},{"type":"Feature","geometry":{"type":"Point","coordinates":[76.63529,12.26577]},"properties":{"cell_id":33459,"case_count":1,"gi_zscore":-0.1453,"gi_pvalue":0.308,"significance":"not_sig"}},{"type":"Feature","geometry":{"type":"Point","coordinates":[77.18824,12.26577]},"properties":{"cell_id":33506,"case_count":1,"gi_zscore":-0.1476,"gi_pvalue":0.196,"significance":"not_sig"}},{"type":"Feature","geometry":{"type":"Point","coordinates":[77.16471,12.27477]},"properties":{"cell_id":33895,"case_count":1,"gi_zscore":-0.1453,"gi_pvalue":0.308,"significance":"not_sig"}},{"type":"Feature","geometry":{"type":"Point","coordinates":[75.84706,12.28378]},"properties":{"cell_id":34174,"case_count":1,"gi_zscore":-0.1406,"gi_pvalue":0.426,"significance":"not_sig"}},{"type":"Feature","geometry":{"type":"Point","coordinates":[76.65882,12.28378]},"properties":{"cell_id":34243,"case_count":1,"gi_zscore":-0.1476,"gi_pvalue":0.196,"significance":"not_sig"}},{"type":"Feature","geometry":{"type":"Point","coordinates":[75.87059,12.29279]},"properties":{"cell_id":34567,"case_count":2,"gi_zscore":-0.1406,"gi_pvalue":0.398,"significance":"not_sig"}},{"type":"Feature","geometry":{"type":"Point","coordinates":[76.55294,12.29279]},"properties":{"cell_id":34625,"case_count":1,"gi_zscore":-0.15,"gi_pvalue":0.098,"significance":"cold_90"}},{"type":"Feature","geometry":{"type":"Point","coordinates":[76.64706,12.3018]},"properties":{"cell_id":35024,"case_count":1,"gi_zscore":-0.1453,"gi_pvalue":0.308,"significance":"not_sig"}},{"type":"Feature","geometry":{"type":"Point","coordinates":[76.69412,12.3018]},"properties":{"cell_id":35028,"case_count":1,"gi_zscore":-0.1429,"gi_pvalue":0.344,"significance":"not_sig"}},{"type":"Feature","geometry":{"type":"Point","coordinates":[75.75294,12.31081]},"properties":{"cell_id":35339,"case_count":3,"gi_zscore":-0.1476,"gi_pvalue":0.099,"significance":"cold_90"}},{"type":"Feature","geometry":{"type":"Point","coordinates":[76.64706,12.31081]},"properties":{"cell_id":35415,"case_count":1,"gi_zscore":-0.1453,"gi_pvalue":0.307,"significance":"not_sig"}},{"type":"Feature","geometry":{"type":"Point","coordinates":[76.65882,12.31081]},"properties":{"cell_id":35416,"case_count":2,"gi_zscore":-0.1453,"gi_pvalue":0.195,"significance":"not_sig"}},{"type":"Feature","geometry":{"type":"Point","coordinates":[76.67059,12.31081]},"properties":{"cell_id":35417,"case_count":2,"gi_zscore":-0.1429,"gi_pvalue":0.307,"significance":"not_sig"}},{"type":"Feature","geometry":{"type":"Point","coordinates":[76.69412,12.31081]},"properties":{"cell_id":35419,"case_count":1,"gi_zscore":-0.1429,"gi_pvalue":0.399,"significance":"not_sig"}},{"type":"Feature","geometry":{"type":"Point","coordinates":[75.64706,12.31982]},"properties":{"cell_id":35721,"case_count":2,"gi_zscore":-0.1476,"gi_pvalue":0.1,"significance":"cold_90"}},{"type":"Feature","geometry":{"type":"Point","coordinates":[75.69412,12.31982]},"properties":{"cell_id":35725,"case_count":1,"gi_zscore":-0.1476,"gi_pvalue":0.195,"significance":"not_sig"}},{"type":"Feature","geometry":{"type":"Point","coordinates":[76.35294,12.31982]},"properties":{"cell_id":35781,"case_count":1,"gi_zscore":-0.1547,"gi_pvalue":0.035,"significance":"cold_95"}},{"type":"Feature","geometry":{"type":"Point","coordinates":[76.63529,12.31982]},"properties":{"cell_id":35805,"case_count":2,"gi_zscore":-0.15,"gi_pvalue":0.035,"significance":"cold_95"}},{"type":"Feature","geometry":{"type":"Point","coordinates":[76.64706,12.31982]},"properties":{"cell_id":35806,"case_count":2,"gi_zscore":-0.1476,"gi_pvalue":0.101,"significance":"not_sig"}},{"type":"Feature","geometry":{"type":"Point","coordinates":[76.65882,12.31982]},"properties":{"cell_id":35807,"case_count":1,"gi_zscore":-0.1476,"gi_pvalue":0.194,"significance":"not_sig"}},{"type":"Feature","geometry":{"type":"Point","coordinates":[76.68235,12.31982]},"properties":{"cell_id":35809,"case_count":1,"gi_zscore":-0.1429,"gi_pvalue":0.4,"significance":"not_sig"}},{"type":"Feature","geometry":{"type":"Point","coordinates":[76.35294,12.32883]},"properties":{"cell_id":36172,"case_count":1,"gi_zscore":-0.1547,"gi_pvalue":0.035,"significance":"cold_95"}},{"type":"Feature","geometry":{"type":"Point","coordinates":[76.45882,12.32883]},"properties":{"cell_id":36181,"case_count":1,"gi_zscore":-0.1523,"gi_pvalue":0.035,"significance":"cold_95"}},{"type":"Feature","geometry":{"type":"Point","coordinates":[76.62353,12.32883]},"properties":{"cell_id":36195,"case_count":1,"gi_zscore":-0.1476,"gi_pvalue":0.194,"significance":"not_sig"}},{"type":"Feature","geometry":{"type":"Point","coordinates":[76.63529,12.32883]},"properties":{"cell_id":36196,"case_count":1,"gi_zscore":-0.15,"gi_pvalue":0.176,"significance":"not_sig"}},{"type":"Feature","geometry":{"type":"Point","coordinates":[76.65882,12.32883]},"properties":{"cell_id":36198,"case_count":1,"gi_zscore":-0.1476,"gi_pvalue":0.194,"significance":"not_sig"}},{"type":"Feature","geometry":{"type":"Point","coordinates":[76.68235,12.32883]},"properties":{"cell_id":36200,"case_count":4,"gi_zscore":-0.1453,"gi_pvalue":0.101,"significance":"not_sig"}},{"type":"Feature","geometry":{"type":"Point","coordinates":[77.23529,12.32883]},"properties":{"cell_id":36247,"case_count":1,"gi_zscore":-0.1476,"gi_pvalue":0.192,"significance":"not_sig"}},{"type":"Feature","geometry":{"type":"Point","coordinates":[76.6,12.33784]},"properties":{"cell_id":36584,"case_count":2,"gi_zscore":-0.1476,"gi_pvalue":0.1,"significance":"cold_90"}},{"type":"Feature","geometry":{"type":"Point","coordinates":[76.61176,12.33784]},"properties":{"cell_id":36585,"case_count":1,"gi_zscore":-0.1476,"gi_pvalue":0.192,"significance":"not_sig"}},{"type":"Feature","geometry":{"type":"Point","coordinates":[76.64706,12.33784]},"properties":{"cell_id":36588,"case_count":1,"gi_zscore":-0.15,"gi_pvalue":0.175,"significance":"not_sig"}},{"type":"Feature","geometry":{"type":"Point","coordinates":[76.65882,12.33784]},"properties":{"cell_id":36589,"case_count":1,"gi_zscore":-0.1453,"gi_pvalue":0.306,"significance":"not_sig"}},{"type":"Feature","geometry":{"type":"Point","coordinates":[76.61176,12.34685]},"properties":{"cell_id":36976,"case_count":1,"gi_zscore":-0.1476,"gi_pvalue":0.192,"significance":"not_sig"}},{"type":"Feature","geometry":{"type":"Point","coordinates":[76.63529,12.34685]},"properties":{"cell_id":36978,"case_count":1,"gi_zscore":-0.15,"gi_pvalue":0.175,"significance":"not_sig"}},{"type":"Feature","geometry":{"type":"Point","coordinates":[76.67059,12.34685]},"properties":{"cell_id":36981,"case_count":1,"gi_zscore":-0.1453,"gi_pvalue":0.306,"significance":"not_sig"}},{"type":"Feature","geometry":{"type":"Point","coordinates":[76.84706,12.35586]},"properties":{"cell_id":37387,"case_count":1,"gi_zscore":-0.1476,"gi_pvalue":0.192,"significance":"not_sig"}},{"type":"Feature","geometry":{"type":"Point","coordinates":[75.63529,12.36486]},"properties":{"cell_id":37675,"case_count":1,"gi_zscore":-0.1476,"gi_pvalue":0.25,"significance":"not_sig"}},{"type":"Feature","geometry":{"type":"Point","coordinates":[77.05882,12.38288]},"properties":{"cell_id":38578,"case_count":1,"gi_zscore":-0.1547,"gi_pvalue":0.035,"significance":"cold_95"}},{"type":"Feature","geometry":{"type":"Point","coordinates":[76.35294,12.39189]},"properties":{"cell_id":38909,"case_count":1,"gi_zscore":-0.1547,"gi_pvalue":0.035,"significance":"cold_95"}},{"type":"Feature","geometry":{"type":"Point","coordinates":[75.77647,12.4009]},"properties":{"cell_id":39251,"case_count":1,"gi_zscore":-0.15,"gi_pvalue":0.175,"significance":"not_sig"}},{"type":"Feature","geometry":{"type":"Point","coordinates":[75.74118,12.40991]},"properties":{"cell_id":39639,"case_count":1,"gi_zscore":-0.15,"gi_pvalue":0.175,"significance":"not_sig"}},{"type":"Feature","geometry":{"type":"Point","coordinates":[75.74118,12.41892]},"properties":{"cell_id":40030,"case_count":1,"gi_zscore":-0.15,"gi_pvalue":0.175,"significance":"not_sig"}},{"type":"Feature","geometry":{"type":"Point","coordinates":[75.72941,12.42793]},"properties":{"cell_id":40420,"case_count":1,"gi_zscore":-0.1547,"gi_pvalue":0.035,"significance":"cold_95"}},{"type":"Feature","geometry":{"type":"Point","coordinates":[76.0,12.42793]},"properties":{"cell_id":40443,"case_count":1,"gi_zscore":-0.1476,"gi_pvalue":0.192,"significance":"not_sig"}},{"type":"Feature","geometry":{"type":"Point","coordinates":[75.72941,12.43694]},"properties":{"cell_id":40811,"case_count":1,"gi_zscore":-0.1547,"gi_pvalue":0.035,"significance":"cold_95"}},{"type":"Feature","geometry":{"type":"Point","coordinates":[75.74118,12.43694]},"properties":{"cell_id":40812,"case_count":1,"gi_zscore":-0.1547,"gi_pvalue":0.035,"significance":"cold_95"}},{"type":"Feature","geometry":{"type":"Point","coordinates":[76.37647,12.43694]},"properties":{"cell_id":40866,"case_count":1,"gi_zscore":-0.1547,"gi_pvalue":0.035,"significance":"cold_95"}},{"type":"Feature","geometry":{"type":"Point","coordinates":[75.84706,12.44595]},"properties":{"cell_id":41212,"case_count":1,"gi_zscore":-0.1406,"gi_pvalue":0.427,"significance":"not_sig"}},{"type":"Feature","geometry":{"type":"Point","coordinates":[75.92941,12.44595]},"properties":{"cell_id":41219,"case_count":1,"gi_zscore":-0.1476,"gi_pvalue":0.192,"significance":"not_sig"}},{"type":"Feature","geometry":{"type":"Point","coordinates":[76.35294,12.44595]},"properties":{"cell_id":41255,"case_count":1,"gi_zscore":-0.1547,"gi_pvalue":0.035,"significance":"cold_95"}},{"type":"Feature","geometry":{"type":"Point","coordinates":[75.94118,12.45495]},"properties":{"cell_id":41611,"case_count":1,"gi_zscore":-0.1476,"gi_pvalue":0.192,"significance":"not_sig"}},{"type":"Feature","geometry":{"type":"Point","coordinates":[76.45882,12.45495]},"properties":{"cell_id":41655,"case_count":1,"gi_zscore":-0.1523,"gi_pvalue":0.1,"significance":"cold_90"}},{"type":"Feature","geometry":{"type":"Point","coordinates":[77.45882,12.45495]},"properties":{"cell_id":41740,"case_count":2,"gi_zscore":-0.1335,"gi_pvalue":0.499,"significance":"not_sig"}},{"type":"Feature","geometry":{"type":"Point","coordinates":[77.56471,12.45495]},"properties":{"cell_id":41749,"case_count":1,"gi_zscore":-0.1335,"gi_pvalue":0.471,"significance":"not_sig"}},{"type":"Feature","geometry":{"type":"Point","coordinates":[77.48235,12.47297]},"properties":{"cell_id":42524,"case_count":1,"gi_zscore":-0.1335,"gi_pvalue":0.471,"significance":"not_sig"}},{"type":"Feature","geometry":{"type":"Point","coordinates":[77.52941,12.47297]},"properties":{"cell_id":42528,"case_count":1,"gi_zscore":-0.1335,"gi_pvalue":0.471,"significance":"not_sig"}},{"type":"Feature","geometry":{"type":"Point","coordinates":[75.94118,12.48198]},"properties":{"cell_id":42784,"case_count":1,"gi_zscore":-0.1476,"gi_pvalue":0.193,"significance":"not_sig"}},{"type":"Feature","geometry":{"type":"Point","coordinates":[75.95294,12.48198]},"properties":{"cell_id":42785,"case_count":1,"gi_zscore":-0.1476,"gi_pvalue":0.193,"significance":"not_sig"}},{"type":"Feature","geometry":{"type":"Point","coordinates":[75.94118,12.49099]},"properties":{"cell_id":43175,"case_count":1,"gi_zscore":-0.1476,"gi_pvalue":0.193,"significance":"not_sig"}},{"type":"Feature","geometry":{"type":"Point","coordinates":[76.25882,12.49099]},"properties":{"cell_id":43202,"case_count":1,"gi_zscore":-0.1547,"gi_pvalue":0.035,"significance":"cold_95"}},{"type":"Feature","geometry":{"type":"Point","coordinates":[75.81176,12.50901]},"properties":{"cell_id":43946,"case_count":1,"gi_zscore":-0.1194,"gi_pvalue":0.313,"significance":"not_sig"}},{"type":"Feature","geometry":{"type":"Point","coordinates":[77.35294,12.50901]},"properties":{"cell_id":44077,"case_count":2,"gi_zscore":-0.1382,"gi_pvalue":0.452,"significance":"not_sig"}},{"type":"Feature","geometry":{"type":"Point","coordinates":[75.84706,12.51802]},"properties":{"cell_id":44340,"case_count":1,"gi_zscore":-0.1264,"gi_pvalue":0.382,"significance":"not_sig"}},{"type":"Feature","geometry":{"type":"Point","coordinates":[75.89412,12.51802]},"properties":{"cell_id":44344,"case_count":4,"gi_zscore":-0.1358,"gi_pvalue":0.317,"significance":"not_sig"}},{"type":"Feature","geometry":{"type":"Point","coordinates":[75.94118,12.51802]},"properties":{"cell_id":44348,"case_count":1,"gi_zscore":-0.1429,"gi_pvalue":0.341,"significance":"not_sig"}},{"type":"Feature","geometry":{"type":"Point","coordinates":[76.90588,12.51802]},"properties":{"cell_id":44430,"case_count":1,"gi_zscore":-0.1547,"gi_pvalue":0.035,"significance":"cold_95"}},{"type":"Feature","geometry":{"type":"Point","coordinates":[77.38824,12.51802]},"properties":{"cell_id":44471,"case_count":1,"gi_zscore":-0.1288,"gi_pvalue":0.403,"significance":"not_sig"}},{"type":"Feature","geometry":{"type":"Point","coordinates":[77.48235,12.51802]},"properties":{"cell_id":44479,"case_count":1,"gi_zscore":-0.1335,"gi_pvalue":0.469,"significance":"not_sig"}},{"type":"Feature","geometry":{"type":"Point","coordinates":[76.89412,12.52703]},"properties":{"cell_id":44820,"case_count":1,"gi_zscore":-0.1547,"gi_pvalue":0.035,"significance":"cold_95"}},{"type":"Feature","geometry":{"type":"Point","coordinates":[76.90588,12.52703]},"properties":{"cell_id":44821,"case_count":1,"gi_zscore":-0.1547,"gi_pvalue":0.035,"significance":"cold_95"}},{"type":"Feature","geometry":{"type":"Point","coordinates":[77.25882,12.52703]},"properties":{"cell_id":44851,"case_count":1,"gi_zscore":-0.1406,"gi_pvalue":0.401,"significance":"not_sig"}},{"type":"Feature","geometry":{"type":"Point","coordinates":[77.35294,12.52703]},"properties":{"cell_id":44859,"case_count":2,"gi_zscore":-0.1382,"gi_pvalue":0.45,"significance":"not_sig"}},{"type":"Feature","geometry":{"type":"Point","coordinates":[77.36471,12.52703]},"properties":{"cell_id":44860,"case_count":2,"gi_zscore":-0.1406,"gi_pvalue":0.397,"significance":"not_sig"}},{"type":"Feature","geometry":{"type":"Point","coordinates":[75.84706,12.53604]},"properties":{"cell_id":45122,"case_count":1,"gi_zscore":-0.1241,"gi_pvalue":0.364,"significance":"not_sig"}},{"type":"Feature","geometry":{"type":"Point","coordinates":[76.89412,12.53604]},"properties":{"cell_id":45211,"case_count":1,"gi_zscore":-0.1547,"gi_pvalue":0.034,"significance":"cold_95"}},{"type":"Feature","geometry":{"type":"Point","coordinates":[75.84706,12.54505]},"properties":{"cell_id":45513,"case_count":4,"gi_zscore":-0.1241,"gi_pvalue":0.426,"significance":"not_sig"}},{"type":"Feature","geometry":{"type":"Point","coordinates":[76.89412,12.54505]},"properties":{"cell_id":45602,"case_count":1,"gi_zscore":-0.1547,"gi_pvalue":0.035,"significance":"cold_95"}},{"type":"Feature","geometry":{"type":"Point","coordinates":[77.29412,12.54505]},"properties":{"cell_id":45636,"case_count":1,"gi_zscore":-0.1406,"gi_pvalue":0.399,"significance":"not_sig"}},{"type":"Feature","geometry":{"type":"Point","coordinates":[75.38824,12.55405]},"properties":{"cell_id":45865,"case_count":1,"gi_zscore":-0.1476,"gi_pvalue":0.192,"significance":"not_sig"}},{"type":"Feature","geometry":{"type":"Point","coordinates":[77.31765,12.55405]},"properties":{"cell_id":46029,"case_count":1,"gi_zscore":-0.1406,"gi_pvalue":0.449,"significance":"not_sig"}},{"type":"Feature","geometry":{"type":"Point","coordinates":[77.42353,12.55405]},"properties":{"cell_id":46038,"case_count":2,"gi_zscore":-0.1311,"gi_pvalue":0.469,"significance":"not_sig"}},{"type":"Feature","geometry":{"type":"Point","coordinates":[77.43529,12.55405]},"properties":{"cell_id":46039,"case_count":6,"gi_zscore":-0.1311,"gi_pvalue":0.315,"significance":"not_sig"}},{"type":"Feature","geometry":{"type":"Point","coordinates":[77.44706,12.55405]},"properties":{"cell_id":46040,"case_count":3,"gi_zscore":-0.1335,"gi_pvalue":0.48,"significance":"not_sig"}},{"type":"Feature","geometry":{"type":"Point","coordinates":[75.85882,12.56306]},"properties":{"cell_id":46296,"case_count":3,"gi_zscore":-0.1217,"gi_pvalue":0.381,"significance":"not_sig"}},{"type":"Feature","geometry":{"type":"Point","coordinates":[76.25882,12.56306]},"properties":{"cell_id":46330,"case_count":1,"gi_zscore":-0.1547,"gi_pvalue":0.035,"significance":"cold_95"}},{"type":"Feature","geometry":{"type":"Point","coordinates":[76.92941,12.56306]},"properties":{"cell_id":46387,"case_count":1,"gi_zscore":-0.1547,"gi_pvalue":0.035,"significance":"cold_95"}},{"type":"Feature","geometry":{"type":"Point","coordinates":[77.29412,12.56306]},"properties":{"cell_id":46418,"case_count":1,"gi_zscore":-0.1406,"gi_pvalue":0.397,"significance":"not_sig"}},{"type":"Feature","geometry":{"type":"Point","coordinates":[77.31765,12.56306]},"properties":{"cell_id":46420,"case_count":2,"gi_zscore":-0.1406,"gi_pvalue":0.393,"significance":"not_sig"}},{"type":"Feature","geometry":{"type":"Point","coordinates":[77.92941,12.56306]},"properties":{"cell_id":46472,"case_count":1,"gi_zscore":-0.1429,"gi_pvalue":0.313,"significance":"not_sig"}},{"type":"Feature","geometry":{"type":"Point","coordinates":[76.29412,12.57207]},"properties":{"cell_id":46724,"case_count":1,"gi_zscore":-0.1547,"gi_pvalue":0.035,"significance":"cold_95"}},{"type":"Feature","geometry":{"type":"Point","coordinates":[77.31765,12.57207]},"properties":{"cell_id":46811,"case_count":2,"gi_zscore":-0.1406,"gi_pvalue":0.392,"significance":"not_sig"}},{"type":"Feature","geometry":{"type":"Point","coordinates":[77.32941,12.57207]},"properties":{"cell_id":46812,"case_count":4,"gi_zscore":-0.1406,"gi_pvalue":0.253,"significance":"not_sig"}},{"type":"Feature","geometry":{"type":"Point","coordinates":[77.34118,12.57207]},"properties":{"cell_id":46813,"case_count":1,"gi_zscore":-0.1406,"gi_pvalue":0.448,"significance":"not_sig"}},{"type":"Feature","geometry":{"type":"Point","coordinates":[77.36471,12.57207]},"properties":{"cell_id":46815,"case_count":1,"gi_zscore":-0.1453,"gi_pvalue":0.305,"significance":"not_sig"}},{"type":"Feature","geometry":{"type":"Point","coordinates":[77.38824,12.57207]},"properties":{"cell_id":46817,"case_count":1,"gi_zscore":-0.1382,"gi_pvalue":0.495,"significance":"not_sig"}},{"type":"Feature","geometry":{"type":"Point","coordinates":[74.52941,12.58108]},"properties":{"cell_id":46965,"case_count":1,"gi_zscore":-0.1406,"gi_pvalue":0.399,"significance":"not_sig"}},{"type":"Feature","geometry":{"type":"Point","coordinates":[77.31765,12.58108]},"properties":{"cell_id":47202,"case_count":2,"gi_zscore":-0.1406,"gi_pvalue":0.395,"significance":"not_sig"}},{"type":"Feature","geometry":{"type":"Point","coordinates":[75.83529,12.59009]},"properties":{"cell_id":47467,"case_count":5,"gi_zscore":-0.1076,"gi_pvalue":0.314,"significance":"not_sig"}},{"type":"Feature","geometry":{"type":"Point","coordinates":[75.87059,12.59009]},"properties":{"cell_id":47470,"case_count":1,"gi_zscore":-0.1146,"gi_pvalue":0.306,"significance":"not_sig"}},{"type":"Feature","geometry":{"type":"Point","coordinates":[75.88235,12.59009]},"properties":{"cell_id":47471,"case_count":1,"gi_zscore":-0.1146,"gi_pvalue":0.306,"significance":"not_sig"}},{"type":"Feature","geometry":{"type":"Point","coordinates":[77.03529,12.59009]},"properties":{"cell_id":47569,"case_count":1,"gi_zscore":-0.1523,"gi_pvalue":0.035,"significance":"cold_95"}},{"type":"Feature","geometry":{"type":"Point","coordinates":[77.34118,12.59009]},"properties":{"cell_id":47595,"case_count":1,"gi_zscore":-0.1429,"gi_pvalue":0.398,"significance":"not_sig"}},{"type":"Feature","geometry":{"type":"Point","coordinates":[77.35294,12.59009]},"properties":{"cell_id":47596,"case_count":1,"gi_zscore":-0.1429,"gi_pvalue":0.398,"significance":"not_sig"}},{"type":"Feature","geometry":{"type":"Point","coordinates":[75.83529,12.5991]},"properties":{"cell_id":47858,"case_count":4,"gi_zscore":-0.1146,"gi_pvalue":0.334,"significance":"not_sig"}},{"type":"Feature","geometry":{"type":"Point","coordinates":[75.84706,12.5991]},"properties":{"cell_id":47859,"case_count":2,"gi_zscore":-0.1146,"gi_pvalue":0.314,"significance":"not_sig"}},{"type":"Feature","geometry":{"type":"Point","coordinates":[77.04706,12.5991]},"properties":{"cell_id":47961,"case_count":1,"gi_zscore":-0.1523,"gi_pvalue":0.036,"significance":"cold_95"}},{"type":"Feature","geometry":{"type":"Point","coordinates":[77.34118,12.5991]},"properties":{"cell_id":47986,"case_count":1,"gi_zscore":-0.1429,"gi_pvalue":0.398,"significance":"not_sig"}},{"type":"Feature","geometry":{"type":"Point","coordinates":[77.35294,12.5991]},"properties":{"cell_id":47987,"case_count":1,"gi_zscore":-0.1429,"gi_pvalue":0.398,"significance":"not_sig"}},{"type":"Feature","geometry":{"type":"Point","coordinates":[75.83529,12.60811]},"properties":{"cell_id":48249,"case_count":7,"gi_zscore":-0.1194,"gi_pvalue":0.433,"significance":"not_sig"}},{"type":"Feature","geometry":{"type":"Point","coordinates":[75.85882,12.60811]},"properties":{"cell_id":48251,"case_count":2,"gi_zscore":-0.1146,"gi_pvalue":0.314,"significance":"not_sig"}},{"type":"Feature","geometry":{"type":"Point","coordinates":[75.87059,12.61712]},"properties":{"cell_id":48643,"case_count":1,"gi_zscore":-0.1146,"gi_pvalue":0.305,"significance":"not_sig"}},{"type":"Feature","geometry":{"type":"Point","coordinates":[75.8,12.63514]},"properties":{"cell_id":49419,"case_count":1,"gi_zscore":-0.1146,"gi_pvalue":0.305,"significance":"not_sig"}},{"type":"Feature","geometry":{"type":"Point","coordinates":[77.2,12.65315]},"properties":{"cell_id":50320,"case_count":2,"gi_zscore":-0.1453,"gi_pvalue":0.192,"significance":"not_sig"}},{"type":"Feature","geometry":{"type":"Point","coordinates":[77.2,12.66216]},"properties":{"cell_id":50711,"case_count":1,"gi_zscore":-0.1453,"gi_pvalue":0.302,"significance":"not_sig"}},{"type":"Feature","geometry":{"type":"Point","coordinates":[77.44706,12.66216]},"properties":{"cell_id":50732,"case_count":1,"gi_zscore":-0.1358,"gi_pvalue":0.494,"significance":"not_sig"}},{"type":"Feature","geometry":{"type":"Point","coordinates":[77.47059,12.68018]},"properties":{"cell_id":51516,"case_count":1,"gi_zscore":-0.1358,"gi_pvalue":0.494,"significance":"not_sig"}},{"type":"Feature","geometry":{"type":"Point","coordinates":[77.48235,12.68018]},"properties":{"cell_id":51517,"case_count":1,"gi_zscore":-0.1358,"gi_pvalue":0.494,"significance":"not_sig"}},{"type":"Feature","geometry":{"type":"Point","coordinates":[75.91765,12.68919]},"properties":{"cell_id":51775,"case_count":1,"gi_zscore":-0.1358,"gi_pvalue":0.494,"significance":"not_sig"}},{"type":"Feature","geometry":{"type":"Point","coordinates":[77.70588,12.6982]},"properties":{"cell_id":52318,"case_count":1,"gi_zscore":-0.15,"gi_pvalue":0.102,"significance":"not_sig"}},{"type":"Feature","geometry":{"type":"Point","coordinates":[75.89412,12.72523]},"properties":{"cell_id":53337,"case_count":1,"gi_zscore":-0.1358,"gi_pvalue":0.494,"significance":"not_sig"}},{"type":"Feature","geometry":{"type":"Point","coordinates":[75.31765,12.73423]},"properties":{"cell_id":53679,"case_count":2,"gi_zscore":-0.15,"gi_pvalue":0.037,"significance":"cold_95"}},{"type":"Feature","geometry":{"type":"Point","coordinates":[77.63529,12.73423]},"properties":{"cell_id":53876,"case_count":1,"gi_zscore":-0.1476,"gi_pvalue":0.193,"significance":"not_sig"}},{"type":"Feature","geometry":{"type":"Point","coordinates":[75.87059,12.74324]},"properties":{"cell_id":54117,"case_count":1,"gi_zscore":-0.1358,"gi_pvalue":0.493,"significance":"not_sig"}},{"type":"Feature","geometry":{"type":"Point","coordinates":[77.69412,12.74324]},"properties":{"cell_id":54272,"case_count":1,"gi_zscore":-0.1476,"gi_pvalue":0.175,"significance":"not_sig"}},{"type":"Feature","geometry":{"type":"Point","coordinates":[77.70588,12.75225]},"properties":{"cell_id":54664,"case_count":1,"gi_zscore":-0.1476,"gi_pvalue":0.193,"significance":"not_sig"}},{"type":"Feature","geometry":{"type":"Point","coordinates":[77.72941,12.75225]},"properties":{"cell_id":54666,"case_count":1,"gi_zscore":-0.1453,"gi_pvalue":0.25,"significance":"not_sig"}},{"type":"Feature","geometry":{"type":"Point","coordinates":[75.10588,12.76126]},"properties":{"cell_id":54834,"case_count":1,"gi_zscore":-0.1476,"gi_pvalue":0.193,"significance":"not_sig"}},{"type":"Feature","geometry":{"type":"Point","coordinates":[75.2,12.76126]},"properties":{"cell_id":54842,"case_count":1,"gi_zscore":-0.1476,"gi_pvalue":0.193,"significance":"not_sig"}},{"type":"Feature","geometry":{"type":"Point","coordinates":[77.63529,12.76126]},"properties":{"cell_id":55049,"case_count":1,"gi_zscore":-0.1453,"gi_pvalue":0.25,"significance":"not_sig"}},{"type":"Feature","geometry":{"type":"Point","coordinates":[77.70588,12.76126]},"properties":{"cell_id":55055,"case_count":1,"gi_zscore":-0.1476,"gi_pvalue":0.193,"significance":"not_sig"}},{"type":"Feature","geometry":{"type":"Point","coordinates":[77.61176,12.77027]},"properties":{"cell_id":55438,"case_count":1,"gi_zscore":-0.1476,"gi_pvalue":0.193,"significance":"not_sig"}},{"type":"Feature","geometry":{"type":"Point","coordinates":[77.76471,12.77027]},"properties":{"cell_id":55451,"case_count":3,"gi_zscore":-0.1429,"gi_pvalue":0.25,"significance":"not_sig"}},{"type":"Feature","geometry":{"type":"Point","coordinates":[77.77647,12.77027]},"properties":{"cell_id":55452,"case_count":1,"gi_zscore":-0.1429,"gi_pvalue":0.394,"significance":"not_sig"}},{"type":"Feature","geometry":{"type":"Point","coordinates":[74.88235,12.77928]},"properties":{"cell_id":55597,"case_count":1,"gi_zscore":-0.15,"gi_pvalue":0.104,"significance":"not_sig"}},{"type":"Feature","geometry":{"type":"Point","coordinates":[75.2,12.77928]},"properties":{"cell_id":55624,"case_count":1,"gi_zscore":-0.1476,"gi_pvalue":0.193,"significance":"not_sig"}},{"type":"Feature","geometry":{"type":"Point","coordinates":[75.35294,12.77928]},"properties":{"cell_id":55637,"case_count":1,"gi_zscore":-0.15,"gi_pvalue":0.104,"significance":"not_sig"}},{"type":"Feature","geometry":{"type":"Point","coordinates":[77.64706,12.77928]},"properties":{"cell_id":55832,"case_count":3,"gi_zscore":-0.1429,"gi_pvalue":0.25,"significance":"not_sig"}},{"type":"Feature","geometry":{"type":"Point","coordinates":[77.74118,12.77928]},"properties":{"cell_id":55840,"case_count":1,"gi_zscore":-0.1429,"gi_pvalue":0.395,"significance":"not_sig"}},{"type":"Feature","geometry":{"type":"Point","coordinates":[77.76471,12.77928]},"properties":{"cell_id":55842,"case_count":3,"gi_zscore":-0.1429,"gi_pvalue":0.249,"significance":"not_sig"}},{"type":"Feature","geometry":{"type":"Point","coordinates":[77.77647,12.77928]},"properties":{"cell_id":55843,"case_count":2,"gi_zscore":-0.1429,"gi_pvalue":0.3,"significance":"not_sig"}},{"type":"Feature","geometry":{"type":"Point","coordinates":[74.87059,12.78829]},"properties":{"cell_id":55987,"case_count":1,"gi_zscore":-0.15,"gi_pvalue":0.101,"significance":"not_sig"}},{"type":"Feature","geometry":{"type":"Point","coordinates":[76.2,12.78829]},"properties":{"cell_id":56100,"case_count":1,"gi_zscore":-0.1523,"gi_pvalue":0.037,"significance":"cold_95"}},{"type":"Feature","geometry":{"type":"Point","coordinates":[77.56471,12.78829]},"properties":{"cell_id":56216,"case_count":1,"gi_zscore":-0.1476,"gi_pvalue":0.173,"significance":"not_sig"}},{"type":"Feature","geometry":{"type":"Point","coordinates":[77.62353,12.78829]},"properties":{"cell_id":56221,"case_count":1,"gi_zscore":-0.1453,"gi_pvalue":0.299,"significance":"not_sig"}},{"type":"Feature","geometry":{"type":"Point","coordinates":[77.63529,12.78829]},"properties":{"cell_id":56222,"case_count":2,"gi_zscore":-0.1429,"gi_pvalue":0.301,"significance":"not_sig"}},{"type":"Feature","geometry":{"type":"Point","coordinates":[77.71765,12.78829]},"properties":{"cell_id":56229,"case_count":1,"gi_zscore":-0.1453,"gi_pvalue":0.301,"significance":"not_sig"}},{"type":"Feature","geometry":{"type":"Point","coordinates":[77.75294,12.78829]},"properties":{"cell_id":56232,"case_count":1,"gi_zscore":-0.1429,"gi_pvalue":0.395,"significance":"not_sig"}},{"type":"Feature","geometry":{"type":"Point","coordinates":[77.77647,12.78829]},"properties":{"cell_id":56234,"case_count":1,"gi_zscore":-0.1429,"gi_pvalue":0.395,"significance":"not_sig"}},{"type":"Feature","geometry":{"type":"Point","coordinates":[74.96471,12.7973]},"properties":{"cell_id":56386,"case_count":1,"gi_zscore":-0.15,"gi_pvalue":0.103,"significance":"not_sig"}},{"type":"Feature","geometry":{"type":"Point","coordinates":[77.48235,12.7973]},"properties":{"cell_id":56600,"case_count":1,"gi_zscore":-0.1453,"gi_pvalue":0.249,"significance":"not_sig"}},{"type":"Feature","geometry":{"type":"Point","coordinates":[77.55294,12.7973]},"properties":{"cell_id":56606,"case_count":1,"gi_zscore":-0.1476,"gi_pvalue":0.173,"significance":"not_sig"}},{"type":"Feature","geometry":{"type":"Point","coordinates":[77.65882,12.7973]},"properties":{"cell_id":56615,"case_count":1,"gi_zscore":-0.1382,"gi_pvalue":0.477,"significance":"not_sig"}},{"type":"Feature","geometry":{"type":"Point","coordinates":[77.68235,12.7973]},"properties":{"cell_id":56617,"case_count":2,"gi_zscore":-0.1358,"gi_pvalue":0.45,"significance":"not_sig"}},{"type":"Feature","geometry":{"type":"Point","coordinates":[77.70588,12.7973]},"properties":{"cell_id":56619,"case_count":3,"gi_zscore":-0.1429,"gi_pvalue":0.176,"significance":"not_sig"}},{"type":"Feature","geometry":{"type":"Point","coordinates":[77.72941,12.7973]},"properties":{"cell_id":56621,"case_count":1,"gi_zscore":-0.1476,"gi_pvalue":0.176,"significance":"not_sig"}},{"type":"Feature","geometry":{"type":"Point","coordinates":[74.89412,12.80631]},"properties":{"cell_id":56771,"case_count":2,"gi_zscore":-0.15,"gi_pvalue":0.036,"significance":"cold_95"}},{"type":"Feature","geometry":{"type":"Point","coordinates":[74.91765,12.80631]},"properties":{"cell_id":56773,"case_count":1,"gi_zscore":-0.1523,"gi_pvalue":0.103,"significance":"not_sig"}},{"type":"Feature","geometry":{"type":"Point","coordinates":[75.88235,12.80631]},"properties":{"cell_id":56855,"case_count":1,"gi_zscore":-0.1358,"gi_pvalue":0.492,"significance":"not_sig"}},{"type":"Feature","geometry":{"type":"Point","coordinates":[77.62353,12.80631]},"properties":{"cell_id":57003,"case_count":1,"gi_zscore":-0.1453,"gi_pvalue":0.303,"significance":"not_sig"}},{"type":"Feature","geometry":{"type":"Point","coordinates":[77.67059,12.80631]},"properties":{"cell_id":57007,"case_count":2,"gi_zscore":-0.1382,"gi_pvalue":0.401,"significance":"not_sig"}},{"type":"Feature","geometry":{"type":"Point","coordinates":[77.70588,12.80631]},"properties":{"cell_id":57010,"case_count":2,"gi_zscore":-0.1429,"gi_pvalue":0.304,"significance":"not_sig"}},{"type":"Feature","geometry":{"type":"Point","coordinates":[77.71765,12.80631]},"properties":{"cell_id":57011,"case_count":1,"gi_zscore":-0.1453,"gi_pvalue":0.304,"significance":"not_sig"}},{"type":"Feature","geometry":{"type":"Point","coordinates":[74.87059,12.81532]},"properties":{"cell_id":57160,"case_count":1,"gi_zscore":-0.15,"gi_pvalue":0.103,"significance":"not_sig"}},{"type":"Feature","geometry":{"type":"Point","coordinates":[77.57647,12.81532]},"properties":{"cell_id":57390,"case_count":1,"gi_zscore":-0.1453,"gi_pvalue":0.253,"significance":"not_sig"}},{"type":"Feature","geometry":{"type":"Point","coordinates":[77.58824,12.81532]},"properties":{"cell_id":57391,"case_count":1,"gi_zscore":-0.1453,"gi_pvalue":0.253,"significance":"not_sig"}},{"type":"Feature","geometry":{"type":"Point","coordinates":[77.67059,12.81532]},"properties":{"cell_id":57398,"case_count":1,"gi_zscore":-0.1382,"gi_pvalue":0.451,"significance":"not_sig"}},{"type":"Feature","geometry":{"type":"Point","coordinates":[77.68235,12.81532]},"properties":{"cell_id":57399,"case_count":1,"gi_zscore":-0.1406,"gi_pvalue":0.451,"significance":"not_sig"}},{"type":"Feature","geometry":{"type":"Point","coordinates":[77.69412,12.81532]},"properties":{"cell_id":57400,"case_count":2,"gi_zscore":-0.1358,"gi_pvalue":0.452,"significance":"not_sig"}},{"type":"Feature","geometry":{"type":"Point","coordinates":[74.83529,12.82432]},"properties":{"cell_id":57548,"case_count":2,"gi_zscore":-0.1288,"gi_pvalue":0.417,"significance":"not_sig"}},{"type":"Feature","geometry":{"type":"Point","coordinates":[77.56471,12.82432]},"properties":{"cell_id":57780,"case_count":2,"gi_zscore":-0.1453,"gi_pvalue":0.193,"significance":"not_sig"}},{"type":"Feature","geometry":{"type":"Point","coordinates":[77.62353,12.82432]},"properties":{"cell_id":57785,"case_count":2,"gi_zscore":-0.1476,"gi_pvalue":0.103,"significance":"not_sig"}},{"type":"Feature","geometry":{"type":"Point","coordinates":[77.65882,12.82432]},"properties":{"cell_id":57788,"case_count":1,"gi_zscore":-0.1406,"gi_pvalue":0.401,"significance":"not_sig"}},{"type":"Feature","geometry":{"type":"Point","coordinates":[77.68235,12.82432]},"properties":{"cell_id":57790,"case_count":3,"gi_zscore":-0.1429,"gi_pvalue":0.178,"significance":"not_sig"}},{"type":"Feature","geometry":{"type":"Point","coordinates":[77.69412,12.82432]},"properties":{"cell_id":57791,"case_count":1,"gi_zscore":-0.1429,"gi_pvalue":0.397,"significance":"not_sig"}},{"type":"Feature","geometry":{"type":"Point","coordinates":[77.71765,12.82432]},"properties":{"cell_id":57793,"case_count":1,"gi_zscore":-0.15,"gi_pvalue":0.102,"significance":"not_sig"}},{"type":"Feature","geometry":{"type":"Point","coordinates":[77.74118,12.82432]},"properties":{"cell_id":57795,"case_count":1,"gi_zscore":-0.1523,"gi_pvalue":0.102,"significance":"not_sig"}},{"type":"Feature","geometry":{"type":"Point","coordinates":[78.2,12.82432]},"properties":{"cell_id":57834,"case_count":1,"gi_zscore":-0.1547,"gi_pvalue":0.036,"significance":"cold_95"}},{"type":"Feature","geometry":{"type":"Point","coordinates":[76.35294,12.83333]},"properties":{"cell_id":58068,"case_count":1,"gi_zscore":-0.1523,"gi_pvalue":0.036,"significance":"cold_95"}},{"type":"Feature","geometry":{"type":"Point","coordinates":[77.58824,12.83333]},"properties":{"cell_id":58173,"case_count":1,"gi_zscore":-0.1382,"gi_pvalue":0.476,"significance":"not_sig"}},{"type":"Feature","geometry":{"type":"Point","coordinates":[77.65882,12.83333]},"properties":{"cell_id":58179,"case_count":3,"gi_zscore":-0.1406,"gi_pvalue":0.315,"significance":"not_sig"}},{"type":"Feature","geometry":{"type":"Point","coordinates":[77.68235,12.83333]},"properties":{"cell_id":58181,"case_count":2,"gi_zscore":-0.1406,"gi_pvalue":0.315,"significance":"not_sig"}},{"type":"Feature","geometry":{"type":"Point","coordinates":[77.69412,12.83333]},"properties":{"cell_id":58182,"case_count":1,"gi_zscore":-0.1429,"gi_pvalue":0.397,"significance":"not_sig"}},{"type":"Feature","geometry":{"type":"Point","coordinates":[77.74118,12.83333]},"properties":{"cell_id":58186,"case_count":1,"gi_zscore":-0.1523,"gi_pvalue":0.102,"significance":"not_sig"}},{"type":"Feature","geometry":{"type":"Point","coordinates":[74.84706,12.84234]},"properties":{"cell_id":58331,"case_count":1,"gi_zscore":-0.1288,"gi_pvalue":0.393,"significance":"not_sig"}},{"type":"Feature","geometry":{"type":"Point","coordinates":[75.24706,12.84234]},"properties":{"cell_id":58365,"case_count":2,"gi_zscore":-0.1476,"gi_pvalue":0.102,"significance":"not_sig"}},{"type":"Feature","geometry":{"type":"Point","coordinates":[77.57647,12.84234]},"properties":{"cell_id":58563,"case_count":3,"gi_zscore":-0.1382,"gi_pvalue":0.341,"significance":"not_sig"}},{"type":"Feature","geometry":{"type":"Point","coordinates":[77.58824,12.84234]},"properties":{"cell_id":58564,"case_count":1,"gi_zscore":-0.1358,"gi_pvalue":0.492,"significance":"not_sig"}},{"type":"Feature","geometry":{"type":"Point","coordinates":[77.64706,12.84234]},"properties":{"cell_id":58569,"case_count":1,"gi_zscore":-0.1453,"gi_pvalue":0.303,"significance":"not_sig"}},{"type":"Feature","geometry":{"type":"Point","coordinates":[77.65882,12.84234]},"properties":{"cell_id":58570,"case_count":1,"gi_zscore":-0.1406,"gi_pvalue":0.453,"significance":"not_sig"}},{"type":"Feature","geometry":{"type":"Point","coordinates":[74.84706,12.85135]},"properties":{"cell_id":58722,"case_count":1,"gi_zscore":-0.1311,"gi_pvalue":0.419,"significance":"not_sig"}},{"type":"Feature","geometry":{"type":"Point","coordinates":[74.87059,12.85135]},"properties":{"cell_id":58724,"case_count":1,"gi_zscore":-0.1406,"gi_pvalue":0.453,"significance":"not_sig"}},{"type":"Feature","geometry":{"type":"Point","coordinates":[75.01176,12.85135]},"properties":{"cell_id":58736,"case_count":1,"gi_zscore":-0.15,"gi_pvalue":0.101,"significance":"not_sig"}},{"type":"Feature","geometry":{"type":"Point","coordinates":[77.54118,12.85135]},"properties":{"cell_id":58951,"case_count":1,"gi_zscore":-0.1429,"gi_pvalue":0.397,"significance":"not_sig"}},{"type":"Feature","geometry":{"type":"Point","coordinates":[77.58824,12.85135]},"properties":{"cell_id":58955,"case_count":2,"gi_zscore":-0.1335,"gi_pvalue":0.492,"significance":"not_sig"}},{"type":"Feature","geometry":{"type":"Point","coordinates":[77.6,12.85135]},"properties":{"cell_id":58956,"case_count":1,"gi_zscore":-0.1358,"gi_pvalue":0.492,"significance":"not_sig"}},{"type":"Feature","geometry":{"type":"Point","coordinates":[77.65882,12.85135]},"properties":{"cell_id":58961,"case_count":2,"gi_zscore":-0.1453,"gi_pvalue":0.191,"significance":"not_sig"}},{"type":"Feature","geometry":{"type":"Point","coordinates":[77.98824,12.85135]},"properties":{"cell_id":58989,"case_count":3,"gi_zscore":-0.1476,"gi_pvalue":0.101,"significance":"not_sig"}},{"type":"Feature","geometry":{"type":"Point","coordinates":[78.05882,12.85135]},"properties":{"cell_id":58995,"case_count":1,"gi_zscore":-0.1476,"gi_pvalue":0.189,"significance":"not_sig"}},{"type":"Feature","geometry":{"type":"Point","coordinates":[74.83529,12.86036]},"properties":{"cell_id":59112,"case_count":4,"gi_zscore":-0.1311,"gi_pvalue":0.477,"significance":"not_sig"}},{"type":"Feature","geometry":{"type":"Point","coordinates":[74.84706,12.86036]},"properties":{"cell_id":59113,"case_count":2,"gi_zscore":-0.1288,"gi_pvalue":0.419,"significance":"not_sig"}},{"type":"Feature","geometry":{"type":"Point","coordinates":[76.35294,12.86036]},"properties":{"cell_id":59241,"case_count":1,"gi_zscore":-0.1523,"gi_pvalue":0.035,"significance":"cold_95"}},{"type":"Feature","geometry":{"type":"Point","coordinates":[77.57647,12.86036]},"properties":{"cell_id":59345,"case_count":1,"gi_zscore":-0.1358,"gi_pvalue":0.49,"significance":"not_sig"}},{"type":"Feature","geometry":{"type":"Point","coordinates":[77.58824,12.86036]},"properties":{"cell_id":59346,"case_count":4,"gi_zscore":-0.1335,"gi_pvalue":0.426,"significance":"not_sig"}},{"type":"Feature","geometry":{"type":"Point","coordinates":[77.67059,12.86036]},"properties":{"cell_id":59353,"case_count":1,"gi_zscore":-0.1453,"gi_pvalue":0.298,"significance":"not_sig"}},{"type":"Feature","geometry":{"type":"Point","coordinates":[77.75294,12.86036]},"properties":{"cell_id":59360,"case_count":1,"gi_zscore":-0.1523,"gi_pvalue":0.035,"significance":"cold_95"}},{"type":"Feature","geometry":{"type":"Point","coordinates":[77.78824,12.86036]},"properties":{"cell_id":59363,"case_count":1,"gi_zscore":-0.1523,"gi_pvalue":0.035,"significance":"cold_95"}},{"type":"Feature","geometry":{"type":"Point","coordinates":[74.83529,12.86937]},"properties":{"cell_id":59503,"case_count":3,"gi_zscore":-0.1311,"gi_pvalue":0.491,"significance":"not_sig"}},{"type":"Feature","geometry":{"type":"Point","coordinates":[74.84706,12.86937]},"properties":{"cell_id":59504,"case_count":5,"gi_zscore":-0.1288,"gi_pvalue":0.452,"significance":"not_sig"}},{"type":"Feature","geometry":{"type":"Point","coordinates":[74.85882,12.86937]},"properties":{"cell_id":59505,"case_count":1,"gi_zscore":-0.1335,"gi_pvalue":0.469,"significance":"not_sig"}},{"type":"Feature","geometry":{"type":"Point","coordinates":[75.50588,12.86937]},"properties":{"cell_id":59560,"case_count":1,"gi_zscore":-0.15,"gi_pvalue":0.099,"significance":"cold_90"}},{"type":"Feature","geometry":{"type":"Point","coordinates":[77.56471,12.86937]},"properties":{"cell_id":59735,"case_count":1,"gi_zscore":-0.1382,"gi_pvalue":0.451,"significance":"not_sig"}},{"type":"Feature","geometry":{"type":"Point","coordinates":[77.57647,12.86937]},"properties":{"cell_id":59736,"case_count":1,"gi_zscore":-0.1264,"gi_pvalue":0.378,"significance":"not_sig"}},{"type":"Feature","geometry":{"type":"Point","coordinates":[77.58824,12.86937]},"properties":{"cell_id":59737,"case_count":3,"gi_zscore":-0.1264,"gi_pvalue":0.431,"significance":"not_sig"}},{"type":"Feature","geometry":{"type":"Point","coordinates":[77.6,12.86937]},"properties":{"cell_id":59738,"case_count":2,"gi_zscore":-0.1288,"gi_pvalue":0.431,"significance":"not_sig"}},{"type":"Feature","geometry":{"type":"Point","coordinates":[77.61176,12.86937]},"properties":{"cell_id":59739,"case_count":2,"gi_zscore":-0.1358,"gi_pvalue":0.49,"significance":"not_sig"}},{"type":"Feature","geometry":{"type":"Point","coordinates":[77.70588,12.86937]},"properties":{"cell_id":59747,"case_count":2,"gi_zscore":-0.15,"gi_pvalue":0.035,"significance":"cold_95"}},{"type":"Feature","geometry":{"type":"Point","coordinates":[77.85882,12.86937]},"properties":{"cell_id":59760,"case_count":1,"gi_zscore":-0.15,"gi_pvalue":0.098,"significance":"cold_90"}},{"type":"Feature","geometry":{"type":"Point","coordinates":[78.0,12.86937]},"properties":{"cell_id":59772,"case_count":2,"gi_zscore":-0.1476,"gi_pvalue":0.099,"significance":"cold_90"}},{"type":"Feature","geometry":{"type":"Point","coordinates":[74.84706,12.87838]},"properties":{"cell_id":59895,"case_count":1,"gi_zscore":-0.1335,"gi_pvalue":0.431,"significance":"not_sig"}},{"type":"Feature","geometry":{"type":"Point","coordinates":[74.85882,12.87838]},"properties":{"cell_id":59896,"case_count":2,"gi_zscore":-0.1335,"gi_pvalue":0.475,"significance":"not_sig"}},{"type":"Feature","geometry":{"type":"Point","coordinates":[75.03529,12.87838]},"properties":{"cell_id":59911,"case_count":2,"gi_zscore":-0.1523,"gi_pvalue":0.001,"significance":"cold_99"}},{"type":"Feature","geometry":{"type":"Point","coordinates":[76.92941,12.87838]},"properties":{"cell_id":60072,"case_count":1,"gi_zscore":-0.1311,"gi_pvalue":0.42,"significance":"not_sig"}},{"type":"Feature","geometry":{"type":"Point","coordinates":[77.44706,12.87838]},"properties":{"cell_id":60116,"case_count":1,"gi_zscore":-0.1453,"gi_pvalue":0.302,"significance":"not_sig"}},{"type":"Feature","geometry":{"type":"Point","coordinates":[77.55294,12.87838]},"properties":{"cell_id":60125,"case_count":1,"gi_zscore":-0.1406,"gi_pvalue":0.451,"significance":"not_sig"}},{"type":"Feature","geometry":{"type":"Point","coordinates":[77.56471,12.87838]},"properties":{"cell_id":60126,"case_count":3,"gi_zscore":-0.1406,"gi_pvalue":0.252,"significance":"not_sig"}},{"type":"Feature","geometry":{"type":"Point","coordinates":[77.57647,12.87838]},"properties":{"cell_id":60127,"case_count":1,"gi_zscore":-0.1335,"gi_pvalue":0.469,"significance":"not_sig"}},{"type":"Feature","geometry":{"type":"Point","coordinates":[77.61176,12.87838]},"properties":{"cell_id":60130,"case_count":1,"gi_zscore":-0.1453,"gi_pvalue":0.303,"significance":"not_sig"}},{"type":"Feature","geometry":{"type":"Point","coordinates":[77.63529,12.87838]},"properties":{"cell_id":60132,"case_count":1,"gi_zscore":-0.15,"gi_pvalue":0.095,"significance":"cold_90"}},{"type":"Feature","geometry":{"type":"Point","coordinates":[77.64706,12.87838]},"properties":{"cell_id":60133,"case_count":1,"gi_zscore":-0.15,"gi_pvalue":0.095,"significance":"cold_90"}},{"type":"Feature","geometry":{"type":"Point","coordinates":[77.70588,12.87838]},"properties":{"cell_id":60138,"case_count":1,"gi_zscore":-0.1476,"gi_pvalue":0.188,"significance":"not_sig"}},{"type":"Feature","geometry":{"type":"Point","coordinates":[77.75294,12.87838]},"properties":{"cell_id":60142,"case_count":1,"gi_zscore":-0.1382,"gi_pvalue":0.451,"significance":"not_sig"}},{"type":"Feature","geometry":{"type":"Point","coordinates":[74.82353,12.88739]},"properties":{"cell_id":60284,"case_count":1,"gi_zscore":-0.1406,"gi_pvalue":0.451,"significance":"not_sig"}},{"type":"Feature","geometry":{"type":"Point","coordinates":[74.83529,12.88739]},"properties":{"cell_id":60285,"case_count":1,"gi_zscore":-0.1382,"gi_pvalue":0.489,"significance":"not_sig"}},{"type":"Feature","geometry":{"type":"Point","coordinates":[74.85882,12.88739]},"properties":{"cell_id":60287,"case_count":2,"gi_zscore":-0.1382,"gi_pvalue":0.452,"significance":"not_sig"}},{"type":"Feature","geometry":{"type":"Point","coordinates":[77.44706,12.88739]},"properties":{"cell_id":60507,"case_count":3,"gi_zscore":-0.1453,"gi_pvalue":0.17,"significance":"not_sig"}},{"type":"Feature","geometry":{"type":"Point","coordinates":[77.48235,12.88739]},"properties":{"cell_id":60510,"case_count":2,"gi_zscore":-0.1453,"gi_pvalue":0.189,"significance":"not_sig"}},{"type":"Feature","geometry":{"type":"Point","coordinates":[77.54118,12.88739]},"properties":{"cell_id":60515,"case_count":1,"gi_zscore":-0.1476,"gi_pvalue":0.189,"significance":"not_sig"}},{"type":"Feature","geometry":{"type":"Point","coordinates":[77.55294,12.88739]},"properties":{"cell_id":60516,"case_count":1,"gi_zscore":-0.1453,"gi_pvalue":0.305,"significance":"not_sig"}},{"type":"Feature","geometry":{"type":"Point","coordinates":[77.57647,12.88739]},"properties":{"cell_id":60518,"case_count":4,"gi_zscore":-0.1358,"gi_pvalue":0.319,"significance":"not_sig"}},{"type":"Feature","geometry":{"type":"Point","coordinates":[77.58824,12.88739]},"properties":{"cell_id":60519,"case_count":3,"gi_zscore":-0.1335,"gi_pvalue":0.476,"significance":"not_sig"}},{"type":"Feature","geometry":{"type":"Point","coordinates":[77.6,12.88739]},"properties":{"cell_id":60520,"case_count":2,"gi_zscore":-0.1453,"gi_pvalue":0.189,"significance":"not_sig"}},{"type":"Feature","geometry":{"type":"Point","coordinates":[77.61176,12.88739]},"properties":{"cell_id":60521,"case_count":1,"gi_zscore":-0.1453,"gi_pvalue":0.301,"significance":"not_sig"}},{"type":"Feature","geometry":{"type":"Point","coordinates":[77.65882,12.88739]},"properties":{"cell_id":60525,"case_count":1,"gi_zscore":-0.1523,"gi_pvalue":0.036,"significance":"cold_95"}},{"type":"Feature","geometry":{"type":"Point","coordinates":[77.70588,12.88739]},"properties":{"cell_id":60529,"case_count":1,"gi_zscore":-0.1476,"gi_pvalue":0.188,"significance":"not_sig"}},{"type":"Feature","geometry":{"type":"Point","coordinates":[77.71765,12.88739]},"properties":{"cell_id":60530,"case_count":1,"gi_zscore":-0.1217,"gi_pvalue":0.338,"significance":"not_sig"}},{"type":"Feature","geometry":{"type":"Point","coordinates":[77.74118,12.88739]},"properties":{"cell_id":60532,"case_count":1,"gi_zscore":-0.1099,"gi_pvalue":0.285,"significance":"not_sig"}},{"type":"Feature","geometry":{"type":"Point","coordinates":[74.82353,12.8964]},"properties":{"cell_id":60675,"case_count":1,"gi_zscore":-0.1476,"gi_pvalue":0.188,"significance":"not_sig"}},{"type":"Feature","geometry":{"type":"Point","coordinates":[74.84706,12.8964]},"properties":{"cell_id":60677,"case_count":1,"gi_zscore":-0.1476,"gi_pvalue":0.17,"significance":"not_sig"}},{"type":"Feature","geometry":{"type":"Point","coordinates":[76.16471,12.8964]},"properties":{"cell_id":60789,"case_count":1,"gi_zscore":-0.1429,"gi_pvalue":0.318,"significance":"not_sig"}},{"type":"Feature","geometry":{"type":"Point","coordinates":[76.17647,12.8964]},"properties":{"cell_id":60790,"case_count":1,"gi_zscore":-0.1429,"gi_pvalue":0.342,"significance":"not_sig"}},{"type":"Feature","geometry":{"type":"Point","coordinates":[77.04706,12.8964]},"properties":{"cell_id":60864,"case_count":1,"gi_zscore":-0.1335,"gi_pvalue":0.467,"significance":"not_sig"}},{"type":"Feature","geometry":{"type":"Point","coordinates":[77.55294,12.8964]},"properties":{"cell_id":60907,"case_count":1,"gi_zscore":-0.15,"gi_pvalue":0.095,"significance":"cold_90"}},{"type":"Feature","geometry":{"type":"Point","coordinates":[77.56471,12.8964]},"properties":{"cell_id":60908,"case_count":2,"gi_zscore":-0.1382,"gi_pvalue":0.453,"significance":"not_sig"}},{"type":"Feature","geometry":{"type":"Point","coordinates":[77.57647,12.8964]},"properties":{"cell_id":60909,"case_count":1,"gi_zscore":-0.1311,"gi_pvalue":0.402,"significance":"not_sig"}},{"type":"Feature","geometry":{"type":"Point","coordinates":[77.58824,12.8964]},"properties":{"cell_id":60910,"case_count":1,"gi_zscore":-0.1335,"gi_pvalue":0.473,"significance":"not_sig"}},{"type":"Feature","geometry":{"type":"Point","coordinates":[77.6,12.8964]},"properties":{"cell_id":60911,"case_count":1,"gi_zscore":-0.1476,"gi_pvalue":0.188,"significance":"not_sig"}},{"type":"Feature","geometry":{"type":"Point","coordinates":[77.61176,12.8964]},"properties":{"cell_id":60912,"case_count":1,"gi_zscore":-0.1406,"gi_pvalue":0.425,"significance":"not_sig"}},{"type":"Feature","geometry":{"type":"Point","coordinates":[77.62353,12.8964]},"properties":{"cell_id":60913,"case_count":2,"gi_zscore":-0.1382,"gi_pvalue":0.392,"significance":"not_sig"}},{"type":"Feature","geometry":{"type":"Point","coordinates":[77.63529,12.8964]},"properties":{"cell_id":60914,"case_count":1,"gi_zscore":-0.1476,"gi_pvalue":0.17,"significance":"not_sig"}},{"type":"Feature","geometry":{"type":"Point","coordinates":[77.67059,12.8964]},"properties":{"cell_id":60917,"case_count":1,"gi_zscore":-0.15,"gi_pvalue":0.095,"significance":"cold_90"}},{"type":"Feature","geometry":{"type":"Point","coordinates":[77.84706,12.8964]},"properties":{"cell_id":60932,"case_count":1,"gi_zscore":-0.15,"gi_pvalue":0.095,"significance":"cold_90"}},{"type":"Feature","geometry":{"type":"Point","coordinates":[74.83529,12.90541]},"properties":{"cell_id":61067,"case_count":2,"gi_zscore":-0.1523,"gi_pvalue":0.001,"significance":"cold_99"}},{"type":"Feature","geometry":{"type":"Point","coordinates":[74.84706,12.90541]},"properties":{"cell_id":61068,"case_count":1,"gi_zscore":-0.15,"gi_pvalue":0.094,"significance":"cold_90"}},{"type":"Feature","geometry":{"type":"Point","coordinates":[76.38824,12.90541]},"properties":{"cell_id":61199,"case_count":2,"gi_zscore":-0.1523,"gi_pvalue":0.038,"significance":"cold_95"}},{"type":"Feature","geometry":{"type":"Point","coordinates":[77.48235,12.90541]},"properties":{"cell_id":61292,"case_count":2,"gi_zscore":-0.1453,"gi_pvalue":0.189,"significance":"not_sig"}},{"type":"Feature","geometry":{"type":"Point","coordinates":[77.51765,12.90541]},"properties":{"cell_id":61295,"case_count":1,"gi_zscore":-0.1476,"gi_pvalue":0.188,"significance":"not_sig"}},{"type":"Feature","geometry":{"type":"Point","coordinates":[77.52941,12.90541]},"properties":{"cell_id":61296,"case_count":1,"gi_zscore":-0.1476,"gi_pvalue":0.188,"significance":"not_sig"}},{"type":"Feature","geometry":{"type":"Point","coordinates":[77.55294,12.90541]},"properties":{"cell_id":61298,"case_count":1,"gi_zscore":-0.1453,"gi_pvalue":0.247,"significance":"not_sig"}},{"type":"Feature","geometry":{"type":"Point","coordinates":[77.56471,12.90541]},"properties":{"cell_id":61299,"case_count":2,"gi_zscore":-0.1476,"gi_pvalue":0.094,"significance":"cold_90"}},{"type":"Feature","geometry":{"type":"Point","coordinates":[77.6,12.90541]},"properties":{"cell_id":61302,"case_count":1,"gi_zscore":-0.1311,"gi_pvalue":0.42,"significance":"not_sig"}},{"type":"Feature","geometry":{"type":"Point","coordinates":[77.62353,12.90541]},"properties":{"cell_id":61304,"case_count":1,"gi_zscore":-0.1217,"gi_pvalue":0.334,"significance":"not_sig"}},{"type":"Feature","geometry":{"type":"Point","coordinates":[77.65882,12.90541]},"properties":{"cell_id":61307,"case_count":1,"gi_zscore":-0.1453,"gi_pvalue":0.248,"significance":"not_sig"}},{"type":"Feature","geometry":{"type":"Point","coordinates":[77.67059,12.90541]},"properties":{"cell_id":61308,"case_count":1,"gi_zscore":-0.15,"gi_pvalue":0.093,"significance":"cold_90"}},{"type":"Feature","geometry":{"type":"Point","coordinates":[77.68235,12.90541]},"properties":{"cell_id":61309,"case_count":2,"gi_zscore":-0.15,"gi_pvalue":0.038,"significance":"cold_95"}},{"type":"Feature","geometry":{"type":"Point","coordinates":[77.69412,12.90541]},"properties":{"cell_id":61310,"case_count":1,"gi_zscore":-0.1429,"gi_pvalue":0.345,"significance":"not_sig"}},{"type":"Feature","geometry":{"type":"Point","coordinates":[77.72941,12.90541]},"properties":{"cell_id":61313,"case_count":1,"gi_zscore":0.1303,"gi_pvalue":0.136,"significance":"not_sig"}},{"type":"Feature","geometry":{"type":"Point","coordinates":[77.74118,12.90541]},"properties":{"cell_id":61314,"case_count":1,"gi_zscore":0.0549,"gi_pvalue":0.151,"significance":"not_sig"}},{"type":"Feature","geometry":{"type":"Point","coordinates":[74.83529,12.91441]},"properties":{"cell_id":61458,"case_count":1,"gi_zscore":-0.1523,"gi_pvalue":0.038,"significance":"cold_95"}},{"type":"Feature","geometry":{"type":"Point","coordinates":[74.84706,12.91441]},"properties":{"cell_id":61459,"case_count":1,"gi_zscore":-0.15,"gi_pvalue":0.171,"significance":"not_sig"}},{"type":"Feature","geometry":{"type":"Point","coordinates":[76.42353,12.91441]},"properties":{"cell_id":61593,"case_count":1,"gi_zscore":-0.1523,"gi_pvalue":0.092,"significance":"cold_90"}},{"type":"Feature","geometry":{"type":"Point","coordinates":[77.48235,12.91441]},"properties":{"cell_id":61683,"case_count":1,"gi_zscore":-0.1429,"gi_pvalue":0.385,"significance":"not_sig"}},{"type":"Feature","geometry":{"type":"Point","coordinates":[77.49412,12.91441]},"properties":{"cell_id":61684,"case_count":1,"gi_zscore":-0.1406,"gi_pvalue":0.389,"significance":"not_sig"}},{"type":"Feature","geometry":{"type":"Point","coordinates":[77.51765,12.91441]},"properties":{"cell_id":61686,"case_count":3,"gi_zscore":-0.1476,"gi_pvalue":0.093,"significance":"cold_90"}},{"type":"Feature","geometry":{"type":"Point","coordinates":[77.55294,12.91441]},"properties":{"cell_id":61689,"case_count":1,"gi_zscore":-0.1453,"gi_pvalue":0.303,"significance":"not_sig"}},{"type":"Feature","geometry":{"type":"Point","coordinates":[77.56471,12.91441]},"properties":{"cell_id":61690,"case_count":1,"gi_zscore":-0.1288,"gi_pvalue":0.391,"significance":"not_sig"}},{"type":"Feature","geometry":{"type":"Point","coordinates":[77.57647,12.91441]},"properties":{"cell_id":61691,"case_count":2,"gi_zscore":-0.1335,"gi_pvalue":0.492,"significance":"not_sig"}},{"type":"Feature","geometry":{"type":"Point","coordinates":[77.58824,12.91441]},"properties":{"cell_id":61692,"case_count":3,"gi_zscore":-0.1288,"gi_pvalue":0.467,"significance":"not_sig"}},{"type":"Feature","geometry":{"type":"Point","coordinates":[77.6,12.91441]},"properties":{"cell_id":61693,"case_count":1,"gi_zscore":-0.1123,"gi_pvalue":0.294,"significance":"not_sig"}},{"type":"Feature","geometry":{"type":"Point","coordinates":[77.61176,12.91441]},"properties":{"cell_id":61694,"case_count":5,"gi_zscore":-0.1099,"gi_pvalue":0.329,"significance":"not_sig"}},{"type":"Feature","geometry":{"type":"Point","coordinates":[77.62353,12.91441]},"properties":{"cell_id":61695,"case_count":3,"gi_zscore":-0.1146,"gi_pvalue":0.329,"significance":"not_sig"}},{"type":"Feature","geometry":{"type":"Point","coordinates":[77.68235,12.91441]},"properties":{"cell_id":61700,"case_count":1,"gi_zscore":-0.15,"gi_pvalue":0.093,"significance":"cold_90"}},{"type":"Feature","geometry":{"type":"Point","coordinates":[77.69412,12.91441]},"properties":{"cell_id":61701,"case_count":1,"gi_zscore":-0.1076,"gi_pvalue":0.281,"significance":"not_sig"}},{"type":"Feature","geometry":{"type":"Point","coordinates":[77.71765,12.91441]},"properties":{"cell_id":61703,"case_count":2,"gi_zscore":0.0997,"gi_pvalue":0.149,"significance":"not_sig"}},{"type":"Feature","geometry":{"type":"Point","coordinates":[77.72941,12.91441]},"properties":{"cell_id":61704,"case_count":13,"gi_zscore":0.1515,"gi_pvalue":0.136,"significance":"not_sig"}},{"type":"Feature","geometry":{"type":"Point","coordinates":[77.74118,12.91441]},"properties":{"cell_id":61705,"case_count":7,"gi_zscore":0.0856,"gi_pvalue":0.149,"significance":"not_sig"}},{"type":"Feature","geometry":{"type":"Point","coordinates":[77.75294,12.91441]},"properties":{"cell_id":61706,"case_count":2,"gi_zscore":0.0856,"gi_pvalue":0.149,"significance":"not_sig"}},{"type":"Feature","geometry":{"type":"Point","coordinates":[74.85882,12.92342]},"properties":{"cell_id":61851,"case_count":1,"gi_zscore":-0.15,"gi_pvalue":0.167,"significance":"not_sig"}},{"type":"Feature","geometry":{"type":"Point","coordinates":[74.87059,12.92342]},"properties":{"cell_id":61852,"case_count":1,"gi_zscore":-0.1523,"gi_pvalue":0.038,"significance":"cold_95"}},{"type":"Feature","geometry":{"type":"Point","coordinates":[76.95294,12.92342]},"properties":{"cell_id":62029,"case_count":1,"gi_zscore":-0.1288,"gi_pvalue":0.393,"significance":"not_sig"}},{"type":"Feature","geometry":{"type":"Point","coordinates":[77.49412,12.92342]},"properties":{"cell_id":62075,"case_count":1,"gi_zscore":-0.1406,"gi_pvalue":0.392,"significance":"not_sig"}},{"type":"Feature","geometry":{"type":"Point","coordinates":[77.50588,12.92342]},"properties":{"cell_id":62076,"case_count":1,"gi_zscore":-0.1406,"gi_pvalue":0.392,"significance":"not_sig"}},{"type":"Feature","geometry":{"type":"Point","coordinates":[77.52941,12.92342]},"properties":{"cell_id":62078,"case_count":2,"gi_zscore":-0.1194,"gi_pvalue":0.34,"significance":"not_sig"}},{"type":"Feature","geometry":{"type":"Point","coordinates":[77.54118,12.92342]},"properties":{"cell_id":62079,"case_count":1,"gi_zscore":-0.1311,"gi_pvalue":0.422,"significance":"not_sig"}},{"type":"Feature","geometry":{"type":"Point","coordinates":[77.55294,12.92342]},"properties":{"cell_id":62080,"case_count":3,"gi_zscore":-0.1311,"gi_pvalue":0.49,"significance":"not_sig"}},{"type":"Feature","geometry":{"type":"Point","coordinates":[77.56471,12.92342]},"properties":{"cell_id":62081,"case_count":1,"gi_zscore":-0.1241,"gi_pvalue":0.342,"significance":"not_sig"}},{"type":"Feature","geometry":{"type":"Point","coordinates":[77.58824,12.92342]},"properties":{"cell_id":62083,"case_count":2,"gi_zscore":-0.1264,"gi_pvalue":0.404,"significance":"not_sig"}},{"type":"Feature","geometry":{"type":"Point","coordinates":[77.6,12.92342]},"properties":{"cell_id":62084,"case_count":4,"gi_zscore":-0.1005,"gi_pvalue":0.28,"significance":"not_sig"}},{"type":"Feature","geometry":{"type":"Point","coordinates":[77.61176,12.92342]},"properties":{"cell_id":62085,"case_count":8,"gi_zscore":-0.1029,"gi_pvalue":0.328,"significance":"not_sig"}},{"type":"Feature","geometry":{"type":"Point","coordinates":[77.62353,12.92342]},"properties":{"cell_id":62086,"case_count":1,"gi_zscore":-0.1146,"gi_pvalue":0.305,"significance":"not_sig"}},{"type":"Feature","geometry":{"type":"Point","coordinates":[77.63529,12.92342]},"properties":{"cell_id":62087,"case_count":1,"gi_zscore":-0.1264,"gi_pvalue":0.382,"significance":"not_sig"}},{"type":"Feature","geometry":{"type":"Point","coordinates":[77.64706,12.92342]},"properties":{"cell_id":62088,"case_count":3,"gi_zscore":-0.1429,"gi_pvalue":0.248,"significance":"not_sig"}},{"type":"Feature","geometry":{"type":"Point","coordinates":[77.67059,12.92342]},"properties":{"cell_id":62090,"case_count":2,"gi_zscore":-0.1453,"gi_pvalue":0.181,"significance":"not_sig"}},{"type":"Feature","geometry":{"type":"Point","coordinates":[77.69412,12.92342]},"properties":{"cell_id":62092,"case_count":1,"gi_zscore":-0.1123,"gi_pvalue":0.292,"significance":"not_sig"}},{"type":"Feature","geometry":{"type":"Point","coordinates":[77.70588,12.92342]},"properties":{"cell_id":62093,"case_count":4,"gi_zscore":0.0055,"gi_pvalue":0.168,"significance":"not_sig"}},{"type":"Feature","geometry":{"type":"Point","coordinates":[77.71765,12.92342]},"properties":{"cell_id":62094,"case_count":34,"gi_zscore":0.1256,"gi_pvalue":0.152,"significance":"not_sig"}},{"type":"Feature","geometry":{"type":"Point","coordinates":[77.72941,12.92342]},"properties":{"cell_id":62095,"case_count":31,"gi_zscore":0.1963,"gi_pvalue":0.137,"significance":"not_sig"}},{"type":"Feature","geometry":{"type":"Point","coordinates":[77.74118,12.92342]},"properties":{"cell_id":62096,"case_count":40,"gi_zscore":0.1068,"gi_pvalue":0.159,"significance":"not_sig"}},{"type":"Feature","geometry":{"type":"Point","coordinates":[77.77647,12.92342]},"properties":{"cell_id":62099,"case_count":1,"gi_zscore":-0.0039,"gi_pvalue":0.167,"significance":"not_sig"}},{"type":"Feature","geometry":{"type":"Point","coordinates":[74.85882,12.93243]},"properties":{"cell_id":62242,"case_count":1,"gi_zscore":-0.15,"gi_pvalue":0.091,"significance":"cold_90"}},{"type":"Feature","geometry":{"type":"Point","coordinates":[74.89412,12.93243]},"properties":{"cell_id":62245,"case_count":2,"gi_zscore":-0.1523,"gi_pvalue":0.001,"significance":"cold_99"}},{"type":"Feature","geometry":{"type":"Point","coordinates":[74.91765,12.93243]},"properties":{"cell_id":62247,"case_count":1,"gi_zscore":-0.1523,"gi_pvalue":0.038,"significance":"cold_95"}},{"type":"Feature","geometry":{"type":"Point","coordinates":[74.94118,12.93243]},"properties":{"cell_id":62249,"case_count":1,"gi_zscore":-0.1523,"gi_pvalue":0.09,"significance":"cold_90"}},{"type":"Feature","geometry":{"type":"Point","coordinates":[76.92941,12.93243]},"properties":{"cell_id":62418,"case_count":4,"gi_zscore":-0.1288,"gi_pvalue":0.489,"significance":"not_sig"}},{"type":"Feature","geometry":{"type":"Point","coordinates":[77.2,12.93243]},"properties":{"cell_id":62441,"case_count":1,"gi_zscore":-0.1523,"gi_pvalue":0.089,"significance":"cold_90"}},{"type":"Feature","geometry":{"type":"Point","coordinates":[77.47059,12.93243]},"properties":{"cell_id":62464,"case_count":1,"gi_zscore":-0.1382,"gi_pvalue":0.477,"significance":"not_sig"}},{"type":"Feature","geometry":{"type":"Point","coordinates":[77.49412,12.93243]},"properties":{"cell_id":62466,"case_count":3,"gi_zscore":-0.1406,"gi_pvalue":0.308,"significance":"not_sig"}},{"type":"Feature","geometry":{"type":"Point","coordinates":[77.52941,12.93243]},"properties":{"cell_id":62469,"case_count":1,"gi_zscore":-0.117,"gi_pvalue":0.316,"significance":"not_sig"}},{"type":"Feature","geometry":{"type":"Point","coordinates":[77.54118,12.93243]},"properties":{"cell_id":62470,"case_count":2,"gi_zscore":-0.1123,"gi_pvalue":0.307,"significance":"not_sig"}},{"type":"Feature","geometry":{"type":"Point","coordinates":[77.55294,12.93243]},"properties":{"cell_id":62471,"case_count":2,"gi_zscore":-0.1099,"gi_pvalue":0.294,"significance":"not_sig"}},{"type":"Feature","geometry":{"type":"Point","coordinates":[77.56471,12.93243]},"properties":{"cell_id":62472,"case_count":7,"gi_zscore":-0.117,"gi_pvalue":0.432,"significance":"not_sig"}},{"type":"Feature","geometry":{"type":"Point","coordinates":[77.57647,12.93243]},"properties":{"cell_id":62473,"case_count":3,"gi_zscore":-0.1052,"gi_pvalue":0.287,"significance":"not_sig"}},{"type":"Feature","geometry":{"type":"Point","coordinates":[77.58824,12.93243]},"properties":{"cell_id":62474,"case_count":3,"gi_zscore":-0.1241,"gi_pvalue":0.394,"significance":"not_sig"}},{"type":"Feature","geometry":{"type":"Point","coordinates":[77.6,12.93243]},"properties":{"cell_id":62475,"case_count":2,"gi_zscore":-0.1099,"gi_pvalue":0.298,"significance":"not_sig"}},{"type":"Feature","geometry":{"type":"Point","coordinates":[77.61176,12.93243]},"properties":{"cell_id":62476,"case_count":4,"gi_zscore":-0.1076,"gi_pvalue":0.307,"significance":"not_sig"}},{"type":"Feature","geometry":{"type":"Point","coordinates":[77.63529,12.93243]},"properties":{"cell_id":62478,"case_count":1,"gi_zscore":-0.1241,"gi_pvalue":0.361,"significance":"not_sig"}},{"type":"Feature","geometry":{"type":"Point","coordinates":[77.67059,12.93243]},"properties":{"cell_id":62481,"case_count":1,"gi_zscore":-0.1476,"gi_pvalue":0.177,"significance":"not_sig"}},{"type":"Feature","geometry":{"type":"Point","coordinates":[77.68235,12.93243]},"properties":{"cell_id":62482,"case_count":1,"gi_zscore":-0.117,"gi_pvalue":0.316,"significance":"not_sig"}},{"type":"Feature","geometry":{"type":"Point","coordinates":[77.70588,12.93243]},"properties":{"cell_id":62484,"case_count":16,"gi_zscore":0.0031,"gi_pvalue":0.175,"significance":"not_sig"}},{"type":"Feature","geometry":{"type":"Point","coordinates":[77.71765,12.93243]},"properties":{"cell_id":62485,"case_count":6,"gi_zscore":0.1539,"gi_pvalue":0.135,"significance":"not_sig"}},{"type":"Feature","geometry":{"type":"Point","coordinates":[77.72941,12.93243]},"properties":{"cell_id":62486,"case_count":10,"gi_zscore":0.2858,"gi_pvalue":0.126,"significance":"not_sig"}},{"type":"Feature","geometry":{"type":"Point","coordinates":[77.74118,12.93243]},"properties":{"cell_id":62487,"case_count":15,"gi_zscore":0.1939,"gi_pvalue":0.135,"significance":"not_sig"}},{"type":"Feature","geometry":{"type":"Point","coordinates":[77.75294,12.93243]},"properties":{"cell_id":62488,"case_count":1,"gi_zscore":0.1256,"gi_pvalue":0.137,"significance":"not_sig"}},{"type":"Feature","geometry":{"type":"Point","coordinates":[77.83529,12.93243]},"properties":{"cell_id":62495,"case_count":1,"gi_zscore":-0.1476,"gi_pvalue":0.175,"significance":"not_sig"}},{"type":"Feature","geometry":{"type":"Point","coordinates":[78.27059,12.93243]},"properties":{"cell_id":62532,"case_count":1,"gi_zscore":-0.1547,"gi_pvalue":0.037,"significance":"cold_95"}},{"type":"Feature","geometry":{"type":"Point","coordinates":[77.47059,12.94144]},"properties":{"cell_id":62855,"case_count":1,"gi_zscore":-0.1406,"gi_pvalue":0.45,"significance":"not_sig"}},{"type":"Feature","geometry":{"type":"Point","coordinates":[77.49412,12.94144]},"properties":{"cell_id":62857,"case_count":2,"gi_zscore":-0.051,"gi_pvalue":0.191,"significance":"not_sig"}},{"type":"Feature","geometry":{"type":"Point","coordinates":[77.51765,12.94144]},"properties":{"cell_id":62859,"case_count":1,"gi_zscore":-0.0911,"gi_pvalue":0.241,"significance":"not_sig"}},{"type":"Feature","geometry":{"type":"Point","coordinates":[77.52941,12.94144]},"properties":{"cell_id":62860,"case_count":7,"gi_zscore":-0.0911,"gi_pvalue":0.275,"significance":"not_sig"}},{"type":"Feature","geometry":{"type":"Point","coordinates":[77.54118,12.94144]},"properties":{"cell_id":62861,"case_count":6,"gi_zscore":-0.0864,"gi_pvalue":0.254,"significance":"not_sig"}},{"type":"Feature","geometry":{"type":"Point","coordinates":[77.55294,12.94144]},"properties":{"cell_id":62862,"case_count":3,"gi_zscore":-0.0817,"gi_pvalue":0.224,"significance":"not_sig"}},{"type":"Feature","geometry":{"type":"Point","coordinates":[77.56471,12.94144]},"properties":{"cell_id":62863,"case_count":3,"gi_zscore":-0.0958,"gi_pvalue":0.263,"significance":"not_sig"}},{"type":"Feature","geometry":{"type":"Point","coordinates":[77.6,12.94144]},"properties":{"cell_id":62866,"case_count":1,"gi_zscore":-0.1123,"gi_pvalue":0.294,"significance":"not_sig"}},{"type":"Feature","geometry":{"type":"Point","coordinates":[77.61176,12.94144]},"properties":{"cell_id":62867,"case_count":3,"gi_zscore":-0.1099,"gi_pvalue":0.306,"significance":"not_sig"}},{"type":"Feature","geometry":{"type":"Point","coordinates":[77.62353,12.94144]},"properties":{"cell_id":62868,"case_count":2,"gi_zscore":-0.1194,"gi_pvalue":0.341,"significance":"not_sig"}},{"type":"Feature","geometry":{"type":"Point","coordinates":[77.63529,12.94144]},"properties":{"cell_id":62869,"case_count":1,"gi_zscore":-0.1382,"gi_pvalue":0.486,"significance":"not_sig"}},{"type":"Feature","geometry":{"type":"Point","coordinates":[77.69412,12.94144]},"properties":{"cell_id":62874,"case_count":1,"gi_zscore":-0.1099,"gi_pvalue":0.28,"significance":"not_sig"}},{"type":"Feature","geometry":{"type":"Point","coordinates":[77.70588,12.94144]},"properties":{"cell_id":62875,"case_count":1,"gi_zscore":-0.0675,"gi_pvalue":0.202,"significance":"not_sig"}},{"type":"Feature","geometry":{"type":"Point","coordinates":[77.71765,12.94144]},"properties":{"cell_id":62876,"case_count":12,"gi_zscore":0.0031,"gi_pvalue":0.17,"significance":"not_sig"}},{"type":"Feature","geometry":{"type":"Point","coordinates":[77.72941,12.94144]},"properties":{"cell_id":62877,"case_count":26,"gi_zscore":0.1232,"gi_pvalue":0.15,"significance":"not_sig"}},{"type":"Feature","geometry":{"type":"Point","coordinates":[77.74118,12.94144]},"properties":{"cell_id":62878,"case_count":22,"gi_zscore":0.1115,"gi_pvalue":0.15,"significance":"not_sig"}},{"type":"Feature","geometry":{"type":"Point","coordinates":[77.75294,12.94144]},"properties":{"cell_id":62879,"case_count":5,"gi_zscore":0.1091,"gi_pvalue":0.148,"significance":"not_sig"}},{"type":"Feature","geometry":{"type":"Point","coordinates":[77.77647,12.94144]},"properties":{"cell_id":62881,"case_count":1,"gi_zscore":-0.0605,"gi_pvalue":0.195,"significance":"not_sig"}},{"type":"Feature","geometry":{"type":"Point","coordinates":[77.8,12.94144]},"properties":{"cell_id":62883,"case_count":1,"gi_zscore":-0.1476,"gi_pvalue":0.174,"significance":"not_sig"}},{"type":"Feature","geometry":{"type":"Point","coordinates":[77.85882,12.94144]},"properties":{"cell_id":62888,"case_count":1,"gi_zscore":-0.1382,"gi_pvalue":0.449,"significance":"not_sig"}},{"type":"Feature","geometry":{"type":"Point","coordinates":[78.27059,12.94144]},"properties":{"cell_id":62923,"case_count":1,"gi_zscore":-0.1547,"gi_pvalue":0.037,"significance":"cold_95"}},{"type":"Feature","geometry":{"type":"Point","coordinates":[77.11765,12.95045]},"properties":{"cell_id":63216,"case_count":1,"gi_zscore":-0.1453,"gi_pvalue":0.308,"significance":"not_sig"}},{"type":"Feature","geometry":{"type":"Point","coordinates":[77.48235,12.95045]},"properties":{"cell_id":63247,"case_count":4,"gi_zscore":-0.0793,"gi_pvalue":0.232,"significance":"not_sig"}},{"type":"Feature","geometry":{"type":"Point","coordinates":[77.49412,12.95045]},"properties":{"cell_id":63248,"case_count":1,"gi_zscore":0.0502,"gi_pvalue":0.151,"significance":"not_sig"}},{"type":"Feature","geometry":{"type":"Point","coordinates":[77.52941,12.95045]},"properties":{"cell_id":63251,"case_count":2,"gi_zscore":-0.0652,"gi_pvalue":0.204,"significance":"not_sig"}},{"type":"Feature","geometry":{"type":"Point","coordinates":[77.54118,12.95045]},"properties":{"cell_id":63252,"case_count":12,"gi_zscore":-0.0675,"gi_pvalue":0.243,"significance":"not_sig"}},{"type":"Feature","geometry":{"type":"Point","coordinates":[77.55294,12.95045]},"properties":{"cell_id":63253,"case_count":3,"gi_zscore":-0.0746,"gi_pvalue":0.216,"significance":"not_sig"}},{"type":"Feature","geometry":{"type":"Point","coordinates":[77.56471,12.95045]},"properties":{"cell_id":63254,"case_count":2,"gi_zscore":-0.0934,"gi_pvalue":0.25,"significance":"not_sig"}},{"type":"Feature","geometry":{"type":"Point","coordinates":[77.57647,12.95045]},"properties":{"cell_id":63255,"case_count":7,"gi_zscore":-0.0817,"gi_pvalue":0.25,"significance":"not_sig"}},{"type":"Feature","geometry":{"type":"Point","coordinates":[77.58824,12.95045]},"properties":{"cell_id":63256,"case_count":2,"gi_zscore":-0.1029,"gi_pvalue":0.276,"significance":"not_sig"}},{"type":"Feature","geometry":{"type":"Point","coordinates":[77.6,12.95045]},"properties":{"cell_id":63257,"case_count":4,"gi_zscore":0.0785,"gi_pvalue":0.149,"significance":"not_sig"}},{"type":"Feature","geometry":{"type":"Point","coordinates":[77.61176,12.95045]},"properties":{"cell_id":63258,"case_count":4,"gi_zscore":-0.117,"gi_pvalue":0.347,"significance":"not_sig"}},{"type":"Feature","geometry":{"type":"Point","coordinates":[77.62353,12.95045]},"properties":{"cell_id":63259,"case_count":6,"gi_zscore":-0.117,"gi_pvalue":0.399,"significance":"not_sig"}},{"type":"Feature","geometry":{"type":"Point","coordinates":[77.70588,12.95045]},"properties":{"cell_id":63266,"case_count":1,"gi_zscore":-0.0746,"gi_pvalue":0.209,"significance":"not_sig"}},{"type":"Feature","geometry":{"type":"Point","coordinates":[77.71765,12.95045]},"properties":{"cell_id":63267,"case_count":3,"gi_zscore":-0.0487,"gi_pvalue":0.19,"significance":"not_sig"}},{"type":"Feature","geometry":{"type":"Point","coordinates":[77.83529,12.95045]},"properties":{"cell_id":63277,"case_count":1,"gi_zscore":-0.1335,"gi_pvalue":0.484,"significance":"not_sig"}},{"type":"Feature","geometry":{"type":"Point","coordinates":[78.27059,12.95045]},"properties":{"cell_id":63314,"case_count":1,"gi_zscore":-0.1547,"gi_pvalue":0.037,"significance":"cold_95"}},{"type":"Feature","geometry":{"type":"Point","coordinates":[74.87059,12.95946]},"properties":{"cell_id":63416,"case_count":1,"gi_zscore":-0.1523,"gi_pvalue":0.037,"significance":"cold_95"}},{"type":"Feature","geometry":{"type":"Point","coordinates":[74.92941,12.95946]},"properties":{"cell_id":63421,"case_count":1,"gi_zscore":-0.1523,"gi_pvalue":0.089,"significance":"cold_90"}},{"type":"Feature","geometry":{"type":"Point","coordinates":[77.22353,12.95946]},"properties":{"cell_id":63616,"case_count":1,"gi_zscore":-0.1547,"gi_pvalue":0.037,"significance":"cold_95"}},{"type":"Feature","geometry":{"type":"Point","coordinates":[77.45882,12.95946]},"properties":{"cell_id":63636,"case_count":1,"gi_zscore":-0.0817,"gi_pvalue":0.221,"significance":"not_sig"}},{"type":"Feature","geometry":{"type":"Point","coordinates":[77.48235,12.95946]},"properties":{"cell_id":63638,"case_count":1,"gi_zscore":0.0173,"gi_pvalue":0.159,"significance":"not_sig"}},{"type":"Feature","geometry":{"type":"Point","coordinates":[77.49412,12.95946]},"properties":{"cell_id":63639,"case_count":28,"gi_zscore":0.0691,"gi_pvalue":0.163,"significance":"not_sig"}},{"type":"Feature","geometry":{"type":"Point","coordinates":[77.50588,12.95946]},"properties":{"cell_id":63640,"case_count":12,"gi_zscore":0.0879,"gi_pvalue":0.15,"significance":"not_sig"}},{"type":"Feature","geometry":{"type":"Point","coordinates":[77.51765,12.95946]},"properties":{"cell_id":63641,"case_count":7,"gi_zscore":-0.0581,"gi_pvalue":0.204,"significance":"not_sig"}},{"type":"Feature","geometry":{"type":"Point","coordinates":[77.52941,12.95946]},"properties":{"cell_id":63642,"case_count":3,"gi_zscore":-0.0534,"gi_pvalue":0.193,"significance":"not_sig"}},{"type":"Feature","geometry":{"type":"Point","coordinates":[77.54118,12.95946]},"properties":{"cell_id":63643,"case_count":6,"gi_zscore":-0.0864,"gi_pvalue":0.251,"significance":"not_sig"}},{"type":"Feature","geometry":{"type":"Point","coordinates":[77.55294,12.95946]},"properties":{"cell_id":63644,"case_count":4,"gi_zscore":-0.0793,"gi_pvalue":0.228,"significance":"not_sig"}},{"type":"Feature","geometry":{"type":"Point","coordinates":[77.56471,12.95946]},"properties":{"cell_id":63645,"case_count":4,"gi_zscore":-0.0746,"gi_pvalue":0.216,"significance":"not_sig"}},{"type":"Feature","geometry":{"type":"Point","coordinates":[77.57647,12.95946]},"properties":{"cell_id":63646,"case_count":5,"gi_zscore":-0.0746,"gi_pvalue":0.219,"significance":"not_sig"}},{"type":"Feature","geometry":{"type":"Point","coordinates":[77.58824,12.95946]},"properties":{"cell_id":63647,"case_count":3,"gi_zscore":0.1209,"gi_pvalue":0.141,"significance":"not_sig"}},{"type":"Feature","geometry":{"type":"Point","coordinates":[77.6,12.95946]},"properties":{"cell_id":63648,"case_count":1,"gi_zscore":0.0856,"gi_pvalue":0.149,"significance":"not_sig"}},{"type":"Feature","geometry":{"type":"Point","coordinates":[77.61176,12.95946]},"properties":{"cell_id":63649,"case_count":2,"gi_zscore":0.0903,"gi_pvalue":0.149,"significance":"not_sig"}},{"type":"Feature","geometry":{"type":"Point","coordinates":[77.62353,12.95946]},"properties":{"cell_id":63650,"case_count":2,"gi_zscore":-0.1123,"gi_pvalue":0.306,"significance":"not_sig"}},{"type":"Feature","geometry":{"type":"Point","coordinates":[77.63529,12.95946]},"properties":{"cell_id":63651,"case_count":1,"gi_zscore":-0.1194,"gi_pvalue":0.33,"significance":"not_sig"}},{"type":"Feature","geometry":{"type":"Point","coordinates":[77.64706,12.95946]},"properties":{"cell_id":63652,"case_count":1,"gi_zscore":-0.1358,"gi_pvalue":0.491,"significance":"not_sig"}},{"type":"Feature","geometry":{"type":"Point","coordinates":[77.65882,12.95946]},"properties":{"cell_id":63653,"case_count":2,"gi_zscore":-0.1476,"gi_pvalue":0.089,"significance":"cold_90"}},{"type":"Feature","geometry":{"type":"Point","coordinates":[77.67059,12.95946]},"properties":{"cell_id":63654,"case_count":1,"gi_zscore":-0.1429,"gi_pvalue":0.338,"significance":"not_sig"}},{"type":"Feature","geometry":{"type":"Point","coordinates":[77.68235,12.95946]},"properties":{"cell_id":63655,"case_count":1,"gi_zscore":-0.1453,"gi_pvalue":0.24,"significance":"not_sig"}},{"type":"Feature","geometry":{"type":"Point","coordinates":[77.70588,12.95946]},"properties":{"cell_id":63657,"case_count":2,"gi_zscore":-0.1476,"gi_pvalue":0.089,"significance":"cold_90"}},{"type":"Feature","geometry":{"type":"Point","coordinates":[77.71765,12.95946]},"properties":{"cell_id":63658,"case_count":1,"gi_zscore":-0.117,"gi_pvalue":0.313,"significance":"not_sig"}},{"type":"Feature","geometry":{"type":"Point","coordinates":[77.72941,12.95946]},"properties":{"cell_id":63659,"case_count":2,"gi_zscore":-0.011,"gi_pvalue":0.168,"significance":"not_sig"}},{"type":"Feature","geometry":{"type":"Point","coordinates":[77.75294,12.95946]},"properties":{"cell_id":63661,"case_count":1,"gi_zscore":-0.0581,"gi_pvalue":0.192,"significance":"not_sig"}},{"type":"Feature","geometry":{"type":"Point","coordinates":[77.85882,12.95946]},"properties":{"cell_id":63670,"case_count":3,"gi_zscore":-0.1382,"gi_pvalue":0.382,"significance":"not_sig"}},{"type":"Feature","geometry":{"type":"Point","coordinates":[78.27059,12.95946]},"properties":{"cell_id":63705,"case_count":1,"gi_zscore":-0.1547,"gi_pvalue":0.037,"significance":"cold_95"}},{"type":"Feature","geometry":{"type":"Point","coordinates":[78.28235,12.95946]},"properties":{"cell_id":63706,"case_count":1,"gi_zscore":-0.1547,"gi_pvalue":0.037,"significance":"cold_95"}},{"type":"Feature","geometry":{"type":"Point","coordinates":[77.4,12.96847]},"properties":{"cell_id":64022,"case_count":1,"gi_zscore":-0.1523,"gi_pvalue":0.037,"significance":"cold_95"}},{"type":"Feature","geometry":{"type":"Point","coordinates":[77.47059,12.96847]},"properties":{"cell_id":64028,"case_count":1,"gi_zscore":0.0173,"gi_pvalue":0.159,"significance":"not_sig"}},{"type":"Feature","geometry":{"type":"Point","coordinates":[77.48235,12.96847]},"properties":{"cell_id":64029,"case_count":2,"gi_zscore":0.0173,"gi_pvalue":0.159,"significance":"not_sig"}},{"type":"Feature","geometry":{"type":"Point","coordinates":[77.49412,12.96847]},"properties":{"cell_id":64030,"case_count":43,"gi_zscore":0.0667,"gi_pvalue":0.172,"significance":"not_sig"}},{"type":"Feature","geometry":{"type":"Point","coordinates":[77.50588,12.96847]},"properties":{"cell_id":64031,"case_count":12,"gi_zscore":0.0973,"gi_pvalue":0.149,"significance":"not_sig"}},{"type":"Feature","geometry":{"type":"Point","coordinates":[77.51765,12.96847]},"properties":{"cell_id":64032,"case_count":4,"gi_zscore":-0.0393,"gi_pvalue":0.18,"significance":"not_sig"}},{"type":"Feature","geometry":{"type":"Point","coordinates":[77.52941,12.96847]},"properties":{"cell_id":64033,"case_count":3,"gi_zscore":-0.0793,"gi_pvalue":0.213,"significance":"not_sig"}},{"type":"Feature","geometry":{"type":"Point","coordinates":[77.55294,12.96847]},"properties":{"cell_id":64035,"case_count":3,"gi_zscore":-0.1076,"gi_pvalue":0.279,"significance":"not_sig"}},{"type":"Feature","geometry":{"type":"Point","coordinates":[77.56471,12.96847]},"properties":{"cell_id":64036,"case_count":4,"gi_zscore":-0.0911,"gi_pvalue":0.247,"significance":"not_sig"}},{"type":"Feature","geometry":{"type":"Point","coordinates":[77.57647,12.96847]},"properties":{"cell_id":64037,"case_count":11,"gi_zscore":-0.0911,"gi_pvalue":0.3,"significance":"not_sig"}},{"type":"Feature","geometry":{"type":"Point","coordinates":[77.58824,12.96847]},"properties":{"cell_id":64038,"case_count":5,"gi_zscore":1.3527,"gi_pvalue":0.007,"significance":"hot_99"}},{"type":"Feature","geometry":{"type":"Point","coordinates":[77.6,12.96847]},"properties":{"cell_id":64039,"case_count":88,"gi_zscore":1.3221,"gi_pvalue":0.01,"significance":"hot_99"}},{"type":"Feature","geometry":{"type":"Point","coordinates":[77.61176,12.96847]},"properties":{"cell_id":64040,"case_count":2,"gi_zscore":1.3339,"gi_pvalue":0.007,"significance":"hot_99"}},{"type":"Feature","geometry":{"type":"Point","coordinates":[77.62353,12.96847]},"properties":{"cell_id":64041,"case_count":4,"gi_zscore":-0.1099,"gi_pvalue":0.309,"significance":"not_sig"}},{"type":"Feature","geometry":{"type":"Point","coordinates":[77.63529,12.96847]},"properties":{"cell_id":64042,"case_count":4,"gi_zscore":-0.1146,"gi_pvalue":0.337,"significance":"not_sig"}},{"type":"Feature","geometry":{"type":"Point","coordinates":[77.64706,12.96847]},"properties":{"cell_id":64043,"case_count":1,"gi_zscore":-0.1288,"gi_pvalue":0.395,"significance":"not_sig"}},{"type":"Feature","geometry":{"type":"Point","coordinates":[77.65882,12.96847]},"properties":{"cell_id":64044,"case_count":2,"gi_zscore":-0.1406,"gi_pvalue":0.388,"significance":"not_sig"}},{"type":"Feature","geometry":{"type":"Point","coordinates":[77.67059,12.96847]},"properties":{"cell_id":64045,"case_count":2,"gi_zscore":-0.1358,"gi_pvalue":0.449,"significance":"not_sig"}},{"type":"Feature","geometry":{"type":"Point","coordinates":[77.69412,12.96847]},"properties":{"cell_id":64047,"case_count":1,"gi_zscore":-0.1453,"gi_pvalue":0.241,"significance":"not_sig"}},{"type":"Feature","geometry":{"type":"Point","coordinates":[77.71765,12.96847]},"properties":{"cell_id":64049,"case_count":1,"gi_zscore":-0.1429,"gi_pvalue":0.324,"significance":"not_sig"}},{"type":"Feature","geometry":{"type":"Point","coordinates":[77.72941,12.96847]},"properties":{"cell_id":64050,"case_count":2,"gi_zscore":-0.1429,"gi_pvalue":0.306,"significance":"not_sig"}},{"type":"Feature","geometry":{"type":"Point","coordinates":[77.82353,12.96847]},"properties":{"cell_id":64058,"case_count":1,"gi_zscore":-0.1335,"gi_pvalue":0.474,"significance":"not_sig"}},{"type":"Feature","geometry":{"type":"Point","coordinates":[77.83529,12.96847]},"properties":{"cell_id":64059,"case_count":2,"gi_zscore":-0.1335,"gi_pvalue":0.494,"significance":"not_sig"}},{"type":"Feature","geometry":{"type":"Point","coordinates":[77.84706,12.96847]},"properties":{"cell_id":64060,"case_count":1,"gi_zscore":-0.1335,"gi_pvalue":0.474,"significance":"not_sig"}},{"type":"Feature","geometry":{"type":"Point","coordinates":[78.27059,12.96847]},"properties":{"cell_id":64096,"case_count":1,"gi_zscore":-0.1547,"gi_pvalue":0.037,"significance":"cold_95"}},{"type":"Feature","geometry":{"type":"Point","coordinates":[75.23529,12.97748]},"properties":{"cell_id":64229,"case_count":1,"gi_zscore":-0.15,"gi_pvalue":0.09,"significance":"cold_90"}},{"type":"Feature","geometry":{"type":"Point","coordinates":[76.85882,12.97748]},"properties":{"cell_id":64367,"case_count":1,"gi_zscore":-0.1241,"gi_pvalue":0.345,"significance":"not_sig"}},{"type":"Feature","geometry":{"type":"Point","coordinates":[77.48235,12.97748]},"properties":{"cell_id":64420,"case_count":1,"gi_zscore":0.0408,"gi_pvalue":0.157,"significance":"not_sig"}},{"type":"Feature","geometry":{"type":"Point","coordinates":[77.49412,12.97748]},"properties":{"cell_id":64421,"case_count":1,"gi_zscore":0.0667,"gi_pvalue":0.15,"significance":"not_sig"}},{"type":"Feature","geometry":{"type":"Point","coordinates":[77.50588,12.97748]},"properties":{"cell_id":64422,"case_count":3,"gi_zscore":0.0196,"gi_pvalue":0.162,"significance":"not_sig"}},{"type":"Feature","geometry":{"type":"Point","coordinates":[77.51765,12.97748]},"properties":{"cell_id":64423,"case_count":6,"gi_zscore":-0.0817,"gi_pvalue":0.24,"significance":"not_sig"}},{"type":"Feature","geometry":{"type":"Point","coordinates":[77.52941,12.97748]},"properties":{"cell_id":64424,"case_count":8,"gi_zscore":-0.0982,"gi_pvalue":0.289,"significance":"not_sig"}},{"type":"Feature","geometry":{"type":"Point","coordinates":[77.54118,12.97748]},"properties":{"cell_id":64425,"case_count":2,"gi_zscore":-0.0887,"gi_pvalue":0.236,"significance":"not_sig"}},{"type":"Feature","geometry":{"type":"Point","coordinates":[77.55294,12.97748]},"properties":{"cell_id":64426,"case_count":2,"gi_zscore":-0.1005,"gi_pvalue":0.262,"significance":"not_sig"}},{"type":"Feature","geometry":{"type":"Point","coordinates":[77.56471,12.97748]},"properties":{"cell_id":64427,"case_count":1,"gi_zscore":-0.0864,"gi_pvalue":0.221,"significance":"not_sig"}},{"type":"Feature","geometry":{"type":"Point","coordinates":[77.57647,12.97748]},"properties":{"cell_id":64428,"case_count":2,"gi_zscore":-0.0982,"gi_pvalue":0.252,"significance":"not_sig"}},{"type":"Feature","geometry":{"type":"Point","coordinates":[77.58824,12.97748]},"properties":{"cell_id":64429,"case_count":1,"gi_zscore":1.487,"gi_pvalue":0.006,"significance":"hot_99"}},{"type":"Feature","geometry":{"type":"Point","coordinates":[77.6,12.97748]},"properties":{"cell_id":64430,"case_count":533,"gi_zscore":2.5375,"gi_pvalue":0.01,"significance":"hot_99"}},{"type":"Feature","geometry":{"type":"Point","coordinates":[77.61176,12.97748]},"properties":{"cell_id":64431,"case_count":1,"gi_zscore":2.5634,"gi_pvalue":0.001,"significance":"hot_99"}},{"type":"Feature","geometry":{"type":"Point","coordinates":[77.62353,12.97748]},"properties":{"cell_id":64432,"case_count":8,"gi_zscore":0.9782,"gi_pvalue":0.038,"significance":"hot_95"}},{"type":"Feature","geometry":{"type":"Point","coordinates":[77.63529,12.97748]},"properties":{"cell_id":64433,"case_count":4,"gi_zscore":-0.1052,"gi_pvalue":0.289,"significance":"not_sig"}},{"type":"Feature","geometry":{"type":"Point","coordinates":[77.64706,12.97748]},"properties":{"cell_id":64434,"case_count":1,"gi_zscore":-0.1264,"gi_pvalue":0.38,"significance":"not_sig"}},{"type":"Feature","geometry":{"type":"Point","coordinates":[77.67059,12.97748]},"properties":{"cell_id":64436,"case_count":1,"gi_zscore":-0.1358,"gi_pvalue":0.494,"significance":"not_sig"}},{"type":"Feature","geometry":{"type":"Point","coordinates":[77.68235,12.97748]},"properties":{"cell_id":64437,"case_count":3,"gi_zscore":-0.1311,"gi_pvalue":0.497,"significance":"not_sig"}},{"type":"Feature","geometry":{"type":"Point","coordinates":[77.69412,12.97748]},"properties":{"cell_id":64438,"case_count":1,"gi_zscore":-0.1311,"gi_pvalue":0.432,"significance":"not_sig"}},{"type":"Feature","geometry":{"type":"Point","coordinates":[77.70588,12.97748]},"properties":{"cell_id":64439,"case_count":1,"gi_zscore":-0.1311,"gi_pvalue":0.432,"significance":"not_sig"}},{"type":"Feature","geometry":{"type":"Point","coordinates":[77.75294,12.97748]},"properties":{"cell_id":64443,"case_count":1,"gi_zscore":-0.15,"gi_pvalue":0.16,"significance":"not_sig"}},{"type":"Feature","geometry":{"type":"Point","coordinates":[77.82353,12.97748]},"properties":{"cell_id":64449,"case_count":3,"gi_zscore":-0.1382,"gi_pvalue":0.391,"significance":"not_sig"}},{"type":"Feature","geometry":{"type":"Point","coordinates":[77.83529,12.97748]},"properties":{"cell_id":64450,"case_count":5,"gi_zscore":-0.1335,"gi_pvalue":0.347,"significance":"not_sig"}},{"type":"Feature","geometry":{"type":"Point","coordinates":[77.87059,12.97748]},"properties":{"cell_id":64453,"case_count":1,"gi_zscore":-0.1382,"gi_pvalue":0.479,"significance":"not_sig"}},{"type":"Feature","geometry":{"type":"Point","coordinates":[77.94118,12.97748]},"properties":{"cell_id":64459,"case_count":1,"gi_zscore":-0.15,"gi_pvalue":0.157,"significance":"not_sig"}},{"type":"Feature","geometry":{"type":"Point","coordinates":[75.21176,12.98649]},"properties":{"cell_id":64618,"case_count":1,"gi_zscore":-0.15,"gi_pvalue":0.089,"significance":"cold_90"}},{"type":"Feature","geometry":{"type":"Point","coordinates":[76.21176,12.98649]},"properties":{"cell_id":64703,"case_count":1,"gi_zscore":-0.1453,"gi_pvalue":0.303,"significance":"not_sig"}},{"type":"Feature","geometry":{"type":"Point","coordinates":[76.88235,12.98649]},"properties":{"cell_id":64760,"case_count":2,"gi_zscore":-0.1146,"gi_pvalue":0.315,"significance":"not_sig"}},{"type":"Feature","geometry":{"type":"Point","coordinates":[77.50588,12.98649]},"properties":{"cell_id":64813,"case_count":1,"gi_zscore":-0.0982,"gi_pvalue":0.243,"significance":"not_sig"}},{"type":"Feature","geometry":{"type":"Point","coordinates":[77.52941,12.98649]},"properties":{"cell_id":64815,"case_count":2,"gi_zscore":-0.1029,"gi_pvalue":0.265,"significance":"not_sig"}},{"type":"Feature","geometry":{"type":"Point","coordinates":[77.54118,12.98649]},"properties":{"cell_id":64816,"case_count":3,"gi_zscore":-0.0911,"gi_pvalue":0.242,"significance":"not_sig"}},{"type":"Feature","geometry":{"type":"Point","coordinates":[77.55294,12.98649]},"properties":{"cell_id":64817,"case_count":8,"gi_zscore":-0.1076,"gi_pvalue":0.361,"significance":"not_sig"}},{"type":"Feature","geometry":{"type":"Point","coordinates":[77.57647,12.98649]},"properties":{"cell_id":64819,"case_count":3,"gi_zscore":-0.1311,"gi_pvalue":0.496,"significance":"not_sig"}},{"type":"Feature","geometry":{"type":"Point","coordinates":[77.58824,12.98649]},"properties":{"cell_id":64820,"case_count":1,"gi_zscore":1.2632,"gi_pvalue":0.01,"significance":"hot_99"}},{"type":"Feature","geometry":{"type":"Point","coordinates":[77.6,12.98649]},"properties":{"cell_id":64821,"case_count":62,"gi_zscore":2.8366,"gi_pvalue":0.001,"significance":"hot_99"}},{"type":"Feature","geometry":{"type":"Point","coordinates":[77.61176,12.98649]},"properties":{"cell_id":64822,"case_count":459,"gi_zscore":3.661,"gi_pvalue":0.001,"significance":"hot_99"}},{"type":"Feature","geometry":{"type":"Point","coordinates":[77.62353,12.98649]},"properties":{"cell_id":64823,"case_count":6,"gi_zscore":3.1216,"gi_pvalue":0.001,"significance":"hot_99"}},{"type":"Feature","geometry":{"type":"Point","coordinates":[77.65882,12.98649]},"properties":{"cell_id":64826,"case_count":4,"gi_zscore":-0.1382,"gi_pvalue":0.323,"significance":"not_sig"}},{"type":"Feature","geometry":{"type":"Point","coordinates":[77.75294,12.98649]},"properties":{"cell_id":64834,"case_count":1,"gi_zscore":-0.15,"gi_pvalue":0.088,"significance":"cold_90"}},{"type":"Feature","geometry":{"type":"Point","coordinates":[77.77647,12.98649]},"properties":{"cell_id":64836,"case_count":1,"gi_zscore":-0.1547,"gi_pvalue":0.036,"significance":"cold_95"}},{"type":"Feature","geometry":{"type":"Point","coordinates":[77.78824,12.98649]},"properties":{"cell_id":64837,"case_count":1,"gi_zscore":-0.15,"gi_pvalue":0.155,"significance":"not_sig"}},{"type":"Feature","geometry":{"type":"Point","coordinates":[77.83529,12.98649]},"properties":{"cell_id":64841,"case_count":1,"gi_zscore":-0.1335,"gi_pvalue":0.469,"significance":"not_sig"}},{"type":"Feature","geometry":{"type":"Point","coordinates":[77.87059,12.98649]},"properties":{"cell_id":64844,"case_count":1,"gi_zscore":-0.1382,"gi_pvalue":0.477,"significance":"not_sig"}},{"type":"Feature","geometry":{"type":"Point","coordinates":[77.91765,12.98649]},"properties":{"cell_id":64848,"case_count":1,"gi_zscore":-0.15,"gi_pvalue":0.155,"significance":"not_sig"}},{"type":"Feature","geometry":{"type":"Point","coordinates":[78.07059,12.98649]},"properties":{"cell_id":64861,"case_count":1,"gi_zscore":-0.15,"gi_pvalue":0.088,"significance":"cold_90"}},{"type":"Feature","geometry":{"type":"Point","coordinates":[78.17647,12.98649]},"properties":{"cell_id":64870,"case_count":1,"gi_zscore":-0.1547,"gi_pvalue":0.036,"significance":"cold_95"}},{"type":"Feature","geometry":{"type":"Point","coordinates":[78.18824,12.98649]},"properties":{"cell_id":64871,"case_count":1,"gi_zscore":-0.1547,"gi_pvalue":0.036,"significance":"cold_95"}},{"type":"Feature","geometry":{"type":"Point","coordinates":[78.23529,12.98649]},"properties":{"cell_id":64875,"case_count":1,"gi_zscore":-0.1547,"gi_pvalue":0.036,"significance":"cold_95"}},{"type":"Feature","geometry":{"type":"Point","coordinates":[78.28235,12.98649]},"properties":{"cell_id":64879,"case_count":1,"gi_zscore":-0.1547,"gi_pvalue":0.036,"significance":"cold_95"}},{"type":"Feature","geometry":{"type":"Point","coordinates":[74.81176,12.9955]},"properties":{"cell_id":64975,"case_count":1,"gi_zscore":-0.1547,"gi_pvalue":0.036,"significance":"cold_95"}},{"type":"Feature","geometry":{"type":"Point","coordinates":[75.0,12.9955]},"properties":{"cell_id":64991,"case_count":1,"gi_zscore":-0.15,"gi_pvalue":0.155,"significance":"not_sig"}},{"type":"Feature","geometry":{"type":"Point","coordinates":[76.89412,12.9955]},"properties":{"cell_id":65152,"case_count":7,"gi_zscore":-0.1146,"gi_pvalue":0.411,"significance":"not_sig"}},{"type":"Feature","geometry":{"type":"Point","coordinates":[77.0,12.9955]},"properties":{"cell_id":65161,"case_count":2,"gi_zscore":-0.1358,"gi_pvalue":0.445,"significance":"not_sig"}},{"type":"Feature","geometry":{"type":"Point","coordinates":[77.50588,12.9955]},"properties":{"cell_id":65204,"case_count":1,"gi_zscore":-0.1264,"gi_pvalue":0.383,"significance":"not_sig"}},{"type":"Feature","geometry":{"type":"Point","coordinates":[77.51765,12.9955]},"properties":{"cell_id":65205,"case_count":1,"gi_zscore":-0.1146,"gi_pvalue":0.301,"significance":"not_sig"}},{"type":"Feature","geometry":{"type":"Point","coordinates":[77.52941,12.9955]},"properties":{"cell_id":65206,"case_count":2,"gi_zscore":-0.1005,"gi_pvalue":0.257,"significance":"not_sig"}},{"type":"Feature","geometry":{"type":"Point","coordinates":[77.54118,12.9955]},"properties":{"cell_id":65207,"case_count":4,"gi_zscore":-0.0958,"gi_pvalue":0.261,"significance":"not_sig"}},{"type":"Feature","geometry":{"type":"Point","coordinates":[77.55294,12.9955]},"properties":{"cell_id":65208,"case_count":5,"gi_zscore":-0.1005,"gi_pvalue":0.271,"significance":"not_sig"}},{"type":"Feature","geometry":{"type":"Point","coordinates":[77.56471,12.9955]},"properties":{"cell_id":65209,"case_count":1,"gi_zscore":-0.1005,"gi_pvalue":0.249,"significance":"not_sig"}},{"type":"Feature","geometry":{"type":"Point","coordinates":[77.57647,12.9955]},"properties":{"cell_id":65210,"case_count":4,"gi_zscore":-0.1241,"gi_pvalue":0.415,"significance":"not_sig"}},{"type":"Feature","geometry":{"type":"Point","coordinates":[77.58824,12.9955]},"properties":{"cell_id":65211,"case_count":2,"gi_zscore":0.022,"gi_pvalue":0.161,"significance":"not_sig"}},{"type":"Feature","geometry":{"type":"Point","coordinates":[77.6,12.9955]},"properties":{"cell_id":65212,"case_count":3,"gi_zscore":1.5906,"gi_pvalue":0.005,"significance":"hot_99"}},{"type":"Feature","geometry":{"type":"Point","coordinates":[77.61176,12.9955]},"properties":{"cell_id":65213,"case_count":217,"gi_zscore":3.2417,"gi_pvalue":0.001,"significance":"hot_99"}},{"type":"Feature","geometry":{"type":"Point","coordinates":[77.62353,12.9955]},"properties":{"cell_id":65214,"case_count":340,"gi_zscore":4.6502,"gi_pvalue":0.001,"significance":"hot_99"}},{"type":"Feature","geometry":{"type":"Point","coordinates":[77.65882,12.9955]},"properties":{"cell_id":65217,"case_count":2,"gi_zscore":0.2151,"gi_pvalue":0.136,"significance":"not_sig"}},{"type":"Feature","geometry":{"type":"Point","coordinates":[77.67059,12.9955]},"properties":{"cell_id":65218,"case_count":1,"gi_zscore":-0.117,"gi_pvalue":0.307,"significance":"not_sig"}},{"type":"Feature","geometry":{"type":"Point","coordinates":[77.68235,12.9955]},"properties":{"cell_id":65219,"case_count":2,"gi_zscore":-0.1288,"gi_pvalue":0.435,"significance":"not_sig"}},{"type":"Feature","geometry":{"type":"Point","coordinates":[77.69412,12.9955]},"properties":{"cell_id":65220,"case_count":7,"gi_zscore":-0.1146,"gi_pvalue":0.414,"significance":"not_sig"}},{"type":"Feature","geometry":{"type":"Point","coordinates":[77.76471,12.9955]},"properties":{"cell_id":65226,"case_count":1,"gi_zscore":-0.1523,"gi_pvalue":0.035,"significance":"cold_95"}},{"type":"Feature","geometry":{"type":"Point","coordinates":[77.91765,12.9955]},"properties":{"cell_id":65239,"case_count":1,"gi_zscore":-0.15,"gi_pvalue":0.155,"significance":"not_sig"}},{"type":"Feature","geometry":{"type":"Point","coordinates":[78.23529,12.9955]},"properties":{"cell_id":65266,"case_count":1,"gi_zscore":-0.1547,"gi_pvalue":0.035,"significance":"cold_95"}},{"type":"Feature","geometry":{"type":"Point","coordinates":[76.07059,13.0045]},"properties":{"cell_id":65473,"case_count":1,"gi_zscore":-0.1429,"gi_pvalue":0.339,"significance":"not_sig"}},{"type":"Feature","geometry":{"type":"Point","coordinates":[76.10588,13.0045]},"properties":{"cell_id":65476,"case_count":2,"gi_zscore":-0.1429,"gi_pvalue":0.303,"significance":"not_sig"}},{"type":"Feature","geometry":{"type":"Point","coordinates":[76.12941,13.0045]},"properties":{"cell_id":65478,"case_count":1,"gi_zscore":-0.1429,"gi_pvalue":0.339,"significance":"not_sig"}},{"type":"Feature","geometry":{"type":"Point","coordinates":[76.27059,13.0045]},"properties":{"cell_id":65490,"case_count":1,"gi_zscore":-0.1453,"gi_pvalue":0.303,"significance":"not_sig"}},{"type":"Feature","geometry":{"type":"Point","coordinates":[76.88235,13.0045]},"properties":{"cell_id":65542,"case_count":1,"gi_zscore":-0.1146,"gi_pvalue":0.302,"significance":"not_sig"}},{"type":"Feature","geometry":{"type":"Point","coordinates":[76.96471,13.0045]},"properties":{"cell_id":65549,"case_count":1,"gi_zscore":-0.1241,"gi_pvalue":0.348,"significance":"not_sig"}},{"type":"Feature","geometry":{"type":"Point","coordinates":[77.03529,13.0045]},"properties":{"cell_id":65555,"case_count":2,"gi_zscore":-0.1335,"gi_pvalue":0.49,"significance":"not_sig"}},{"type":"Feature","geometry":{"type":"Point","coordinates":[77.35294,13.0045]},"properties":{"cell_id":65582,"case_count":2,"gi_zscore":-0.15,"gi_pvalue":0.035,"significance":"cold_95"}},{"type":"Feature","geometry":{"type":"Point","coordinates":[77.38824,13.0045]},"properties":{"cell_id":65585,"case_count":1,"gi_zscore":-0.15,"gi_pvalue":0.088,"significance":"cold_90"}},{"type":"Feature","geometry":{"type":"Point","coordinates":[77.45882,13.0045]},"properties":{"cell_id":65591,"case_count":1,"gi_zscore":-0.1453,"gi_pvalue":0.302,"significance":"not_sig"}},{"type":"Feature","geometry":{"type":"Point","coordinates":[77.48235,13.0045]},"properties":{"cell_id":65593,"case_count":1,"gi_zscore":-0.1429,"gi_pvalue":0.339,"significance":"not_sig"}},{"type":"Feature","geometry":{"type":"Point","coordinates":[77.49412,13.0045]},"properties":{"cell_id":65594,"case_count":3,"gi_zscore":-0.1406,"gi_pvalue":0.241,"significance":"not_sig"}},{"type":"Feature","geometry":{"type":"Point","coordinates":[77.50588,13.0045]},"properties":{"cell_id":65595,"case_count":4,"gi_zscore":-0.1288,"gi_pvalue":0.492,"significance":"not_sig"}},{"type":"Feature","geometry":{"type":"Point","coordinates":[77.52941,13.0045]},"properties":{"cell_id":65597,"case_count":3,"gi_zscore":-0.1029,"gi_pvalue":0.274,"significance":"not_sig"}},{"type":"Feature","geometry":{"type":"Point","coordinates":[77.54118,13.0045]},"properties":{"cell_id":65598,"case_count":3,"gi_zscore":-0.0934,"gi_pvalue":0.251,"significance":"not_sig"}},{"type":"Feature","geometry":{"type":"Point","coordinates":[77.55294,13.0045]},"properties":{"cell_id":65599,"case_count":4,"gi_zscore":-0.0934,"gi_pvalue":0.253,"significance":"not_sig"}},{"type":"Feature","geometry":{"type":"Point","coordinates":[77.56471,13.0045]},"properties":{"cell_id":65600,"case_count":2,"gi_zscore":-0.1146,"gi_pvalue":0.307,"significance":"not_sig"}},{"type":"Feature","geometry":{"type":"Point","coordinates":[77.57647,13.0045]},"properties":{"cell_id":65601,"case_count":4,"gi_zscore":-0.117,"gi_pvalue":0.364,"significance":"not_sig"}},{"type":"Feature","geometry":{"type":"Point","coordinates":[77.58824,13.0045]},"properties":{"cell_id":65602,"case_count":3,"gi_zscore":-0.117,"gi_pvalue":0.346,"significance":"not_sig"}},{"type":"Feature","geometry":{"type":"Point","coordinates":[77.6,13.0045]},"properties":{"cell_id":65603,"case_count":2,"gi_zscore":0.5119,"gi_pvalue":0.094,"significance":"hot_90"}},{"type":"Feature","geometry":{"type":"Point","coordinates":[77.61176,13.0045]},"properties":{"cell_id":65604,"case_count":1,"gi_zscore":3.0863,"gi_pvalue":0.001,"significance":"hot_99"}},{"type":"Feature","geometry":{"type":"Point","coordinates":[77.62353,13.0045]},"properties":{"cell_id":65605,"case_count":361,"gi_zscore":3.5621,"gi_pvalue":0.001,"significance":"hot_99"}},{"type":"Feature","geometry":{"type":"Point","coordinates":[77.63529,13.0045]},"properties":{"cell_id":65606,"case_count":152,"gi_zscore":4.1768,"gi_pvalue":0.001,"significance":"hot_99"}},{"type":"Feature","geometry":{"type":"Point","coordinates":[77.65882,13.0045]},"properties":{"cell_id":65608,"case_count":2,"gi_zscore":1.3622,"gi_pvalue":0.005,"significance":"hot_99"}},{"type":"Feature","geometry":{"type":"Point","coordinates":[77.69412,13.0045]},"properties":{"cell_id":65611,"case_count":1,"gi_zscore":-0.1123,"gi_pvalue":0.293,"significance":"not_sig"}},{"type":"Feature","geometry":{"type":"Point","coordinates":[77.70588,13.0045]},"properties":{"cell_id":65612,"case_count":3,"gi_zscore":-0.117,"gi_pvalue":0.349,"significance":"not_sig"}},{"type":"Feature","geometry":{"type":"Point","coordinates":[77.72941,13.0045]},"properties":{"cell_id":65614,"case_count":2,"gi_zscore":-0.1288,"gi_pvalue":0.439,"significance":"not_sig"}},{"type":"Feature","geometry":{"type":"Point","coordinates":[77.74118,13.0045]},"properties":{"cell_id":65615,"case_count":1,"gi_zscore":-0.15,"gi_pvalue":0.088,"significance":"cold_90"}},{"type":"Feature","geometry":{"type":"Point","coordinates":[77.75294,13.0045]},"properties":{"cell_id":65616,"case_count":1,"gi_zscore":-0.1523,"gi_pvalue":0.035,"significance":"cold_95"}},{"type":"Feature","geometry":{"type":"Point","coordinates":[77.94118,13.0045]},"properties":{"cell_id":65632,"case_count":1,"gi_zscore":-0.15,"gi_pvalue":0.088,"significance":"cold_90"}},{"type":"Feature","geometry":{"type":"Point","coordinates":[78.17647,13.0045]},"properties":{"cell_id":65652,"case_count":1,"gi_zscore":-0.1547,"gi_pvalue":0.035,"significance":"cold_95"}},{"type":"Feature","geometry":{"type":"Point","coordinates":[78.36471,13.0045]},"properties":{"cell_id":65668,"case_count":1,"gi_zscore":-0.1476,"gi_pvalue":0.171,"significance":"not_sig"}},{"type":"Feature","geometry":{"type":"Point","coordinates":[76.0,13.01351]},"properties":{"cell_id":65858,"case_count":1,"gi_zscore":-0.1429,"gi_pvalue":0.338,"significance":"not_sig"}},{"type":"Feature","geometry":{"type":"Point","coordinates":[76.10588,13.01351]},"properties":{"cell_id":65867,"case_count":2,"gi_zscore":-0.1429,"gi_pvalue":0.299,"significance":"not_sig"}},{"type":"Feature","geometry":{"type":"Point","coordinates":[77.01176,13.01351]},"properties":{"cell_id":65944,"case_count":3,"gi_zscore":-0.1335,"gi_pvalue":0.469,"significance":"not_sig"}},{"type":"Feature","geometry":{"type":"Point","coordinates":[77.03529,13.01351]},"properties":{"cell_id":65946,"case_count":3,"gi_zscore":-0.1335,"gi_pvalue":0.469,"significance":"not_sig"}},{"type":"Feature","geometry":{"type":"Point","coordinates":[77.10588,13.01351]},"properties":{"cell_id":65952,"case_count":2,"gi_zscore":-0.1429,"gi_pvalue":0.299,"significance":"not_sig"}},{"type":"Feature","geometry":{"type":"Point","coordinates":[77.30588,13.01351]},"properties":{"cell_id":65969,"case_count":1,"gi_zscore":-0.15,"gi_pvalue":0.089,"significance":"cold_90"}},{"type":"Feature","geometry":{"type":"Point","coordinates":[77.50588,13.01351]},"properties":{"cell_id":65986,"case_count":1,"gi_zscore":-0.1264,"gi_pvalue":0.383,"significance":"not_sig"}},{"type":"Feature","geometry":{"type":"Point","coordinates":[77.51765,13.01351]},"properties":{"cell_id":65987,"case_count":6,"gi_zscore":-0.1076,"gi_pvalue":0.32,"significance":"not_sig"}},{"type":"Feature","geometry":{"type":"Point","coordinates":[77.52941,13.01351]},"properties":{"cell_id":65988,"case_count":6,"gi_zscore":-0.0793,"gi_pvalue":0.24,"significance":"not_sig"}},{"type":"Feature","geometry":{"type":"Point","coordinates":[77.54118,13.01351]},"properties":{"cell_id":65989,"case_count":4,"gi_zscore":-0.0652,"gi_pvalue":0.205,"significance":"not_sig"}},{"type":"Feature","geometry":{"type":"Point","coordinates":[77.55294,13.01351]},"properties":{"cell_id":65990,"case_count":4,"gi_zscore":-0.0793,"gi_pvalue":0.227,"significance":"not_sig"}},{"type":"Feature","geometry":{"type":"Point","coordinates":[77.57647,13.01351]},"properties":{"cell_id":65992,"case_count":1,"gi_zscore":-0.1146,"gi_pvalue":0.294,"significance":"not_sig"}},{"type":"Feature","geometry":{"type":"Point","coordinates":[77.6,13.01351]},"properties":{"cell_id":65994,"case_count":1,"gi_zscore":-0.1194,"gi_pvalue":0.321,"significance":"not_sig"}},{"type":"Feature","geometry":{"type":"Point","coordinates":[77.61176,13.01351]},"properties":{"cell_id":65995,"case_count":1,"gi_zscore":1.2255,"gi_pvalue":0.01,"significance":"hot_99"}},{"type":"Feature","geometry":{"type":"Point","coordinates":[77.63529,13.01351]},"properties":{"cell_id":65997,"case_count":505,"gi_zscore":4.5395,"gi_pvalue":0.001,"significance":"hot_99"}},{"type":"Feature","geometry":{"type":"Point","coordinates":[77.64706,13.01351]},"properties":{"cell_id":65998,"case_count":1,"gi_zscore":2.8978,"gi_pvalue":0.001,"significance":"hot_99"}},{"type":"Feature","geometry":{"type":"Point","coordinates":[77.68235,13.01351]},"properties":{"cell_id":66001,"case_count":3,"gi_zscore":-0.1264,"gi_pvalue":0.436,"significance":"not_sig"}},{"type":"Feature","geometry":{"type":"Point","coordinates":[77.69412,13.01351]},"properties":{"cell_id":66002,"case_count":1,"gi_zscore":-0.1123,"gi_pvalue":0.288,"significance":"not_sig"}},{"type":"Feature","geometry":{"type":"Point","coordinates":[77.70588,13.01351]},"properties":{"cell_id":66003,"case_count":7,"gi_zscore":-0.117,"gi_pvalue":0.44,"significance":"not_sig"}},{"type":"Feature","geometry":{"type":"Point","coordinates":[77.71765,13.01351]},"properties":{"cell_id":66004,"case_count":2,"gi_zscore":-0.1288,"gi_pvalue":0.437,"significance":"not_sig"}},{"type":"Feature","geometry":{"type":"Point","coordinates":[77.82353,13.01351]},"properties":{"cell_id":66013,"case_count":1,"gi_zscore":-0.1335,"gi_pvalue":0.441,"significance":"not_sig"}},{"type":"Feature","geometry":{"type":"Point","coordinates":[78.37647,13.01351]},"properties":{"cell_id":66060,"case_count":4,"gi_zscore":-0.1476,"gi_pvalue":0.036,"significance":"cold_95"}},{"type":"Feature","geometry":{"type":"Point","coordinates":[74.87059,13.02252]},"properties":{"cell_id":66153,"case_count":1,"gi_zscore":-0.1523,"gi_pvalue":0.089,"significance":"cold_90"}},{"type":"Feature","geometry":{"type":"Point","coordinates":[76.10588,13.02252]},"properties":{"cell_id":66258,"case_count":1,"gi_zscore":-0.1429,"gi_pvalue":0.334,"significance":"not_sig"}},{"type":"Feature","geometry":{"type":"Point","coordinates":[76.11765,13.02252]},"properties":{"cell_id":66259,"case_count":4,"gi_zscore":-0.1429,"gi_pvalue":0.089,"significance":"cold_90"}},{"type":"Feature","geometry":{"type":"Point","coordinates":[76.98824,13.02252]},"properties":{"cell_id":66333,"case_count":1,"gi_zscore":-0.1358,"gi_pvalue":0.487,"significance":"not_sig"}},{"type":"Feature","geometry":{"type":"Point","coordinates":[77.0,13.02252]},"properties":{"cell_id":66334,"case_count":2,"gi_zscore":-0.1335,"gi_pvalue":0.478,"significance":"not_sig"}},{"type":"Feature","geometry":{"type":"Point","coordinates":[77.02353,13.02252]},"properties":{"cell_id":66336,"case_count":2,"gi_zscore":-0.1358,"gi_pvalue":0.488,"significance":"not_sig"}},{"type":"Feature","geometry":{"type":"Point","coordinates":[77.03529,13.02252]},"properties":{"cell_id":66337,"case_count":2,"gi_zscore":-0.1335,"gi_pvalue":0.489,"significance":"not_sig"}},{"type":"Feature","geometry":{"type":"Point","coordinates":[77.04706,13.02252]},"properties":{"cell_id":66338,"case_count":1,"gi_zscore":-0.1358,"gi_pvalue":0.478,"significance":"not_sig"}},{"type":"Feature","geometry":{"type":"Point","coordinates":[77.14118,13.02252]},"properties":{"cell_id":66346,"case_count":1,"gi_zscore":-0.1523,"gi_pvalue":0.087,"significance":"cold_90"}},{"type":"Feature","geometry":{"type":"Point","coordinates":[77.31765,13.02252]},"properties":{"cell_id":66361,"case_count":1,"gi_zscore":-0.15,"gi_pvalue":0.087,"significance":"cold_90"}},{"type":"Feature","geometry":{"type":"Point","coordinates":[77.32941,13.02252]},"properties":{"cell_id":66362,"case_count":1,"gi_zscore":-0.15,"gi_pvalue":0.087,"significance":"cold_90"}},{"type":"Feature","geometry":{"type":"Point","coordinates":[77.47059,13.02252]},"properties":{"cell_id":66374,"case_count":1,"gi_zscore":-0.1429,"gi_pvalue":0.377,"significance":"not_sig"}},{"type":"Feature","geometry":{"type":"Point","coordinates":[77.49412,13.02252]},"properties":{"cell_id":66376,"case_count":1,"gi_zscore":-0.1241,"gi_pvalue":0.349,"significance":"not_sig"}},{"type":"Feature","geometry":{"type":"Point","coordinates":[77.50588,13.02252]},"properties":{"cell_id":66377,"case_count":2,"gi_zscore":-0.1194,"gi_pvalue":0.338,"significance":"not_sig"}},{"type":"Feature","geometry":{"type":"Point","coordinates":[77.51765,13.02252]},"properties":{"cell_id":66378,"case_count":1,"gi_zscore":-0.0982,"gi_pvalue":0.252,"significance":"not_sig"}},{"type":"Feature","geometry":{"type":"Point","coordinates":[77.52941,13.02252]},"properties":{"cell_id":66379,"case_count":5,"gi_zscore":-0.0628,"gi_pvalue":0.203,"significance":"not_sig"}},{"type":"Feature","geometry":{"type":"Point","coordinates":[77.54118,13.02252]},"properties":{"cell_id":66380,"case_count":11,"gi_zscore":-0.0487,"gi_pvalue":0.203,"significance":"not_sig"}},{"type":"Feature","geometry":{"type":"Point","coordinates":[77.55294,13.02252]},"properties":{"cell_id":66381,"case_count":7,"gi_zscore":-0.0652,"gi_pvalue":0.214,"significance":"not_sig"}},{"type":"Feature","geometry":{"type":"Point","coordinates":[77.56471,13.02252]},"properties":{"cell_id":66382,"case_count":1,"gi_zscore":-0.1099,"gi_pvalue":0.278,"significance":"not_sig"}},{"type":"Feature","geometry":{"type":"Point","coordinates":[77.58824,13.02252]},"properties":{"cell_id":66384,"case_count":5,"gi_zscore":-0.1076,"gi_pvalue":0.317,"significance":"not_sig"}},{"type":"Feature","geometry":{"type":"Point","coordinates":[77.6,13.02252]},"properties":{"cell_id":66385,"case_count":4,"gi_zscore":-0.1123,"gi_pvalue":0.334,"significance":"not_sig"}},{"type":"Feature","geometry":{"type":"Point","coordinates":[77.61176,13.02252]},"properties":{"cell_id":66386,"case_count":4,"gi_zscore":-0.1241,"gi_pvalue":0.437,"significance":"not_sig"}},{"type":"Feature","geometry":{"type":"Point","coordinates":[77.63529,13.02252]},"properties":{"cell_id":66388,"case_count":1,"gi_zscore":2.8955,"gi_pvalue":0.001,"significance":"hot_99"}},{"type":"Feature","geometry":{"type":"Point","coordinates":[77.64706,13.02252]},"properties":{"cell_id":66389,"case_count":481,"gi_zscore":3.409,"gi_pvalue":0.001,"significance":"hot_99"}},{"type":"Feature","geometry":{"type":"Point","coordinates":[77.65882,13.02252]},"properties":{"cell_id":66390,"case_count":2,"gi_zscore":3.0156,"gi_pvalue":0.001,"significance":"hot_99"}},{"type":"Feature","geometry":{"type":"Point","coordinates":[77.67059,13.02252]},"properties":{"cell_id":66391,"case_count":8,"gi_zscore":1.1808,"gi_pvalue":0.013,"significance":"hot_95"}},{"type":"Feature","geometry":{"type":"Point","coordinates":[77.68235,13.02252]},"properties":{"cell_id":66392,"case_count":2,"gi_zscore":-0.1194,"gi_pvalue":0.342,"significance":"not_sig"}},{"type":"Feature","geometry":{"type":"Point","coordinates":[77.69412,13.02252]},"properties":{"cell_id":66393,"case_count":1,"gi_zscore":-0.1264,"gi_pvalue":0.375,"significance":"not_sig"}},{"type":"Feature","geometry":{"type":"Point","coordinates":[77.70588,13.02252]},"properties":{"cell_id":66394,"case_count":2,"gi_zscore":-0.1288,"gi_pvalue":0.436,"significance":"not_sig"}},{"type":"Feature","geometry":{"type":"Point","coordinates":[77.71765,13.02252]},"properties":{"cell_id":66395,"case_count":1,"gi_zscore":-0.1288,"gi_pvalue":0.398,"significance":"not_sig"}},{"type":"Feature","geometry":{"type":"Point","coordinates":[77.76471,13.02252]},"properties":{"cell_id":66399,"case_count":1,"gi_zscore":-0.1547,"gi_pvalue":0.035,"significance":"cold_95"}},{"type":"Feature","geometry":{"type":"Point","coordinates":[76.94118,13.03153]},"properties":{"cell_id":66720,"case_count":4,"gi_zscore":-0.1146,"gi_pvalue":0.334,"significance":"not_sig"}},{"type":"Feature","geometry":{"type":"Point","coordinates":[77.02353,13.03153]},"properties":{"cell_id":66727,"case_count":1,"gi_zscore":-0.1335,"gi_pvalue":0.442,"significance":"not_sig"}},{"type":"Feature","geometry":{"type":"Point","coordinates":[77.08235,13.03153]},"properties":{"cell_id":66732,"case_count":1,"gi_zscore":-0.1406,"gi_pvalue":0.436,"significance":"not_sig"}},{"type":"Feature","geometry":{"type":"Point","coordinates":[77.34118,13.03153]},"properties":{"cell_id":66754,"case_count":2,"gi_zscore":-0.15,"gi_pvalue":0.035,"significance":"cold_95"}},{"type":"Feature","geometry":{"type":"Point","coordinates":[77.49412,13.03153]},"properties":{"cell_id":66767,"case_count":2,"gi_zscore":-0.0934,"gi_pvalue":0.242,"significance":"not_sig"}},{"type":"Feature","geometry":{"type":"Point","coordinates":[77.51765,13.03153]},"properties":{"cell_id":66769,"case_count":1,"gi_zscore":-0.0746,"gi_pvalue":0.2,"significance":"not_sig"}},{"type":"Feature","geometry":{"type":"Point","coordinates":[77.52941,13.03153]},"properties":{"cell_id":66770,"case_count":2,"gi_zscore":-0.0558,"gi_pvalue":0.186,"significance":"not_sig"}},{"type":"Feature","geometry":{"type":"Point","coordinates":[77.54118,13.03153]},"properties":{"cell_id":66771,"case_count":12,"gi_zscore":-0.0558,"gi_pvalue":0.214,"significance":"not_sig"}},{"type":"Feature","geometry":{"type":"Point","coordinates":[77.55294,13.03153]},"properties":{"cell_id":66772,"case_count":3,"gi_zscore":-0.0605,"gi_pvalue":0.197,"significance":"not_sig"}},{"type":"Feature","geometry":{"type":"Point","coordinates":[77.56471,13.03153]},"properties":{"cell_id":66773,"case_count":1,"gi_zscore":-0.1076,"gi_pvalue":0.271,"significance":"not_sig"}},{"type":"Feature","geometry":{"type":"Point","coordinates":[77.57647,13.03153]},"properties":{"cell_id":66774,"case_count":4,"gi_zscore":-0.1123,"gi_pvalue":0.325,"significance":"not_sig"}},{"type":"Feature","geometry":{"type":"Point","coordinates":[77.58824,13.03153]},"properties":{"cell_id":66775,"case_count":3,"gi_zscore":-0.1099,"gi_pvalue":0.288,"significance":"not_sig"}},{"type":"Feature","geometry":{"type":"Point","coordinates":[77.6,13.03153]},"properties":{"cell_id":66776,"case_count":3,"gi_zscore":-0.1052,"gi_pvalue":0.274,"significance":"not_sig"}},{"type":"Feature","geometry":{"type":"Point","coordinates":[77.61176,13.03153]},"properties":{"cell_id":66777,"case_count":4,"gi_zscore":-0.1264,"gi_pvalue":0.439,"significance":"not_sig"}},{"type":"Feature","geometry":{"type":"Point","coordinates":[77.62353,13.03153]},"properties":{"cell_id":66778,"case_count":2,"gi_zscore":1.056,"gi_pvalue":0.019,"significance":"hot_95"}},{"type":"Feature","geometry":{"type":"Point","coordinates":[77.63529,13.03153]},"properties":{"cell_id":66779,"case_count":3,"gi_zscore":2.5422,"gi_pvalue":0.001,"significance":"hot_99"}},{"type":"Feature","geometry":{"type":"Point","coordinates":[77.64706,13.03153]},"properties":{"cell_id":66780,"case_count":158,"gi_zscore":4.1792,"gi_pvalue":0.001,"significance":"hot_99"}},{"type":"Feature","geometry":{"type":"Point","coordinates":[77.65882,13.03153]},"properties":{"cell_id":66781,"case_count":369,"gi_zscore":4.5395,"gi_pvalue":0.001,"significance":"hot_99"}},{"type":"Feature","geometry":{"type":"Point","coordinates":[77.67059,13.03153]},"properties":{"cell_id":66782,"case_count":5,"gi_zscore":1.9463,"gi_pvalue":0.001,"significance":"hot_99"}},{"type":"Feature","geometry":{"type":"Point","coordinates":[77.68235,13.03153]},"properties":{"cell_id":66783,"case_count":2,"gi_zscore":0.3117,"gi_pvalue":0.11,"significance":"not_sig"}},{"type":"Feature","geometry":{"type":"Point","coordinates":[77.72941,13.03153]},"properties":{"cell_id":66787,"case_count":1,"gi_zscore":-0.1335,"gi_pvalue":0.469,"significance":"not_sig"}},{"type":"Feature","geometry":{"type":"Point","coordinates":[77.82353,13.03153]},"properties":{"cell_id":66795,"case_count":1,"gi_zscore":-0.1288,"gi_pvalue":0.396,"significance":"not_sig"}},{"type":"Feature","geometry":{"type":"Point","coordinates":[77.88235,13.03153]},"properties":{"cell_id":66800,"case_count":1,"gi_zscore":-0.1406,"gi_pvalue":0.384,"significance":"not_sig"}},{"type":"Feature","geometry":{"type":"Point","coordinates":[76.17647,13.04054]},"properties":{"cell_id":67046,"case_count":1,"gi_zscore":-0.1429,"gi_pvalue":0.341,"significance":"not_sig"}},{"type":"Feature","geometry":{"type":"Point","coordinates":[77.31765,13.04054]},"properties":{"cell_id":67143,"case_count":1,"gi_zscore":-0.15,"gi_pvalue":0.087,"significance":"cold_90"}},{"type":"Feature","geometry":{"type":"Point","coordinates":[77.41176,13.04054]},"properties":{"cell_id":67151,"case_count":1,"gi_zscore":-0.1523,"gi_pvalue":0.035,"significance":"cold_95"}},{"type":"Feature","geometry":{"type":"Point","coordinates":[77.49412,13.04054]},"properties":{"cell_id":67158,"case_count":2,"gi_zscore":-0.0628,"gi_pvalue":0.197,"significance":"not_sig"}},{"type":"Feature","geometry":{"type":"Point","coordinates":[77.50588,13.04054]},"properties":{"cell_id":67159,"case_count":6,"gi_zscore":-0.044,"gi_pvalue":0.184,"significance":"not_sig"}},{"type":"Feature","geometry":{"type":"Point","coordinates":[77.51765,13.04054]},"properties":{"cell_id":67160,"case_count":9,"gi_zscore":-0.0487,"gi_pvalue":0.198,"significance":"not_sig"}},{"type":"Feature","geometry":{"type":"Point","coordinates":[77.55294,13.04054]},"properties":{"cell_id":67163,"case_count":5,"gi_zscore":-0.0958,"gi_pvalue":0.268,"significance":"not_sig"}},{"type":"Feature","geometry":{"type":"Point","coordinates":[77.56471,13.04054]},"properties":{"cell_id":67164,"case_count":5,"gi_zscore":-0.1123,"gi_pvalue":0.324,"significance":"not_sig"}},{"type":"Feature","geometry":{"type":"Point","coordinates":[77.57647,13.04054]},"properties":{"cell_id":67165,"case_count":2,"gi_zscore":-0.1146,"gi_pvalue":0.302,"significance":"not_sig"}},{"type":"Feature","geometry":{"type":"Point","coordinates":[77.58824,13.04054]},"properties":{"cell_id":67166,"case_count":5,"gi_zscore":-0.1076,"gi_pvalue":0.301,"significance":"not_sig"}},{"type":"Feature","geometry":{"type":"Point","coordinates":[77.62353,13.04054]},"properties":{"cell_id":67169,"case_count":1,"gi_zscore":-0.1264,"gi_pvalue":0.379,"significance":"not_sig"}},{"type":"Feature","geometry":{"type":"Point","coordinates":[77.65882,13.04054]},"properties":{"cell_id":67172,"case_count":329,"gi_zscore":4.5395,"gi_pvalue":0.001,"significance":"hot_99"}},{"type":"Feature","geometry":{"type":"Point","coordinates":[77.67059,13.04054]},"properties":{"cell_id":67173,"case_count":183,"gi_zscore":3.098,"gi_pvalue":0.001,"significance":"hot_99"}},{"type":"Feature","geometry":{"type":"Point","coordinates":[77.68235,13.04054]},"properties":{"cell_id":67174,"case_count":1,"gi_zscore":1.447,"gi_pvalue":0.003,"significance":"hot_99"}},{"type":"Feature","geometry":{"type":"Point","coordinates":[77.69412,13.04054]},"properties":{"cell_id":67175,"case_count":2,"gi_zscore":1.0984,"gi_pvalue":0.017,"significance":"hot_95"}},{"type":"Feature","geometry":{"type":"Point","coordinates":[77.74118,13.04054]},"properties":{"cell_id":67179,"case_count":1,"gi_zscore":-0.15,"gi_pvalue":0.158,"significance":"not_sig"}},{"type":"Feature","geometry":{"type":"Point","coordinates":[74.78824,13.04955]},"properties":{"cell_id":67319,"case_count":1,"gi_zscore":-0.1547,"gi_pvalue":0.039,"significance":"cold_95"}},{"type":"Feature","geometry":{"type":"Point","coordinates":[75.8,13.04955]},"properties":{"cell_id":67405,"case_count":2,"gi_zscore":-0.1476,"gi_pvalue":0.091,"significance":"cold_90"}},{"type":"Feature","geometry":{"type":"Point","coordinates":[77.0,13.04955]},"properties":{"cell_id":67507,"case_count":2,"gi_zscore":-0.1264,"gi_pvalue":0.4,"significance":"not_sig"}},{"type":"Feature","geometry":{"type":"Point","coordinates":[77.44706,13.04955]},"properties":{"cell_id":67545,"case_count":1,"gi_zscore":-0.1523,"gi_pvalue":0.09,"significance":"cold_90"}},{"type":"Feature","geometry":{"type":"Point","coordinates":[77.45882,13.04955]},"properties":{"cell_id":67546,"case_count":1,"gi_zscore":-0.1382,"gi_pvalue":0.491,"significance":"not_sig"}},{"type":"Feature","geometry":{"type":"Point","coordinates":[77.50588,13.04955]},"properties":{"cell_id":67550,"case_count":11,"gi_zscore":-0.0416,"gi_pvalue":0.195,"significance":"not_sig"}},{"type":"Feature","geometry":{"type":"Point","coordinates":[77.54118,13.04955]},"properties":{"cell_id":67553,"case_count":2,"gi_zscore":-0.1029,"gi_pvalue":0.267,"significance":"not_sig"}},{"type":"Feature","geometry":{"type":"Point","coordinates":[77.55294,13.04955]},"properties":{"cell_id":67554,"case_count":4,"gi_zscore":-0.117,"gi_pvalue":0.354,"significance":"not_sig"}},{"type":"Feature","geometry":{"type":"Point","coordinates":[77.56471,13.04955]},"properties":{"cell_id":67555,"case_count":1,"gi_zscore":-0.1194,"gi_pvalue":0.309,"significance":"not_sig"}},{"type":"Feature","geometry":{"type":"Point","coordinates":[77.57647,13.04955]},"properties":{"cell_id":67556,"case_count":2,"gi_zscore":-0.1146,"gi_pvalue":0.301,"significance":"not_sig"}},{"type":"Feature","geometry":{"type":"Point","coordinates":[77.6,13.04955]},"properties":{"cell_id":67558,"case_count":1,"gi_zscore":-0.1241,"gi_pvalue":0.338,"significance":"not_sig"}},{"type":"Feature","geometry":{"type":"Point","coordinates":[77.63529,13.04955]},"properties":{"cell_id":67561,"case_count":2,"gi_zscore":0.2292,"gi_pvalue":0.126,"significance":"not_sig"}},{"type":"Feature","geometry":{"type":"Point","coordinates":[77.67059,13.04955]},"properties":{"cell_id":67564,"case_count":467,"gi_zscore":4.2687,"gi_pvalue":0.001,"significance":"hot_99"}},{"type":"Feature","geometry":{"type":"Point","coordinates":[77.68235,13.04955]},"properties":{"cell_id":67565,"case_count":26,"gi_zscore":2.8861,"gi_pvalue":0.001,"significance":"hot_99"}},{"type":"Feature","geometry":{"type":"Point","coordinates":[77.69412,13.04955]},"properties":{"cell_id":67566,"case_count":1,"gi_zscore":2.2454,"gi_pvalue":0.001,"significance":"hot_99"}},{"type":"Feature","geometry":{"type":"Point","coordinates":[77.74118,13.04955]},"properties":{"cell_id":67570,"case_count":1,"gi_zscore":0.0337,"gi_pvalue":0.153,"significance":"not_sig"}},{"type":"Feature","geometry":{"type":"Point","coordinates":[77.76471,13.04955]},"properties":{"cell_id":67572,"case_count":1,"gi_zscore":-0.1453,"gi_pvalue":0.308,"significance":"not_sig"}},{"type":"Feature","geometry":{"type":"Point","coordinates":[77.85882,13.04955]},"properties":{"cell_id":67580,"case_count":3,"gi_zscore":-0.1429,"gi_pvalue":0.156,"significance":"not_sig"}},{"type":"Feature","geometry":{"type":"Point","coordinates":[76.27059,13.05856]},"properties":{"cell_id":67836,"case_count":1,"gi_zscore":-0.1453,"gi_pvalue":0.308,"significance":"not_sig"}},{"type":"Feature","geometry":{"type":"Point","coordinates":[77.0,13.05856]},"properties":{"cell_id":67898,"case_count":3,"gi_zscore":-0.1264,"gi_pvalue":0.435,"significance":"not_sig"}},{"type":"Feature","geometry":{"type":"Point","coordinates":[77.16471,13.05856]},"properties":{"cell_id":67912,"case_count":1,"gi_zscore":-0.1523,"gi_pvalue":0.09,"significance":"cold_90"}},{"type":"Feature","geometry":{"type":"Point","coordinates":[77.38824,13.05856]},"properties":{"cell_id":67931,"case_count":1,"gi_zscore":-0.15,"gi_pvalue":0.09,"significance":"cold_90"}},{"type":"Feature","geometry":{"type":"Point","coordinates":[77.45882,13.05856]},"properties":{"cell_id":67937,"case_count":2,"gi_zscore":-0.1382,"gi_pvalue":0.444,"significance":"not_sig"}},{"type":"Feature","geometry":{"type":"Point","coordinates":[77.48235,13.05856]},"properties":{"cell_id":67939,"case_count":1,"gi_zscore":-0.0958,"gi_pvalue":0.242,"significance":"not_sig"}},{"type":"Feature","geometry":{"type":"Point","coordinates":[77.49412,13.05856]},"properties":{"cell_id":67940,"case_count":6,"gi_zscore":-0.0605,"gi_pvalue":0.2,"significance":"not_sig"}},{"type":"Feature","geometry":{"type":"Point","coordinates":[77.50588,13.05856]},"properties":{"cell_id":67941,"case_count":17,"gi_zscore":-0.0416,"gi_pvalue":0.212,"significance":"not_sig"}},{"type":"Feature","geometry":{"type":"Point","coordinates":[77.55294,13.05856]},"properties":{"cell_id":67945,"case_count":1,"gi_zscore":-0.1194,"gi_pvalue":0.311,"significance":"not_sig"}},{"type":"Feature","geometry":{"type":"Point","coordinates":[77.56471,13.05856]},"properties":{"cell_id":67946,"case_count":3,"gi_zscore":-0.1194,"gi_pvalue":0.342,"significance":"not_sig"}},{"type":"Feature","geometry":{"type":"Point","coordinates":[77.62353,13.05856]},"properties":{"cell_id":67951,"case_count":1,"gi_zscore":-0.1453,"gi_pvalue":0.306,"significance":"not_sig"}},{"type":"Feature","geometry":{"type":"Point","coordinates":[77.64706,13.05856]},"properties":{"cell_id":67953,"case_count":2,"gi_zscore":1.7249,"gi_pvalue":0.003,"significance":"hot_99"}},{"type":"Feature","geometry":{"type":"Point","coordinates":[77.68235,13.05856]},"properties":{"cell_id":67956,"case_count":505,"gi_zscore":3.3406,"gi_pvalue":0.001,"significance":"hot_99"}},{"type":"Feature","geometry":{"type":"Point","coordinates":[77.70588,13.05856]},"properties":{"cell_id":67958,"case_count":1,"gi_zscore":3.2983,"gi_pvalue":0.001,"significance":"hot_99"}},{"type":"Feature","geometry":{"type":"Point","coordinates":[77.89412,13.05856]},"properties":{"cell_id":67974,"case_count":1,"gi_zscore":-0.1382,"gi_pvalue":0.443,"significance":"not_sig"}},{"type":"Feature","geometry":{"type":"Point","coordinates":[74.98824,13.06757]},"properties":{"cell_id":68118,"case_count":1,"gi_zscore":-0.1547,"gi_pvalue":0.041,"significance":"cold_95"}},{"type":"Feature","geometry":{"type":"Point","coordinates":[75.0,13.06757]},"properties":{"cell_id":68119,"case_count":1,"gi_zscore":-0.1547,"gi_pvalue":0.041,"significance":"cold_95"}},{"type":"Feature","geometry":{"type":"Point","coordinates":[76.48235,13.06757]},"properties":{"cell_id":68245,"case_count":1,"gi_zscore":-0.15,"gi_pvalue":0.085,"significance":"cold_90"}},{"type":"Feature","geometry":{"type":"Point","coordinates":[76.95294,13.06757]},"properties":{"cell_id":68285,"case_count":5,"gi_zscore":-0.1288,"gi_pvalue":0.443,"significance":"not_sig"}},{"type":"Feature","geometry":{"type":"Point","coordinates":[77.45882,13.06757]},"properties":{"cell_id":68328,"case_count":1,"gi_zscore":-0.1476,"gi_pvalue":0.18,"significance":"not_sig"}},{"type":"Feature","geometry":{"type":"Point","coordinates":[77.49412,13.06757]},"properties":{"cell_id":68331,"case_count":2,"gi_zscore":-0.0699,"gi_pvalue":0.203,"significance":"not_sig"}},{"type":"Feature","geometry":{"type":"Point","coordinates":[77.50588,13.06757]},"properties":{"cell_id":68332,"case_count":2,"gi_zscore":-0.0699,"gi_pvalue":0.203,"significance":"not_sig"}},{"type":"Feature","geometry":{"type":"Point","coordinates":[77.55294,13.06757]},"properties":{"cell_id":68336,"case_count":1,"gi_zscore":-0.1382,"gi_pvalue":0.441,"significance":"not_sig"}},{"type":"Feature","geometry":{"type":"Point","coordinates":[77.62353,13.06757]},"properties":{"cell_id":68342,"case_count":2,"gi_zscore":-0.1453,"gi_pvalue":0.181,"significance":"not_sig"}},{"type":"Feature","geometry":{"type":"Point","coordinates":[77.64706,13.06757]},"properties":{"cell_id":68344,"case_count":1,"gi_zscore":-0.1453,"gi_pvalue":0.307,"significance":"not_sig"}},{"type":"Feature","geometry":{"type":"Point","coordinates":[77.68235,13.06757]},"properties":{"cell_id":68347,"case_count":113,"gi_zscore":3.9318,"gi_pvalue":0.001,"significance":"hot_99"}},{"type":"Feature","geometry":{"type":"Point","coordinates":[77.69412,13.06757]},"properties":{"cell_id":68348,"case_count":377,"gi_zscore":4.2027,"gi_pvalue":0.001,"significance":"hot_99"}},{"type":"Feature","geometry":{"type":"Point","coordinates":[77.78824,13.06757]},"properties":{"cell_id":68356,"case_count":4,"gi_zscore":-0.1453,"gi_pvalue":0.087,"significance":"cold_90"}},{"type":"Feature","geometry":{"type":"Point","coordinates":[77.8,13.06757]},"properties":{"cell_id":68357,"case_count":1,"gi_zscore":-0.1453,"gi_pvalue":0.312,"significance":"not_sig"}},{"type":"Feature","geometry":{"type":"Point","coordinates":[77.91765,13.06757]},"properties":{"cell_id":68367,"case_count":3,"gi_zscore":-0.1382,"gi_pvalue":0.344,"significance":"not_sig"}},{"type":"Feature","geometry":{"type":"Point","coordinates":[74.98824,13.07658]},"properties":{"cell_id":68509,"case_count":1,"gi_zscore":-0.1547,"gi_pvalue":0.043,"significance":"cold_95"}},{"type":"Feature","geometry":{"type":"Point","coordinates":[77.42353,13.07658]},"properties":{"cell_id":68716,"case_count":1,"gi_zscore":-0.1523,"gi_pvalue":0.085,"significance":"cold_90"}},{"type":"Feature","geometry":{"type":"Point","coordinates":[77.47059,13.07658]},"properties":{"cell_id":68720,"case_count":1,"gi_zscore":-0.1358,"gi_pvalue":0.473,"significance":"not_sig"}},{"type":"Feature","geometry":{"type":"Point","coordinates":[77.48235,13.07658]},"properties":{"cell_id":68721,"case_count":2,"gi_zscore":-0.0958,"gi_pvalue":0.247,"significance":"not_sig"}},{"type":"Feature","geometry":{"type":"Point","coordinates":[77.51765,13.07658]},"properties":{"cell_id":68724,"case_count":2,"gi_zscore":-0.0817,"gi_pvalue":0.215,"significance":"not_sig"}},{"type":"Feature","geometry":{"type":"Point","coordinates":[77.61176,13.07658]},"properties":{"cell_id":68732,"case_count":1,"gi_zscore":-0.1453,"gi_pvalue":0.312,"significance":"not_sig"}},{"type":"Feature","geometry":{"type":"Point","coordinates":[77.63529,13.07658]},"properties":{"cell_id":68734,"case_count":2,"gi_zscore":-0.1476,"gi_pvalue":0.084,"significance":"cold_90"}},{"type":"Feature","geometry":{"type":"Point","coordinates":[77.65882,13.07658]},"properties":{"cell_id":68736,"case_count":1,"gi_zscore":0.1162,"gi_pvalue":0.138,"significance":"not_sig"}},{"type":"Feature","geometry":{"type":"Point","coordinates":[77.68235,13.07658]},"properties":{"cell_id":68738,"case_count":1,"gi_zscore":4.2027,"gi_pvalue":0.001,"significance":"hot_99"}},{"type":"Feature","geometry":{"type":"Point","coordinates":[77.69412,13.07658]},"properties":{"cell_id":68739,"case_count":253,"gi_zscore":4.2027,"gi_pvalue":0.001,"significance":"hot_99"}},{"type":"Feature","geometry":{"type":"Point","coordinates":[77.70588,13.07658]},"properties":{"cell_id":68740,"case_count":197,"gi_zscore":4.3275,"gi_pvalue":0.001,"significance":"hot_99"}},{"type":"Feature","geometry":{"type":"Point","coordinates":[77.78824,13.07658]},"properties":{"cell_id":68747,"case_count":2,"gi_zscore":-0.1453,"gi_pvalue":0.187,"significance":"not_sig"}},{"type":"Feature","geometry":{"type":"Point","coordinates":[77.8,13.07658]},"properties":{"cell_id":68748,"case_count":1,"gi_zscore":-0.1453,"gi_pvalue":0.254,"significance":"not_sig"}},{"type":"Feature","geometry":{"type":"Point","coordinates":[74.78824,13.08559]},"properties":{"cell_id":68883,"case_count":1,"gi_zscore":-0.1547,"gi_pvalue":0.043,"significance":"cold_95"}},{"type":"Feature","geometry":{"type":"Point","coordinates":[77.4,13.08559]},"properties":{"cell_id":69105,"case_count":1,"gi_zscore":-0.15,"gi_pvalue":0.083,"significance":"cold_90"}},{"type":"Feature","geometry":{"type":"Point","coordinates":[77.41176,13.08559]},"properties":{"cell_id":69106,"case_count":1,"gi_zscore":-0.15,"gi_pvalue":0.083,"significance":"cold_90"}},{"type":"Feature","geometry":{"type":"Point","coordinates":[77.44706,13.08559]},"properties":{"cell_id":69109,"case_count":1,"gi_zscore":-0.15,"gi_pvalue":0.083,"significance":"cold_90"}},{"type":"Feature","geometry":{"type":"Point","coordinates":[77.50588,13.08559]},"properties":{"cell_id":69114,"case_count":2,"gi_zscore":-0.0934,"gi_pvalue":0.237,"significance":"not_sig"}},{"type":"Feature","geometry":{"type":"Point","coordinates":[77.54118,13.08559]},"properties":{"cell_id":69117,"case_count":1,"gi_zscore":-0.1453,"gi_pvalue":0.314,"significance":"not_sig"}},{"type":"Feature","geometry":{"type":"Point","coordinates":[77.55294,13.08559]},"properties":{"cell_id":69118,"case_count":2,"gi_zscore":-0.1429,"gi_pvalue":0.314,"significance":"not_sig"}},{"type":"Feature","geometry":{"type":"Point","coordinates":[77.56471,13.08559]},"properties":{"cell_id":69119,"case_count":1,"gi_zscore":-0.1453,"gi_pvalue":0.314,"significance":"not_sig"}},{"type":"Feature","geometry":{"type":"Point","coordinates":[77.58824,13.08559]},"properties":{"cell_id":69121,"case_count":2,"gi_zscore":-0.1476,"gi_pvalue":0.084,"significance":"cold_90"}},{"type":"Feature","geometry":{"type":"Point","coordinates":[77.63529,13.08559]},"properties":{"cell_id":69125,"case_count":1,"gi_zscore":-0.1476,"gi_pvalue":0.187,"significance":"not_sig"}},{"type":"Feature","geometry":{"type":"Point","coordinates":[77.65882,13.08559]},"properties":{"cell_id":69127,"case_count":1,"gi_zscore":-0.1476,"gi_pvalue":0.187,"significance":"not_sig"}},{"type":"Feature","geometry":{"type":"Point","coordinates":[77.68235,13.08559]},"properties":{"cell_id":69129,"case_count":1,"gi_zscore":2.5563,"gi_pvalue":0.001,"significance":"hot_99"}},{"type":"Feature","geometry":{"type":"Point","coordinates":[77.70588,13.08559]},"properties":{"cell_id":69131,"case_count":411,"gi_zscore":4.2263,"gi_pvalue":0.001,"significance":"hot_99"}},{"type":"Feature","geometry":{"type":"Point","coordinates":[77.71765,13.08559]},"properties":{"cell_id":69132,"case_count":80,"gi_zscore":4.7821,"gi_pvalue":0.001,"significance":"hot_99"}},{"type":"Feature","geometry":{"type":"Point","coordinates":[77.77647,13.08559]},"properties":{"cell_id":69137,"case_count":1,"gi_zscore":0.6508,"gi_pvalue":0.077,"significance":"hot_90"}},{"type":"Feature","geometry":{"type":"Point","coordinates":[77.81176,13.08559]},"properties":{"cell_id":69140,"case_count":1,"gi_zscore":-0.1453,"gi_pvalue":0.317,"significance":"not_sig"}},{"type":"Feature","geometry":{"type":"Point","coordinates":[77.89412,13.08559]},"properties":{"cell_id":69147,"case_count":3,"gi_zscore":-0.1382,"gi_pvalue":0.35,"significance":"not_sig"}},{"type":"Feature","geometry":{"type":"Point","coordinates":[77.38824,13.09459]},"properties":{"cell_id":69495,"case_count":2,"gi_zscore":-0.15,"gi_pvalue":0.043,"significance":"cold_95"}},{"type":"Feature","geometry":{"type":"Point","coordinates":[77.51765,13.09459]},"properties":{"cell_id":69506,"case_count":1,"gi_zscore":-0.1406,"gi_pvalue":0.452,"significance":"not_sig"}},{"type":"Feature","geometry":{"type":"Point","coordinates":[77.54118,13.09459]},"properties":{"cell_id":69508,"case_count":2,"gi_zscore":-0.1453,"gi_pvalue":0.193,"significance":"not_sig"}},{"type":"Feature","geometry":{"type":"Point","coordinates":[77.55294,13.09459]},"properties":{"cell_id":69509,"case_count":2,"gi_zscore":-0.1476,"gi_pvalue":0.089,"significance":"cold_90"}},{"type":"Feature","geometry":{"type":"Point","coordinates":[77.57647,13.09459]},"properties":{"cell_id":69511,"case_count":1,"gi_zscore":-0.1429,"gi_pvalue":0.392,"significance":"not_sig"}},{"type":"Feature","geometry":{"type":"Point","coordinates":[77.6,13.09459]},"properties":{"cell_id":69513,"case_count":2,"gi_zscore":-0.1476,"gi_pvalue":0.088,"significance":"cold_90"}},{"type":"Feature","geometry":{"type":"Point","coordinates":[77.65882,13.09459]},"properties":{"cell_id":69518,"case_count":2,"gi_zscore":-0.15,"gi_pvalue":0.041,"significance":"cold_95"}},{"type":"Feature","geometry":{"type":"Point","coordinates":[77.71765,13.09459]},"properties":{"cell_id":69523,"case_count":479,"gi_zscore":5.3309,"gi_pvalue":0.001,"significance":"hot_99"}},{"type":"Feature","geometry":{"type":"Point","coordinates":[77.87059,13.09459]},"properties":{"cell_id":69536,"case_count":1,"gi_zscore":-0.1382,"gi_pvalue":0.454,"significance":"not_sig"}},{"type":"Feature","geometry":{"type":"Point","coordinates":[77.89412,13.09459]},"properties":{"cell_id":69538,"case_count":2,"gi_zscore":-0.1382,"gi_pvalue":0.395,"significance":"not_sig"}},{"type":"Feature","geometry":{"type":"Point","coordinates":[77.38824,13.1036]},"properties":{"cell_id":69886,"case_count":2,"gi_zscore":-0.15,"gi_pvalue":0.04,"significance":"cold_95"}},{"type":"Feature","geometry":{"type":"Point","coordinates":[77.4,13.1036]},"properties":{"cell_id":69887,"case_count":1,"gi_zscore":-0.15,"gi_pvalue":0.087,"significance":"cold_90"}},{"type":"Feature","geometry":{"type":"Point","coordinates":[77.57647,13.1036]},"properties":{"cell_id":69902,"case_count":1,"gi_zscore":-0.1453,"gi_pvalue":0.318,"significance":"not_sig"}},{"type":"Feature","geometry":{"type":"Point","coordinates":[77.58824,13.1036]},"properties":{"cell_id":69903,"case_count":1,"gi_zscore":-0.15,"gi_pvalue":0.087,"significance":"cold_90"}},{"type":"Feature","geometry":{"type":"Point","coordinates":[77.71765,13.1036]},"properties":{"cell_id":69914,"case_count":70,"gi_zscore":5.5971,"gi_pvalue":0.001,"significance":"hot_99"}},{"type":"Feature","geometry":{"type":"Point","coordinates":[77.72941,13.1036]},"properties":{"cell_id":69915,"case_count":407,"gi_zscore":5.3827,"gi_pvalue":0.001,"significance":"hot_99"}},{"type":"Feature","geometry":{"type":"Point","coordinates":[75.63529,13.11261]},"properties":{"cell_id":70128,"case_count":1,"gi_zscore":-0.1358,"gi_pvalue":0.496,"significance":"not_sig"}},{"type":"Feature","geometry":{"type":"Point","coordinates":[77.31765,13.11261]},"properties":{"cell_id":70271,"case_count":1,"gi_zscore":-0.1476,"gi_pvalue":0.189,"significance":"not_sig"}},{"type":"Feature","geometry":{"type":"Point","coordinates":[77.34118,13.11261]},"properties":{"cell_id":70273,"case_count":1,"gi_zscore":-0.1453,"gi_pvalue":0.314,"significance":"not_sig"}},{"type":"Feature","geometry":{"type":"Point","coordinates":[77.45882,13.11261]},"properties":{"cell_id":70283,"case_count":1,"gi_zscore":-0.1476,"gi_pvalue":0.189,"significance":"not_sig"}},{"type":"Feature","geometry":{"type":"Point","coordinates":[77.61176,13.11261]},"properties":{"cell_id":70296,"case_count":1,"gi_zscore":-0.15,"gi_pvalue":0.162,"significance":"not_sig"}},{"type":"Feature","geometry":{"type":"Point","coordinates":[77.72941,13.11261]},"properties":{"cell_id":70306,"case_count":207,"gi_zscore":5.4557,"gi_pvalue":0.001,"significance":"hot_99"}},{"type":"Feature","geometry":{"type":"Point","coordinates":[77.74118,13.11261]},"properties":{"cell_id":70307,"case_count":234,"gi_zscore":5.3898,"gi_pvalue":0.001,"significance":"hot_99"}},{"type":"Feature","geometry":{"type":"Point","coordinates":[76.54118,13.12162]},"properties":{"cell_id":70596,"case_count":1,"gi_zscore":-0.15,"gi_pvalue":0.086,"significance":"cold_90"}},{"type":"Feature","geometry":{"type":"Point","coordinates":[76.96471,13.12162]},"properties":{"cell_id":70632,"case_count":1,"gi_zscore":-0.1288,"gi_pvalue":0.389,"significance":"not_sig"}},{"type":"Feature","geometry":{"type":"Point","coordinates":[77.11765,13.12162]},"properties":{"cell_id":70645,"case_count":1,"gi_zscore":-0.1523,"gi_pvalue":0.086,"significance":"cold_90"}},{"type":"Feature","geometry":{"type":"Point","coordinates":[77.12941,13.12162]},"properties":{"cell_id":70646,"case_count":1,"gi_zscore":-0.1523,"gi_pvalue":0.086,"significance":"cold_90"}},{"type":"Feature","geometry":{"type":"Point","coordinates":[77.31765,13.12162]},"properties":{"cell_id":70662,"case_count":1,"gi_zscore":-0.15,"gi_pvalue":0.086,"significance":"cold_90"}},{"type":"Feature","geometry":{"type":"Point","coordinates":[77.61176,13.12162]},"properties":{"cell_id":70687,"case_count":1,"gi_zscore":-0.1523,"gi_pvalue":0.086,"significance":"cold_90"}},{"type":"Feature","geometry":{"type":"Point","coordinates":[77.64706,13.12162]},"properties":{"cell_id":70690,"case_count":1,"gi_zscore":-0.1523,"gi_pvalue":0.086,"significance":"cold_90"}},{"type":"Feature","geometry":{"type":"Point","coordinates":[77.74118,13.12162]},"properties":{"cell_id":70698,"case_count":366,"gi_zscore":5.2461,"gi_pvalue":0.001,"significance":"hot_99"}},{"type":"Feature","geometry":{"type":"Point","coordinates":[77.75294,13.12162]},"properties":{"cell_id":70699,"case_count":106,"gi_zscore":4.5537,"gi_pvalue":0.001,"significance":"hot_99"}},{"type":"Feature","geometry":{"type":"Point","coordinates":[78.12941,13.12162]},"properties":{"cell_id":70731,"case_count":2,"gi_zscore":-0.1523,"gi_pvalue":0.001,"significance":"cold_99"}},{"type":"Feature","geometry":{"type":"Point","coordinates":[75.64706,13.13063]},"properties":{"cell_id":70911,"case_count":1,"gi_zscore":-0.1406,"gi_pvalue":0.423,"significance":"not_sig"}},{"type":"Feature","geometry":{"type":"Point","coordinates":[77.12941,13.13063]},"properties":{"cell_id":71037,"case_count":1,"gi_zscore":-0.1547,"gi_pvalue":0.037,"significance":"cold_95"}},{"type":"Feature","geometry":{"type":"Point","coordinates":[77.51765,13.13063]},"properties":{"cell_id":71070,"case_count":1,"gi_zscore":-0.1429,"gi_pvalue":0.387,"significance":"not_sig"}},{"type":"Feature","geometry":{"type":"Point","coordinates":[77.63529,13.13063]},"properties":{"cell_id":71080,"case_count":1,"gi_zscore":-0.1547,"gi_pvalue":0.037,"significance":"cold_95"}},{"type":"Feature","geometry":{"type":"Point","coordinates":[77.69412,13.13063]},"properties":{"cell_id":71085,"case_count":1,"gi_zscore":3.5409,"gi_pvalue":0.001,"significance":"hot_99"}},{"type":"Feature","geometry":{"type":"Point","coordinates":[77.75294,13.13063]},"properties":{"cell_id":71090,"case_count":442,"gi_zscore":4.5537,"gi_pvalue":0.001,"significance":"hot_99"}},{"type":"Feature","geometry":{"type":"Point","coordinates":[77.77647,13.13063]},"properties":{"cell_id":71092,"case_count":1,"gi_zscore":3.376,"gi_pvalue":0.001,"significance":"hot_99"}},{"type":"Feature","geometry":{"type":"Point","coordinates":[78.12941,13.13063]},"properties":{"cell_id":71122,"case_count":1,"gi_zscore":-0.1523,"gi_pvalue":0.037,"significance":"cold_95"}},{"type":"Feature","geometry":{"type":"Point","coordinates":[74.77647,13.13964]},"properties":{"cell_id":71228,"case_count":1,"gi_zscore":-0.1547,"gi_pvalue":0.037,"significance":"cold_95"}},{"type":"Feature","geometry":{"type":"Point","coordinates":[75.12941,13.13964]},"properties":{"cell_id":71258,"case_count":1,"gi_zscore":-0.1547,"gi_pvalue":0.037,"significance":"cold_95"}},{"type":"Feature","geometry":{"type":"Point","coordinates":[77.31765,13.13964]},"properties":{"cell_id":71444,"case_count":3,"gi_zscore":-0.15,"gi_pvalue":0.037,"significance":"cold_95"}},{"type":"Feature","geometry":{"type":"Point","coordinates":[77.54118,13.13964]},"properties":{"cell_id":71463,"case_count":2,"gi_zscore":-0.1476,"gi_pvalue":0.085,"significance":"cold_90"}},{"type":"Feature","geometry":{"type":"Point","coordinates":[77.62353,13.13964]},"properties":{"cell_id":71470,"case_count":1,"gi_zscore":-0.1547,"gi_pvalue":0.036,"significance":"cold_95"}},{"type":"Feature","geometry":{"type":"Point","coordinates":[77.63529,13.13964]},"properties":{"cell_id":71471,"case_count":1,"gi_zscore":-0.1547,"gi_pvalue":0.036,"significance":"cold_95"}},{"type":"Feature","geometry":{"type":"Point","coordinates":[77.67059,13.13964]},"properties":{"cell_id":71474,"case_count":1,"gi_zscore":-0.1523,"gi_pvalue":0.085,"significance":"cold_90"}},{"type":"Feature","geometry":{"type":"Point","coordinates":[77.75294,13.13964]},"properties":{"cell_id":71481,"case_count":52,"gi_zscore":4.7845,"gi_pvalue":0.001,"significance":"hot_99"}},{"type":"Feature","geometry":{"type":"Point","coordinates":[77.76471,13.13964]},"properties":{"cell_id":71482,"case_count":418,"gi_zscore":4.2003,"gi_pvalue":0.001,"significance":"hot_99"}},{"type":"Feature","geometry":{"type":"Point","coordinates":[77.78824,13.13964]},"properties":{"cell_id":71484,"case_count":1,"gi_zscore":4.4359,"gi_pvalue":0.001,"significance":"hot_99"}},{"type":"Feature","geometry":{"type":"Point","coordinates":[78.12941,13.13964]},"properties":{"cell_id":71513,"case_count":1,"gi_zscore":-0.1523,"gi_pvalue":0.036,"significance":"cold_95"}},{"type":"Feature","geometry":{"type":"Point","coordinates":[76.47059,13.14865]},"properties":{"cell_id":71763,"case_count":1,"gi_zscore":-0.1523,"gi_pvalue":0.036,"significance":"cold_95"}},{"type":"Feature","geometry":{"type":"Point","coordinates":[76.50588,13.14865]},"properties":{"cell_id":71766,"case_count":1,"gi_zscore":-0.1523,"gi_pvalue":0.036,"significance":"cold_95"}},{"type":"Feature","geometry":{"type":"Point","coordinates":[76.68235,13.14865]},"properties":{"cell_id":71781,"case_count":1,"gi_zscore":-0.1523,"gi_pvalue":0.084,"significance":"cold_90"}},{"type":"Feature","geometry":{"type":"Point","coordinates":[77.08235,13.14865]},"properties":{"cell_id":71815,"case_count":1,"gi_zscore":-0.15,"gi_pvalue":0.084,"significance":"cold_90"}},{"type":"Feature","geometry":{"type":"Point","coordinates":[77.31765,13.14865]},"properties":{"cell_id":71835,"case_count":1,"gi_zscore":-0.15,"gi_pvalue":0.084,"significance":"cold_90"}},{"type":"Feature","geometry":{"type":"Point","coordinates":[77.34118,13.14865]},"properties":{"cell_id":71837,"case_count":1,"gi_zscore":-0.1476,"gi_pvalue":0.187,"significance":"not_sig"}},{"type":"Feature","geometry":{"type":"Point","coordinates":[77.41176,13.14865]},"properties":{"cell_id":71843,"case_count":1,"gi_zscore":-0.15,"gi_pvalue":0.084,"significance":"cold_90"}},{"type":"Feature","geometry":{"type":"Point","coordinates":[77.76471,13.14865]},"properties":{"cell_id":71873,"case_count":182,"gi_zscore":3.953,"gi_pvalue":0.001,"significance":"hot_99"}},{"type":"Feature","geometry":{"type":"Point","coordinates":[77.77647,13.14865]},"properties":{"cell_id":71874,"case_count":305,"gi_zscore":4.4359,"gi_pvalue":0.001,"significance":"hot_99"}},{"type":"Feature","geometry":{"type":"Point","coordinates":[77.78824,13.14865]},"properties":{"cell_id":71875,"case_count":1,"gi_zscore":4.4359,"gi_pvalue":0.001,"significance":"hot_99"}},{"type":"Feature","geometry":{"type":"Point","coordinates":[76.30588,13.15766]},"properties":{"cell_id":72140,"case_count":1,"gi_zscore":-0.1523,"gi_pvalue":0.035,"significance":"cold_95"}},{"type":"Feature","geometry":{"type":"Point","coordinates":[77.54118,13.15766]},"properties":{"cell_id":72245,"case_count":1,"gi_zscore":-0.1476,"gi_pvalue":0.188,"significance":"not_sig"}},{"type":"Feature","geometry":{"type":"Point","coordinates":[77.62353,13.15766]},"properties":{"cell_id":72252,"case_count":1,"gi_zscore":-0.1547,"gi_pvalue":0.035,"significance":"cold_95"}},{"type":"Feature","geometry":{"type":"Point","coordinates":[77.77647,13.15766]},"properties":{"cell_id":72265,"case_count":351,"gi_zscore":4.4359,"gi_pvalue":0.001,"significance":"hot_99"}},{"type":"Feature","geometry":{"type":"Point","coordinates":[77.78824,13.15766]},"properties":{"cell_id":72266,"case_count":167,"gi_zscore":3.5008,"gi_pvalue":0.001,"significance":"hot_99"}},{"type":"Feature","geometry":{"type":"Point","coordinates":[78.11765,13.15766]},"properties":{"cell_id":72294,"case_count":1,"gi_zscore":-0.1523,"gi_pvalue":0.035,"significance":"cold_95"}},{"type":"Feature","geometry":{"type":"Point","coordinates":[76.65882,13.16667]},"properties":{"cell_id":72561,"case_count":2,"gi_zscore":-0.15,"gi_pvalue":0.036,"significance":"cold_95"}},{"type":"Feature","geometry":{"type":"Point","coordinates":[76.67059,13.16667]},"properties":{"cell_id":72562,"case_count":1,"gi_zscore":-0.1523,"gi_pvalue":0.084,"significance":"cold_90"}},{"type":"Feature","geometry":{"type":"Point","coordinates":[76.96471,13.16667]},"properties":{"cell_id":72587,"case_count":1,"gi_zscore":-0.1311,"gi_pvalue":0.421,"significance":"not_sig"}},{"type":"Feature","geometry":{"type":"Point","coordinates":[77.31765,13.16667]},"properties":{"cell_id":72617,"case_count":1,"gi_zscore":-0.15,"gi_pvalue":0.161,"significance":"not_sig"}},{"type":"Feature","geometry":{"type":"Point","coordinates":[77.62353,13.16667]},"properties":{"cell_id":72643,"case_count":1,"gi_zscore":-0.1523,"gi_pvalue":0.035,"significance":"cold_95"}},{"type":"Feature","geometry":{"type":"Point","coordinates":[77.78824,13.16667]},"properties":{"cell_id":72657,"case_count":532,"gi_zscore":3.5008,"gi_pvalue":0.001,"significance":"hot_99"}},{"type":"Feature","geometry":{"type":"Point","coordinates":[77.87059,13.16667]},"properties":{"cell_id":72664,"case_count":1,"gi_zscore":-0.1005,"gi_pvalue":0.236,"significance":"not_sig"}},{"type":"Feature","geometry":{"type":"Point","coordinates":[77.92941,13.16667]},"properties":{"cell_id":72669,"case_count":1,"gi_zscore":-0.1429,"gi_pvalue":0.35,"significance":"not_sig"}},{"type":"Feature","geometry":{"type":"Point","coordinates":[77.30588,13.17568]},"properties":{"cell_id":73007,"case_count":1,"gi_zscore":-0.15,"gi_pvalue":0.16,"significance":"not_sig"}},{"type":"Feature","geometry":{"type":"Point","coordinates":[77.56471,13.17568]},"properties":{"cell_id":73029,"case_count":1,"gi_zscore":-0.1523,"gi_pvalue":0.083,"significance":"cold_90"}},{"type":"Feature","geometry":{"type":"Point","coordinates":[77.8,13.17568]},"properties":{"cell_id":73049,"case_count":21,"gi_zscore":3.5008,"gi_pvalue":0.001,"significance":"hot_99"}},{"type":"Feature","geometry":{"type":"Point","coordinates":[77.28235,13.18468]},"properties":{"cell_id":73396,"case_count":1,"gi_zscore":-0.1476,"gi_pvalue":0.19,"significance":"not_sig"}},{"type":"Feature","geometry":{"type":"Point","coordinates":[77.65882,13.18468]},"properties":{"cell_id":73428,"case_count":1,"gi_zscore":-0.1523,"gi_pvalue":0.035,"significance":"cold_95"}},{"type":"Feature","geometry":{"type":"Point","coordinates":[77.69412,13.18468]},"properties":{"cell_id":73431,"case_count":1,"gi_zscore":-0.1523,"gi_pvalue":0.035,"significance":"cold_95"}},{"type":"Feature","geometry":{"type":"Point","coordinates":[77.8,13.18468]},"properties":{"cell_id":73440,"case_count":1,"gi_zscore":3.5008,"gi_pvalue":0.001,"significance":"hot_99"}},{"type":"Feature","geometry":{"type":"Point","coordinates":[77.90588,13.18468]},"properties":{"cell_id":73449,"case_count":1,"gi_zscore":-0.1429,"gi_pvalue":0.35,"significance":"not_sig"}},{"type":"Feature","geometry":{"type":"Point","coordinates":[74.97647,13.19369]},"properties":{"cell_id":73591,"case_count":1,"gi_zscore":-0.1547,"gi_pvalue":0.035,"significance":"cold_95"}},{"type":"Feature","geometry":{"type":"Point","coordinates":[75.47059,13.19369]},"properties":{"cell_id":73633,"case_count":1,"gi_zscore":-0.1429,"gi_pvalue":0.35,"significance":"not_sig"}},{"type":"Feature","geometry":{"type":"Point","coordinates":[76.48235,13.19369]},"properties":{"cell_id":73719,"case_count":2,"gi_zscore":-0.1523,"gi_pvalue":0.001,"significance":"cold_99"}},{"type":"Feature","geometry":{"type":"Point","coordinates":[77.65882,13.2027]},"properties":{"cell_id":74210,"case_count":2,"gi_zscore":-0.1523,"gi_pvalue":0.001,"significance":"cold_99"}},{"type":"Feature","geometry":{"type":"Point","coordinates":[77.70588,13.2027]},"properties":{"cell_id":74214,"case_count":1,"gi_zscore":-0.1406,"gi_pvalue":0.454,"significance":"not_sig"}},{"type":"Feature","geometry":{"type":"Point","coordinates":[77.90588,13.2027]},"properties":{"cell_id":74231,"case_count":3,"gi_zscore":-0.1476,"gi_pvalue":0.083,"significance":"cold_90"}},{"type":"Feature","geometry":{"type":"Point","coordinates":[75.42353,13.21171]},"properties":{"cell_id":74411,"case_count":1,"gi_zscore":-0.1429,"gi_pvalue":0.35,"significance":"not_sig"}},{"type":"Feature","geometry":{"type":"Point","coordinates":[76.61176,13.21171]},"properties":{"cell_id":74512,"case_count":1,"gi_zscore":-0.15,"gi_pvalue":0.083,"significance":"cold_90"}},{"type":"Feature","geometry":{"type":"Point","coordinates":[77.30588,13.21171]},"properties":{"cell_id":74571,"case_count":1,"gi_zscore":-0.1523,"gi_pvalue":0.034,"significance":"cold_95"}},{"type":"Feature","geometry":{"type":"Point","coordinates":[78.02353,13.21171]},"properties":{"cell_id":74632,"case_count":1,"gi_zscore":-0.15,"gi_pvalue":0.083,"significance":"cold_90"}},{"type":"Feature","geometry":{"type":"Point","coordinates":[74.81176,13.22072]},"properties":{"cell_id":74750,"case_count":1,"gi_zscore":-0.1523,"gi_pvalue":0.034,"significance":"cold_95"}},{"type":"Feature","geometry":{"type":"Point","coordinates":[77.01176,13.22072]},"properties":{"cell_id":74937,"case_count":1,"gi_zscore":-0.1523,"gi_pvalue":0.034,"significance":"cold_95"}},{"type":"Feature","geometry":{"type":"Point","coordinates":[77.05882,13.22072]},"properties":{"cell_id":74941,"case_count":1,"gi_zscore":-0.1476,"gi_pvalue":0.19,"significance":"not_sig"}},{"type":"Feature","geometry":{"type":"Point","coordinates":[77.24706,13.22072]},"properties":{"cell_id":74957,"case_count":1,"gi_zscore":-0.1453,"gi_pvalue":0.317,"significance":"not_sig"}},{"type":"Feature","geometry":{"type":"Point","coordinates":[77.55294,13.22072]},"properties":{"cell_id":74983,"case_count":1,"gi_zscore":-0.1523,"gi_pvalue":0.083,"significance":"cold_90"}},{"type":"Feature","geometry":{"type":"Point","coordinates":[77.90588,13.22072]},"properties":{"cell_id":75013,"case_count":1,"gi_zscore":-0.1476,"gi_pvalue":0.19,"significance":"not_sig"}},{"type":"Feature","geometry":{"type":"Point","coordinates":[74.75294,13.22973]},"properties":{"cell_id":75136,"case_count":1,"gi_zscore":-0.1523,"gi_pvalue":0.034,"significance":"cold_95"}},{"type":"Feature","geometry":{"type":"Point","coordinates":[77.24706,13.22973]},"properties":{"cell_id":75348,"case_count":2,"gi_zscore":-0.1453,"gi_pvalue":0.19,"significance":"not_sig"}},{"type":"Feature","geometry":{"type":"Point","coordinates":[77.70588,13.22973]},"properties":{"cell_id":75387,"case_count":1,"gi_zscore":-0.1406,"gi_pvalue":0.452,"significance":"not_sig"}},{"type":"Feature","geometry":{"type":"Point","coordinates":[77.14118,13.23874]},"properties":{"cell_id":75730,"case_count":1,"gi_zscore":-0.15,"gi_pvalue":0.083,"significance":"cold_90"}},{"type":"Feature","geometry":{"type":"Point","coordinates":[77.22353,13.23874]},"properties":{"cell_id":75737,"case_count":1,"gi_zscore":-0.1453,"gi_pvalue":0.317,"significance":"not_sig"}},{"type":"Feature","geometry":{"type":"Point","coordinates":[77.23529,13.23874]},"properties":{"cell_id":75738,"case_count":1,"gi_zscore":-0.1453,"gi_pvalue":0.317,"significance":"not_sig"}},{"type":"Feature","geometry":{"type":"Point","coordinates":[77.70588,13.23874]},"properties":{"cell_id":75778,"case_count":1,"gi_zscore":-0.1429,"gi_pvalue":0.392,"significance":"not_sig"}},{"type":"Feature","geometry":{"type":"Point","coordinates":[77.71765,13.23874]},"properties":{"cell_id":75779,"case_count":1,"gi_zscore":-0.1406,"gi_pvalue":0.452,"significance":"not_sig"}},{"type":"Feature","geometry":{"type":"Point","coordinates":[77.92941,13.23874]},"properties":{"cell_id":75797,"case_count":1,"gi_zscore":-0.1476,"gi_pvalue":0.188,"significance":"not_sig"}},{"type":"Feature","geometry":{"type":"Point","coordinates":[77.64706,13.24775]},"properties":{"cell_id":76164,"case_count":1,"gi_zscore":-0.15,"gi_pvalue":0.083,"significance":"cold_90"}},{"type":"Feature","geometry":{"type":"Point","coordinates":[77.71765,13.24775]},"properties":{"cell_id":76170,"case_count":5,"gi_zscore":-0.1406,"gi_pvalue":0.162,"significance":"not_sig"}},{"type":"Feature","geometry":{"type":"Point","coordinates":[77.8,13.24775]},"properties":{"cell_id":76177,"case_count":2,"gi_zscore":1.1478,"gi_pvalue":0.013,"significance":"hot_95"}},{"type":"Feature","geometry":{"type":"Point","coordinates":[74.25882,13.25676]},"properties":{"cell_id":76267,"case_count":1,"gi_zscore":-0.15,"gi_pvalue":0.083,"significance":"cold_90"}},{"type":"Feature","geometry":{"type":"Point","coordinates":[77.12941,13.25676]},"properties":{"cell_id":76511,"case_count":3,"gi_zscore":-0.15,"gi_pvalue":0.035,"significance":"cold_95"}},{"type":"Feature","geometry":{"type":"Point","coordinates":[77.23529,13.25676]},"properties":{"cell_id":76520,"case_count":3,"gi_zscore":-0.1453,"gi_pvalue":0.162,"significance":"not_sig"}},{"type":"Feature","geometry":{"type":"Point","coordinates":[77.63529,13.25676]},"properties":{"cell_id":76554,"case_count":1,"gi_zscore":-0.15,"gi_pvalue":0.083,"significance":"cold_90"}},{"type":"Feature","geometry":{"type":"Point","coordinates":[77.65882,13.25676]},"properties":{"cell_id":76556,"case_count":1,"gi_zscore":-0.15,"gi_pvalue":0.083,"significance":"cold_90"}},{"type":"Feature","geometry":{"type":"Point","coordinates":[75.43529,13.26577]},"properties":{"cell_id":76758,"case_count":1,"gi_zscore":-0.1429,"gi_pvalue":0.347,"significance":"not_sig"}},{"type":"Feature","geometry":{"type":"Point","coordinates":[75.85882,13.26577]},"properties":{"cell_id":76794,"case_count":1,"gi_zscore":-0.1523,"gi_pvalue":0.034,"significance":"cold_95"}},{"type":"Feature","geometry":{"type":"Point","coordinates":[76.45882,13.26577]},"properties":{"cell_id":76845,"case_count":1,"gi_zscore":-0.1523,"gi_pvalue":0.083,"significance":"cold_90"}},{"type":"Feature","geometry":{"type":"Point","coordinates":[76.47059,13.26577]},"properties":{"cell_id":76846,"case_count":1,"gi_zscore":-0.1523,"gi_pvalue":0.083,"significance":"cold_90"}},{"type":"Feature","geometry":{"type":"Point","coordinates":[77.23529,13.26577]},"properties":{"cell_id":76911,"case_count":2,"gi_zscore":-0.1453,"gi_pvalue":0.187,"significance":"not_sig"}},{"type":"Feature","geometry":{"type":"Point","coordinates":[77.54118,13.26577]},"properties":{"cell_id":76937,"case_count":1,"gi_zscore":-0.1523,"gi_pvalue":0.034,"significance":"cold_95"}},{"type":"Feature","geometry":{"type":"Point","coordinates":[77.64706,13.26577]},"properties":{"cell_id":76946,"case_count":1,"gi_zscore":-0.15,"gi_pvalue":0.086,"significance":"cold_90"}},{"type":"Feature","geometry":{"type":"Point","coordinates":[77.71765,13.26577]},"properties":{"cell_id":76952,"case_count":2,"gi_zscore":-0.1406,"gi_pvalue":0.39,"significance":"not_sig"}},{"type":"Feature","geometry":{"type":"Point","coordinates":[77.77647,13.26577]},"properties":{"cell_id":76957,"case_count":1,"gi_zscore":-0.1358,"gi_pvalue":0.461,"significance":"not_sig"}},{"type":"Feature","geometry":{"type":"Point","coordinates":[75.48235,13.27477]},"properties":{"cell_id":77153,"case_count":4,"gi_zscore":-0.1429,"gi_pvalue":0.086,"significance":"cold_90"}},{"type":"Feature","geometry":{"type":"Point","coordinates":[77.27059,13.27477]},"properties":{"cell_id":77305,"case_count":1,"gi_zscore":-0.1453,"gi_pvalue":0.316,"significance":"not_sig"}},{"type":"Feature","geometry":{"type":"Point","coordinates":[77.37647,13.27477]},"properties":{"cell_id":77314,"case_count":1,"gi_zscore":-0.1523,"gi_pvalue":0.034,"significance":"cold_95"}},{"type":"Feature","geometry":{"type":"Point","coordinates":[77.64706,13.27477]},"properties":{"cell_id":77337,"case_count":2,"gi_zscore":-0.1523,"gi_pvalue":0.001,"significance":"cold_99"}},{"type":"Feature","geometry":{"type":"Point","coordinates":[77.84706,13.27477]},"properties":{"cell_id":77354,"case_count":1,"gi_zscore":-0.1453,"gi_pvalue":0.317,"significance":"not_sig"}},{"type":"Feature","geometry":{"type":"Point","coordinates":[75.47059,13.28378]},"properties":{"cell_id":77543,"case_count":3,"gi_zscore":-0.1429,"gi_pvalue":0.188,"significance":"not_sig"}},{"type":"Feature","geometry":{"type":"Point","coordinates":[75.74118,13.28378]},"properties":{"cell_id":77566,"case_count":3,"gi_zscore":-0.1476,"gi_pvalue":0.086,"significance":"cold_90"}},{"type":"Feature","geometry":{"type":"Point","coordinates":[76.50588,13.28378]},"properties":{"cell_id":77631,"case_count":1,"gi_zscore":-0.15,"gi_pvalue":0.086,"significance":"cold_90"}},{"type":"Feature","geometry":{"type":"Point","coordinates":[77.10588,13.28378]},"properties":{"cell_id":77682,"case_count":1,"gi_zscore":-0.1476,"gi_pvalue":0.188,"significance":"not_sig"}},{"type":"Feature","geometry":{"type":"Point","coordinates":[77.32941,13.28378]},"properties":{"cell_id":77701,"case_count":1,"gi_zscore":-0.1429,"gi_pvalue":0.39,"significance":"not_sig"}},{"type":"Feature","geometry":{"type":"Point","coordinates":[77.54118,13.28378]},"properties":{"cell_id":77719,"case_count":1,"gi_zscore":-0.1523,"gi_pvalue":0.034,"significance":"cold_95"}},{"type":"Feature","geometry":{"type":"Point","coordinates":[77.65882,13.28378]},"properties":{"cell_id":77729,"case_count":1,"gi_zscore":-0.15,"gi_pvalue":0.086,"significance":"cold_90"}},{"type":"Feature","geometry":{"type":"Point","coordinates":[77.8,13.28378]},"properties":{"cell_id":77741,"case_count":1,"gi_zscore":-0.1453,"gi_pvalue":0.317,"significance":"not_sig"}},{"type":"Feature","geometry":{"type":"Point","coordinates":[75.76471,13.29279]},"properties":{"cell_id":77959,"case_count":1,"gi_zscore":-0.1476,"gi_pvalue":0.188,"significance":"not_sig"}},{"type":"Feature","geometry":{"type":"Point","coordinates":[75.84706,13.29279]},"properties":{"cell_id":77966,"case_count":1,"gi_zscore":-0.1523,"gi_pvalue":0.034,"significance":"cold_95"}},{"type":"Feature","geometry":{"type":"Point","coordinates":[77.05882,13.29279]},"properties":{"cell_id":78069,"case_count":2,"gi_zscore":-0.1453,"gi_pvalue":0.188,"significance":"not_sig"}},{"type":"Feature","geometry":{"type":"Point","coordinates":[77.54118,13.29279]},"properties":{"cell_id":78110,"case_count":1,"gi_zscore":-0.1523,"gi_pvalue":0.034,"significance":"cold_95"}},{"type":"Feature","geometry":{"type":"Point","coordinates":[77.71765,13.29279]},"properties":{"cell_id":78125,"case_count":1,"gi_zscore":-0.1406,"gi_pvalue":0.45,"significance":"not_sig"}},{"type":"Feature","geometry":{"type":"Point","coordinates":[77.72941,13.29279]},"properties":{"cell_id":78126,"case_count":2,"gi_zscore":-0.1406,"gi_pvalue":0.39,"significance":"not_sig"}},{"type":"Feature","geometry":{"type":"Point","coordinates":[75.83529,13.3018]},"properties":{"cell_id":78356,"case_count":1,"gi_zscore":-0.1523,"gi_pvalue":0.034,"significance":"cold_95"}},{"type":"Feature","geometry":{"type":"Point","coordinates":[77.08235,13.3018]},"properties":{"cell_id":78462,"case_count":1,"gi_zscore":-0.1429,"gi_pvalue":0.334,"significance":"not_sig"}},{"type":"Feature","geometry":{"type":"Point","coordinates":[77.52941,13.3018]},"properties":{"cell_id":78500,"case_count":1,"gi_zscore":-0.1523,"gi_pvalue":0.034,"significance":"cold_95"}},{"type":"Feature","geometry":{"type":"Point","coordinates":[77.8,13.3018]},"properties":{"cell_id":78523,"case_count":2,"gi_zscore":-0.1453,"gi_pvalue":0.188,"significance":"not_sig"}},{"type":"Feature","geometry":{"type":"Point","coordinates":[75.77647,13.31081]},"properties":{"cell_id":78742,"case_count":1,"gi_zscore":-0.1476,"gi_pvalue":0.188,"significance":"not_sig"}},{"type":"Feature","geometry":{"type":"Point","coordinates":[76.25882,13.31081]},"properties":{"cell_id":78783,"case_count":1,"gi_zscore":-0.1547,"gi_pvalue":0.034,"significance":"cold_95"}},{"type":"Feature","geometry":{"type":"Point","coordinates":[76.95294,13.31081]},"properties":{"cell_id":78842,"case_count":1,"gi_zscore":-0.1453,"gi_pvalue":0.255,"significance":"not_sig"}},{"type":"Feature","geometry":{"type":"Point","coordinates":[77.12941,13.31081]},"properties":{"cell_id":78857,"case_count":1,"gi_zscore":-0.1523,"gi_pvalue":0.034,"significance":"cold_95"}},{"type":"Feature","geometry":{"type":"Point","coordinates":[77.14118,13.31081]},"properties":{"cell_id":78858,"case_count":1,"gi_zscore":-0.1523,"gi_pvalue":0.034,"significance":"cold_95"}},{"type":"Feature","geometry":{"type":"Point","coordinates":[77.54118,13.31081]},"properties":{"cell_id":78892,"case_count":2,"gi_zscore":-0.1523,"gi_pvalue":0.001,"significance":"cold_99"}},{"type":"Feature","geometry":{"type":"Point","coordinates":[77.75294,13.31081]},"properties":{"cell_id":78910,"case_count":1,"gi_zscore":-0.1358,"gi_pvalue":0.461,"significance":"not_sig"}},{"type":"Feature","geometry":{"type":"Point","coordinates":[74.74118,13.31982]},"properties":{"cell_id":79045,"case_count":1,"gi_zscore":-0.1476,"gi_pvalue":0.188,"significance":"not_sig"}},{"type":"Feature","geometry":{"type":"Point","coordinates":[74.75294,13.31982]},"properties":{"cell_id":79046,"case_count":1,"gi_zscore":-0.1476,"gi_pvalue":0.188,"significance":"not_sig"}},{"type":"Feature","geometry":{"type":"Point","coordinates":[75.77647,13.31982]},"properties":{"cell_id":79133,"case_count":1,"gi_zscore":-0.1476,"gi_pvalue":0.188,"significance":"not_sig"}},{"type":"Feature","geometry":{"type":"Point","coordinates":[75.8,13.31982]},"properties":{"cell_id":79135,"case_count":1,"gi_zscore":-0.1523,"gi_pvalue":0.034,"significance":"cold_95"}},{"type":"Feature","geometry":{"type":"Point","coordinates":[76.69412,13.31982]},"properties":{"cell_id":79211,"case_count":1,"gi_zscore":-0.1429,"gi_pvalue":0.35,"significance":"not_sig"}},{"type":"Feature","geometry":{"type":"Point","coordinates":[76.71765,13.31982]},"properties":{"cell_id":79213,"case_count":1,"gi_zscore":-0.1429,"gi_pvalue":0.35,"significance":"not_sig"}},{"type":"Feature","geometry":{"type":"Point","coordinates":[76.88235,13.31982]},"properties":{"cell_id":79227,"case_count":1,"gi_zscore":-0.1453,"gi_pvalue":0.254,"significance":"not_sig"}},{"type":"Feature","geometry":{"type":"Point","coordinates":[76.91765,13.31982]},"properties":{"cell_id":79230,"case_count":1,"gi_zscore":-0.1453,"gi_pvalue":0.254,"significance":"not_sig"}},{"type":"Feature","geometry":{"type":"Point","coordinates":[76.94118,13.31982]},"properties":{"cell_id":79232,"case_count":1,"gi_zscore":-0.1453,"gi_pvalue":0.254,"significance":"not_sig"}},{"type":"Feature","geometry":{"type":"Point","coordinates":[76.96471,13.31982]},"properties":{"cell_id":79234,"case_count":1,"gi_zscore":-0.1453,"gi_pvalue":0.254,"significance":"not_sig"}},{"type":"Feature","geometry":{"type":"Point","coordinates":[77.10588,13.31982]},"properties":{"cell_id":79246,"case_count":1,"gi_zscore":-0.1453,"gi_pvalue":0.319,"significance":"not_sig"}},{"type":"Feature","geometry":{"type":"Point","coordinates":[77.12941,13.31982]},"properties":{"cell_id":79248,"case_count":1,"gi_zscore":-0.1523,"gi_pvalue":0.034,"significance":"cold_95"}},{"type":"Feature","geometry":{"type":"Point","coordinates":[77.14118,13.31982]},"properties":{"cell_id":79249,"case_count":1,"gi_zscore":-0.1523,"gi_pvalue":0.034,"significance":"cold_95"}},{"type":"Feature","geometry":{"type":"Point","coordinates":[77.22353,13.31982]},"properties":{"cell_id":79256,"case_count":1,"gi_zscore":-0.1476,"gi_pvalue":0.188,"significance":"not_sig"}},{"type":"Feature","geometry":{"type":"Point","coordinates":[77.27059,13.31982]},"properties":{"cell_id":79260,"case_count":1,"gi_zscore":-0.1429,"gi_pvalue":0.39,"significance":"not_sig"}},{"type":"Feature","geometry":{"type":"Point","coordinates":[77.31765,13.31982]},"properties":{"cell_id":79264,"case_count":2,"gi_zscore":-0.1453,"gi_pvalue":0.188,"significance":"not_sig"}},{"type":"Feature","geometry":{"type":"Point","coordinates":[77.6,13.31982]},"properties":{"cell_id":79288,"case_count":1,"gi_zscore":-0.15,"gi_pvalue":0.089,"significance":"cold_90"}},{"type":"Feature","geometry":{"type":"Point","coordinates":[77.65882,13.31982]},"properties":{"cell_id":79293,"case_count":1,"gi_zscore":-0.1523,"gi_pvalue":0.089,"significance":"cold_90"}},{"type":"Feature","geometry":{"type":"Point","coordinates":[74.71765,13.32883]},"properties":{"cell_id":79434,"case_count":1,"gi_zscore":-0.15,"gi_pvalue":0.089,"significance":"cold_90"}},{"type":"Feature","geometry":{"type":"Point","coordinates":[74.72941,13.32883]},"properties":{"cell_id":79435,"case_count":2,"gi_zscore":-0.1476,"gi_pvalue":0.089,"significance":"cold_90"}},{"type":"Feature","geometry":{"type":"Point","coordinates":[74.74118,13.32883]},"properties":{"cell_id":79436,"case_count":1,"gi_zscore":-0.1476,"gi_pvalue":0.187,"significance":"not_sig"}},{"type":"Feature","geometry":{"type":"Point","coordinates":[74.75294,13.32883]},"properties":{"cell_id":79437,"case_count":1,"gi_zscore":-0.1476,"gi_pvalue":0.187,"significance":"not_sig"}},{"type":"Feature","geometry":{"type":"Point","coordinates":[75.77647,13.32883]},"properties":{"cell_id":79524,"case_count":2,"gi_zscore":-0.1476,"gi_pvalue":0.089,"significance":"cold_90"}},{"type":"Feature","geometry":{"type":"Point","coordinates":[76.45882,13.32883]},"properties":{"cell_id":79582,"case_count":1,"gi_zscore":-0.15,"gi_pvalue":0.089,"significance":"cold_90"}},{"type":"Feature","geometry":{"type":"Point","coordinates":[76.74118,13.32883]},"properties":{"cell_id":79606,"case_count":1,"gi_zscore":-0.1453,"gi_pvalue":0.254,"significance":"not_sig"}},{"type":"Feature","geometry":{"type":"Point","coordinates":[76.75294,13.32883]},"properties":{"cell_id":79607,"case_count":2,"gi_zscore":-0.1453,"gi_pvalue":0.188,"significance":"not_sig"}},{"type":"Feature","geometry":{"type":"Point","coordinates":[76.76471,13.32883]},"properties":{"cell_id":79608,"case_count":4,"gi_zscore":-0.1453,"gi_pvalue":0.091,"significance":"cold_90"}},{"type":"Feature","geometry":{"type":"Point","coordinates":[76.96471,13.32883]},"properties":{"cell_id":79625,"case_count":3,"gi_zscore":-0.1453,"gi_pvalue":0.091,"significance":"cold_90"}},{"type":"Feature","geometry":{"type":"Point","coordinates":[77.09412,13.32883]},"properties":{"cell_id":79636,"case_count":1,"gi_zscore":-0.1453,"gi_pvalue":0.318,"significance":"not_sig"}},{"type":"Feature","geometry":{"type":"Point","coordinates":[77.10588,13.32883]},"properties":{"cell_id":79637,"case_count":1,"gi_zscore":-0.1453,"gi_pvalue":0.318,"significance":"not_sig"}},{"type":"Feature","geometry":{"type":"Point","coordinates":[77.11765,13.32883]},"properties":{"cell_id":79638,"case_count":2,"gi_zscore":-0.15,"gi_pvalue":0.032,"significance":"cold_95"}},{"type":"Feature","geometry":{"type":"Point","coordinates":[77.14118,13.32883]},"properties":{"cell_id":79640,"case_count":1,"gi_zscore":-0.1523,"gi_pvalue":0.032,"significance":"cold_95"}},{"type":"Feature","geometry":{"type":"Point","coordinates":[74.74118,13.33784]},"properties":{"cell_id":79827,"case_count":2,"gi_zscore":-0.1476,"gi_pvalue":0.09,"significance":"cold_90"}},{"type":"Feature","geometry":{"type":"Point","coordinates":[74.75294,13.33784]},"properties":{"cell_id":79828,"case_count":2,"gi_zscore":-0.1476,"gi_pvalue":0.09,"significance":"cold_90"}},{"type":"Feature","geometry":{"type":"Point","coordinates":[74.76471,13.33784]},"properties":{"cell_id":79829,"case_count":1,"gi_zscore":-0.1476,"gi_pvalue":0.189,"significance":"not_sig"}},{"type":"Feature","geometry":{"type":"Point","coordinates":[74.78824,13.33784]},"properties":{"cell_id":79831,"case_count":1,"gi_zscore":-0.1453,"gi_pvalue":0.318,"significance":"not_sig"}},{"type":"Feature","geometry":{"type":"Point","coordinates":[75.76471,13.33784]},"properties":{"cell_id":79914,"case_count":1,"gi_zscore":-0.1476,"gi_pvalue":0.189,"significance":"not_sig"}},{"type":"Feature","geometry":{"type":"Point","coordinates":[75.77647,13.33784]},"properties":{"cell_id":79915,"case_count":1,"gi_zscore":-0.1476,"gi_pvalue":0.189,"significance":"not_sig"}},{"type":"Feature","geometry":{"type":"Point","coordinates":[76.38824,13.33784]},"properties":{"cell_id":79967,"case_count":1,"gi_zscore":-0.15,"gi_pvalue":0.089,"significance":"cold_90"}},{"type":"Feature","geometry":{"type":"Point","coordinates":[77.09412,13.33784]},"properties":{"cell_id":80027,"case_count":3,"gi_zscore":-0.1453,"gi_pvalue":0.163,"significance":"not_sig"}},{"type":"Feature","geometry":{"type":"Point","coordinates":[77.10588,13.33784]},"properties":{"cell_id":80028,"case_count":2,"gi_zscore":-0.1453,"gi_pvalue":0.191,"significance":"not_sig"}},{"type":"Feature","geometry":{"type":"Point","coordinates":[77.11765,13.33784]},"properties":{"cell_id":80029,"case_count":1,"gi_zscore":-0.1453,"gi_pvalue":0.318,"significance":"not_sig"}},{"type":"Feature","geometry":{"type":"Point","coordinates":[74.78824,13.34685]},"properties":{"cell_id":80222,"case_count":2,"gi_zscore":-0.1453,"gi_pvalue":0.191,"significance":"not_sig"}},{"type":"Feature","geometry":{"type":"Point","coordinates":[74.85882,13.34685]},"properties":{"cell_id":80228,"case_count":1,"gi_zscore":-0.1476,"gi_pvalue":0.19,"significance":"not_sig"}},{"type":"Feature","geometry":{"type":"Point","coordinates":[75.72941,13.34685]},"properties":{"cell_id":80302,"case_count":1,"gi_zscore":-0.1476,"gi_pvalue":0.19,"significance":"not_sig"}},{"type":"Feature","geometry":{"type":"Point","coordinates":[76.94118,13.34685]},"properties":{"cell_id":80405,"case_count":1,"gi_zscore":-0.1453,"gi_pvalue":0.253,"significance":"not_sig"}},{"type":"Feature","geometry":{"type":"Point","coordinates":[77.04706,13.34685]},"properties":{"cell_id":80414,"case_count":2,"gi_zscore":-0.1335,"gi_pvalue":0.5,"significance":"not_sig"}},{"type":"Feature","geometry":{"type":"Point","coordinates":[77.05882,13.34685]},"properties":{"cell_id":80415,"case_count":1,"gi_zscore":-0.1311,"gi_pvalue":0.427,"significance":"not_sig"}},{"type":"Feature","geometry":{"type":"Point","coordinates":[77.10588,13.34685]},"properties":{"cell_id":80419,"case_count":1,"gi_zscore":-0.1453,"gi_pvalue":0.317,"significance":"not_sig"}},{"type":"Feature","geometry":{"type":"Point","coordinates":[77.68235,13.34685]},"properties":{"cell_id":80468,"case_count":1,"gi_zscore":-0.15,"gi_pvalue":0.092,"significance":"cold_90"}},{"type":"Feature","geometry":{"type":"Point","coordinates":[74.72941,13.35586]},"properties":{"cell_id":80608,"case_count":1,"gi_zscore":-0.15,"gi_pvalue":0.092,"significance":"cold_90"}},{"type":"Feature","geometry":{"type":"Point","coordinates":[74.74118,13.35586]},"properties":{"cell_id":80609,"case_count":1,"gi_zscore":-0.1476,"gi_pvalue":0.19,"significance":"not_sig"}},{"type":"Feature","geometry":{"type":"Point","coordinates":[74.78824,13.35586]},"properties":{"cell_id":80613,"case_count":2,"gi_zscore":-0.1453,"gi_pvalue":0.191,"significance":"not_sig"}},{"type":"Feature","geometry":{"type":"Point","coordinates":[74.8,13.35586]},"properties":{"cell_id":80614,"case_count":2,"gi_zscore":-0.1453,"gi_pvalue":0.191,"significance":"not_sig"}},{"type":"Feature","geometry":{"type":"Point","coordinates":[74.81176,13.35586]},"properties":{"cell_id":80615,"case_count":1,"gi_zscore":-0.1453,"gi_pvalue":0.253,"significance":"not_sig"}},{"type":"Feature","geometry":{"type":"Point","coordinates":[75.45882,13.35586]},"properties":{"cell_id":80670,"case_count":1,"gi_zscore":-0.1429,"gi_pvalue":0.348,"significance":"not_sig"}},{"type":"Feature","geometry":{"type":"Point","coordinates":[75.47059,13.35586]},"properties":{"cell_id":80671,"case_count":1,"gi_zscore":-0.1429,"gi_pvalue":0.348,"significance":"not_sig"}},{"type":"Feature","geometry":{"type":"Point","coordinates":[76.37647,13.35586]},"properties":{"cell_id":80748,"case_count":1,"gi_zscore":-0.15,"gi_pvalue":0.092,"significance":"cold_90"}},{"type":"Feature","geometry":{"type":"Point","coordinates":[76.94118,13.35586]},"properties":{"cell_id":80796,"case_count":3,"gi_zscore":-0.1453,"gi_pvalue":0.092,"significance":"cold_90"}},{"type":"Feature","geometry":{"type":"Point","coordinates":[77.03529,13.35586]},"properties":{"cell_id":80804,"case_count":1,"gi_zscore":-0.1335,"gi_pvalue":0.459,"significance":"not_sig"}},{"type":"Feature","geometry":{"type":"Point","coordinates":[77.05882,13.35586]},"properties":{"cell_id":80806,"case_count":4,"gi_zscore":-0.1335,"gi_pvalue":0.393,"significance":"not_sig"}},{"type":"Feature","geometry":{"type":"Point","coordinates":[77.54118,13.35586]},"properties":{"cell_id":80847,"case_count":1,"gi_zscore":-0.1523,"gi_pvalue":0.031,"significance":"cold_95"}},{"type":"Feature","geometry":{"type":"Point","coordinates":[74.70588,13.36486]},"properties":{"cell_id":80997,"case_count":1,"gi_zscore":-0.15,"gi_pvalue":0.093,"significance":"cold_90"}},{"type":"Feature","geometry":{"type":"Point","coordinates":[74.71765,13.36486]},"properties":{"cell_id":80998,"case_count":1,"gi_zscore":-0.15,"gi_pvalue":0.093,"significance":"cold_90"}},{"type":"Feature","geometry":{"type":"Point","coordinates":[75.52941,13.36486]},"properties":{"cell_id":81067,"case_count":1,"gi_zscore":-0.1429,"gi_pvalue":0.35,"significance":"not_sig"}},{"type":"Feature","geometry":{"type":"Point","coordinates":[76.94118,13.36486]},"properties":{"cell_id":81187,"case_count":1,"gi_zscore":-0.1453,"gi_pvalue":0.254,"significance":"not_sig"}},{"type":"Feature","geometry":{"type":"Point","coordinates":[77.03529,13.36486]},"properties":{"cell_id":81195,"case_count":3,"gi_zscore":-0.1335,"gi_pvalue":0.456,"significance":"not_sig"}},{"type":"Feature","geometry":{"type":"Point","coordinates":[77.04706,13.36486]},"properties":{"cell_id":81196,"case_count":1,"gi_zscore":-0.1335,"gi_pvalue":0.462,"significance":"not_sig"}},{"type":"Feature","geometry":{"type":"Point","coordinates":[74.74118,13.37387]},"properties":{"cell_id":81391,"case_count":1,"gi_zscore":-0.15,"gi_pvalue":0.163,"significance":"not_sig"}},{"type":"Feature","geometry":{"type":"Point","coordinates":[74.78824,13.37387]},"properties":{"cell_id":81395,"case_count":1,"gi_zscore":-0.1476,"gi_pvalue":0.19,"significance":"not_sig"}},{"type":"Feature","geometry":{"type":"Point","coordinates":[77.04706,13.37387]},"properties":{"cell_id":81587,"case_count":1,"gi_zscore":-0.1335,"gi_pvalue":0.462,"significance":"not_sig"}},{"type":"Feature","geometry":{"type":"Point","coordinates":[77.41176,13.37387]},"properties":{"cell_id":81618,"case_count":1,"gi_zscore":-0.1476,"gi_pvalue":0.19,"significance":"not_sig"}},{"type":"Feature","geometry":{"type":"Point","coordinates":[77.43529,13.37387]},"properties":{"cell_id":81620,"case_count":1,"gi_zscore":-0.15,"gi_pvalue":0.091,"significance":"cold_90"}},{"type":"Feature","geometry":{"type":"Point","coordinates":[74.90588,13.38288]},"properties":{"cell_id":81796,"case_count":1,"gi_zscore":-0.1476,"gi_pvalue":0.19,"significance":"not_sig"}},{"type":"Feature","geometry":{"type":"Point","coordinates":[77.03529,13.38288]},"properties":{"cell_id":81977,"case_count":2,"gi_zscore":-0.1358,"gi_pvalue":0.457,"significance":"not_sig"}},{"type":"Feature","geometry":{"type":"Point","coordinates":[77.04706,13.38288]},"properties":{"cell_id":81978,"case_count":3,"gi_zscore":-0.1358,"gi_pvalue":0.429,"significance":"not_sig"}},{"type":"Feature","geometry":{"type":"Point","coordinates":[77.11765,13.38288]},"properties":{"cell_id":81984,"case_count":1,"gi_zscore":-0.1453,"gi_pvalue":0.318,"significance":"not_sig"}},{"type":"Feature","geometry":{"type":"Point","coordinates":[77.84706,13.38288]},"properties":{"cell_id":82046,"case_count":1,"gi_zscore":-0.1523,"gi_pvalue":0.091,"significance":"cold_90"}},{"type":"Feature","geometry":{"type":"Point","coordinates":[77.0,13.39189]},"properties":{"cell_id":82365,"case_count":1,"gi_zscore":-0.1406,"gi_pvalue":0.458,"significance":"not_sig"}},{"type":"Feature","geometry":{"type":"Point","coordinates":[77.04706,13.39189]},"properties":{"cell_id":82369,"case_count":1,"gi_zscore":-0.1335,"gi_pvalue":0.459,"significance":"not_sig"}},{"type":"Feature","geometry":{"type":"Point","coordinates":[77.11765,13.39189]},"properties":{"cell_id":82375,"case_count":1,"gi_zscore":-0.1453,"gi_pvalue":0.318,"significance":"not_sig"}},{"type":"Feature","geometry":{"type":"Point","coordinates":[77.54118,13.39189]},"properties":{"cell_id":82411,"case_count":1,"gi_zscore":-0.1523,"gi_pvalue":0.091,"significance":"cold_90"}},{"type":"Feature","geometry":{"type":"Point","coordinates":[77.85882,13.39189]},"properties":{"cell_id":82438,"case_count":1,"gi_zscore":-0.1523,"gi_pvalue":0.091,"significance":"cold_90"}},{"type":"Feature","geometry":{"type":"Point","coordinates":[77.87059,13.4009]},"properties":{"cell_id":82830,"case_count":1,"gi_zscore":-0.1523,"gi_pvalue":0.091,"significance":"cold_90"}},{"type":"Feature","geometry":{"type":"Point","coordinates":[77.95294,13.4009]},"properties":{"cell_id":82837,"case_count":1,"gi_zscore":-0.1547,"gi_pvalue":0.03,"significance":"cold_95"}},{"type":"Feature","geometry":{"type":"Point","coordinates":[75.28235,13.40991]},"properties":{"cell_id":83001,"case_count":1,"gi_zscore":-0.1429,"gi_pvalue":0.391,"significance":"not_sig"}},{"type":"Feature","geometry":{"type":"Point","coordinates":[76.50588,13.40991]},"properties":{"cell_id":83105,"case_count":2,"gi_zscore":-0.1523,"gi_pvalue":0.001,"significance":"cold_99"}},{"type":"Feature","geometry":{"type":"Point","coordinates":[77.02353,13.40991]},"properties":{"cell_id":83149,"case_count":1,"gi_zscore":-0.1406,"gi_pvalue":0.458,"significance":"not_sig"}},{"type":"Feature","geometry":{"type":"Point","coordinates":[77.08235,13.40991]},"properties":{"cell_id":83154,"case_count":1,"gi_zscore":-0.1476,"gi_pvalue":0.191,"significance":"not_sig"}},{"type":"Feature","geometry":{"type":"Point","coordinates":[78.03529,13.40991]},"properties":{"cell_id":83235,"case_count":1,"gi_zscore":-0.1453,"gi_pvalue":0.318,"significance":"not_sig"}},{"type":"Feature","geometry":{"type":"Point","coordinates":[77.02353,13.41892]},"properties":{"cell_id":83540,"case_count":2,"gi_zscore":-0.1406,"gi_pvalue":0.39,"significance":"not_sig"}},{"type":"Feature","geometry":{"type":"Point","coordinates":[77.08235,13.41892]},"properties":{"cell_id":83545,"case_count":1,"gi_zscore":-0.1453,"gi_pvalue":0.317,"significance":"not_sig"}},{"type":"Feature","geometry":{"type":"Point","coordinates":[77.65882,13.41892]},"properties":{"cell_id":83594,"case_count":1,"gi_zscore":-0.15,"gi_pvalue":0.09,"significance":"cold_90"}},{"type":"Feature","geometry":{"type":"Point","coordinates":[75.74118,13.42793]},"properties":{"cell_id":83822,"case_count":6,"gi_zscore":-0.1406,"gi_pvalue":0.03,"significance":"cold_95"}},{"type":"Feature","geometry":{"type":"Point","coordinates":[77.28235,13.42793]},"properties":{"cell_id":83953,"case_count":1,"gi_zscore":-0.1523,"gi_pvalue":0.03,"significance":"cold_95"}},{"type":"Feature","geometry":{"type":"Point","coordinates":[77.51765,13.42793]},"properties":{"cell_id":83973,"case_count":1,"gi_zscore":-0.1476,"gi_pvalue":0.191,"significance":"not_sig"}},{"type":"Feature","geometry":{"type":"Point","coordinates":[77.72941,13.43694]},"properties":{"cell_id":84382,"case_count":3,"gi_zscore":-0.15,"gi_pvalue":0.03,"significance":"cold_95"}},{"type":"Feature","geometry":{"type":"Point","coordinates":[77.95294,13.43694]},"properties":{"cell_id":84401,"case_count":1,"gi_zscore":-0.1476,"gi_pvalue":0.19,"significance":"not_sig"}},{"type":"Feature","geometry":{"type":"Point","coordinates":[77.50588,13.44595]},"properties":{"cell_id":84754,"case_count":1,"gi_zscore":-0.1476,"gi_pvalue":0.19,"significance":"not_sig"}},{"type":"Feature","geometry":{"type":"Point","coordinates":[77.72941,13.44595]},"properties":{"cell_id":84773,"case_count":1,"gi_zscore":-0.15,"gi_pvalue":0.089,"significance":"cold_90"}},{"type":"Feature","geometry":{"type":"Point","coordinates":[77.95294,13.44595]},"properties":{"cell_id":84792,"case_count":1,"gi_zscore":-0.1476,"gi_pvalue":0.19,"significance":"not_sig"}},{"type":"Feature","geometry":{"type":"Point","coordinates":[76.12941,13.45495]},"properties":{"cell_id":85028,"case_count":1,"gi_zscore":-0.1523,"gi_pvalue":0.028,"significance":"cold_95"}},{"type":"Feature","geometry":{"type":"Point","coordinates":[77.45882,13.45495]},"properties":{"cell_id":85141,"case_count":3,"gi_zscore":-0.15,"gi_pvalue":0.028,"significance":"cold_95"}},{"type":"Feature","geometry":{"type":"Point","coordinates":[77.54118,13.45495]},"properties":{"cell_id":85148,"case_count":1,"gi_zscore":-0.1476,"gi_pvalue":0.189,"significance":"not_sig"}},{"type":"Feature","geometry":{"type":"Point","coordinates":[77.70588,13.45495]},"properties":{"cell_id":85162,"case_count":1,"gi_zscore":-0.15,"gi_pvalue":0.089,"significance":"cold_90"}},{"type":"Feature","geometry":{"type":"Point","coordinates":[74.70588,13.47297]},"properties":{"cell_id":85689,"case_count":4,"gi_zscore":-0.1194,"gi_pvalue":0.369,"significance":"not_sig"}},{"type":"Feature","geometry":{"type":"Point","coordinates":[74.71765,13.47297]},"properties":{"cell_id":85690,"case_count":3,"gi_zscore":-0.1194,"gi_pvalue":0.338,"significance":"not_sig"}},{"type":"Feature","geometry":{"type":"Point","coordinates":[74.70588,13.48198]},"properties":{"cell_id":86080,"case_count":5,"gi_zscore":-0.1194,"gi_pvalue":0.39,"significance":"not_sig"}},{"type":"Feature","geometry":{"type":"Point","coordinates":[74.71765,13.48198]},"properties":{"cell_id":86081,"case_count":5,"gi_zscore":-0.1194,"gi_pvalue":0.39,"significance":"not_sig"}},{"type":"Feature","geometry":{"type":"Point","coordinates":[76.01176,13.48198]},"properties":{"cell_id":86191,"case_count":1,"gi_zscore":-0.1523,"gi_pvalue":0.088,"significance":"cold_90"}},{"type":"Feature","geometry":{"type":"Point","coordinates":[74.70588,13.49099]},"properties":{"cell_id":86471,"case_count":2,"gi_zscore":-0.1194,"gi_pvalue":0.321,"significance":"not_sig"}},{"type":"Feature","geometry":{"type":"Point","coordinates":[74.70588,13.5]},"properties":{"cell_id":86862,"case_count":2,"gi_zscore":-0.1194,"gi_pvalue":0.321,"significance":"not_sig"}},{"type":"Feature","geometry":{"type":"Point","coordinates":[74.77647,13.50901]},"properties":{"cell_id":87259,"case_count":1,"gi_zscore":-0.1264,"gi_pvalue":0.369,"significance":"not_sig"}},{"type":"Feature","geometry":{"type":"Point","coordinates":[74.70588,13.51802]},"properties":{"cell_id":87644,"case_count":1,"gi_zscore":-0.1194,"gi_pvalue":0.299,"significance":"not_sig"}},{"type":"Feature","geometry":{"type":"Point","coordinates":[77.23529,13.51802]},"properties":{"cell_id":87859,"case_count":1,"gi_zscore":-0.1523,"gi_pvalue":0.027,"significance":"cold_95"}},{"type":"Feature","geometry":{"type":"Point","coordinates":[77.35294,13.52703]},"properties":{"cell_id":88260,"case_count":1,"gi_zscore":-0.1382,"gi_pvalue":0.496,"significance":"not_sig"}},{"type":"Feature","geometry":{"type":"Point","coordinates":[74.78824,13.53604]},"properties":{"cell_id":88433,"case_count":1,"gi_zscore":-0.1264,"gi_pvalue":0.369,"significance":"not_sig"}},{"type":"Feature","geometry":{"type":"Point","coordinates":[74.8,13.54505]},"properties":{"cell_id":88825,"case_count":1,"gi_zscore":-0.1264,"gi_pvalue":0.369,"significance":"not_sig"}},{"type":"Feature","geometry":{"type":"Point","coordinates":[75.96471,13.54505]},"properties":{"cell_id":88924,"case_count":1,"gi_zscore":-0.1523,"gi_pvalue":0.087,"significance":"cold_90"}},{"type":"Feature","geometry":{"type":"Point","coordinates":[76.01176,13.54505]},"properties":{"cell_id":88928,"case_count":2,"gi_zscore":-0.1523,"gi_pvalue":0.027,"significance":"cold_95"}},{"type":"Feature","geometry":{"type":"Point","coordinates":[76.02353,13.54505]},"properties":{"cell_id":88929,"case_count":1,"gi_zscore":-0.1523,"gi_pvalue":0.086,"significance":"cold_90"}},{"type":"Feature","geometry":{"type":"Point","coordinates":[78.11765,13.54505]},"properties":{"cell_id":89107,"case_count":2,"gi_zscore":-0.1453,"gi_pvalue":0.19,"significance":"not_sig"}},{"type":"Feature","geometry":{"type":"Point","coordinates":[75.41176,13.55405]},"properties":{"cell_id":89268,"case_count":1,"gi_zscore":-0.1476,"gi_pvalue":0.19,"significance":"not_sig"}},{"type":"Feature","geometry":{"type":"Point","coordinates":[76.01176,13.55405]},"properties":{"cell_id":89319,"case_count":1,"gi_zscore":-0.1523,"gi_pvalue":0.086,"significance":"cold_90"}},{"type":"Feature","geometry":{"type":"Point","coordinates":[76.03529,13.55405]},"properties":{"cell_id":89321,"case_count":1,"gi_zscore":-0.1523,"gi_pvalue":0.086,"significance":"cold_90"}},{"type":"Feature","geometry":{"type":"Point","coordinates":[75.32941,13.56306]},"properties":{"cell_id":89652,"case_count":1,"gi_zscore":-0.15,"gi_pvalue":0.164,"significance":"not_sig"}},{"type":"Feature","geometry":{"type":"Point","coordinates":[76.97647,13.56306]},"properties":{"cell_id":89792,"case_count":1,"gi_zscore":-0.1523,"gi_pvalue":0.086,"significance":"cold_90"}},{"type":"Feature","geometry":{"type":"Point","coordinates":[75.75294,13.57207]},"properties":{"cell_id":90079,"case_count":2,"gi_zscore":-0.1335,"gi_pvalue":0.497,"significance":"not_sig"}},{"type":"Feature","geometry":{"type":"Point","coordinates":[76.54118,13.57207]},"properties":{"cell_id":90146,"case_count":1,"gi_zscore":-0.1523,"gi_pvalue":0.025,"significance":"cold_95"}},{"type":"Feature","geometry":{"type":"Point","coordinates":[78.02353,13.57207]},"properties":{"cell_id":90272,"case_count":3,"gi_zscore":-0.1453,"gi_pvalue":0.164,"significance":"not_sig"}},{"type":"Feature","geometry":{"type":"Point","coordinates":[76.54118,13.58108]},"properties":{"cell_id":90537,"case_count":1,"gi_zscore":-0.1523,"gi_pvalue":0.025,"significance":"cold_95"}},{"type":"Feature","geometry":{"type":"Point","coordinates":[76.55294,13.58108]},"properties":{"cell_id":90538,"case_count":1,"gi_zscore":-0.1523,"gi_pvalue":0.025,"significance":"cold_95"}},{"type":"Feature","geometry":{"type":"Point","coordinates":[75.88235,13.59009]},"properties":{"cell_id":90872,"case_count":1,"gi_zscore":-0.1429,"gi_pvalue":0.35,"significance":"not_sig"}},{"type":"Feature","geometry":{"type":"Point","coordinates":[78.03529,13.59009]},"properties":{"cell_id":91055,"case_count":2,"gi_zscore":-0.1453,"gi_pvalue":0.19,"significance":"not_sig"}},{"type":"Feature","geometry":{"type":"Point","coordinates":[75.96471,13.5991]},"properties":{"cell_id":91270,"case_count":1,"gi_zscore":-0.1523,"gi_pvalue":0.087,"significance":"cold_90"}},{"type":"Feature","geometry":{"type":"Point","coordinates":[77.49412,13.5991]},"properties":{"cell_id":91400,"case_count":6,"gi_zscore":-0.1076,"gi_pvalue":0.298,"significance":"not_sig"}},{"type":"Feature","geometry":{"type":"Point","coordinates":[77.50588,13.5991]},"properties":{"cell_id":91401,"case_count":3,"gi_zscore":-0.1076,"gi_pvalue":0.272,"significance":"not_sig"}},{"type":"Feature","geometry":{"type":"Point","coordinates":[77.51765,13.5991]},"properties":{"cell_id":91402,"case_count":1,"gi_zscore":-0.1076,"gi_pvalue":0.26,"significance":"not_sig"}},{"type":"Feature","geometry":{"type":"Point","coordinates":[77.52941,13.5991]},"properties":{"cell_id":91403,"case_count":11,"gi_zscore":-0.1076,"gi_pvalue":0.425,"significance":"not_sig"}},{"type":"Feature","geometry":{"type":"Point","coordinates":[77.49412,13.60811]},"properties":{"cell_id":91791,"case_count":1,"gi_zscore":-0.1076,"gi_pvalue":0.26,"significance":"not_sig"}},{"type":"Feature","geometry":{"type":"Point","coordinates":[77.51765,13.60811]},"properties":{"cell_id":91793,"case_count":1,"gi_zscore":-0.1076,"gi_pvalue":0.26,"significance":"not_sig"}},{"type":"Feature","geometry":{"type":"Point","coordinates":[77.52941,13.60811]},"properties":{"cell_id":91794,"case_count":3,"gi_zscore":-0.1076,"gi_pvalue":0.272,"significance":"not_sig"}},{"type":"Feature","geometry":{"type":"Point","coordinates":[76.89412,13.62613]},"properties":{"cell_id":92522,"case_count":1,"gi_zscore":-0.15,"gi_pvalue":0.086,"significance":"cold_90"}},{"type":"Feature","geometry":{"type":"Point","coordinates":[76.94118,13.63514]},"properties":{"cell_id":92917,"case_count":1,"gi_zscore":-0.15,"gi_pvalue":0.086,"significance":"cold_90"}},{"type":"Feature","geometry":{"type":"Point","coordinates":[77.30588,13.64414]},"properties":{"cell_id":93339,"case_count":1,"gi_zscore":-0.1476,"gi_pvalue":0.164,"significance":"not_sig"}},{"type":"Feature","geometry":{"type":"Point","coordinates":[74.83529,13.65315]},"properties":{"cell_id":93520,"case_count":1,"gi_zscore":-0.15,"gi_pvalue":0.164,"significance":"not_sig"}},{"type":"Feature","geometry":{"type":"Point","coordinates":[74.84706,13.65315]},"properties":{"cell_id":93521,"case_count":1,"gi_zscore":-0.1523,"gi_pvalue":0.086,"significance":"cold_90"}},{"type":"Feature","geometry":{"type":"Point","coordinates":[75.21176,13.65315]},"properties":{"cell_id":93552,"case_count":1,"gi_zscore":-0.1547,"gi_pvalue":0.026,"significance":"cold_95"}},{"type":"Feature","geometry":{"type":"Point","coordinates":[77.30588,13.65315]},"properties":{"cell_id":93730,"case_count":1,"gi_zscore":-0.1453,"gi_pvalue":0.251,"significance":"not_sig"}},{"type":"Feature","geometry":{"type":"Point","coordinates":[75.85882,13.66216]},"properties":{"cell_id":93998,"case_count":1,"gi_zscore":-0.1453,"gi_pvalue":0.318,"significance":"not_sig"}},{"type":"Feature","geometry":{"type":"Point","coordinates":[77.21176,13.66216]},"properties":{"cell_id":94113,"case_count":2,"gi_zscore":-0.1523,"gi_pvalue":0.026,"significance":"cold_95"}},{"type":"Feature","geometry":{"type":"Point","coordinates":[77.22353,13.66216]},"properties":{"cell_id":94114,"case_count":1,"gi_zscore":-0.1523,"gi_pvalue":0.088,"significance":"cold_90"}},{"type":"Feature","geometry":{"type":"Point","coordinates":[75.83529,13.67117]},"properties":{"cell_id":94387,"case_count":2,"gi_zscore":-0.1453,"gi_pvalue":0.193,"significance":"not_sig"}},{"type":"Feature","geometry":{"type":"Point","coordinates":[77.09412,13.67117]},"properties":{"cell_id":94494,"case_count":1,"gi_zscore":-0.15,"gi_pvalue":0.088,"significance":"cold_90"}},{"type":"Feature","geometry":{"type":"Point","coordinates":[77.21176,13.67117]},"properties":{"cell_id":94504,"case_count":1,"gi_zscore":-0.1523,"gi_pvalue":0.088,"significance":"cold_90"}},{"type":"Feature","geometry":{"type":"Point","coordinates":[75.83529,13.68018]},"properties":{"cell_id":94778,"case_count":3,"gi_zscore":-0.1453,"gi_pvalue":0.166,"significance":"not_sig"}},{"type":"Feature","geometry":{"type":"Point","coordinates":[77.11765,13.68018]},"properties":{"cell_id":94887,"case_count":1,"gi_zscore":-0.15,"gi_pvalue":0.089,"significance":"cold_90"}},{"type":"Feature","geometry":{"type":"Point","coordinates":[77.44706,13.6982]},"properties":{"cell_id":95697,"case_count":2,"gi_zscore":-0.1264,"gi_pvalue":0.387,"significance":"not_sig"}},{"type":"Feature","geometry":{"type":"Point","coordinates":[77.83529,13.6982]},"properties":{"cell_id":95730,"case_count":1,"gi_zscore":-0.1476,"gi_pvalue":0.251,"significance":"not_sig"}},{"type":"Feature","geometry":{"type":"Point","coordinates":[75.69412,13.70721]},"properties":{"cell_id":95939,"case_count":1,"gi_zscore":-0.15,"gi_pvalue":0.088,"significance":"cold_90"}},{"type":"Feature","geometry":{"type":"Point","coordinates":[77.42353,13.70721]},"properties":{"cell_id":96086,"case_count":1,"gi_zscore":-0.1311,"gi_pvalue":0.403,"significance":"not_sig"}},{"type":"Feature","geometry":{"type":"Point","coordinates":[78.10588,13.70721]},"properties":{"cell_id":96144,"case_count":1,"gi_zscore":-0.1453,"gi_pvalue":0.251,"significance":"not_sig"}},{"type":"Feature","geometry":{"type":"Point","coordinates":[75.63529,13.72523]},"properties":{"cell_id":96716,"case_count":2,"gi_zscore":-0.15,"gi_pvalue":0.026,"significance":"cold_95"}},{"type":"Feature","geometry":{"type":"Point","coordinates":[76.0,13.72523]},"properties":{"cell_id":96747,"case_count":1,"gi_zscore":-0.1476,"gi_pvalue":0.193,"significance":"not_sig"}},{"type":"Feature","geometry":{"type":"Point","coordinates":[77.10588,13.73423]},"properties":{"cell_id":97232,"case_count":1,"gi_zscore":-0.15,"gi_pvalue":0.09,"significance":"cold_90"}},{"type":"Feature","geometry":{"type":"Point","coordinates":[77.42353,13.73423]},"properties":{"cell_id":97259,"case_count":3,"gi_zscore":-0.1358,"gi_pvalue":0.427,"significance":"not_sig"}},{"type":"Feature","geometry":{"type":"Point","coordinates":[77.92941,13.73423]},"properties":{"cell_id":97302,"case_count":1,"gi_zscore":-0.1476,"gi_pvalue":0.25,"significance":"not_sig"}},{"type":"Feature","geometry":{"type":"Point","coordinates":[75.68235,13.74324]},"properties":{"cell_id":97502,"case_count":1,"gi_zscore":-0.15,"gi_pvalue":0.09,"significance":"cold_90"}},{"type":"Feature","geometry":{"type":"Point","coordinates":[75.90588,13.74324]},"properties":{"cell_id":97521,"case_count":1,"gi_zscore":-0.1476,"gi_pvalue":0.192,"significance":"not_sig"}},{"type":"Feature","geometry":{"type":"Point","coordinates":[76.90588,13.74324]},"properties":{"cell_id":97606,"case_count":1,"gi_zscore":-0.1429,"gi_pvalue":0.349,"significance":"not_sig"}},{"type":"Feature","geometry":{"type":"Point","coordinates":[75.03529,13.75225]},"properties":{"cell_id":97838,"case_count":1,"gi_zscore":-0.1523,"gi_pvalue":0.026,"significance":"cold_95"}},{"type":"Feature","geometry":{"type":"Point","coordinates":[75.68235,13.75225]},"properties":{"cell_id":97893,"case_count":1,"gi_zscore":-0.15,"gi_pvalue":0.09,"significance":"cold_90"}},{"type":"Feature","geometry":{"type":"Point","coordinates":[76.89412,13.75225]},"properties":{"cell_id":97996,"case_count":2,"gi_zscore":-0.1429,"gi_pvalue":0.317,"significance":"not_sig"}},{"type":"Feature","geometry":{"type":"Point","coordinates":[75.70588,13.76126]},"properties":{"cell_id":98286,"case_count":2,"gi_zscore":-0.1476,"gi_pvalue":0.09,"significance":"cold_90"}},{"type":"Feature","geometry":{"type":"Point","coordinates":[75.71765,13.76126]},"properties":{"cell_id":98287,"case_count":1,"gi_zscore":-0.1476,"gi_pvalue":0.19,"significance":"not_sig"}},{"type":"Feature","geometry":{"type":"Point","coordinates":[75.72941,13.76126]},"properties":{"cell_id":98288,"case_count":1,"gi_zscore":-0.1429,"gi_pvalue":0.349,"significance":"not_sig"}},{"type":"Feature","geometry":{"type":"Point","coordinates":[78.02353,13.76126]},"properties":{"cell_id":98483,"case_count":1,"gi_zscore":-0.1453,"gi_pvalue":0.317,"significance":"not_sig"}},{"type":"Feature","geometry":{"type":"Point","coordinates":[77.03529,13.77027]},"properties":{"cell_id":98790,"case_count":2,"gi_zscore":-0.1429,"gi_pvalue":0.317,"significance":"not_sig"}},{"type":"Feature","geometry":{"type":"Point","coordinates":[77.78824,13.78829]},"properties":{"cell_id":99636,"case_count":1,"gi_zscore":-0.1429,"gi_pvalue":0.39,"significance":"not_sig"}},{"type":"Feature","geometry":{"type":"Point","coordinates":[76.28235,13.7973]},"properties":{"cell_id":99899,"case_count":1,"gi_zscore":-0.1406,"gi_pvalue":0.426,"significance":"not_sig"}},{"type":"Feature","geometry":{"type":"Point","coordinates":[74.81176,13.80631]},"properties":{"cell_id":100165,"case_count":1,"gi_zscore":-0.1547,"gi_pvalue":0.026,"significance":"cold_95"}},{"type":"Feature","geometry":{"type":"Point","coordinates":[75.69412,13.81532]},"properties":{"cell_id":100631,"case_count":1,"gi_zscore":-0.0958,"gi_pvalue":0.233,"significance":"not_sig"}},{"type":"Feature","geometry":{"type":"Point","coordinates":[77.31765,13.81532]},"properties":{"cell_id":100769,"case_count":1,"gi_zscore":-0.1453,"gi_pvalue":0.249,"significance":"not_sig"}},{"type":"Feature","geometry":{"type":"Point","coordinates":[74.63529,13.82432]},"properties":{"cell_id":100932,"case_count":1,"gi_zscore":-0.1547,"gi_pvalue":0.026,"significance":"cold_95"}},{"type":"Feature","geometry":{"type":"Point","coordinates":[75.64706,13.82432]},"properties":{"cell_id":101018,"case_count":1,"gi_zscore":-0.1029,"gi_pvalue":0.244,"significance":"not_sig"}},{"type":"Feature","geometry":{"type":"Point","coordinates":[75.67059,13.82432]},"properties":{"cell_id":101020,"case_count":1,"gi_zscore":-0.0958,"gi_pvalue":0.233,"significance":"not_sig"}},{"type":"Feature","geometry":{"type":"Point","coordinates":[75.97647,13.82432]},"properties":{"cell_id":101046,"case_count":1,"gi_zscore":-0.1429,"gi_pvalue":0.349,"significance":"not_sig"}},{"type":"Feature","geometry":{"type":"Point","coordinates":[75.68235,13.83333]},"properties":{"cell_id":101412,"case_count":3,"gi_zscore":-0.0958,"gi_pvalue":0.242,"significance":"not_sig"}},{"type":"Feature","geometry":{"type":"Point","coordinates":[75.69412,13.83333]},"properties":{"cell_id":101413,"case_count":3,"gi_zscore":-0.0958,"gi_pvalue":0.242,"significance":"not_sig"}},{"type":"Feature","geometry":{"type":"Point","coordinates":[77.8,13.83333]},"properties":{"cell_id":101592,"case_count":1,"gi_zscore":-0.1476,"gi_pvalue":0.249,"significance":"not_sig"}},{"type":"Feature","geometry":{"type":"Point","coordinates":[75.68235,13.84234]},"properties":{"cell_id":101803,"case_count":15,"gi_zscore":-0.0958,"gi_pvalue":0.398,"significance":"not_sig"}},{"type":"Feature","geometry":{"type":"Point","coordinates":[75.69412,13.84234]},"properties":{"cell_id":101804,"case_count":5,"gi_zscore":-0.0958,"gi_pvalue":0.258,"significance":"not_sig"}},{"type":"Feature","geometry":{"type":"Point","coordinates":[75.70588,13.85135]},"properties":{"cell_id":102196,"case_count":4,"gi_zscore":-0.0958,"gi_pvalue":0.249,"significance":"not_sig"}},{"type":"Feature","geometry":{"type":"Point","coordinates":[74.63529,13.86036]},"properties":{"cell_id":102496,"case_count":1,"gi_zscore":-0.1547,"gi_pvalue":0.028,"significance":"cold_95"}},{"type":"Feature","geometry":{"type":"Point","coordinates":[75.58824,13.86036]},"properties":{"cell_id":102577,"case_count":1,"gi_zscore":-0.1547,"gi_pvalue":0.028,"significance":"cold_95"}},{"type":"Feature","geometry":{"type":"Point","coordinates":[75.71765,13.86036]},"properties":{"cell_id":102588,"case_count":1,"gi_zscore":-0.0958,"gi_pvalue":0.232,"significance":"not_sig"}},{"type":"Feature","geometry":{"type":"Point","coordinates":[75.65882,13.86937]},"properties":{"cell_id":102974,"case_count":1,"gi_zscore":-0.1005,"gi_pvalue":0.24,"significance":"not_sig"}},{"type":"Feature","geometry":{"type":"Point","coordinates":[75.67059,13.86937]},"properties":{"cell_id":102975,"case_count":1,"gi_zscore":-0.0958,"gi_pvalue":0.232,"significance":"not_sig"}},{"type":"Feature","geometry":{"type":"Point","coordinates":[75.70588,13.86937]},"properties":{"cell_id":102978,"case_count":1,"gi_zscore":-0.0958,"gi_pvalue":0.233,"significance":"not_sig"}},{"type":"Feature","geometry":{"type":"Point","coordinates":[77.85882,13.90541]},"properties":{"cell_id":104725,"case_count":1,"gi_zscore":-0.1476,"gi_pvalue":0.251,"significance":"not_sig"}},{"type":"Feature","geometry":{"type":"Point","coordinates":[74.58824,13.91441]},"properties":{"cell_id":104838,"case_count":1,"gi_zscore":-0.1476,"gi_pvalue":0.189,"significance":"not_sig"}},{"type":"Feature","geometry":{"type":"Point","coordinates":[74.6,13.92342]},"properties":{"cell_id":105230,"case_count":1,"gi_zscore":-0.1476,"gi_pvalue":0.189,"significance":"not_sig"}},{"type":"Feature","geometry":{"type":"Point","coordinates":[75.54118,13.92342]},"properties":{"cell_id":105310,"case_count":1,"gi_zscore":-0.1547,"gi_pvalue":0.028,"significance":"cold_95"}},{"type":"Feature","geometry":{"type":"Point","coordinates":[75.55294,13.92342]},"properties":{"cell_id":105311,"case_count":1,"gi_zscore":-0.1547,"gi_pvalue":0.028,"significance":"cold_95"}},{"type":"Feature","geometry":{"type":"Point","coordinates":[75.76471,13.92342]},"properties":{"cell_id":105329,"case_count":1,"gi_zscore":-0.1335,"gi_pvalue":0.455,"significance":"not_sig"}},{"type":"Feature","geometry":{"type":"Point","coordinates":[76.91765,13.92342]},"properties":{"cell_id":105427,"case_count":4,"gi_zscore":-0.1429,"gi_pvalue":0.09,"significance":"cold_90"}},{"type":"Feature","geometry":{"type":"Point","coordinates":[75.55294,13.93243]},"properties":{"cell_id":105702,"case_count":1,"gi_zscore":-0.1547,"gi_pvalue":0.027,"significance":"cold_95"}},{"type":"Feature","geometry":{"type":"Point","coordinates":[75.56471,13.93243]},"properties":{"cell_id":105703,"case_count":1,"gi_zscore":-0.1547,"gi_pvalue":0.027,"significance":"cold_95"}},{"type":"Feature","geometry":{"type":"Point","coordinates":[75.57647,13.93243]},"properties":{"cell_id":105704,"case_count":1,"gi_zscore":-0.1547,"gi_pvalue":0.027,"significance":"cold_95"}},{"type":"Feature","geometry":{"type":"Point","coordinates":[75.58824,13.93243]},"properties":{"cell_id":105705,"case_count":1,"gi_zscore":-0.1547,"gi_pvalue":0.027,"significance":"cold_95"}},{"type":"Feature","geometry":{"type":"Point","coordinates":[76.21176,13.93243]},"properties":{"cell_id":105758,"case_count":1,"gi_zscore":-0.1406,"gi_pvalue":0.427,"significance":"not_sig"}},{"type":"Feature","geometry":{"type":"Point","coordinates":[75.54118,13.94144]},"properties":{"cell_id":106092,"case_count":1,"gi_zscore":-0.1547,"gi_pvalue":0.027,"significance":"cold_95"}},{"type":"Feature","geometry":{"type":"Point","coordinates":[75.58824,13.94144]},"properties":{"cell_id":106096,"case_count":1,"gi_zscore":-0.1547,"gi_pvalue":0.027,"significance":"cold_95"}},{"type":"Feature","geometry":{"type":"Point","coordinates":[76.61176,13.94144]},"properties":{"cell_id":106183,"case_count":1,"gi_zscore":-0.1429,"gi_pvalue":0.393,"significance":"not_sig"}},{"type":"Feature","geometry":{"type":"Point","coordinates":[77.0,13.94144]},"properties":{"cell_id":106216,"case_count":1,"gi_zscore":-0.1429,"gi_pvalue":0.351,"significance":"not_sig"}},{"type":"Feature","geometry":{"type":"Point","coordinates":[76.08235,13.95946]},"properties":{"cell_id":106920,"case_count":3,"gi_zscore":-0.1406,"gi_pvalue":0.318,"significance":"not_sig"}},{"type":"Feature","geometry":{"type":"Point","coordinates":[74.52941,13.96847]},"properties":{"cell_id":107179,"case_count":1,"gi_zscore":-0.1476,"gi_pvalue":0.184,"significance":"not_sig"}},{"type":"Feature","geometry":{"type":"Point","coordinates":[75.65882,13.96847]},"properties":{"cell_id":107275,"case_count":1,"gi_zscore":-0.1547,"gi_pvalue":0.027,"significance":"cold_95"}},{"type":"Feature","geometry":{"type":"Point","coordinates":[75.74118,13.96847]},"properties":{"cell_id":107282,"case_count":1,"gi_zscore":-0.1476,"gi_pvalue":0.25,"significance":"not_sig"}},{"type":"Feature","geometry":{"type":"Point","coordinates":[75.0,13.9955]},"properties":{"cell_id":108392,"case_count":2,"gi_zscore":-0.1523,"gi_pvalue":0.001,"significance":"cold_99"}},{"type":"Feature","geometry":{"type":"Point","coordinates":[75.91765,14.02252]},"properties":{"cell_id":109643,"case_count":1,"gi_zscore":-0.15,"gi_pvalue":0.085,"significance":"cold_90"}},{"type":"Feature","geometry":{"type":"Point","coordinates":[76.18824,14.04054]},"properties":{"cell_id":110448,"case_count":5,"gi_zscore":-0.1382,"gi_pvalue":0.251,"significance":"not_sig"}},{"type":"Feature","geometry":{"type":"Point","coordinates":[75.38824,14.05856]},"properties":{"cell_id":111162,"case_count":2,"gi_zscore":-0.1523,"gi_pvalue":0.001,"significance":"cold_99"}},{"type":"Feature","geometry":{"type":"Point","coordinates":[75.04706,14.06757]},"properties":{"cell_id":111524,"case_count":1,"gi_zscore":-0.15,"gi_pvalue":0.083,"significance":"cold_90"}},{"type":"Feature","geometry":{"type":"Point","coordinates":[75.69412,14.07658]},"properties":{"cell_id":111970,"case_count":1,"gi_zscore":-0.1547,"gi_pvalue":0.028,"significance":"cold_95"}},{"type":"Feature","geometry":{"type":"Point","coordinates":[75.88235,14.08559]},"properties":{"cell_id":112377,"case_count":1,"gi_zscore":-0.15,"gi_pvalue":0.157,"significance":"not_sig"}},{"type":"Feature","geometry":{"type":"Point","coordinates":[77.28235,14.1036]},"properties":{"cell_id":113278,"case_count":3,"gi_zscore":-0.1358,"gi_pvalue":0.396,"significance":"not_sig"}},{"type":"Feature","geometry":{"type":"Point","coordinates":[74.11765,14.12162]},"properties":{"cell_id":113791,"case_count":1,"gi_zscore":-0.1453,"gi_pvalue":0.248,"significance":"not_sig"}},{"type":"Feature","geometry":{"type":"Point","coordinates":[75.11765,14.12162]},"properties":{"cell_id":113876,"case_count":1,"gi_zscore":-0.15,"gi_pvalue":0.16,"significance":"not_sig"}},{"type":"Feature","geometry":{"type":"Point","coordinates":[75.6,14.14865]},"properties":{"cell_id":115090,"case_count":1,"gi_zscore":-0.1547,"gi_pvalue":0.028,"significance":"cold_95"}},{"type":"Feature","geometry":{"type":"Point","coordinates":[75.04706,14.16667]},"properties":{"cell_id":115825,"case_count":1,"gi_zscore":-0.15,"gi_pvalue":0.16,"significance":"not_sig"}},{"type":"Feature","geometry":{"type":"Point","coordinates":[76.27059,14.17568]},"properties":{"cell_id":116320,"case_count":1,"gi_zscore":-0.1429,"gi_pvalue":0.392,"significance":"not_sig"}},{"type":"Feature","geometry":{"type":"Point","coordinates":[74.48235,14.18468]},"properties":{"cell_id":116559,"case_count":4,"gi_zscore":-0.1429,"gi_pvalue":0.161,"significance":"not_sig"}},{"type":"Feature","geometry":{"type":"Point","coordinates":[74.48235,14.19369]},"properties":{"cell_id":116950,"case_count":1,"gi_zscore":-0.1429,"gi_pvalue":0.395,"significance":"not_sig"}},{"type":"Feature","geometry":{"type":"Point","coordinates":[76.37647,14.21171]},"properties":{"cell_id":117893,"case_count":1,"gi_zscore":-0.1429,"gi_pvalue":0.395,"significance":"not_sig"}},{"type":"Feature","geometry":{"type":"Point","coordinates":[76.42353,14.21171]},"properties":{"cell_id":117897,"case_count":1,"gi_zscore":-0.15,"gi_pvalue":0.086,"significance":"cold_90"}},{"type":"Feature","geometry":{"type":"Point","coordinates":[76.94118,14.21171]},"properties":{"cell_id":117941,"case_count":1,"gi_zscore":-0.1429,"gi_pvalue":0.395,"significance":"not_sig"}},{"type":"Feature","geometry":{"type":"Point","coordinates":[74.47059,14.22072]},"properties":{"cell_id":118122,"case_count":2,"gi_zscore":-0.1382,"gi_pvalue":0.397,"significance":"not_sig"}},{"type":"Feature","geometry":{"type":"Point","coordinates":[74.48235,14.22072]},"properties":{"cell_id":118123,"case_count":1,"gi_zscore":-0.1429,"gi_pvalue":0.395,"significance":"not_sig"}},{"type":"Feature","geometry":{"type":"Point","coordinates":[74.49412,14.22072]},"properties":{"cell_id":118124,"case_count":1,"gi_zscore":-0.1429,"gi_pvalue":0.395,"significance":"not_sig"}},{"type":"Feature","geometry":{"type":"Point","coordinates":[76.38824,14.22072]},"properties":{"cell_id":118285,"case_count":2,"gi_zscore":-0.1429,"gi_pvalue":0.315,"significance":"not_sig"}},{"type":"Feature","geometry":{"type":"Point","coordinates":[76.41176,14.22072]},"properties":{"cell_id":118287,"case_count":1,"gi_zscore":-0.15,"gi_pvalue":0.086,"significance":"cold_90"}},{"type":"Feature","geometry":{"type":"Point","coordinates":[74.44706,14.22973]},"properties":{"cell_id":118511,"case_count":1,"gi_zscore":-0.1453,"gi_pvalue":0.315,"significance":"not_sig"}},{"type":"Feature","geometry":{"type":"Point","coordinates":[74.49412,14.22973]},"properties":{"cell_id":118515,"case_count":1,"gi_zscore":-0.1429,"gi_pvalue":0.395,"significance":"not_sig"}},{"type":"Feature","geometry":{"type":"Point","coordinates":[75.64706,14.22973]},"properties":{"cell_id":118613,"case_count":1,"gi_zscore":-0.15,"gi_pvalue":0.086,"significance":"cold_90"}},{"type":"Feature","geometry":{"type":"Point","coordinates":[75.65882,14.22973]},"properties":{"cell_id":118614,"case_count":1,"gi_zscore":-0.15,"gi_pvalue":0.086,"significance":"cold_90"}},{"type":"Feature","geometry":{"type":"Point","coordinates":[74.44706,14.23874]},"properties":{"cell_id":118902,"case_count":3,"gi_zscore":-0.1453,"gi_pvalue":0.163,"significance":"not_sig"}},{"type":"Feature","geometry":{"type":"Point","coordinates":[74.45882,14.23874]},"properties":{"cell_id":118903,"case_count":2,"gi_zscore":-0.1453,"gi_pvalue":0.186,"significance":"not_sig"}},{"type":"Feature","geometry":{"type":"Point","coordinates":[74.50588,14.23874]},"properties":{"cell_id":118907,"case_count":1,"gi_zscore":-0.1382,"gi_pvalue":0.453,"significance":"not_sig"}},{"type":"Feature","geometry":{"type":"Point","coordinates":[75.67059,14.24775]},"properties":{"cell_id":119397,"case_count":1,"gi_zscore":-0.15,"gi_pvalue":0.087,"significance":"cold_90"}},{"type":"Feature","geometry":{"type":"Point","coordinates":[75.88235,14.24775]},"properties":{"cell_id":119415,"case_count":1,"gi_zscore":-0.1453,"gi_pvalue":0.313,"significance":"not_sig"}},{"type":"Feature","geometry":{"type":"Point","coordinates":[75.68235,14.25676]},"properties":{"cell_id":119789,"case_count":1,"gi_zscore":-0.15,"gi_pvalue":0.087,"significance":"cold_90"}},{"type":"Feature","geometry":{"type":"Point","coordinates":[76.85882,14.26577]},"properties":{"cell_id":120280,"case_count":1,"gi_zscore":-0.1453,"gi_pvalue":0.313,"significance":"not_sig"}},{"type":"Feature","geometry":{"type":"Point","coordinates":[77.31765,14.26577]},"properties":{"cell_id":120319,"case_count":1,"gi_zscore":-0.1406,"gi_pvalue":0.453,"significance":"not_sig"}},{"type":"Feature","geometry":{"type":"Point","coordinates":[74.43529,14.27477]},"properties":{"cell_id":120465,"case_count":1,"gi_zscore":-0.1453,"gi_pvalue":0.25,"significance":"not_sig"}},{"type":"Feature","geometry":{"type":"Point","coordinates":[75.35294,14.27477]},"properties":{"cell_id":120543,"case_count":1,"gi_zscore":-0.15,"gi_pvalue":0.087,"significance":"cold_90"}},{"type":"Feature","geometry":{"type":"Point","coordinates":[74.44706,14.28378]},"properties":{"cell_id":120857,"case_count":1,"gi_zscore":-0.1453,"gi_pvalue":0.25,"significance":"not_sig"}},{"type":"Feature","geometry":{"type":"Point","coordinates":[76.08235,14.28378]},"properties":{"cell_id":120996,"case_count":1,"gi_zscore":-0.1547,"gi_pvalue":0.029,"significance":"cold_95"}},{"type":"Feature","geometry":{"type":"Point","coordinates":[76.16471,14.28378]},"properties":{"cell_id":121003,"case_count":1,"gi_zscore":-0.1523,"gi_pvalue":0.087,"significance":"cold_90"}},{"type":"Feature","geometry":{"type":"Point","coordinates":[76.92941,14.29279]},"properties":{"cell_id":121459,"case_count":1,"gi_zscore":-0.1406,"gi_pvalue":0.453,"significance":"not_sig"}},{"type":"Feature","geometry":{"type":"Point","coordinates":[74.42353,14.31081]},"properties":{"cell_id":122028,"case_count":1,"gi_zscore":-0.1453,"gi_pvalue":0.25,"significance":"not_sig"}},{"type":"Feature","geometry":{"type":"Point","coordinates":[76.64706,14.31982]},"properties":{"cell_id":122608,"case_count":1,"gi_zscore":-0.15,"gi_pvalue":0.087,"significance":"cold_90"}},{"type":"Feature","geometry":{"type":"Point","coordinates":[74.42353,14.32883]},"properties":{"cell_id":122810,"case_count":1,"gi_zscore":-0.1453,"gi_pvalue":0.25,"significance":"not_sig"}},{"type":"Feature","geometry":{"type":"Point","coordinates":[75.96471,14.32883]},"properties":{"cell_id":122941,"case_count":1,"gi_zscore":-0.1523,"gi_pvalue":0.029,"significance":"cold_95"}},{"type":"Feature","geometry":{"type":"Point","coordinates":[77.4,14.32883]},"properties":{"cell_id":123063,"case_count":2,"gi_zscore":-0.1429,"gi_pvalue":0.313,"significance":"not_sig"}},{"type":"Feature","geometry":{"type":"Point","coordinates":[74.89412,14.34685]},"properties":{"cell_id":123632,"case_count":1,"gi_zscore":-0.15,"gi_pvalue":0.087,"significance":"cold_90"}},{"type":"Feature","geometry":{"type":"Point","coordinates":[76.18824,14.36486]},"properties":{"cell_id":124524,"case_count":1,"gi_zscore":-0.1547,"gi_pvalue":0.026,"significance":"cold_95"}},{"type":"Feature","geometry":{"type":"Point","coordinates":[75.4,14.38288]},"properties":{"cell_id":125239,"case_count":1,"gi_zscore":-0.1523,"gi_pvalue":0.026,"significance":"cold_95"}},{"type":"Feature","geometry":{"type":"Point","coordinates":[75.96471,14.39189]},"properties":{"cell_id":125678,"case_count":1,"gi_zscore":-0.1429,"gi_pvalue":0.352,"significance":"not_sig"}},{"type":"Feature","geometry":{"type":"Point","coordinates":[75.82353,14.40991]},"properties":{"cell_id":126448,"case_count":3,"gi_zscore":-0.1429,"gi_pvalue":0.251,"significance":"not_sig"}},{"type":"Feature","geometry":{"type":"Point","coordinates":[75.85882,14.40991]},"properties":{"cell_id":126451,"case_count":1,"gi_zscore":-0.1382,"gi_pvalue":0.482,"significance":"not_sig"}},{"type":"Feature","geometry":{"type":"Point","coordinates":[74.88235,14.41892]},"properties":{"cell_id":126759,"case_count":1,"gi_zscore":-0.15,"gi_pvalue":0.088,"significance":"cold_90"}},{"type":"Feature","geometry":{"type":"Point","coordinates":[75.92941,14.42793]},"properties":{"cell_id":127239,"case_count":1,"gi_zscore":-0.1429,"gi_pvalue":0.351,"significance":"not_sig"}},{"type":"Feature","geometry":{"type":"Point","coordinates":[75.77647,14.43694]},"properties":{"cell_id":127617,"case_count":1,"gi_zscore":-0.1476,"gi_pvalue":0.186,"significance":"not_sig"}},{"type":"Feature","geometry":{"type":"Point","coordinates":[75.91765,14.43694]},"properties":{"cell_id":127629,"case_count":2,"gi_zscore":-0.1429,"gi_pvalue":0.311,"significance":"not_sig"}},{"type":"Feature","geometry":{"type":"Point","coordinates":[75.89412,14.44595]},"properties":{"cell_id":128018,"case_count":2,"gi_zscore":-0.1429,"gi_pvalue":0.311,"significance":"not_sig"}},{"type":"Feature","geometry":{"type":"Point","coordinates":[75.90588,14.44595]},"properties":{"cell_id":128019,"case_count":1,"gi_zscore":-0.1429,"gi_pvalue":0.351,"significance":"not_sig"}},{"type":"Feature","geometry":{"type":"Point","coordinates":[76.0,14.44595]},"properties":{"cell_id":128027,"case_count":1,"gi_zscore":-0.1453,"gi_pvalue":0.311,"significance":"not_sig"}},{"type":"Feature","geometry":{"type":"Point","coordinates":[74.37647,14.46396]},"properties":{"cell_id":128671,"case_count":1,"gi_zscore":-0.1523,"gi_pvalue":0.027,"significance":"cold_95"}},{"type":"Feature","geometry":{"type":"Point","coordinates":[75.90588,14.46396]},"properties":{"cell_id":128801,"case_count":2,"gi_zscore":-0.1429,"gi_pvalue":0.311,"significance":"not_sig"}},{"type":"Feature","geometry":{"type":"Point","coordinates":[75.92941,14.46396]},"properties":{"cell_id":128803,"case_count":3,"gi_zscore":-0.1429,"gi_pvalue":0.187,"significance":"not_sig"}},{"type":"Feature","geometry":{"type":"Point","coordinates":[76.54118,14.46396]},"properties":{"cell_id":128855,"case_count":2,"gi_zscore":-0.15,"gi_pvalue":0.027,"significance":"cold_95"}},{"type":"Feature","geometry":{"type":"Point","coordinates":[75.92941,14.48198]},"properties":{"cell_id":129585,"case_count":1,"gi_zscore":-0.1429,"gi_pvalue":0.35,"significance":"not_sig"}},{"type":"Feature","geometry":{"type":"Point","coordinates":[75.91765,14.49099]},"properties":{"cell_id":129975,"case_count":1,"gi_zscore":-0.1429,"gi_pvalue":0.35,"significance":"not_sig"}},{"type":"Feature","geometry":{"type":"Point","coordinates":[75.81176,14.5]},"properties":{"cell_id":130357,"case_count":1,"gi_zscore":-0.1453,"gi_pvalue":0.311,"significance":"not_sig"}},{"type":"Feature","geometry":{"type":"Point","coordinates":[74.41176,14.50901]},"properties":{"cell_id":130629,"case_count":1,"gi_zscore":-0.1523,"gi_pvalue":0.026,"significance":"cold_95"}},{"type":"Feature","geometry":{"type":"Point","coordinates":[75.8,14.51802]},"properties":{"cell_id":131138,"case_count":1,"gi_zscore":-0.1453,"gi_pvalue":0.311,"significance":"not_sig"}},{"type":"Feature","geometry":{"type":"Point","coordinates":[75.81176,14.51802]},"properties":{"cell_id":131139,"case_count":1,"gi_zscore":-0.1453,"gi_pvalue":0.311,"significance":"not_sig"}},{"type":"Feature","geometry":{"type":"Point","coordinates":[76.32941,14.51802]},"properties":{"cell_id":131183,"case_count":1,"gi_zscore":-0.15,"gi_pvalue":0.089,"significance":"cold_90"}},{"type":"Feature","geometry":{"type":"Point","coordinates":[76.34118,14.51802]},"properties":{"cell_id":131184,"case_count":1,"gi_zscore":-0.15,"gi_pvalue":0.089,"significance":"cold_90"}},{"type":"Feature","geometry":{"type":"Point","coordinates":[74.35294,14.52703]},"properties":{"cell_id":131406,"case_count":1,"gi_zscore":-0.1523,"gi_pvalue":0.026,"significance":"cold_95"}},{"type":"Feature","geometry":{"type":"Point","coordinates":[75.81176,14.53604]},"properties":{"cell_id":131921,"case_count":1,"gi_zscore":-0.1453,"gi_pvalue":0.311,"significance":"not_sig"}},{"type":"Feature","geometry":{"type":"Point","coordinates":[74.31765,14.54505]},"properties":{"cell_id":132185,"case_count":1,"gi_zscore":-0.1523,"gi_pvalue":0.026,"significance":"cold_95"}},{"type":"Feature","geometry":{"type":"Point","coordinates":[74.32941,14.55405]},"properties":{"cell_id":132577,"case_count":1,"gi_zscore":-0.1523,"gi_pvalue":0.026,"significance":"cold_95"}},{"type":"Feature","geometry":{"type":"Point","coordinates":[75.61176,14.55405]},"properties":{"cell_id":132686,"case_count":1,"gi_zscore":-0.1476,"gi_pvalue":0.165,"significance":"not_sig"}},{"type":"Feature","geometry":{"type":"Point","coordinates":[74.76471,14.56306]},"properties":{"cell_id":133005,"case_count":1,"gi_zscore":-0.15,"gi_pvalue":0.089,"significance":"cold_90"}},{"type":"Feature","geometry":{"type":"Point","coordinates":[75.36471,14.57207]},"properties":{"cell_id":133447,"case_count":2,"gi_zscore":-0.1476,"gi_pvalue":0.091,"significance":"cold_90"}},{"type":"Feature","geometry":{"type":"Point","coordinates":[74.29412,14.5991]},"properties":{"cell_id":134529,"case_count":2,"gi_zscore":-0.1523,"gi_pvalue":0.001,"significance":"cold_99"}},{"type":"Feature","geometry":{"type":"Point","coordinates":[75.62353,14.60811]},"properties":{"cell_id":135033,"case_count":2,"gi_zscore":-0.1476,"gi_pvalue":0.091,"significance":"cold_90"}},{"type":"Feature","geometry":{"type":"Point","coordinates":[74.83529,14.61712]},"properties":{"cell_id":135357,"case_count":1,"gi_zscore":-0.15,"gi_pvalue":0.09,"significance":"cold_90"}},{"type":"Feature","geometry":{"type":"Point","coordinates":[74.84706,14.61712]},"properties":{"cell_id":135358,"case_count":1,"gi_zscore":-0.15,"gi_pvalue":0.09,"significance":"cold_90"}},{"type":"Feature","geometry":{"type":"Point","coordinates":[75.48235,14.61712]},"properties":{"cell_id":135412,"case_count":1,"gi_zscore":-0.1406,"gi_pvalue":0.424,"significance":"not_sig"}},{"type":"Feature","geometry":{"type":"Point","coordinates":[75.62353,14.61712]},"properties":{"cell_id":135424,"case_count":1,"gi_zscore":-0.1476,"gi_pvalue":0.186,"significance":"not_sig"}},{"type":"Feature","geometry":{"type":"Point","coordinates":[74.35294,14.62613]},"properties":{"cell_id":135707,"case_count":1,"gi_zscore":-0.1523,"gi_pvalue":0.026,"significance":"cold_95"}},{"type":"Feature","geometry":{"type":"Point","coordinates":[74.83529,14.62613]},"properties":{"cell_id":135748,"case_count":3,"gi_zscore":-0.15,"gi_pvalue":0.026,"significance":"cold_95"}},{"type":"Feature","geometry":{"type":"Point","coordinates":[75.62353,14.62613]},"properties":{"cell_id":135815,"case_count":1,"gi_zscore":-0.1476,"gi_pvalue":0.185,"significance":"not_sig"}},{"type":"Feature","geometry":{"type":"Point","coordinates":[75.63529,14.62613]},"properties":{"cell_id":135816,"case_count":3,"gi_zscore":-0.1476,"gi_pvalue":0.09,"significance":"cold_90"}},{"type":"Feature","geometry":{"type":"Point","coordinates":[74.29412,14.63514]},"properties":{"cell_id":136093,"case_count":1,"gi_zscore":-0.1523,"gi_pvalue":0.088,"significance":"cold_90"}},{"type":"Feature","geometry":{"type":"Point","coordinates":[74.29412,14.65315]},"properties":{"cell_id":136875,"case_count":1,"gi_zscore":-0.1523,"gi_pvalue":0.088,"significance":"cold_90"}},{"type":"Feature","geometry":{"type":"Point","coordinates":[74.44706,14.68018]},"properties":{"cell_id":138061,"case_count":1,"gi_zscore":-0.1523,"gi_pvalue":0.026,"significance":"cold_95"}},{"type":"Feature","geometry":{"type":"Point","coordinates":[75.44706,14.6982]},"properties":{"cell_id":138928,"case_count":1,"gi_zscore":-0.1476,"gi_pvalue":0.184,"significance":"not_sig"}},{"type":"Feature","geometry":{"type":"Point","coordinates":[76.74118,14.71622]},"properties":{"cell_id":139820,"case_count":2,"gi_zscore":-0.15,"gi_pvalue":0.026,"significance":"cold_95"}},{"type":"Feature","geometry":{"type":"Point","coordinates":[75.27059,14.72523]},"properties":{"cell_id":140086,"case_count":1,"gi_zscore":-0.1476,"gi_pvalue":0.184,"significance":"not_sig"}},{"type":"Feature","geometry":{"type":"Point","coordinates":[76.45882,14.72523]},"properties":{"cell_id":140187,"case_count":1,"gi_zscore":-0.15,"gi_pvalue":0.088,"significance":"cold_90"}},{"type":"Feature","geometry":{"type":"Point","coordinates":[75.25882,14.75225]},"properties":{"cell_id":141258,"case_count":1,"gi_zscore":-0.1476,"gi_pvalue":0.184,"significance":"not_sig"}},{"type":"Feature","geometry":{"type":"Point","coordinates":[74.2,14.77027]},"properties":{"cell_id":141950,"case_count":1,"gi_zscore":-0.1523,"gi_pvalue":0.088,"significance":"cold_90"}},{"type":"Feature","geometry":{"type":"Point","coordinates":[75.03529,14.78829]},"properties":{"cell_id":142803,"case_count":1,"gi_zscore":-0.15,"gi_pvalue":0.162,"significance":"not_sig"}},{"type":"Feature","geometry":{"type":"Point","coordinates":[75.4,14.78829]},"properties":{"cell_id":142834,"case_count":3,"gi_zscore":-0.1476,"gi_pvalue":0.088,"significance":"cold_90"}},{"type":"Feature","geometry":{"type":"Point","coordinates":[75.98824,14.78829]},"properties":{"cell_id":142884,"case_count":1,"gi_zscore":-0.1476,"gi_pvalue":0.184,"significance":"not_sig"}},{"type":"Feature","geometry":{"type":"Point","coordinates":[76.07059,14.78829]},"properties":{"cell_id":142891,"case_count":1,"gi_zscore":-0.1476,"gi_pvalue":0.184,"significance":"not_sig"}},{"type":"Feature","geometry":{"type":"Point","coordinates":[75.41176,14.7973]},"properties":{"cell_id":143226,"case_count":1,"gi_zscore":-0.1476,"gi_pvalue":0.184,"significance":"not_sig"}},{"type":"Feature","geometry":{"type":"Point","coordinates":[75.41176,14.80631]},"properties":{"cell_id":143617,"case_count":1,"gi_zscore":-0.1476,"gi_pvalue":0.184,"significance":"not_sig"}},{"type":"Feature","geometry":{"type":"Point","coordinates":[74.12941,14.83333]},"properties":{"cell_id":144681,"case_count":1,"gi_zscore":-0.1523,"gi_pvalue":0.088,"significance":"cold_90"}},{"type":"Feature","geometry":{"type":"Point","coordinates":[74.12941,14.84234]},"properties":{"cell_id":145072,"case_count":1,"gi_zscore":-0.1523,"gi_pvalue":0.088,"significance":"cold_90"}},{"type":"Feature","geometry":{"type":"Point","coordinates":[76.78824,14.88739]},"properties":{"cell_id":147253,"case_count":1,"gi_zscore":-0.1288,"gi_pvalue":0.373,"significance":"not_sig"}},{"type":"Feature","geometry":{"type":"Point","coordinates":[75.61176,14.8964]},"properties":{"cell_id":147544,"case_count":1,"gi_zscore":-0.1476,"gi_pvalue":0.184,"significance":"not_sig"}},{"type":"Feature","geometry":{"type":"Point","coordinates":[74.09412,14.90541]},"properties":{"cell_id":147806,"case_count":1,"gi_zscore":-0.1523,"gi_pvalue":0.088,"significance":"cold_90"}},{"type":"Feature","geometry":{"type":"Point","coordinates":[76.02353,14.95045]},"properties":{"cell_id":149925,"case_count":1,"gi_zscore":-0.1476,"gi_pvalue":0.162,"significance":"not_sig"}},{"type":"Feature","geometry":{"type":"Point","coordinates":[74.70588,14.95946]},"properties":{"cell_id":150204,"case_count":1,"gi_zscore":-0.1476,"gi_pvalue":0.184,"significance":"not_sig"}},{"type":"Feature","geometry":{"type":"Point","coordinates":[74.70588,14.96847]},"properties":{"cell_id":150595,"case_count":1,"gi_zscore":-0.1476,"gi_pvalue":0.184,"significance":"not_sig"}},{"type":"Feature","geometry":{"type":"Point","coordinates":[75.04706,14.96847]},"properties":{"cell_id":150624,"case_count":1,"gi_zscore":-0.1523,"gi_pvalue":0.026,"significance":"cold_95"}},{"type":"Feature","geometry":{"type":"Point","coordinates":[75.04706,14.97748]},"properties":{"cell_id":151015,"case_count":1,"gi_zscore":-0.1523,"gi_pvalue":0.026,"significance":"cold_95"}},{"type":"Feature","geometry":{"type":"Point","coordinates":[75.22353,14.98649]},"properties":{"cell_id":151421,"case_count":1,"gi_zscore":-0.1547,"gi_pvalue":0.026,"significance":"cold_95"}},{"type":"Feature","geometry":{"type":"Point","coordinates":[76.0,14.9955]},"properties":{"cell_id":151878,"case_count":3,"gi_zscore":-0.1476,"gi_pvalue":0.026,"significance":"cold_95"}},{"type":"Feature","geometry":{"type":"Point","coordinates":[74.98824,15.03153]},"properties":{"cell_id":153356,"case_count":1,"gi_zscore":-0.1523,"gi_pvalue":0.024,"significance":"cold_95"}},{"type":"Feature","geometry":{"type":"Point","coordinates":[75.61176,15.04054]},"properties":{"cell_id":153800,"case_count":1,"gi_zscore":-0.1523,"gi_pvalue":0.085,"significance":"cold_90"}},{"type":"Feature","geometry":{"type":"Point","coordinates":[75.14118,15.05856]},"properties":{"cell_id":154542,"case_count":1,"gi_zscore":-0.1547,"gi_pvalue":0.024,"significance":"cold_95"}},{"type":"Feature","geometry":{"type":"Point","coordinates":[75.78824,15.05856]},"properties":{"cell_id":154597,"case_count":1,"gi_zscore":-0.1406,"gi_pvalue":0.423,"significance":"not_sig"}},{"type":"Feature","geometry":{"type":"Point","coordinates":[75.95294,15.05856]},"properties":{"cell_id":154611,"case_count":2,"gi_zscore":-0.1453,"gi_pvalue":0.183,"significance":"not_sig"}},{"type":"Feature","geometry":{"type":"Point","coordinates":[75.36471,15.12162]},"properties":{"cell_id":157298,"case_count":1,"gi_zscore":-0.1453,"gi_pvalue":0.309,"significance":"not_sig"}},{"type":"Feature","geometry":{"type":"Point","coordinates":[75.47059,15.12162]},"properties":{"cell_id":157307,"case_count":2,"gi_zscore":-0.1453,"gi_pvalue":0.183,"significance":"not_sig"}},{"type":"Feature","geometry":{"type":"Point","coordinates":[75.8,15.12162]},"properties":{"cell_id":157335,"case_count":1,"gi_zscore":-0.1406,"gi_pvalue":0.424,"significance":"not_sig"}},{"type":"Feature","geometry":{"type":"Point","coordinates":[75.89412,15.12162]},"properties":{"cell_id":157343,"case_count":1,"gi_zscore":-0.1358,"gi_pvalue":0.492,"significance":"not_sig"}},{"type":"Feature","geometry":{"type":"Point","coordinates":[76.12941,15.12162]},"properties":{"cell_id":157363,"case_count":1,"gi_zscore":-0.1264,"gi_pvalue":0.37,"significance":"not_sig"}},{"type":"Feature","geometry":{"type":"Point","coordinates":[75.47059,15.13063]},"properties":{"cell_id":157698,"case_count":1,"gi_zscore":-0.1453,"gi_pvalue":0.309,"significance":"not_sig"}},{"type":"Feature","geometry":{"type":"Point","coordinates":[75.48235,15.13063]},"properties":{"cell_id":157699,"case_count":1,"gi_zscore":-0.1453,"gi_pvalue":0.309,"significance":"not_sig"}},{"type":"Feature","geometry":{"type":"Point","coordinates":[75.25882,15.14865]},"properties":{"cell_id":158462,"case_count":1,"gi_zscore":-0.1547,"gi_pvalue":0.023,"significance":"cold_95"}},{"type":"Feature","geometry":{"type":"Point","coordinates":[76.91765,15.14865]},"properties":{"cell_id":158603,"case_count":1,"gi_zscore":-0.15,"gi_pvalue":0.083,"significance":"cold_90"}},{"type":"Feature","geometry":{"type":"Point","coordinates":[75.37647,15.17568]},"properties":{"cell_id":159645,"case_count":1,"gi_zscore":-0.1453,"gi_pvalue":0.309,"significance":"not_sig"}},{"type":"Feature","geometry":{"type":"Point","coordinates":[74.96471,15.18468]},"properties":{"cell_id":160001,"case_count":2,"gi_zscore":-0.1523,"gi_pvalue":0.024,"significance":"cold_95"}},{"type":"Feature","geometry":{"type":"Point","coordinates":[74.97647,15.18468]},"properties":{"cell_id":160002,"case_count":1,"gi_zscore":-0.1523,"gi_pvalue":0.083,"significance":"cold_90"}},{"type":"Feature","geometry":{"type":"Point","coordinates":[75.8,15.18468]},"properties":{"cell_id":160072,"case_count":1,"gi_zscore":-0.1429,"gi_pvalue":0.35,"significance":"not_sig"}},{"type":"Feature","geometry":{"type":"Point","coordinates":[75.30588,15.2027]},"properties":{"cell_id":160812,"case_count":1,"gi_zscore":-0.1476,"gi_pvalue":0.182,"significance":"not_sig"}},{"type":"Feature","geometry":{"type":"Point","coordinates":[75.88235,15.2027]},"properties":{"cell_id":160861,"case_count":2,"gi_zscore":-0.1406,"gi_pvalue":0.398,"significance":"not_sig"}},{"type":"Feature","geometry":{"type":"Point","coordinates":[75.14118,15.21171]},"properties":{"cell_id":161189,"case_count":1,"gi_zscore":-0.1382,"gi_pvalue":0.478,"significance":"not_sig"}},{"type":"Feature","geometry":{"type":"Point","coordinates":[75.88235,15.21171]},"properties":{"cell_id":161252,"case_count":1,"gi_zscore":-0.1406,"gi_pvalue":0.423,"significance":"not_sig"}},{"type":"Feature","geometry":{"type":"Point","coordinates":[76.04706,15.21171]},"properties":{"cell_id":161266,"case_count":1,"gi_zscore":-0.1288,"gi_pvalue":0.387,"significance":"not_sig"}},{"type":"Feature","geometry":{"type":"Point","coordinates":[75.4,15.23874]},"properties":{"cell_id":162384,"case_count":4,"gi_zscore":-0.1453,"gi_pvalue":0.083,"significance":"cold_90"}},{"type":"Feature","geometry":{"type":"Point","coordinates":[75.41176,15.23874]},"properties":{"cell_id":162385,"case_count":1,"gi_zscore":-0.1453,"gi_pvalue":0.307,"significance":"not_sig"}},{"type":"Feature","geometry":{"type":"Point","coordinates":[75.85882,15.23874]},"properties":{"cell_id":162423,"case_count":5,"gi_zscore":-0.1406,"gi_pvalue":0.16,"significance":"not_sig"}},{"type":"Feature","geometry":{"type":"Point","coordinates":[74.62353,15.24775]},"properties":{"cell_id":162709,"case_count":1,"gi_zscore":-0.1453,"gi_pvalue":0.303,"significance":"not_sig"}},{"type":"Feature","geometry":{"type":"Point","coordinates":[74.76471,15.24775]},"properties":{"cell_id":162721,"case_count":1,"gi_zscore":-0.1453,"gi_pvalue":0.303,"significance":"not_sig"}},{"type":"Feature","geometry":{"type":"Point","coordinates":[74.77647,15.24775]},"properties":{"cell_id":162722,"case_count":4,"gi_zscore":-0.1453,"gi_pvalue":0.084,"significance":"cold_90"}},{"type":"Feature","geometry":{"type":"Point","coordinates":[75.14118,15.24775]},"properties":{"cell_id":162753,"case_count":1,"gi_zscore":-0.1382,"gi_pvalue":0.476,"significance":"not_sig"}},{"type":"Feature","geometry":{"type":"Point","coordinates":[74.62353,15.25676]},"properties":{"cell_id":163100,"case_count":1,"gi_zscore":-0.1453,"gi_pvalue":0.303,"significance":"not_sig"}},{"type":"Feature","geometry":{"type":"Point","coordinates":[75.23529,15.25676]},"properties":{"cell_id":163152,"case_count":1,"gi_zscore":-0.1382,"gi_pvalue":0.476,"significance":"not_sig"}},{"type":"Feature","geometry":{"type":"Point","coordinates":[74.83529,15.26577]},"properties":{"cell_id":163509,"case_count":1,"gi_zscore":-0.1453,"gi_pvalue":0.303,"significance":"not_sig"}},{"type":"Feature","geometry":{"type":"Point","coordinates":[74.83529,15.27477]},"properties":{"cell_id":163900,"case_count":1,"gi_zscore":-0.1453,"gi_pvalue":0.303,"significance":"not_sig"}},{"type":"Feature","geometry":{"type":"Point","coordinates":[75.14118,15.27477]},"properties":{"cell_id":163926,"case_count":1,"gi_zscore":-0.1311,"gi_pvalue":0.427,"significance":"not_sig"}},{"type":"Feature","geometry":{"type":"Point","coordinates":[76.38824,15.27477]},"properties":{"cell_id":164032,"case_count":1,"gi_zscore":-0.1099,"gi_pvalue":0.263,"significance":"not_sig"}},{"type":"Feature","geometry":{"type":"Point","coordinates":[75.05882,15.28378]},"properties":{"cell_id":164310,"case_count":1,"gi_zscore":-0.1547,"gi_pvalue":0.022,"significance":"cold_95"}},{"type":"Feature","geometry":{"type":"Point","coordinates":[75.14118,15.28378]},"properties":{"cell_id":164317,"case_count":1,"gi_zscore":-0.1194,"gi_pvalue":0.3,"significance":"not_sig"}},{"type":"Feature","geometry":{"type":"Point","coordinates":[75.15294,15.28378]},"properties":{"cell_id":164318,"case_count":8,"gi_zscore":-0.1194,"gi_pvalue":0.482,"significance":"not_sig"}},{"type":"Feature","geometry":{"type":"Point","coordinates":[75.52941,15.28378]},"properties":{"cell_id":164350,"case_count":1,"gi_zscore":-0.1476,"gi_pvalue":0.178,"significance":"not_sig"}},{"type":"Feature","geometry":{"type":"Point","coordinates":[76.31765,15.28378]},"properties":{"cell_id":164417,"case_count":1,"gi_zscore":-0.117,"gi_pvalue":0.3,"significance":"not_sig"}},{"type":"Feature","geometry":{"type":"Point","coordinates":[75.15294,15.29279]},"properties":{"cell_id":164709,"case_count":1,"gi_zscore":-0.1194,"gi_pvalue":0.3,"significance":"not_sig"}},{"type":"Feature","geometry":{"type":"Point","coordinates":[74.91765,15.31081]},"properties":{"cell_id":165471,"case_count":1,"gi_zscore":-0.1382,"gi_pvalue":0.476,"significance":"not_sig"}},{"type":"Feature","geometry":{"type":"Point","coordinates":[75.14118,15.31081]},"properties":{"cell_id":165490,"case_count":1,"gi_zscore":-0.1194,"gi_pvalue":0.3,"significance":"not_sig"}},{"type":"Feature","geometry":{"type":"Point","coordinates":[75.70588,15.31081]},"properties":{"cell_id":165538,"case_count":24,"gi_zscore":0.1939,"gi_pvalue":0.127,"significance":"not_sig"}},{"type":"Feature","geometry":{"type":"Point","coordinates":[75.71765,15.31081]},"properties":{"cell_id":165539,"case_count":48,"gi_zscore":0.1939,"gi_pvalue":0.13,"significance":"not_sig"}},{"type":"Feature","geometry":{"type":"Point","coordinates":[75.72941,15.31081]},"properties":{"cell_id":165540,"case_count":1,"gi_zscore":0.1939,"gi_pvalue":0.123,"significance":"not_sig"}},{"type":"Feature","geometry":{"type":"Point","coordinates":[75.12941,15.31982]},"properties":{"cell_id":165880,"case_count":1,"gi_zscore":-0.1217,"gi_pvalue":0.327,"significance":"not_sig"}},{"type":"Feature","geometry":{"type":"Point","coordinates":[75.70588,15.31982]},"properties":{"cell_id":165929,"case_count":28,"gi_zscore":0.1939,"gi_pvalue":0.127,"significance":"not_sig"}},{"type":"Feature","geometry":{"type":"Point","coordinates":[75.71765,15.31982]},"properties":{"cell_id":165930,"case_count":37,"gi_zscore":0.1939,"gi_pvalue":0.127,"significance":"not_sig"}},{"type":"Feature","geometry":{"type":"Point","coordinates":[75.72941,15.31982]},"properties":{"cell_id":165931,"case_count":2,"gi_zscore":0.1939,"gi_pvalue":0.123,"significance":"not_sig"}},{"type":"Feature","geometry":{"type":"Point","coordinates":[75.75294,15.31982]},"properties":{"cell_id":165933,"case_count":1,"gi_zscore":0.1939,"gi_pvalue":0.123,"significance":"not_sig"}},{"type":"Feature","geometry":{"type":"Point","coordinates":[75.10588,15.32883]},"properties":{"cell_id":166269,"case_count":1,"gi_zscore":-0.1406,"gi_pvalue":0.457,"significance":"not_sig"}},{"type":"Feature","geometry":{"type":"Point","coordinates":[75.56471,15.32883]},"properties":{"cell_id":166308,"case_count":1,"gi_zscore":-0.0793,"gi_pvalue":0.193,"significance":"not_sig"}},{"type":"Feature","geometry":{"type":"Point","coordinates":[75.70588,15.32883]},"properties":{"cell_id":166320,"case_count":6,"gi_zscore":0.1939,"gi_pvalue":0.123,"significance":"not_sig"}},{"type":"Feature","geometry":{"type":"Point","coordinates":[75.71765,15.32883]},"properties":{"cell_id":166321,"case_count":10,"gi_zscore":0.1939,"gi_pvalue":0.123,"significance":"not_sig"}},{"type":"Feature","geometry":{"type":"Point","coordinates":[75.10588,15.33784]},"properties":{"cell_id":166660,"case_count":1,"gi_zscore":-0.1406,"gi_pvalue":0.454,"significance":"not_sig"}},{"type":"Feature","geometry":{"type":"Point","coordinates":[75.11765,15.33784]},"properties":{"cell_id":166661,"case_count":1,"gi_zscore":-0.1335,"gi_pvalue":0.463,"significance":"not_sig"}},{"type":"Feature","geometry":{"type":"Point","coordinates":[75.12941,15.33784]},"properties":{"cell_id":166662,"case_count":6,"gi_zscore":-0.117,"gi_pvalue":0.377,"significance":"not_sig"}},{"type":"Feature","geometry":{"type":"Point","coordinates":[75.14118,15.33784]},"properties":{"cell_id":166663,"case_count":4,"gi_zscore":-0.117,"gi_pvalue":0.348,"significance":"not_sig"}},{"type":"Feature","geometry":{"type":"Point","coordinates":[76.45882,15.33784]},"properties":{"cell_id":166775,"case_count":2,"gi_zscore":-0.1099,"gi_pvalue":0.258,"significance":"not_sig"}},{"type":"Feature","geometry":{"type":"Point","coordinates":[75.10588,15.34685]},"properties":{"cell_id":167051,"case_count":1,"gi_zscore":-0.1382,"gi_pvalue":0.493,"significance":"not_sig"}},{"type":"Feature","geometry":{"type":"Point","coordinates":[75.14118,15.34685]},"properties":{"cell_id":167054,"case_count":7,"gi_zscore":-0.1123,"gi_pvalue":0.347,"significance":"not_sig"}},{"type":"Feature","geometry":{"type":"Point","coordinates":[75.16471,15.34685]},"properties":{"cell_id":167056,"case_count":1,"gi_zscore":-0.1146,"gi_pvalue":0.268,"significance":"not_sig"}},{"type":"Feature","geometry":{"type":"Point","coordinates":[76.15294,15.34685]},"properties":{"cell_id":167140,"case_count":2,"gi_zscore":-0.1241,"gi_pvalue":0.347,"significance":"not_sig"}},{"type":"Feature","geometry":{"type":"Point","coordinates":[76.16471,15.34685]},"properties":{"cell_id":167141,"case_count":8,"gi_zscore":-0.1241,"gi_pvalue":0.42,"significance":"not_sig"}},{"type":"Feature","geometry":{"type":"Point","coordinates":[76.17647,15.34685]},"properties":{"cell_id":167142,"case_count":2,"gi_zscore":-0.1241,"gi_pvalue":0.357,"significance":"not_sig"}},{"type":"Feature","geometry":{"type":"Point","coordinates":[76.18824,15.34685]},"properties":{"cell_id":167143,"case_count":1,"gi_zscore":-0.1241,"gi_pvalue":0.326,"significance":"not_sig"}},{"type":"Feature","geometry":{"type":"Point","coordinates":[76.43529,15.34685]},"properties":{"cell_id":167164,"case_count":8,"gi_zscore":-0.1099,"gi_pvalue":0.355,"significance":"not_sig"}},{"type":"Feature","geometry":{"type":"Point","coordinates":[76.47059,15.34685]},"properties":{"cell_id":167167,"case_count":1,"gi_zscore":-0.1052,"gi_pvalue":0.241,"significance":"not_sig"}},{"type":"Feature","geometry":{"type":"Point","coordinates":[76.49412,15.34685]},"properties":{"cell_id":167169,"case_count":6,"gi_zscore":-0.1217,"gi_pvalue":0.431,"significance":"not_sig"}},{"type":"Feature","geometry":{"type":"Point","coordinates":[75.07059,15.35586]},"properties":{"cell_id":167439,"case_count":1,"gi_zscore":-0.1547,"gi_pvalue":0.023,"significance":"cold_95"}},{"type":"Feature","geometry":{"type":"Point","coordinates":[75.09412,15.35586]},"properties":{"cell_id":167441,"case_count":1,"gi_zscore":-0.1523,"gi_pvalue":0.023,"significance":"cold_95"}},{"type":"Feature","geometry":{"type":"Point","coordinates":[75.10588,15.35586]},"properties":{"cell_id":167442,"case_count":1,"gi_zscore":-0.15,"gi_pvalue":0.083,"significance":"cold_90"}},{"type":"Feature","geometry":{"type":"Point","coordinates":[75.12941,15.35586]},"properties":{"cell_id":167444,"case_count":2,"gi_zscore":-0.1099,"gi_pvalue":0.258,"significance":"not_sig"}},{"type":"Feature","geometry":{"type":"Point","coordinates":[75.14118,15.35586]},"properties":{"cell_id":167445,"case_count":2,"gi_zscore":-0.1123,"gi_pvalue":0.267,"significance":"not_sig"}},{"type":"Feature","geometry":{"type":"Point","coordinates":[75.16471,15.35586]},"properties":{"cell_id":167447,"case_count":2,"gi_zscore":-0.1264,"gi_pvalue":0.377,"significance":"not_sig"}},{"type":"Feature","geometry":{"type":"Point","coordinates":[76.15294,15.35586]},"properties":{"cell_id":167531,"case_count":2,"gi_zscore":-0.1241,"gi_pvalue":0.347,"significance":"not_sig"}},{"type":"Feature","geometry":{"type":"Point","coordinates":[76.4,15.35586]},"properties":{"cell_id":167552,"case_count":1,"gi_zscore":-0.1099,"gi_pvalue":0.255,"significance":"not_sig"}},{"type":"Feature","geometry":{"type":"Point","coordinates":[76.47059,15.35586]},"properties":{"cell_id":167558,"case_count":3,"gi_zscore":-0.1052,"gi_pvalue":0.255,"significance":"not_sig"}},{"type":"Feature","geometry":{"type":"Point","coordinates":[76.49412,15.35586]},"properties":{"cell_id":167560,"case_count":5,"gi_zscore":-0.1217,"gi_pvalue":0.386,"significance":"not_sig"}},{"type":"Feature","geometry":{"type":"Point","coordinates":[75.03529,15.36486]},"properties":{"cell_id":167827,"case_count":1,"gi_zscore":-0.1382,"gi_pvalue":0.479,"significance":"not_sig"}},{"type":"Feature","geometry":{"type":"Point","coordinates":[75.11765,15.36486]},"properties":{"cell_id":167834,"case_count":2,"gi_zscore":-0.1453,"gi_pvalue":0.172,"significance":"not_sig"}},{"type":"Feature","geometry":{"type":"Point","coordinates":[75.12941,15.36486]},"properties":{"cell_id":167835,"case_count":3,"gi_zscore":-0.1288,"gi_pvalue":0.466,"significance":"not_sig"}},{"type":"Feature","geometry":{"type":"Point","coordinates":[75.14118,15.36486]},"properties":{"cell_id":167836,"case_count":1,"gi_zscore":-0.1311,"gi_pvalue":0.42,"significance":"not_sig"}},{"type":"Feature","geometry":{"type":"Point","coordinates":[75.15294,15.36486]},"properties":{"cell_id":167837,"case_count":1,"gi_zscore":-0.1288,"gi_pvalue":0.378,"significance":"not_sig"}},{"type":"Feature","geometry":{"type":"Point","coordinates":[75.16471,15.36486]},"properties":{"cell_id":167838,"case_count":2,"gi_zscore":-0.1288,"gi_pvalue":0.42,"significance":"not_sig"}},{"type":"Feature","geometry":{"type":"Point","coordinates":[76.16471,15.36486]},"properties":{"cell_id":167923,"case_count":3,"gi_zscore":-0.1241,"gi_pvalue":0.363,"significance":"not_sig"}},{"type":"Feature","geometry":{"type":"Point","coordinates":[75.10588,15.37387]},"properties":{"cell_id":168224,"case_count":1,"gi_zscore":-0.1476,"gi_pvalue":0.171,"significance":"not_sig"}},{"type":"Feature","geometry":{"type":"Point","coordinates":[75.11765,15.37387]},"properties":{"cell_id":168225,"case_count":1,"gi_zscore":-0.1453,"gi_pvalue":0.292,"significance":"not_sig"}},{"type":"Feature","geometry":{"type":"Point","coordinates":[75.12941,15.37387]},"properties":{"cell_id":168226,"case_count":1,"gi_zscore":-0.1429,"gi_pvalue":0.385,"significance":"not_sig"}},{"type":"Feature","geometry":{"type":"Point","coordinates":[76.51765,15.37387]},"properties":{"cell_id":168344,"case_count":1,"gi_zscore":-0.1241,"gi_pvalue":0.326,"significance":"not_sig"}},{"type":"Feature","geometry":{"type":"Point","coordinates":[74.97647,15.38288]},"properties":{"cell_id":168604,"case_count":8,"gi_zscore":-0.1335,"gi_pvalue":0.159,"significance":"not_sig"}},{"type":"Feature","geometry":{"type":"Point","coordinates":[75.10588,15.38288]},"properties":{"cell_id":168615,"case_count":1,"gi_zscore":-0.1523,"gi_pvalue":0.089,"significance":"cold_90"}},{"type":"Feature","geometry":{"type":"Point","coordinates":[75.12941,15.38288]},"properties":{"cell_id":168617,"case_count":1,"gi_zscore":-0.1476,"gi_pvalue":0.234,"significance":"not_sig"}},{"type":"Feature","geometry":{"type":"Point","coordinates":[75.15294,15.38288]},"properties":{"cell_id":168619,"case_count":1,"gi_zscore":-0.1429,"gi_pvalue":0.387,"significance":"not_sig"}},{"type":"Feature","geometry":{"type":"Point","coordinates":[75.2,15.38288]},"properties":{"cell_id":168623,"case_count":1,"gi_zscore":-0.1335,"gi_pvalue":0.429,"significance":"not_sig"}},{"type":"Feature","geometry":{"type":"Point","coordinates":[76.15294,15.38288]},"properties":{"cell_id":168704,"case_count":1,"gi_zscore":-0.1241,"gi_pvalue":0.322,"significance":"not_sig"}},{"type":"Feature","geometry":{"type":"Point","coordinates":[76.50588,15.38288]},"properties":{"cell_id":168734,"case_count":1,"gi_zscore":-0.1241,"gi_pvalue":0.325,"significance":"not_sig"}},{"type":"Feature","geometry":{"type":"Point","coordinates":[74.92941,15.39189]},"properties":{"cell_id":168991,"case_count":1,"gi_zscore":-0.1335,"gi_pvalue":0.429,"significance":"not_sig"}},{"type":"Feature","geometry":{"type":"Point","coordinates":[74.97647,15.39189]},"properties":{"cell_id":168995,"case_count":1,"gi_zscore":-0.1358,"gi_pvalue":0.464,"significance":"not_sig"}},{"type":"Feature","geometry":{"type":"Point","coordinates":[75.08235,15.39189]},"properties":{"cell_id":169004,"case_count":1,"gi_zscore":-0.1523,"gi_pvalue":0.089,"significance":"cold_90"}},{"type":"Feature","geometry":{"type":"Point","coordinates":[76.51765,15.39189]},"properties":{"cell_id":169126,"case_count":3,"gi_zscore":-0.0982,"gi_pvalue":0.228,"significance":"not_sig"}},{"type":"Feature","geometry":{"type":"Point","coordinates":[76.52941,15.39189]},"properties":{"cell_id":169127,"case_count":1,"gi_zscore":-0.0982,"gi_pvalue":0.221,"significance":"not_sig"}},{"type":"Feature","geometry":{"type":"Point","coordinates":[76.52941,15.4009]},"properties":{"cell_id":169518,"case_count":2,"gi_zscore":-0.0982,"gi_pvalue":0.226,"significance":"not_sig"}},{"type":"Feature","geometry":{"type":"Point","coordinates":[76.54118,15.4009]},"properties":{"cell_id":169519,"case_count":1,"gi_zscore":-0.0982,"gi_pvalue":0.225,"significance":"not_sig"}},{"type":"Feature","geometry":{"type":"Point","coordinates":[74.94118,15.40991]},"properties":{"cell_id":169774,"case_count":1,"gi_zscore":-0.1335,"gi_pvalue":0.428,"significance":"not_sig"}},{"type":"Feature","geometry":{"type":"Point","coordinates":[75.04706,15.40991]},"properties":{"cell_id":169783,"case_count":1,"gi_zscore":-0.1523,"gi_pvalue":0.023,"significance":"cold_95"}},{"type":"Feature","geometry":{"type":"Point","coordinates":[74.49412,15.41892]},"properties":{"cell_id":170127,"case_count":1,"gi_zscore":-0.1476,"gi_pvalue":0.172,"significance":"not_sig"}},{"type":"Feature","geometry":{"type":"Point","coordinates":[74.95294,15.41892]},"properties":{"cell_id":170166,"case_count":1,"gi_zscore":-0.1335,"gi_pvalue":0.428,"significance":"not_sig"}},{"type":"Feature","geometry":{"type":"Point","coordinates":[75.43529,15.41892]},"properties":{"cell_id":170207,"case_count":1,"gi_zscore":-0.1335,"gi_pvalue":0.462,"significance":"not_sig"}},{"type":"Feature","geometry":{"type":"Point","coordinates":[75.54118,15.41892]},"properties":{"cell_id":170216,"case_count":1,"gi_zscore":-0.1547,"gi_pvalue":0.023,"significance":"cold_95"}},{"type":"Feature","geometry":{"type":"Point","coordinates":[75.62353,15.41892]},"properties":{"cell_id":170223,"case_count":1,"gi_zscore":-0.0793,"gi_pvalue":0.194,"significance":"not_sig"}},{"type":"Feature","geometry":{"type":"Point","coordinates":[76.52941,15.41892]},"properties":{"cell_id":170300,"case_count":2,"gi_zscore":-0.0958,"gi_pvalue":0.225,"significance":"not_sig"}},{"type":"Feature","geometry":{"type":"Point","coordinates":[74.74118,15.42793]},"properties":{"cell_id":170539,"case_count":1,"gi_zscore":-0.15,"gi_pvalue":0.089,"significance":"cold_90"}},{"type":"Feature","geometry":{"type":"Point","coordinates":[75.43529,15.42793]},"properties":{"cell_id":170598,"case_count":1,"gi_zscore":-0.1335,"gi_pvalue":0.461,"significance":"not_sig"}},{"type":"Feature","geometry":{"type":"Point","coordinates":[75.62353,15.42793]},"properties":{"cell_id":170614,"case_count":1,"gi_zscore":-0.0793,"gi_pvalue":0.194,"significance":"not_sig"}},{"type":"Feature","geometry":{"type":"Point","coordinates":[75.64706,15.42793]},"properties":{"cell_id":170616,"case_count":1,"gi_zscore":-0.0581,"gi_pvalue":0.173,"significance":"not_sig"}},{"type":"Feature","geometry":{"type":"Point","coordinates":[76.52941,15.42793]},"properties":{"cell_id":170691,"case_count":13,"gi_zscore":-0.1005,"gi_pvalue":0.359,"significance":"not_sig"}},{"type":"Feature","geometry":{"type":"Point","coordinates":[76.54118,15.42793]},"properties":{"cell_id":170692,"case_count":9,"gi_zscore":-0.1005,"gi_pvalue":0.288,"significance":"not_sig"}},{"type":"Feature","geometry":{"type":"Point","coordinates":[75.01176,15.43694]},"properties":{"cell_id":170953,"case_count":1,"gi_zscore":-0.1453,"gi_pvalue":0.294,"significance":"not_sig"}},{"type":"Feature","geometry":{"type":"Point","coordinates":[75.02353,15.43694]},"properties":{"cell_id":170954,"case_count":2,"gi_zscore":-0.1476,"gi_pvalue":0.089,"significance":"cold_90"}},{"type":"Feature","geometry":{"type":"Point","coordinates":[75.83529,15.43694]},"properties":{"cell_id":171023,"case_count":1,"gi_zscore":-0.0463,"gi_pvalue":0.166,"significance":"not_sig"}},{"type":"Feature","geometry":{"type":"Point","coordinates":[76.52941,15.43694]},"properties":{"cell_id":171082,"case_count":2,"gi_zscore":-0.1005,"gi_pvalue":0.228,"significance":"not_sig"}},{"type":"Feature","geometry":{"type":"Point","coordinates":[76.54118,15.43694]},"properties":{"cell_id":171083,"case_count":1,"gi_zscore":-0.1005,"gi_pvalue":0.226,"significance":"not_sig"}},{"type":"Feature","geometry":{"type":"Point","coordinates":[74.91765,15.44595]},"properties":{"cell_id":171336,"case_count":1,"gi_zscore":-0.15,"gi_pvalue":0.088,"significance":"cold_90"}},{"type":"Feature","geometry":{"type":"Point","coordinates":[74.98824,15.44595]},"properties":{"cell_id":171342,"case_count":2,"gi_zscore":-0.1453,"gi_pvalue":0.173,"significance":"not_sig"}},{"type":"Feature","geometry":{"type":"Point","coordinates":[75.01176,15.44595]},"properties":{"cell_id":171344,"case_count":1,"gi_zscore":-0.1453,"gi_pvalue":0.296,"significance":"not_sig"}},{"type":"Feature","geometry":{"type":"Point","coordinates":[75.02353,15.44595]},"properties":{"cell_id":171345,"case_count":1,"gi_zscore":-0.1453,"gi_pvalue":0.296,"significance":"not_sig"}},{"type":"Feature","geometry":{"type":"Point","coordinates":[76.50588,15.44595]},"properties":{"cell_id":171471,"case_count":1,"gi_zscore":-0.0958,"gi_pvalue":0.219,"significance":"not_sig"}},{"type":"Feature","geometry":{"type":"Point","coordinates":[76.61176,15.44595]},"properties":{"cell_id":171480,"case_count":1,"gi_zscore":-0.1029,"gi_pvalue":0.228,"significance":"not_sig"}},{"type":"Feature","geometry":{"type":"Point","coordinates":[74.72941,15.45495]},"properties":{"cell_id":171711,"case_count":2,"gi_zscore":-0.1476,"gi_pvalue":0.088,"significance":"cold_90"}},{"type":"Feature","geometry":{"type":"Point","coordinates":[75.0,15.45495]},"properties":{"cell_id":171734,"case_count":1,"gi_zscore":-0.1453,"gi_pvalue":0.295,"significance":"not_sig"}},{"type":"Feature","geometry":{"type":"Point","coordinates":[75.01176,15.45495]},"properties":{"cell_id":171735,"case_count":1,"gi_zscore":-0.1453,"gi_pvalue":0.295,"significance":"not_sig"}},{"type":"Feature","geometry":{"type":"Point","coordinates":[76.56471,15.45495]},"properties":{"cell_id":171867,"case_count":1,"gi_zscore":-0.1029,"gi_pvalue":0.228,"significance":"not_sig"}},{"type":"Feature","geometry":{"type":"Point","coordinates":[74.72941,15.46396]},"properties":{"cell_id":172102,"case_count":2,"gi_zscore":-0.1476,"gi_pvalue":0.088,"significance":"cold_90"}},{"type":"Feature","geometry":{"type":"Point","coordinates":[74.98824,15.46396]},"properties":{"cell_id":172124,"case_count":2,"gi_zscore":-0.1476,"gi_pvalue":0.088,"significance":"cold_90"}},{"type":"Feature","geometry":{"type":"Point","coordinates":[75.01176,15.46396]},"properties":{"cell_id":172126,"case_count":2,"gi_zscore":-0.1453,"gi_pvalue":0.175,"significance":"not_sig"}},{"type":"Feature","geometry":{"type":"Point","coordinates":[75.55294,15.46396]},"properties":{"cell_id":172172,"case_count":1,"gi_zscore":-0.1547,"gi_pvalue":0.025,"significance":"cold_95"}},{"type":"Feature","geometry":{"type":"Point","coordinates":[74.71765,15.48198]},"properties":{"cell_id":172883,"case_count":1,"gi_zscore":-0.1476,"gi_pvalue":0.175,"significance":"not_sig"}},{"type":"Feature","geometry":{"type":"Point","coordinates":[74.97647,15.48198]},"properties":{"cell_id":172905,"case_count":1,"gi_zscore":-0.1476,"gi_pvalue":0.175,"significance":"not_sig"}},{"type":"Feature","geometry":{"type":"Point","coordinates":[75.12941,15.49099]},"properties":{"cell_id":173309,"case_count":1,"gi_zscore":-0.1523,"gi_pvalue":0.025,"significance":"cold_95"}},{"type":"Feature","geometry":{"type":"Point","coordinates":[74.70588,15.5]},"properties":{"cell_id":173664,"case_count":1,"gi_zscore":-0.1453,"gi_pvalue":0.296,"significance":"not_sig"}},{"type":"Feature","geometry":{"type":"Point","coordinates":[74.97647,15.50901]},"properties":{"cell_id":174078,"case_count":1,"gi_zscore":-0.1476,"gi_pvalue":0.175,"significance":"not_sig"}},{"type":"Feature","geometry":{"type":"Point","coordinates":[75.11765,15.50901]},"properties":{"cell_id":174090,"case_count":2,"gi_zscore":-0.1476,"gi_pvalue":0.088,"significance":"cold_90"}},{"type":"Feature","geometry":{"type":"Point","coordinates":[74.91765,15.51802]},"properties":{"cell_id":174464,"case_count":1,"gi_zscore":-0.15,"gi_pvalue":0.087,"significance":"cold_90"}},{"type":"Feature","geometry":{"type":"Point","coordinates":[75.50588,15.51802]},"properties":{"cell_id":174514,"case_count":1,"gi_zscore":-0.1358,"gi_pvalue":0.496,"significance":"not_sig"}},{"type":"Feature","geometry":{"type":"Point","coordinates":[75.55294,15.51802]},"properties":{"cell_id":174518,"case_count":1,"gi_zscore":-0.1547,"gi_pvalue":0.025,"significance":"cold_95"}},{"type":"Feature","geometry":{"type":"Point","coordinates":[76.01176,15.51802]},"properties":{"cell_id":174557,"case_count":3,"gi_zscore":-0.1335,"gi_pvalue":0.483,"significance":"not_sig"}},{"type":"Feature","geometry":{"type":"Point","coordinates":[76.12941,15.51802]},"properties":{"cell_id":174567,"case_count":1,"gi_zscore":-0.1382,"gi_pvalue":0.481,"significance":"not_sig"}},{"type":"Feature","geometry":{"type":"Point","coordinates":[76.14118,15.51802]},"properties":{"cell_id":174568,"case_count":1,"gi_zscore":-0.1382,"gi_pvalue":0.481,"significance":"not_sig"}},{"type":"Feature","geometry":{"type":"Point","coordinates":[76.15294,15.51802]},"properties":{"cell_id":174569,"case_count":2,"gi_zscore":-0.1382,"gi_pvalue":0.448,"significance":"not_sig"}},{"type":"Feature","geometry":{"type":"Point","coordinates":[75.75294,15.52703]},"properties":{"cell_id":174926,"case_count":1,"gi_zscore":-0.1288,"gi_pvalue":0.383,"significance":"not_sig"}},{"type":"Feature","geometry":{"type":"Point","coordinates":[76.45882,15.52703]},"properties":{"cell_id":174986,"case_count":1,"gi_zscore":-0.0982,"gi_pvalue":0.22,"significance":"not_sig"}},{"type":"Feature","geometry":{"type":"Point","coordinates":[76.63529,15.52703]},"properties":{"cell_id":175001,"case_count":1,"gi_zscore":-0.1005,"gi_pvalue":0.224,"significance":"not_sig"}},{"type":"Feature","geometry":{"type":"Point","coordinates":[74.90588,15.53604]},"properties":{"cell_id":175245,"case_count":1,"gi_zscore":-0.15,"gi_pvalue":0.089,"significance":"cold_90"}},{"type":"Feature","geometry":{"type":"Point","coordinates":[75.05882,15.53604]},"properties":{"cell_id":175258,"case_count":1,"gi_zscore":-0.15,"gi_pvalue":0.089,"significance":"cold_90"}},{"type":"Feature","geometry":{"type":"Point","coordinates":[75.31765,15.53604]},"properties":{"cell_id":175280,"case_count":1,"gi_zscore":-0.0063,"gi_pvalue":0.152,"significance":"not_sig"}},{"type":"Feature","geometry":{"type":"Point","coordinates":[74.58824,15.54505]},"properties":{"cell_id":175609,"case_count":2,"gi_zscore":-0.1453,"gi_pvalue":0.177,"significance":"not_sig"}},{"type":"Feature","geometry":{"type":"Point","coordinates":[75.04706,15.54505]},"properties":{"cell_id":175648,"case_count":1,"gi_zscore":-0.1476,"gi_pvalue":0.177,"significance":"not_sig"}},{"type":"Feature","geometry":{"type":"Point","coordinates":[75.24706,15.54505]},"properties":{"cell_id":175665,"case_count":2,"gi_zscore":-0.0299,"gi_pvalue":0.157,"significance":"not_sig"}},{"type":"Feature","geometry":{"type":"Point","coordinates":[75.35294,15.54505]},"properties":{"cell_id":175674,"case_count":2,"gi_zscore":-0.0087,"gi_pvalue":0.152,"significance":"not_sig"}},{"type":"Feature","geometry":{"type":"Point","coordinates":[75.36471,15.54505]},"properties":{"cell_id":175675,"case_count":2,"gi_zscore":-0.0087,"gi_pvalue":0.152,"significance":"not_sig"}},{"type":"Feature","geometry":{"type":"Point","coordinates":[76.6,15.54505]},"properties":{"cell_id":175780,"case_count":3,"gi_zscore":-0.1288,"gi_pvalue":0.429,"significance":"not_sig"}},{"type":"Feature","geometry":{"type":"Point","coordinates":[75.34118,15.55405]},"properties":{"cell_id":176064,"case_count":1,"gi_zscore":-0.0087,"gi_pvalue":0.152,"significance":"not_sig"}},{"type":"Feature","geometry":{"type":"Point","coordinates":[75.35294,15.55405]},"properties":{"cell_id":176065,"case_count":46,"gi_zscore":-0.0087,"gi_pvalue":0.269,"significance":"not_sig"}},{"type":"Feature","geometry":{"type":"Point","coordinates":[75.36471,15.55405]},"properties":{"cell_id":176066,"case_count":8,"gi_zscore":-0.0087,"gi_pvalue":0.157,"significance":"not_sig"}},{"type":"Feature","geometry":{"type":"Point","coordinates":[75.35294,15.56306]},"properties":{"cell_id":176456,"case_count":6,"gi_zscore":-0.0087,"gi_pvalue":0.156,"significance":"not_sig"}},{"type":"Feature","geometry":{"type":"Point","coordinates":[75.36471,15.56306]},"properties":{"cell_id":176457,"case_count":4,"gi_zscore":-0.0087,"gi_pvalue":0.154,"significance":"not_sig"}},{"type":"Feature","geometry":{"type":"Point","coordinates":[76.12941,15.56306]},"properties":{"cell_id":176522,"case_count":2,"gi_zscore":-0.1335,"gi_pvalue":0.492,"significance":"not_sig"}},{"type":"Feature","geometry":{"type":"Point","coordinates":[76.17647,15.56306]},"properties":{"cell_id":176526,"case_count":1,"gi_zscore":-0.1335,"gi_pvalue":0.466,"significance":"not_sig"}},{"type":"Feature","geometry":{"type":"Point","coordinates":[75.8,15.57207]},"properties":{"cell_id":176885,"case_count":1,"gi_zscore":-0.1194,"gi_pvalue":0.295,"significance":"not_sig"}},{"type":"Feature","geometry":{"type":"Point","coordinates":[76.08235,15.57207]},"properties":{"cell_id":176909,"case_count":4,"gi_zscore":-0.1335,"gi_pvalue":0.42,"significance":"not_sig"}},{"type":"Feature","geometry":{"type":"Point","coordinates":[75.76471,15.58108]},"properties":{"cell_id":177273,"case_count":1,"gi_zscore":-0.1217,"gi_pvalue":0.321,"significance":"not_sig"}},{"type":"Feature","geometry":{"type":"Point","coordinates":[74.77647,15.59009]},"properties":{"cell_id":177580,"case_count":1,"gi_zscore":-0.15,"gi_pvalue":0.156,"significance":"not_sig"}},{"type":"Feature","geometry":{"type":"Point","coordinates":[75.63529,15.59009]},"properties":{"cell_id":177653,"case_count":1,"gi_zscore":-0.15,"gi_pvalue":0.089,"significance":"cold_90"}},{"type":"Feature","geometry":{"type":"Point","coordinates":[75.75294,15.59009]},"properties":{"cell_id":177663,"case_count":2,"gi_zscore":-0.1264,"gi_pvalue":0.389,"significance":"not_sig"}},{"type":"Feature","geometry":{"type":"Point","coordinates":[76.2,15.5991]},"properties":{"cell_id":178092,"case_count":1,"gi_zscore":-0.1429,"gi_pvalue":0.333,"significance":"not_sig"}},{"type":"Feature","geometry":{"type":"Point","coordinates":[76.62353,15.5991]},"properties":{"cell_id":178128,"case_count":1,"gi_zscore":-0.1146,"gi_pvalue":0.274,"significance":"not_sig"}},{"type":"Feature","geometry":{"type":"Point","coordinates":[75.28235,15.60811]},"properties":{"cell_id":178405,"case_count":1,"gi_zscore":-0.0275,"gi_pvalue":0.158,"significance":"not_sig"}},{"type":"Feature","geometry":{"type":"Point","coordinates":[75.78824,15.61712]},"properties":{"cell_id":178839,"case_count":10,"gi_zscore":-0.117,"gi_pvalue":0.493,"significance":"not_sig"}},{"type":"Feature","geometry":{"type":"Point","coordinates":[76.0,15.61712]},"properties":{"cell_id":178857,"case_count":1,"gi_zscore":-0.1311,"gi_pvalue":0.424,"significance":"not_sig"}},{"type":"Feature","geometry":{"type":"Point","coordinates":[76.01176,15.61712]},"properties":{"cell_id":178858,"case_count":3,"gi_zscore":-0.1311,"gi_pvalue":0.49,"significance":"not_sig"}},{"type":"Feature","geometry":{"type":"Point","coordinates":[75.78824,15.62613]},"properties":{"cell_id":179230,"case_count":2,"gi_zscore":-0.117,"gi_pvalue":0.297,"significance":"not_sig"}},{"type":"Feature","geometry":{"type":"Point","coordinates":[74.50588,15.63514]},"properties":{"cell_id":179512,"case_count":1,"gi_zscore":-0.1382,"gi_pvalue":0.447,"significance":"not_sig"}},{"type":"Feature","geometry":{"type":"Point","coordinates":[75.29412,15.63514]},"properties":{"cell_id":179579,"case_count":1,"gi_zscore":-0.0275,"gi_pvalue":0.158,"significance":"not_sig"}},{"type":"Feature","geometry":{"type":"Point","coordinates":[75.36471,15.64414]},"properties":{"cell_id":179976,"case_count":1,"gi_zscore":-0.0157,"gi_pvalue":0.154,"significance":"not_sig"}},{"type":"Feature","geometry":{"type":"Point","coordinates":[74.47059,15.66216]},"properties":{"cell_id":180682,"case_count":1,"gi_zscore":-0.1406,"gi_pvalue":0.447,"significance":"not_sig"}},{"type":"Feature","geometry":{"type":"Point","coordinates":[75.85882,15.66216]},"properties":{"cell_id":180800,"case_count":3,"gi_zscore":-0.1194,"gi_pvalue":0.331,"significance":"not_sig"}},{"type":"Feature","geometry":{"type":"Point","coordinates":[75.87059,15.66216]},"properties":{"cell_id":180801,"case_count":3,"gi_zscore":-0.1217,"gi_pvalue":0.367,"significance":"not_sig"}},{"type":"Feature","geometry":{"type":"Point","coordinates":[74.58824,15.67117]},"properties":{"cell_id":181083,"case_count":2,"gi_zscore":-0.1382,"gi_pvalue":0.389,"significance":"not_sig"}},{"type":"Feature","geometry":{"type":"Point","coordinates":[74.50588,15.68018]},"properties":{"cell_id":181467,"case_count":2,"gi_zscore":-0.1406,"gi_pvalue":0.386,"significance":"not_sig"}},{"type":"Feature","geometry":{"type":"Point","coordinates":[75.35294,15.68018]},"properties":{"cell_id":181539,"case_count":1,"gi_zscore":0.0337,"gi_pvalue":0.139,"significance":"not_sig"}},{"type":"Feature","geometry":{"type":"Point","coordinates":[74.50588,15.68919]},"properties":{"cell_id":181858,"case_count":4,"gi_zscore":-0.1406,"gi_pvalue":0.23,"significance":"not_sig"}},{"type":"Feature","geometry":{"type":"Point","coordinates":[74.61176,15.68919]},"properties":{"cell_id":181867,"case_count":1,"gi_zscore":-0.1382,"gi_pvalue":0.447,"significance":"not_sig"}},{"type":"Feature","geometry":{"type":"Point","coordinates":[75.47059,15.68919]},"properties":{"cell_id":181940,"case_count":1,"gi_zscore":-0.0016,"gi_pvalue":0.152,"significance":"not_sig"}},{"type":"Feature","geometry":{"type":"Point","coordinates":[75.84706,15.68919]},"properties":{"cell_id":181972,"case_count":1,"gi_zscore":-0.1194,"gi_pvalue":0.297,"significance":"not_sig"}},{"type":"Feature","geometry":{"type":"Point","coordinates":[75.45882,15.6982]},"properties":{"cell_id":182330,"case_count":1,"gi_zscore":-0.0016,"gi_pvalue":0.152,"significance":"not_sig"}},{"type":"Feature","geometry":{"type":"Point","coordinates":[75.72941,15.6982]},"properties":{"cell_id":182353,"case_count":1,"gi_zscore":-0.1217,"gi_pvalue":0.322,"significance":"not_sig"}},{"type":"Feature","geometry":{"type":"Point","coordinates":[75.74118,15.6982]},"properties":{"cell_id":182354,"case_count":2,"gi_zscore":-0.117,"gi_pvalue":0.31,"significance":"not_sig"}},{"type":"Feature","geometry":{"type":"Point","coordinates":[74.49412,15.70721]},"properties":{"cell_id":182639,"case_count":2,"gi_zscore":-0.1406,"gi_pvalue":0.385,"significance":"not_sig"}},{"type":"Feature","geometry":{"type":"Point","coordinates":[75.37647,15.70721]},"properties":{"cell_id":182714,"case_count":2,"gi_zscore":0.0337,"gi_pvalue":0.139,"significance":"not_sig"}},{"type":"Feature","geometry":{"type":"Point","coordinates":[74.50588,15.71622]},"properties":{"cell_id":183031,"case_count":1,"gi_zscore":-0.1406,"gi_pvalue":0.447,"significance":"not_sig"}},{"type":"Feature","geometry":{"type":"Point","coordinates":[75.37647,15.71622]},"properties":{"cell_id":183105,"case_count":12,"gi_zscore":0.0455,"gi_pvalue":0.141,"significance":"not_sig"}},{"type":"Feature","geometry":{"type":"Point","coordinates":[75.38824,15.71622]},"properties":{"cell_id":183106,"case_count":36,"gi_zscore":0.0455,"gi_pvalue":0.161,"significance":"not_sig"}},{"type":"Feature","geometry":{"type":"Point","coordinates":[75.36471,15.72523]},"properties":{"cell_id":183495,"case_count":4,"gi_zscore":0.0455,"gi_pvalue":0.139,"significance":"not_sig"}},{"type":"Feature","geometry":{"type":"Point","coordinates":[75.37647,15.72523]},"properties":{"cell_id":183496,"case_count":7,"gi_zscore":0.0455,"gi_pvalue":0.139,"significance":"not_sig"}},{"type":"Feature","geometry":{"type":"Point","coordinates":[75.38824,15.72523]},"properties":{"cell_id":183497,"case_count":22,"gi_zscore":0.0455,"gi_pvalue":0.155,"significance":"not_sig"}},{"type":"Feature","geometry":{"type":"Point","coordinates":[75.4,15.72523]},"properties":{"cell_id":183498,"case_count":1,"gi_zscore":0.0455,"gi_pvalue":0.139,"significance":"not_sig"}},{"type":"Feature","geometry":{"type":"Point","coordinates":[75.44706,15.72523]},"properties":{"cell_id":183502,"case_count":2,"gi_zscore":0.0125,"gi_pvalue":0.147,"significance":"not_sig"}},{"type":"Feature","geometry":{"type":"Point","coordinates":[75.95294,15.72523]},"properties":{"cell_id":183545,"case_count":1,"gi_zscore":-0.1453,"gi_pvalue":0.291,"significance":"not_sig"}},{"type":"Feature","geometry":{"type":"Point","coordinates":[75.38824,15.73423]},"properties":{"cell_id":183888,"case_count":4,"gi_zscore":0.0455,"gi_pvalue":0.139,"significance":"not_sig"}},{"type":"Feature","geometry":{"type":"Point","coordinates":[75.4,15.73423]},"properties":{"cell_id":183889,"case_count":6,"gi_zscore":0.0455,"gi_pvalue":0.139,"significance":"not_sig"}},{"type":"Feature","geometry":{"type":"Point","coordinates":[75.51765,15.73423]},"properties":{"cell_id":183899,"case_count":1,"gi_zscore":-0.1241,"gi_pvalue":0.329,"significance":"not_sig"}},{"type":"Feature","geometry":{"type":"Point","coordinates":[75.96471,15.73423]},"properties":{"cell_id":183937,"case_count":1,"gi_zscore":-0.15,"gi_pvalue":0.154,"significance":"not_sig"}},{"type":"Feature","geometry":{"type":"Point","coordinates":[75.97647,15.73423]},"properties":{"cell_id":183938,"case_count":1,"gi_zscore":-0.1453,"gi_pvalue":0.292,"significance":"not_sig"}},{"type":"Feature","geometry":{"type":"Point","coordinates":[76.32941,15.73423]},"properties":{"cell_id":183968,"case_count":1,"gi_zscore":-0.1476,"gi_pvalue":0.173,"significance":"not_sig"}},{"type":"Feature","geometry":{"type":"Point","coordinates":[74.4,15.74324]},"properties":{"cell_id":184195,"case_count":1,"gi_zscore":-0.1406,"gi_pvalue":0.454,"significance":"not_sig"}},{"type":"Feature","geometry":{"type":"Point","coordinates":[76.18824,15.75225]},"properties":{"cell_id":184738,"case_count":1,"gi_zscore":-0.1476,"gi_pvalue":0.173,"significance":"not_sig"}},{"type":"Feature","geometry":{"type":"Point","coordinates":[76.2,15.75225]},"properties":{"cell_id":184739,"case_count":1,"gi_zscore":-0.1476,"gi_pvalue":0.173,"significance":"not_sig"}},{"type":"Feature","geometry":{"type":"Point","coordinates":[76.58824,15.75225]},"properties":{"cell_id":184772,"case_count":2,"gi_zscore":-0.1123,"gi_pvalue":0.275,"significance":"not_sig"}},{"type":"Feature","geometry":{"type":"Point","coordinates":[75.55294,15.76126]},"properties":{"cell_id":185075,"case_count":1,"gi_zscore":-0.1335,"gi_pvalue":0.458,"significance":"not_sig"}},{"type":"Feature","geometry":{"type":"Point","coordinates":[76.58824,15.76126]},"properties":{"cell_id":185163,"case_count":3,"gi_zscore":-0.1123,"gi_pvalue":0.295,"significance":"not_sig"}},{"type":"Feature","geometry":{"type":"Point","coordinates":[76.6,15.76126]},"properties":{"cell_id":185164,"case_count":13,"gi_zscore":-0.1123,"gi_pvalue":0.391,"significance":"not_sig"}},{"type":"Feature","geometry":{"type":"Point","coordinates":[75.52941,15.77027]},"properties":{"cell_id":185464,"case_count":3,"gi_zscore":-0.1335,"gi_pvalue":0.478,"significance":"not_sig"}},{"type":"Feature","geometry":{"type":"Point","coordinates":[76.75294,15.77027]},"properties":{"cell_id":185568,"case_count":1,"gi_zscore":-0.1123,"gi_pvalue":0.264,"significance":"not_sig"}},{"type":"Feature","geometry":{"type":"Point","coordinates":[76.62353,15.77928]},"properties":{"cell_id":185948,"case_count":1,"gi_zscore":-0.1123,"gi_pvalue":0.264,"significance":"not_sig"}},{"type":"Feature","geometry":{"type":"Point","coordinates":[75.34118,15.78829]},"properties":{"cell_id":186230,"case_count":6,"gi_zscore":0.0549,"gi_pvalue":0.139,"significance":"not_sig"}},{"type":"Feature","geometry":{"type":"Point","coordinates":[75.85882,15.7973]},"properties":{"cell_id":186665,"case_count":1,"gi_zscore":-0.15,"gi_pvalue":0.154,"significance":"not_sig"}},{"type":"Feature","geometry":{"type":"Point","coordinates":[75.98824,15.7973]},"properties":{"cell_id":186676,"case_count":1,"gi_zscore":-0.1547,"gi_pvalue":0.028,"significance":"cold_95"}},{"type":"Feature","geometry":{"type":"Point","coordinates":[76.07059,15.7973]},"properties":{"cell_id":186683,"case_count":1,"gi_zscore":-0.15,"gi_pvalue":0.154,"significance":"not_sig"}},{"type":"Feature","geometry":{"type":"Point","coordinates":[75.11765,15.80631]},"properties":{"cell_id":186993,"case_count":1,"gi_zscore":-0.1547,"gi_pvalue":0.028,"significance":"cold_95"}},{"type":"Feature","geometry":{"type":"Point","coordinates":[75.85882,15.80631]},"properties":{"cell_id":187056,"case_count":1,"gi_zscore":-0.15,"gi_pvalue":0.154,"significance":"not_sig"}},{"type":"Feature","geometry":{"type":"Point","coordinates":[74.92941,15.81532]},"properties":{"cell_id":187368,"case_count":1,"gi_zscore":-0.1547,"gi_pvalue":0.028,"significance":"cold_95"}},{"type":"Feature","geometry":{"type":"Point","coordinates":[75.54118,15.82432]},"properties":{"cell_id":187811,"case_count":2,"gi_zscore":-0.1335,"gi_pvalue":0.49,"significance":"not_sig"}},{"type":"Feature","geometry":{"type":"Point","coordinates":[75.56471,15.82432]},"properties":{"cell_id":187813,"case_count":5,"gi_zscore":-0.1335,"gi_pvalue":0.328,"significance":"not_sig"}},{"type":"Feature","geometry":{"type":"Point","coordinates":[75.02353,15.84234]},"properties":{"cell_id":188549,"case_count":1,"gi_zscore":-0.1547,"gi_pvalue":0.028,"significance":"cold_95"}},{"type":"Feature","geometry":{"type":"Point","coordinates":[74.50588,15.85135]},"properties":{"cell_id":188896,"case_count":1,"gi_zscore":-0.1406,"gi_pvalue":0.448,"significance":"not_sig"}},{"type":"Feature","geometry":{"type":"Point","coordinates":[75.21176,15.85135]},"properties":{"cell_id":188956,"case_count":1,"gi_zscore":-0.1335,"gi_pvalue":0.431,"significance":"not_sig"}},{"type":"Feature","geometry":{"type":"Point","coordinates":[75.49412,15.86036]},"properties":{"cell_id":189371,"case_count":2,"gi_zscore":-0.1217,"gi_pvalue":0.336,"significance":"not_sig"}},{"type":"Feature","geometry":{"type":"Point","coordinates":[76.61176,15.86036]},"properties":{"cell_id":189466,"case_count":2,"gi_zscore":-0.1146,"gi_pvalue":0.286,"significance":"not_sig"}},{"type":"Feature","geometry":{"type":"Point","coordinates":[74.84706,15.86937]},"properties":{"cell_id":189707,"case_count":1,"gi_zscore":-0.1547,"gi_pvalue":0.028,"significance":"cold_95"}},{"type":"Feature","geometry":{"type":"Point","coordinates":[75.49412,15.86937]},"properties":{"cell_id":189762,"case_count":1,"gi_zscore":-0.1217,"gi_pvalue":0.326,"significance":"not_sig"}},{"type":"Feature","geometry":{"type":"Point","coordinates":[74.72941,15.87838]},"properties":{"cell_id":190088,"case_count":1,"gi_zscore":-0.1523,"gi_pvalue":0.087,"significance":"cold_90"}},{"type":"Feature","geometry":{"type":"Point","coordinates":[75.32941,15.87838]},"properties":{"cell_id":190139,"case_count":2,"gi_zscore":-0.051,"gi_pvalue":0.177,"significance":"not_sig"}},{"type":"Feature","geometry":{"type":"Point","coordinates":[76.30588,15.87838]},"properties":{"cell_id":190222,"case_count":1,"gi_zscore":-0.1476,"gi_pvalue":0.179,"significance":"not_sig"}},{"type":"Feature","geometry":{"type":"Point","coordinates":[74.92941,15.88739]},"properties":{"cell_id":190496,"case_count":1,"gi_zscore":-0.1547,"gi_pvalue":0.028,"significance":"cold_95"}},{"type":"Feature","geometry":{"type":"Point","coordinates":[76.29412,15.88739]},"properties":{"cell_id":190612,"case_count":3,"gi_zscore":-0.1476,"gi_pvalue":0.087,"significance":"cold_90"}},{"type":"Feature","geometry":{"type":"Point","coordinates":[76.30588,15.88739]},"properties":{"cell_id":190613,"case_count":2,"gi_zscore":-0.1476,"gi_pvalue":0.087,"significance":"cold_90"}},{"type":"Feature","geometry":{"type":"Point","coordinates":[76.16471,15.8964]},"properties":{"cell_id":190992,"case_count":1,"gi_zscore":-0.1476,"gi_pvalue":0.159,"significance":"not_sig"}},{"type":"Feature","geometry":{"type":"Point","coordinates":[76.30588,15.8964]},"properties":{"cell_id":191004,"case_count":1,"gi_zscore":-0.1476,"gi_pvalue":0.179,"significance":"not_sig"}},{"type":"Feature","geometry":{"type":"Point","coordinates":[75.88235,15.90541]},"properties":{"cell_id":191359,"case_count":1,"gi_zscore":-0.1547,"gi_pvalue":0.028,"significance":"cold_95"}},{"type":"Feature","geometry":{"type":"Point","coordinates":[75.01176,15.93243]},"properties":{"cell_id":192458,"case_count":1,"gi_zscore":-0.1547,"gi_pvalue":0.028,"significance":"cold_95"}},{"type":"Feature","geometry":{"type":"Point","coordinates":[75.10588,15.94144]},"properties":{"cell_id":192857,"case_count":1,"gi_zscore":-0.1547,"gi_pvalue":0.028,"significance":"cold_95"}},{"type":"Feature","geometry":{"type":"Point","coordinates":[75.12941,15.95045]},"properties":{"cell_id":193250,"case_count":1,"gi_zscore":-0.1547,"gi_pvalue":0.028,"significance":"cold_95"}},{"type":"Feature","geometry":{"type":"Point","coordinates":[75.02353,15.95946]},"properties":{"cell_id":193632,"case_count":1,"gi_zscore":-0.1547,"gi_pvalue":0.028,"significance":"cold_95"}},{"type":"Feature","geometry":{"type":"Point","coordinates":[75.03529,15.95946]},"properties":{"cell_id":193633,"case_count":1,"gi_zscore":-0.1547,"gi_pvalue":0.028,"significance":"cold_95"}},{"type":"Feature","geometry":{"type":"Point","coordinates":[75.28235,15.95946]},"properties":{"cell_id":193654,"case_count":1,"gi_zscore":-0.1382,"gi_pvalue":0.489,"significance":"not_sig"}},{"type":"Feature","geometry":{"type":"Point","coordinates":[75.02353,15.96847]},"properties":{"cell_id":194023,"case_count":1,"gi_zscore":-0.1547,"gi_pvalue":0.028,"significance":"cold_95"}},{"type":"Feature","geometry":{"type":"Point","coordinates":[75.95294,15.98649]},"properties":{"cell_id":194884,"case_count":1,"gi_zscore":-0.1547,"gi_pvalue":0.028,"significance":"cold_95"}},{"type":"Feature","geometry":{"type":"Point","coordinates":[77.35294,15.98649]},"properties":{"cell_id":195003,"case_count":1,"gi_zscore":-0.1194,"gi_pvalue":0.315,"significance":"not_sig"}},{"type":"Feature","geometry":{"type":"Point","coordinates":[74.0,15.9955]},"properties":{"cell_id":195109,"case_count":1,"gi_zscore":-0.1523,"gi_pvalue":0.028,"significance":"cold_95"}},{"type":"Feature","geometry":{"type":"Point","coordinates":[76.0,15.9955]},"properties":{"cell_id":195279,"case_count":1,"gi_zscore":-0.1547,"gi_pvalue":0.028,"significance":"cold_95"}},{"type":"Feature","geometry":{"type":"Point","coordinates":[77.04706,15.9955]},"properties":{"cell_id":195368,"case_count":3,"gi_zscore":-0.1123,"gi_pvalue":0.286,"significance":"not_sig"}},{"type":"Feature","geometry":{"type":"Point","coordinates":[75.01176,16.0045]},"properties":{"cell_id":195586,"case_count":1,"gi_zscore":-0.1547,"gi_pvalue":0.028,"significance":"cold_95"}},{"type":"Feature","geometry":{"type":"Point","coordinates":[77.45882,16.0045]},"properties":{"cell_id":195794,"case_count":1,"gi_zscore":-0.1005,"gi_pvalue":0.228,"significance":"not_sig"}},{"type":"Feature","geometry":{"type":"Point","coordinates":[77.10588,16.04054]},"properties":{"cell_id":197328,"case_count":1,"gi_zscore":-0.1005,"gi_pvalue":0.226,"significance":"not_sig"}},{"type":"Feature","geometry":{"type":"Point","coordinates":[74.55294,16.07658]},"properties":{"cell_id":198675,"case_count":1,"gi_zscore":-0.1547,"gi_pvalue":0.028,"significance":"cold_95"}},{"type":"Feature","geometry":{"type":"Point","coordinates":[77.45882,16.08559]},"properties":{"cell_id":199313,"case_count":1,"gi_zscore":-0.1005,"gi_pvalue":0.228,"significance":"not_sig"}},{"type":"Feature","geometry":{"type":"Point","coordinates":[74.51765,16.13063]},"properties":{"cell_id":201018,"case_count":1,"gi_zscore":-0.1547,"gi_pvalue":0.028,"significance":"cold_95"}},{"type":"Feature","geometry":{"type":"Point","coordinates":[76.52941,16.15766]},"properties":{"cell_id":202362,"case_count":1,"gi_zscore":-0.15,"gi_pvalue":0.086,"significance":"cold_90"}},{"type":"Feature","geometry":{"type":"Point","coordinates":[77.41176,16.15766]},"properties":{"cell_id":202437,"case_count":1,"gi_zscore":-0.0699,"gi_pvalue":0.184,"significance":"not_sig"}},{"type":"Feature","geometry":{"type":"Point","coordinates":[77.32941,16.17568]},"properties":{"cell_id":203212,"case_count":1,"gi_zscore":-0.0558,"gi_pvalue":0.177,"significance":"not_sig"}},{"type":"Feature","geometry":{"type":"Point","coordinates":[75.69412,16.18468]},"properties":{"cell_id":203464,"case_count":1,"gi_zscore":-0.1547,"gi_pvalue":0.028,"significance":"cold_95"}},{"type":"Feature","geometry":{"type":"Point","coordinates":[76.65882,16.19369]},"properties":{"cell_id":203937,"case_count":1,"gi_zscore":-0.1523,"gi_pvalue":0.086,"significance":"cold_90"}},{"type":"Feature","geometry":{"type":"Point","coordinates":[77.34118,16.19369]},"properties":{"cell_id":203995,"case_count":14,"gi_zscore":-0.0558,"gi_pvalue":0.204,"significance":"not_sig"}},{"type":"Feature","geometry":{"type":"Point","coordinates":[76.65882,16.2027]},"properties":{"cell_id":204328,"case_count":1,"gi_zscore":-0.1523,"gi_pvalue":0.085,"significance":"cold_90"}},{"type":"Feature","geometry":{"type":"Point","coordinates":[77.34118,16.2027]},"properties":{"cell_id":204386,"case_count":3,"gi_zscore":-0.0558,"gi_pvalue":0.178,"significance":"not_sig"}},{"type":"Feature","geometry":{"type":"Point","coordinates":[77.35294,16.2027]},"properties":{"cell_id":204387,"case_count":1,"gi_zscore":-0.0558,"gi_pvalue":0.177,"significance":"not_sig"}},{"type":"Feature","geometry":{"type":"Point","coordinates":[77.36471,16.2027]},"properties":{"cell_id":204388,"case_count":1,"gi_zscore":-0.0558,"gi_pvalue":0.177,"significance":"not_sig"}},{"type":"Feature","geometry":{"type":"Point","coordinates":[77.34118,16.21171]},"properties":{"cell_id":204777,"case_count":7,"gi_zscore":-0.0558,"gi_pvalue":0.184,"significance":"not_sig"}},{"type":"Feature","geometry":{"type":"Point","coordinates":[77.35294,16.21171]},"properties":{"cell_id":204778,"case_count":12,"gi_zscore":-0.0558,"gi_pvalue":0.196,"significance":"not_sig"}},{"type":"Feature","geometry":{"type":"Point","coordinates":[77.36471,16.21171]},"properties":{"cell_id":204779,"case_count":11,"gi_zscore":-0.0864,"gi_pvalue":0.259,"significance":"not_sig"}},{"type":"Feature","geometry":{"type":"Point","coordinates":[77.35294,16.22072]},"properties":{"cell_id":205169,"case_count":1,"gi_zscore":-0.0864,"gi_pvalue":0.205,"significance":"not_sig"}},{"type":"Feature","geometry":{"type":"Point","coordinates":[77.36471,16.22072]},"properties":{"cell_id":205170,"case_count":1,"gi_zscore":-0.0911,"gi_pvalue":0.214,"significance":"not_sig"}},{"type":"Feature","geometry":{"type":"Point","coordinates":[77.36471,16.22973]},"properties":{"cell_id":205561,"case_count":1,"gi_zscore":-0.1052,"gi_pvalue":0.242,"significance":"not_sig"}},{"type":"Feature","geometry":{"type":"Point","coordinates":[75.17647,16.23874]},"properties":{"cell_id":205766,"case_count":1,"gi_zscore":-0.1523,"gi_pvalue":0.027,"significance":"cold_95"}},{"type":"Feature","geometry":{"type":"Point","coordinates":[77.35294,16.23874]},"properties":{"cell_id":205951,"case_count":1,"gi_zscore":-0.0911,"gi_pvalue":0.214,"significance":"not_sig"}},{"type":"Feature","geometry":{"type":"Point","coordinates":[75.04706,16.24775]},"properties":{"cell_id":206146,"case_count":1,"gi_zscore":-0.1523,"gi_pvalue":0.027,"significance":"cold_95"}},{"type":"Feature","geometry":{"type":"Point","coordinates":[76.8,16.24775]},"properties":{"cell_id":206295,"case_count":2,"gi_zscore":-0.1523,"gi_pvalue":0.027,"significance":"cold_95"}},{"type":"Feature","geometry":{"type":"Point","coordinates":[77.35294,16.24775]},"properties":{"cell_id":206342,"case_count":1,"gi_zscore":-0.1005,"gi_pvalue":0.228,"significance":"not_sig"}},{"type":"Feature","geometry":{"type":"Point","coordinates":[74.96471,16.25676]},"properties":{"cell_id":206530,"case_count":1,"gi_zscore":-0.1523,"gi_pvalue":0.027,"significance":"cold_95"}},{"type":"Feature","geometry":{"type":"Point","coordinates":[77.35294,16.26577]},"properties":{"cell_id":207124,"case_count":1,"gi_zscore":-0.1241,"gi_pvalue":0.337,"significance":"not_sig"}},{"type":"Feature","geometry":{"type":"Point","coordinates":[74.98824,16.27477]},"properties":{"cell_id":207314,"case_count":1,"gi_zscore":-0.1523,"gi_pvalue":0.027,"significance":"cold_95"}},{"type":"Feature","geometry":{"type":"Point","coordinates":[77.35294,16.27477]},"properties":{"cell_id":207515,"case_count":3,"gi_zscore":-0.1241,"gi_pvalue":0.393,"significance":"not_sig"}},{"type":"Feature","geometry":{"type":"Point","coordinates":[74.12941,16.28378]},"properties":{"cell_id":207632,"case_count":2,"gi_zscore":-0.1523,"gi_pvalue":0.027,"significance":"cold_95"}},{"type":"Feature","geometry":{"type":"Point","coordinates":[74.67059,16.28378]},"properties":{"cell_id":207678,"case_count":1,"gi_zscore":-0.1523,"gi_pvalue":0.027,"significance":"cold_95"}},{"type":"Feature","geometry":{"type":"Point","coordinates":[74.67059,16.29279]},"properties":{"cell_id":208069,"case_count":1,"gi_zscore":-0.1523,"gi_pvalue":0.027,"significance":"cold_95"}},{"type":"Feature","geometry":{"type":"Point","coordinates":[74.98824,16.29279]},"properties":{"cell_id":208096,"case_count":2,"gi_zscore":-0.1523,"gi_pvalue":0.001,"significance":"cold_99"}},{"type":"Feature","geometry":{"type":"Point","coordinates":[77.16471,16.29279]},"properties":{"cell_id":208281,"case_count":1,"gi_zscore":-0.1311,"gi_pvalue":0.427,"significance":"not_sig"}},{"type":"Feature","geometry":{"type":"Point","coordinates":[77.51765,16.29279]},"properties":{"cell_id":208311,"case_count":1,"gi_zscore":-0.1264,"gi_pvalue":0.372,"significance":"not_sig"}},{"type":"Feature","geometry":{"type":"Point","coordinates":[77.34118,16.3018]},"properties":{"cell_id":208687,"case_count":1,"gi_zscore":-0.15,"gi_pvalue":0.085,"significance":"cold_90"}},{"type":"Feature","geometry":{"type":"Point","coordinates":[76.94118,16.32883]},"properties":{"cell_id":209826,"case_count":1,"gi_zscore":-0.15,"gi_pvalue":0.085,"significance":"cold_90"}},{"type":"Feature","geometry":{"type":"Point","coordinates":[74.41176,16.33784]},"properties":{"cell_id":210002,"case_count":1,"gi_zscore":-0.1547,"gi_pvalue":0.027,"significance":"cold_95"}},{"type":"Feature","geometry":{"type":"Point","coordinates":[74.84706,16.33784]},"properties":{"cell_id":210039,"case_count":1,"gi_zscore":-0.15,"gi_pvalue":0.085,"significance":"cold_90"}},{"type":"Feature","geometry":{"type":"Point","coordinates":[76.11765,16.33784]},"properties":{"cell_id":210147,"case_count":1,"gi_zscore":-0.1523,"gi_pvalue":0.027,"significance":"cold_95"}},{"type":"Feature","geometry":{"type":"Point","coordinates":[76.12941,16.33784]},"properties":{"cell_id":210148,"case_count":1,"gi_zscore":-0.1523,"gi_pvalue":0.027,"significance":"cold_95"}},{"type":"Feature","geometry":{"type":"Point","coordinates":[74.96471,16.34685]},"properties":{"cell_id":210440,"case_count":1,"gi_zscore":-0.15,"gi_pvalue":0.085,"significance":"cold_90"}},{"type":"Feature","geometry":{"type":"Point","coordinates":[77.34118,16.34685]},"properties":{"cell_id":210642,"case_count":1,"gi_zscore":-0.15,"gi_pvalue":0.085,"significance":"cold_90"}},{"type":"Feature","geometry":{"type":"Point","coordinates":[74.82353,16.35586]},"properties":{"cell_id":210819,"case_count":1,"gi_zscore":-0.15,"gi_pvalue":0.085,"significance":"cold_90"}},{"type":"Feature","geometry":{"type":"Point","coordinates":[76.78824,16.35586]},"properties":{"cell_id":210986,"case_count":1,"gi_zscore":-0.15,"gi_pvalue":0.085,"significance":"cold_90"}},{"type":"Feature","geometry":{"type":"Point","coordinates":[76.77647,16.36486]},"properties":{"cell_id":211376,"case_count":1,"gi_zscore":-0.15,"gi_pvalue":0.085,"significance":"cold_90"}},{"type":"Feature","geometry":{"type":"Point","coordinates":[76.78824,16.36486]},"properties":{"cell_id":211377,"case_count":1,"gi_zscore":-0.15,"gi_pvalue":0.085,"significance":"cold_90"}},{"type":"Feature","geometry":{"type":"Point","coordinates":[77.36471,16.36486]},"properties":{"cell_id":211426,"case_count":1,"gi_zscore":-0.15,"gi_pvalue":0.085,"significance":"cold_90"}},{"type":"Feature","geometry":{"type":"Point","coordinates":[77.35294,16.37387]},"properties":{"cell_id":211816,"case_count":1,"gi_zscore":-0.15,"gi_pvalue":0.085,"significance":"cold_90"}},{"type":"Feature","geometry":{"type":"Point","coordinates":[75.88235,16.38288]},"properties":{"cell_id":212082,"case_count":1,"gi_zscore":-0.1547,"gi_pvalue":0.027,"significance":"cold_95"}},{"type":"Feature","geometry":{"type":"Point","coordinates":[74.37647,16.39189]},"properties":{"cell_id":212345,"case_count":1,"gi_zscore":-0.1547,"gi_pvalue":0.027,"significance":"cold_95"}},{"type":"Feature","geometry":{"type":"Point","coordinates":[74.38824,16.39189]},"properties":{"cell_id":212346,"case_count":1,"gi_zscore":-0.1547,"gi_pvalue":0.027,"significance":"cold_95"}},{"type":"Feature","geometry":{"type":"Point","coordinates":[75.92941,16.39189]},"properties":{"cell_id":212477,"case_count":1,"gi_zscore":-0.1547,"gi_pvalue":0.027,"significance":"cold_95"}},{"type":"Feature","geometry":{"type":"Point","coordinates":[74.37647,16.4009]},"properties":{"cell_id":212736,"case_count":1,"gi_zscore":-0.1547,"gi_pvalue":0.027,"significance":"cold_95"}},{"type":"Feature","geometry":{"type":"Point","coordinates":[74.38824,16.4009]},"properties":{"cell_id":212737,"case_count":1,"gi_zscore":-0.1547,"gi_pvalue":0.027,"significance":"cold_95"}},{"type":"Feature","geometry":{"type":"Point","coordinates":[74.36471,16.40991]},"properties":{"cell_id":213126,"case_count":1,"gi_zscore":-0.1547,"gi_pvalue":0.027,"significance":"cold_95"}},{"type":"Feature","geometry":{"type":"Point","coordinates":[76.88235,16.40991]},"properties":{"cell_id":213340,"case_count":1,"gi_zscore":-0.15,"gi_pvalue":0.085,"significance":"cold_90"}},{"type":"Feature","geometry":{"type":"Point","coordinates":[76.92941,16.40991]},"properties":{"cell_id":213344,"case_count":1,"gi_zscore":-0.15,"gi_pvalue":0.085,"significance":"cold_90"}},{"type":"Feature","geometry":{"type":"Point","coordinates":[75.87059,16.41892]},"properties":{"cell_id":213645,"case_count":1,"gi_zscore":-0.1547,"gi_pvalue":0.027,"significance":"cold_95"}},{"type":"Feature","geometry":{"type":"Point","coordinates":[76.92941,16.41892]},"properties":{"cell_id":213735,"case_count":2,"gi_zscore":-0.15,"gi_pvalue":0.027,"significance":"cold_95"}},{"type":"Feature","geometry":{"type":"Point","coordinates":[76.94118,16.41892]},"properties":{"cell_id":213736,"case_count":1,"gi_zscore":-0.15,"gi_pvalue":0.085,"significance":"cold_90"}},{"type":"Feature","geometry":{"type":"Point","coordinates":[76.92941,16.42793]},"properties":{"cell_id":214126,"case_count":1,"gi_zscore":-0.15,"gi_pvalue":0.085,"significance":"cold_90"}},{"type":"Feature","geometry":{"type":"Point","coordinates":[76.96471,16.42793]},"properties":{"cell_id":214129,"case_count":2,"gi_zscore":-0.15,"gi_pvalue":0.027,"significance":"cold_95"}},{"type":"Feature","geometry":{"type":"Point","coordinates":[74.43529,16.43694]},"properties":{"cell_id":214305,"case_count":1,"gi_zscore":-0.1547,"gi_pvalue":0.027,"significance":"cold_95"}},{"type":"Feature","geometry":{"type":"Point","coordinates":[75.85882,16.45495]},"properties":{"cell_id":215208,"case_count":1,"gi_zscore":-0.1547,"gi_pvalue":0.027,"significance":"cold_95"}},{"type":"Feature","geometry":{"type":"Point","coordinates":[75.69412,16.46396]},"properties":{"cell_id":215585,"case_count":1,"gi_zscore":-0.1547,"gi_pvalue":0.027,"significance":"cold_95"}},{"type":"Feature","geometry":{"type":"Point","coordinates":[74.62353,16.48198]},"properties":{"cell_id":216276,"case_count":1,"gi_zscore":-0.1429,"gi_pvalue":0.327,"significance":"not_sig"}},{"type":"Feature","geometry":{"type":"Point","coordinates":[74.77647,16.48198]},"properties":{"cell_id":216289,"case_count":1,"gi_zscore":-0.1406,"gi_pvalue":0.416,"significance":"not_sig"}},{"type":"Feature","geometry":{"type":"Point","coordinates":[74.84706,16.48198]},"properties":{"cell_id":216295,"case_count":1,"gi_zscore":-0.1406,"gi_pvalue":0.441,"significance":"not_sig"}},{"type":"Feature","geometry":{"type":"Point","coordinates":[76.30588,16.48198]},"properties":{"cell_id":216419,"case_count":2,"gi_zscore":-0.1476,"gi_pvalue":0.085,"significance":"cold_90"}},{"type":"Feature","geometry":{"type":"Point","coordinates":[74.37647,16.49099]},"properties":{"cell_id":216646,"case_count":1,"gi_zscore":-0.1547,"gi_pvalue":0.027,"significance":"cold_95"}},{"type":"Feature","geometry":{"type":"Point","coordinates":[74.76471,16.49099]},"properties":{"cell_id":216679,"case_count":1,"gi_zscore":-0.1406,"gi_pvalue":0.416,"significance":"not_sig"}},{"type":"Feature","geometry":{"type":"Point","coordinates":[74.77647,16.49099]},"properties":{"cell_id":216680,"case_count":2,"gi_zscore":-0.1406,"gi_pvalue":0.381,"significance":"not_sig"}},{"type":"Feature","geometry":{"type":"Point","coordinates":[74.83529,16.49099]},"properties":{"cell_id":216685,"case_count":1,"gi_zscore":-0.1406,"gi_pvalue":0.441,"significance":"not_sig"}},{"type":"Feature","geometry":{"type":"Point","coordinates":[74.84706,16.49099]},"properties":{"cell_id":216686,"case_count":2,"gi_zscore":-0.1406,"gi_pvalue":0.38,"significance":"not_sig"}},{"type":"Feature","geometry":{"type":"Point","coordinates":[75.88235,16.49099]},"properties":{"cell_id":216774,"case_count":1,"gi_zscore":-0.1547,"gi_pvalue":0.027,"significance":"cold_95"}},{"type":"Feature","geometry":{"type":"Point","coordinates":[74.52941,16.50901]},"properties":{"cell_id":217441,"case_count":1,"gi_zscore":-0.1547,"gi_pvalue":0.027,"significance":"cold_95"}},{"type":"Feature","geometry":{"type":"Point","coordinates":[76.76471,16.50901]},"properties":{"cell_id":217631,"case_count":1,"gi_zscore":-0.1523,"gi_pvalue":0.027,"significance":"cold_95"}},{"type":"Feature","geometry":{"type":"Point","coordinates":[74.72941,16.51802]},"properties":{"cell_id":217849,"case_count":1,"gi_zscore":-0.1429,"gi_pvalue":0.38,"significance":"not_sig"}},{"type":"Feature","geometry":{"type":"Point","coordinates":[74.81176,16.51802]},"properties":{"cell_id":217856,"case_count":5,"gi_zscore":-0.1406,"gi_pvalue":0.158,"significance":"not_sig"}},{"type":"Feature","geometry":{"type":"Point","coordinates":[76.54118,16.52703]},"properties":{"cell_id":218394,"case_count":2,"gi_zscore":-0.15,"gi_pvalue":0.028,"significance":"cold_95"}},{"type":"Feature","geometry":{"type":"Point","coordinates":[76.76471,16.52703]},"properties":{"cell_id":218413,"case_count":1,"gi_zscore":-0.1547,"gi_pvalue":0.028,"significance":"cold_95"}},{"type":"Feature","geometry":{"type":"Point","coordinates":[74.88235,16.53604]},"properties":{"cell_id":218644,"case_count":1,"gi_zscore":-0.1429,"gi_pvalue":0.379,"significance":"not_sig"}},{"type":"Feature","geometry":{"type":"Point","coordinates":[74.49412,16.54505]},"properties":{"cell_id":219002,"case_count":1,"gi_zscore":-0.1547,"gi_pvalue":0.028,"significance":"cold_95"}},{"type":"Feature","geometry":{"type":"Point","coordinates":[74.82353,16.54505]},"properties":{"cell_id":219030,"case_count":1,"gi_zscore":-0.1429,"gi_pvalue":0.379,"significance":"not_sig"}},{"type":"Feature","geometry":{"type":"Point","coordinates":[74.84706,16.54505]},"properties":{"cell_id":219032,"case_count":1,"gi_zscore":-0.1429,"gi_pvalue":0.379,"significance":"not_sig"}},{"type":"Feature","geometry":{"type":"Point","coordinates":[75.74118,16.54505]},"properties":{"cell_id":219108,"case_count":1,"gi_zscore":-0.1547,"gi_pvalue":0.028,"significance":"cold_95"}},{"type":"Feature","geometry":{"type":"Point","coordinates":[74.44706,16.56306]},"properties":{"cell_id":219780,"case_count":1,"gi_zscore":-0.1547,"gi_pvalue":0.028,"significance":"cold_95"}},{"type":"Feature","geometry":{"type":"Point","coordinates":[74.82353,16.56306]},"properties":{"cell_id":219812,"case_count":1,"gi_zscore":-0.1311,"gi_pvalue":0.4,"significance":"not_sig"}},{"type":"Feature","geometry":{"type":"Point","coordinates":[74.85882,16.56306]},"properties":{"cell_id":219815,"case_count":1,"gi_zscore":-0.1358,"gi_pvalue":0.482,"significance":"not_sig"}},{"type":"Feature","geometry":{"type":"Point","coordinates":[77.25882,16.56306]},"properties":{"cell_id":220019,"case_count":1,"gi_zscore":-0.1241,"gi_pvalue":0.36,"significance":"not_sig"}},{"type":"Feature","geometry":{"type":"Point","coordinates":[76.17647,16.57207]},"properties":{"cell_id":220318,"case_count":1,"gi_zscore":-0.15,"gi_pvalue":0.086,"significance":"cold_90"}},{"type":"Feature","geometry":{"type":"Point","coordinates":[76.71765,16.57207]},"properties":{"cell_id":220364,"case_count":1,"gi_zscore":-0.1406,"gi_pvalue":0.442,"significance":"not_sig"}},{"type":"Feature","geometry":{"type":"Point","coordinates":[77.24706,16.57207]},"properties":{"cell_id":220409,"case_count":5,"gi_zscore":-0.0887,"gi_pvalue":0.227,"significance":"not_sig"}},{"type":"Feature","geometry":{"type":"Point","coordinates":[75.72941,16.59009]},"properties":{"cell_id":221062,"case_count":1,"gi_zscore":-0.1547,"gi_pvalue":0.028,"significance":"cold_95"}},{"type":"Feature","geometry":{"type":"Point","coordinates":[74.83529,16.60811]},"properties":{"cell_id":221768,"case_count":1,"gi_zscore":-0.0393,"gi_pvalue":0.162,"significance":"not_sig"}},{"type":"Feature","geometry":{"type":"Point","coordinates":[74.87059,16.60811]},"properties":{"cell_id":221771,"case_count":3,"gi_zscore":-0.0393,"gi_pvalue":0.164,"significance":"not_sig"}},{"type":"Feature","geometry":{"type":"Point","coordinates":[74.84706,16.61712]},"properties":{"cell_id":222160,"case_count":1,"gi_zscore":-0.0393,"gi_pvalue":0.162,"significance":"not_sig"}},{"type":"Feature","geometry":{"type":"Point","coordinates":[74.85882,16.61712]},"properties":{"cell_id":222161,"case_count":7,"gi_zscore":-0.0393,"gi_pvalue":0.176,"significance":"not_sig"}},{"type":"Feature","geometry":{"type":"Point","coordinates":[74.94118,16.61712]},"properties":{"cell_id":222168,"case_count":2,"gi_zscore":-0.0369,"gi_pvalue":0.162,"significance":"not_sig"}},{"type":"Feature","geometry":{"type":"Point","coordinates":[75.49412,16.61712]},"properties":{"cell_id":222215,"case_count":1,"gi_zscore":-0.1547,"gi_pvalue":0.028,"significance":"cold_95"}},{"type":"Feature","geometry":{"type":"Point","coordinates":[74.84706,16.62613]},"properties":{"cell_id":222551,"case_count":9,"gi_zscore":-0.0393,"gi_pvalue":0.177,"significance":"not_sig"}},{"type":"Feature","geometry":{"type":"Point","coordinates":[74.85882,16.62613]},"properties":{"cell_id":222552,"case_count":28,"gi_zscore":-0.0393,"gi_pvalue":0.233,"significance":"not_sig"}},{"type":"Feature","geometry":{"type":"Point","coordinates":[76.35294,16.62613]},"properties":{"cell_id":222679,"case_count":1,"gi_zscore":-0.1453,"gi_pvalue":0.288,"significance":"not_sig"}},{"type":"Feature","geometry":{"type":"Point","coordinates":[74.84706,16.63514]},"properties":{"cell_id":222942,"case_count":7,"gi_zscore":-0.0393,"gi_pvalue":0.176,"significance":"not_sig"}},{"type":"Feature","geometry":{"type":"Point","coordinates":[74.85882,16.63514]},"properties":{"cell_id":222943,"case_count":1,"gi_zscore":-0.0393,"gi_pvalue":0.162,"significance":"not_sig"}},{"type":"Feature","geometry":{"type":"Point","coordinates":[76.52941,16.65315]},"properties":{"cell_id":223867,"case_count":1,"gi_zscore":-0.1476,"gi_pvalue":0.176,"significance":"not_sig"}},{"type":"Feature","geometry":{"type":"Point","coordinates":[77.25882,16.68018]},"properties":{"cell_id":225102,"case_count":1,"gi_zscore":-0.1217,"gi_pvalue":0.325,"significance":"not_sig"}},{"type":"Feature","geometry":{"type":"Point","coordinates":[74.76471,16.68919]},"properties":{"cell_id":225281,"case_count":1,"gi_zscore":-0.0393,"gi_pvalue":0.162,"significance":"not_sig"}},{"type":"Feature","geometry":{"type":"Point","coordinates":[76.84706,16.68919]},"properties":{"cell_id":225458,"case_count":1,"gi_zscore":-0.0982,"gi_pvalue":0.224,"significance":"not_sig"}},{"type":"Feature","geometry":{"type":"Point","coordinates":[76.83529,16.6982]},"properties":{"cell_id":225848,"case_count":1,"gi_zscore":-0.0982,"gi_pvalue":0.224,"significance":"not_sig"}},{"type":"Feature","geometry":{"type":"Point","coordinates":[76.84706,16.6982]},"properties":{"cell_id":225849,"case_count":6,"gi_zscore":-0.0982,"gi_pvalue":0.253,"significance":"not_sig"}},{"type":"Feature","geometry":{"type":"Point","coordinates":[76.82353,16.70721]},"properties":{"cell_id":226238,"case_count":1,"gi_zscore":-0.0982,"gi_pvalue":0.224,"significance":"not_sig"}},{"type":"Feature","geometry":{"type":"Point","coordinates":[76.83529,16.70721]},"properties":{"cell_id":226239,"case_count":1,"gi_zscore":-0.0982,"gi_pvalue":0.224,"significance":"not_sig"}},{"type":"Feature","geometry":{"type":"Point","coordinates":[76.84706,16.70721]},"properties":{"cell_id":226240,"case_count":15,"gi_zscore":-0.0982,"gi_pvalue":0.406,"significance":"not_sig"}},{"type":"Feature","geometry":{"type":"Point","coordinates":[76.85882,16.70721]},"properties":{"cell_id":226241,"case_count":5,"gi_zscore":-0.0982,"gi_pvalue":0.252,"significance":"not_sig"}},{"type":"Feature","geometry":{"type":"Point","coordinates":[76.83529,16.71622]},"properties":{"cell_id":226630,"case_count":2,"gi_zscore":-0.0982,"gi_pvalue":0.231,"significance":"not_sig"}},{"type":"Feature","geometry":{"type":"Point","coordinates":[75.65882,16.72523]},"properties":{"cell_id":226921,"case_count":1,"gi_zscore":0.0337,"gi_pvalue":0.139,"significance":"not_sig"}},{"type":"Feature","geometry":{"type":"Point","coordinates":[77.15294,16.72523]},"properties":{"cell_id":227048,"case_count":3,"gi_zscore":-0.0887,"gi_pvalue":0.218,"significance":"not_sig"}},{"type":"Feature","geometry":{"type":"Point","coordinates":[77.14118,16.73423]},"properties":{"cell_id":227438,"case_count":8,"gi_zscore":-0.0887,"gi_pvalue":0.237,"significance":"not_sig"}},{"type":"Feature","geometry":{"type":"Point","coordinates":[77.12941,16.74324]},"properties":{"cell_id":227828,"case_count":16,"gi_zscore":-0.0958,"gi_pvalue":0.446,"significance":"not_sig"}},{"type":"Feature","geometry":{"type":"Point","coordinates":[77.14118,16.74324]},"properties":{"cell_id":227829,"case_count":1,"gi_zscore":-0.0887,"gi_pvalue":0.206,"significance":"not_sig"}},{"type":"Feature","geometry":{"type":"Point","coordinates":[77.12941,16.75225]},"properties":{"cell_id":228219,"case_count":2,"gi_zscore":-0.0958,"gi_pvalue":0.228,"significance":"not_sig"}},{"type":"Feature","geometry":{"type":"Point","coordinates":[77.14118,16.75225]},"properties":{"cell_id":228220,"case_count":1,"gi_zscore":-0.0934,"gi_pvalue":0.22,"significance":"not_sig"}},{"type":"Feature","geometry":{"type":"Point","coordinates":[77.15294,16.75225]},"properties":{"cell_id":228221,"case_count":1,"gi_zscore":-0.0934,"gi_pvalue":0.22,"significance":"not_sig"}},{"type":"Feature","geometry":{"type":"Point","coordinates":[74.89412,16.76126]},"properties":{"cell_id":228420,"case_count":1,"gi_zscore":-0.0416,"gi_pvalue":0.163,"significance":"not_sig"}},{"type":"Feature","geometry":{"type":"Point","coordinates":[75.67059,16.76126]},"properties":{"cell_id":228486,"case_count":1,"gi_zscore":0.0337,"gi_pvalue":0.139,"significance":"not_sig"}},{"type":"Feature","geometry":{"type":"Point","coordinates":[77.11765,16.76126]},"properties":{"cell_id":228609,"case_count":1,"gi_zscore":-0.1052,"gi_pvalue":0.236,"significance":"not_sig"}},{"type":"Feature","geometry":{"type":"Point","coordinates":[77.12941,16.76126]},"properties":{"cell_id":228610,"case_count":1,"gi_zscore":-0.1052,"gi_pvalue":0.236,"significance":"not_sig"}},{"type":"Feature","geometry":{"type":"Point","coordinates":[77.14118,16.76126]},"properties":{"cell_id":228611,"case_count":3,"gi_zscore":-0.1099,"gi_pvalue":0.269,"significance":"not_sig"}},{"type":"Feature","geometry":{"type":"Point","coordinates":[77.15294,16.76126]},"properties":{"cell_id":228612,"case_count":2,"gi_zscore":-0.0934,"gi_pvalue":0.227,"significance":"not_sig"}},{"type":"Feature","geometry":{"type":"Point","coordinates":[76.28235,16.77027]},"properties":{"cell_id":228929,"case_count":2,"gi_zscore":-0.1311,"gi_pvalue":0.483,"significance":"not_sig"}},{"type":"Feature","geometry":{"type":"Point","coordinates":[77.10588,16.77027]},"properties":{"cell_id":228999,"case_count":3,"gi_zscore":-0.1052,"gi_pvalue":0.252,"significance":"not_sig"}},{"type":"Feature","geometry":{"type":"Point","coordinates":[77.22353,16.77928]},"properties":{"cell_id":229400,"case_count":1,"gi_zscore":-0.1264,"gi_pvalue":0.386,"significance":"not_sig"}},{"type":"Feature","geometry":{"type":"Point","coordinates":[75.70588,16.81532]},"properties":{"cell_id":230835,"case_count":1,"gi_zscore":0.0597,"gi_pvalue":0.133,"significance":"not_sig"}},{"type":"Feature","geometry":{"type":"Point","coordinates":[75.71765,16.81532]},"properties":{"cell_id":230836,"case_count":1,"gi_zscore":0.0597,"gi_pvalue":0.133,"significance":"not_sig"}},{"type":"Feature","geometry":{"type":"Point","coordinates":[75.97647,16.81532]},"properties":{"cell_id":230858,"case_count":2,"gi_zscore":-0.1288,"gi_pvalue":0.443,"significance":"not_sig"}},{"type":"Feature","geometry":{"type":"Point","coordinates":[75.98824,16.81532]},"properties":{"cell_id":230859,"case_count":1,"gi_zscore":-0.1288,"gi_pvalue":0.408,"significance":"not_sig"}},{"type":"Feature","geometry":{"type":"Point","coordinates":[75.67059,16.82432]},"properties":{"cell_id":231223,"case_count":1,"gi_zscore":0.0597,"gi_pvalue":0.133,"significance":"not_sig"}},{"type":"Feature","geometry":{"type":"Point","coordinates":[75.70588,16.82432]},"properties":{"cell_id":231226,"case_count":9,"gi_zscore":0.0597,"gi_pvalue":0.139,"significance":"not_sig"}},{"type":"Feature","geometry":{"type":"Point","coordinates":[75.71765,16.82432]},"properties":{"cell_id":231227,"case_count":68,"gi_zscore":0.0597,"gi_pvalue":0.225,"significance":"not_sig"}},{"type":"Feature","geometry":{"type":"Point","coordinates":[75.97647,16.82432]},"properties":{"cell_id":231249,"case_count":6,"gi_zscore":-0.1288,"gi_pvalue":0.416,"significance":"not_sig"}},{"type":"Feature","geometry":{"type":"Point","coordinates":[75.98824,16.82432]},"properties":{"cell_id":231250,"case_count":6,"gi_zscore":-0.0982,"gi_pvalue":0.261,"significance":"not_sig"}},{"type":"Feature","geometry":{"type":"Point","coordinates":[75.69412,16.83333]},"properties":{"cell_id":231616,"case_count":1,"gi_zscore":0.0597,"gi_pvalue":0.132,"significance":"not_sig"}},{"type":"Feature","geometry":{"type":"Point","coordinates":[75.70588,16.83333]},"properties":{"cell_id":231617,"case_count":6,"gi_zscore":0.0597,"gi_pvalue":0.139,"significance":"not_sig"}},{"type":"Feature","geometry":{"type":"Point","coordinates":[75.71765,16.83333]},"properties":{"cell_id":231618,"case_count":12,"gi_zscore":0.0597,"gi_pvalue":0.139,"significance":"not_sig"}},{"type":"Feature","geometry":{"type":"Point","coordinates":[75.72941,16.83333]},"properties":{"cell_id":231619,"case_count":1,"gi_zscore":0.0597,"gi_pvalue":0.132,"significance":"not_sig"}},{"type":"Feature","geometry":{"type":"Point","coordinates":[75.70588,16.84234]},"properties":{"cell_id":232008,"case_count":1,"gi_zscore":0.0597,"gi_pvalue":0.132,"significance":"not_sig"}},{"type":"Feature","geometry":{"type":"Point","coordinates":[75.74118,16.85135]},"properties":{"cell_id":232402,"case_count":1,"gi_zscore":0.0597,"gi_pvalue":0.132,"significance":"not_sig"}},{"type":"Feature","geometry":{"type":"Point","coordinates":[75.94118,16.86036]},"properties":{"cell_id":232810,"case_count":1,"gi_zscore":-0.1288,"gi_pvalue":0.407,"significance":"not_sig"}},{"type":"Feature","geometry":{"type":"Point","coordinates":[77.34118,16.87838]},"properties":{"cell_id":233711,"case_count":1,"gi_zscore":-0.1476,"gi_pvalue":0.176,"significance":"not_sig"}},{"type":"Feature","geometry":{"type":"Point","coordinates":[75.71765,16.8964]},"properties":{"cell_id":234355,"case_count":1,"gi_zscore":0.0597,"gi_pvalue":0.132,"significance":"not_sig"}},{"type":"Feature","geometry":{"type":"Point","coordinates":[76.22353,16.8964]},"properties":{"cell_id":234398,"case_count":1,"gi_zscore":-0.1076,"gi_pvalue":0.252,"significance":"not_sig"}},{"type":"Feature","geometry":{"type":"Point","coordinates":[76.77647,16.90541]},"properties":{"cell_id":234836,"case_count":1,"gi_zscore":-0.0982,"gi_pvalue":0.228,"significance":"not_sig"}},{"type":"Feature","geometry":{"type":"Point","coordinates":[76.23529,16.91441]},"properties":{"cell_id":235181,"case_count":1,"gi_zscore":-0.1076,"gi_pvalue":0.252,"significance":"not_sig"}},{"type":"Feature","geometry":{"type":"Point","coordinates":[76.23529,16.92342]},"properties":{"cell_id":235572,"case_count":2,"gi_zscore":-0.1076,"gi_pvalue":0.261,"significance":"not_sig"}},{"type":"Feature","geometry":{"type":"Point","coordinates":[77.02353,16.93243]},"properties":{"cell_id":236030,"case_count":2,"gi_zscore":-0.1406,"gi_pvalue":0.303,"significance":"not_sig"}},{"type":"Feature","geometry":{"type":"Point","coordinates":[75.98824,16.94144]},"properties":{"cell_id":236333,"case_count":1,"gi_zscore":-0.0982,"gi_pvalue":0.229,"significance":"not_sig"}},{"type":"Feature","geometry":{"type":"Point","coordinates":[77.02353,16.94144]},"properties":{"cell_id":236421,"case_count":1,"gi_zscore":-0.1406,"gi_pvalue":0.382,"significance":"not_sig"}},{"type":"Feature","geometry":{"type":"Point","coordinates":[76.02353,16.95045]},"properties":{"cell_id":236727,"case_count":1,"gi_zscore":-0.0911,"gi_pvalue":0.218,"significance":"not_sig"}},{"type":"Feature","geometry":{"type":"Point","coordinates":[75.48235,16.95946]},"properties":{"cell_id":237072,"case_count":1,"gi_zscore":-0.1217,"gi_pvalue":0.332,"significance":"not_sig"}},{"type":"Feature","geometry":{"type":"Point","coordinates":[76.14118,17.01351]},"properties":{"cell_id":239474,"case_count":9,"gi_zscore":-0.1099,"gi_pvalue":0.403,"significance":"not_sig"}},{"type":"Feature","geometry":{"type":"Point","coordinates":[76.15294,17.01351]},"properties":{"cell_id":239475,"case_count":1,"gi_zscore":-0.1076,"gi_pvalue":0.248,"significance":"not_sig"}},{"type":"Feature","geometry":{"type":"Point","coordinates":[76.12941,17.02252]},"properties":{"cell_id":239864,"case_count":6,"gi_zscore":-0.1076,"gi_pvalue":0.301,"significance":"not_sig"}},{"type":"Feature","geometry":{"type":"Point","coordinates":[76.14118,17.02252]},"properties":{"cell_id":239865,"case_count":5,"gi_zscore":-0.1076,"gi_pvalue":0.283,"significance":"not_sig"}},{"type":"Feature","geometry":{"type":"Point","coordinates":[75.70588,17.03153]},"properties":{"cell_id":240219,"case_count":1,"gi_zscore":-0.1123,"gi_pvalue":0.265,"significance":"not_sig"}},{"type":"Feature","geometry":{"type":"Point","coordinates":[76.61176,17.05856]},"properties":{"cell_id":241469,"case_count":1,"gi_zscore":-0.15,"gi_pvalue":0.082,"significance":"cold_90"}},{"type":"Feature","geometry":{"type":"Point","coordinates":[76.98824,17.05856]},"properties":{"cell_id":241501,"case_count":1,"gi_zscore":-0.1523,"gi_pvalue":0.082,"significance":"cold_90"}},{"type":"Feature","geometry":{"type":"Point","coordinates":[76.27059,17.07658]},"properties":{"cell_id":242222,"case_count":2,"gi_zscore":-0.1076,"gi_pvalue":0.262,"significance":"not_sig"}},{"type":"Feature","geometry":{"type":"Point","coordinates":[76.64706,17.08559]},"properties":{"cell_id":242645,"case_count":1,"gi_zscore":-0.15,"gi_pvalue":0.082,"significance":"cold_90"}},{"type":"Feature","geometry":{"type":"Point","coordinates":[76.17647,17.09459]},"properties":{"cell_id":242996,"case_count":2,"gi_zscore":-0.1076,"gi_pvalue":0.261,"significance":"not_sig"}},{"type":"Feature","geometry":{"type":"Point","coordinates":[77.0,17.09459]},"properties":{"cell_id":243066,"case_count":1,"gi_zscore":-0.15,"gi_pvalue":0.082,"significance":"cold_90"}},{"type":"Feature","geometry":{"type":"Point","coordinates":[76.36471,17.1036]},"properties":{"cell_id":243403,"case_count":1,"gi_zscore":-0.1194,"gi_pvalue":0.303,"significance":"not_sig"}},{"type":"Feature","geometry":{"type":"Point","coordinates":[76.11765,17.11261]},"properties":{"cell_id":243773,"case_count":1,"gi_zscore":-0.1099,"gi_pvalue":0.261,"significance":"not_sig"}},{"type":"Feature","geometry":{"type":"Point","coordinates":[75.67059,17.12162]},"properties":{"cell_id":244126,"case_count":2,"gi_zscore":-0.1311,"gi_pvalue":0.481,"significance":"not_sig"}},{"type":"Feature","geometry":{"type":"Point","coordinates":[75.78824,17.12162]},"properties":{"cell_id":244136,"case_count":2,"gi_zscore":-0.1311,"gi_pvalue":0.477,"significance":"not_sig"}},{"type":"Feature","geometry":{"type":"Point","coordinates":[75.95294,17.13063]},"properties":{"cell_id":244541,"case_count":1,"gi_zscore":-0.1335,"gi_pvalue":0.477,"significance":"not_sig"}},{"type":"Feature","geometry":{"type":"Point","coordinates":[75.75294,17.17568]},"properties":{"cell_id":246479,"case_count":1,"gi_zscore":-0.1311,"gi_pvalue":0.44,"significance":"not_sig"}},{"type":"Feature","geometry":{"type":"Point","coordinates":[75.94118,17.17568]},"properties":{"cell_id":246495,"case_count":1,"gi_zscore":-0.1335,"gi_pvalue":0.477,"significance":"not_sig"}},{"type":"Feature","geometry":{"type":"Point","coordinates":[75.95294,17.17568]},"properties":{"cell_id":246496,"case_count":1,"gi_zscore":-0.1335,"gi_pvalue":0.477,"significance":"not_sig"}},{"type":"Feature","geometry":{"type":"Point","coordinates":[77.28235,17.17568]},"properties":{"cell_id":246609,"case_count":1,"gi_zscore":-0.1547,"gi_pvalue":0.025,"significance":"cold_95"}},{"type":"Feature","geometry":{"type":"Point","coordinates":[76.78824,17.18468]},"properties":{"cell_id":246958,"case_count":1,"gi_zscore":-0.1453,"gi_pvalue":0.287,"significance":"not_sig"}},{"type":"Feature","geometry":{"type":"Point","coordinates":[77.16471,17.19369]},"properties":{"cell_id":247381,"case_count":1,"gi_zscore":-0.1523,"gi_pvalue":0.082,"significance":"cold_90"}},{"type":"Feature","geometry":{"type":"Point","coordinates":[76.0,17.21171]},"properties":{"cell_id":248064,"case_count":1,"gi_zscore":-0.1358,"gi_pvalue":0.479,"significance":"not_sig"}},{"type":"Feature","geometry":{"type":"Point","coordinates":[76.57647,17.22072]},"properties":{"cell_id":248504,"case_count":1,"gi_zscore":-0.1523,"gi_pvalue":0.025,"significance":"cold_95"}},{"type":"Feature","geometry":{"type":"Point","coordinates":[75.87059,17.25676]},"properties":{"cell_id":250008,"case_count":3,"gi_zscore":-0.1358,"gi_pvalue":0.386,"significance":"not_sig"}},{"type":"Feature","geometry":{"type":"Point","coordinates":[77.35294,17.25676]},"properties":{"cell_id":250134,"case_count":1,"gi_zscore":-0.1547,"gi_pvalue":0.025,"significance":"cold_95"}},{"type":"Feature","geometry":{"type":"Point","coordinates":[75.88235,17.27477]},"properties":{"cell_id":250791,"case_count":7,"gi_zscore":-0.1358,"gi_pvalue":0.083,"significance":"cold_90"}},{"type":"Feature","geometry":{"type":"Point","coordinates":[75.97647,17.27477]},"properties":{"cell_id":250799,"case_count":1,"gi_zscore":-0.1358,"gi_pvalue":0.477,"significance":"not_sig"}},{"type":"Feature","geometry":{"type":"Point","coordinates":[75.97647,17.28378]},"properties":{"cell_id":251190,"case_count":1,"gi_zscore":-0.1358,"gi_pvalue":0.477,"significance":"not_sig"}},{"type":"Feature","geometry":{"type":"Point","coordinates":[76.81176,17.29279]},"properties":{"cell_id":251652,"case_count":1,"gi_zscore":-0.1406,"gi_pvalue":0.442,"significance":"not_sig"}},{"type":"Feature","geometry":{"type":"Point","coordinates":[77.0,17.29279]},"properties":{"cell_id":251668,"case_count":1,"gi_zscore":-0.0722,"gi_pvalue":0.188,"significance":"not_sig"}},{"type":"Feature","geometry":{"type":"Point","coordinates":[77.37647,17.29279]},"properties":{"cell_id":251700,"case_count":1,"gi_zscore":-0.1547,"gi_pvalue":0.024,"significance":"cold_95"}},{"type":"Feature","geometry":{"type":"Point","coordinates":[76.82353,17.3018]},"properties":{"cell_id":252044,"case_count":2,"gi_zscore":-0.1382,"gi_pvalue":0.442,"significance":"not_sig"}},{"type":"Feature","geometry":{"type":"Point","coordinates":[76.87059,17.3018]},"properties":{"cell_id":252048,"case_count":1,"gi_zscore":-0.1406,"gi_pvalue":0.415,"significance":"not_sig"}},{"type":"Feature","geometry":{"type":"Point","coordinates":[76.82353,17.31081]},"properties":{"cell_id":252435,"case_count":2,"gi_zscore":-0.1382,"gi_pvalue":0.44,"significance":"not_sig"}},{"type":"Feature","geometry":{"type":"Point","coordinates":[76.81176,17.31982]},"properties":{"cell_id":252825,"case_count":2,"gi_zscore":-0.1382,"gi_pvalue":0.44,"significance":"not_sig"}},{"type":"Feature","geometry":{"type":"Point","coordinates":[76.82353,17.31982]},"properties":{"cell_id":252826,"case_count":1,"gi_zscore":-0.1358,"gi_pvalue":0.476,"significance":"not_sig"}},{"type":"Feature","geometry":{"type":"Point","coordinates":[76.83529,17.31982]},"properties":{"cell_id":252827,"case_count":2,"gi_zscore":-0.1358,"gi_pvalue":0.44,"significance":"not_sig"}},{"type":"Feature","geometry":{"type":"Point","coordinates":[76.84706,17.31982]},"properties":{"cell_id":252828,"case_count":1,"gi_zscore":-0.0463,"gi_pvalue":0.168,"significance":"not_sig"}},{"type":"Feature","geometry":{"type":"Point","coordinates":[75.85882,17.32883]},"properties":{"cell_id":253135,"case_count":1,"gi_zscore":-0.1358,"gi_pvalue":0.475,"significance":"not_sig"}},{"type":"Feature","geometry":{"type":"Point","coordinates":[76.8,17.32883]},"properties":{"cell_id":253215,"case_count":1,"gi_zscore":-0.1429,"gi_pvalue":0.382,"significance":"not_sig"}},{"type":"Feature","geometry":{"type":"Point","coordinates":[76.81176,17.32883]},"properties":{"cell_id":253216,"case_count":2,"gi_zscore":-0.1429,"gi_pvalue":0.286,"significance":"not_sig"}},{"type":"Feature","geometry":{"type":"Point","coordinates":[76.82353,17.32883]},"properties":{"cell_id":253217,"case_count":2,"gi_zscore":-0.1335,"gi_pvalue":0.483,"significance":"not_sig"}},{"type":"Feature","geometry":{"type":"Point","coordinates":[76.83529,17.32883]},"properties":{"cell_id":253218,"case_count":2,"gi_zscore":-0.0817,"gi_pvalue":0.203,"significance":"not_sig"}},{"type":"Feature","geometry":{"type":"Point","coordinates":[76.81176,17.33784]},"properties":{"cell_id":253607,"case_count":2,"gi_zscore":-0.1406,"gi_pvalue":0.382,"significance":"not_sig"}},{"type":"Feature","geometry":{"type":"Point","coordinates":[76.82353,17.33784]},"properties":{"cell_id":253608,"case_count":2,"gi_zscore":-0.0817,"gi_pvalue":0.203,"significance":"not_sig"}},{"type":"Feature","geometry":{"type":"Point","coordinates":[76.83529,17.33784]},"properties":{"cell_id":253609,"case_count":3,"gi_zscore":0.0149,"gi_pvalue":0.15,"significance":"not_sig"}},{"type":"Feature","geometry":{"type":"Point","coordinates":[76.81176,17.34685]},"properties":{"cell_id":253998,"case_count":1,"gi_zscore":-0.1382,"gi_pvalue":0.469,"significance":"not_sig"}},{"type":"Feature","geometry":{"type":"Point","coordinates":[76.82353,17.34685]},"properties":{"cell_id":253999,"case_count":1,"gi_zscore":-0.0181,"gi_pvalue":0.155,"significance":"not_sig"}},{"type":"Feature","geometry":{"type":"Point","coordinates":[76.83529,17.34685]},"properties":{"cell_id":254000,"case_count":25,"gi_zscore":0.0573,"gi_pvalue":0.151,"significance":"not_sig"}},{"type":"Feature","geometry":{"type":"Point","coordinates":[76.84706,17.34685]},"properties":{"cell_id":254001,"case_count":17,"gi_zscore":0.0903,"gi_pvalue":0.138,"significance":"not_sig"}},{"type":"Feature","geometry":{"type":"Point","coordinates":[76.87059,17.34685]},"properties":{"cell_id":254003,"case_count":1,"gi_zscore":0.062,"gi_pvalue":0.132,"significance":"not_sig"}},{"type":"Feature","geometry":{"type":"Point","coordinates":[76.8,17.35586]},"properties":{"cell_id":254388,"case_count":1,"gi_zscore":-0.1382,"gi_pvalue":0.467,"significance":"not_sig"}},{"type":"Feature","geometry":{"type":"Point","coordinates":[76.81176,17.35586]},"properties":{"cell_id":254389,"case_count":2,"gi_zscore":-0.1358,"gi_pvalue":0.439,"significance":"not_sig"}},{"type":"Feature","geometry":{"type":"Point","coordinates":[76.82353,17.35586]},"properties":{"cell_id":254390,"case_count":4,"gi_zscore":0.0055,"gi_pvalue":0.154,"significance":"not_sig"}},{"type":"Feature","geometry":{"type":"Point","coordinates":[76.83529,17.35586]},"properties":{"cell_id":254391,"case_count":27,"gi_zscore":0.0926,"gi_pvalue":0.139,"significance":"not_sig"}},{"type":"Feature","geometry":{"type":"Point","coordinates":[76.84706,17.35586]},"properties":{"cell_id":254392,"case_count":18,"gi_zscore":0.095,"gi_pvalue":0.134,"significance":"not_sig"}},{"type":"Feature","geometry":{"type":"Point","coordinates":[76.85882,17.35586]},"properties":{"cell_id":254393,"case_count":2,"gi_zscore":0.0832,"gi_pvalue":0.128,"significance":"not_sig"}},{"type":"Feature","geometry":{"type":"Point","coordinates":[76.77647,17.36486]},"properties":{"cell_id":254777,"case_count":1,"gi_zscore":-0.1382,"gi_pvalue":0.469,"significance":"not_sig"}},{"type":"Feature","geometry":{"type":"Point","coordinates":[76.82353,17.36486]},"properties":{"cell_id":254781,"case_count":3,"gi_zscore":0.0031,"gi_pvalue":0.153,"significance":"not_sig"}},{"type":"Feature","geometry":{"type":"Point","coordinates":[76.83529,17.36486]},"properties":{"cell_id":254782,"case_count":12,"gi_zscore":0.0549,"gi_pvalue":0.14,"significance":"not_sig"}},{"type":"Feature","geometry":{"type":"Point","coordinates":[76.84706,17.36486]},"properties":{"cell_id":254783,"case_count":7,"gi_zscore":0.0879,"gi_pvalue":0.129,"significance":"not_sig"}},{"type":"Feature","geometry":{"type":"Point","coordinates":[76.82353,17.37387]},"properties":{"cell_id":255172,"case_count":1,"gi_zscore":-0.0393,"gi_pvalue":0.166,"significance":"not_sig"}},{"type":"Feature","geometry":{"type":"Point","coordinates":[76.85882,17.38288]},"properties":{"cell_id":255566,"case_count":1,"gi_zscore":0.0267,"gi_pvalue":0.14,"significance":"not_sig"}},{"type":"Feature","geometry":{"type":"Point","coordinates":[76.71765,17.4009]},"properties":{"cell_id":256336,"case_count":1,"gi_zscore":-0.1453,"gi_pvalue":0.236,"significance":"not_sig"}},{"type":"Feature","geometry":{"type":"Point","coordinates":[76.92941,17.40991]},"properties":{"cell_id":256745,"case_count":1,"gi_zscore":0.0267,"gi_pvalue":0.14,"significance":"not_sig"}},{"type":"Feature","geometry":{"type":"Point","coordinates":[76.50588,17.42793]},"properties":{"cell_id":257491,"case_count":2,"gi_zscore":-0.15,"gi_pvalue":0.024,"significance":"cold_95"}},{"type":"Feature","geometry":{"type":"Point","coordinates":[76.56471,17.57207]},"properties":{"cell_id":263752,"case_count":1,"gi_zscore":-0.1453,"gi_pvalue":0.284,"significance":"not_sig"}},{"type":"Feature","geometry":{"type":"Point","coordinates":[77.21176,17.6982]},"properties":{"cell_id":269281,"case_count":1,"gi_zscore":-0.1194,"gi_pvalue":0.314,"significance":"not_sig"}},{"type":"Feature","geometry":{"type":"Point","coordinates":[77.36471,17.72523]},"properties":{"cell_id":270467,"case_count":1,"gi_zscore":-0.1005,"gi_pvalue":0.231,"significance":"not_sig"}},{"type":"Feature","geometry":{"type":"Point","coordinates":[77.15294,17.76126]},"properties":{"cell_id":272013,"case_count":1,"gi_zscore":-0.1194,"gi_pvalue":0.314,"significance":"not_sig"}},{"type":"Feature","geometry":{"type":"Point","coordinates":[77.11765,17.77027]},"properties":{"cell_id":272401,"case_count":1,"gi_zscore":-0.1358,"gi_pvalue":0.476,"significance":"not_sig"}},{"type":"Feature","geometry":{"type":"Point","coordinates":[77.12941,17.77027]},"properties":{"cell_id":272402,"case_count":2,"gi_zscore":-0.1358,"gi_pvalue":0.44,"significance":"not_sig"}},{"type":"Feature","geometry":{"type":"Point","coordinates":[77.04706,17.78829]},"properties":{"cell_id":273177,"case_count":1,"gi_zscore":-0.1523,"gi_pvalue":0.087,"significance":"cold_90"}},{"type":"Feature","geometry":{"type":"Point","coordinates":[77.11765,17.78829]},"properties":{"cell_id":273183,"case_count":1,"gi_zscore":-0.1358,"gi_pvalue":0.477,"significance":"not_sig"}},{"type":"Feature","geometry":{"type":"Point","coordinates":[77.03529,17.7973]},"properties":{"cell_id":273567,"case_count":1,"gi_zscore":-0.1523,"gi_pvalue":0.087,"significance":"cold_90"}},{"type":"Feature","geometry":{"type":"Point","coordinates":[77.04706,17.7973]},"properties":{"cell_id":273568,"case_count":1,"gi_zscore":-0.1523,"gi_pvalue":0.087,"significance":"cold_90"}},{"type":"Feature","geometry":{"type":"Point","coordinates":[77.28235,17.7973]},"properties":{"cell_id":273588,"case_count":1,"gi_zscore":-0.0675,"gi_pvalue":0.184,"significance":"not_sig"}},{"type":"Feature","geometry":{"type":"Point","coordinates":[76.91765,17.82432]},"properties":{"cell_id":274730,"case_count":1,"gi_zscore":-0.1523,"gi_pvalue":0.087,"significance":"cold_90"}},{"type":"Feature","geometry":{"type":"Point","coordinates":[77.18824,17.85135]},"properties":{"cell_id":275926,"case_count":2,"gi_zscore":-0.0675,"gi_pvalue":0.186,"significance":"not_sig"}},{"type":"Feature","geometry":{"type":"Point","coordinates":[77.25882,17.85135]},"properties":{"cell_id":275932,"case_count":14,"gi_zscore":-0.0675,"gi_pvalue":0.23,"significance":"not_sig"}},{"type":"Feature","geometry":{"type":"Point","coordinates":[77.27059,17.85135]},"properties":{"cell_id":275933,"case_count":10,"gi_zscore":-0.0675,"gi_pvalue":0.213,"significance":"not_sig"}},{"type":"Feature","geometry":{"type":"Point","coordinates":[77.45882,17.85135]},"properties":{"cell_id":275949,"case_count":1,"gi_zscore":-0.0982,"gi_pvalue":0.227,"significance":"not_sig"}},{"type":"Feature","geometry":{"type":"Point","coordinates":[76.95294,17.86036]},"properties":{"cell_id":276297,"case_count":1,"gi_zscore":-0.1523,"gi_pvalue":0.087,"significance":"cold_90"}},{"type":"Feature","geometry":{"type":"Point","coordinates":[77.18824,17.86036]},"properties":{"cell_id":276317,"case_count":7,"gi_zscore":-0.0675,"gi_pvalue":0.197,"significance":"not_sig"}},{"type":"Feature","geometry":{"type":"Point","coordinates":[77.2,17.86036]},"properties":{"cell_id":276318,"case_count":8,"gi_zscore":-0.0675,"gi_pvalue":0.205,"significance":"not_sig"}},{"type":"Feature","geometry":{"type":"Point","coordinates":[77.28235,17.86036]},"properties":{"cell_id":276325,"case_count":2,"gi_zscore":-0.0675,"gi_pvalue":0.186,"significance":"not_sig"}},{"type":"Feature","geometry":{"type":"Point","coordinates":[77.51765,17.86036]},"properties":{"cell_id":276345,"case_count":1,"gi_zscore":-0.117,"gi_pvalue":0.288,"significance":"not_sig"}},{"type":"Feature","geometry":{"type":"Point","coordinates":[77.28235,17.86937]},"properties":{"cell_id":276716,"case_count":1,"gi_zscore":-0.0675,"gi_pvalue":0.184,"significance":"not_sig"}},{"type":"Feature","geometry":{"type":"Point","coordinates":[76.94118,17.87838]},"properties":{"cell_id":277078,"case_count":1,"gi_zscore":-0.1523,"gi_pvalue":0.087,"significance":"cold_90"}},{"type":"Feature","geometry":{"type":"Point","coordinates":[77.51765,17.87838]},"properties":{"cell_id":277127,"case_count":4,"gi_zscore":-0.117,"gi_pvalue":0.339,"significance":"not_sig"}},{"type":"Feature","geometry":{"type":"Point","coordinates":[77.52941,17.87838]},"properties":{"cell_id":277128,"case_count":1,"gi_zscore":-0.117,"gi_pvalue":0.288,"significance":"not_sig"}},{"type":"Feature","geometry":{"type":"Point","coordinates":[77.50588,17.88739]},"properties":{"cell_id":277517,"case_count":4,"gi_zscore":-0.0982,"gi_pvalue":0.244,"significance":"not_sig"}},{"type":"Feature","geometry":{"type":"Point","coordinates":[77.51765,17.88739]},"properties":{"cell_id":277518,"case_count":4,"gi_zscore":-0.0958,"gi_pvalue":0.24,"significance":"not_sig"}},{"type":"Feature","geometry":{"type":"Point","coordinates":[77.2,17.8964]},"properties":{"cell_id":277882,"case_count":1,"gi_zscore":-0.0675,"gi_pvalue":0.184,"significance":"not_sig"}},{"type":"Feature","geometry":{"type":"Point","coordinates":[77.50588,17.8964]},"properties":{"cell_id":277908,"case_count":4,"gi_zscore":-0.0958,"gi_pvalue":0.24,"significance":"not_sig"}},{"type":"Feature","geometry":{"type":"Point","coordinates":[77.51765,17.8964]},"properties":{"cell_id":277909,"case_count":3,"gi_zscore":-0.0911,"gi_pvalue":0.226,"significance":"not_sig"}},{"type":"Feature","geometry":{"type":"Point","coordinates":[77.50588,17.90541]},"properties":{"cell_id":278299,"case_count":10,"gi_zscore":-0.0982,"gi_pvalue":0.299,"significance":"not_sig"}},{"type":"Feature","geometry":{"type":"Point","coordinates":[77.51765,17.90541]},"properties":{"cell_id":278300,"case_count":2,"gi_zscore":-0.0675,"gi_pvalue":0.185,"significance":"not_sig"}},{"type":"Feature","geometry":{"type":"Point","coordinates":[77.52941,17.90541]},"properties":{"cell_id":278301,"case_count":2,"gi_zscore":-0.0699,"gi_pvalue":0.189,"significance":"not_sig"}},{"type":"Feature","geometry":{"type":"Point","coordinates":[77.49412,17.91441]},"properties":{"cell_id":278689,"case_count":2,"gi_zscore":-0.1099,"gi_pvalue":0.26,"significance":"not_sig"}},{"type":"Feature","geometry":{"type":"Point","coordinates":[77.50588,17.91441]},"properties":{"cell_id":278690,"case_count":1,"gi_zscore":-0.1123,"gi_pvalue":0.26,"significance":"not_sig"}},{"type":"Feature","geometry":{"type":"Point","coordinates":[77.51765,17.91441]},"properties":{"cell_id":278691,"case_count":3,"gi_zscore":-0.077,"gi_pvalue":0.197,"significance":"not_sig"}},{"type":"Feature","geometry":{"type":"Point","coordinates":[77.52941,17.91441]},"properties":{"cell_id":278692,"case_count":17,"gi_zscore":-0.0958,"gi_pvalue":0.485,"significance":"not_sig"}},{"type":"Feature","geometry":{"type":"Point","coordinates":[77.49412,17.92342]},"properties":{"cell_id":279080,"case_count":1,"gi_zscore":-0.1123,"gi_pvalue":0.258,"significance":"not_sig"}},{"type":"Feature","geometry":{"type":"Point","coordinates":[77.51765,17.92342]},"properties":{"cell_id":279082,"case_count":1,"gi_zscore":-0.0817,"gi_pvalue":0.197,"significance":"not_sig"}},{"type":"Feature","geometry":{"type":"Point","coordinates":[77.52941,17.92342]},"properties":{"cell_id":279083,"case_count":3,"gi_zscore":-0.0958,"gi_pvalue":0.231,"significance":"not_sig"}},{"type":"Feature","geometry":{"type":"Point","coordinates":[77.54118,17.93243]},"properties":{"cell_id":279475,"case_count":2,"gi_zscore":-0.0958,"gi_pvalue":0.228,"significance":"not_sig"}},{"type":"Feature","geometry":{"type":"Point","coordinates":[77.34118,17.95946]},"properties":{"cell_id":280631,"case_count":1,"gi_zscore":-0.1005,"gi_pvalue":0.228,"significance":"not_sig"}},{"type":"Feature","geometry":{"type":"Point","coordinates":[77.32941,17.98649]},"properties":{"cell_id":281803,"case_count":1,"gi_zscore":-0.1005,"gi_pvalue":0.228,"significance":"not_sig"}},{"type":"Feature","geometry":{"type":"Point","coordinates":[77.21176,18.04955]},"properties":{"cell_id":284530,"case_count":1,"gi_zscore":-0.1241,"gi_pvalue":0.337,"significance":"not_sig"}},{"type":"Feature","geometry":{"type":"Point","coordinates":[77.16471,18.06757]},"properties":{"cell_id":285308,"case_count":1,"gi_zscore":-0.1241,"gi_pvalue":0.337,"significance":"not_sig"}},{"type":"Feature","geometry":{"type":"Point","coordinates":[77.25882,18.07658]},"properties":{"cell_id":285707,"case_count":1,"gi_zscore":-0.1547,"gi_pvalue":0.024,"significance":"cold_95"}},{"type":"Feature","geometry":{"type":"Point","coordinates":[77.25882,18.08559]},"properties":{"cell_id":286098,"case_count":1,"gi_zscore":-0.1547,"gi_pvalue":0.024,"significance":"cold_95"}},{"type":"Feature","geometry":{"type":"Point","coordinates":[77.56471,18.14865]},"properties":{"cell_id":288861,"case_count":1,"gi_zscore":-0.0982,"gi_pvalue":0.226,"significance":"not_sig"}},{"type":"Feature","geometry":{"type":"Point","coordinates":[77.31765,18.22072]},"properties":{"cell_id":291968,"case_count":1,"gi_zscore":-0.1429,"gi_pvalue":0.378,"significance":"not_sig"}},{"type":"Feature","geometry":{"type":"Point","coordinates":[77.54118,18.22072]},"properties":{"cell_id":291987,"case_count":6,"gi_zscore":-0.1358,"gi_pvalue":0.16,"significance":"not_sig"}},{"type":"Feature","geometry":{"type":"Point","coordinates":[77.47059,18.24775]},"properties":{"cell_id":293154,"case_count":1,"gi_zscore":-0.1429,"gi_pvalue":0.376,"significance":"not_sig"}},{"type":"Feature","geometry":{"type":"Point","coordinates":[77.42353,18.25676]},"properties":{"cell_id":293541,"case_count":1,"gi_zscore":-0.1429,"gi_pvalue":0.376,"significance":"not_sig"}}]}